district,covariate,lag,r
Ampara,era5_temperature_2m_mean,2,0.08620320576626386
Ampara,era5_temperature_2m_mean,3,0.07090384901843019
Ampara,era5_temperature_2m_mean,4,0.05656516077907701
Ampara,era5_temperature_2m_mean,5,0.07287908656198233
Ampara,era5_temperature_2m_mean,6,0.07159880073000673
Ampara,era5_temperature_2m_mean,7,0.026408219229860978
Ampara,era5_temperature_2m_mean,8,0.013349833754153757
Ampara,era5_temperature_2m_mean,9,0.0026281381012718875
Ampara,era5_temperature_2m_mean,10,-0.011076979331975531
Ampara,era5_temperature_2m_mean,11,-0.03076126554043347
Ampara,era5_temperature_2m_mean,12,-0.03296031071055884
Ampara,era5_temperature_2m_mean,13,-0.04622409124366872
Ampara,era5_temperature_2m_mean,14,-0.0474613536945926
Ampara,era5_temperature_2m_mean,15,-0.07849486151890159
Ampara,era5_temperature_2m_mean,16,-0.09270309494956801
Ampara,era5_temperature_2m_mean,17,-0.07453691131283796
Ampara,era5_temperature_2m_mean,18,-0.09338165633954225
Ampara,era5_temperature_2m_mean,19,-0.12103159205799552
Ampara,era5_temperature_2m_mean,20,-0.11465424797974783
Anuradhapura,era5_temperature_2m_mean,2,-0.0754223860122138
Anuradhapura,era5_temperature_2m_mean,3,-0.10195194383951217
Anuradhapura,era5_temperature_2m_mean,4,-0.080980564324303
Anuradhapura,era5_temperature_2m_mean,5,-0.07657605778998888
Anuradhapura,era5_temperature_2m_mean,6,-0.11115004123435193
Anuradhapura,era5_temperature_2m_mean,7,-0.10076526196408753
Anuradhapura,era5_temperature_2m_mean,8,-0.07168843974657356
Anuradhapura,era5_temperature_2m_mean,9,-0.04522424998472586
Anuradhapura,era5_temperature_2m_mean,10,-0.018325832185046867
Anuradhapura,era5_temperature_2m_mean,11,0.005648413250119284
Anuradhapura,era5_temperature_2m_mean,12,0.015020637308854582
Anuradhapura,era5_temperature_2m_mean,13,0.04924351485352098
Anuradhapura,era5_temperature_2m_mean,14,0.09442617190811928
Anuradhapura,era5_temperature_2m_mean,15,0.08294296211641473
Anuradhapura,era5_temperature_2m_mean,16,0.06661115440836468
Anuradhapura,era5_temperature_2m_mean,17,0.07308324227505811
Anuradhapura,era5_temperature_2m_mean,18,0.055163782264904926
Anuradhapura,era5_temperature_2m_mean,19,0.04507973287256822
Anuradhapura,era5_temperature_2m_mean,20,0.041079568276764664
Badulla,era5_temperature_2m_mean,2,0.17649262734333165
Badulla,era5_temperature_2m_mean,3,0.18241415912988476
Badulla,era5_temperature_2m_mean,4,0.21867643220001134
Badulla,era5_temperature_2m_mean,5,0.24372245618883817
Badulla,era5_temperature_2m_mean,6,0.26589593198907097
Badulla,era5_temperature_2m_mean,7,0.2927510954586695
Badulla,era5_temperature_2m_mean,8,0.29650716566517993
Badulla,era5_temperature_2m_mean,9,0.2911077724005171
Badulla,era5_temperature_2m_mean,10,0.3186319970409319
Badulla,era5_temperature_2m_mean,11,0.3446244304366018
Badulla,era5_temperature_2m_mean,12,0.35308637074817695
Badulla,era5_temperature_2m_mean,13,0.3596994972219862
Badulla,era5_temperature_2m_mean,14,0.3667589307543605
Badulla,era5_temperature_2m_mean,15,0.3487449241003412
Badulla,era5_temperature_2m_mean,16,0.34022898684740926
Badulla,era5_temperature_2m_mean,17,0.30100788654885213
Badulla,era5_temperature_2m_mean,18,0.28911520505377375
Badulla,era5_temperature_2m_mean,19,0.2789638302723026
Badulla,era5_temperature_2m_mean,20,0.2483866644628596
Batticaloa,era5_temperature_2m_mean,2,-0.30099777717155335
Batticaloa,era5_temperature_2m_mean,3,-0.35573627296994487
Batticaloa,era5_temperature_2m_mean,4,-0.407480736435033
Batticaloa,era5_temperature_2m_mean,5,-0.43987560211361443
Batticaloa,era5_temperature_2m_mean,6,-0.4641139619073354
Batticaloa,era5_temperature_2m_mean,7,-0.47911007864451577
Batticaloa,era5_temperature_2m_mean,8,-0.4884953151223758
Batticaloa,era5_temperature_2m_mean,9,-0.4932452454612787
Batticaloa,era5_temperature_2m_mean,10,-0.5058103462060994
Batticaloa,era5_temperature_2m_mean,11,-0.5021407383121539
Batticaloa,era5_temperature_2m_mean,12,-0.5077715707092493
Batticaloa,era5_temperature_2m_mean,13,-0.4894568787101532
Batticaloa,era5_temperature_2m_mean,14,-0.4597984904170298
Batticaloa,era5_temperature_2m_mean,15,-0.4214073267094539
Batticaloa,era5_temperature_2m_mean,16,-0.3929103488931166
Batticaloa,era5_temperature_2m_mean,17,-0.353329250385652
Batticaloa,era5_temperature_2m_mean,18,-0.29833139353427607
Batticaloa,era5_temperature_2m_mean,19,-0.2473108415766317
Batticaloa,era5_temperature_2m_mean,20,-0.19409453975737329
Colombo,era5_temperature_2m_mean,2,-0.18269695397076743
Colombo,era5_temperature_2m_mean,3,-0.2150947821655933
Colombo,era5_temperature_2m_mean,4,-0.2124769221105725
Colombo,era5_temperature_2m_mean,5,-0.20957572033460659
Colombo,era5_temperature_2m_mean,6,-0.21269145048582255
Colombo,era5_temperature_2m_mean,7,-0.20198066293942035
Colombo,era5_temperature_2m_mean,8,-0.15060983920634152
Colombo,era5_temperature_2m_mean,9,-0.1268760253332372
Colombo,era5_temperature_2m_mean,10,-0.10034669493208055
Colombo,era5_temperature_2m_mean,11,-0.04462257861231075
Colombo,era5_temperature_2m_mean,12,-0.028922132367411105
Colombo,era5_temperature_2m_mean,13,0.03373898738090753
Colombo,era5_temperature_2m_mean,14,0.06366477863453014
Colombo,era5_temperature_2m_mean,15,0.08959464422269307
Colombo,era5_temperature_2m_mean,16,0.08489221257294198
Colombo,era5_temperature_2m_mean,17,0.09567722423564223
Colombo,era5_temperature_2m_mean,18,0.07095314612448905
Colombo,era5_temperature_2m_mean,19,0.07802964312991971
Colombo,era5_temperature_2m_mean,20,0.056911030106574924
Galle,era5_temperature_2m_mean,2,-0.08888388742926231
Galle,era5_temperature_2m_mean,3,-0.0809007344360531
Galle,era5_temperature_2m_mean,4,-0.046505159672782
Galle,era5_temperature_2m_mean,5,-0.029111556964821716
Galle,era5_temperature_2m_mean,6,0.010479391804551982
Galle,era5_temperature_2m_mean,7,0.03873920240862125
Galle,era5_temperature_2m_mean,8,0.04083369305375765
Galle,era5_temperature_2m_mean,9,0.06034339712900022
Galle,era5_temperature_2m_mean,10,0.06643369445093356
Galle,era5_temperature_2m_mean,11,0.11204877929551033
Galle,era5_temperature_2m_mean,12,0.11866532792627618
Galle,era5_temperature_2m_mean,13,0.15681539284250579
Galle,era5_temperature_2m_mean,14,0.17749168683332323
Galle,era5_temperature_2m_mean,15,0.19771121855703047
Galle,era5_temperature_2m_mean,16,0.20809951566266593
Galle,era5_temperature_2m_mean,17,0.19918195541540104
Galle,era5_temperature_2m_mean,18,0.1907696797021819
Galle,era5_temperature_2m_mean,19,0.13857545569792606
Galle,era5_temperature_2m_mean,20,0.14028421388750817
Gampaha,era5_temperature_2m_mean,2,-0.1320926040024761
Gampaha,era5_temperature_2m_mean,3,-0.16821689868730239
Gampaha,era5_temperature_2m_mean,4,-0.1885490750413262
Gampaha,era5_temperature_2m_mean,5,-0.20477786705316983
Gampaha,era5_temperature_2m_mean,6,-0.2381331364925155
Gampaha,era5_temperature_2m_mean,7,-0.25752700938432377
Gampaha,era5_temperature_2m_mean,8,-0.23861194587587647
Gampaha,era5_temperature_2m_mean,9,-0.24400455808920463
Gampaha,era5_temperature_2m_mean,10,-0.19820680814037275
Gampaha,era5_temperature_2m_mean,11,-0.18354782601987737
Gampaha,era5_temperature_2m_mean,12,-0.14604581896862534
Gampaha,era5_temperature_2m_mean,13,-0.09135493755670342
Gampaha,era5_temperature_2m_mean,14,-0.062231924281344705
Gampaha,era5_temperature_2m_mean,15,-0.04062457777845401
Gampaha,era5_temperature_2m_mean,16,-0.02459990301377788
Gampaha,era5_temperature_2m_mean,17,0.022574434170028905
Gampaha,era5_temperature_2m_mean,18,0.002479457495306802
Gampaha,era5_temperature_2m_mean,19,0.02019243899530725
Gampaha,era5_temperature_2m_mean,20,0.03428301945026431
Hambantota,era5_temperature_2m_mean,2,-0.007821286661086594
Hambantota,era5_temperature_2m_mean,3,-0.008140639206900745
Hambantota,era5_temperature_2m_mean,4,0.009351185685366517
Hambantota,era5_temperature_2m_mean,5,0.005907367284780726
Hambantota,era5_temperature_2m_mean,6,0.02032013084449189
Hambantota,era5_temperature_2m_mean,7,0.0341716199614501
Hambantota,era5_temperature_2m_mean,8,0.038524151909731914
Hambantota,era5_temperature_2m_mean,9,0.05605435788878186
Hambantota,era5_temperature_2m_mean,10,0.11437613071944255
Hambantota,era5_temperature_2m_mean,11,0.13640835965284176
Hambantota,era5_temperature_2m_mean,12,0.1642480930098414
Hambantota,era5_temperature_2m_mean,13,0.1894627894114634
Hambantota,era5_temperature_2m_mean,14,0.22776505735383387
Hambantota,era5_temperature_2m_mean,15,0.2610720945848492
Hambantota,era5_temperature_2m_mean,16,0.2364044920626732
Hambantota,era5_temperature_2m_mean,17,0.25147561535280927
Hambantota,era5_temperature_2m_mean,18,0.27427553128270626
Hambantota,era5_temperature_2m_mean,19,0.25640088006210043
Hambantota,era5_temperature_2m_mean,20,0.2552680101461615
Jaffna,era5_temperature_2m_mean,2,-0.3489417819519702
Jaffna,era5_temperature_2m_mean,3,-0.33302859635784615
Jaffna,era5_temperature_2m_mean,4,-0.32419554321005295
Jaffna,era5_temperature_2m_mean,5,-0.2784806030350598
Jaffna,era5_temperature_2m_mean,6,-0.23391019713138797
Jaffna,era5_temperature_2m_mean,7,-0.1835001903777248
Jaffna,era5_temperature_2m_mean,8,-0.13578332136135562
Jaffna,era5_temperature_2m_mean,9,-0.07147429216188701
Jaffna,era5_temperature_2m_mean,10,-0.030706952584174673
Jaffna,era5_temperature_2m_mean,11,0.023355032325427537
Jaffna,era5_temperature_2m_mean,12,0.06634296682469397
Jaffna,era5_temperature_2m_mean,13,0.10969756039191725
Jaffna,era5_temperature_2m_mean,14,0.14226066923738181
Jaffna,era5_temperature_2m_mean,15,0.1615253625860002
Jaffna,era5_temperature_2m_mean,16,0.18025718934409968
Jaffna,era5_temperature_2m_mean,17,0.20698044743422467
Jaffna,era5_temperature_2m_mean,18,0.22369636943186777
Jaffna,era5_temperature_2m_mean,19,0.22674466766502538
Jaffna,era5_temperature_2m_mean,20,0.23200952082563425
Kalutara,era5_temperature_2m_mean,2,-0.20030627551327507
Kalutara,era5_temperature_2m_mean,3,-0.19358256803041549
Kalutara,era5_temperature_2m_mean,4,-0.1617776844400641
Kalutara,era5_temperature_2m_mean,5,-0.17730289159806595
Kalutara,era5_temperature_2m_mean,6,-0.20072033059930097
Kalutara,era5_temperature_2m_mean,7,-0.22024141443478143
Kalutara,era5_temperature_2m_mean,8,-0.250360072369118
Kalutara,era5_temperature_2m_mean,9,-0.23933903606025206
Kalutara,era5_temperature_2m_mean,10,-0.19778280738894644
Kalutara,era5_temperature_2m_mean,11,-0.18512612004736992
Kalutara,era5_temperature_2m_mean,12,-0.15328707847163936
Kalutara,era5_temperature_2m_mean,13,-0.14931124759422254
Kalutara,era5_temperature_2m_mean,14,-0.10270273357778938
Kalutara,era5_temperature_2m_mean,15,-0.08705450886436228
Kalutara,era5_temperature_2m_mean,16,-0.03723807866049268
Kalutara,era5_temperature_2m_mean,17,-0.02869491455436592
Kalutara,era5_temperature_2m_mean,18,-0.033174436057304864
Kalutara,era5_temperature_2m_mean,19,-0.05875906972925254
Kalutara,era5_temperature_2m_mean,20,-0.06669935950999822
Kandy,era5_temperature_2m_mean,2,0.12390476458426644
Kandy,era5_temperature_2m_mean,3,0.18336597418487788
Kandy,era5_temperature_2m_mean,4,0.21743552161009275
Kandy,era5_temperature_2m_mean,5,0.2458622188191056
Kandy,era5_temperature_2m_mean,6,0.2825908396824528
Kandy,era5_temperature_2m_mean,7,0.3347420189973018
Kandy,era5_temperature_2m_mean,8,0.34736327594584976
Kandy,era5_temperature_2m_mean,9,0.38370315334693317
Kandy,era5_temperature_2m_mean,10,0.3877065314551285
Kandy,era5_temperature_2m_mean,11,0.3837513685703355
Kandy,era5_temperature_2m_mean,12,0.3741567719496934
Kandy,era5_temperature_2m_mean,13,0.377586696542182
Kandy,era5_temperature_2m_mean,14,0.3495064911264306
Kandy,era5_temperature_2m_mean,15,0.33376018538034213
Kandy,era5_temperature_2m_mean,16,0.28969967920993445
Kandy,era5_temperature_2m_mean,17,0.24503837488708222
Kandy,era5_temperature_2m_mean,18,0.21559731462086784
Kandy,era5_temperature_2m_mean,19,0.16786232341853452
Kandy,era5_temperature_2m_mean,20,0.13052936661745523
Kegalle,era5_temperature_2m_mean,2,-0.05427066040624029
Kegalle,era5_temperature_2m_mean,3,-0.020360160563045484
Kegalle,era5_temperature_2m_mean,4,0.032578211775742195
Kegalle,era5_temperature_2m_mean,5,0.022265607081831323
Kegalle,era5_temperature_2m_mean,6,0.03581351764739032
Kegalle,era5_temperature_2m_mean,7,0.0764154320618537
Kegalle,era5_temperature_2m_mean,8,0.08599252741959083
Kegalle,era5_temperature_2m_mean,9,0.1159904052570952
Kegalle,era5_temperature_2m_mean,10,0.13542574407692629
Kegalle,era5_temperature_2m_mean,11,0.1382677036597895
Kegalle,era5_temperature_2m_mean,12,0.16054521808872432
Kegalle,era5_temperature_2m_mean,13,0.18119514127185582
Kegalle,era5_temperature_2m_mean,14,0.14876460860474114
Kegalle,era5_temperature_2m_mean,15,0.17593762220170456
Kegalle,era5_temperature_2m_mean,16,0.15857661120516753
Kegalle,era5_temperature_2m_mean,17,0.1443846089114039
Kegalle,era5_temperature_2m_mean,18,0.12480468582338544
Kegalle,era5_temperature_2m_mean,19,0.096329668746526
Kegalle,era5_temperature_2m_mean,20,0.057830365625042575
Kilinochchi,era5_temperature_2m_mean,2,-0.06262855021404048
Kilinochchi,era5_temperature_2m_mean,3,-0.07434367269349598
Kilinochchi,era5_temperature_2m_mean,4,-0.0799096547827257
Kilinochchi,era5_temperature_2m_mean,5,-0.06643854666519826
Kilinochchi,era5_temperature_2m_mean,6,-0.06985855186551929
Kilinochchi,era5_temperature_2m_mean,7,-0.04716619037798543
Kilinochchi,era5_temperature_2m_mean,8,-0.09062029595687111
Kilinochchi,era5_temperature_2m_mean,9,-0.0647461786894813
Kilinochchi,era5_temperature_2m_mean,10,-0.041987750254832874
Kilinochchi,era5_temperature_2m_mean,11,-0.015160062813039055
Kilinochchi,era5_temperature_2m_mean,12,-0.03300014122265324
Kilinochchi,era5_temperature_2m_mean,13,-0.01707359100405519
Kilinochchi,era5_temperature_2m_mean,14,-0.003129980192600392
Kilinochchi,era5_temperature_2m_mean,15,0.00870113240769964
Kilinochchi,era5_temperature_2m_mean,16,-0.018769003397117203
Kilinochchi,era5_temperature_2m_mean,17,-0.019255634503127703
Kilinochchi,era5_temperature_2m_mean,18,-0.034188075554889334
Kilinochchi,era5_temperature_2m_mean,19,-0.0564141594261059
Kilinochchi,era5_temperature_2m_mean,20,-0.06400547674569976
Kurunegala,era5_temperature_2m_mean,2,-0.06558000367054355
Kurunegala,era5_temperature_2m_mean,3,-0.057468246096530284
Kurunegala,era5_temperature_2m_mean,4,-0.032062933954076715
Kurunegala,era5_temperature_2m_mean,5,-0.025378501439629948
Kurunegala,era5_temperature_2m_mean,6,0.012580834245387525
Kurunegala,era5_temperature_2m_mean,7,0.03650103736535139
Kurunegala,era5_temperature_2m_mean,8,0.09099772803034391
Kurunegala,era5_temperature_2m_mean,9,0.1380929208648923
Kurunegala,era5_temperature_2m_mean,10,0.17352417155646893
Kurunegala,era5_temperature_2m_mean,11,0.2149719510140784
Kurunegala,era5_temperature_2m_mean,12,0.2633695882296922
Kurunegala,era5_temperature_2m_mean,13,0.2923380670024458
Kurunegala,era5_temperature_2m_mean,14,0.32351933759753254
Kurunegala,era5_temperature_2m_mean,15,0.33522010366423677
Kurunegala,era5_temperature_2m_mean,16,0.3137509451335394
Kurunegala,era5_temperature_2m_mean,17,0.2970760386316248
Kurunegala,era5_temperature_2m_mean,18,0.28813993053547415
Kurunegala,era5_temperature_2m_mean,19,0.23735473373998403
Kurunegala,era5_temperature_2m_mean,20,0.1886443232049339
Mannar,era5_temperature_2m_mean,2,-0.1716419899068004
Mannar,era5_temperature_2m_mean,3,-0.17556802153281847
Mannar,era5_temperature_2m_mean,4,-0.14249326977315302
Mannar,era5_temperature_2m_mean,5,-0.1422098138335134
Mannar,era5_temperature_2m_mean,6,-0.14949459858357936
Mannar,era5_temperature_2m_mean,7,-0.12928904205939837
Mannar,era5_temperature_2m_mean,8,-0.11993275973603311
Mannar,era5_temperature_2m_mean,9,-0.0761679112011625
Mannar,era5_temperature_2m_mean,10,-0.03650270129428469
Mannar,era5_temperature_2m_mean,11,-0.012368432786235275
Mannar,era5_temperature_2m_mean,12,-0.006300347870460847
Mannar,era5_temperature_2m_mean,13,0.01704364862086067
Mannar,era5_temperature_2m_mean,14,0.06513519046968191
Mannar,era5_temperature_2m_mean,15,0.07362330697126662
Mannar,era5_temperature_2m_mean,16,0.072710731526941
Mannar,era5_temperature_2m_mean,17,0.07569271635803868
Mannar,era5_temperature_2m_mean,18,0.08638167405755402
Mannar,era5_temperature_2m_mean,19,0.09636036463134043
Mannar,era5_temperature_2m_mean,20,0.08624912059992676
Matale,era5_temperature_2m_mean,2,-0.03157664834247886
Matale,era5_temperature_2m_mean,3,0.002374728506571015
Matale,era5_temperature_2m_mean,4,0.011656490861663236
Matale,era5_temperature_2m_mean,5,0.015206412510779891
Matale,era5_temperature_2m_mean,6,0.041388962143767485
Matale,era5_temperature_2m_mean,7,0.07430227202043982
Matale,era5_temperature_2m_mean,8,0.08150229382324124
Matale,era5_temperature_2m_mean,9,0.11390290752791073
Matale,era5_temperature_2m_mean,10,0.11674881967105766
Matale,era5_temperature_2m_mean,11,0.14949676907957443
Matale,era5_temperature_2m_mean,12,0.13929816546957086
Matale,era5_temperature_2m_mean,13,0.16539035126474624
Matale,era5_temperature_2m_mean,14,0.17642809292652104
Matale,era5_temperature_2m_mean,15,0.16673781601668974
Matale,era5_temperature_2m_mean,16,0.12903179448260166
Matale,era5_temperature_2m_mean,17,0.13329625714961288
Matale,era5_temperature_2m_mean,18,0.10511760760586258
Matale,era5_temperature_2m_mean,19,0.08230435174239856
Matale,era5_temperature_2m_mean,20,0.0655985430098878
Matara,era5_temperature_2m_mean,2,-0.14898112243017456
Matara,era5_temperature_2m_mean,3,-0.14707554459552116
Matara,era5_temperature_2m_mean,4,-0.1169228399813087
Matara,era5_temperature_2m_mean,5,-0.0864129291141015
Matara,era5_temperature_2m_mean,6,-0.08969794139448431
Matara,era5_temperature_2m_mean,7,-0.06040593507708897
Matara,era5_temperature_2m_mean,8,-0.045027575420210256
Matara,era5_temperature_2m_mean,9,-0.04148784917019176
Matara,era5_temperature_2m_mean,10,-0.005607287300322123
Matara,era5_temperature_2m_mean,11,0.07630680503206608
Matara,era5_temperature_2m_mean,12,0.07752340732733753
Matara,era5_temperature_2m_mean,13,0.121129585844383
Matara,era5_temperature_2m_mean,14,0.16263714084254036
Matara,era5_temperature_2m_mean,15,0.1961631458178572
Matara,era5_temperature_2m_mean,16,0.20713834781802395
Matara,era5_temperature_2m_mean,17,0.22306558414898994
Matara,era5_temperature_2m_mean,18,0.22567151311389885
Matara,era5_temperature_2m_mean,19,0.220351159776345
Matara,era5_temperature_2m_mean,20,0.21425741088321615
Moneragala,era5_temperature_2m_mean,2,0.02804180679430167
Moneragala,era5_temperature_2m_mean,3,0.03424377704895922
Moneragala,era5_temperature_2m_mean,4,0.045473527575156596
Moneragala,era5_temperature_2m_mean,5,0.027228044540633795
Moneragala,era5_temperature_2m_mean,6,0.022504913463866353
Moneragala,era5_temperature_2m_mean,7,0.038022833796225265
Moneragala,era5_temperature_2m_mean,8,0.04954755518973855
Moneragala,era5_temperature_2m_mean,9,0.04641659167723555
Moneragala,era5_temperature_2m_mean,10,0.06702921223184624
Moneragala,era5_temperature_2m_mean,11,0.08202774300210613
Moneragala,era5_temperature_2m_mean,12,0.07617389774943065
Moneragala,era5_temperature_2m_mean,13,0.09029677519345124
Moneragala,era5_temperature_2m_mean,14,0.09938931669433623
Moneragala,era5_temperature_2m_mean,15,0.12503132747246717
Moneragala,era5_temperature_2m_mean,16,0.13674964869656794
Moneragala,era5_temperature_2m_mean,17,0.1349591211887849
Moneragala,era5_temperature_2m_mean,18,0.13806256749212695
Moneragala,era5_temperature_2m_mean,19,0.12579205881741934
Moneragala,era5_temperature_2m_mean,20,0.14252579912729474
Mullaitivu,era5_temperature_2m_mean,2,-0.04947361577716058
Mullaitivu,era5_temperature_2m_mean,3,-0.04213313446834854
Mullaitivu,era5_temperature_2m_mean,4,-0.05234884963108169
Mullaitivu,era5_temperature_2m_mean,5,-0.056527749355537595
Mullaitivu,era5_temperature_2m_mean,6,-0.042896138056758064
Mullaitivu,era5_temperature_2m_mean,7,-0.0013515138975399162
Mullaitivu,era5_temperature_2m_mean,8,-0.009569997285959158
Mullaitivu,era5_temperature_2m_mean,9,0.008521636599795096
Mullaitivu,era5_temperature_2m_mean,10,0.01216019066276825
Mullaitivu,era5_temperature_2m_mean,11,0.01634052301568534
Mullaitivu,era5_temperature_2m_mean,12,0.03384603824612906
Mullaitivu,era5_temperature_2m_mean,13,0.07542290804351737
Mullaitivu,era5_temperature_2m_mean,14,0.052481592304944744
Mullaitivu,era5_temperature_2m_mean,15,0.053685093665471674
Mullaitivu,era5_temperature_2m_mean,16,0.06613013904086555
Mullaitivu,era5_temperature_2m_mean,17,0.06742749971866814
Mullaitivu,era5_temperature_2m_mean,18,0.0247555269033916
Mullaitivu,era5_temperature_2m_mean,19,-0.026535407741497402
Mullaitivu,era5_temperature_2m_mean,20,-0.014244837068953782
NuwaraEliya,era5_temperature_2m_mean,2,0.06824067490287045
NuwaraEliya,era5_temperature_2m_mean,3,0.1322828849976103
NuwaraEliya,era5_temperature_2m_mean,4,0.14609041501710499
NuwaraEliya,era5_temperature_2m_mean,5,0.2028988092518577
NuwaraEliya,era5_temperature_2m_mean,6,0.17812593632030868
NuwaraEliya,era5_temperature_2m_mean,7,0.21766235725294833
NuwaraEliya,era5_temperature_2m_mean,8,0.24878107468307822
NuwaraEliya,era5_temperature_2m_mean,9,0.24489038137360686
NuwaraEliya,era5_temperature_2m_mean,10,0.26896957211393063
NuwaraEliya,era5_temperature_2m_mean,11,0.26528226105238806
NuwaraEliya,era5_temperature_2m_mean,12,0.2837897882826388
NuwaraEliya,era5_temperature_2m_mean,13,0.2775964461021792
NuwaraEliya,era5_temperature_2m_mean,14,0.2648113368998825
NuwaraEliya,era5_temperature_2m_mean,15,0.26720051235379993
NuwaraEliya,era5_temperature_2m_mean,16,0.21346680779618846
NuwaraEliya,era5_temperature_2m_mean,17,0.19541107647150088
NuwaraEliya,era5_temperature_2m_mean,18,0.1374200327482042
NuwaraEliya,era5_temperature_2m_mean,19,0.07206424872068215
NuwaraEliya,era5_temperature_2m_mean,20,0.06868179394856269
Polonnaruwa,era5_temperature_2m_mean,2,0.023259411080408073
Polonnaruwa,era5_temperature_2m_mean,3,0.04600851642027986
Polonnaruwa,era5_temperature_2m_mean,4,0.05179614526733882
Polonnaruwa,era5_temperature_2m_mean,5,0.06562366374672177
Polonnaruwa,era5_temperature_2m_mean,6,0.06209593455969101
Polonnaruwa,era5_temperature_2m_mean,7,0.08591111927046896
Polonnaruwa,era5_temperature_2m_mean,8,0.08057647454633841
Polonnaruwa,era5_temperature_2m_mean,9,0.09743324795253994
Polonnaruwa,era5_temperature_2m_mean,10,0.12670449679548856
Polonnaruwa,era5_temperature_2m_mean,11,0.15677254091959866
Polonnaruwa,era5_temperature_2m_mean,12,0.15444979701067846
Polonnaruwa,era5_temperature_2m_mean,13,0.1800187683131479
Polonnaruwa,era5_temperature_2m_mean,14,0.19091490649441287
Polonnaruwa,era5_temperature_2m_mean,15,0.16636979410417863
Polonnaruwa,era5_temperature_2m_mean,16,0.1522129628945424
Polonnaruwa,era5_temperature_2m_mean,17,0.13836322969308337
Polonnaruwa,era5_temperature_2m_mean,18,0.13347896442489723
Polonnaruwa,era5_temperature_2m_mean,19,0.12275660475020292
Polonnaruwa,era5_temperature_2m_mean,20,0.12203652239228131
Puttalam,era5_temperature_2m_mean,2,-0.12139409874483538
Puttalam,era5_temperature_2m_mean,3,-0.1056001072082606
Puttalam,era5_temperature_2m_mean,4,-0.1016772033205895
Puttalam,era5_temperature_2m_mean,5,-0.0674157775750696
Puttalam,era5_temperature_2m_mean,6,-0.06547716770835205
Puttalam,era5_temperature_2m_mean,7,-0.03780656236707663
Puttalam,era5_temperature_2m_mean,8,-0.03424247832674669
Puttalam,era5_temperature_2m_mean,9,0.005115103589387281
Puttalam,era5_temperature_2m_mean,10,0.02767780369415956
Puttalam,era5_temperature_2m_mean,11,0.05345513708858447
Puttalam,era5_temperature_2m_mean,12,0.08767995479917226
Puttalam,era5_temperature_2m_mean,13,0.112701955095205
Puttalam,era5_temperature_2m_mean,14,0.1396906330693632
Puttalam,era5_temperature_2m_mean,15,0.15366859827786555
Puttalam,era5_temperature_2m_mean,16,0.13030334867967566
Puttalam,era5_temperature_2m_mean,17,0.12729970104413416
Puttalam,era5_temperature_2m_mean,18,0.1079027840129807
Puttalam,era5_temperature_2m_mean,19,0.06903382448341641
Puttalam,era5_temperature_2m_mean,20,0.05198622927627784
Ratnapura,era5_temperature_2m_mean,2,0.06551894232966234
Ratnapura,era5_temperature_2m_mean,3,0.06283882220183752
Ratnapura,era5_temperature_2m_mean,4,0.11606963704015098
Ratnapura,era5_temperature_2m_mean,5,0.13033720336042476
Ratnapura,era5_temperature_2m_mean,6,0.13972947499120636
Ratnapura,era5_temperature_2m_mean,7,0.1992593359342137
Ratnapura,era5_temperature_2m_mean,8,0.2223682755780997
Ratnapura,era5_temperature_2m_mean,9,0.2744660726070095
Ratnapura,era5_temperature_2m_mean,10,0.27574496799756404
Ratnapura,era5_temperature_2m_mean,11,0.28819458176752666
Ratnapura,era5_temperature_2m_mean,12,0.3008506277128724
Ratnapura,era5_temperature_2m_mean,13,0.2981702563514611
Ratnapura,era5_temperature_2m_mean,14,0.2797324422295722
Ratnapura,era5_temperature_2m_mean,15,0.2714912174949984
Ratnapura,era5_temperature_2m_mean,16,0.2145451372719392
Ratnapura,era5_temperature_2m_mean,17,0.19551992069964771
Ratnapura,era5_temperature_2m_mean,18,0.14699051326902388
Ratnapura,era5_temperature_2m_mean,19,0.10427954846658496
Ratnapura,era5_temperature_2m_mean,20,0.07956781704694393
Trincomalee,era5_temperature_2m_mean,2,-0.29350490407460317
Trincomalee,era5_temperature_2m_mean,3,-0.3299195698903738
Trincomalee,era5_temperature_2m_mean,4,-0.39079801728874214
Trincomalee,era5_temperature_2m_mean,5,-0.4358419412971859
Trincomalee,era5_temperature_2m_mean,6,-0.4540238790712051
Trincomalee,era5_temperature_2m_mean,7,-0.46514902706380656
Trincomalee,era5_temperature_2m_mean,8,-0.4814247935900666
Trincomalee,era5_temperature_2m_mean,9,-0.4843602925233712
Trincomalee,era5_temperature_2m_mean,10,-0.48880378466607055
Trincomalee,era5_temperature_2m_mean,11,-0.46628961724042695
Trincomalee,era5_temperature_2m_mean,12,-0.44625311193874495
Trincomalee,era5_temperature_2m_mean,13,-0.41949946258178966
Trincomalee,era5_temperature_2m_mean,14,-0.39288421872888724
Trincomalee,era5_temperature_2m_mean,15,-0.3516493909656822
Trincomalee,era5_temperature_2m_mean,16,-0.3316309889375362
Trincomalee,era5_temperature_2m_mean,17,-0.31038836952114524
Trincomalee,era5_temperature_2m_mean,18,-0.25468003688965196
Trincomalee,era5_temperature_2m_mean,19,-0.21793646143502246
Trincomalee,era5_temperature_2m_mean,20,-0.19169836938202256
Vavuniya,era5_temperature_2m_mean,2,-0.14467275367766255
Vavuniya,era5_temperature_2m_mean,3,-0.144762232323786
Vavuniya,era5_temperature_2m_mean,4,-0.1629705487708678
Vavuniya,era5_temperature_2m_mean,5,-0.199944593071579
Vavuniya,era5_temperature_2m_mean,6,-0.17688565339216325
Vavuniya,era5_temperature_2m_mean,7,-0.1481004739271567
Vavuniya,era5_temperature_2m_mean,8,-0.12644360922514192
Vavuniya,era5_temperature_2m_mean,9,-0.10259555280082701
Vavuniya,era5_temperature_2m_mean,10,-0.07238843095078497
Vavuniya,era5_temperature_2m_mean,11,-0.040482886451657873
Vavuniya,era5_temperature_2m_mean,12,-0.03599306769739565
Vavuniya,era5_temperature_2m_mean,13,-0.024230681349745188
Vavuniya,era5_temperature_2m_mean,14,-0.01182420994055183
Vavuniya,era5_temperature_2m_mean,15,0.016848170592242365
Vavuniya,era5_temperature_2m_mean,16,0.0047033114499297575
Vavuniya,era5_temperature_2m_mean,17,0.016288464853987907
Vavuniya,era5_temperature_2m_mean,18,0.021580750892855962
Vavuniya,era5_temperature_2m_mean,19,0.02025584298903515
Vavuniya,era5_temperature_2m_mean,20,0.01712529021005216
Ampara,era5_temperature_2m_min,2,0.0789966680783748
Ampara,era5_temperature_2m_min,3,0.05880890279657889
Ampara,era5_temperature_2m_min,4,0.03591284694827203
Ampara,era5_temperature_2m_min,5,0.06091840110662864
Ampara,era5_temperature_2m_min,6,0.050030854977742956
Ampara,era5_temperature_2m_min,7,0.015292287683832326
Ampara,era5_temperature_2m_min,8,-0.0022052802202845853
Ampara,era5_temperature_2m_min,9,-0.018275371030086123
Ampara,era5_temperature_2m_min,10,-0.058712709489828145
Ampara,era5_temperature_2m_min,11,-0.08122969608346538
Ampara,era5_temperature_2m_min,12,-0.07268643760463354
Ampara,era5_temperature_2m_min,13,-0.10615269845102746
Ampara,era5_temperature_2m_min,14,-0.08966242288066231
Ampara,era5_temperature_2m_min,15,-0.1447580731454124
Ampara,era5_temperature_2m_min,16,-0.1661058052379539
Ampara,era5_temperature_2m_min,17,-0.17911513410388144
Ampara,era5_temperature_2m_min,18,-0.17296653310448215
Ampara,era5_temperature_2m_min,19,-0.18843351016714313
Ampara,era5_temperature_2m_min,20,-0.1919593218513819
Anuradhapura,era5_temperature_2m_min,2,-0.05330117130341524
Anuradhapura,era5_temperature_2m_min,3,-0.05400712064009763
Anuradhapura,era5_temperature_2m_min,4,-0.04982429783533729
Anuradhapura,era5_temperature_2m_min,5,-0.0325380787763578
Anuradhapura,era5_temperature_2m_min,6,-0.05651237129176037
Anuradhapura,era5_temperature_2m_min,7,-0.030949182119081035
Anuradhapura,era5_temperature_2m_min,8,-0.008469264391660515
Anuradhapura,era5_temperature_2m_min,9,-0.010758536234977516
Anuradhapura,era5_temperature_2m_min,10,-0.023233226891200342
Anuradhapura,era5_temperature_2m_min,11,0.0016518184084244546
Anuradhapura,era5_temperature_2m_min,12,0.000603742146891277
Anuradhapura,era5_temperature_2m_min,13,-0.006527222162071834
Anuradhapura,era5_temperature_2m_min,14,0.006458231740411823
Anuradhapura,era5_temperature_2m_min,15,-0.012126148212887898
Anuradhapura,era5_temperature_2m_min,16,-0.05321804736264879
Anuradhapura,era5_temperature_2m_min,17,-0.037197849844495416
Anuradhapura,era5_temperature_2m_min,18,-0.04123287672159176
Anuradhapura,era5_temperature_2m_min,19,-0.058508631734251054
Anuradhapura,era5_temperature_2m_min,20,-0.059882639601191806
Badulla,era5_temperature_2m_min,2,0.2182042616085756
Badulla,era5_temperature_2m_min,3,0.23058780289154798
Badulla,era5_temperature_2m_min,4,0.2567173317791569
Badulla,era5_temperature_2m_min,5,0.28525148449013044
Badulla,era5_temperature_2m_min,6,0.2947473775282314
Badulla,era5_temperature_2m_min,7,0.306370377174862
Badulla,era5_temperature_2m_min,8,0.32332402013896383
Badulla,era5_temperature_2m_min,9,0.3112468601412065
Badulla,era5_temperature_2m_min,10,0.29434507378283875
Badulla,era5_temperature_2m_min,11,0.29588749317656704
Badulla,era5_temperature_2m_min,12,0.2753175939502367
Badulla,era5_temperature_2m_min,13,0.254057193106826
Badulla,era5_temperature_2m_min,14,0.24040845600198818
Badulla,era5_temperature_2m_min,15,0.22911313898419575
Badulla,era5_temperature_2m_min,16,0.1987652611827181
Badulla,era5_temperature_2m_min,17,0.16229719643316
Badulla,era5_temperature_2m_min,18,0.1641951409087435
Badulla,era5_temperature_2m_min,19,0.16437590485041548
Badulla,era5_temperature_2m_min,20,0.13312622962040963
Batticaloa,era5_temperature_2m_min,2,-0.30157783650596387
Batticaloa,era5_temperature_2m_min,3,-0.3483502798209246
Batticaloa,era5_temperature_2m_min,4,-0.39001153240596725
Batticaloa,era5_temperature_2m_min,5,-0.41801291143957825
Batticaloa,era5_temperature_2m_min,6,-0.4569558283662821
Batticaloa,era5_temperature_2m_min,7,-0.46045885037931533
Batticaloa,era5_temperature_2m_min,8,-0.4709418944482228
Batticaloa,era5_temperature_2m_min,9,-0.4790225259413117
Batticaloa,era5_temperature_2m_min,10,-0.5031899663897867
Batticaloa,era5_temperature_2m_min,11,-0.5032336263303527
Batticaloa,era5_temperature_2m_min,12,-0.5018596528877428
Batticaloa,era5_temperature_2m_min,13,-0.49471286963997185
Batticaloa,era5_temperature_2m_min,14,-0.46760772120469096
Batticaloa,era5_temperature_2m_min,15,-0.44549468803754605
Batticaloa,era5_temperature_2m_min,16,-0.4060951330750721
Batticaloa,era5_temperature_2m_min,17,-0.3695551138402991
Batticaloa,era5_temperature_2m_min,18,-0.3198520276509069
Batticaloa,era5_temperature_2m_min,19,-0.2639016768070845
Batticaloa,era5_temperature_2m_min,20,-0.2146071353262725
Colombo,era5_temperature_2m_min,2,-0.05581129793974481
Colombo,era5_temperature_2m_min,3,-0.06322029762112111
Colombo,era5_temperature_2m_min,4,-0.04779211975592964
Colombo,era5_temperature_2m_min,5,-0.035761603580791154
Colombo,era5_temperature_2m_min,6,-0.030207460026226
Colombo,era5_temperature_2m_min,7,-0.023392786923842272
Colombo,era5_temperature_2m_min,8,-0.0014565079442718596
Colombo,era5_temperature_2m_min,9,-0.004572289701120574
Colombo,era5_temperature_2m_min,10,-0.008412783252155788
Colombo,era5_temperature_2m_min,11,0.007904103200165519
Colombo,era5_temperature_2m_min,12,-0.012975144046003199
Colombo,era5_temperature_2m_min,13,0.0018822989263286214
Colombo,era5_temperature_2m_min,14,0.004640122932402579
Colombo,era5_temperature_2m_min,15,0.006462581400367536
Colombo,era5_temperature_2m_min,16,-0.025091860886821995
Colombo,era5_temperature_2m_min,17,-0.03450536057860146
Colombo,era5_temperature_2m_min,18,-0.03697154749356887
Colombo,era5_temperature_2m_min,19,-0.04497458190696319
Colombo,era5_temperature_2m_min,20,-0.05914827608437936
Galle,era5_temperature_2m_min,2,0.08086656824654713
Galle,era5_temperature_2m_min,3,0.09039217143603823
Galle,era5_temperature_2m_min,4,0.10847302911403155
Galle,era5_temperature_2m_min,5,0.14852658689158688
Galle,era5_temperature_2m_min,6,0.1757961693274189
Galle,era5_temperature_2m_min,7,0.20446160182608225
Galle,era5_temperature_2m_min,8,0.19186383881583416
Galle,era5_temperature_2m_min,9,0.2147718453625385
Galle,era5_temperature_2m_min,10,0.19106155251315862
Galle,era5_temperature_2m_min,11,0.18569123050668268
Galle,era5_temperature_2m_min,12,0.19218054519987404
Galle,era5_temperature_2m_min,13,0.1902366819800142
Galle,era5_temperature_2m_min,14,0.19470556155386579
Galle,era5_temperature_2m_min,15,0.19918847923578215
Galle,era5_temperature_2m_min,16,0.1597360602801583
Galle,era5_temperature_2m_min,17,0.14593409117035072
Galle,era5_temperature_2m_min,18,0.1599331589469672
Galle,era5_temperature_2m_min,19,0.10979304559249897
Galle,era5_temperature_2m_min,20,0.12859949324183934
Gampaha,era5_temperature_2m_min,2,0.01907907286546541
Gampaha,era5_temperature_2m_min,3,-0.02670105761408967
Gampaha,era5_temperature_2m_min,4,-0.03587005837559809
Gampaha,era5_temperature_2m_min,5,-0.0190921452767546
Gampaha,era5_temperature_2m_min,6,-0.035294664979924006
Gampaha,era5_temperature_2m_min,7,-0.04818694377919134
Gampaha,era5_temperature_2m_min,8,-0.0607454079811055
Gampaha,era5_temperature_2m_min,9,-0.07052174619784846
Gampaha,era5_temperature_2m_min,10,-0.060132463736499144
Gampaha,era5_temperature_2m_min,11,-0.07751824089059652
Gampaha,era5_temperature_2m_min,12,-0.07990267711495345
Gampaha,era5_temperature_2m_min,13,-0.06887683439344561
Gampaha,era5_temperature_2m_min,14,-0.062313440850608956
Gampaha,era5_temperature_2m_min,15,-0.06261352359429141
Gampaha,era5_temperature_2m_min,16,-0.049329871299277794
Gampaha,era5_temperature_2m_min,17,-0.06876728567036432
Gampaha,era5_temperature_2m_min,18,-0.0979657860946675
Gampaha,era5_temperature_2m_min,19,-0.09999120911949379
Gampaha,era5_temperature_2m_min,20,-0.10094253928522856
Hambantota,era5_temperature_2m_min,2,0.02938947710535165
Hambantota,era5_temperature_2m_min,3,0.03624220574616371
Hambantota,era5_temperature_2m_min,4,0.04796876908486584
Hambantota,era5_temperature_2m_min,5,0.053486614645269465
Hambantota,era5_temperature_2m_min,6,0.07132543473187113
Hambantota,era5_temperature_2m_min,7,0.09548564025049278
Hambantota,era5_temperature_2m_min,8,0.09206969781284342
Hambantota,era5_temperature_2m_min,9,0.10744049705433537
Hambantota,era5_temperature_2m_min,10,0.13112312180573082
Hambantota,era5_temperature_2m_min,11,0.1369866246041728
Hambantota,era5_temperature_2m_min,12,0.13529453744032402
Hambantota,era5_temperature_2m_min,13,0.13450468449487052
Hambantota,era5_temperature_2m_min,14,0.14326069076493758
Hambantota,era5_temperature_2m_min,15,0.15464553861551447
Hambantota,era5_temperature_2m_min,16,0.11185021739466089
Hambantota,era5_temperature_2m_min,17,0.12406196539157716
Hambantota,era5_temperature_2m_min,18,0.1440568658884092
Hambantota,era5_temperature_2m_min,19,0.10611840143046668
Hambantota,era5_temperature_2m_min,20,0.115240386185436
Jaffna,era5_temperature_2m_min,2,-0.3211272799261474
Jaffna,era5_temperature_2m_min,3,-0.3046801995566593
Jaffna,era5_temperature_2m_min,4,-0.3050095244060144
Jaffna,era5_temperature_2m_min,5,-0.25633299148680744
Jaffna,era5_temperature_2m_min,6,-0.22657082543078674
Jaffna,era5_temperature_2m_min,7,-0.1800223124680549
Jaffna,era5_temperature_2m_min,8,-0.13930883317822854
Jaffna,era5_temperature_2m_min,9,-0.08162413041995469
Jaffna,era5_temperature_2m_min,10,-0.0501697982682835
Jaffna,era5_temperature_2m_min,11,0.002845076235180405
Jaffna,era5_temperature_2m_min,12,0.04271763314313926
Jaffna,era5_temperature_2m_min,13,0.08296840597654724
Jaffna,era5_temperature_2m_min,14,0.11698482413807276
Jaffna,era5_temperature_2m_min,15,0.13956547936130656
Jaffna,era5_temperature_2m_min,16,0.16570451439020792
Jaffna,era5_temperature_2m_min,17,0.2040414337411294
Jaffna,era5_temperature_2m_min,18,0.2224107053524333
Jaffna,era5_temperature_2m_min,19,0.23170757482830479
Jaffna,era5_temperature_2m_min,20,0.24812838533201773
Kalutara,era5_temperature_2m_min,2,-0.10077057686388498
Kalutara,era5_temperature_2m_min,3,-0.10381254393143294
Kalutara,era5_temperature_2m_min,4,-0.07942914322156723
Kalutara,era5_temperature_2m_min,5,-0.04225738105262542
Kalutara,era5_temperature_2m_min,6,-0.059254663829332234
Kalutara,era5_temperature_2m_min,7,-0.06417478254018125
Kalutara,era5_temperature_2m_min,8,-0.10333956077248002
Kalutara,era5_temperature_2m_min,9,-0.10488753571119243
Kalutara,era5_temperature_2m_min,10,-0.08722182341698297
Kalutara,era5_temperature_2m_min,11,-0.08119261959476902
Kalutara,era5_temperature_2m_min,12,-0.08908150747458426
Kalutara,era5_temperature_2m_min,13,-0.10317643427052064
Kalutara,era5_temperature_2m_min,14,-0.09909966057752191
Kalutara,era5_temperature_2m_min,15,-0.10869615126529367
Kalutara,era5_temperature_2m_min,16,-0.07277578192046413
Kalutara,era5_temperature_2m_min,17,-0.08216304308469433
Kalutara,era5_temperature_2m_min,18,-0.09740465897110415
Kalutara,era5_temperature_2m_min,19,-0.1070440327738174
Kalutara,era5_temperature_2m_min,20,-0.09597037897948589
Kandy,era5_temperature_2m_min,2,0.2544590145967443
Kandy,era5_temperature_2m_min,3,0.2955806473404091
Kandy,era5_temperature_2m_min,4,0.2908795214763064
Kandy,era5_temperature_2m_min,5,0.3220532992200136
Kandy,era5_temperature_2m_min,6,0.3265739703649147
Kandy,era5_temperature_2m_min,7,0.36024607618969506
Kandy,era5_temperature_2m_min,8,0.33668867169102806
Kandy,era5_temperature_2m_min,9,0.343619608667311
Kandy,era5_temperature_2m_min,10,0.2854963621848199
Kandy,era5_temperature_2m_min,11,0.2602030996234204
Kandy,era5_temperature_2m_min,12,0.24038497369800949
Kandy,era5_temperature_2m_min,13,0.19362755326323491
Kandy,era5_temperature_2m_min,14,0.14532859197997527
Kandy,era5_temperature_2m_min,15,0.1196740930984323
Kandy,era5_temperature_2m_min,16,0.06842953682041704
Kandy,era5_temperature_2m_min,17,0.03827338094289067
Kandy,era5_temperature_2m_min,18,0.01416733073102318
Kandy,era5_temperature_2m_min,19,-0.02060529272892975
Kandy,era5_temperature_2m_min,20,-0.043380745132508815
Kegalle,era5_temperature_2m_min,2,0.11537569716723048
Kegalle,era5_temperature_2m_min,3,0.13012171065108735
Kegalle,era5_temperature_2m_min,4,0.14304525447726868
Kegalle,era5_temperature_2m_min,5,0.1669556569978652
Kegalle,era5_temperature_2m_min,6,0.13322924558340052
Kegalle,era5_temperature_2m_min,7,0.17805984416039944
Kegalle,era5_temperature_2m_min,8,0.13004764701308857
Kegalle,era5_temperature_2m_min,9,0.1003054537197058
Kegalle,era5_temperature_2m_min,10,0.09311538189220468
Kegalle,era5_temperature_2m_min,11,0.04967075017036845
Kegalle,era5_temperature_2m_min,12,0.01704586358040498
Kegalle,era5_temperature_2m_min,13,-0.009314246065875114
Kegalle,era5_temperature_2m_min,14,-0.0549766775425704
Kegalle,era5_temperature_2m_min,15,-0.07468751500443303
Kegalle,era5_temperature_2m_min,16,-0.13291900772578208
Kegalle,era5_temperature_2m_min,17,-0.15076561287547813
Kegalle,era5_temperature_2m_min,18,-0.14870976074775255
Kegalle,era5_temperature_2m_min,19,-0.20691769363545948
Kegalle,era5_temperature_2m_min,20,-0.20880833492652343
Kilinochchi,era5_temperature_2m_min,2,-0.0582538174987484
Kilinochchi,era5_temperature_2m_min,3,-0.05353546923098104
Kilinochchi,era5_temperature_2m_min,4,-0.05638030835958806
Kilinochchi,era5_temperature_2m_min,5,-0.027161617733482548
Kilinochchi,era5_temperature_2m_min,6,-0.035436473464728654
Kilinochchi,era5_temperature_2m_min,7,-0.01971411088347491
Kilinochchi,era5_temperature_2m_min,8,-0.05697428230849889
Kilinochchi,era5_temperature_2m_min,9,-0.04043145466065943
Kilinochchi,era5_temperature_2m_min,10,-0.03475152198149594
Kilinochchi,era5_temperature_2m_min,11,-0.01512302293241336
Kilinochchi,era5_temperature_2m_min,12,-0.03915818259094663
Kilinochchi,era5_temperature_2m_min,13,-0.044776462848988174
Kilinochchi,era5_temperature_2m_min,14,-0.051782519819512735
Kilinochchi,era5_temperature_2m_min,15,-0.04691600723432919
Kilinochchi,era5_temperature_2m_min,16,-0.07361882995445848
Kilinochchi,era5_temperature_2m_min,17,-0.07937556432562397
Kilinochchi,era5_temperature_2m_min,18,-0.09646251894001935
Kilinochchi,era5_temperature_2m_min,19,-0.11360277297734064
Kilinochchi,era5_temperature_2m_min,20,-0.11330050269727876
Kurunegala,era5_temperature_2m_min,2,0.052318758113260574
Kurunegala,era5_temperature_2m_min,3,0.06348778376764978
Kurunegala,era5_temperature_2m_min,4,0.06269005809025897
Kurunegala,era5_temperature_2m_min,5,0.0836444778129257
Kurunegala,era5_temperature_2m_min,6,0.09600107920178189
Kurunegala,era5_temperature_2m_min,7,0.10597052232182046
Kurunegala,era5_temperature_2m_min,8,0.13028869548993832
Kurunegala,era5_temperature_2m_min,9,0.14215663492005037
Kurunegala,era5_temperature_2m_min,10,0.12565844836930096
Kurunegala,era5_temperature_2m_min,11,0.13807737860643193
Kurunegala,era5_temperature_2m_min,12,0.14653208508345122
Kurunegala,era5_temperature_2m_min,13,0.11547961639952455
Kurunegala,era5_temperature_2m_min,14,0.10622479797758423
Kurunegala,era5_temperature_2m_min,15,0.11187902522881804
Kurunegala,era5_temperature_2m_min,16,0.06659258391555087
Kurunegala,era5_temperature_2m_min,17,0.03422570595828499
Kurunegala,era5_temperature_2m_min,18,0.028062306612912383
Kurunegala,era5_temperature_2m_min,19,-0.014736072503788977
Kurunegala,era5_temperature_2m_min,20,-0.033901702128660026
Mannar,era5_temperature_2m_min,2,-0.14706042766899796
Mannar,era5_temperature_2m_min,3,-0.14308303469925246
Mannar,era5_temperature_2m_min,4,-0.11903511412141114
Mannar,era5_temperature_2m_min,5,-0.10684750400904218
Mannar,era5_temperature_2m_min,6,-0.112218212707576
Mannar,era5_temperature_2m_min,7,-0.09857844440832572
Mannar,era5_temperature_2m_min,8,-0.09247451364580957
Mannar,era5_temperature_2m_min,9,-0.056135277873155656
Mannar,era5_temperature_2m_min,10,-0.02602718818993057
Mannar,era5_temperature_2m_min,11,-0.009913451394442333
Mannar,era5_temperature_2m_min,12,-0.019116871604387107
Mannar,era5_temperature_2m_min,13,-0.003969233069069571
Mannar,era5_temperature_2m_min,14,0.035402993750082996
Mannar,era5_temperature_2m_min,15,0.04589630792906009
Mannar,era5_temperature_2m_min,16,0.05210985007903584
Mannar,era5_temperature_2m_min,17,0.05626091106490402
Mannar,era5_temperature_2m_min,18,0.07014316245749067
Mannar,era5_temperature_2m_min,19,0.09180711609200054
Mannar,era5_temperature_2m_min,20,0.08975760293476369
Matale,era5_temperature_2m_min,2,0.046639922726709394
Matale,era5_temperature_2m_min,3,0.07420843986270365
Matale,era5_temperature_2m_min,4,0.0598259461285722
Matale,era5_temperature_2m_min,5,0.07942767536585447
Matale,era5_temperature_2m_min,6,0.08691747767649083
Matale,era5_temperature_2m_min,7,0.11034317281276189
Matale,era5_temperature_2m_min,8,0.09577397667862753
Matale,era5_temperature_2m_min,9,0.10300593739829741
Matale,era5_temperature_2m_min,10,0.07417077908838703
Matale,era5_temperature_2m_min,11,0.07557405091574151
Matale,era5_temperature_2m_min,12,0.07125953825227013
Matale,era5_temperature_2m_min,13,0.032600437687351304
Matale,era5_temperature_2m_min,14,0.021255133997278963
Matale,era5_temperature_2m_min,15,0.007668729443384603
Matale,era5_temperature_2m_min,16,-0.026553407499123834
Matale,era5_temperature_2m_min,17,-0.030163963287521762
Matale,era5_temperature_2m_min,18,-0.0439721802951878
Matale,era5_temperature_2m_min,19,-0.04421692114830161
Matale,era5_temperature_2m_min,20,-0.039224057208549254
Matara,era5_temperature_2m_min,2,0.037495699893019555
Matara,era5_temperature_2m_min,3,0.0612274672420032
Matara,era5_temperature_2m_min,4,0.07229925203024225
Matara,era5_temperature_2m_min,5,0.13377646555978728
Matara,era5_temperature_2m_min,6,0.11978646326965155
Matara,era5_temperature_2m_min,7,0.15859092940490838
Matara,era5_temperature_2m_min,8,0.15444001029860074
Matara,era5_temperature_2m_min,9,0.18181406990464785
Matara,era5_temperature_2m_min,10,0.1738470897723339
Matara,era5_temperature_2m_min,11,0.19061001065575184
Matara,era5_temperature_2m_min,12,0.17151961791072368
Matara,era5_temperature_2m_min,13,0.188631941405661
Matara,era5_temperature_2m_min,14,0.19472571886318157
Matara,era5_temperature_2m_min,15,0.20284318754760317
Matara,era5_temperature_2m_min,16,0.17818537128986148
Matara,era5_temperature_2m_min,17,0.14701392695164076
Matara,era5_temperature_2m_min,18,0.1480681849082709
Matara,era5_temperature_2m_min,19,0.1353272474633664
Matara,era5_temperature_2m_min,20,0.11284354218379283
Moneragala,era5_temperature_2m_min,2,0.02427217129624228
Moneragala,era5_temperature_2m_min,3,0.03608278040029103
Moneragala,era5_temperature_2m_min,4,0.056975456939444606
Moneragala,era5_temperature_2m_min,5,0.05725976899235779
Moneragala,era5_temperature_2m_min,6,0.04880259716437392
Moneragala,era5_temperature_2m_min,7,0.05899068569468547
Moneragala,era5_temperature_2m_min,8,0.06093997923288365
Moneragala,era5_temperature_2m_min,9,0.06694514601896277
Moneragala,era5_temperature_2m_min,10,0.07307420542383487
Moneragala,era5_temperature_2m_min,11,0.08934129163769051
Moneragala,era5_temperature_2m_min,12,0.05256647373460049
Moneragala,era5_temperature_2m_min,13,0.05648417832119751
Moneragala,era5_temperature_2m_min,14,0.034135970706437174
Moneragala,era5_temperature_2m_min,15,0.040273357824727476
Moneragala,era5_temperature_2m_min,16,0.03672751440054231
Moneragala,era5_temperature_2m_min,17,0.032282355504590785
Moneragala,era5_temperature_2m_min,18,0.026671210533926546
Moneragala,era5_temperature_2m_min,19,0.01911041697721549
Moneragala,era5_temperature_2m_min,20,0.039745865068068466
Mullaitivu,era5_temperature_2m_min,2,0.005809582112677088
Mullaitivu,era5_temperature_2m_min,3,0.01922802811224921
Mullaitivu,era5_temperature_2m_min,4,-0.002061585478814456
Mullaitivu,era5_temperature_2m_min,5,0.0068427985174821255
Mullaitivu,era5_temperature_2m_min,6,0.018823567871872407
Mullaitivu,era5_temperature_2m_min,7,0.03308446126049192
Mullaitivu,era5_temperature_2m_min,8,0.01967563102728182
Mullaitivu,era5_temperature_2m_min,9,0.04031055104590913
Mullaitivu,era5_temperature_2m_min,10,0.01129431366178874
Mullaitivu,era5_temperature_2m_min,11,0.009130001293395328
Mullaitivu,era5_temperature_2m_min,12,0.017980586232339908
Mullaitivu,era5_temperature_2m_min,13,0.02144200303542462
Mullaitivu,era5_temperature_2m_min,14,-0.006110791179947606
Mullaitivu,era5_temperature_2m_min,15,0.012561759718963759
Mullaitivu,era5_temperature_2m_min,16,0.014725807545887528
Mullaitivu,era5_temperature_2m_min,17,0.0098187745852354
Mullaitivu,era5_temperature_2m_min,18,-0.039850626440826355
Mullaitivu,era5_temperature_2m_min,19,-0.065974801232014
Mullaitivu,era5_temperature_2m_min,20,-0.04667980342192087
NuwaraEliya,era5_temperature_2m_min,2,0.18041339077046026
NuwaraEliya,era5_temperature_2m_min,3,0.2063109219605997
NuwaraEliya,era5_temperature_2m_min,4,0.224627800793335
NuwaraEliya,era5_temperature_2m_min,5,0.2831550602721129
NuwaraEliya,era5_temperature_2m_min,6,0.2412794048008154
NuwaraEliya,era5_temperature_2m_min,7,0.2533603038373634
NuwaraEliya,era5_temperature_2m_min,8,0.2459134019575146
NuwaraEliya,era5_temperature_2m_min,9,0.21849623272601623
NuwaraEliya,era5_temperature_2m_min,10,0.1813904082670348
NuwaraEliya,era5_temperature_2m_min,11,0.16978020020851042
NuwaraEliya,era5_temperature_2m_min,12,0.1416205657461434
NuwaraEliya,era5_temperature_2m_min,13,0.07770915799182994
NuwaraEliya,era5_temperature_2m_min,14,0.062249506759360515
NuwaraEliya,era5_temperature_2m_min,15,0.05092815928234032
NuwaraEliya,era5_temperature_2m_min,16,-0.03479971558563085
NuwaraEliya,era5_temperature_2m_min,17,-0.034952603505602774
NuwaraEliya,era5_temperature_2m_min,18,-0.05152629720073004
NuwaraEliya,era5_temperature_2m_min,19,-0.10042396728520293
NuwaraEliya,era5_temperature_2m_min,20,-0.07256284292803505
Polonnaruwa,era5_temperature_2m_min,2,0.06947169990890953
Polonnaruwa,era5_temperature_2m_min,3,0.08255046388361927
Polonnaruwa,era5_temperature_2m_min,4,0.08210505450500971
Polonnaruwa,era5_temperature_2m_min,5,0.10688025974919588
Polonnaruwa,era5_temperature_2m_min,6,0.10432532532701559
Polonnaruwa,era5_temperature_2m_min,7,0.11949629409012164
Polonnaruwa,era5_temperature_2m_min,8,0.134116415422922
Polonnaruwa,era5_temperature_2m_min,9,0.10480692813097502
Polonnaruwa,era5_temperature_2m_min,10,0.10350438741004643
Polonnaruwa,era5_temperature_2m_min,11,0.1286758012260098
Polonnaruwa,era5_temperature_2m_min,12,0.11592797056728102
Polonnaruwa,era5_temperature_2m_min,13,0.09950669117108735
Polonnaruwa,era5_temperature_2m_min,14,0.08456593741066941
Polonnaruwa,era5_temperature_2m_min,15,0.06502283883299993
Polonnaruwa,era5_temperature_2m_min,16,0.0683081250957061
Polonnaruwa,era5_temperature_2m_min,17,0.07312194737299671
Polonnaruwa,era5_temperature_2m_min,18,0.0804440192210033
Polonnaruwa,era5_temperature_2m_min,19,0.04280159834432086
Polonnaruwa,era5_temperature_2m_min,20,0.05159270258860257
Puttalam,era5_temperature_2m_min,2,-0.05204633550286073
Puttalam,era5_temperature_2m_min,3,-0.04176179653639034
Puttalam,era5_temperature_2m_min,4,-0.026954316901381174
Puttalam,era5_temperature_2m_min,5,-0.006215114063194549
Puttalam,era5_temperature_2m_min,6,-0.005005702004554088
Puttalam,era5_temperature_2m_min,7,0.035901481296150284
Puttalam,era5_temperature_2m_min,8,0.015472251807506783
Puttalam,era5_temperature_2m_min,9,0.020892581178364934
Puttalam,era5_temperature_2m_min,10,0.01774540134127284
Puttalam,era5_temperature_2m_min,11,0.014201691228137213
Puttalam,era5_temperature_2m_min,12,0.03738386835996299
Puttalam,era5_temperature_2m_min,13,0.0426276062283703
Puttalam,era5_temperature_2m_min,14,0.04141608436127072
Puttalam,era5_temperature_2m_min,15,0.039654383614684915
Puttalam,era5_temperature_2m_min,16,0.0171673978856521
Puttalam,era5_temperature_2m_min,17,-0.0025099984317614806
Puttalam,era5_temperature_2m_min,18,0.022050443267272433
Puttalam,era5_temperature_2m_min,19,-0.01205218094177412
Puttalam,era5_temperature_2m_min,20,-0.009853222466255486
Ratnapura,era5_temperature_2m_min,2,0.2837461652362597
Ratnapura,era5_temperature_2m_min,3,0.2752880640015153
Ratnapura,era5_temperature_2m_min,4,0.26839066619131924
Ratnapura,era5_temperature_2m_min,5,0.30975986339924666
Ratnapura,era5_temperature_2m_min,6,0.26984995660646444
Ratnapura,era5_temperature_2m_min,7,0.2850525455350788
Ratnapura,era5_temperature_2m_min,8,0.2497635573325659
Ratnapura,era5_temperature_2m_min,9,0.23815410850712726
Ratnapura,era5_temperature_2m_min,10,0.18636800737169734
Ratnapura,era5_temperature_2m_min,11,0.13804119802762607
Ratnapura,era5_temperature_2m_min,12,0.09695220468043216
Ratnapura,era5_temperature_2m_min,13,0.049591638094133854
Ratnapura,era5_temperature_2m_min,14,0.010614343354122655
Ratnapura,era5_temperature_2m_min,15,-0.03272584098835449
Ratnapura,era5_temperature_2m_min,16,-0.09021104236629045
Ratnapura,era5_temperature_2m_min,17,-0.11458998091199134
Ratnapura,era5_temperature_2m_min,18,-0.14322752919011558
Ratnapura,era5_temperature_2m_min,19,-0.16516040660214992
Ratnapura,era5_temperature_2m_min,20,-0.1955959112345545
Trincomalee,era5_temperature_2m_min,2,-0.32825729121176805
Trincomalee,era5_temperature_2m_min,3,-0.35897684814251724
Trincomalee,era5_temperature_2m_min,4,-0.40444854715336953
Trincomalee,era5_temperature_2m_min,5,-0.44027256580798646
Trincomalee,era5_temperature_2m_min,6,-0.47380538342265666
Trincomalee,era5_temperature_2m_min,7,-0.4809480254385825
Trincomalee,era5_temperature_2m_min,8,-0.47514836645947794
Trincomalee,era5_temperature_2m_min,9,-0.49473513759279303
Trincomalee,era5_temperature_2m_min,10,-0.5176895175369501
Trincomalee,era5_temperature_2m_min,11,-0.505752852412702
Trincomalee,era5_temperature_2m_min,12,-0.49453113691538103
Trincomalee,era5_temperature_2m_min,13,-0.46927317234037647
Trincomalee,era5_temperature_2m_min,14,-0.4397718355535053
Trincomalee,era5_temperature_2m_min,15,-0.41206879158682125
Trincomalee,era5_temperature_2m_min,16,-0.37496626400561
Trincomalee,era5_temperature_2m_min,17,-0.35165619596714853
Trincomalee,era5_temperature_2m_min,18,-0.30067370926449866
Trincomalee,era5_temperature_2m_min,19,-0.2359760102825166
Trincomalee,era5_temperature_2m_min,20,-0.20583124354613538
Vavuniya,era5_temperature_2m_min,2,-0.10391237627305726
Vavuniya,era5_temperature_2m_min,3,-0.088311023089657
Vavuniya,era5_temperature_2m_min,4,-0.11922616986341734
Vavuniya,era5_temperature_2m_min,5,-0.12159342246358941
Vavuniya,era5_temperature_2m_min,6,-0.10570912222635825
Vavuniya,era5_temperature_2m_min,7,-0.090140359178708
Vavuniya,era5_temperature_2m_min,8,-0.09907671668203386
Vavuniya,era5_temperature_2m_min,9,-0.07816165369258976
Vavuniya,era5_temperature_2m_min,10,-0.07136625800535469
Vavuniya,era5_temperature_2m_min,11,-0.04928472598122757
Vavuniya,era5_temperature_2m_min,12,-0.06445631303603763
Vavuniya,era5_temperature_2m_min,13,-0.06759567282045434
Vavuniya,era5_temperature_2m_min,14,-0.056905030825535274
Vavuniya,era5_temperature_2m_min,15,-0.043701695482479215
Vavuniya,era5_temperature_2m_min,16,-0.05200610747176606
Vavuniya,era5_temperature_2m_min,17,-0.039806279827116625
Vavuniya,era5_temperature_2m_min,18,-0.04883851661442765
Vavuniya,era5_temperature_2m_min,19,-0.04188314791600165
Vavuniya,era5_temperature_2m_min,20,-0.039617370788083583
Ampara,era5_temperature_2m_max,2,0.08071270259096433
Ampara,era5_temperature_2m_max,3,0.061556514248874226
Ampara,era5_temperature_2m_max,4,0.05939265323661845
Ampara,era5_temperature_2m_max,5,0.06257254252681559
Ampara,era5_temperature_2m_max,6,0.07139873692057833
Ampara,era5_temperature_2m_max,7,0.02678176864109375
Ampara,era5_temperature_2m_max,8,0.017882402283341366
Ampara,era5_temperature_2m_max,9,0.0032726793388506486
Ampara,era5_temperature_2m_max,10,0.01498925031362645
Ampara,era5_temperature_2m_max,11,-0.006481936901992214
Ampara,era5_temperature_2m_max,12,-0.006607212001375913
Ampara,era5_temperature_2m_max,13,-0.014365300105293854
Ampara,era5_temperature_2m_max,14,-0.022007994568505173
Ampara,era5_temperature_2m_max,15,-0.04107576113215936
Ampara,era5_temperature_2m_max,16,-0.048515648312922294
Ampara,era5_temperature_2m_max,17,-0.02338030740159837
Ampara,era5_temperature_2m_max,18,-0.054209159513346504
Ampara,era5_temperature_2m_max,19,-0.06821550094594359
Ampara,era5_temperature_2m_max,20,-0.06316986150719192
Anuradhapura,era5_temperature_2m_max,2,-0.09451921468845834
Anuradhapura,era5_temperature_2m_max,3,-0.1418973374637576
Anuradhapura,era5_temperature_2m_max,4,-0.11927698612275801
Anuradhapura,era5_temperature_2m_max,5,-0.13122462639667862
Anuradhapura,era5_temperature_2m_max,6,-0.16161508490205312
Anuradhapura,era5_temperature_2m_max,7,-0.15396289079466102
Anuradhapura,era5_temperature_2m_max,8,-0.1177055866479655
Anuradhapura,era5_temperature_2m_max,9,-0.07026921787067891
Anuradhapura,era5_temperature_2m_max,10,-0.010910438869197193
Anuradhapura,era5_temperature_2m_max,11,0.015779002728235465
Anuradhapura,era5_temperature_2m_max,12,0.034049780313219355
Anuradhapura,era5_temperature_2m_max,13,0.09905259291713456
Anuradhapura,era5_temperature_2m_max,14,0.1563991379717566
Anuradhapura,era5_temperature_2m_max,15,0.14675537942756586
Anuradhapura,era5_temperature_2m_max,16,0.15801226064931956
Anuradhapura,era5_temperature_2m_max,17,0.1499086773553033
Anuradhapura,era5_temperature_2m_max,18,0.11591901344118904
Anuradhapura,era5_temperature_2m_max,19,0.129824281221264
Anuradhapura,era5_temperature_2m_max,20,0.12156007515989191
Badulla,era5_temperature_2m_max,2,0.13603563304157976
Badulla,era5_temperature_2m_max,3,0.14157243718917842
Badulla,era5_temperature_2m_max,4,0.17877164684452013
Badulla,era5_temperature_2m_max,5,0.1998472155059571
Badulla,era5_temperature_2m_max,6,0.23306879896047283
Badulla,era5_temperature_2m_max,7,0.26509425952094395
Badulla,era5_temperature_2m_max,8,0.25900809646633166
Badulla,era5_temperature_2m_max,9,0.26000636612791905
Badulla,era5_temperature_2m_max,10,0.3115792917355991
Badulla,era5_temperature_2m_max,11,0.3506248727101864
Badulla,era5_temperature_2m_max,12,0.36809670741309736
Badulla,era5_temperature_2m_max,13,0.38738131276855636
Badulla,era5_temperature_2m_max,14,0.4123813375660898
Badulla,era5_temperature_2m_max,15,0.3921704122646598
Badulla,era5_temperature_2m_max,16,0.3969763490175995
Badulla,era5_temperature_2m_max,17,0.3567163870088087
Badulla,era5_temperature_2m_max,18,0.33956213288830084
Badulla,era5_temperature_2m_max,19,0.31830438753285456
Badulla,era5_temperature_2m_max,20,0.28544151747312624
Batticaloa,era5_temperature_2m_max,2,-0.29803578893049887
Batticaloa,era5_temperature_2m_max,3,-0.34724198541319407
Batticaloa,era5_temperature_2m_max,4,-0.3996986449210312
Batticaloa,era5_temperature_2m_max,5,-0.4288417857178112
Batticaloa,era5_temperature_2m_max,6,-0.4467116042005196
Batticaloa,era5_temperature_2m_max,7,-0.45872071393261477
Batticaloa,era5_temperature_2m_max,8,-0.46963034901886436
Batticaloa,era5_temperature_2m_max,9,-0.46761971468606267
Batticaloa,era5_temperature_2m_max,10,-0.4712132203689955
Batticaloa,era5_temperature_2m_max,11,-0.4665338174499593
Batticaloa,era5_temperature_2m_max,12,-0.47301659593156725
Batticaloa,era5_temperature_2m_max,13,-0.4488672008543376
Batticaloa,era5_temperature_2m_max,14,-0.4109903741215225
Batticaloa,era5_temperature_2m_max,15,-0.3662625922640187
Batticaloa,era5_temperature_2m_max,16,-0.3441552982439046
Batticaloa,era5_temperature_2m_max,17,-0.3060936104865146
Batticaloa,era5_temperature_2m_max,18,-0.24445865477606737
Batticaloa,era5_temperature_2m_max,19,-0.2038825780255407
Batticaloa,era5_temperature_2m_max,20,-0.1492152669880939
Colombo,era5_temperature_2m_max,2,-0.2207225521997106
Colombo,era5_temperature_2m_max,3,-0.25306181288054647
Colombo,era5_temperature_2m_max,4,-0.2579782957134791
Colombo,era5_temperature_2m_max,5,-0.2557465775507401
Colombo,era5_temperature_2m_max,6,-0.2584747090906113
Colombo,era5_temperature_2m_max,7,-0.23141082137280428
Colombo,era5_temperature_2m_max,8,-0.18130509752694096
Colombo,era5_temperature_2m_max,9,-0.15708320610428528
Colombo,era5_temperature_2m_max,10,-0.11268267583125163
Colombo,era5_temperature_2m_max,11,-0.052194645925988596
Colombo,era5_temperature_2m_max,12,-0.020723895788919786
Colombo,era5_temperature_2m_max,13,0.03812869531752089
Colombo,era5_temperature_2m_max,14,0.06273197999825748
Colombo,era5_temperature_2m_max,15,0.0861852280698311
Colombo,era5_temperature_2m_max,16,0.09807131896766993
Colombo,era5_temperature_2m_max,17,0.10828785114559542
Colombo,era5_temperature_2m_max,18,0.06949972772741062
Colombo,era5_temperature_2m_max,19,0.08814539192310185
Colombo,era5_temperature_2m_max,20,0.05520538144896593
Galle,era5_temperature_2m_max,2,-0.22146912430659438
Galle,era5_temperature_2m_max,3,-0.21123549075587394
Galle,era5_temperature_2m_max,4,-0.2069672786971005
Galle,era5_temperature_2m_max,5,-0.19678883959100613
Galle,era5_temperature_2m_max,6,-0.17090509708959423
Galle,era5_temperature_2m_max,7,-0.1465578151638141
Galle,era5_temperature_2m_max,8,-0.126415189168614
Galle,era5_temperature_2m_max,9,-0.10236079854860826
Galle,era5_temperature_2m_max,10,-0.09121875357592191
Galle,era5_temperature_2m_max,11,-0.015174774791424083
Galle,era5_temperature_2m_max,12,-0.013991283979421051
Galle,era5_temperature_2m_max,13,0.030902287406736947
Galle,era5_temperature_2m_max,14,0.04659759258508582
Galle,era5_temperature_2m_max,15,0.04733997527334134
Galle,era5_temperature_2m_max,16,0.09791918775880631
Galle,era5_temperature_2m_max,17,0.07844937755301856
Galle,era5_temperature_2m_max,18,0.04706316003486495
Galle,era5_temperature_2m_max,19,0.02597498909776588
Galle,era5_temperature_2m_max,20,0.003557092800554888
Gampaha,era5_temperature_2m_max,2,-0.2116817928879576
Gampaha,era5_temperature_2m_max,3,-0.22893995561902983
Gampaha,era5_temperature_2m_max,4,-0.24970556955902218
Gampaha,era5_temperature_2m_max,5,-0.278469657860754
Gampaha,era5_temperature_2m_max,6,-0.2922753576331288
Gampaha,era5_temperature_2m_max,7,-0.2965216901255611
Gampaha,era5_temperature_2m_max,8,-0.26815123134350727
Gampaha,era5_temperature_2m_max,9,-0.26296612201521424
Gampaha,era5_temperature_2m_max,10,-0.2143896697765487
Gampaha,era5_temperature_2m_max,11,-0.1891026141215083
Gampaha,era5_temperature_2m_max,12,-0.1407622453907573
Gampaha,era5_temperature_2m_max,13,-0.08280133221276645
Gampaha,era5_temperature_2m_max,14,-0.06875183326457972
Gampaha,era5_temperature_2m_max,15,-0.044038195136365345
Gampaha,era5_temperature_2m_max,16,-0.01757245289604722
Gampaha,era5_temperature_2m_max,17,0.04006739033634966
Gampaha,era5_temperature_2m_max,18,0.03683981459126824
Gampaha,era5_temperature_2m_max,19,0.06312566489469083
Gampaha,era5_temperature_2m_max,20,0.07842490023127449
Hambantota,era5_temperature_2m_max,2,-0.0674131296881803
Hambantota,era5_temperature_2m_max,3,-0.06996459746978413
Hambantota,era5_temperature_2m_max,4,-0.05680029483759397
Hambantota,era5_temperature_2m_max,5,-0.06596076964513133
Hambantota,era5_temperature_2m_max,6,-0.054368743832844825
Hambantota,era5_temperature_2m_max,7,-0.04971398479633852
Hambantota,era5_temperature_2m_max,8,-0.0306153700342985
Hambantota,era5_temperature_2m_max,9,-0.008081479291789793
Hambantota,era5_temperature_2m_max,10,0.07083699466642261
Hambantota,era5_temperature_2m_max,11,0.10942149781888931
Hambantota,era5_temperature_2m_max,12,0.14605471036802345
Hambantota,era5_temperature_2m_max,13,0.19993612890399884
Hambantota,era5_temperature_2m_max,14,0.24856385993790173
Hambantota,era5_temperature_2m_max,15,0.28496072635641057
Hambantota,era5_temperature_2m_max,16,0.27921899976817566
Hambantota,era5_temperature_2m_max,17,0.297459536639527
Hambantota,era5_temperature_2m_max,18,0.31538685612664885
Hambantota,era5_temperature_2m_max,19,0.315422555224466
Hambantota,era5_temperature_2m_max,20,0.3102118220509327
Jaffna,era5_temperature_2m_max,2,-0.37131025663839434
Jaffna,era5_temperature_2m_max,3,-0.3613772457795325
Jaffna,era5_temperature_2m_max,4,-0.3478199317784052
Jaffna,era5_temperature_2m_max,5,-0.3074395607929603
Jaffna,era5_temperature_2m_max,6,-0.2550831153631574
Jaffna,era5_temperature_2m_max,7,-0.20426074058539845
Jaffna,era5_temperature_2m_max,8,-0.1491449633909194
Jaffna,era5_temperature_2m_max,9,-0.07991789441338043
Jaffna,era5_temperature_2m_max,10,-0.032455430726151244
Jaffna,era5_temperature_2m_max,11,0.02443131921324739
Jaffna,era5_temperature_2m_max,12,0.07200429283632478
Jaffna,era5_temperature_2m_max,13,0.1183312936707766
Jaffna,era5_temperature_2m_max,14,0.15131731267657522
Jaffna,era5_temperature_2m_max,15,0.170574991607814
Jaffna,era5_temperature_2m_max,16,0.18601441466190688
Jaffna,era5_temperature_2m_max,17,0.2063623531443055
Jaffna,era5_temperature_2m_max,18,0.22022472101099191
Jaffna,era5_temperature_2m_max,19,0.2167698899139963
Jaffna,era5_temperature_2m_max,20,0.21305601892900453
Kalutara,era5_temperature_2m_max,2,-0.2000530891278177
Kalutara,era5_temperature_2m_max,3,-0.1931233906183125
Kalutara,era5_temperature_2m_max,4,-0.18674480184542497
Kalutara,era5_temperature_2m_max,5,-0.2281268700683805
Kalutara,era5_temperature_2m_max,6,-0.23999452587933523
Kalutara,era5_temperature_2m_max,7,-0.24350635714630164
Kalutara,era5_temperature_2m_max,8,-0.2456460019359142
Kalutara,era5_temperature_2m_max,9,-0.2184205930821733
Kalutara,era5_temperature_2m_max,10,-0.1847230505134304
Kalutara,era5_temperature_2m_max,11,-0.16206721824297868
Kalutara,era5_temperature_2m_max,12,-0.11239939942960898
Kalutara,era5_temperature_2m_max,13,-0.09681629557138008
Kalutara,era5_temperature_2m_max,14,-0.04594677731694155
Kalutara,era5_temperature_2m_max,15,-0.043975069460303134
Kalutara,era5_temperature_2m_max,16,-0.0064647660759748924
Kalutara,era5_temperature_2m_max,17,-0.00019110186328834698
Kalutara,era5_temperature_2m_max,18,-0.0003232613989962025
Kalutara,era5_temperature_2m_max,19,-0.02131785362257486
Kalutara,era5_temperature_2m_max,20,-0.05378537702463505
Kandy,era5_temperature_2m_max,2,-0.04099432659179252
Kandy,era5_temperature_2m_max,3,0.020418293848701235
Kandy,era5_temperature_2m_max,4,0.06327578180981087
Kandy,era5_temperature_2m_max,5,0.09311562865137489
Kandy,era5_temperature_2m_max,6,0.14250469466110574
Kandy,era5_temperature_2m_max,7,0.20692328043096314
Kandy,era5_temperature_2m_max,8,0.24884418782892032
Kandy,era5_temperature_2m_max,9,0.30422011904960283
Kandy,era5_temperature_2m_max,10,0.35357912329434166
Kandy,era5_temperature_2m_max,11,0.3783997408660005
Kandy,era5_temperature_2m_max,12,0.38005338898186797
Kandy,era5_temperature_2m_max,13,0.4259594734440276
Kandy,era5_temperature_2m_max,14,0.4141380088824802
Kandy,era5_temperature_2m_max,15,0.4137562357151231
Kandy,era5_temperature_2m_max,16,0.3864689611228799
Kandy,era5_temperature_2m_max,17,0.33526847067265386
Kandy,era5_temperature_2m_max,18,0.3095802287090495
Kandy,era5_temperature_2m_max,19,0.25931005365770815
Kandy,era5_temperature_2m_max,20,0.2196491478347071
Kegalle,era5_temperature_2m_max,2,-0.1790786813622043
Kegalle,era5_temperature_2m_max,3,-0.14606192823495553
Kegalle,era5_temperature_2m_max,4,-0.10587990531038796
Kegalle,era5_temperature_2m_max,5,-0.11657936172057011
Kegalle,era5_temperature_2m_max,6,-0.08033073113992409
Kegalle,era5_temperature_2m_max,7,-0.054141317566288455
Kegalle,era5_temperature_2m_max,8,-0.01277326547366623
Kegalle,era5_temperature_2m_max,9,0.04704390894839835
Kegalle,era5_temperature_2m_max,10,0.08246838786649867
Kegalle,era5_temperature_2m_max,11,0.11820482450192936
Kegalle,era5_temperature_2m_max,12,0.16008087010674524
Kegalle,era5_temperature_2m_max,13,0.20159854777366734
Kegalle,era5_temperature_2m_max,14,0.19116407960781145
Kegalle,era5_temperature_2m_max,15,0.23211838357159525
Kegalle,era5_temperature_2m_max,16,0.23845172742634635
Kegalle,era5_temperature_2m_max,17,0.23816862464231825
Kegalle,era5_temperature_2m_max,18,0.21393787585487478
Kegalle,era5_temperature_2m_max,19,0.21108819944234433
Kegalle,era5_temperature_2m_max,20,0.17225829068980575
Kilinochchi,era5_temperature_2m_max,2,-0.08087072357559552
Kilinochchi,era5_temperature_2m_max,3,-0.1119560028420144
Kilinochchi,era5_temperature_2m_max,4,-0.11653323987081304
Kilinochchi,era5_temperature_2m_max,5,-0.1268496061930182
Kilinochchi,era5_temperature_2m_max,6,-0.13049143197358998
Kilinochchi,era5_temperature_2m_max,7,-0.10024733706458058
Kilinochchi,era5_temperature_2m_max,8,-0.14069572726158047
Kilinochchi,era5_temperature_2m_max,9,-0.10463526860122181
Kilinochchi,era5_temperature_2m_max,10,-0.06265479628764131
Kilinochchi,era5_temperature_2m_max,11,-0.031820536445414355
Kilinochchi,era5_temperature_2m_max,12,-0.047594639604310415
Kilinochchi,era5_temperature_2m_max,13,-0.008667701592994712
Kilinochchi,era5_temperature_2m_max,14,0.027554375000957164
Kilinochchi,era5_temperature_2m_max,15,0.03162278509722994
Kilinochchi,era5_temperature_2m_max,16,0.008442363216929743
Kilinochchi,era5_temperature_2m_max,17,0.01653150074983545
Kilinochchi,era5_temperature_2m_max,18,0.006989883766630554
Kilinochchi,era5_temperature_2m_max,19,-0.01788956050705108
Kilinochchi,era5_temperature_2m_max,20,-0.038446225765762315
Kurunegala,era5_temperature_2m_max,2,-0.1566572523123049
Kurunegala,era5_temperature_2m_max,3,-0.15638913301302867
Kurunegala,era5_temperature_2m_max,4,-0.12578114562568657
Kurunegala,era5_temperature_2m_max,5,-0.11752484547708751
Kurunegala,era5_temperature_2m_max,6,-0.06902413418569105
Kurunegala,era5_temperature_2m_max,7,-0.03733755777903672
Kurunegala,era5_temperature_2m_max,8,0.031947527504815665
Kurunegala,era5_temperature_2m_max,9,0.08856512069334571
Kurunegala,era5_temperature_2m_max,10,0.15303801417073462
Kurunegala,era5_temperature_2m_max,11,0.21269740041732527
Kurunegala,era5_temperature_2m_max,12,0.2711776587773115
Kurunegala,era5_temperature_2m_max,13,0.3300638926491977
Kurunegala,era5_temperature_2m_max,14,0.37182184264555923
Kurunegala,era5_temperature_2m_max,15,0.3834092944971299
Kurunegala,era5_temperature_2m_max,16,0.3810305505923701
Kurunegala,era5_temperature_2m_max,17,0.37340193760660073
Kurunegala,era5_temperature_2m_max,18,0.35550347472465943
Kurunegala,era5_temperature_2m_max,19,0.3094965092305314
Kurunegala,era5_temperature_2m_max,20,0.25431919017246185
Mannar,era5_temperature_2m_max,2,-0.19200575233078165
Mannar,era5_temperature_2m_max,3,-0.20885299931911988
Mannar,era5_temperature_2m_max,4,-0.17936075191455778
Mannar,era5_temperature_2m_max,5,-0.19281922906411583
Mannar,era5_temperature_2m_max,6,-0.20357178301242326
Mannar,era5_temperature_2m_max,7,-0.1749127982779632
Mannar,era5_temperature_2m_max,8,-0.1610354970698874
Mannar,era5_temperature_2m_max,9,-0.10831355797282963
Mannar,era5_temperature_2m_max,10,-0.060892089612643356
Mannar,era5_temperature_2m_max,11,-0.03509184319674238
Mannar,era5_temperature_2m_max,12,-0.013241694338649747
Mannar,era5_temperature_2m_max,13,0.030133318747237608
Mannar,era5_temperature_2m_max,14,0.08898231443801932
Mannar,era5_temperature_2m_max,15,0.0927960796139017
Mannar,era5_temperature_2m_max,16,0.08848056816693346
Mannar,era5_temperature_2m_max,17,0.09258768996692186
Mannar,era5_temperature_2m_max,18,0.10566877273341804
Mannar,era5_temperature_2m_max,19,0.10415426909144819
Mannar,era5_temperature_2m_max,20,0.08177425211521891
Matale,era5_temperature_2m_max,2,-0.10891287329155692
Matale,era5_temperature_2m_max,3,-0.08042426315543709
Matale,era5_temperature_2m_max,4,-0.06517228419682085
Matale,era5_temperature_2m_max,5,-0.06417664806420491
Matale,era5_temperature_2m_max,6,-0.027728283064372892
Matale,era5_temperature_2m_max,7,0.014607553566330566
Matale,era5_temperature_2m_max,8,0.04791219742003691
Matale,era5_temperature_2m_max,9,0.10908657762445971
Matale,era5_temperature_2m_max,10,0.1443183192005637
Matale,era5_temperature_2m_max,11,0.20245693859719063
Matale,era5_temperature_2m_max,12,0.18720631797432552
Matale,era5_temperature_2m_max,13,0.2599767687888987
Matale,era5_temperature_2m_max,14,0.28272758749634946
Matale,era5_temperature_2m_max,15,0.2680093441941198
Matale,era5_temperature_2m_max,16,0.2439855191487216
Matale,era5_temperature_2m_max,17,0.24169471460900105
Matale,era5_temperature_2m_max,18,0.1955465948378168
Matale,era5_temperature_2m_max,19,0.15224467264836836
Matale,era5_temperature_2m_max,20,0.11583021919059587
Matara,era5_temperature_2m_max,2,-0.26490630563821976
Matara,era5_temperature_2m_max,3,-0.28827124915741
Matara,era5_temperature_2m_max,4,-0.2660915435253231
Matara,era5_temperature_2m_max,5,-0.26094356220774034
Matara,era5_temperature_2m_max,6,-0.2598641544009743
Matara,era5_temperature_2m_max,7,-0.24522541315207705
Matara,era5_temperature_2m_max,8,-0.22937803242403504
Matara,era5_temperature_2m_max,9,-0.21765995383426998
Matara,era5_temperature_2m_max,10,-0.16544891286393038
Matara,era5_temperature_2m_max,11,-0.08312723367641263
Matara,era5_temperature_2m_max,12,-0.06648955933182982
Matara,era5_temperature_2m_max,13,-0.019293559343751564
Matara,era5_temperature_2m_max,14,0.020482668346663804
Matara,era5_temperature_2m_max,15,0.056659510725584235
Matara,era5_temperature_2m_max,16,0.07127668880548735
Matara,era5_temperature_2m_max,17,0.11595082435340581
Matara,era5_temperature_2m_max,18,0.11514514209570711
Matara,era5_temperature_2m_max,19,0.1171311744821291
Matara,era5_temperature_2m_max,20,0.12453982238341665
Moneragala,era5_temperature_2m_max,2,0.012770468084864305
Moneragala,era5_temperature_2m_max,3,0.010066973707614208
Moneragala,era5_temperature_2m_max,4,0.010865127367704227
Moneragala,era5_temperature_2m_max,5,-0.007600649072636199
Moneragala,era5_temperature_2m_max,6,-0.015109548851209685
Moneragala,era5_temperature_2m_max,7,0.006185908089688421
Moneragala,era5_temperature_2m_max,8,0.021654102305448363
Moneragala,era5_temperature_2m_max,9,0.01391855191748368
Moneragala,era5_temperature_2m_max,10,0.04517659491427152
Moneragala,era5_temperature_2m_max,11,0.06459473806427399
Moneragala,era5_temperature_2m_max,12,0.07435593237424647
Moneragala,era5_temperature_2m_max,13,0.0997053076523854
Moneragala,era5_temperature_2m_max,14,0.1314047222052277
Moneragala,era5_temperature_2m_max,15,0.16286577982438608
Moneragala,era5_temperature_2m_max,16,0.18227082904051994
Moneragala,era5_temperature_2m_max,17,0.18460201048951425
Moneragala,era5_temperature_2m_max,18,0.19113765757470258
Moneragala,era5_temperature_2m_max,19,0.1741114779394253
Moneragala,era5_temperature_2m_max,20,0.18579285071595023
Mullaitivu,era5_temperature_2m_max,2,-0.11064924842415445
Mullaitivu,era5_temperature_2m_max,3,-0.1040782020655375
Mullaitivu,era5_temperature_2m_max,4,-0.09967001734177895
Mullaitivu,era5_temperature_2m_max,5,-0.10474476515274285
Mullaitivu,era5_temperature_2m_max,6,-0.08473237063928182
Mullaitivu,era5_temperature_2m_max,7,-0.029573638478657505
Mullaitivu,era5_temperature_2m_max,8,-0.04622947049653695
Mullaitivu,era5_temperature_2m_max,9,-0.02745235103702813
Mullaitivu,era5_temperature_2m_max,10,0.003268170250011305
Mullaitivu,era5_temperature_2m_max,11,0.020090317946765444
Mullaitivu,era5_temperature_2m_max,12,0.05433898288834901
Mullaitivu,era5_temperature_2m_max,13,0.11330705411890987
Mullaitivu,era5_temperature_2m_max,14,0.08978437902166647
Mullaitivu,era5_temperature_2m_max,15,0.08413125688452058
Mullaitivu,era5_temperature_2m_max,16,0.10447027830040662
Mullaitivu,era5_temperature_2m_max,17,0.10225510277377921
Mullaitivu,era5_temperature_2m_max,18,0.061825041025143315
Mullaitivu,era5_temperature_2m_max,19,0.004637678328154694
Mullaitivu,era5_temperature_2m_max,20,0.01807297751678565
NuwaraEliya,era5_temperature_2m_max,2,-0.09893065241314379
NuwaraEliya,era5_temperature_2m_max,3,-0.02874439962030407
NuwaraEliya,era5_temperature_2m_max,4,-0.020306582973581424
NuwaraEliya,era5_temperature_2m_max,5,0.023051266806829413
NuwaraEliya,era5_temperature_2m_max,6,0.017226663877872948
NuwaraEliya,era5_temperature_2m_max,7,0.08151813433594753
NuwaraEliya,era5_temperature_2m_max,8,0.12473794675267401
NuwaraEliya,era5_temperature_2m_max,9,0.15603024421592013
NuwaraEliya,era5_temperature_2m_max,10,0.22764221780363889
NuwaraEliya,era5_temperature_2m_max,11,0.23182758091119526
NuwaraEliya,era5_temperature_2m_max,12,0.29229458569219113
NuwaraEliya,era5_temperature_2m_max,13,0.35332703758275646
NuwaraEliya,era5_temperature_2m_max,14,0.3314054100494247
NuwaraEliya,era5_temperature_2m_max,15,0.3569111605147931
NuwaraEliya,era5_temperature_2m_max,16,0.3433345712621021
NuwaraEliya,era5_temperature_2m_max,17,0.3078223730138629
NuwaraEliya,era5_temperature_2m_max,18,0.23093122097294466
NuwaraEliya,era5_temperature_2m_max,19,0.18924415791730517
NuwaraEliya,era5_temperature_2m_max,20,0.14366971727146086
Polonnaruwa,era5_temperature_2m_max,2,-0.017561553860881658
Polonnaruwa,era5_temperature_2m_max,3,-0.0006529050932830609
Polonnaruwa,era5_temperature_2m_max,4,0.006722212415680068
Polonnaruwa,era5_temperature_2m_max,5,0.013340374730406232
Polonnaruwa,era5_temperature_2m_max,6,0.01048844109044846
Polonnaruwa,era5_temperature_2m_max,7,0.04287544114206815
Polonnaruwa,era5_temperature_2m_max,8,0.03469004942306281
Polonnaruwa,era5_temperature_2m_max,9,0.07602693122724219
Polonnaruwa,era5_temperature_2m_max,10,0.14082906609333368
Polonnaruwa,era5_temperature_2m_max,11,0.16118929762963943
Polonnaruwa,era5_temperature_2m_max,12,0.1672859541052166
Polonnaruwa,era5_temperature_2m_max,13,0.23732049612352224
Polonnaruwa,era5_temperature_2m_max,14,0.24451750124224952
Polonnaruwa,era5_temperature_2m_max,15,0.2182931855774597
Polonnaruwa,era5_temperature_2m_max,16,0.193523644432727
Polonnaruwa,era5_temperature_2m_max,17,0.16869958200357016
Polonnaruwa,era5_temperature_2m_max,18,0.15393106326139858
Polonnaruwa,era5_temperature_2m_max,19,0.1664800516762767
Polonnaruwa,era5_temperature_2m_max,20,0.15296076690307983
Puttalam,era5_temperature_2m_max,2,-0.16336681866715017
Puttalam,era5_temperature_2m_max,3,-0.15142759633530378
Puttalam,era5_temperature_2m_max,4,-0.1617142269683527
Puttalam,era5_temperature_2m_max,5,-0.13374906628724648
Puttalam,era5_temperature_2m_max,6,-0.11646452724421917
Puttalam,era5_temperature_2m_max,7,-0.12169983673021277
Puttalam,era5_temperature_2m_max,8,-0.09102469155608814
Puttalam,era5_temperature_2m_max,9,-0.026591703536254334
Puttalam,era5_temperature_2m_max,10,0.005374172768496672
Puttalam,era5_temperature_2m_max,11,0.05376305549669364
Puttalam,era5_temperature_2m_max,12,0.08603558179915315
Puttalam,era5_temperature_2m_max,13,0.11824676044753946
Puttalam,era5_temperature_2m_max,14,0.15504598311508436
Puttalam,era5_temperature_2m_max,15,0.17678698574952734
Puttalam,era5_temperature_2m_max,16,0.16253239852139503
Puttalam,era5_temperature_2m_max,17,0.15100476057902273
Puttalam,era5_temperature_2m_max,18,0.10159629970063067
Puttalam,era5_temperature_2m_max,19,0.07193957856151616
Puttalam,era5_temperature_2m_max,20,0.05173361015252339
Ratnapura,era5_temperature_2m_max,2,-0.2537692160633835
Ratnapura,era5_temperature_2m_max,3,-0.23911821061320407
Ratnapura,era5_temperature_2m_max,4,-0.17162240192635972
Ratnapura,era5_temperature_2m_max,5,-0.17336697605507886
Ratnapura,era5_temperature_2m_max,6,-0.12811278707648785
Ratnapura,era5_temperature_2m_max,7,-0.058208970293918916
Ratnapura,era5_temperature_2m_max,8,0.0006247130118239045
Ratnapura,era5_temperature_2m_max,9,0.09403407789255365
Ratnapura,era5_temperature_2m_max,10,0.13643627276287462
Ratnapura,era5_temperature_2m_max,11,0.2104506705671852
Ratnapura,era5_temperature_2m_max,12,0.2658514018943957
Ratnapura,era5_temperature_2m_max,13,0.31422890705013823
Ratnapura,era5_temperature_2m_max,14,0.3301201621144795
Ratnapura,era5_temperature_2m_max,15,0.3524644283991127
Ratnapura,era5_temperature_2m_max,16,0.3310111325823054
Ratnapura,era5_temperature_2m_max,17,0.3315474385279408
Ratnapura,era5_temperature_2m_max,18,0.2919816555743891
Ratnapura,era5_temperature_2m_max,19,0.25061994070986865
Ratnapura,era5_temperature_2m_max,20,0.2492572376910696
Trincomalee,era5_temperature_2m_max,2,-0.27903191791163806
Trincomalee,era5_temperature_2m_max,3,-0.31721251350003327
Trincomalee,era5_temperature_2m_max,4,-0.3824330227129029
Trincomalee,era5_temperature_2m_max,5,-0.42107643089835506
Trincomalee,era5_temperature_2m_max,6,-0.42175235984058607
Trincomalee,era5_temperature_2m_max,7,-0.4385385242695431
Trincomalee,era5_temperature_2m_max,8,-0.4645535126799311
Trincomalee,era5_temperature_2m_max,9,-0.45823818030989577
Trincomalee,era5_temperature_2m_max,10,-0.43968993689030617
Trincomalee,era5_temperature_2m_max,11,-0.40890061317668724
Trincomalee,era5_temperature_2m_max,12,-0.3859928946255445
Trincomalee,era5_temperature_2m_max,13,-0.3567366910432333
Trincomalee,era5_temperature_2m_max,14,-0.33614004377957024
Trincomalee,era5_temperature_2m_max,15,-0.28431064441618004
Trincomalee,era5_temperature_2m_max,16,-0.28301459010246205
Trincomalee,era5_temperature_2m_max,17,-0.2579149070394449
Trincomalee,era5_temperature_2m_max,18,-0.20061201056709846
Trincomalee,era5_temperature_2m_max,19,-0.1763049529702845
Trincomalee,era5_temperature_2m_max,20,-0.15246227215889185
Vavuniya,era5_temperature_2m_max,2,-0.18139452060606784
Vavuniya,era5_temperature_2m_max,3,-0.1988987519636298
Vavuniya,era5_temperature_2m_max,4,-0.19923626764905367
Vavuniya,era5_temperature_2m_max,5,-0.25428682764880783
Vavuniya,era5_temperature_2m_max,6,-0.22314284264436382
Vavuniya,era5_temperature_2m_max,7,-0.17820430698214565
Vavuniya,era5_temperature_2m_max,8,-0.13500929809853668
Vavuniya,era5_temperature_2m_max,9,-0.11388596144254556
Vavuniya,era5_temperature_2m_max,10,-0.0668585726100215
Vavuniya,era5_temperature_2m_max,11,-0.03278230303098863
Vavuniya,era5_temperature_2m_max,12,-0.020657335125475403
Vavuniya,era5_temperature_2m_max,13,0.0067154629141771525
Vavuniya,era5_temperature_2m_max,14,0.02047239836163956
Vavuniya,era5_temperature_2m_max,15,0.05172500442249735
Vavuniya,era5_temperature_2m_max,16,0.043860371601724214
Vavuniya,era5_temperature_2m_max,17,0.057986773838922416
Vavuniya,era5_temperature_2m_max,18,0.07084453090409246
Vavuniya,era5_temperature_2m_max,19,0.06050398935365735
Vavuniya,era5_temperature_2m_max,20,0.05865101541128809
Ampara,era5_precipitation_sum,2,-0.045391167685707855
Ampara,era5_precipitation_sum,3,-0.031003223738658246
Ampara,era5_precipitation_sum,4,-0.056864104425276396
Ampara,era5_precipitation_sum,5,-0.09125800748757315
Ampara,era5_precipitation_sum,6,-0.05108124299239271
Ampara,era5_precipitation_sum,7,-0.017890948399159785
Ampara,era5_precipitation_sum,8,-0.008834821578796979
Ampara,era5_precipitation_sum,9,0.009661833263945695
Ampara,era5_precipitation_sum,10,-0.06554006153615954
Ampara,era5_precipitation_sum,11,-0.027518349724644627
Ampara,era5_precipitation_sum,12,-0.059137459730143394
Ampara,era5_precipitation_sum,13,-0.08580955011302761
Ampara,era5_precipitation_sum,14,-0.08248408720909654
Ampara,era5_precipitation_sum,15,-0.07768448207975683
Ampara,era5_precipitation_sum,16,-0.11148520276341398
Ampara,era5_precipitation_sum,17,-0.18698684256514564
Ampara,era5_precipitation_sum,18,-0.14355352412447883
Ampara,era5_precipitation_sum,19,-0.11470627321016003
Ampara,era5_precipitation_sum,20,-0.1247808191884763
Anuradhapura,era5_precipitation_sum,2,-0.033740911695824834
Anuradhapura,era5_precipitation_sum,3,-0.007903443150901652
Anuradhapura,era5_precipitation_sum,4,-0.00873805097936402
Anuradhapura,era5_precipitation_sum,5,-0.03367105086072225
Anuradhapura,era5_precipitation_sum,6,0.06326899356091246
Anuradhapura,era5_precipitation_sum,7,0.08548173269307886
Anuradhapura,era5_precipitation_sum,8,0.13565622745105807
Anuradhapura,era5_precipitation_sum,9,0.13771429966304827
Anuradhapura,era5_precipitation_sum,10,0.09665137648579857
Anuradhapura,era5_precipitation_sum,11,0.10865979300669187
Anuradhapura,era5_precipitation_sum,12,0.10381157331745784
Anuradhapura,era5_precipitation_sum,13,0.04227307113157082
Anuradhapura,era5_precipitation_sum,14,0.035776899249940514
Anuradhapura,era5_precipitation_sum,15,-0.05615926614781502
Anuradhapura,era5_precipitation_sum,16,-0.0852864233715385
Anuradhapura,era5_precipitation_sum,17,-0.1069643177639805
Anuradhapura,era5_precipitation_sum,18,-0.13265026101098534
Anuradhapura,era5_precipitation_sum,19,-0.09422306493356601
Anuradhapura,era5_precipitation_sum,20,-0.16589674391661305
Badulla,era5_precipitation_sum,2,-0.07260397817573419
Badulla,era5_precipitation_sum,3,0.0407290951475692
Badulla,era5_precipitation_sum,4,0.05435780391659562
Badulla,era5_precipitation_sum,5,0.03766860193886053
Badulla,era5_precipitation_sum,6,-0.020409204608653895
Badulla,era5_precipitation_sum,7,0.014523181906205272
Badulla,era5_precipitation_sum,8,0.03612945394167633
Badulla,era5_precipitation_sum,9,0.04407962167814506
Badulla,era5_precipitation_sum,10,0.02247632874781516
Badulla,era5_precipitation_sum,11,-0.02964612254165755
Badulla,era5_precipitation_sum,12,-0.08575035748661157
Badulla,era5_precipitation_sum,13,-0.10019309794317884
Badulla,era5_precipitation_sum,14,-0.14047739769985815
Badulla,era5_precipitation_sum,15,-0.18488661929956648
Badulla,era5_precipitation_sum,16,-0.2637813584875858
Badulla,era5_precipitation_sum,17,-0.19773318784199176
Badulla,era5_precipitation_sum,18,-0.21496485292223583
Badulla,era5_precipitation_sum,19,-0.2855221984843287
Badulla,era5_precipitation_sum,20,-0.2930593533087188
Batticaloa,era5_precipitation_sum,2,0.03125598584138768
Batticaloa,era5_precipitation_sum,3,0.040401433213306324
Batticaloa,era5_precipitation_sum,4,0.09323412968280083
Batticaloa,era5_precipitation_sum,5,0.12465624314541314
Batticaloa,era5_precipitation_sum,6,0.126206719464287
Batticaloa,era5_precipitation_sum,7,0.1542799651723268
Batticaloa,era5_precipitation_sum,8,0.16741389221598924
Batticaloa,era5_precipitation_sum,9,0.17471803161431868
Batticaloa,era5_precipitation_sum,10,0.15078457943727783
Batticaloa,era5_precipitation_sum,11,0.1529756866633774
Batticaloa,era5_precipitation_sum,12,0.15853367872698798
Batticaloa,era5_precipitation_sum,13,0.14308595923448536
Batticaloa,era5_precipitation_sum,14,0.10870395534737765
Batticaloa,era5_precipitation_sum,15,0.06084054639264405
Batticaloa,era5_precipitation_sum,16,0.1009497205871343
Batticaloa,era5_precipitation_sum,17,0.08741294842347597
Batticaloa,era5_precipitation_sum,18,0.020010826661540432
Batticaloa,era5_precipitation_sum,19,0.042098134538056255
Batticaloa,era5_precipitation_sum,20,0.01968004562566003
Colombo,era5_precipitation_sum,2,-0.016054152813924537
Colombo,era5_precipitation_sum,3,0.05815707926507469
Colombo,era5_precipitation_sum,4,0.13586412999098826
Colombo,era5_precipitation_sum,5,0.22109137732455625
Colombo,era5_precipitation_sum,6,0.2516725742869543
Colombo,era5_precipitation_sum,7,0.27382557828169013
Colombo,era5_precipitation_sum,8,0.2622273499432309
Colombo,era5_precipitation_sum,9,0.24862023780122128
Colombo,era5_precipitation_sum,10,0.2054037035239049
Colombo,era5_precipitation_sum,11,0.17484084540547665
Colombo,era5_precipitation_sum,12,0.12172295588751289
Colombo,era5_precipitation_sum,13,0.07192392547007306
Colombo,era5_precipitation_sum,14,0.02631586227474722
Colombo,era5_precipitation_sum,15,-0.0580385129330356
Colombo,era5_precipitation_sum,16,-0.09461106452015296
Colombo,era5_precipitation_sum,17,-0.13243078936859468
Colombo,era5_precipitation_sum,18,-0.13634767364307465
Colombo,era5_precipitation_sum,19,-0.17386123180609953
Colombo,era5_precipitation_sum,20,-0.2443512467734952
Galle,era5_precipitation_sum,2,0.033655965932501336
Galle,era5_precipitation_sum,3,0.002508470855636308
Galle,era5_precipitation_sum,4,0.06825658602875961
Galle,era5_precipitation_sum,5,0.11272489134022405
Galle,era5_precipitation_sum,6,0.11048577201239981
Galle,era5_precipitation_sum,7,0.12976631500923583
Galle,era5_precipitation_sum,8,0.14871655665851125
Galle,era5_precipitation_sum,9,0.2084990595978559
Galle,era5_precipitation_sum,10,0.17156893230020953
Galle,era5_precipitation_sum,11,0.09838937036326767
Galle,era5_precipitation_sum,12,0.07495221846624717
Galle,era5_precipitation_sum,13,0.028935189142642932
Galle,era5_precipitation_sum,14,-0.022522198759216128
Galle,era5_precipitation_sum,15,-0.026652470421655694
Galle,era5_precipitation_sum,16,-0.10692203464554234
Galle,era5_precipitation_sum,17,-0.11504160720950375
Galle,era5_precipitation_sum,18,-0.1065350155064056
Galle,era5_precipitation_sum,19,-0.0873184895009049
Galle,era5_precipitation_sum,20,-0.08217537226716747
Gampaha,era5_precipitation_sum,2,-0.10300168231476915
Gampaha,era5_precipitation_sum,3,-0.10145543311006677
Gampaha,era5_precipitation_sum,4,-0.08012399200756928
Gampaha,era5_precipitation_sum,5,-0.02533386352550057
Gampaha,era5_precipitation_sum,6,0.09542345263899715
Gampaha,era5_precipitation_sum,7,0.1005408908632557
Gampaha,era5_precipitation_sum,8,0.09655168149530506
Gampaha,era5_precipitation_sum,9,0.10566461774123229
Gampaha,era5_precipitation_sum,10,0.08604006855634849
Gampaha,era5_precipitation_sum,11,0.10685281956481502
Gampaha,era5_precipitation_sum,12,0.08621207295712356
Gampaha,era5_precipitation_sum,13,0.02310762894334384
Gampaha,era5_precipitation_sum,14,0.01164640444565242
Gampaha,era5_precipitation_sum,15,-0.011239732365772486
Gampaha,era5_precipitation_sum,16,0.013920212484102898
Gampaha,era5_precipitation_sum,17,-0.06425692041953651
Gampaha,era5_precipitation_sum,18,-0.054846931764188596
Gampaha,era5_precipitation_sum,19,-0.09233245351331747
Gampaha,era5_precipitation_sum,20,-0.12169015021364189
Hambantota,era5_precipitation_sum,2,-0.05614049647323678
Hambantota,era5_precipitation_sum,3,-0.07508858789753553
Hambantota,era5_precipitation_sum,4,0.0032917003712661453
Hambantota,era5_precipitation_sum,5,0.008314296517458684
Hambantota,era5_precipitation_sum,6,-0.0012079348848349158
Hambantota,era5_precipitation_sum,7,0.046342438040740314
Hambantota,era5_precipitation_sum,8,0.07581927900003821
Hambantota,era5_precipitation_sum,9,0.11308672411758766
Hambantota,era5_precipitation_sum,10,0.0511127897486052
Hambantota,era5_precipitation_sum,11,0.045787324989775335
Hambantota,era5_precipitation_sum,12,0.04094458269147093
Hambantota,era5_precipitation_sum,13,0.025564342926458383
Hambantota,era5_precipitation_sum,14,0.00947987966520651
Hambantota,era5_precipitation_sum,15,-0.0786941115726627
Hambantota,era5_precipitation_sum,16,-0.0701350166557667
Hambantota,era5_precipitation_sum,17,-0.06601953149306096
Hambantota,era5_precipitation_sum,18,-0.10712515657492956
Hambantota,era5_precipitation_sum,19,-0.14730637422655732
Hambantota,era5_precipitation_sum,20,-0.13511723751584595
Jaffna,era5_precipitation_sum,2,0.20902243831712705
Jaffna,era5_precipitation_sum,3,0.2535970579632729
Jaffna,era5_precipitation_sum,4,0.2800507937369023
Jaffna,era5_precipitation_sum,5,0.2936167955147629
Jaffna,era5_precipitation_sum,6,0.3182551681371819
Jaffna,era5_precipitation_sum,7,0.3365940605195079
Jaffna,era5_precipitation_sum,8,0.30109598440785706
Jaffna,era5_precipitation_sum,9,0.3005376482300353
Jaffna,era5_precipitation_sum,10,0.29471837233399517
Jaffna,era5_precipitation_sum,11,0.22289153745570628
Jaffna,era5_precipitation_sum,12,0.18445391527978916
Jaffna,era5_precipitation_sum,13,0.10636492888401064
Jaffna,era5_precipitation_sum,14,0.031194170011208017
Jaffna,era5_precipitation_sum,15,0.03442697205049453
Jaffna,era5_precipitation_sum,16,-0.023898364521197746
Jaffna,era5_precipitation_sum,17,-0.10935231143804579
Jaffna,era5_precipitation_sum,18,-0.14108038499506326
Jaffna,era5_precipitation_sum,19,-0.18532365353132527
Jaffna,era5_precipitation_sum,20,-0.19292958227184034
Kalutara,era5_precipitation_sum,2,-0.04392046058146762
Kalutara,era5_precipitation_sum,3,-0.10993106394678678
Kalutara,era5_precipitation_sum,4,-0.10715167719186967
Kalutara,era5_precipitation_sum,5,-0.044313048866742644
Kalutara,era5_precipitation_sum,6,0.02354910851324204
Kalutara,era5_precipitation_sum,7,0.1274466608349884
Kalutara,era5_precipitation_sum,8,0.14244551477162995
Kalutara,era5_precipitation_sum,9,0.17147592358043495
Kalutara,era5_precipitation_sum,10,0.12032052865529552
Kalutara,era5_precipitation_sum,11,0.1523903996424599
Kalutara,era5_precipitation_sum,12,0.10653514528518329
Kalutara,era5_precipitation_sum,13,0.11055181215287838
Kalutara,era5_precipitation_sum,14,0.04158014876578424
Kalutara,era5_precipitation_sum,15,0.016401224716544618
Kalutara,era5_precipitation_sum,16,-0.0002921240602852388
Kalutara,era5_precipitation_sum,17,-0.01609907985300742
Kalutara,era5_precipitation_sum,18,-0.050899133072090784
Kalutara,era5_precipitation_sum,19,-0.0450841420794845
Kalutara,era5_precipitation_sum,20,-0.06534601035362371
Kandy,era5_precipitation_sum,2,-0.008061412502784424
Kandy,era5_precipitation_sum,3,-0.03677809415992296
Kandy,era5_precipitation_sum,4,0.041300336423733375
Kandy,era5_precipitation_sum,5,0.06467065057093244
Kandy,era5_precipitation_sum,6,0.054577140358672754
Kandy,era5_precipitation_sum,7,0.07186111781803187
Kandy,era5_precipitation_sum,8,0.0753713625204323
Kandy,era5_precipitation_sum,9,0.022092214220116525
Kandy,era5_precipitation_sum,10,-0.002171111042818204
Kandy,era5_precipitation_sum,11,-0.054334557496647055
Kandy,era5_precipitation_sum,12,-0.031233114180016577
Kandy,era5_precipitation_sum,13,-0.13106544510929252
Kandy,era5_precipitation_sum,14,-0.10724169808490105
Kandy,era5_precipitation_sum,15,-0.1937281452238306
Kandy,era5_precipitation_sum,16,-0.14031729762340503
Kandy,era5_precipitation_sum,17,-0.18459938027752834
Kandy,era5_precipitation_sum,18,-0.17700472861506245
Kandy,era5_precipitation_sum,19,-0.21551988174868103
Kandy,era5_precipitation_sum,20,-0.2328051348701536
Kegalle,era5_precipitation_sum,2,0.013903628776956715
Kegalle,era5_precipitation_sum,3,-0.07717519282559265
Kegalle,era5_precipitation_sum,4,-0.022908697711953908
Kegalle,era5_precipitation_sum,5,0.06450404002475994
Kegalle,era5_precipitation_sum,6,0.04284590649876574
Kegalle,era5_precipitation_sum,7,0.06973999058034185
Kegalle,era5_precipitation_sum,8,0.06865795305908409
Kegalle,era5_precipitation_sum,9,0.03191330527517345
Kegalle,era5_precipitation_sum,10,0.037633578817889056
Kegalle,era5_precipitation_sum,11,0.042729598985590624
Kegalle,era5_precipitation_sum,12,-0.014233670925566705
Kegalle,era5_precipitation_sum,13,-0.029783981788649466
Kegalle,era5_precipitation_sum,14,-0.060462563942089625
Kegalle,era5_precipitation_sum,15,-0.1293060301848255
Kegalle,era5_precipitation_sum,16,-0.1809872109066098
Kegalle,era5_precipitation_sum,17,-0.1801148682802076
Kegalle,era5_precipitation_sum,18,-0.16455675188605812
Kegalle,era5_precipitation_sum,19,-0.1898681774854719
Kegalle,era5_precipitation_sum,20,-0.1667345834919539
Kilinochchi,era5_precipitation_sum,2,-0.047666547045320244
Kilinochchi,era5_precipitation_sum,3,-0.027714140717017312
Kilinochchi,era5_precipitation_sum,4,0.025309046485188752
Kilinochchi,era5_precipitation_sum,5,-0.002191123038474507
Kilinochchi,era5_precipitation_sum,6,-0.001317180206332258
Kilinochchi,era5_precipitation_sum,7,0.01979210883976958
Kilinochchi,era5_precipitation_sum,8,0.09339180348850494
Kilinochchi,era5_precipitation_sum,9,0.09123748315330352
Kilinochchi,era5_precipitation_sum,10,0.09037409886663629
Kilinochchi,era5_precipitation_sum,11,0.06067624350633142
Kilinochchi,era5_precipitation_sum,12,0.0516919519525139
Kilinochchi,era5_precipitation_sum,13,0.053672622313508285
Kilinochchi,era5_precipitation_sum,14,-0.010467110547417538
Kilinochchi,era5_precipitation_sum,15,-0.006797390368198829
Kilinochchi,era5_precipitation_sum,16,-0.03837715059552663
Kilinochchi,era5_precipitation_sum,17,-0.05010594473032984
Kilinochchi,era5_precipitation_sum,18,-0.06117672027061386
Kilinochchi,era5_precipitation_sum,19,-0.021839658201913345
Kilinochchi,era5_precipitation_sum,20,-0.06308154580846818
Kurunegala,era5_precipitation_sum,2,-0.0332352561616445
Kurunegala,era5_precipitation_sum,3,-0.06983012305512774
Kurunegala,era5_precipitation_sum,4,0.01465801874758753
Kurunegala,era5_precipitation_sum,5,0.07233580359112601
Kurunegala,era5_precipitation_sum,6,0.06189686134775865
Kurunegala,era5_precipitation_sum,7,0.09554200021138866
Kurunegala,era5_precipitation_sum,8,0.0985533910604032
Kurunegala,era5_precipitation_sum,9,0.11010482917677544
Kurunegala,era5_precipitation_sum,10,0.1129281830314019
Kurunegala,era5_precipitation_sum,11,0.09160366517748238
Kurunegala,era5_precipitation_sum,12,0.052041237750473084
Kurunegala,era5_precipitation_sum,13,0.005850892834610099
Kurunegala,era5_precipitation_sum,14,-0.028816708208123896
Kurunegala,era5_precipitation_sum,15,-0.07904434439430796
Kurunegala,era5_precipitation_sum,16,-0.13038879702701128
Kurunegala,era5_precipitation_sum,17,-0.14758697852672178
Kurunegala,era5_precipitation_sum,18,-0.1954472435528411
Kurunegala,era5_precipitation_sum,19,-0.22157736626983093
Kurunegala,era5_precipitation_sum,20,-0.24027756597093008
Mannar,era5_precipitation_sum,2,0.04722420375129813
Mannar,era5_precipitation_sum,3,0.06755583446761171
Mannar,era5_precipitation_sum,4,0.08417395894919612
Mannar,era5_precipitation_sum,5,0.11164016760511113
Mannar,era5_precipitation_sum,6,0.13924390204408488
Mannar,era5_precipitation_sum,7,0.15498897171670614
Mannar,era5_precipitation_sum,8,0.19623105696290466
Mannar,era5_precipitation_sum,9,0.16831270754620045
Mannar,era5_precipitation_sum,10,0.13668352355939792
Mannar,era5_precipitation_sum,11,0.10008718835915958
Mannar,era5_precipitation_sum,12,0.025371610550959815
Mannar,era5_precipitation_sum,13,0.05340647766758968
Mannar,era5_precipitation_sum,14,-0.09708423303848757
Mannar,era5_precipitation_sum,15,-0.09984569185503982
Mannar,era5_precipitation_sum,16,-0.07089895484066987
Mannar,era5_precipitation_sum,17,-0.14218293986133318
Mannar,era5_precipitation_sum,18,-0.15584706632845258
Mannar,era5_precipitation_sum,19,-0.19129723766537088
Mannar,era5_precipitation_sum,20,-0.20205113011355869
Matale,era5_precipitation_sum,2,-0.07763836192492515
Matale,era5_precipitation_sum,3,-0.07235578494225886
Matale,era5_precipitation_sum,4,-0.04120539241192529
Matale,era5_precipitation_sum,5,0.016969511357597018
Matale,era5_precipitation_sum,6,0.0458639519196666
Matale,era5_precipitation_sum,7,0.0626818742650682
Matale,era5_precipitation_sum,8,0.07996571877542881
Matale,era5_precipitation_sum,9,0.09284410766877278
Matale,era5_precipitation_sum,10,0.08466417407386252
Matale,era5_precipitation_sum,11,0.03994466905613859
Matale,era5_precipitation_sum,12,0.0583302913422575
Matale,era5_precipitation_sum,13,-0.04355346116554745
Matale,era5_precipitation_sum,14,-0.008747885806266521
Matale,era5_precipitation_sum,15,-0.08918801562973888
Matale,era5_precipitation_sum,16,-0.07668072420805042
Matale,era5_precipitation_sum,17,-0.16824585235182624
Matale,era5_precipitation_sum,18,-0.1543032113701356
Matale,era5_precipitation_sum,19,-0.19410451640903895
Matale,era5_precipitation_sum,20,-0.22935226058099992
Matara,era5_precipitation_sum,2,-0.060553899531249664
Matara,era5_precipitation_sum,3,-0.053015356773228196
Matara,era5_precipitation_sum,4,-0.023759408823429033
Matara,era5_precipitation_sum,5,0.02642560966650576
Matara,era5_precipitation_sum,6,0.01253063646440785
Matara,era5_precipitation_sum,7,0.04092927683495922
Matara,era5_precipitation_sum,8,0.05306307143797618
Matara,era5_precipitation_sum,9,0.12371381818063606
Matara,era5_precipitation_sum,10,0.14698058339592435
Matara,era5_precipitation_sum,11,0.0777884510028553
Matara,era5_precipitation_sum,12,0.08714388779264806
Matara,era5_precipitation_sum,13,0.08116673098058586
Matara,era5_precipitation_sum,14,0.05843859920873557
Matara,era5_precipitation_sum,15,0.013252330467506478
Matara,era5_precipitation_sum,16,-0.012182598125614572
Matara,era5_precipitation_sum,17,-0.08449184393229732
Matara,era5_precipitation_sum,18,-0.07096930618239965
Matara,era5_precipitation_sum,19,-0.12921973917356958
Matara,era5_precipitation_sum,20,-0.1235648206313189
Moneragala,era5_precipitation_sum,2,-0.06325031371110484
Moneragala,era5_precipitation_sum,3,-0.023015654089477235
Moneragala,era5_precipitation_sum,4,-0.023251322701214685
Moneragala,era5_precipitation_sum,5,0.023657585137355133
Moneragala,era5_precipitation_sum,6,0.009468277390404704
Moneragala,era5_precipitation_sum,7,0.03727293109600141
Moneragala,era5_precipitation_sum,8,0.04502485085626728
Moneragala,era5_precipitation_sum,9,0.032466797542411385
Moneragala,era5_precipitation_sum,10,0.056394008965196314
Moneragala,era5_precipitation_sum,11,0.06029989818782405
Moneragala,era5_precipitation_sum,12,-0.00021396434006332434
Moneragala,era5_precipitation_sum,13,-0.008878931687551715
Moneragala,era5_precipitation_sum,14,-0.01169474612099718
Moneragala,era5_precipitation_sum,15,-0.0649362313784959
Moneragala,era5_precipitation_sum,16,-0.10410141895306323
Moneragala,era5_precipitation_sum,17,-0.10589505042218593
Moneragala,era5_precipitation_sum,18,-0.1519086580721333
Moneragala,era5_precipitation_sum,19,-0.1856491521746678
Moneragala,era5_precipitation_sum,20,-0.15124277398297553
Mullaitivu,era5_precipitation_sum,2,0.07952425937172543
Mullaitivu,era5_precipitation_sum,3,0.0823578612487359
Mullaitivu,era5_precipitation_sum,4,0.10567584292803435
Mullaitivu,era5_precipitation_sum,5,0.15164486786572504
Mullaitivu,era5_precipitation_sum,6,0.20499073393211442
Mullaitivu,era5_precipitation_sum,7,0.1408496518025053
Mullaitivu,era5_precipitation_sum,8,0.13087473962134058
Mullaitivu,era5_precipitation_sum,9,0.11435636059586178
Mullaitivu,era5_precipitation_sum,10,0.10261975767991019
Mullaitivu,era5_precipitation_sum,11,0.10969641871468822
Mullaitivu,era5_precipitation_sum,12,0.06610484861104121
Mullaitivu,era5_precipitation_sum,13,-0.06757142302114491
Mullaitivu,era5_precipitation_sum,14,-0.07785779277331985
Mullaitivu,era5_precipitation_sum,15,-0.014272932987276615
Mullaitivu,era5_precipitation_sum,16,-0.05049761009088985
Mullaitivu,era5_precipitation_sum,17,-0.11765787278835789
Mullaitivu,era5_precipitation_sum,18,-0.10763169837871843
Mullaitivu,era5_precipitation_sum,19,-0.04098240454113482
Mullaitivu,era5_precipitation_sum,20,-0.06253438081098764
NuwaraEliya,era5_precipitation_sum,2,-0.05907460584901604
NuwaraEliya,era5_precipitation_sum,3,-0.03355322390574529
NuwaraEliya,era5_precipitation_sum,4,0.0025592622105674234
NuwaraEliya,era5_precipitation_sum,5,0.06434623448661857
NuwaraEliya,era5_precipitation_sum,6,0.06899484779829361
NuwaraEliya,era5_precipitation_sum,7,0.11676825540354598
NuwaraEliya,era5_precipitation_sum,8,0.06373982294381186
NuwaraEliya,era5_precipitation_sum,9,0.09199407564140288
NuwaraEliya,era5_precipitation_sum,10,0.09686552620854884
NuwaraEliya,era5_precipitation_sum,11,0.10314004296944256
NuwaraEliya,era5_precipitation_sum,12,0.05094086258395679
NuwaraEliya,era5_precipitation_sum,13,-0.030656456752992525
NuwaraEliya,era5_precipitation_sum,14,-0.08371143462788147
NuwaraEliya,era5_precipitation_sum,15,-0.10661442997250702
NuwaraEliya,era5_precipitation_sum,16,-0.16487509161836722
NuwaraEliya,era5_precipitation_sum,17,-0.1515582486965372
NuwaraEliya,era5_precipitation_sum,18,-0.14398345206548663
NuwaraEliya,era5_precipitation_sum,19,-0.1743717576245488
NuwaraEliya,era5_precipitation_sum,20,-0.22008547978770637
Polonnaruwa,era5_precipitation_sum,2,0.02540588493388298
Polonnaruwa,era5_precipitation_sum,3,-0.05019205358045735
Polonnaruwa,era5_precipitation_sum,4,-0.05024847779678398
Polonnaruwa,era5_precipitation_sum,5,-0.02970722835832354
Polonnaruwa,era5_precipitation_sum,6,0.019209181099035563
Polonnaruwa,era5_precipitation_sum,7,0.039015800900110045
Polonnaruwa,era5_precipitation_sum,8,0.1130215653858919
Polonnaruwa,era5_precipitation_sum,9,0.0681522116140741
Polonnaruwa,era5_precipitation_sum,10,0.028046839362973714
Polonnaruwa,era5_precipitation_sum,11,0.049276981942903454
Polonnaruwa,era5_precipitation_sum,12,0.013435158102142238
Polonnaruwa,era5_precipitation_sum,13,-0.04351089374991273
Polonnaruwa,era5_precipitation_sum,14,-0.13124233144234215
Polonnaruwa,era5_precipitation_sum,15,-0.1252663272044197
Polonnaruwa,era5_precipitation_sum,16,-0.12794466194290477
Polonnaruwa,era5_precipitation_sum,17,-0.10961637495887101
Polonnaruwa,era5_precipitation_sum,18,-0.16117030564217907
Polonnaruwa,era5_precipitation_sum,19,-0.18421343349038927
Polonnaruwa,era5_precipitation_sum,20,-0.2038732005900276
Puttalam,era5_precipitation_sum,2,0.007566612507167773
Puttalam,era5_precipitation_sum,3,-0.01851312339726326
Puttalam,era5_precipitation_sum,4,0.05436110889563538
Puttalam,era5_precipitation_sum,5,0.08019243539209572
Puttalam,era5_precipitation_sum,6,0.0808291784081892
Puttalam,era5_precipitation_sum,7,0.11801420212784419
Puttalam,era5_precipitation_sum,8,0.15990338636975693
Puttalam,era5_precipitation_sum,9,0.12728875738909456
Puttalam,era5_precipitation_sum,10,0.14391682817761275
Puttalam,era5_precipitation_sum,11,0.11389484330444606
Puttalam,era5_precipitation_sum,12,0.07670297914350915
Puttalam,era5_precipitation_sum,13,0.058996225991708194
Puttalam,era5_precipitation_sum,14,0.004106215527301862
Puttalam,era5_precipitation_sum,15,-0.05178420294031191
Puttalam,era5_precipitation_sum,16,-0.09901192490537561
Puttalam,era5_precipitation_sum,17,-0.19724624908809882
Puttalam,era5_precipitation_sum,18,-0.13306046540668506
Puttalam,era5_precipitation_sum,19,-0.17619088944896355
Puttalam,era5_precipitation_sum,20,-0.17741938864520837
Ratnapura,era5_precipitation_sum,2,-0.09275505657728295
Ratnapura,era5_precipitation_sum,3,-0.06973530599776011
Ratnapura,era5_precipitation_sum,4,-0.051348173375257156
Ratnapura,era5_precipitation_sum,5,0.02535035649195487
Ratnapura,era5_precipitation_sum,6,-0.0037573900902576982
Ratnapura,era5_precipitation_sum,7,0.014291952141102921
Ratnapura,era5_precipitation_sum,8,0.03436581670001237
Ratnapura,era5_precipitation_sum,9,0.0373411289267741
Ratnapura,era5_precipitation_sum,10,0.021862020142996555
Ratnapura,era5_precipitation_sum,11,-0.009669240768085358
Ratnapura,era5_precipitation_sum,12,-0.011618610667253872
Ratnapura,era5_precipitation_sum,13,-0.03958917716041544
Ratnapura,era5_precipitation_sum,14,-0.05033974613396274
Ratnapura,era5_precipitation_sum,15,-0.11758887406770036
Ratnapura,era5_precipitation_sum,16,-0.11557393265184149
Ratnapura,era5_precipitation_sum,17,-0.1416846172717741
Ratnapura,era5_precipitation_sum,18,-0.1086258976526352
Ratnapura,era5_precipitation_sum,19,-0.1571540613417734
Ratnapura,era5_precipitation_sum,20,-0.14835891184135877
Trincomalee,era5_precipitation_sum,2,0.005622468200980528
Trincomalee,era5_precipitation_sum,3,0.031925064116442296
Trincomalee,era5_precipitation_sum,4,0.09128171942511205
Trincomalee,era5_precipitation_sum,5,0.13777506359909264
Trincomalee,era5_precipitation_sum,6,0.1311053122527619
Trincomalee,era5_precipitation_sum,7,0.15392915723042672
Trincomalee,era5_precipitation_sum,8,0.18295338169800415
Trincomalee,era5_precipitation_sum,9,0.19437772458414013
Trincomalee,era5_precipitation_sum,10,0.1891640067481807
Trincomalee,era5_precipitation_sum,11,0.14947774689732315
Trincomalee,era5_precipitation_sum,12,0.12251919211221547
Trincomalee,era5_precipitation_sum,13,0.16019393073094554
Trincomalee,era5_precipitation_sum,14,0.1267847911225878
Trincomalee,era5_precipitation_sum,15,0.025620806492571088
Trincomalee,era5_precipitation_sum,16,0.04892823380574643
Trincomalee,era5_precipitation_sum,17,0.0375428087477964
Trincomalee,era5_precipitation_sum,18,0.0024902473608341023
Trincomalee,era5_precipitation_sum,19,0.02056017773699104
Trincomalee,era5_precipitation_sum,20,-0.015044799449621444
Vavuniya,era5_precipitation_sum,2,0.03367071607513899
Vavuniya,era5_precipitation_sum,3,0.02700191194817436
Vavuniya,era5_precipitation_sum,4,0.08835883702790713
Vavuniya,era5_precipitation_sum,5,0.17896811934763782
Vavuniya,era5_precipitation_sum,6,0.1857671634766739
Vavuniya,era5_precipitation_sum,7,0.16551694015633028
Vavuniya,era5_precipitation_sum,8,0.170610945124659
Vavuniya,era5_precipitation_sum,9,0.18937814254831833
Vavuniya,era5_precipitation_sum,10,0.16900193716315606
Vavuniya,era5_precipitation_sum,11,0.09175576065952036
Vavuniya,era5_precipitation_sum,12,0.0608017176064339
Vavuniya,era5_precipitation_sum,13,0.055373673248638296
Vavuniya,era5_precipitation_sum,14,0.03625025412615616
Vavuniya,era5_precipitation_sum,15,-0.02208552872328832
Vavuniya,era5_precipitation_sum,16,0.008503033132470299
Vavuniya,era5_precipitation_sum,17,-0.06873177784863056
Vavuniya,era5_precipitation_sum,18,-0.08028735549832974
Vavuniya,era5_precipitation_sum,19,-0.07867208371187825
Vavuniya,era5_precipitation_sum,20,-0.05230915220346838
Ampara,era5_relative_humidity_2m_mean,2,-0.03891764479125902
Ampara,era5_relative_humidity_2m_mean,3,-0.03524803123475601
Ampara,era5_relative_humidity_2m_mean,4,-0.014183830414875831
Ampara,era5_relative_humidity_2m_mean,5,0.0009738757957987318
Ampara,era5_relative_humidity_2m_mean,6,0.005311815693165757
Ampara,era5_relative_humidity_2m_mean,7,0.048524489476917516
Ampara,era5_relative_humidity_2m_mean,8,0.045423695909358054
Ampara,era5_relative_humidity_2m_mean,9,0.0721349755947518
Ampara,era5_relative_humidity_2m_mean,10,0.05203800695768581
Ampara,era5_relative_humidity_2m_mean,11,0.052938930644691164
Ampara,era5_relative_humidity_2m_mean,12,0.06440933747374925
Ampara,era5_relative_humidity_2m_mean,13,0.04853390608033428
Ampara,era5_relative_humidity_2m_mean,14,0.03985316089362938
Ampara,era5_relative_humidity_2m_mean,15,0.02497568717546174
Ampara,era5_relative_humidity_2m_mean,16,0.020475179418174425
Ampara,era5_relative_humidity_2m_mean,17,-0.03504380793157928
Ampara,era5_relative_humidity_2m_mean,18,-0.011551091691383844
Ampara,era5_relative_humidity_2m_mean,19,0.0037776964076655976
Ampara,era5_relative_humidity_2m_mean,20,-0.02435504434143272
Anuradhapura,era5_relative_humidity_2m_mean,2,0.023811420279612458
Anuradhapura,era5_relative_humidity_2m_mean,3,0.06811696473434029
Anuradhapura,era5_relative_humidity_2m_mean,4,0.05762845445069188
Anuradhapura,era5_relative_humidity_2m_mean,5,0.09315355684395604
Anuradhapura,era5_relative_humidity_2m_mean,6,0.13756219013829404
Anuradhapura,era5_relative_humidity_2m_mean,7,0.17530925856467097
Anuradhapura,era5_relative_humidity_2m_mean,8,0.1846021728105417
Anuradhapura,era5_relative_humidity_2m_mean,9,0.14593634170478686
Anuradhapura,era5_relative_humidity_2m_mean,10,0.07841958194158949
Anuradhapura,era5_relative_humidity_2m_mean,11,0.06451533556866579
Anuradhapura,era5_relative_humidity_2m_mean,12,0.04375343318744644
Anuradhapura,era5_relative_humidity_2m_mean,13,-0.03722691073672035
Anuradhapura,era5_relative_humidity_2m_mean,14,-0.1094405576462779
Anuradhapura,era5_relative_humidity_2m_mean,15,-0.13305820422680917
Anuradhapura,era5_relative_humidity_2m_mean,16,-0.14686590303823566
Anuradhapura,era5_relative_humidity_2m_mean,17,-0.19188026010326192
Anuradhapura,era5_relative_humidity_2m_mean,18,-0.18732426128002888
Anuradhapura,era5_relative_humidity_2m_mean,19,-0.17075472946580864
Anuradhapura,era5_relative_humidity_2m_mean,20,-0.21102275040068574
Badulla,era5_relative_humidity_2m_mean,2,-0.1985503311241013
Badulla,era5_relative_humidity_2m_mean,3,-0.1916301501559571
Badulla,era5_relative_humidity_2m_mean,4,-0.20227423972233552
Badulla,era5_relative_humidity_2m_mean,5,-0.19326336259563648
Badulla,era5_relative_humidity_2m_mean,6,-0.20272684408614133
Badulla,era5_relative_humidity_2m_mean,7,-0.21447809116905575
Badulla,era5_relative_humidity_2m_mean,8,-0.18188817490719433
Badulla,era5_relative_humidity_2m_mean,9,-0.1896983007518393
Badulla,era5_relative_humidity_2m_mean,10,-0.23275140263911034
Badulla,era5_relative_humidity_2m_mean,11,-0.27794645415869473
Badulla,era5_relative_humidity_2m_mean,12,-0.3014697182230735
Badulla,era5_relative_humidity_2m_mean,13,-0.3390968170135828
Badulla,era5_relative_humidity_2m_mean,14,-0.37684564507990465
Badulla,era5_relative_humidity_2m_mean,15,-0.37383884069184065
Badulla,era5_relative_humidity_2m_mean,16,-0.38545109711405784
Badulla,era5_relative_humidity_2m_mean,17,-0.3621687137937877
Badulla,era5_relative_humidity_2m_mean,18,-0.35358945719808
Badulla,era5_relative_humidity_2m_mean,19,-0.3415151810167354
Badulla,era5_relative_humidity_2m_mean,20,-0.3249881797901376
Batticaloa,era5_relative_humidity_2m_mean,2,0.30119618882800137
Batticaloa,era5_relative_humidity_2m_mean,3,0.357730559204966
Batticaloa,era5_relative_humidity_2m_mean,4,0.40329260297434716
Batticaloa,era5_relative_humidity_2m_mean,5,0.4396298231243092
Batticaloa,era5_relative_humidity_2m_mean,6,0.4637947844129956
Batticaloa,era5_relative_humidity_2m_mean,7,0.48033221912461305
Batticaloa,era5_relative_humidity_2m_mean,8,0.4659729618670616
Batticaloa,era5_relative_humidity_2m_mean,9,0.46446305603686394
Batticaloa,era5_relative_humidity_2m_mean,10,0.4608342601019969
Batticaloa,era5_relative_humidity_2m_mean,11,0.42930344893515354
Batticaloa,era5_relative_humidity_2m_mean,12,0.43479026474409205
Batticaloa,era5_relative_humidity_2m_mean,13,0.41171890347550183
Batticaloa,era5_relative_humidity_2m_mean,14,0.3638807133214639
Batticaloa,era5_relative_humidity_2m_mean,15,0.3147252015077569
Batticaloa,era5_relative_humidity_2m_mean,16,0.2757805074127647
Batticaloa,era5_relative_humidity_2m_mean,17,0.225104359953053
Batticaloa,era5_relative_humidity_2m_mean,18,0.16430104325229983
Batticaloa,era5_relative_humidity_2m_mean,19,0.10745816537819271
Batticaloa,era5_relative_humidity_2m_mean,20,0.046370586788033546
Colombo,era5_relative_humidity_2m_mean,2,0.11047942258695413
Colombo,era5_relative_humidity_2m_mean,3,0.16908419128873664
Colombo,era5_relative_humidity_2m_mean,4,0.22540555653748554
Colombo,era5_relative_humidity_2m_mean,5,0.29312737903921443
Colombo,era5_relative_humidity_2m_mean,6,0.3256434159832276
Colombo,era5_relative_humidity_2m_mean,7,0.3555839231553897
Colombo,era5_relative_humidity_2m_mean,8,0.3505214981287802
Colombo,era5_relative_humidity_2m_mean,9,0.3309494795379927
Colombo,era5_relative_humidity_2m_mean,10,0.30660996916232836
Colombo,era5_relative_humidity_2m_mean,11,0.2442667500594089
Colombo,era5_relative_humidity_2m_mean,12,0.1830459638445099
Colombo,era5_relative_humidity_2m_mean,13,0.1030499032959678
Colombo,era5_relative_humidity_2m_mean,14,0.05405309455799412
Colombo,era5_relative_humidity_2m_mean,15,-0.022902061860113985
Colombo,era5_relative_humidity_2m_mean,16,-0.08018408497276332
Colombo,era5_relative_humidity_2m_mean,17,-0.1460303950723868
Colombo,era5_relative_humidity_2m_mean,18,-0.17006708581733443
Colombo,era5_relative_humidity_2m_mean,19,-0.20656183404354267
Colombo,era5_relative_humidity_2m_mean,20,-0.25372026962699035
Galle,era5_relative_humidity_2m_mean,2,0.16087186476834572
Galle,era5_relative_humidity_2m_mean,3,0.2025864239149799
Galle,era5_relative_humidity_2m_mean,4,0.16887780357117285
Galle,era5_relative_humidity_2m_mean,5,0.20881490373393022
Galle,era5_relative_humidity_2m_mean,6,0.20077483046917804
Galle,era5_relative_humidity_2m_mean,7,0.20578164669793989
Galle,era5_relative_humidity_2m_mean,8,0.21521273500763968
Galle,era5_relative_humidity_2m_mean,9,0.2251627056290951
Galle,era5_relative_humidity_2m_mean,10,0.19142365698903488
Galle,era5_relative_humidity_2m_mean,11,0.12804796987547615
Galle,era5_relative_humidity_2m_mean,12,0.1463239988507003
Galle,era5_relative_humidity_2m_mean,13,0.07318454956808142
Galle,era5_relative_humidity_2m_mean,14,0.00795842779307713
Galle,era5_relative_humidity_2m_mean,15,-0.028948860679184955
Galle,era5_relative_humidity_2m_mean,16,-0.09771437582570025
Galle,era5_relative_humidity_2m_mean,17,-0.12575969597567022
Galle,era5_relative_humidity_2m_mean,18,-0.12329926013901485
Galle,era5_relative_humidity_2m_mean,19,-0.11754412206543478
Galle,era5_relative_humidity_2m_mean,20,-0.10189405471633263
Gampaha,era5_relative_humidity_2m_mean,2,0.11707903853333478
Gampaha,era5_relative_humidity_2m_mean,3,0.12014002531879474
Gampaha,era5_relative_humidity_2m_mean,4,0.14080090617730806
Gampaha,era5_relative_humidity_2m_mean,5,0.19046519144032323
Gampaha,era5_relative_humidity_2m_mean,6,0.23038086479692682
Gampaha,era5_relative_humidity_2m_mean,7,0.24549266810059722
Gampaha,era5_relative_humidity_2m_mean,8,0.2357061081637675
Gampaha,era5_relative_humidity_2m_mean,9,0.25092139150591747
Gampaha,era5_relative_humidity_2m_mean,10,0.2091359916076554
Gampaha,era5_relative_humidity_2m_mean,11,0.17529308672105604
Gampaha,era5_relative_humidity_2m_mean,12,0.15306339714571715
Gampaha,era5_relative_humidity_2m_mean,13,0.11695933668927758
Gampaha,era5_relative_humidity_2m_mean,14,0.07352550207994113
Gampaha,era5_relative_humidity_2m_mean,15,0.03975897952063142
Gampaha,era5_relative_humidity_2m_mean,16,0.03115932117757988
Gampaha,era5_relative_humidity_2m_mean,17,-0.046684817864786884
Gampaha,era5_relative_humidity_2m_mean,18,-0.059648855413709824
Gampaha,era5_relative_humidity_2m_mean,19,-0.08601950550836042
Gampaha,era5_relative_humidity_2m_mean,20,-0.1403602206016393
Hambantota,era5_relative_humidity_2m_mean,2,-0.06527107045484239
Hambantota,era5_relative_humidity_2m_mean,3,-0.033352537044755694
Hambantota,era5_relative_humidity_2m_mean,4,-0.027308473975159918
Hambantota,era5_relative_humidity_2m_mean,5,0.0195944914108873
Hambantota,era5_relative_humidity_2m_mean,6,0.04484894413974928
Hambantota,era5_relative_humidity_2m_mean,7,0.07527682529733604
Hambantota,era5_relative_humidity_2m_mean,8,0.07825329224688114
Hambantota,era5_relative_humidity_2m_mean,9,0.10093917839304135
Hambantota,era5_relative_humidity_2m_mean,10,0.06995722663062277
Hambantota,era5_relative_humidity_2m_mean,11,0.01667402424292659
Hambantota,era5_relative_humidity_2m_mean,12,0.004001400060177784
Hambantota,era5_relative_humidity_2m_mean,13,-0.06532983665532972
Hambantota,era5_relative_humidity_2m_mean,14,-0.13951027938842955
Hambantota,era5_relative_humidity_2m_mean,15,-0.17352934406933057
Hambantota,era5_relative_humidity_2m_mean,16,-0.18832991700886406
Hambantota,era5_relative_humidity_2m_mean,17,-0.258826470634096
Hambantota,era5_relative_humidity_2m_mean,18,-0.289164101476394
Hambantota,era5_relative_humidity_2m_mean,19,-0.32398095837008545
Hambantota,era5_relative_humidity_2m_mean,20,-0.3427611239035419
Jaffna,era5_relative_humidity_2m_mean,2,0.09423360485470506
Jaffna,era5_relative_humidity_2m_mean,3,0.16454554733277793
Jaffna,era5_relative_humidity_2m_mean,4,0.19050475332936584
Jaffna,era5_relative_humidity_2m_mean,5,0.23186749772682885
Jaffna,era5_relative_humidity_2m_mean,6,0.28360890810933603
Jaffna,era5_relative_humidity_2m_mean,7,0.2785983130636559
Jaffna,era5_relative_humidity_2m_mean,8,0.2870019402925744
Jaffna,era5_relative_humidity_2m_mean,9,0.32270418867020556
Jaffna,era5_relative_humidity_2m_mean,10,0.2972160517652158
Jaffna,era5_relative_humidity_2m_mean,11,0.26515154910816113
Jaffna,era5_relative_humidity_2m_mean,12,0.2695921574541876
Jaffna,era5_relative_humidity_2m_mean,13,0.20279259526689844
Jaffna,era5_relative_humidity_2m_mean,14,0.16291158471674808
Jaffna,era5_relative_humidity_2m_mean,15,0.13767513351561586
Jaffna,era5_relative_humidity_2m_mean,16,0.10630363665191055
Jaffna,era5_relative_humidity_2m_mean,17,0.042798068890908716
Jaffna,era5_relative_humidity_2m_mean,18,0.02352524199319036
Jaffna,era5_relative_humidity_2m_mean,19,-0.03909299465172467
Jaffna,era5_relative_humidity_2m_mean,20,-0.04910223001251511
Kalutara,era5_relative_humidity_2m_mean,2,0.12190849335991183
Kalutara,era5_relative_humidity_2m_mean,3,0.12689550468027194
Kalutara,era5_relative_humidity_2m_mean,4,0.1292149384159491
Kalutara,era5_relative_humidity_2m_mean,5,0.1952731743975021
Kalutara,era5_relative_humidity_2m_mean,6,0.214164128049342
Kalutara,era5_relative_humidity_2m_mean,7,0.2436303937282453
Kalutara,era5_relative_humidity_2m_mean,8,0.2765072721414713
Kalutara,era5_relative_humidity_2m_mean,9,0.28879157867791816
Kalutara,era5_relative_humidity_2m_mean,10,0.26712252479279436
Kalutara,era5_relative_humidity_2m_mean,11,0.2532038494295552
Kalutara,era5_relative_humidity_2m_mean,12,0.21556569573700202
Kalutara,era5_relative_humidity_2m_mean,13,0.1820354248377997
Kalutara,era5_relative_humidity_2m_mean,14,0.11125242074457611
Kalutara,era5_relative_humidity_2m_mean,15,0.025235478455552532
Kalutara,era5_relative_humidity_2m_mean,16,-0.015433044079086564
Kalutara,era5_relative_humidity_2m_mean,17,-0.06224246625165457
Kalutara,era5_relative_humidity_2m_mean,18,-0.08602126579528568
Kalutara,era5_relative_humidity_2m_mean,19,-0.07710553338389774
Kalutara,era5_relative_humidity_2m_mean,20,-0.07790562817813654
Kandy,era5_relative_humidity_2m_mean,2,0.002864846857695732
Kandy,era5_relative_humidity_2m_mean,3,-0.009672349050300988
Kandy,era5_relative_humidity_2m_mean,4,-0.05551681714896963
Kandy,era5_relative_humidity_2m_mean,5,-0.033863096077379966
Kandy,era5_relative_humidity_2m_mean,6,-0.040462915451716666
Kandy,era5_relative_humidity_2m_mean,7,-0.06906649980515431
Kandy,era5_relative_humidity_2m_mean,8,-0.09253440155911137
Kandy,era5_relative_humidity_2m_mean,9,-0.12886749849725085
Kandy,era5_relative_humidity_2m_mean,10,-0.19617498270050718
Kandy,era5_relative_humidity_2m_mean,11,-0.21822881982262998
Kandy,era5_relative_humidity_2m_mean,12,-0.22900999248139395
Kandy,era5_relative_humidity_2m_mean,13,-0.29842295400759145
Kandy,era5_relative_humidity_2m_mean,14,-0.34922265152223814
Kandy,era5_relative_humidity_2m_mean,15,-0.3484418512614417
Kandy,era5_relative_humidity_2m_mean,16,-0.35559841285595906
Kandy,era5_relative_humidity_2m_mean,17,-0.35429823169176944
Kandy,era5_relative_humidity_2m_mean,18,-0.3288826922837999
Kandy,era5_relative_humidity_2m_mean,19,-0.3195209288065554
Kandy,era5_relative_humidity_2m_mean,20,-0.2976927113559247
Kegalle,era5_relative_humidity_2m_mean,2,0.1687885871227885
Kegalle,era5_relative_humidity_2m_mean,3,0.15548187737512215
Kegalle,era5_relative_humidity_2m_mean,4,0.13542694193582194
Kegalle,era5_relative_humidity_2m_mean,5,0.1756171343921652
Kegalle,era5_relative_humidity_2m_mean,6,0.1585301509483062
Kegalle,era5_relative_humidity_2m_mean,7,0.15863697896467732
Kegalle,era5_relative_humidity_2m_mean,8,0.11720370855095012
Kegalle,era5_relative_humidity_2m_mean,9,0.06381018459792007
Kegalle,era5_relative_humidity_2m_mean,10,0.03700442586009873
Kegalle,era5_relative_humidity_2m_mean,11,-0.021388099750571547
Kegalle,era5_relative_humidity_2m_mean,12,-0.07709680256093124
Kegalle,era5_relative_humidity_2m_mean,13,-0.13648068097012986
Kegalle,era5_relative_humidity_2m_mean,14,-0.1656606304109047
Kegalle,era5_relative_humidity_2m_mean,15,-0.22237647554962214
Kegalle,era5_relative_humidity_2m_mean,16,-0.2747288667873348
Kegalle,era5_relative_humidity_2m_mean,17,-0.29850405102864913
Kegalle,era5_relative_humidity_2m_mean,18,-0.2910306473782879
Kegalle,era5_relative_humidity_2m_mean,19,-0.3261103772465895
Kegalle,era5_relative_humidity_2m_mean,20,-0.31521416851240824
Kilinochchi,era5_relative_humidity_2m_mean,2,0.015462195957719877
Kilinochchi,era5_relative_humidity_2m_mean,3,0.061724814000045
Kilinochchi,era5_relative_humidity_2m_mean,4,0.09821608166797463
Kilinochchi,era5_relative_humidity_2m_mean,5,0.1110939963535524
Kilinochchi,era5_relative_humidity_2m_mean,6,0.12939603846885228
Kilinochchi,era5_relative_humidity_2m_mean,7,0.13021980650921888
Kilinochchi,era5_relative_humidity_2m_mean,8,0.17179032906768052
Kilinochchi,era5_relative_humidity_2m_mean,9,0.18221096449471372
Kilinochchi,era5_relative_humidity_2m_mean,10,0.17616326838529464
Kilinochchi,era5_relative_humidity_2m_mean,11,0.112299011576222
Kilinochchi,era5_relative_humidity_2m_mean,12,0.14383351144417844
Kilinochchi,era5_relative_humidity_2m_mean,13,0.09062935874570574
Kilinochchi,era5_relative_humidity_2m_mean,14,0.04656068713209248
Kilinochchi,era5_relative_humidity_2m_mean,15,0.028432017238699765
Kilinochchi,era5_relative_humidity_2m_mean,16,0.03489213373458471
Kilinochchi,era5_relative_humidity_2m_mean,17,0.03041662851837741
Kilinochchi,era5_relative_humidity_2m_mean,18,0.01623163649160389
Kilinochchi,era5_relative_humidity_2m_mean,19,0.014712609108630608
Kilinochchi,era5_relative_humidity_2m_mean,20,0.007025281164642291
Kurunegala,era5_relative_humidity_2m_mean,2,0.08141300149622016
Kurunegala,era5_relative_humidity_2m_mean,3,0.11145689589282791
Kurunegala,era5_relative_humidity_2m_mean,4,0.11183232480843815
Kurunegala,era5_relative_humidity_2m_mean,5,0.15531701127126735
Kurunegala,era5_relative_humidity_2m_mean,6,0.14935498147806278
Kurunegala,era5_relative_humidity_2m_mean,7,0.14951700038626445
Kurunegala,era5_relative_humidity_2m_mean,8,0.12593229731323258
Kurunegala,era5_relative_humidity_2m_mean,9,0.09537971143103824
Kurunegala,era5_relative_humidity_2m_mean,10,0.04275790422116769
Kurunegala,era5_relative_humidity_2m_mean,11,-0.02522609593903834
Kurunegala,era5_relative_humidity_2m_mean,12,-0.09369543954202271
Kurunegala,era5_relative_humidity_2m_mean,13,-0.18699394093208
Kurunegala,era5_relative_humidity_2m_mean,14,-0.2702041077334475
Kurunegala,era5_relative_humidity_2m_mean,15,-0.301922388489124
Kurunegala,era5_relative_humidity_2m_mean,16,-0.35283476381866147
Kurunegala,era5_relative_humidity_2m_mean,17,-0.41049579654368834
Kurunegala,era5_relative_humidity_2m_mean,18,-0.4314171371450704
Kurunegala,era5_relative_humidity_2m_mean,19,-0.4342840327171017
Kurunegala,era5_relative_humidity_2m_mean,20,-0.4253714136126339
Mannar,era5_relative_humidity_2m_mean,2,0.057120510230005694
Mannar,era5_relative_humidity_2m_mean,3,0.09528056125856622
Mannar,era5_relative_humidity_2m_mean,4,0.07523150143325365
Mannar,era5_relative_humidity_2m_mean,5,0.16777383999769768
Mannar,era5_relative_humidity_2m_mean,6,0.19180902179995754
Mannar,era5_relative_humidity_2m_mean,7,0.18476171115895912
Mannar,era5_relative_humidity_2m_mean,8,0.20104152073399884
Mannar,era5_relative_humidity_2m_mean,9,0.1767198431575043
Mannar,era5_relative_humidity_2m_mean,10,0.12673607923676164
Mannar,era5_relative_humidity_2m_mean,11,0.048413995530658026
Mannar,era5_relative_humidity_2m_mean,12,0.010989973188077573
Mannar,era5_relative_humidity_2m_mean,13,-0.009244630824710668
Mannar,era5_relative_humidity_2m_mean,14,-0.1330355812892021
Mannar,era5_relative_humidity_2m_mean,15,-0.12750282196673826
Mannar,era5_relative_humidity_2m_mean,16,-0.1296325903527815
Mannar,era5_relative_humidity_2m_mean,17,-0.16243068821882253
Mannar,era5_relative_humidity_2m_mean,18,-0.17341764365786522
Mannar,era5_relative_humidity_2m_mean,19,-0.18420457877848956
Mannar,era5_relative_humidity_2m_mean,20,-0.1633054219423413
Matale,era5_relative_humidity_2m_mean,2,-0.01292139676098648
Matale,era5_relative_humidity_2m_mean,3,-0.021194464293171417
Matale,era5_relative_humidity_2m_mean,4,-0.03098564687022551
Matale,era5_relative_humidity_2m_mean,5,0.003528881915755018
Matale,era5_relative_humidity_2m_mean,6,0.010952701603107805
Matale,era5_relative_humidity_2m_mean,7,0.02352223023031349
Matale,era5_relative_humidity_2m_mean,8,0.02438979174485158
Matale,era5_relative_humidity_2m_mean,9,0.00897011542354058
Matale,era5_relative_humidity_2m_mean,10,0.002824324438060117
Matale,era5_relative_humidity_2m_mean,11,-0.03819775853946916
Matale,era5_relative_humidity_2m_mean,12,-0.035230513665825774
Matale,era5_relative_humidity_2m_mean,13,-0.10964238709871958
Matale,era5_relative_humidity_2m_mean,14,-0.16424990431576164
Matale,era5_relative_humidity_2m_mean,15,-0.17594001641876608
Matale,era5_relative_humidity_2m_mean,16,-0.17572912827806006
Matale,era5_relative_humidity_2m_mean,17,-0.21342239642420646
Matale,era5_relative_humidity_2m_mean,18,-0.2082064508882117
Matale,era5_relative_humidity_2m_mean,19,-0.20366698412627288
Matale,era5_relative_humidity_2m_mean,20,-0.20170269251802334
Matara,era5_relative_humidity_2m_mean,2,0.14779918117785548
Matara,era5_relative_humidity_2m_mean,3,0.18545619833062693
Matara,era5_relative_humidity_2m_mean,4,0.183245479638895
Matara,era5_relative_humidity_2m_mean,5,0.22775775815143492
Matara,era5_relative_humidity_2m_mean,6,0.23977146818254252
Matara,era5_relative_humidity_2m_mean,7,0.26550334720285873
Matara,era5_relative_humidity_2m_mean,8,0.27024638030472925
Matara,era5_relative_humidity_2m_mean,9,0.31168158208153113
Matara,era5_relative_humidity_2m_mean,10,0.2766612340731087
Matara,era5_relative_humidity_2m_mean,11,0.20430540979045234
Matara,era5_relative_humidity_2m_mean,12,0.175691233711378
Matara,era5_relative_humidity_2m_mean,13,0.1408862259490471
Matara,era5_relative_humidity_2m_mean,14,0.08556140730527093
Matara,era5_relative_humidity_2m_mean,15,0.03028058851742105
Matara,era5_relative_humidity_2m_mean,16,-0.025228813810368
Matara,era5_relative_humidity_2m_mean,17,-0.08635454339378133
Matara,era5_relative_humidity_2m_mean,18,-0.11100610081285522
Matara,era5_relative_humidity_2m_mean,19,-0.13136021897612474
Matara,era5_relative_humidity_2m_mean,20,-0.15396379988754205
Moneragala,era5_relative_humidity_2m_mean,2,-0.08086751321049661
Moneragala,era5_relative_humidity_2m_mean,3,-0.06352107629101027
Moneragala,era5_relative_humidity_2m_mean,4,-0.04711017986138972
Moneragala,era5_relative_humidity_2m_mean,5,-0.02133211522027203
Moneragala,era5_relative_humidity_2m_mean,6,-0.0033032350445365245
Moneragala,era5_relative_humidity_2m_mean,7,0.013494552679121617
Moneragala,era5_relative_humidity_2m_mean,8,0.017663010953558596
Moneragala,era5_relative_humidity_2m_mean,9,0.01995043352420802
Moneragala,era5_relative_humidity_2m_mean,10,0.02542001264691159
Moneragala,era5_relative_humidity_2m_mean,11,0.0033376517626712812
Moneragala,era5_relative_humidity_2m_mean,12,-0.020079937747568943
Moneragala,era5_relative_humidity_2m_mean,13,-0.020860963816817176
Moneragala,era5_relative_humidity_2m_mean,14,-0.05729794146821947
Moneragala,era5_relative_humidity_2m_mean,15,-0.11154935837395077
Moneragala,era5_relative_humidity_2m_mean,16,-0.14043471032828597
Moneragala,era5_relative_humidity_2m_mean,17,-0.15950972806989927
Moneragala,era5_relative_humidity_2m_mean,18,-0.17642012316682684
Moneragala,era5_relative_humidity_2m_mean,19,-0.18270430137577037
Moneragala,era5_relative_humidity_2m_mean,20,-0.21912635017683016
Mullaitivu,era5_relative_humidity_2m_mean,2,0.09035217958237457
Mullaitivu,era5_relative_humidity_2m_mean,3,0.1463912061105031
Mullaitivu,era5_relative_humidity_2m_mean,4,0.135681089311063
Mullaitivu,era5_relative_humidity_2m_mean,5,0.17448725153487082
Mullaitivu,era5_relative_humidity_2m_mean,6,0.18978017297822036
Mullaitivu,era5_relative_humidity_2m_mean,7,0.15870074277700272
Mullaitivu,era5_relative_humidity_2m_mean,8,0.15341552626776903
Mullaitivu,era5_relative_humidity_2m_mean,9,0.19860082158374548
Mullaitivu,era5_relative_humidity_2m_mean,10,0.15643834350175054
Mullaitivu,era5_relative_humidity_2m_mean,11,0.09991622473596129
Mullaitivu,era5_relative_humidity_2m_mean,12,0.10141766215833675
Mullaitivu,era5_relative_humidity_2m_mean,13,0.015342965433080285
Mullaitivu,era5_relative_humidity_2m_mean,14,-0.025931234677062143
Mullaitivu,era5_relative_humidity_2m_mean,15,-0.01069110580269588
Mullaitivu,era5_relative_humidity_2m_mean,16,-0.03666885697240964
Mullaitivu,era5_relative_humidity_2m_mean,17,-0.09226021211693812
Mullaitivu,era5_relative_humidity_2m_mean,18,-0.06590213441442752
Mullaitivu,era5_relative_humidity_2m_mean,19,-0.035832820333068824
Mullaitivu,era5_relative_humidity_2m_mean,20,-0.07082261776116067
NuwaraEliya,era5_relative_humidity_2m_mean,2,0.013946060596796884
NuwaraEliya,era5_relative_humidity_2m_mean,3,-0.007923867136575231
NuwaraEliya,era5_relative_humidity_2m_mean,4,0.0322296099982882
NuwaraEliya,era5_relative_humidity_2m_mean,5,0.10188391739092637
NuwaraEliya,era5_relative_humidity_2m_mean,6,0.12188876762100397
NuwaraEliya,era5_relative_humidity_2m_mean,7,0.1119486311483246
NuwaraEliya,era5_relative_humidity_2m_mean,8,0.08236372359642465
NuwaraEliya,era5_relative_humidity_2m_mean,9,0.06971288885678703
NuwaraEliya,era5_relative_humidity_2m_mean,10,0.02213563179932141
NuwaraEliya,era5_relative_humidity_2m_mean,11,-0.03697256557015756
NuwaraEliya,era5_relative_humidity_2m_mean,12,-0.07513523540932324
NuwaraEliya,era5_relative_humidity_2m_mean,13,-0.18500212357293883
NuwaraEliya,era5_relative_humidity_2m_mean,14,-0.2315710369410415
NuwaraEliya,era5_relative_humidity_2m_mean,15,-0.2248337930349065
NuwaraEliya,era5_relative_humidity_2m_mean,16,-0.3239375883549332
NuwaraEliya,era5_relative_humidity_2m_mean,17,-0.329746403549884
NuwaraEliya,era5_relative_humidity_2m_mean,18,-0.28666767326528814
NuwaraEliya,era5_relative_humidity_2m_mean,19,-0.2885293769729379
NuwaraEliya,era5_relative_humidity_2m_mean,20,-0.2651706630201475
Polonnaruwa,era5_relative_humidity_2m_mean,2,-0.03288706343764008
Polonnaruwa,era5_relative_humidity_2m_mean,3,-0.07526737614832454
Polonnaruwa,era5_relative_humidity_2m_mean,4,-0.07940992904694441
Polonnaruwa,era5_relative_humidity_2m_mean,5,-0.058182406609187
Polonnaruwa,era5_relative_humidity_2m_mean,6,-0.03561014769563887
Polonnaruwa,era5_relative_humidity_2m_mean,7,-0.037015253187127305
Polonnaruwa,era5_relative_humidity_2m_mean,8,-0.00896042716932629
Polonnaruwa,era5_relative_humidity_2m_mean,9,-0.044555485220565794
Polonnaruwa,era5_relative_humidity_2m_mean,10,-0.07627157370096654
Polonnaruwa,era5_relative_humidity_2m_mean,11,-0.11626260743543737
Polonnaruwa,era5_relative_humidity_2m_mean,12,-0.11043119638412562
Polonnaruwa,era5_relative_humidity_2m_mean,13,-0.15925295169042622
Polonnaruwa,era5_relative_humidity_2m_mean,14,-0.21272500667874109
Polonnaruwa,era5_relative_humidity_2m_mean,15,-0.1938506752224704
Polonnaruwa,era5_relative_humidity_2m_mean,16,-0.16275218777404535
Polonnaruwa,era5_relative_humidity_2m_mean,17,-0.1720727900693937
Polonnaruwa,era5_relative_humidity_2m_mean,18,-0.15565778734248023
Polonnaruwa,era5_relative_humidity_2m_mean,19,-0.16765804183104752
Polonnaruwa,era5_relative_humidity_2m_mean,20,-0.18046417605682516
Puttalam,era5_relative_humidity_2m_mean,2,0.09680662151261303
Puttalam,era5_relative_humidity_2m_mean,3,0.12521751919894777
Puttalam,era5_relative_humidity_2m_mean,4,0.15457215200238633
Puttalam,era5_relative_humidity_2m_mean,5,0.14757039912065648
Puttalam,era5_relative_humidity_2m_mean,6,0.178758388293049
Puttalam,era5_relative_humidity_2m_mean,7,0.2082358673595837
Puttalam,era5_relative_humidity_2m_mean,8,0.2020135120942478
Puttalam,era5_relative_humidity_2m_mean,9,0.16743808367394747
Puttalam,era5_relative_humidity_2m_mean,10,0.12791989329339595
Puttalam,era5_relative_humidity_2m_mean,11,0.056719631940793505
Puttalam,era5_relative_humidity_2m_mean,12,0.028431401078382112
Puttalam,era5_relative_humidity_2m_mean,13,-0.026107184225187596
Puttalam,era5_relative_humidity_2m_mean,14,-0.11337662719731802
Puttalam,era5_relative_humidity_2m_mean,15,-0.15819814845743696
Puttalam,era5_relative_humidity_2m_mean,16,-0.19548220933412877
Puttalam,era5_relative_humidity_2m_mean,17,-0.24400301776409677
Puttalam,era5_relative_humidity_2m_mean,18,-0.20214627859936768
Puttalam,era5_relative_humidity_2m_mean,19,-0.19537157767005342
Puttalam,era5_relative_humidity_2m_mean,20,-0.1937850993770518
Ratnapura,era5_relative_humidity_2m_mean,2,0.16854363217180202
Ratnapura,era5_relative_humidity_2m_mean,3,0.19341693823576803
Ratnapura,era5_relative_humidity_2m_mean,4,0.18826633095715598
Ratnapura,era5_relative_humidity_2m_mean,5,0.24445391308379702
Ratnapura,era5_relative_humidity_2m_mean,6,0.23106471516191168
Ratnapura,era5_relative_humidity_2m_mean,7,0.2180189915750657
Ratnapura,era5_relative_humidity_2m_mean,8,0.18147451899123185
Ratnapura,era5_relative_humidity_2m_mean,9,0.12107620674422565
Ratnapura,era5_relative_humidity_2m_mean,10,0.05226761568952899
Ratnapura,era5_relative_humidity_2m_mean,11,-0.012233236586754506
Ratnapura,era5_relative_humidity_2m_mean,12,-0.07037870310536343
Ratnapura,era5_relative_humidity_2m_mean,13,-0.13475919451028193
Ratnapura,era5_relative_humidity_2m_mean,14,-0.19277214252946262
Ratnapura,era5_relative_humidity_2m_mean,15,-0.24280446779976905
Ratnapura,era5_relative_humidity_2m_mean,16,-0.2581259500491935
Ratnapura,era5_relative_humidity_2m_mean,17,-0.2905317519676613
Ratnapura,era5_relative_humidity_2m_mean,18,-0.286398633299105
Ratnapura,era5_relative_humidity_2m_mean,19,-0.28028027287573726
Ratnapura,era5_relative_humidity_2m_mean,20,-0.3089505374677908
Trincomalee,era5_relative_humidity_2m_mean,2,0.2654328868369008
Trincomalee,era5_relative_humidity_2m_mean,3,0.30624648325762205
Trincomalee,era5_relative_humidity_2m_mean,4,0.3859723438109798
Trincomalee,era5_relative_humidity_2m_mean,5,0.43672566517203854
Trincomalee,era5_relative_humidity_2m_mean,6,0.4479161790045379
Trincomalee,era5_relative_humidity_2m_mean,7,0.46017699151693764
Trincomalee,era5_relative_humidity_2m_mean,8,0.4820292889234409
Trincomalee,era5_relative_humidity_2m_mean,9,0.4884746238517571
Trincomalee,era5_relative_humidity_2m_mean,10,0.4740750547200596
Trincomalee,era5_relative_humidity_2m_mean,11,0.42452323787224444
Trincomalee,era5_relative_humidity_2m_mean,12,0.39891861410622786
Trincomalee,era5_relative_humidity_2m_mean,13,0.3500258801714329
Trincomalee,era5_relative_humidity_2m_mean,14,0.30067221738054967
Trincomalee,era5_relative_humidity_2m_mean,15,0.24186142988367426
Trincomalee,era5_relative_humidity_2m_mean,16,0.20092932535185717
Trincomalee,era5_relative_humidity_2m_mean,17,0.15452170243528343
Trincomalee,era5_relative_humidity_2m_mean,18,0.08869209422604832
Trincomalee,era5_relative_humidity_2m_mean,19,0.056249761941127234
Trincomalee,era5_relative_humidity_2m_mean,20,0.012447624875754428
Vavuniya,era5_relative_humidity_2m_mean,2,0.13958872481736662
Vavuniya,era5_relative_humidity_2m_mean,3,0.172766668822823
Vavuniya,era5_relative_humidity_2m_mean,4,0.21709862987051798
Vavuniya,era5_relative_humidity_2m_mean,5,0.27799217208717425
Vavuniya,era5_relative_humidity_2m_mean,6,0.29298181418463615
Vavuniya,era5_relative_humidity_2m_mean,7,0.27236356676507584
Vavuniya,era5_relative_humidity_2m_mean,8,0.22823743946019992
Vavuniya,era5_relative_humidity_2m_mean,9,0.20937222408315614
Vavuniya,era5_relative_humidity_2m_mean,10,0.18126599464160667
Vavuniya,era5_relative_humidity_2m_mean,11,0.12756511941493698
Vavuniya,era5_relative_humidity_2m_mean,12,0.09892700065358873
Vavuniya,era5_relative_humidity_2m_mean,13,0.06920460391455442
Vavuniya,era5_relative_humidity_2m_mean,14,0.05340181855591175
Vavuniya,era5_relative_humidity_2m_mean,15,0.007648948362042877
Vavuniya,era5_relative_humidity_2m_mean,16,-4.541945419301435e-05
Vavuniya,era5_relative_humidity_2m_mean,17,-0.03527708342048034
Vavuniya,era5_relative_humidity_2m_mean,18,-0.07196291795382165
Vavuniya,era5_relative_humidity_2m_mean,19,-0.08539539505647932
Vavuniya,era5_relative_humidity_2m_mean,20,-0.10369774922684863
Ampara,era5_soil_moisture_0_to_7cm_mean,2,-0.02557317961902973
Ampara,era5_soil_moisture_0_to_7cm_mean,3,-0.0029110788286093405
Ampara,era5_soil_moisture_0_to_7cm_mean,4,0.008531216724388918
Ampara,era5_soil_moisture_0_to_7cm_mean,5,0.0035761868927269066
Ampara,era5_soil_moisture_0_to_7cm_mean,6,0.003103032578749358
Ampara,era5_soil_moisture_0_to_7cm_mean,7,0.022496398891038456
Ampara,era5_soil_moisture_0_to_7cm_mean,8,0.04150042876574777
Ampara,era5_soil_moisture_0_to_7cm_mean,9,0.04768735369380041
Ampara,era5_soil_moisture_0_to_7cm_mean,10,0.000990259499701517
Ampara,era5_soil_moisture_0_to_7cm_mean,11,0.009267881819465465
Ampara,era5_soil_moisture_0_to_7cm_mean,12,0.014667375640707898
Ampara,era5_soil_moisture_0_to_7cm_mean,13,-0.005403505951338727
Ampara,era5_soil_moisture_0_to_7cm_mean,14,-0.032738979397418794
Ampara,era5_soil_moisture_0_to_7cm_mean,15,-0.041896358480896796
Ampara,era5_soil_moisture_0_to_7cm_mean,16,-0.04612628253584624
Ampara,era5_soil_moisture_0_to_7cm_mean,17,-0.08760623842323872
Ampara,era5_soil_moisture_0_to_7cm_mean,18,-0.057681426864214486
Ampara,era5_soil_moisture_0_to_7cm_mean,19,-0.06259931408933282
Ampara,era5_soil_moisture_0_to_7cm_mean,20,-0.06976478215061396
Anuradhapura,era5_soil_moisture_0_to_7cm_mean,2,-0.010731464946226756
Anuradhapura,era5_soil_moisture_0_to_7cm_mean,3,0.004696499280192092
Anuradhapura,era5_soil_moisture_0_to_7cm_mean,4,0.026852796221147706
Anuradhapura,era5_soil_moisture_0_to_7cm_mean,5,0.07604005224223642
Anuradhapura,era5_soil_moisture_0_to_7cm_mean,6,0.13670881842717394
Anuradhapura,era5_soil_moisture_0_to_7cm_mean,7,0.1893494411089011
Anuradhapura,era5_soil_moisture_0_to_7cm_mean,8,0.19885438590933133
Anuradhapura,era5_soil_moisture_0_to_7cm_mean,9,0.16639261173063308
Anuradhapura,era5_soil_moisture_0_to_7cm_mean,10,0.11627297360038996
Anuradhapura,era5_soil_moisture_0_to_7cm_mean,11,0.13248573879125555
Anuradhapura,era5_soil_moisture_0_to_7cm_mean,12,0.09285293939356012
Anuradhapura,era5_soil_moisture_0_to_7cm_mean,13,0.019150978463079563
Anuradhapura,era5_soil_moisture_0_to_7cm_mean,14,-0.05382935174063276
Anuradhapura,era5_soil_moisture_0_to_7cm_mean,15,-0.0853566475548614
Anuradhapura,era5_soil_moisture_0_to_7cm_mean,16,-0.10673707350341152
Anuradhapura,era5_soil_moisture_0_to_7cm_mean,17,-0.1499932101004688
Anuradhapura,era5_soil_moisture_0_to_7cm_mean,18,-0.15447707020350213
Anuradhapura,era5_soil_moisture_0_to_7cm_mean,19,-0.18131225893318784
Anuradhapura,era5_soil_moisture_0_to_7cm_mean,20,-0.22664959838215432
Badulla,era5_soil_moisture_0_to_7cm_mean,2,-0.10120902827713181
Badulla,era5_soil_moisture_0_to_7cm_mean,3,-0.09815179969906922
Badulla,era5_soil_moisture_0_to_7cm_mean,4,-0.10014496424024803
Badulla,era5_soil_moisture_0_to_7cm_mean,5,-0.09006673245856968
Badulla,era5_soil_moisture_0_to_7cm_mean,6,-0.1084140999291433
Badulla,era5_soil_moisture_0_to_7cm_mean,7,-0.10511003836654347
Badulla,era5_soil_moisture_0_to_7cm_mean,8,-0.07300725383000403
Badulla,era5_soil_moisture_0_to_7cm_mean,9,-0.11547442780611386
Badulla,era5_soil_moisture_0_to_7cm_mean,10,-0.1702198140198256
Badulla,era5_soil_moisture_0_to_7cm_mean,11,-0.21894562792258923
Badulla,era5_soil_moisture_0_to_7cm_mean,12,-0.26193055674731913
Badulla,era5_soil_moisture_0_to_7cm_mean,13,-0.3171314369591178
Badulla,era5_soil_moisture_0_to_7cm_mean,14,-0.3711587691184004
Badulla,era5_soil_moisture_0_to_7cm_mean,15,-0.38336287686120707
Badulla,era5_soil_moisture_0_to_7cm_mean,16,-0.4052582001170744
Badulla,era5_soil_moisture_0_to_7cm_mean,17,-0.398855827291545
Badulla,era5_soil_moisture_0_to_7cm_mean,18,-0.377928688622067
Badulla,era5_soil_moisture_0_to_7cm_mean,19,-0.38300701843450274
Badulla,era5_soil_moisture_0_to_7cm_mean,20,-0.37218968056505924
Batticaloa,era5_soil_moisture_0_to_7cm_mean,2,0.17948083770957654
Batticaloa,era5_soil_moisture_0_to_7cm_mean,3,0.23589912219002487
Batticaloa,era5_soil_moisture_0_to_7cm_mean,4,0.3051700214544669
Batticaloa,era5_soil_moisture_0_to_7cm_mean,5,0.3441976781016265
Batticaloa,era5_soil_moisture_0_to_7cm_mean,6,0.3705916526856659
Batticaloa,era5_soil_moisture_0_to_7cm_mean,7,0.39236096471106846
Batticaloa,era5_soil_moisture_0_to_7cm_mean,8,0.3916988555516237
Batticaloa,era5_soil_moisture_0_to_7cm_mean,9,0.4073310265776254
Batticaloa,era5_soil_moisture_0_to_7cm_mean,10,0.3987706940947962
Batticaloa,era5_soil_moisture_0_to_7cm_mean,11,0.3991110907719793
Batticaloa,era5_soil_moisture_0_to_7cm_mean,12,0.407638984610359
Batticaloa,era5_soil_moisture_0_to_7cm_mean,13,0.38580605328930434
Batticaloa,era5_soil_moisture_0_to_7cm_mean,14,0.3438120505375765
Batticaloa,era5_soil_moisture_0_to_7cm_mean,15,0.3098503170775321
Batticaloa,era5_soil_moisture_0_to_7cm_mean,16,0.3031872514231244
Batticaloa,era5_soil_moisture_0_to_7cm_mean,17,0.26079328161020576
Batticaloa,era5_soil_moisture_0_to_7cm_mean,18,0.21546281431037248
Batticaloa,era5_soil_moisture_0_to_7cm_mean,19,0.17922517413823927
Batticaloa,era5_soil_moisture_0_to_7cm_mean,20,0.16529834639515192
Colombo,era5_soil_moisture_0_to_7cm_mean,2,0.1393027523823945
Colombo,era5_soil_moisture_0_to_7cm_mean,3,0.19561778720954642
Colombo,era5_soil_moisture_0_to_7cm_mean,4,0.25232904544549867
Colombo,era5_soil_moisture_0_to_7cm_mean,5,0.2909965988939373
Colombo,era5_soil_moisture_0_to_7cm_mean,6,0.32642648097240284
Colombo,era5_soil_moisture_0_to_7cm_mean,7,0.3354296705191474
Colombo,era5_soil_moisture_0_to_7cm_mean,8,0.31599403841305446
Colombo,era5_soil_moisture_0_to_7cm_mean,9,0.2892472941355935
Colombo,era5_soil_moisture_0_to_7cm_mean,10,0.23868765881535273
Colombo,era5_soil_moisture_0_to_7cm_mean,11,0.18512090412624382
Colombo,era5_soil_moisture_0_to_7cm_mean,12,0.11882058712802156
Colombo,era5_soil_moisture_0_to_7cm_mean,13,0.04750947405868688
Colombo,era5_soil_moisture_0_to_7cm_mean,14,-0.020306175499451178
Colombo,era5_soil_moisture_0_to_7cm_mean,15,-0.0866599725605851
Colombo,era5_soil_moisture_0_to_7cm_mean,16,-0.12934025220204337
Colombo,era5_soil_moisture_0_to_7cm_mean,17,-0.17770775417940152
Colombo,era5_soil_moisture_0_to_7cm_mean,18,-0.204038507318378
Colombo,era5_soil_moisture_0_to_7cm_mean,19,-0.24905743997280774
Colombo,era5_soil_moisture_0_to_7cm_mean,20,-0.28340037877660107
Galle,era5_soil_moisture_0_to_7cm_mean,2,0.16151976046366737
Galle,era5_soil_moisture_0_to_7cm_mean,3,0.18056416029743594
Galle,era5_soil_moisture_0_to_7cm_mean,4,0.18563460408433816
Galle,era5_soil_moisture_0_to_7cm_mean,5,0.2172882318606717
Galle,era5_soil_moisture_0_to_7cm_mean,6,0.22606338014518254
Galle,era5_soil_moisture_0_to_7cm_mean,7,0.23263175299298144
Galle,era5_soil_moisture_0_to_7cm_mean,8,0.267288246474099
Galle,era5_soil_moisture_0_to_7cm_mean,9,0.2579129379710378
Galle,era5_soil_moisture_0_to_7cm_mean,10,0.20740842697740364
Galle,era5_soil_moisture_0_to_7cm_mean,11,0.17262575446915707
Galle,era5_soil_moisture_0_to_7cm_mean,12,0.16962865378633932
Galle,era5_soil_moisture_0_to_7cm_mean,13,0.10806747044705885
Galle,era5_soil_moisture_0_to_7cm_mean,14,0.05316084525574361
Galle,era5_soil_moisture_0_to_7cm_mean,15,0.009583026012647693
Galle,era5_soil_moisture_0_to_7cm_mean,16,-0.02607404932886405
Galle,era5_soil_moisture_0_to_7cm_mean,17,-0.03788756378433565
Galle,era5_soil_moisture_0_to_7cm_mean,18,-0.03540596761068164
Galle,era5_soil_moisture_0_to_7cm_mean,19,-0.045038459988437446
Galle,era5_soil_moisture_0_to_7cm_mean,20,-0.03330381530330029
Gampaha,era5_soil_moisture_0_to_7cm_mean,2,0.09917467275826905
Gampaha,era5_soil_moisture_0_to_7cm_mean,3,0.11860170090420583
Gampaha,era5_soil_moisture_0_to_7cm_mean,4,0.1550309043309654
Gampaha,era5_soil_moisture_0_to_7cm_mean,5,0.20543344612326436
Gampaha,era5_soil_moisture_0_to_7cm_mean,6,0.25184081397485814
Gampaha,era5_soil_moisture_0_to_7cm_mean,7,0.2565053244228134
Gampaha,era5_soil_moisture_0_to_7cm_mean,8,0.2573897694771146
Gampaha,era5_soil_moisture_0_to_7cm_mean,9,0.25306313716639783
Gampaha,era5_soil_moisture_0_to_7cm_mean,10,0.21119269649145198
Gampaha,era5_soil_moisture_0_to_7cm_mean,11,0.17859347325695185
Gampaha,era5_soil_moisture_0_to_7cm_mean,12,0.1412334056616964
Gampaha,era5_soil_moisture_0_to_7cm_mean,13,0.1057038612657421
Gampaha,era5_soil_moisture_0_to_7cm_mean,14,0.05641637096728859
Gampaha,era5_soil_moisture_0_to_7cm_mean,15,0.03257260127224679
Gampaha,era5_soil_moisture_0_to_7cm_mean,16,0.005180193666420816
Gampaha,era5_soil_moisture_0_to_7cm_mean,17,-0.04939170793804118
Gampaha,era5_soil_moisture_0_to_7cm_mean,18,-0.0720502993460601
Gampaha,era5_soil_moisture_0_to_7cm_mean,19,-0.12000092975109206
Gampaha,era5_soil_moisture_0_to_7cm_mean,20,-0.17534631320668942
Hambantota,era5_soil_moisture_0_to_7cm_mean,2,-0.08479395259725497
Hambantota,era5_soil_moisture_0_to_7cm_mean,3,-0.05962528785029896
Hambantota,era5_soil_moisture_0_to_7cm_mean,4,-0.01262835132389686
Hambantota,era5_soil_moisture_0_to_7cm_mean,5,0.017277502926640157
Hambantota,era5_soil_moisture_0_to_7cm_mean,6,0.05206736575135651
Hambantota,era5_soil_moisture_0_to_7cm_mean,7,0.07408732536184642
Hambantota,era5_soil_moisture_0_to_7cm_mean,8,0.10691442068062688
Hambantota,era5_soil_moisture_0_to_7cm_mean,9,0.10634575206052733
Hambantota,era5_soil_moisture_0_to_7cm_mean,10,0.052596000824128235
Hambantota,era5_soil_moisture_0_to_7cm_mean,11,0.0301589185301155
Hambantota,era5_soil_moisture_0_to_7cm_mean,12,-0.0067535049082790375
Hambantota,era5_soil_moisture_0_to_7cm_mean,13,-0.07110994265444366
Hambantota,era5_soil_moisture_0_to_7cm_mean,14,-0.12241369463981218
Hambantota,era5_soil_moisture_0_to_7cm_mean,15,-0.1625110297920451
Hambantota,era5_soil_moisture_0_to_7cm_mean,16,-0.18081208864908405
Hambantota,era5_soil_moisture_0_to_7cm_mean,17,-0.22599289690813554
Hambantota,era5_soil_moisture_0_to_7cm_mean,18,-0.2784274214940881
Hambantota,era5_soil_moisture_0_to_7cm_mean,19,-0.3146745313525042
Hambantota,era5_soil_moisture_0_to_7cm_mean,20,-0.33970065462526156
Jaffna,era5_soil_moisture_0_to_7cm_mean,2,0.3622998003382224
Jaffna,era5_soil_moisture_0_to_7cm_mean,3,0.4130836883910579
Jaffna,era5_soil_moisture_0_to_7cm_mean,4,0.4374785730115027
Jaffna,era5_soil_moisture_0_to_7cm_mean,5,0.4424501222033494
Jaffna,era5_soil_moisture_0_to_7cm_mean,6,0.4476678061115553
Jaffna,era5_soil_moisture_0_to_7cm_mean,7,0.42077797795075345
Jaffna,era5_soil_moisture_0_to_7cm_mean,8,0.3894791317171284
Jaffna,era5_soil_moisture_0_to_7cm_mean,9,0.36722160338221527
Jaffna,era5_soil_moisture_0_to_7cm_mean,10,0.3131599222759645
Jaffna,era5_soil_moisture_0_to_7cm_mean,11,0.23106674270160996
Jaffna,era5_soil_moisture_0_to_7cm_mean,12,0.16647652075800318
Jaffna,era5_soil_moisture_0_to_7cm_mean,13,0.08015249048953169
Jaffna,era5_soil_moisture_0_to_7cm_mean,14,0.009980778876698942
Jaffna,era5_soil_moisture_0_to_7cm_mean,15,-0.04593185900159389
Jaffna,era5_soil_moisture_0_to_7cm_mean,16,-0.11694727811697536
Jaffna,era5_soil_moisture_0_to_7cm_mean,17,-0.19891118833659513
Jaffna,era5_soil_moisture_0_to_7cm_mean,18,-0.25608953387352623
Jaffna,era5_soil_moisture_0_to_7cm_mean,19,-0.2972816006584843
Jaffna,era5_soil_moisture_0_to_7cm_mean,20,-0.3134717875566052
Kalutara,era5_soil_moisture_0_to_7cm_mean,2,0.08317892233916029
Kalutara,era5_soil_moisture_0_to_7cm_mean,3,0.09675161923287912
Kalutara,era5_soil_moisture_0_to_7cm_mean,4,0.11196926113457527
Kalutara,era5_soil_moisture_0_to_7cm_mean,5,0.16150161215339123
Kalutara,era5_soil_moisture_0_to_7cm_mean,6,0.19590344724506562
Kalutara,era5_soil_moisture_0_to_7cm_mean,7,0.22572418305153544
Kalutara,era5_soil_moisture_0_to_7cm_mean,8,0.24765156293490115
Kalutara,era5_soil_moisture_0_to_7cm_mean,9,0.2525871403424057
Kalutara,era5_soil_moisture_0_to_7cm_mean,10,0.23854399541554286
Kalutara,era5_soil_moisture_0_to_7cm_mean,11,0.23660775279828397
Kalutara,era5_soil_moisture_0_to_7cm_mean,12,0.20790474980226095
Kalutara,era5_soil_moisture_0_to_7cm_mean,13,0.18430055618797803
Kalutara,era5_soil_moisture_0_to_7cm_mean,14,0.12113209920628036
Kalutara,era5_soil_moisture_0_to_7cm_mean,15,0.058128733635221114
Kalutara,era5_soil_moisture_0_to_7cm_mean,16,0.033717684207361535
Kalutara,era5_soil_moisture_0_to_7cm_mean,17,0.0004739813008813508
Kalutara,era5_soil_moisture_0_to_7cm_mean,18,-0.0042373724491707
Kalutara,era5_soil_moisture_0_to_7cm_mean,19,-0.02477397884694771
Kalutara,era5_soil_moisture_0_to_7cm_mean,20,-0.038288066202579026
Kandy,era5_soil_moisture_0_to_7cm_mean,2,0.02572742743692231
Kandy,era5_soil_moisture_0_to_7cm_mean,3,-0.00979486086736951
Kandy,era5_soil_moisture_0_to_7cm_mean,4,0.007113262116753258
Kandy,era5_soil_moisture_0_to_7cm_mean,5,0.03930601538226278
Kandy,era5_soil_moisture_0_to_7cm_mean,6,0.05216887964042959
Kandy,era5_soil_moisture_0_to_7cm_mean,7,0.029471011573596197
Kandy,era5_soil_moisture_0_to_7cm_mean,8,0.008841608727447384
Kandy,era5_soil_moisture_0_to_7cm_mean,9,-0.04995813289478045
Kandy,era5_soil_moisture_0_to_7cm_mean,10,-0.11134027875251672
Kandy,era5_soil_moisture_0_to_7cm_mean,11,-0.1593203522210215
Kandy,era5_soil_moisture_0_to_7cm_mean,12,-0.1819958380566634
Kandy,era5_soil_moisture_0_to_7cm_mean,13,-0.2657234772945092
Kandy,era5_soil_moisture_0_to_7cm_mean,14,-0.31358188993623526
Kandy,era5_soil_moisture_0_to_7cm_mean,15,-0.33837309134767357
Kandy,era5_soil_moisture_0_to_7cm_mean,16,-0.357824106136653
Kandy,era5_soil_moisture_0_to_7cm_mean,17,-0.3746394929720265
Kandy,era5_soil_moisture_0_to_7cm_mean,18,-0.3776852295488076
Kandy,era5_soil_moisture_0_to_7cm_mean,19,-0.3853866270781297
Kandy,era5_soil_moisture_0_to_7cm_mean,20,-0.37065688511182165
Kegalle,era5_soil_moisture_0_to_7cm_mean,2,0.14769553528706417
Kegalle,era5_soil_moisture_0_to_7cm_mean,3,0.11904389167386183
Kegalle,era5_soil_moisture_0_to_7cm_mean,4,0.11149320540777596
Kegalle,era5_soil_moisture_0_to_7cm_mean,5,0.1339594434551857
Kegalle,era5_soil_moisture_0_to_7cm_mean,6,0.12471696254924444
Kegalle,era5_soil_moisture_0_to_7cm_mean,7,0.1220672439400481
Kegalle,era5_soil_moisture_0_to_7cm_mean,8,0.07980564882499852
Kegalle,era5_soil_moisture_0_to_7cm_mean,9,0.027721038241693374
Kegalle,era5_soil_moisture_0_to_7cm_mean,10,-0.012880384785042264
Kegalle,era5_soil_moisture_0_to_7cm_mean,11,-0.05771087363009995
Kegalle,era5_soil_moisture_0_to_7cm_mean,12,-0.11260989932882337
Kegalle,era5_soil_moisture_0_to_7cm_mean,13,-0.16771547585891708
Kegalle,era5_soil_moisture_0_to_7cm_mean,14,-0.217808362924008
Kegalle,era5_soil_moisture_0_to_7cm_mean,15,-0.26328331283257167
Kegalle,era5_soil_moisture_0_to_7cm_mean,16,-0.3027412774502076
Kegalle,era5_soil_moisture_0_to_7cm_mean,17,-0.3179736428038823
Kegalle,era5_soil_moisture_0_to_7cm_mean,18,-0.3131975000015865
Kegalle,era5_soil_moisture_0_to_7cm_mean,19,-0.3435893547576872
Kegalle,era5_soil_moisture_0_to_7cm_mean,20,-0.3284756614396478
Kilinochchi,era5_soil_moisture_0_to_7cm_mean,2,-0.006044463230439824
Kilinochchi,era5_soil_moisture_0_to_7cm_mean,3,0.03770453816638014
Kilinochchi,era5_soil_moisture_0_to_7cm_mean,4,0.08019920812672246
Kilinochchi,era5_soil_moisture_0_to_7cm_mean,5,0.07200872006164395
Kilinochchi,era5_soil_moisture_0_to_7cm_mean,6,0.10077360431107384
Kilinochchi,era5_soil_moisture_0_to_7cm_mean,7,0.11973920383023784
Kilinochchi,era5_soil_moisture_0_to_7cm_mean,8,0.14959912542045156
Kilinochchi,era5_soil_moisture_0_to_7cm_mean,9,0.15861982162764407
Kilinochchi,era5_soil_moisture_0_to_7cm_mean,10,0.14728088681766058
Kilinochchi,era5_soil_moisture_0_to_7cm_mean,11,0.10027053121801628
Kilinochchi,era5_soil_moisture_0_to_7cm_mean,12,0.11354096019007227
Kilinochchi,era5_soil_moisture_0_to_7cm_mean,13,0.06495010561774427
Kilinochchi,era5_soil_moisture_0_to_7cm_mean,14,0.0343327503969128
Kilinochchi,era5_soil_moisture_0_to_7cm_mean,15,0.017706933422509015
Kilinochchi,era5_soil_moisture_0_to_7cm_mean,16,0.00898693792007276
Kilinochchi,era5_soil_moisture_0_to_7cm_mean,17,0.004329543724214369
Kilinochchi,era5_soil_moisture_0_to_7cm_mean,18,0.005344561663563762
Kilinochchi,era5_soil_moisture_0_to_7cm_mean,19,0.0019180843017445124
Kilinochchi,era5_soil_moisture_0_to_7cm_mean,20,-0.01403108000725173
Kurunegala,era5_soil_moisture_0_to_7cm_mean,2,0.008840700418263011
Kurunegala,era5_soil_moisture_0_to_7cm_mean,3,0.036978067777060336
Kurunegala,era5_soil_moisture_0_to_7cm_mean,4,0.06849765388563724
Kurunegala,era5_soil_moisture_0_to_7cm_mean,5,0.11824194843620649
Kurunegala,era5_soil_moisture_0_to_7cm_mean,6,0.12710448365231636
Kurunegala,era5_soil_moisture_0_to_7cm_mean,7,0.1499564769633398
Kurunegala,era5_soil_moisture_0_to_7cm_mean,8,0.14202038643766898
Kurunegala,era5_soil_moisture_0_to_7cm_mean,9,0.1067948593932733
Kurunegala,era5_soil_moisture_0_to_7cm_mean,10,0.05004737546415882
Kurunegala,era5_soil_moisture_0_to_7cm_mean,11,-0.017340714507844596
Kurunegala,era5_soil_moisture_0_to_7cm_mean,12,-0.10819649735439564
Kurunegala,era5_soil_moisture_0_to_7cm_mean,13,-0.19607230151012373
Kurunegala,era5_soil_moisture_0_to_7cm_mean,14,-0.2720451707409292
Kurunegala,era5_soil_moisture_0_to_7cm_mean,15,-0.33490449668161143
Kurunegala,era5_soil_moisture_0_to_7cm_mean,16,-0.3996429804623539
Kurunegala,era5_soil_moisture_0_to_7cm_mean,17,-0.4462970934112511
Kurunegala,era5_soil_moisture_0_to_7cm_mean,18,-0.4721574690653501
Kurunegala,era5_soil_moisture_0_to_7cm_mean,19,-0.4965365770137809
Kurunegala,era5_soil_moisture_0_to_7cm_mean,20,-0.48702832216159725
Mannar,era5_soil_moisture_0_to_7cm_mean,2,0.13262041877407368
Mannar,era5_soil_moisture_0_to_7cm_mean,3,0.16576840381338445
Mannar,era5_soil_moisture_0_to_7cm_mean,4,0.16895340765703423
Mannar,era5_soil_moisture_0_to_7cm_mean,5,0.21204851041813444
Mannar,era5_soil_moisture_0_to_7cm_mean,6,0.2567506771504179
Mannar,era5_soil_moisture_0_to_7cm_mean,7,0.24962194933782428
Mannar,era5_soil_moisture_0_to_7cm_mean,8,0.23749540815301065
Mannar,era5_soil_moisture_0_to_7cm_mean,9,0.1873912818702381
Mannar,era5_soil_moisture_0_to_7cm_mean,10,0.10752001296636482
Mannar,era5_soil_moisture_0_to_7cm_mean,11,0.07297082540345647
Mannar,era5_soil_moisture_0_to_7cm_mean,12,0.02151612658434874
Mannar,era5_soil_moisture_0_to_7cm_mean,13,-0.03298824788412973
Mannar,era5_soil_moisture_0_to_7cm_mean,14,-0.11198234100444956
Mannar,era5_soil_moisture_0_to_7cm_mean,15,-0.11204305445064874
Mannar,era5_soil_moisture_0_to_7cm_mean,16,-0.1579038177306785
Mannar,era5_soil_moisture_0_to_7cm_mean,17,-0.19546990467582756
Mannar,era5_soil_moisture_0_to_7cm_mean,18,-0.24560507917509947
Mannar,era5_soil_moisture_0_to_7cm_mean,19,-0.2515552911590423
Mannar,era5_soil_moisture_0_to_7cm_mean,20,-0.2539603296177838
Matale,era5_soil_moisture_0_to_7cm_mean,2,-0.03793834887223634
Matale,era5_soil_moisture_0_to_7cm_mean,3,-0.053728106396711856
Matale,era5_soil_moisture_0_to_7cm_mean,4,-0.024113471668635575
Matale,era5_soil_moisture_0_to_7cm_mean,5,0.03152257988945757
Matale,era5_soil_moisture_0_to_7cm_mean,6,0.06202455538205074
Matale,era5_soil_moisture_0_to_7cm_mean,7,0.08826203169300921
Matale,era5_soil_moisture_0_to_7cm_mean,8,0.08461816548077862
Matale,era5_soil_moisture_0_to_7cm_mean,9,0.07519598692736623
Matale,era5_soil_moisture_0_to_7cm_mean,10,0.057399687393611704
Matale,era5_soil_moisture_0_to_7cm_mean,11,0.030910312875001927
Matale,era5_soil_moisture_0_to_7cm_mean,12,-0.006604050633037925
Matale,era5_soil_moisture_0_to_7cm_mean,13,-0.06775231937785613
Matale,era5_soil_moisture_0_to_7cm_mean,14,-0.11590981572217601
Matale,era5_soil_moisture_0_to_7cm_mean,15,-0.15136464007642694
Matale,era5_soil_moisture_0_to_7cm_mean,16,-0.1782508359701847
Matale,era5_soil_moisture_0_to_7cm_mean,17,-0.22934926417421067
Matale,era5_soil_moisture_0_to_7cm_mean,18,-0.22509614150830354
Matale,era5_soil_moisture_0_to_7cm_mean,19,-0.25248398314913784
Matale,era5_soil_moisture_0_to_7cm_mean,20,-0.24839565960228643
Matara,era5_soil_moisture_0_to_7cm_mean,2,0.13889019871200733
Matara,era5_soil_moisture_0_to_7cm_mean,3,0.1606679513334782
Matara,era5_soil_moisture_0_to_7cm_mean,4,0.1936951986351253
Matara,era5_soil_moisture_0_to_7cm_mean,5,0.2144654194685588
Matara,era5_soil_moisture_0_to_7cm_mean,6,0.2537241228839729
Matara,era5_soil_moisture_0_to_7cm_mean,7,0.26970736765946457
Matara,era5_soil_moisture_0_to_7cm_mean,8,0.3020177935557413
Matara,era5_soil_moisture_0_to_7cm_mean,9,0.3056211307975858
Matara,era5_soil_moisture_0_to_7cm_mean,10,0.26489139472551054
Matara,era5_soil_moisture_0_to_7cm_mean,11,0.22493556271147985
Matara,era5_soil_moisture_0_to_7cm_mean,12,0.1971942280368339
Matara,era5_soil_moisture_0_to_7cm_mean,13,0.1723119831943628
Matara,era5_soil_moisture_0_to_7cm_mean,14,0.1346701549289774
Matara,era5_soil_moisture_0_to_7cm_mean,15,0.07810028977672603
Matara,era5_soil_moisture_0_to_7cm_mean,16,0.01856821111708569
Matara,era5_soil_moisture_0_to_7cm_mean,17,-0.024169194418325622
Matara,era5_soil_moisture_0_to_7cm_mean,18,-0.0311220611669216
Matara,era5_soil_moisture_0_to_7cm_mean,19,-0.08027396413213533
Matara,era5_soil_moisture_0_to_7cm_mean,20,-0.10960734520087777
Moneragala,era5_soil_moisture_0_to_7cm_mean,2,-0.014310706240231345
Moneragala,era5_soil_moisture_0_to_7cm_mean,3,-0.008544211132418739
Moneragala,era5_soil_moisture_0_to_7cm_mean,4,0.01230075291969061
Moneragala,era5_soil_moisture_0_to_7cm_mean,5,0.04944498164830368
Moneragala,era5_soil_moisture_0_to_7cm_mean,6,0.06665402757902805
Moneragala,era5_soil_moisture_0_to_7cm_mean,7,0.06726185578320246
Moneragala,era5_soil_moisture_0_to_7cm_mean,8,0.07820666513481776
Moneragala,era5_soil_moisture_0_to_7cm_mean,9,0.09491090528654113
Moneragala,era5_soil_moisture_0_to_7cm_mean,10,0.09677196213704459
Moneragala,era5_soil_moisture_0_to_7cm_mean,11,0.05502555763544577
Moneragala,era5_soil_moisture_0_to_7cm_mean,12,0.023756492898875416
Moneragala,era5_soil_moisture_0_to_7cm_mean,13,0.009324403322493452
Moneragala,era5_soil_moisture_0_to_7cm_mean,14,-0.03281249414550382
Moneragala,era5_soil_moisture_0_to_7cm_mean,15,-0.08687129357842013
Moneragala,era5_soil_moisture_0_to_7cm_mean,16,-0.12930627971284367
Moneragala,era5_soil_moisture_0_to_7cm_mean,17,-0.15536461191673456
Moneragala,era5_soil_moisture_0_to_7cm_mean,18,-0.18496992894908731
Moneragala,era5_soil_moisture_0_to_7cm_mean,19,-0.18828638559890293
Moneragala,era5_soil_moisture_0_to_7cm_mean,20,-0.2371532853992419
Mullaitivu,era5_soil_moisture_0_to_7cm_mean,2,0.08655260398869709
Mullaitivu,era5_soil_moisture_0_to_7cm_mean,3,0.12156283145468214
Mullaitivu,era5_soil_moisture_0_to_7cm_mean,4,0.15021936526588245
Mullaitivu,era5_soil_moisture_0_to_7cm_mean,5,0.16184553477082214
Mullaitivu,era5_soil_moisture_0_to_7cm_mean,6,0.17488741580133577
Mullaitivu,era5_soil_moisture_0_to_7cm_mean,7,0.141121999307398
Mullaitivu,era5_soil_moisture_0_to_7cm_mean,8,0.14655185166788373
Mullaitivu,era5_soil_moisture_0_to_7cm_mean,9,0.15409674859936068
Mullaitivu,era5_soil_moisture_0_to_7cm_mean,10,0.14537278864923553
Mullaitivu,era5_soil_moisture_0_to_7cm_mean,11,0.10582027220745231
Mullaitivu,era5_soil_moisture_0_to_7cm_mean,12,0.06629563177682297
Mullaitivu,era5_soil_moisture_0_to_7cm_mean,13,-0.005233786668782828
Mullaitivu,era5_soil_moisture_0_to_7cm_mean,14,-0.016943658163080185
Mullaitivu,era5_soil_moisture_0_to_7cm_mean,15,-0.001139071674255559
Mullaitivu,era5_soil_moisture_0_to_7cm_mean,16,-0.026753764853644498
Mullaitivu,era5_soil_moisture_0_to_7cm_mean,17,-0.09325490515844391
Mullaitivu,era5_soil_moisture_0_to_7cm_mean,18,-0.08229662670140167
Mullaitivu,era5_soil_moisture_0_to_7cm_mean,19,-0.03841226392929672
Mullaitivu,era5_soil_moisture_0_to_7cm_mean,20,-0.051017870183459324
NuwaraEliya,era5_soil_moisture_0_to_7cm_mean,2,0.001437041664339945
NuwaraEliya,era5_soil_moisture_0_to_7cm_mean,3,0.001210385240022785
NuwaraEliya,era5_soil_moisture_0_to_7cm_mean,4,0.042922283068548034
NuwaraEliya,era5_soil_moisture_0_to_7cm_mean,5,0.11050178543614612
NuwaraEliya,era5_soil_moisture_0_to_7cm_mean,6,0.09862039650193168
NuwaraEliya,era5_soil_moisture_0_to_7cm_mean,7,0.09229367539932289
NuwaraEliya,era5_soil_moisture_0_to_7cm_mean,8,0.06617335887456542
NuwaraEliya,era5_soil_moisture_0_to_7cm_mean,9,0.07992794786352181
NuwaraEliya,era5_soil_moisture_0_to_7cm_mean,10,0.012266909290556143
NuwaraEliya,era5_soil_moisture_0_to_7cm_mean,11,-0.018497285813016424
NuwaraEliya,era5_soil_moisture_0_to_7cm_mean,12,-0.08778791156776791
NuwaraEliya,era5_soil_moisture_0_to_7cm_mean,13,-0.18115704037424712
NuwaraEliya,era5_soil_moisture_0_to_7cm_mean,14,-0.20882388539483404
NuwaraEliya,era5_soil_moisture_0_to_7cm_mean,15,-0.23944283350268744
NuwaraEliya,era5_soil_moisture_0_to_7cm_mean,16,-0.3149966619407869
NuwaraEliya,era5_soil_moisture_0_to_7cm_mean,17,-0.32362920383934424
NuwaraEliya,era5_soil_moisture_0_to_7cm_mean,18,-0.28016206097449886
NuwaraEliya,era5_soil_moisture_0_to_7cm_mean,19,-0.29641946571809996
NuwaraEliya,era5_soil_moisture_0_to_7cm_mean,20,-0.30509252769487305
Polonnaruwa,era5_soil_moisture_0_to_7cm_mean,2,0.015420690371101695
Polonnaruwa,era5_soil_moisture_0_to_7cm_mean,3,-0.033323042155808766
Polonnaruwa,era5_soil_moisture_0_to_7cm_mean,4,-0.033867673333253884
Polonnaruwa,era5_soil_moisture_0_to_7cm_mean,5,0.001997989311425392
Polonnaruwa,era5_soil_moisture_0_to_7cm_mean,6,0.02316966370194995
Polonnaruwa,era5_soil_moisture_0_to_7cm_mean,7,0.03980670775318092
Polonnaruwa,era5_soil_moisture_0_to_7cm_mean,8,0.05410469867660261
Polonnaruwa,era5_soil_moisture_0_to_7cm_mean,9,0.025765374038051073
Polonnaruwa,era5_soil_moisture_0_to_7cm_mean,10,-0.005959420263088307
Polonnaruwa,era5_soil_moisture_0_to_7cm_mean,11,-0.05544147056749159
Polonnaruwa,era5_soil_moisture_0_to_7cm_mean,12,-0.0754844389879475
Polonnaruwa,era5_soil_moisture_0_to_7cm_mean,13,-0.15133462590665717
Polonnaruwa,era5_soil_moisture_0_to_7cm_mean,14,-0.21724249321154906
Polonnaruwa,era5_soil_moisture_0_to_7cm_mean,15,-0.1878077491241875
Polonnaruwa,era5_soil_moisture_0_to_7cm_mean,16,-0.17943828053748484
Polonnaruwa,era5_soil_moisture_0_to_7cm_mean,17,-0.19995414318203433
Polonnaruwa,era5_soil_moisture_0_to_7cm_mean,18,-0.20172353986808128
Polonnaruwa,era5_soil_moisture_0_to_7cm_mean,19,-0.23237813253188802
Polonnaruwa,era5_soil_moisture_0_to_7cm_mean,20,-0.22549625462538073
Puttalam,era5_soil_moisture_0_to_7cm_mean,2,0.08196361939100477
Puttalam,era5_soil_moisture_0_to_7cm_mean,3,0.10712480128242365
Puttalam,era5_soil_moisture_0_to_7cm_mean,4,0.1299476119543507
Puttalam,era5_soil_moisture_0_to_7cm_mean,5,0.1529103923530308
Puttalam,era5_soil_moisture_0_to_7cm_mean,6,0.19005666158253767
Puttalam,era5_soil_moisture_0_to_7cm_mean,7,0.20615970602081726
Puttalam,era5_soil_moisture_0_to_7cm_mean,8,0.19443506767052518
Puttalam,era5_soil_moisture_0_to_7cm_mean,9,0.15344057312926426
Puttalam,era5_soil_moisture_0_to_7cm_mean,10,0.09592933812849623
Puttalam,era5_soil_moisture_0_to_7cm_mean,11,0.04831164111811238
Puttalam,era5_soil_moisture_0_to_7cm_mean,12,-0.008188980416966323
Puttalam,era5_soil_moisture_0_to_7cm_mean,13,-0.07814291152776266
Puttalam,era5_soil_moisture_0_to_7cm_mean,14,-0.17302573402738153
Puttalam,era5_soil_moisture_0_to_7cm_mean,15,-0.2253394404579506
Puttalam,era5_soil_moisture_0_to_7cm_mean,16,-0.2916318834301626
Puttalam,era5_soil_moisture_0_to_7cm_mean,17,-0.29199255602664925
Puttalam,era5_soil_moisture_0_to_7cm_mean,18,-0.26897701157175113
Puttalam,era5_soil_moisture_0_to_7cm_mean,19,-0.28687335326764957
Puttalam,era5_soil_moisture_0_to_7cm_mean,20,-0.29702762761699003
Ratnapura,era5_soil_moisture_0_to_7cm_mean,2,0.13980658392058257
Ratnapura,era5_soil_moisture_0_to_7cm_mean,3,0.1287241724949057
Ratnapura,era5_soil_moisture_0_to_7cm_mean,4,0.17320592592080922
Ratnapura,era5_soil_moisture_0_to_7cm_mean,5,0.22504376742597196
Ratnapura,era5_soil_moisture_0_to_7cm_mean,6,0.19672114404458302
Ratnapura,era5_soil_moisture_0_to_7cm_mean,7,0.18866430571782333
Ratnapura,era5_soil_moisture_0_to_7cm_mean,8,0.16702322215719786
Ratnapura,era5_soil_moisture_0_to_7cm_mean,9,0.12441047618463406
Ratnapura,era5_soil_moisture_0_to_7cm_mean,10,0.03049425197173889
Ratnapura,era5_soil_moisture_0_to_7cm_mean,11,0.009373704834222077
Ratnapura,era5_soil_moisture_0_to_7cm_mean,12,-0.07503006826374364
Ratnapura,era5_soil_moisture_0_to_7cm_mean,13,-0.13763036177508722
Ratnapura,era5_soil_moisture_0_to_7cm_mean,14,-0.19180098037144458
Ratnapura,era5_soil_moisture_0_to_7cm_mean,15,-0.24564739828754217
Ratnapura,era5_soil_moisture_0_to_7cm_mean,16,-0.24734902694266056
Ratnapura,era5_soil_moisture_0_to_7cm_mean,17,-0.27975539472254624
Ratnapura,era5_soil_moisture_0_to_7cm_mean,18,-0.2588105897765615
Ratnapura,era5_soil_moisture_0_to_7cm_mean,19,-0.28586521571539625
Ratnapura,era5_soil_moisture_0_to_7cm_mean,20,-0.2516993072093258
Trincomalee,era5_soil_moisture_0_to_7cm_mean,2,0.1761911473196698
Trincomalee,era5_soil_moisture_0_to_7cm_mean,3,0.22720328681666188
Trincomalee,era5_soil_moisture_0_to_7cm_mean,4,0.30763247267728216
Trincomalee,era5_soil_moisture_0_to_7cm_mean,5,0.3541358119939597
Trincomalee,era5_soil_moisture_0_to_7cm_mean,6,0.3711284530952875
Trincomalee,era5_soil_moisture_0_to_7cm_mean,7,0.4013115456009398
Trincomalee,era5_soil_moisture_0_to_7cm_mean,8,0.4127705787135002
Trincomalee,era5_soil_moisture_0_to_7cm_mean,9,0.4259086943327063
Trincomalee,era5_soil_moisture_0_to_7cm_mean,10,0.410008177384884
Trincomalee,era5_soil_moisture_0_to_7cm_mean,11,0.37764315035427326
Trincomalee,era5_soil_moisture_0_to_7cm_mean,12,0.35666680306845905
Trincomalee,era5_soil_moisture_0_to_7cm_mean,13,0.3220705521260114
Trincomalee,era5_soil_moisture_0_to_7cm_mean,14,0.27890106985339913
Trincomalee,era5_soil_moisture_0_to_7cm_mean,15,0.23159971954485575
Trincomalee,era5_soil_moisture_0_to_7cm_mean,16,0.2105853059644891
Trincomalee,era5_soil_moisture_0_to_7cm_mean,17,0.17785221983264832
Trincomalee,era5_soil_moisture_0_to_7cm_mean,18,0.1469865276963858
Trincomalee,era5_soil_moisture_0_to_7cm_mean,19,0.12485539640855194
Trincomalee,era5_soil_moisture_0_to_7cm_mean,20,0.09845323922876346
Vavuniya,era5_soil_moisture_0_to_7cm_mean,2,0.10382099982116075
Vavuniya,era5_soil_moisture_0_to_7cm_mean,3,0.13965188896804728
Vavuniya,era5_soil_moisture_0_to_7cm_mean,4,0.22301161054976523
Vavuniya,era5_soil_moisture_0_to_7cm_mean,5,0.2754046275257466
Vavuniya,era5_soil_moisture_0_to_7cm_mean,6,0.28559259502134193
Vavuniya,era5_soil_moisture_0_to_7cm_mean,7,0.2626367047196929
Vavuniya,era5_soil_moisture_0_to_7cm_mean,8,0.2564828675683111
Vavuniya,era5_soil_moisture_0_to_7cm_mean,9,0.23354639036520347
Vavuniya,era5_soil_moisture_0_to_7cm_mean,10,0.19830941879397143
Vavuniya,era5_soil_moisture_0_to_7cm_mean,11,0.14814379351728113
Vavuniya,era5_soil_moisture_0_to_7cm_mean,12,0.12842533249667565
Vavuniya,era5_soil_moisture_0_to_7cm_mean,13,0.09739395627347168
Vavuniya,era5_soil_moisture_0_to_7cm_mean,14,0.06913518183088645
Vavuniya,era5_soil_moisture_0_to_7cm_mean,15,0.020144944055681055
Vavuniya,era5_soil_moisture_0_to_7cm_mean,16,-0.008252879846664748
Vavuniya,era5_soil_moisture_0_to_7cm_mean,17,-0.035517906599788214
Vavuniya,era5_soil_moisture_0_to_7cm_mean,18,-0.0802996019786579
Vavuniya,era5_soil_moisture_0_to_7cm_mean,19,-0.09011353167350031
Vavuniya,era5_soil_moisture_0_to_7cm_mean,20,-0.11702614640264569
Ampara,ndvi,0,0.21425611779808235
Ampara,ndvi,1,0.2338817052484794
Ampara,ndvi,2,0.19114593311768996
Ampara,ndvi,3,0.1444500628229384
Ampara,ndvi,4,0.12115632883577107
Ampara,ndvi,5,0.13817310881795408
Ampara,ndvi,6,0.09685413833444675
Ampara,ndvi,7,0.08012645060431936
Ampara,ndvi,8,0.07170238984360307
Ampara,ndvi,9,0.08914358838291403
Ampara,ndvi,10,0.03821745281299111
Ampara,ndvi,11,0.003258478296410365
Ampara,ndvi,12,0.07417385213296443
Ampara,ndvi,13,0.14956450040301333
Ampara,ndvi,14,0.13857328828941978
Ampara,ndvi,15,0.12079895048678117
Ampara,ndvi,16,0.07345177936339607
Ampara,ndvi,17,0.05660572779233898
Ampara,ndvi,18,0.12736282685968378
Ampara,ndvi,19,0.1513442105306768
Ampara,ndvi,20,0.12901579437441146
Anuradhapura,ndvi,0,0.2759880189174372
Anuradhapura,ndvi,1,0.2937228096677008
Anuradhapura,ndvi,2,0.28697419559966136
Anuradhapura,ndvi,3,0.28076788024337396
Anuradhapura,ndvi,4,0.3013434180799656
Anuradhapura,ndvi,5,0.2653223814447349
Anuradhapura,ndvi,6,0.22781815993430626
Anuradhapura,ndvi,7,0.20945406525928417
Anuradhapura,ndvi,8,0.1938524073922203
Anuradhapura,ndvi,9,0.18766759003448763
Anuradhapura,ndvi,10,0.15405753431802216
Anuradhapura,ndvi,11,0.151795668870573
Anuradhapura,ndvi,12,0.15495080748663298
Anuradhapura,ndvi,13,0.15144198413778875
Anuradhapura,ndvi,14,0.1467818532097534
Anuradhapura,ndvi,15,0.14369658803098345
Anuradhapura,ndvi,16,0.15077992913846144
Anuradhapura,ndvi,17,0.13766159903395245
Anuradhapura,ndvi,18,0.13791900351289169
Anuradhapura,ndvi,19,0.1472403851111801
Anuradhapura,ndvi,20,0.15639477735843949
Badulla,ndvi,0,0.014900535197237027
Badulla,ndvi,1,0.05015847654210495
Badulla,ndvi,2,0.018828067497413982
Badulla,ndvi,3,-0.03806538089350227
Badulla,ndvi,4,-0.04683058619579533
Badulla,ndvi,5,-0.044300415348385885
Badulla,ndvi,6,-0.041498503406982315
Badulla,ndvi,7,-0.03362165678644774
Badulla,ndvi,8,-0.02658172217412008
Badulla,ndvi,9,0.0129224143680334
Badulla,ndvi,10,0.07596597352254092
Badulla,ndvi,11,0.0533967345374034
Badulla,ndvi,12,0.06101147015752537
Badulla,ndvi,13,0.06483599363267525
Badulla,ndvi,14,0.04848220775919615
Badulla,ndvi,15,0.050021716657933715
Badulla,ndvi,16,0.03564589352065954
Badulla,ndvi,17,0.00819606636436434
Badulla,ndvi,18,0.041889127755038336
Badulla,ndvi,19,0.02459069623325004
Badulla,ndvi,20,0.027297722674659772
Batticaloa,ndvi,0,0.40848732462310977
Batticaloa,ndvi,1,0.38759054696595213
Batticaloa,ndvi,2,0.34470839723811497
Batticaloa,ndvi,3,0.30154781388258933
Batticaloa,ndvi,4,0.2603803074005744
Batticaloa,ndvi,5,0.2496846674980211
Batticaloa,ndvi,6,0.22323337635994786
Batticaloa,ndvi,7,0.1969324687889464
Batticaloa,ndvi,8,0.17829736701697066
Batticaloa,ndvi,9,0.1566847351890204
Batticaloa,ndvi,10,0.1323417132141898
Batticaloa,ndvi,11,0.11793895757801846
Batticaloa,ndvi,12,0.09009830508681536
Batticaloa,ndvi,13,0.09836217106296802
Batticaloa,ndvi,14,0.07614658786445222
Batticaloa,ndvi,15,0.05163068930413913
Batticaloa,ndvi,16,0.051470163405728755
Batticaloa,ndvi,17,0.02099460634479603
Batticaloa,ndvi,18,-0.009407339235531487
Batticaloa,ndvi,19,-0.02710373236200958
Batticaloa,ndvi,20,-0.02860228578414065
Colombo,ndvi,0,0.008462029840912143
Colombo,ndvi,1,-0.010500431436767476
Colombo,ndvi,2,0.0018524253935322602
Colombo,ndvi,3,-0.0043288622266231674
Colombo,ndvi,4,-0.017766419289127495
Colombo,ndvi,5,-0.02792139289986669
Colombo,ndvi,6,-0.05267884440999573
Colombo,ndvi,7,-0.0787090706620113
Colombo,ndvi,8,-0.10046722181649441
Colombo,ndvi,9,-0.10195667030803082
Colombo,ndvi,10,-0.10356028279249642
Colombo,ndvi,11,-0.11699523258981034
Colombo,ndvi,12,-0.13726275561130988
Colombo,ndvi,13,-0.1600030166789668
Colombo,ndvi,14,-0.1688056595547122
Colombo,ndvi,15,-0.15494146216356364
Colombo,ndvi,16,-0.15380082991488186
Colombo,ndvi,17,-0.14157176754338824
Colombo,ndvi,18,-0.11803208850592442
Colombo,ndvi,19,-0.12652622449042383
Colombo,ndvi,20,-0.11648216569278441
Galle,ndvi,0,-0.07161322491612492
Galle,ndvi,1,-0.08654307373175138
Galle,ndvi,2,-0.08435970833437313
Galle,ndvi,3,-0.11126074000721906
Galle,ndvi,4,-0.0833667753189946
Galle,ndvi,5,-0.08190225401925318
Galle,ndvi,6,-0.06197260921150442
Galle,ndvi,7,-0.04329969905534942
Galle,ndvi,8,-0.05613787332722174
Galle,ndvi,9,-0.04796354156460745
Galle,ndvi,10,-0.03719381912799051
Galle,ndvi,11,-0.05706158136745475
Galle,ndvi,12,-0.05453537549903217
Galle,ndvi,13,-0.05721881887303878
Galle,ndvi,14,-0.05763509200117232
Galle,ndvi,15,-0.051773871029161936
Galle,ndvi,16,-0.04202125501622876
Galle,ndvi,17,-0.03956415781933639
Galle,ndvi,18,-0.011240925745006604
Galle,ndvi,19,-0.0018859265328929216
Galle,ndvi,20,0.012359246360447858
Gampaha,ndvi,0,-0.045798292500480134
Gampaha,ndvi,1,-0.04849586477787449
Gampaha,ndvi,2,-0.0678671385472966
Gampaha,ndvi,3,-0.0695809626674907
Gampaha,ndvi,4,-0.07563317152398615
Gampaha,ndvi,5,-0.09619567560735932
Gampaha,ndvi,6,-0.0735162833538938
Gampaha,ndvi,7,-0.08409853297566613
Gampaha,ndvi,8,-0.08799087391330272
Gampaha,ndvi,9,-0.10613658767857245
Gampaha,ndvi,10,-0.1139483802711723
Gampaha,ndvi,11,-0.11129157752026472
Gampaha,ndvi,12,-0.09703583378758272
Gampaha,ndvi,13,-0.09963041961907888
Gampaha,ndvi,14,-0.10445566200716232
Gampaha,ndvi,15,-0.09867242093021139
Gampaha,ndvi,16,-0.08234891929237599
Gampaha,ndvi,17,-0.0722313940708068
Gampaha,ndvi,18,-0.0764654817035967
Gampaha,ndvi,19,-0.09534858036367273
Gampaha,ndvi,20,-0.06629902016076891
Hambantota,ndvi,0,0.28465326802140717
Hambantota,ndvi,1,0.27057775310633864
Hambantota,ndvi,2,0.25164701695241537
Hambantota,ndvi,3,0.20511934057638587
Hambantota,ndvi,4,0.1409883261022889
Hambantota,ndvi,5,0.09363180939656221
Hambantota,ndvi,6,0.05000978908591392
Hambantota,ndvi,7,-0.014224163552178832
Hambantota,ndvi,8,-0.046064313190721844
Hambantota,ndvi,9,-0.06352022749730536
Hambantota,ndvi,10,-0.08481680503969427
Hambantota,ndvi,11,-0.11127409070845348
Hambantota,ndvi,12,-0.11059574378232143
Hambantota,ndvi,13,-0.11681322734122454
Hambantota,ndvi,14,-0.1265499383323367
Hambantota,ndvi,15,-0.11914355410394865
Hambantota,ndvi,16,-0.08482289689590906
Hambantota,ndvi,17,-0.0663126622695805
Hambantota,ndvi,18,-0.032736177813164215
Hambantota,ndvi,19,-0.023995363144352327
Hambantota,ndvi,20,0.025582500762247027
Jaffna,ndvi,0,0.2617772884511887
Jaffna,ndvi,1,0.22865312204609478
Jaffna,ndvi,2,0.19444982851753712
Jaffna,ndvi,3,0.1630806333974857
Jaffna,ndvi,4,0.14670198427274608
Jaffna,ndvi,5,0.1144875210083436
Jaffna,ndvi,6,0.04529390952802462
Jaffna,ndvi,7,-0.02952228819498571
Jaffna,ndvi,8,-0.06726200267098192
Jaffna,ndvi,9,-0.0956258582218684
Jaffna,ndvi,10,-0.14528701936951163
Jaffna,ndvi,11,-0.17973882950971837
Jaffna,ndvi,12,-0.17703303178169968
Jaffna,ndvi,13,-0.15704225921302412
Jaffna,ndvi,14,-0.17065580989582377
Jaffna,ndvi,15,-0.18774375843309782
Jaffna,ndvi,16,-0.18946816441883776
Jaffna,ndvi,17,-0.14709785597817618
Jaffna,ndvi,18,-0.11805864062031875
Jaffna,ndvi,19,-0.11881697056254159
Jaffna,ndvi,20,-0.08894241652586989
Kalutara,ndvi,0,-0.10970257638747911
Kalutara,ndvi,1,-0.11280943016417895
Kalutara,ndvi,2,-0.0974235039666756
Kalutara,ndvi,3,-0.08026553542683328
Kalutara,ndvi,4,-0.038321159715979956
Kalutara,ndvi,5,-0.0153919168487072
Kalutara,ndvi,6,0.013569139044954973
Kalutara,ndvi,7,0.02162633149510932
Kalutara,ndvi,8,0.022701765786958136
Kalutara,ndvi,9,0.008348295396630876
Kalutara,ndvi,10,0.012155433098223329
Kalutara,ndvi,11,0.013737876413472357
Kalutara,ndvi,12,0.022397754414854112
Kalutara,ndvi,13,0.005219693350511543
Kalutara,ndvi,14,-0.011581894203750017
Kalutara,ndvi,15,-0.027244173895246117
Kalutara,ndvi,16,-0.03507534031661508
Kalutara,ndvi,17,-0.04611764554812543
Kalutara,ndvi,18,-0.06682242497586828
Kalutara,ndvi,19,-0.07595751678559315
Kalutara,ndvi,20,-0.08343217805635426
Kandy,ndvi,0,-0.0247852723634385
Kandy,ndvi,1,-0.018379800727653325
Kandy,ndvi,2,-0.02666942306941233
Kandy,ndvi,3,-0.03587801776585481
Kandy,ndvi,4,-0.022817608437875697
Kandy,ndvi,5,-0.0394705007478657
Kandy,ndvi,6,-0.03182675437253277
Kandy,ndvi,7,-0.040687156578471696
Kandy,ndvi,8,-0.06688255269655999
Kandy,ndvi,9,-0.0688349333929541
Kandy,ndvi,10,-0.058030559078258
Kandy,ndvi,11,-0.07533337635510146
Kandy,ndvi,12,-0.05159856738732324
Kandy,ndvi,13,-0.03237423220538819
Kandy,ndvi,14,-0.012962575828444522
Kandy,ndvi,15,-0.010771319398834254
Kandy,ndvi,16,0.02845833049304323
Kandy,ndvi,17,0.05227657488154966
Kandy,ndvi,18,0.05250458123131595
Kandy,ndvi,19,0.056648036311031616
Kandy,ndvi,20,0.06574771079753801
Kegalle,ndvi,0,-0.08014420209310706
Kegalle,ndvi,1,-0.03235135129438322
Kegalle,ndvi,2,-0.01252398855918009
Kegalle,ndvi,3,0.007308393684066778
Kegalle,ndvi,4,0.028024281357566797
Kegalle,ndvi,5,0.047208062436952115
Kegalle,ndvi,6,0.10265408019256364
Kegalle,ndvi,7,0.14488510607956598
Kegalle,ndvi,8,0.15370337788148544
Kegalle,ndvi,9,0.1468975613085833
Kegalle,ndvi,10,0.15567855711497416
Kegalle,ndvi,11,0.16375999042583494
Kegalle,ndvi,12,0.13553262024866142
Kegalle,ndvi,13,0.08736555276626463
Kegalle,ndvi,14,0.08009805487470055
Kegalle,ndvi,15,0.12084332307498463
Kegalle,ndvi,16,0.14231664422505588
Kegalle,ndvi,17,0.13829868571236945
Kegalle,ndvi,18,0.07177965346962628
Kegalle,ndvi,19,0.048151448618316675
Kegalle,ndvi,20,0.08283613470187873
Kilinochchi,ndvi,0,0.10200733777869282
Kilinochchi,ndvi,1,0.1413182746927244
Kilinochchi,ndvi,2,0.1457520536796593
Kilinochchi,ndvi,3,0.07100637165952545
Kilinochchi,ndvi,4,0.060797195697630306
Kilinochchi,ndvi,5,0.07924536891896782
Kilinochchi,ndvi,6,0.06319831355498425
Kilinochchi,ndvi,7,0.026277172582965636
Kilinochchi,ndvi,8,0.014883966491407627
Kilinochchi,ndvi,9,0.008745701963497964
Kilinochchi,ndvi,10,-0.0003692179548434578
Kilinochchi,ndvi,11,-0.005591260204913147
Kilinochchi,ndvi,12,-0.019109065867953877
Kilinochchi,ndvi,13,-0.025316899027594087
Kilinochchi,ndvi,14,-0.011843108742284971
Kilinochchi,ndvi,15,-0.010553699889480654
Kilinochchi,ndvi,16,0.005194545408206428
Kilinochchi,ndvi,17,0.015046359342436925
Kilinochchi,ndvi,18,0.0324207541049374
Kilinochchi,ndvi,19,0.04987151818976446
Kilinochchi,ndvi,20,0.07793546648342103
Kurunegala,ndvi,0,0.05859097216203386
Kurunegala,ndvi,1,0.05796732231421766
Kurunegala,ndvi,2,0.04576344598774183
Kurunegala,ndvi,3,0.020333185581711544
Kurunegala,ndvi,4,0.002308757874910221
Kurunegala,ndvi,5,-0.038426050000694864
Kurunegala,ndvi,6,-0.07193275594880452
Kurunegala,ndvi,7,-0.11228232154939648
Kurunegala,ndvi,8,-0.15821757080149768
Kurunegala,ndvi,9,-0.19094108523199477
Kurunegala,ndvi,10,-0.2381920214806885
Kurunegala,ndvi,11,-0.21409456975690153
Kurunegala,ndvi,12,-0.227302711187292
Kurunegala,ndvi,13,-0.22742897907882118
Kurunegala,ndvi,14,-0.24518865023279804
Kurunegala,ndvi,15,-0.25193769791237086
Kurunegala,ndvi,16,-0.21316892572587778
Kurunegala,ndvi,17,-0.18922654328274827
Kurunegala,ndvi,18,-0.15825869914374743
Kurunegala,ndvi,19,-0.16084774078030614
Kurunegala,ndvi,20,-0.14668148872124964
Mannar,ndvi,0,-0.09292448001338571
Mannar,ndvi,1,-0.145814710065317
Mannar,ndvi,2,-0.17251263724414437
Mannar,ndvi,3,-0.22034655488102253
Mannar,ndvi,4,-0.2437476385725628
Mannar,ndvi,5,-0.18543051256219378
Mannar,ndvi,6,-0.14088642155570713
Mannar,ndvi,7,-0.11984907010670119
Mannar,ndvi,8,-0.08614181009766704
Mannar,ndvi,9,-0.04242562768260174
Mannar,ndvi,10,0.001214745601406287
Mannar,ndvi,11,0.009570411126558495
Mannar,ndvi,12,-0.012209474271185943
Mannar,ndvi,13,0.005096248090274783
Mannar,ndvi,14,0.02603370499834501
Mannar,ndvi,15,0.05203199073214503
Mannar,ndvi,16,0.07479270095748208
Mannar,ndvi,17,0.0716796942255003
Mannar,ndvi,18,0.046815112885097966
Mannar,ndvi,19,0.027918196289425854
Mannar,ndvi,20,0.07168733366850412
Matale,ndvi,0,-0.06326512294740165
Matale,ndvi,1,-0.03223144231803378
Matale,ndvi,2,-0.04353395782023748
Matale,ndvi,3,-0.05928758221412746
Matale,ndvi,4,-0.06200033378788517
Matale,ndvi,5,-0.05396612153757471
Matale,ndvi,6,-0.07100504676254694
Matale,ndvi,7,-0.11434262261896322
Matale,ndvi,8,-0.09709089434634355
Matale,ndvi,9,0.0020417015345055136
Matale,ndvi,10,0.0033126987957056418
Matale,ndvi,11,-0.05705096687989697
Matale,ndvi,12,-0.08622842348817523
Matale,ndvi,13,-0.07644106951899085
Matale,ndvi,14,-0.07935754913199036
Matale,ndvi,15,-0.11626406894268618
Matale,ndvi,16,-0.07271249288738842
Matale,ndvi,17,-0.04725865723963914
Matale,ndvi,18,-0.06343190375296119
Matale,ndvi,19,-0.07570910378965545
Matale,ndvi,20,-0.10694276887821012
Matara,ndvi,0,-0.011978296731263305
Matara,ndvi,1,-0.02431739783436017
Matara,ndvi,2,-0.0227687872495732
Matara,ndvi,3,-0.0291775446649375
Matara,ndvi,4,-0.02415835756746014
Matara,ndvi,5,-0.010718086629464392
Matara,ndvi,6,-0.01160137508696957
Matara,ndvi,7,-0.01563218030065438
Matara,ndvi,8,-0.02242474998670198
Matara,ndvi,9,-0.01511493959111391
Matara,ndvi,10,-0.019967058094960733
Matara,ndvi,11,-0.019431094531654758
Matara,ndvi,12,-0.009230488234366757
Matara,ndvi,13,-0.01891484446709875
Matara,ndvi,14,-0.01674233324552811
Matara,ndvi,15,-0.003356403132606908
Matara,ndvi,16,0.02746471942442385
Matara,ndvi,17,0.03220712886430319
Matara,ndvi,18,0.03223026483267168
Matara,ndvi,19,0.06191370352993767
Matara,ndvi,20,0.08369098853446999
Moneragala,ndvi,0,0.1797338824317603
Moneragala,ndvi,1,0.2016243350641434
Moneragala,ndvi,2,0.1950221807638833
Moneragala,ndvi,3,0.1780367390591659
Moneragala,ndvi,4,0.15664018019980697
Moneragala,ndvi,5,0.1313698646538572
Moneragala,ndvi,6,0.09096255339491345
Moneragala,ndvi,7,0.06551008256473916
Moneragala,ndvi,8,0.04598028555983579
Moneragala,ndvi,9,0.06761988966316855
Moneragala,ndvi,10,0.05855981683109998
Moneragala,ndvi,11,0.04116338965585937
Moneragala,ndvi,12,0.059253049697251224
Moneragala,ndvi,13,0.060840879634398784
Moneragala,ndvi,14,0.06898618638582767
Moneragala,ndvi,15,0.06766632159730909
Moneragala,ndvi,16,0.09369613201234021
Moneragala,ndvi,17,0.11726071206611736
Moneragala,ndvi,18,0.11182830394234833
Moneragala,ndvi,19,0.14956775736256264
Moneragala,ndvi,20,0.2016238313320869
Mullaitivu,ndvi,0,-0.04689793305127265
Mullaitivu,ndvi,1,-0.11883252401222402
Mullaitivu,ndvi,2,-0.10932292974100011
Mullaitivu,ndvi,3,-0.05548268429173998
Mullaitivu,ndvi,4,-0.05551470290434847
Mullaitivu,ndvi,5,-0.012386397894998132
Mullaitivu,ndvi,6,-0.01448067494616438
Mullaitivu,ndvi,7,0.01385140283966713
Mullaitivu,ndvi,8,0.019843079494594938
Mullaitivu,ndvi,9,0.06570169388303916
Mullaitivu,ndvi,10,-0.0016321143720729298
Mullaitivu,ndvi,11,0.0020492634181370653
Mullaitivu,ndvi,12,0.027046913771987462
Mullaitivu,ndvi,13,0.04985201716235121
Mullaitivu,ndvi,14,0.015182523245293844
Mullaitivu,ndvi,15,0.08195384509754569
Mullaitivu,ndvi,16,0.023567907126508934
Mullaitivu,ndvi,17,-0.04413695038074797
Mullaitivu,ndvi,18,0.03512273725894268
Mullaitivu,ndvi,19,0.06896027258909664
Mullaitivu,ndvi,20,0.011730722358944203
NuwaraEliya,ndvi,0,-0.11114252098702125
NuwaraEliya,ndvi,1,-0.10860880542875138
NuwaraEliya,ndvi,2,-0.08241484905339146
NuwaraEliya,ndvi,3,-0.07105730043461267
NuwaraEliya,ndvi,4,-0.0457894579369493
NuwaraEliya,ndvi,5,0.0011642992822256618
NuwaraEliya,ndvi,6,0.03964158978059755
NuwaraEliya,ndvi,7,0.04219471060265696
NuwaraEliya,ndvi,8,0.06396771528730058
NuwaraEliya,ndvi,9,0.10859624672305834
NuwaraEliya,ndvi,10,0.05711540401988022
NuwaraEliya,ndvi,11,0.015528266162234846
NuwaraEliya,ndvi,12,0.05842014759050393
NuwaraEliya,ndvi,13,0.04556041956963015
NuwaraEliya,ndvi,14,0.05033010938052323
NuwaraEliya,ndvi,15,0.033599332536438514
NuwaraEliya,ndvi,16,0.04884424999241921
NuwaraEliya,ndvi,17,0.059802630803451676
NuwaraEliya,ndvi,18,0.08049545121237144
NuwaraEliya,ndvi,19,0.10372755702690399
NuwaraEliya,ndvi,20,0.11875990539634737
Polonnaruwa,ndvi,0,0.11861606617072953
Polonnaruwa,ndvi,1,0.09424968346782081
Polonnaruwa,ndvi,2,0.054213038728258695
Polonnaruwa,ndvi,3,-0.011387623310469774
Polonnaruwa,ndvi,4,-0.04643903487688
Polonnaruwa,ndvi,5,-0.08417100940012913
Polonnaruwa,ndvi,6,-0.08803718416286765
Polonnaruwa,ndvi,7,-0.07525732097633038
Polonnaruwa,ndvi,8,-0.05541335076009103
Polonnaruwa,ndvi,9,-0.04471779141904028
Polonnaruwa,ndvi,10,-0.01977987686297649
Polonnaruwa,ndvi,11,-0.02651238344708197
Polonnaruwa,ndvi,12,0.02254044146802182
Polonnaruwa,ndvi,13,0.0664114453001918
Polonnaruwa,ndvi,14,0.11672536574104135
Polonnaruwa,ndvi,15,0.1517381431253817
Polonnaruwa,ndvi,16,0.14683791828333517
Polonnaruwa,ndvi,17,0.15301610322283418
Polonnaruwa,ndvi,18,0.15229386679881726
Polonnaruwa,ndvi,19,0.1472969242526046
Polonnaruwa,ndvi,20,0.15559860294042716
Puttalam,ndvi,0,-0.08796007798847974
Puttalam,ndvi,1,-0.11200440395474631
Puttalam,ndvi,2,-0.11361783603209093
Puttalam,ndvi,3,-0.14208525864947386
Puttalam,ndvi,4,-0.17476919593791504
Puttalam,ndvi,5,-0.18692657016387648
Puttalam,ndvi,6,-0.21631191906958325
Puttalam,ndvi,7,-0.24454678646419753
Puttalam,ndvi,8,-0.2719983672871941
Puttalam,ndvi,9,-0.28356566092921054
Puttalam,ndvi,10,-0.27417234460577167
Puttalam,ndvi,11,-0.2630614779810643
Puttalam,ndvi,12,-0.23821531930700834
Puttalam,ndvi,13,-0.23150994771606326
Puttalam,ndvi,14,-0.216753670328826
Puttalam,ndvi,15,-0.1698894914614484
Puttalam,ndvi,16,-0.15245783492623471
Puttalam,ndvi,17,-0.12349571858733717
Puttalam,ndvi,18,-0.11524799502213091
Puttalam,ndvi,19,-0.09598476282213475
Puttalam,ndvi,20,-0.06530172649082326
Ratnapura,ndvi,0,-0.10794773602241825
Ratnapura,ndvi,1,-0.06525478788541533
Ratnapura,ndvi,2,-0.0032607619965257695
Ratnapura,ndvi,3,0.008740144331164377
Ratnapura,ndvi,4,0.03140316252043032
Ratnapura,ndvi,5,0.0617550578499532
Ratnapura,ndvi,6,0.0782208971685984
Ratnapura,ndvi,7,0.10757513562635021
Ratnapura,ndvi,8,0.12294887023885884
Ratnapura,ndvi,9,0.1529101355173847
Ratnapura,ndvi,10,0.14288156907412636
Ratnapura,ndvi,11,0.10237467423937256
Ratnapura,ndvi,12,0.09139130613896448
Ratnapura,ndvi,13,0.10434618836718723
Ratnapura,ndvi,14,0.10915550164903856
Ratnapura,ndvi,15,0.09975538066416009
Ratnapura,ndvi,16,0.11158609575710202
Ratnapura,ndvi,17,0.12158850298509334
Ratnapura,ndvi,18,0.11747596591106163
Ratnapura,ndvi,19,0.13098497410081492
Ratnapura,ndvi,20,0.15236071000618617
Trincomalee,ndvi,0,0.2749825702902545
Trincomalee,ndvi,1,0.26138793244026215
Trincomalee,ndvi,2,0.22661750213018064
Trincomalee,ndvi,3,0.1474568272231317
Trincomalee,ndvi,4,0.11688816126808618
Trincomalee,ndvi,5,0.12876346291434643
Trincomalee,ndvi,6,0.13535079280207074
Trincomalee,ndvi,7,0.11915852186170255
Trincomalee,ndvi,8,0.05603562078408871
Trincomalee,ndvi,9,0.05158828864560258
Trincomalee,ndvi,10,0.03028150183373515
Trincomalee,ndvi,11,-0.039199476905367674
Trincomalee,ndvi,12,-0.0406643471539506
Trincomalee,ndvi,13,-0.022662380328177564
Trincomalee,ndvi,14,-0.016032846348751476
Trincomalee,ndvi,15,-0.05233397050956804
Trincomalee,ndvi,16,-0.057526303908029076
Trincomalee,ndvi,17,-0.007379184118937568
Trincomalee,ndvi,18,-0.006710707919228839
Trincomalee,ndvi,19,-0.015142758315935789
Trincomalee,ndvi,20,0.049582804799726814
Vavuniya,ndvi,0,0.301822237937797
Vavuniya,ndvi,1,0.30113307826786073
Vavuniya,ndvi,2,0.2575314552199616
Vavuniya,ndvi,3,0.20434991527318827
Vavuniya,ndvi,4,0.1874618644492809
Vavuniya,ndvi,5,0.1786576164155916
Vavuniya,ndvi,6,0.15773659463976497
Vavuniya,ndvi,7,0.1309203307225321
Vavuniya,ndvi,8,0.12956033059219593
Vavuniya,ndvi,9,0.08323119381612117
Vavuniya,ndvi,10,0.019410874670292406
Vavuniya,ndvi,11,0.00862394201456521
Vavuniya,ndvi,12,0.0006398981569953432
Vavuniya,ndvi,13,-0.024277515747665596
Vavuniya,ndvi,14,-0.06535748848478995
Vavuniya,ndvi,15,-0.11199868151655694
Vavuniya,ndvi,16,-0.09005411269376726
Vavuniya,ndvi,17,-0.06570264127189589
Vavuniya,ndvi,18,-0.08489290413309272
Vavuniya,ndvi,19,-0.08648271887649144
Vavuniya,ndvi,20,-0.032529879650850614
