Week,region,cases
2013-05-15,Ampara,4.0
2013-06-22,Ampara,2.0
2013-06-29,Ampara,5.0
2013-07-13,Ampara,4.0
2013-07-20,Ampara,6.0
2013-07-27,Ampara,5.0
2013-08-03,Ampara,4.0
2013-08-10,Ampara,1.0
2013-08-17,Ampara,5.0
2013-08-24,Ampara,4.0
2013-08-31,Ampara,0.0
2013-09-07,Ampara,10.0
2013-09-14,Ampara,5.0
2013-09-21,Ampara,9.0
2013-09-28,Ampara,9.0
2013-10-05,Ampara,3.0
2013-10-12,Ampara,0.0
2013-10-19,Ampara,3.0
2013-10-26,Ampara,8.0
2013-11-02,Ampara,7.0
2013-11-09,Ampara,3.0
2013-11-16,Ampara,5.0
2013-11-23,Ampara,4.0
2013-11-30,Ampara,4.0
2013-12-07,Ampara,2.0
2013-12-14,Ampara,5.0
2013-12-21,Ampara,13.0
2013-12-27,Ampara,42.0
2013-12-28,Ampara,5.0
2014-01-02,Ampara,19.0
2014-01-04,Ampara,0.0
2014-01-09,Ampara,14.0
2014-01-11,Ampara,3.0
2014-01-18,Ampara,12.0
2014-02-01,Ampara,2.0
2014-02-08,Ampara,4.0
2014-02-15,Ampara,8.0
2014-02-22,Ampara,6.0
2014-03-01,Ampara,2.0
2014-03-08,Ampara,8.0
2014-03-15,Ampara,3.0
2014-03-22,Ampara,5.0
2014-03-29,Ampara,3.0
2014-04-05,Ampara,0.0
2014-04-12,Ampara,2.0
2014-04-19,Ampara,6.0
2014-04-26,Ampara,8.0
2014-05-03,Ampara,6.0
2014-05-10,Ampara,2.0
2014-05-17,Ampara,1.0
2014-05-24,Ampara,6.0
2014-05-31,Ampara,10.0
2014-06-07,Ampara,5.0
2014-06-14,Ampara,4.0
2014-06-21,Ampara,10.0
2014-06-28,Ampara,4.0
2014-07-05,Ampara,2.0
2014-07-12,Ampara,1.0
2014-07-19,Ampara,5.0
2014-07-26,Ampara,8.0
2014-08-02,Ampara,1.0
2014-08-09,Ampara,4.0
2014-08-16,Ampara,11.0
2014-08-23,Ampara,2.0
2014-08-30,Ampara,4.0
2014-09-06,Ampara,0.0
2014-09-13,Ampara,6.0
2014-09-20,Ampara,4.0
2014-09-27,Ampara,2.0
2014-10-04,Ampara,4.0
2014-10-11,Ampara,6.0
2014-10-18,Ampara,2.0
2014-10-25,Ampara,2.0
2014-11-01,Ampara,5.0
2014-11-08,Ampara,44.0
2014-11-15,Ampara,83.0
2014-11-22,Ampara,39.0
2014-11-29,Ampara,37.0
2014-12-06,Ampara,29.0
2014-12-13,Ampara,1.0
2014-12-20,Ampara,64.0
2015-01-03,Ampara,36.0
2015-01-10,Ampara,57.0
2015-01-17,Ampara,45.0
2015-01-24,Ampara,18.0
2015-01-31,Ampara,29.0
2015-02-07,Ampara,19.0
2015-02-14,Ampara,17.0
2015-02-21,Ampara,12.0
2015-02-28,Ampara,11.0
2015-03-07,Ampara,7.0
2015-03-14,Ampara,3.0
2015-03-21,Ampara,2.0
2015-03-28,Ampara,2.0
2015-04-04,Ampara,5.0
2015-04-11,Ampara,1.0
2015-04-18,Ampara,4.0
2015-04-25,Ampara,1.0
2015-05-02,Ampara,5.0
2015-05-09,Ampara,5.0
2015-05-16,Ampara,3.0
2015-05-23,Ampara,3.0
2015-05-30,Ampara,1.0
2015-06-06,Ampara,4.0
2015-06-13,Ampara,5.0
2015-06-20,Ampara,6.0
2015-06-27,Ampara,4.0
2015-07-04,Ampara,3.0
2015-07-11,Ampara,2.0
2015-07-25,Ampara,1.0
2015-08-01,Ampara,4.0
2015-08-08,Ampara,2.0
2015-08-15,Ampara,1.0
2015-08-22,Ampara,1.0
2015-08-29,Ampara,0.0
2015-09-05,Ampara,2.0
2015-09-12,Ampara,4.0
2015-09-19,Ampara,2.0
2015-09-26,Ampara,0.0
2015-10-03,Ampara,4.0
2015-10-10,Ampara,1.0
2015-10-17,Ampara,0.0
2015-10-24,Ampara,0.0
2015-10-31,Ampara,0.0
2015-11-07,Ampara,3.0
2015-11-14,Ampara,5.0
2015-11-21,Ampara,5.0
2015-11-28,Ampara,5.0
2015-12-05,Ampara,8.0
2015-12-12,Ampara,15.0
2015-12-19,Ampara,11.0
2015-12-26,Ampara,22.0
2016-01-16,Ampara,5.0
2016-01-23,Ampara,14.0
2016-01-30,Ampara,27.0
2016-02-06,Ampara,24.0
2016-02-13,Ampara,15.0
2016-02-20,Ampara,23.0
2016-02-27,Ampara,13.0
2016-03-05,Ampara,0.0
2016-03-12,Ampara,2.0
2016-03-19,Ampara,6.0
2016-03-26,Ampara,5.0
2016-04-02,Ampara,5.0
2016-04-09,Ampara,5.0
2016-04-16,Ampara,5.0
2016-04-23,Ampara,10.0
2016-04-30,Ampara,8.0
2016-05-07,Ampara,5.0
2016-05-14,Ampara,3.0
2016-05-21,Ampara,3.0
2016-05-28,Ampara,4.0
2016-06-04,Ampara,0.0
2016-06-11,Ampara,5.0
2016-06-18,Ampara,1.0
2016-06-25,Ampara,2.0
2016-07-02,Ampara,2.0
2016-07-09,Ampara,0.0
2016-07-16,Ampara,14.0
2016-07-23,Ampara,7.0
2016-07-30,Ampara,3.0
2016-08-06,Ampara,1.0
2016-08-20,Ampara,2.0
2016-08-27,Ampara,0.0
2016-09-03,Ampara,2.0
2016-09-10,Ampara,0.0
2016-09-17,Ampara,5.0
2016-09-24,Ampara,1.0
2016-10-01,Ampara,13.0
2016-10-08,Ampara,2.0
2016-10-15,Ampara,2.0
2016-10-22,Ampara,16.0
2016-10-29,Ampara,9.0
2016-11-05,Ampara,7.0
2016-11-12,Ampara,14.0
2016-11-19,Ampara,12.0
2016-11-26,Ampara,9.0
2016-12-03,Ampara,11.0
2016-12-10,Ampara,4.0
2016-12-17,Ampara,21.0
2016-12-24,Ampara,95.0
2016-12-31,Ampara,37.0
2017-01-07,Ampara,37.0
2017-01-14,Ampara,44.0
2017-01-21,Ampara,32.0
2017-01-28,Ampara,14.0
2017-02-04,Ampara,23.0
2017-02-11,Ampara,11.0
2017-02-18,Ampara,5.0
2017-02-25,Ampara,43.0
2017-03-04,Ampara,24.0
2017-03-11,Ampara,94.0
2017-03-18,Ampara,88.0
2017-03-25,Ampara,81.0
2017-04-01,Ampara,100.0
2017-04-08,Ampara,52.0
2017-04-15,Ampara,117.0
2017-04-22,Ampara,135.0
2017-04-29,Ampara,152.0
2017-05-06,Ampara,116.0
2017-05-13,Ampara,259.0
2017-05-17,Ampara,480.0
2017-05-20,Ampara,248.0
2017-05-27,Ampara,361.0
2017-06-03,Ampara,417.0
2017-06-10,Ampara,459.0
2017-06-24,Ampara,333.0
2017-07-01,Ampara,107.0
2017-07-08,Ampara,74.0
2017-07-15,Ampara,105.0
2017-07-22,Ampara,136.0
2017-07-29,Ampara,81.0
2017-08-05,Ampara,65.0
2017-08-12,Ampara,47.0
2017-08-19,Ampara,51.0
2017-08-26,Ampara,40.0
2017-09-02,Ampara,37.0
2017-09-09,Ampara,39.0
2017-09-16,Ampara,39.0
2017-09-23,Ampara,34.0
2017-09-30,Ampara,39.0
2017-10-07,Ampara,51.0
2017-10-14,Ampara,47.0
2017-10-21,Ampara,63.0
2017-10-28,Ampara,46.0
2017-11-04,Ampara,69.0
2017-11-11,Ampara,56.0
2017-11-18,Ampara,58.0
2017-11-25,Ampara,74.0
2017-12-02,Ampara,122.0
2017-12-09,Ampara,150.0
2017-12-16,Ampara,132.0
2017-12-23,Ampara,165.0
2017-12-30,Ampara,173.0
2018-01-06,Ampara,142.0
2018-01-13,Ampara,158.0
2018-01-20,Ampara,124.0
2018-01-27,Ampara,84.0
2018-02-03,Ampara,76.0
2018-02-10,Ampara,54.0
2018-02-17,Ampara,30.0
2018-02-24,Ampara,32.0
2018-03-03,Ampara,31.0
2018-03-10,Ampara,30.0
2018-03-17,Ampara,44.0
2018-03-24,Ampara,17.0
2018-03-31,Ampara,39.0
2018-04-07,Ampara,40.0
2018-04-14,Ampara,30.0
2018-04-21,Ampara,47.0
2018-04-28,Ampara,47.0
2018-05-05,Ampara,27.0
2018-05-12,Ampara,60.0
2018-05-19,Ampara,20.0
2018-05-26,Ampara,20.0
2018-06-02,Ampara,43.0
2018-06-09,Ampara,28.0
2018-06-16,Ampara,15.0
2018-06-23,Ampara,20.0
2018-06-30,Ampara,69.0
2018-07-07,Ampara,52.0
2018-07-14,Ampara,36.0
2018-07-21,Ampara,23.0
2018-07-28,Ampara,29.0
2018-08-04,Ampara,25.0
2018-08-11,Ampara,8.0
2018-08-18,Ampara,19.0
2018-08-25,Ampara,16.0
2018-09-01,Ampara,11.0
2018-09-08,Ampara,13.0
2018-09-15,Ampara,9.0
2018-09-22,Ampara,10.0
2018-09-29,Ampara,15.0
2018-10-06,Ampara,11.0
2018-10-13,Ampara,8.0
2018-10-20,Ampara,7.0
2018-10-27,Ampara,15.0
2018-11-03,Ampara,15.0
2018-11-10,Ampara,18.0
2018-11-17,Ampara,12.0
2018-11-24,Ampara,42.0
2018-12-01,Ampara,24.0
2018-12-08,Ampara,35.0
2018-12-15,Ampara,40.0
2018-12-22,Ampara,22.0
2018-12-29,Ampara,33.0
2019-01-05,Ampara,36.0
2019-01-12,Ampara,42.0
2019-01-19,Ampara,21.0
2019-01-26,Ampara,60.0
2019-02-02,Ampara,25.0
2019-02-09,Ampara,34.0
2019-02-16,Ampara,23.0
2019-03-02,Ampara,17.0
2019-03-09,Ampara,26.0
2019-03-16,Ampara,23.0
2019-03-23,Ampara,53.0
2019-03-30,Ampara,25.0
2019-04-06,Ampara,20.0
2019-04-13,Ampara,12.0
2019-04-20,Ampara,14.0
2019-04-27,Ampara,18.0
2019-05-04,Ampara,9.0
2019-05-11,Ampara,20.0
2019-05-18,Ampara,19.0
2019-05-25,Ampara,9.0
2019-06-01,Ampara,14.0
2019-06-08,Ampara,20.0
2019-06-15,Ampara,7.0
2019-06-22,Ampara,19.0
2019-06-29,Ampara,4.0
2019-07-06,Ampara,14.0
2019-07-13,Ampara,11.0
2019-07-20,Ampara,18.0
2019-07-27,Ampara,9.0
2019-08-03,Ampara,19.0
2019-08-10,Ampara,11.0
2019-08-17,Ampara,8.0
2019-08-24,Ampara,17.0
2019-08-31,Ampara,17.0
2019-09-07,Ampara,11.0
2019-09-14,Ampara,11.0
2019-09-21,Ampara,3.0
2019-09-28,Ampara,15.0
2019-10-05,Ampara,22.0
2019-10-12,Ampara,19.0
2019-10-19,Ampara,20.0
2019-10-26,Ampara,40.0
2019-11-02,Ampara,49.0
2019-11-09,Ampara,47.0
2019-11-16,Ampara,103.0
2019-11-23,Ampara,107.0
2019-11-30,Ampara,69.0
2019-12-07,Ampara,82.0
2019-12-14,Ampara,150.0
2019-12-21,Ampara,111.0
2019-12-28,Ampara,140.0
2020-01-01,Ampara,116.0
2020-01-04,Ampara,161.0
2020-01-11,Ampara,158.0
2020-01-18,Ampara,206.0
2020-01-25,Ampara,127.0
2020-02-08,Ampara,85.0
2020-02-15,Ampara,69.0
2020-02-22,Ampara,46.0
2020-02-29,Ampara,37.0
2020-03-07,Ampara,25.0
2020-03-14,Ampara,16.0
2020-03-21,Ampara,0.0
2020-03-28,Ampara,5.0
2020-04-04,Ampara,11.0
2020-04-11,Ampara,7.0
2020-04-18,Ampara,10.0
2020-04-25,Ampara,5.0
2020-05-02,Ampara,6.0
2020-05-09,Ampara,3.0
2020-05-16,Ampara,2.0
2020-05-23,Ampara,1.0
2020-05-30,Ampara,2.0
2020-06-06,Ampara,6.0
2020-06-13,Ampara,15.0
2020-06-20,Ampara,4.0
2020-06-27,Ampara,5.0
2020-07-04,Ampara,3.0
2020-07-11,Ampara,1.0
2020-07-18,Ampara,2.0
2020-07-25,Ampara,7.0
2020-08-01,Ampara,5.0
2020-08-08,Ampara,7.0
2020-08-15,Ampara,5.0
2020-08-22,Ampara,8.0
2020-08-29,Ampara,7.0
2020-09-05,Ampara,10.0
2020-09-11,Ampara,11.0
2020-09-19,Ampara,15.0
2020-09-26,Ampara,5.0
2020-10-03,Ampara,14.0
2020-10-10,Ampara,6.0
2020-10-17,Ampara,6.0
2020-10-24,Ampara,2.0
2020-10-31,Ampara,5.0
2020-11-07,Ampara,3.0
2020-11-14,Ampara,3.0
2020-11-28,Ampara,3.0
2020-12-05,Ampara,5.0
2020-12-12,Ampara,0.0
2020-12-19,Ampara,4.0
2020-12-21,Ampara,3.0
2020-12-26,Ampara,1430.0
2021-01-02,Ampara,9.0
2021-01-09,Ampara,8.0
2021-01-16,Ampara,9.0
2021-01-23,Ampara,10.0
2021-01-30,Ampara,5.0
2021-02-06,Ampara,15.0
2021-02-13,Ampara,12.0
2021-02-20,Ampara,13.0
2021-02-27,Ampara,11.0
2021-03-06,Ampara,23.0
2021-03-13,Ampara,15.0
2021-03-20,Ampara,20.0
2021-03-27,Ampara,9.0
2021-04-03,Ampara,10.0
2021-04-10,Ampara,20.0
2021-04-17,Ampara,25.0
2021-04-24,Ampara,11.0
2021-05-01,Ampara,12.0
2021-05-08,Ampara,9.0
2021-05-15,Ampara,10.0
2021-05-22,Ampara,9.0
2021-05-29,Ampara,2.0
2021-06-05,Ampara,5.0
2021-06-12,Ampara,6.0
2021-06-19,Ampara,6.0
2021-06-26,Ampara,3.0
2021-07-03,Ampara,3.0
2021-07-10,Ampara,1.0
2021-07-17,Ampara,3.0
2021-07-24,Ampara,1.0
2021-07-31,Ampara,3.0
2021-08-07,Ampara,0.0
2021-08-14,Ampara,1.0
2021-08-21,Ampara,2.0
2021-08-28,Ampara,0.0
2021-09-04,Ampara,1.0
2021-09-11,Ampara,0.0
2021-09-18,Ampara,2.0
2021-10-02,Ampara,2.0
2021-10-16,Ampara,0.0
2021-10-23,Ampara,6.0
2021-10-30,Ampara,1.0
2021-11-06,Ampara,4.0
2021-11-13,Ampara,8.0
2021-11-20,Ampara,6.0
2021-11-27,Ampara,13.0
2021-12-04,Ampara,18.0
2021-12-11,Ampara,11.0
2021-12-18,Ampara,11.0
2021-12-25,Ampara,12.0
2021-12-31,Ampara,92.0
2022-01-01,Ampara,19.0
2022-01-08,Ampara,15.0
2022-01-15,Ampara,19.0
2022-01-22,Ampara,12.0
2022-01-29,Ampara,15.0
2022-02-05,Ampara,15.0
2022-02-12,Ampara,13.0
2022-02-19,Ampara,23.0
2022-02-26,Ampara,30.0
2022-03-05,Ampara,18.0
2022-03-12,Ampara,17.0
2022-03-19,Ampara,21.0
2022-03-26,Ampara,25.0
2022-04-02,Ampara,30.0
2022-04-09,Ampara,19.0
2022-04-16,Ampara,43.0
2022-04-23,Ampara,42.0
2022-04-30,Ampara,25.0
2022-05-07,Ampara,31.0
2022-05-14,Ampara,40.0
2022-05-21,Ampara,24.0
2022-05-28,Ampara,24.0
2022-06-04,Ampara,41.0
2022-06-11,Ampara,45.0
2022-06-18,Ampara,39.0
2022-06-25,Ampara,19.0
2022-07-02,Ampara,18.0
2022-07-09,Ampara,31.0
2022-07-16,Ampara,40.0
2022-07-23,Ampara,32.0
2022-07-30,Ampara,36.0
2022-08-06,Ampara,22.0
2022-08-13,Ampara,38.0
2022-08-20,Ampara,35.0
2022-08-27,Ampara,24.0
2022-09-03,Ampara,25.0
2022-09-10,Ampara,0.0
2022-09-17,Ampara,23.0
2022-09-24,Ampara,23.0
2022-10-01,Ampara,31.0
2022-10-08,Ampara,33.0
2022-10-15,Ampara,29.0
2022-10-29,Ampara,13.0
2022-11-05,Ampara,27.0
2022-11-12,Ampara,43.0
2022-11-19,Ampara,52.0
2022-11-26,Ampara,64.0
2022-12-03,Ampara,14.0
2022-12-10,Ampara,17.0
2022-12-17,Ampara,23.0
2022-12-24,Ampara,20.0
2023-01-07,Ampara,180.0
2023-01-14,Ampara,146.0
2023-01-21,Ampara,109.0
2023-01-28,Ampara,61.0
2023-02-04,Ampara,96.0
2023-02-11,Ampara,55.0
2023-02-18,Ampara,42.0
2023-02-25,Ampara,58.0
2023-03-04,Ampara,33.0
2023-03-11,Ampara,31.0
2023-03-18,Ampara,26.0
2023-03-25,Ampara,41.0
2023-04-01,Ampara,47.0
2023-04-08,Ampara,16.0
2023-04-15,Ampara,71.0
2023-04-22,Ampara,36.0
2023-04-29,Ampara,35.0
2023-05-06,Ampara,51.0
2023-05-13,Ampara,26.0
2023-05-20,Ampara,32.0
2023-05-27,Ampara,23.0
2023-06-03,Ampara,29.0
2023-06-10,Ampara,32.0
2023-06-17,Ampara,22.0
2023-06-24,Ampara,16.0
2023-07-01,Ampara,19.0
2023-07-08,Ampara,20.0
2023-07-15,Ampara,24.0
2023-07-22,Ampara,24.0
2023-07-29,Ampara,15.0
2023-08-05,Ampara,20.0
2023-08-12,Ampara,26.0
2023-08-19,Ampara,15.0
2023-08-26,Ampara,8.0
2023-08-31,Ampara,11.0
2023-09-02,Ampara,8.0
2023-09-09,Ampara,6.0
2023-09-16,Ampara,9.0
2023-09-23,Ampara,14.0
2023-10-07,Ampara,6.0
2023-10-14,Ampara,40.0
2023-10-21,Ampara,54.0
2023-10-28,Ampara,70.0
2023-11-04,Ampara,21.0
2023-11-11,Ampara,6.0
2023-11-18,Ampara,4.0
2023-11-25,Ampara,22.0
2023-12-02,Ampara,32.0
2023-12-09,Ampara,40.0
2023-12-16,Ampara,115.0
2023-12-23,Ampara,39.0
2023-12-27,Ampara,56.0
2023-12-30,Ampara,78.0
2024-01-06,Ampara,45.0
2024-01-13,Ampara,202.0
2024-01-20,Ampara,71.0
2024-02-03,Ampara,80.0
2024-02-10,Ampara,75.0
2024-02-17,Ampara,25.0
2024-02-24,Ampara,28.0
2013-05-15,Anuradhapura,3.0
2013-06-22,Anuradhapura,6.0
2013-06-29,Anuradhapura,4.0
2013-07-13,Anuradhapura,2.0
2013-07-20,Anuradhapura,8.0
2013-07-27,Anuradhapura,6.0
2013-08-03,Anuradhapura,3.0
2013-08-10,Anuradhapura,7.0
2013-08-17,Anuradhapura,3.0
2013-08-24,Anuradhapura,4.0
2013-08-31,Anuradhapura,10.0
2013-09-07,Anuradhapura,4.0
2013-09-14,Anuradhapura,4.0
2013-09-21,Anuradhapura,13.0
2013-09-28,Anuradhapura,8.0
2013-10-05,Anuradhapura,5.0
2013-10-12,Anuradhapura,2.0
2013-10-19,Anuradhapura,8.0
2013-10-26,Anuradhapura,4.0
2013-11-02,Anuradhapura,4.0
2013-11-09,Anuradhapura,4.0
2013-11-16,Anuradhapura,1.0
2013-11-23,Anuradhapura,3.0
2013-11-30,Anuradhapura,9.0
2013-12-07,Anuradhapura,13.0
2013-12-14,Anuradhapura,11.0
2013-12-21,Anuradhapura,14.0
2013-12-27,Anuradhapura,15.0
2013-12-28,Anuradhapura,3.0
2014-01-02,Anuradhapura,11.0
2014-01-04,Anuradhapura,7.0
2014-01-09,Anuradhapura,8.0
2014-01-11,Anuradhapura,13.0
2014-01-18,Anuradhapura,15.0
2014-02-01,Anuradhapura,12.0
2014-02-08,Anuradhapura,6.0
2014-02-15,Anuradhapura,7.0
2014-02-22,Anuradhapura,7.0
2014-03-01,Anuradhapura,8.0
2014-03-08,Anuradhapura,4.0
2014-03-15,Anuradhapura,6.0
2014-03-22,Anuradhapura,4.0
2014-03-29,Anuradhapura,5.0
2014-04-05,Anuradhapura,1.0
2014-04-12,Anuradhapura,4.0
2014-04-19,Anuradhapura,8.0
2014-04-26,Anuradhapura,1.0
2014-05-03,Anuradhapura,1.0
2014-05-10,Anuradhapura,0.0
2014-05-17,Anuradhapura,1.0
2014-05-24,Anuradhapura,3.0
2014-05-31,Anuradhapura,6.0
2014-06-07,Anuradhapura,2.0
2014-06-14,Anuradhapura,6.0
2014-06-21,Anuradhapura,20.0
2014-06-28,Anuradhapura,10.0
2014-07-05,Anuradhapura,13.0
2014-07-12,Anuradhapura,8.0
2014-07-19,Anuradhapura,15.0
2014-07-26,Anuradhapura,10.0
2014-08-02,Anuradhapura,5.0
2014-08-09,Anuradhapura,2.0
2014-08-16,Anuradhapura,4.0
2014-08-23,Anuradhapura,4.0
2014-08-30,Anuradhapura,4.0
2014-09-06,Anuradhapura,7.0
2014-09-13,Anuradhapura,3.0
2014-09-20,Anuradhapura,6.0
2014-09-27,Anuradhapura,1.0
2014-10-04,Anuradhapura,8.0
2014-10-11,Anuradhapura,9.0
2014-10-18,Anuradhapura,8.0
2014-10-25,Anuradhapura,10.0
2014-11-01,Anuradhapura,4.0
2014-11-08,Anuradhapura,18.0
2014-11-15,Anuradhapura,10.0
2014-11-22,Anuradhapura,14.0
2014-11-29,Anuradhapura,14.0
2014-12-06,Anuradhapura,23.0
2014-12-13,Anuradhapura,18.0
2014-12-20,Anuradhapura,22.0
2015-01-03,Anuradhapura,12.0
2015-01-10,Anuradhapura,19.0
2015-01-17,Anuradhapura,44.0
2015-01-24,Anuradhapura,2.0
2015-01-31,Anuradhapura,11.0
2015-02-07,Anuradhapura,18.0
2015-02-14,Anuradhapura,5.0
2015-02-21,Anuradhapura,6.0
2015-02-28,Anuradhapura,9.0
2015-03-07,Anuradhapura,2.0
2015-03-14,Anuradhapura,3.0
2015-03-21,Anuradhapura,4.0
2015-03-28,Anuradhapura,3.0
2015-04-04,Anuradhapura,2.0
2015-04-11,Anuradhapura,1.0
2015-04-18,Anuradhapura,2.0
2015-04-25,Anuradhapura,1.0
2015-05-02,Anuradhapura,2.0
2015-05-09,Anuradhapura,1.0
2015-05-16,Anuradhapura,2.0
2015-05-23,Anuradhapura,0.0
2015-05-30,Anuradhapura,4.0
2015-06-06,Anuradhapura,2.0
2015-06-13,Anuradhapura,2.0
2015-06-20,Anuradhapura,2.0
2015-06-27,Anuradhapura,0.0
2015-07-04,Anuradhapura,3.0
2015-07-11,Anuradhapura,3.0
2015-07-25,Anuradhapura,1.0
2015-08-01,Anuradhapura,3.0
2015-08-08,Anuradhapura,3.0
2015-08-15,Anuradhapura,3.0
2015-08-22,Anuradhapura,1.0
2015-08-29,Anuradhapura,3.0
2015-09-05,Anuradhapura,1.0
2015-09-12,Anuradhapura,4.0
2015-09-19,Anuradhapura,2.0
2015-09-26,Anuradhapura,2.0
2015-10-03,Anuradhapura,1.0
2015-10-10,Anuradhapura,4.0
2015-10-17,Anuradhapura,3.0
2015-10-24,Anuradhapura,0.0
2015-10-31,Anuradhapura,3.0
2015-11-07,Anuradhapura,6.0
2015-11-14,Anuradhapura,7.0
2015-11-21,Anuradhapura,9.0
2015-11-28,Anuradhapura,4.0
2015-12-05,Anuradhapura,8.0
2015-12-12,Anuradhapura,1.0
2015-12-19,Anuradhapura,1.0
2015-12-26,Anuradhapura,16.0
2016-01-16,Anuradhapura,21.0
2016-01-23,Anuradhapura,6.0
2016-01-30,Anuradhapura,9.0
2016-02-06,Anuradhapura,11.0
2016-02-13,Anuradhapura,3.0
2016-02-20,Anuradhapura,18.0
2016-02-27,Anuradhapura,7.0
2016-03-05,Anuradhapura,1.0
2016-03-12,Anuradhapura,4.0
2016-03-19,Anuradhapura,7.0
2016-03-26,Anuradhapura,8.0
2016-04-02,Anuradhapura,0.0
2016-04-09,Anuradhapura,2.0
2016-04-16,Anuradhapura,7.0
2016-04-23,Anuradhapura,6.0
2016-04-30,Anuradhapura,2.0
2016-05-07,Anuradhapura,7.0
2016-05-14,Anuradhapura,7.0
2016-05-21,Anuradhapura,2.0
2016-05-28,Anuradhapura,3.0
2016-06-04,Anuradhapura,0.0
2016-06-11,Anuradhapura,3.0
2016-06-18,Anuradhapura,9.0
2016-06-25,Anuradhapura,13.0
2016-07-02,Anuradhapura,4.0
2016-07-09,Anuradhapura,12.0
2016-07-16,Anuradhapura,24.0
2016-07-23,Anuradhapura,11.0
2016-07-30,Anuradhapura,13.0
2016-08-06,Anuradhapura,6.0
2016-08-20,Anuradhapura,8.0
2016-08-27,Anuradhapura,4.0
2016-09-03,Anuradhapura,6.0
2016-09-10,Anuradhapura,11.0
2016-09-17,Anuradhapura,14.0
2016-09-24,Anuradhapura,16.0
2016-10-01,Anuradhapura,2.0
2016-10-08,Anuradhapura,2.0
2016-10-15,Anuradhapura,2.0
2016-10-22,Anuradhapura,9.0
2016-10-29,Anuradhapura,0.0
2016-11-05,Anuradhapura,4.0
2016-11-12,Anuradhapura,5.0
2016-11-19,Anuradhapura,2.0
2016-11-26,Anuradhapura,3.0
2016-12-03,Anuradhapura,4.0
2016-12-10,Anuradhapura,1.0
2016-12-17,Anuradhapura,7.0
2016-12-24,Anuradhapura,16.0
2016-12-31,Anuradhapura,15.0
2017-01-07,Anuradhapura,10.0
2017-01-14,Anuradhapura,16.0
2017-01-21,Anuradhapura,13.0
2017-01-28,Anuradhapura,11.0
2017-02-04,Anuradhapura,32.0
2017-02-11,Anuradhapura,16.0
2017-02-18,Anuradhapura,16.0
2017-02-25,Anuradhapura,28.0
2017-03-04,Anuradhapura,8.0
2017-03-11,Anuradhapura,49.0
2017-03-18,Anuradhapura,68.0
2017-03-25,Anuradhapura,52.0
2017-04-01,Anuradhapura,44.0
2017-04-08,Anuradhapura,24.0
2017-04-15,Anuradhapura,71.0
2017-04-22,Anuradhapura,54.0
2017-04-29,Anuradhapura,67.0
2017-05-06,Anuradhapura,66.0
2017-05-13,Anuradhapura,61.0
2017-05-17,Anuradhapura,122.0
2017-05-20,Anuradhapura,55.0
2017-05-27,Anuradhapura,71.0
2017-06-03,Anuradhapura,65.0
2017-06-10,Anuradhapura,60.0
2017-06-24,Anuradhapura,60.0
2017-07-01,Anuradhapura,244.0
2017-07-08,Anuradhapura,116.0
2017-07-15,Anuradhapura,172.0
2017-07-22,Anuradhapura,177.0
2017-07-29,Anuradhapura,112.0
2017-08-05,Anuradhapura,71.0
2017-08-12,Anuradhapura,57.0
2017-08-19,Anuradhapura,34.0
2017-08-26,Anuradhapura,20.0
2017-09-02,Anuradhapura,19.0
2017-09-09,Anuradhapura,20.0
2017-09-16,Anuradhapura,10.0
2017-09-23,Anuradhapura,18.0
2017-09-30,Anuradhapura,14.0
2017-10-07,Anuradhapura,20.0
2017-10-14,Anuradhapura,20.0
2017-10-21,Anuradhapura,25.0
2017-10-28,Anuradhapura,27.0
2017-11-04,Anuradhapura,33.0
2017-11-11,Anuradhapura,40.0
2017-11-18,Anuradhapura,53.0
2017-11-25,Anuradhapura,38.0
2017-12-02,Anuradhapura,51.0
2017-12-09,Anuradhapura,36.0
2017-12-16,Anuradhapura,40.0
2017-12-23,Anuradhapura,26.0
2017-12-30,Anuradhapura,32.0
2018-01-06,Anuradhapura,25.0
2018-01-13,Anuradhapura,24.0
2018-01-20,Anuradhapura,26.0
2018-01-27,Anuradhapura,34.0
2018-02-03,Anuradhapura,25.0
2018-02-10,Anuradhapura,22.0
2018-02-17,Anuradhapura,39.0
2018-02-24,Anuradhapura,16.0
2018-03-03,Anuradhapura,21.0
2018-03-10,Anuradhapura,10.0
2018-03-17,Anuradhapura,11.0
2018-03-24,Anuradhapura,4.0
2018-03-31,Anuradhapura,10.0
2018-04-07,Anuradhapura,6.0
2018-04-14,Anuradhapura,11.0
2018-04-21,Anuradhapura,20.0
2018-04-28,Anuradhapura,18.0
2018-05-05,Anuradhapura,12.0
2018-05-12,Anuradhapura,20.0
2018-05-19,Anuradhapura,26.0
2018-05-26,Anuradhapura,17.0
2018-06-02,Anuradhapura,28.0
2018-06-09,Anuradhapura,7.0
2018-06-16,Anuradhapura,3.0
2018-06-23,Anuradhapura,31.0
2018-06-30,Anuradhapura,45.0
2018-07-07,Anuradhapura,45.0
2018-07-14,Anuradhapura,29.0
2018-07-21,Anuradhapura,17.0
2018-07-28,Anuradhapura,24.0
2018-08-04,Anuradhapura,17.0
2018-08-11,Anuradhapura,12.0
2018-08-18,Anuradhapura,9.0
2018-08-25,Anuradhapura,6.0
2018-09-01,Anuradhapura,15.0
2018-09-08,Anuradhapura,6.0
2018-09-15,Anuradhapura,4.0
2018-09-22,Anuradhapura,7.0
2018-09-29,Anuradhapura,5.0
2018-10-06,Anuradhapura,5.0
2018-10-13,Anuradhapura,6.0
2018-10-20,Anuradhapura,10.0
2018-10-27,Anuradhapura,13.0
2018-11-03,Anuradhapura,11.0
2018-11-10,Anuradhapura,9.0
2018-11-17,Anuradhapura,11.0
2018-11-24,Anuradhapura,19.0
2018-12-01,Anuradhapura,16.0
2018-12-08,Anuradhapura,13.0
2018-12-15,Anuradhapura,12.0
2018-12-22,Anuradhapura,18.0
2018-12-29,Anuradhapura,9.0
2019-01-05,Anuradhapura,9.0
2019-01-12,Anuradhapura,19.0
2019-01-19,Anuradhapura,25.0
2019-01-26,Anuradhapura,28.0
2019-02-02,Anuradhapura,16.0
2019-02-09,Anuradhapura,11.0
2019-02-16,Anuradhapura,12.0
2019-03-02,Anuradhapura,9.0
2019-03-09,Anuradhapura,8.0
2019-03-16,Anuradhapura,12.0
2019-03-23,Anuradhapura,5.0
2019-03-30,Anuradhapura,9.0
2019-04-06,Anuradhapura,5.0
2019-04-13,Anuradhapura,4.0
2019-04-20,Anuradhapura,7.0
2019-04-27,Anuradhapura,8.0
2019-05-04,Anuradhapura,5.0
2019-05-11,Anuradhapura,1.0
2019-05-18,Anuradhapura,7.0
2019-05-25,Anuradhapura,7.0
2019-06-01,Anuradhapura,12.0
2019-06-08,Anuradhapura,15.0
2019-06-15,Anuradhapura,4.0
2019-06-22,Anuradhapura,10.0
2019-06-29,Anuradhapura,4.0
2019-07-06,Anuradhapura,16.0
2019-07-13,Anuradhapura,18.0
2019-07-20,Anuradhapura,16.0
2019-07-27,Anuradhapura,12.0
2019-08-03,Anuradhapura,26.0
2019-08-10,Anuradhapura,20.0
2019-08-17,Anuradhapura,20.0
2019-08-24,Anuradhapura,12.0
2019-08-31,Anuradhapura,9.0
2019-09-07,Anuradhapura,7.0
2019-09-14,Anuradhapura,10.0
2019-09-21,Anuradhapura,15.0
2019-09-28,Anuradhapura,13.0
2019-10-05,Anuradhapura,15.0
2019-10-12,Anuradhapura,33.0
2019-10-19,Anuradhapura,38.0
2019-10-26,Anuradhapura,33.0
2019-11-02,Anuradhapura,31.0
2019-11-09,Anuradhapura,46.0
2019-11-16,Anuradhapura,34.0
2019-11-23,Anuradhapura,67.0
2019-11-30,Anuradhapura,82.0
2019-12-07,Anuradhapura,51.0
2019-12-14,Anuradhapura,39.0
2019-12-21,Anuradhapura,47.0
2019-12-28,Anuradhapura,32.0
2020-01-01,Anuradhapura,25.0
2020-01-04,Anuradhapura,42.0
2020-01-11,Anuradhapura,39.0
2020-01-18,Anuradhapura,45.0
2020-01-25,Anuradhapura,32.0
2020-02-08,Anuradhapura,22.0
2020-02-15,Anuradhapura,20.0
2020-02-22,Anuradhapura,17.0
2020-02-29,Anuradhapura,8.0
2020-03-07,Anuradhapura,13.0
2020-03-14,Anuradhapura,9.0
2020-03-21,Anuradhapura,0.0
2020-03-28,Anuradhapura,1.0
2020-04-04,Anuradhapura,2.0
2020-04-11,Anuradhapura,0.0
2020-04-18,Anuradhapura,3.0
2020-04-25,Anuradhapura,0.0
2020-05-02,Anuradhapura,0.0
2020-05-09,Anuradhapura,3.0
2020-05-16,Anuradhapura,2.0
2020-05-23,Anuradhapura,2.0
2020-05-30,Anuradhapura,4.0
2020-06-06,Anuradhapura,8.0
2020-06-13,Anuradhapura,4.0
2020-06-20,Anuradhapura,4.0
2020-06-27,Anuradhapura,3.0
2020-07-04,Anuradhapura,2.0
2020-07-11,Anuradhapura,4.0
2020-07-18,Anuradhapura,0.0
2020-07-25,Anuradhapura,6.0
2020-08-01,Anuradhapura,1.0
2020-08-08,Anuradhapura,3.0
2020-08-15,Anuradhapura,2.0
2020-08-22,Anuradhapura,2.0
2020-08-29,Anuradhapura,3.0
2020-09-05,Anuradhapura,3.0
2020-09-11,Anuradhapura,3.0
2020-09-19,Anuradhapura,2.0
2020-09-26,Anuradhapura,3.0
2020-10-03,Anuradhapura,6.0
2020-10-10,Anuradhapura,0.0
2020-10-17,Anuradhapura,1.0
2020-10-24,Anuradhapura,0.0
2020-10-31,Anuradhapura,1.0
2020-11-07,Anuradhapura,1.0
2020-11-14,Anuradhapura,1.0
2020-11-28,Anuradhapura,2.0
2020-12-05,Anuradhapura,4.0
2020-12-12,Anuradhapura,1.0
2020-12-19,Anuradhapura,3.0
2020-12-21,Anuradhapura,1.0
2020-12-26,Anuradhapura,465.0
2021-01-02,Anuradhapura,0.0
2021-01-09,Anuradhapura,4.0
2021-01-16,Anuradhapura,2.0
2021-01-23,Anuradhapura,3.0
2021-01-30,Anuradhapura,1.0
2021-02-06,Anuradhapura,2.0
2021-02-13,Anuradhapura,4.0
2021-02-20,Anuradhapura,2.0
2021-02-27,Anuradhapura,5.0
2021-03-06,Anuradhapura,2.0
2021-03-13,Anuradhapura,10.0
2021-03-20,Anuradhapura,9.0
2021-03-27,Anuradhapura,2.0
2021-04-03,Anuradhapura,10.0
2021-04-10,Anuradhapura,5.0
2021-04-17,Anuradhapura,9.0
2021-04-24,Anuradhapura,4.0
2021-05-01,Anuradhapura,9.0
2021-05-08,Anuradhapura,7.0
2021-05-15,Anuradhapura,8.0
2021-05-22,Anuradhapura,6.0
2021-05-29,Anuradhapura,2.0
2021-06-05,Anuradhapura,1.0
2021-06-12,Anuradhapura,0.0
2021-06-19,Anuradhapura,11.0
2021-06-26,Anuradhapura,9.0
2021-07-03,Anuradhapura,5.0
2021-07-10,Anuradhapura,3.0
2021-07-17,Anuradhapura,5.0
2021-07-24,Anuradhapura,5.0
2021-07-31,Anuradhapura,3.0
2021-08-07,Anuradhapura,9.0
2021-08-14,Anuradhapura,1.0
2021-08-21,Anuradhapura,1.0
2021-08-28,Anuradhapura,1.0
2021-09-04,Anuradhapura,4.0
2021-09-11,Anuradhapura,4.0
2021-09-18,Anuradhapura,0.0
2021-10-02,Anuradhapura,1.0
2021-10-16,Anuradhapura,3.0
2021-10-23,Anuradhapura,2.0
2021-10-30,Anuradhapura,2.0
2021-11-06,Anuradhapura,5.0
2021-11-13,Anuradhapura,4.0
2021-11-20,Anuradhapura,1.0
2021-11-27,Anuradhapura,9.0
2021-12-04,Anuradhapura,2.0
2021-12-11,Anuradhapura,13.0
2021-12-18,Anuradhapura,13.0
2021-12-25,Anuradhapura,13.0
2021-12-31,Anuradhapura,7.0
2022-01-01,Anuradhapura,15.0
2022-01-08,Anuradhapura,14.0
2022-01-15,Anuradhapura,16.0
2022-01-22,Anuradhapura,14.0
2022-01-29,Anuradhapura,14.0
2022-02-05,Anuradhapura,7.0
2022-02-12,Anuradhapura,7.0
2022-02-19,Anuradhapura,8.0
2022-02-26,Anuradhapura,1.0
2022-03-05,Anuradhapura,13.0
2022-03-12,Anuradhapura,4.0
2022-03-19,Anuradhapura,12.0
2022-03-26,Anuradhapura,5.0
2022-04-02,Anuradhapura,6.0
2022-04-09,Anuradhapura,0.0
2022-04-16,Anuradhapura,7.0
2022-04-23,Anuradhapura,7.0
2022-04-30,Anuradhapura,4.0
2022-05-07,Anuradhapura,4.0
2022-05-14,Anuradhapura,5.0
2022-05-21,Anuradhapura,10.0
2022-05-28,Anuradhapura,12.0
2022-06-04,Anuradhapura,3.0
2022-06-11,Anuradhapura,5.0
2022-06-18,Anuradhapura,13.0
2022-06-25,Anuradhapura,8.0
2022-07-02,Anuradhapura,4.0
2022-07-09,Anuradhapura,0.0
2022-07-16,Anuradhapura,10.0
2022-07-23,Anuradhapura,25.0
2022-07-30,Anuradhapura,14.0
2022-08-06,Anuradhapura,7.0
2022-08-13,Anuradhapura,4.0
2022-08-20,Anuradhapura,6.0
2022-08-27,Anuradhapura,4.0
2022-09-03,Anuradhapura,1.0
2022-09-10,Anuradhapura,0.0
2022-09-17,Anuradhapura,1.0
2022-09-24,Anuradhapura,7.0
2022-10-01,Anuradhapura,1.0
2022-10-08,Anuradhapura,4.0
2022-10-15,Anuradhapura,2.0
2022-10-29,Anuradhapura,6.0
2022-11-05,Anuradhapura,4.0
2022-11-12,Anuradhapura,7.0
2022-11-19,Anuradhapura,3.0
2022-11-26,Anuradhapura,3.0
2022-12-03,Anuradhapura,2.0
2022-12-10,Anuradhapura,3.0
2022-12-17,Anuradhapura,5.0
2022-12-24,Anuradhapura,9.0
2023-01-07,Anuradhapura,16.0
2023-01-14,Anuradhapura,15.0
2023-01-21,Anuradhapura,15.0
2023-01-28,Anuradhapura,7.0
2023-02-04,Anuradhapura,9.0
2023-02-11,Anuradhapura,11.0
2023-02-18,Anuradhapura,8.0
2023-02-25,Anuradhapura,2.0
2023-03-04,Anuradhapura,13.0
2023-03-11,Anuradhapura,15.0
2023-03-18,Anuradhapura,8.0
2023-03-25,Anuradhapura,3.0
2023-04-01,Anuradhapura,10.0
2023-04-08,Anuradhapura,6.0
2023-04-15,Anuradhapura,7.0
2023-04-22,Anuradhapura,0.0
2023-04-29,Anuradhapura,4.0
2023-05-06,Anuradhapura,16.0
2023-05-13,Anuradhapura,19.0
2023-05-20,Anuradhapura,29.0
2023-05-27,Anuradhapura,47.0
2023-06-03,Anuradhapura,48.0
2023-06-10,Anuradhapura,45.0
2023-06-17,Anuradhapura,41.0
2023-06-24,Anuradhapura,32.0
2023-07-01,Anuradhapura,23.0
2023-07-08,Anuradhapura,20.0
2023-07-15,Anuradhapura,13.0
2023-07-22,Anuradhapura,12.0
2023-07-29,Anuradhapura,13.0
2023-08-05,Anuradhapura,17.0
2023-08-12,Anuradhapura,6.0
2023-08-19,Anuradhapura,5.0
2023-08-26,Anuradhapura,2.0
2023-08-31,Anuradhapura,7.0
2023-09-02,Anuradhapura,8.0
2023-09-09,Anuradhapura,8.0
2023-09-16,Anuradhapura,10.0
2023-09-23,Anuradhapura,4.0
2023-10-07,Anuradhapura,3.0
2023-10-14,Anuradhapura,15.0
2023-10-21,Anuradhapura,27.0
2023-10-28,Anuradhapura,46.0
2023-11-04,Anuradhapura,2.0
2023-11-11,Anuradhapura,5.0
2023-11-18,Anuradhapura,0.0
2023-11-25,Anuradhapura,13.0
2023-12-02,Anuradhapura,39.0
2023-12-09,Anuradhapura,30.0
2023-12-16,Anuradhapura,22.0
2023-12-23,Anuradhapura,42.0
2023-12-27,Anuradhapura,11.0
2023-12-30,Anuradhapura,28.0
2024-01-06,Anuradhapura,28.0
2024-01-13,Anuradhapura,190.0
2024-01-20,Anuradhapura,34.0
2024-02-03,Anuradhapura,69.0
2024-02-10,Anuradhapura,29.0
2024-02-17,Anuradhapura,53.0
2024-02-24,Anuradhapura,50.0
2013-05-15,Badulla,11.0
2013-06-22,Badulla,10.0
2013-06-29,Badulla,16.0
2013-07-13,Badulla,4.0
2013-07-20,Badulla,13.0
2013-07-27,Badulla,8.0
2013-08-03,Badulla,7.0
2013-08-10,Badulla,9.0
2013-08-17,Badulla,4.0
2013-08-24,Badulla,15.0
2013-08-31,Badulla,7.0
2013-09-07,Badulla,5.0
2013-09-14,Badulla,8.0
2013-09-21,Badulla,6.0
2013-09-28,Badulla,4.0
2013-10-05,Badulla,5.0
2013-10-12,Badulla,5.0
2013-10-19,Badulla,7.0
2013-10-26,Badulla,6.0
2013-11-02,Badulla,6.0
2013-11-09,Badulla,6.0
2013-11-16,Badulla,10.0
2013-11-23,Badulla,4.0
2013-11-30,Badulla,7.0
2013-12-07,Badulla,3.0
2013-12-14,Badulla,5.0
2013-12-21,Badulla,9.0
2013-12-27,Badulla,41.0
2013-12-28,Badulla,11.0
2014-01-02,Badulla,17.0
2014-01-04,Badulla,9.0
2014-01-09,Badulla,18.0
2014-01-11,Badulla,3.0
2014-01-18,Badulla,10.0
2014-02-01,Badulla,12.0
2014-02-08,Badulla,9.0
2014-02-15,Badulla,14.0
2014-02-22,Badulla,3.0
2014-03-01,Badulla,16.0
2014-03-08,Badulla,2.0
2014-03-15,Badulla,9.0
2014-03-22,Badulla,4.0
2014-03-29,Badulla,4.0
2014-04-05,Badulla,1.0
2014-04-12,Badulla,0.0
2014-04-19,Badulla,2.0
2014-04-26,Badulla,2.0
2014-05-03,Badulla,1.0
2014-05-10,Badulla,4.0
2014-05-17,Badulla,7.0
2014-05-24,Badulla,20.0
2014-05-31,Badulla,10.0
2014-06-07,Badulla,23.0
2014-06-14,Badulla,16.0
2014-06-21,Badulla,9.0
2014-06-28,Badulla,8.0
2014-07-05,Badulla,31.0
2014-07-12,Badulla,8.0
2014-07-19,Badulla,14.0
2014-07-26,Badulla,10.0
2014-08-02,Badulla,11.0
2014-08-09,Badulla,22.0
2014-08-16,Badulla,16.0
2014-08-23,Badulla,13.0
2014-08-30,Badulla,8.0
2014-09-06,Badulla,18.0
2014-09-13,Badulla,17.0
2014-09-20,Badulla,29.0
2014-09-27,Badulla,20.0
2014-10-04,Badulla,7.0
2014-10-11,Badulla,21.0
2014-10-18,Badulla,29.0
2014-10-25,Badulla,29.0
2014-11-01,Badulla,39.0
2014-11-08,Badulla,73.0
2014-11-15,Badulla,35.0
2014-11-22,Badulla,68.0
2014-11-29,Badulla,51.0
2014-12-06,Badulla,11.0
2014-12-13,Badulla,42.0
2014-12-20,Badulla,54.0
2015-01-03,Badulla,2.0
2015-01-10,Badulla,38.0
2015-01-17,Badulla,32.0
2015-01-24,Badulla,7.0
2015-01-31,Badulla,15.0
2015-02-07,Badulla,13.0
2015-02-14,Badulla,9.0
2015-02-21,Badulla,17.0
2015-02-28,Badulla,6.0
2015-03-07,Badulla,7.0
2015-03-14,Badulla,3.0
2015-03-21,Badulla,4.0
2015-03-28,Badulla,10.0
2015-04-04,Badulla,2.0
2015-04-11,Badulla,0.0
2015-04-18,Badulla,13.0
2015-04-25,Badulla,3.0
2015-05-02,Badulla,1.0
2015-05-09,Badulla,3.0
2015-05-16,Badulla,7.0
2015-05-23,Badulla,4.0
2015-05-30,Badulla,3.0
2015-06-06,Badulla,4.0
2015-06-13,Badulla,7.0
2015-06-20,Badulla,6.0
2015-06-27,Badulla,3.0
2015-07-04,Badulla,5.0
2015-07-11,Badulla,6.0
2015-07-25,Badulla,7.0
2015-08-01,Badulla,2.0
2015-08-08,Badulla,5.0
2015-08-15,Badulla,3.0
2015-08-22,Badulla,2.0
2015-08-29,Badulla,1.0
2015-09-05,Badulla,1.0
2015-09-12,Badulla,3.0
2015-09-19,Badulla,4.0
2015-09-26,Badulla,4.0
2015-10-03,Badulla,2.0
2015-10-10,Badulla,8.0
2015-10-17,Badulla,5.0
2015-10-24,Badulla,10.0
2015-10-31,Badulla,2.0
2015-11-07,Badulla,6.0
2015-11-14,Badulla,13.0
2015-11-21,Badulla,12.0
2015-11-28,Badulla,8.0
2015-12-05,Badulla,4.0
2015-12-12,Badulla,7.0
2015-12-19,Badulla,6.0
2015-12-26,Badulla,12.0
2016-01-16,Badulla,14.0
2016-01-23,Badulla,6.0
2016-01-30,Badulla,4.0
2016-02-06,Badulla,6.0
2016-02-13,Badulla,12.0
2016-02-20,Badulla,6.0
2016-02-27,Badulla,6.0
2016-03-05,Badulla,5.0
2016-03-12,Badulla,9.0
2016-03-19,Badulla,13.0
2016-03-26,Badulla,2.0
2016-04-02,Badulla,1.0
2016-04-09,Badulla,2.0
2016-04-16,Badulla,3.0
2016-04-23,Badulla,10.0
2016-04-30,Badulla,3.0
2016-05-07,Badulla,6.0
2016-05-14,Badulla,6.0
2016-05-21,Badulla,6.0
2016-05-28,Badulla,26.0
2016-06-04,Badulla,11.0
2016-06-11,Badulla,16.0
2016-06-18,Badulla,28.0
2016-06-25,Badulla,29.0
2016-07-02,Badulla,34.0
2016-07-09,Badulla,36.0
2016-07-16,Badulla,20.0
2016-07-23,Badulla,27.0
2016-07-30,Badulla,20.0
2016-08-06,Badulla,16.0
2016-08-20,Badulla,14.0
2016-08-27,Badulla,8.0
2016-09-03,Badulla,13.0
2016-09-10,Badulla,20.0
2016-09-17,Badulla,20.0
2016-09-24,Badulla,30.0
2016-10-01,Badulla,45.0
2016-10-08,Badulla,60.0
2016-10-15,Badulla,17.0
2016-10-22,Badulla,35.0
2016-10-29,Badulla,16.0
2016-11-05,Badulla,16.0
2016-11-12,Badulla,20.0
2016-11-19,Badulla,33.0
2016-11-26,Badulla,17.0
2016-12-03,Badulla,6.0
2016-12-10,Badulla,2.0
2016-12-17,Badulla,18.0
2016-12-24,Badulla,40.0
2016-12-31,Badulla,58.0
2017-01-07,Badulla,63.0
2017-01-14,Badulla,55.0
2017-01-21,Badulla,26.0
2017-01-28,Badulla,32.0
2017-02-04,Badulla,14.0
2017-02-11,Badulla,20.0
2017-02-18,Badulla,22.0
2017-02-25,Badulla,20.0
2017-03-04,Badulla,33.0
2017-03-11,Badulla,14.0
2017-03-18,Badulla,25.0
2017-03-25,Badulla,30.0
2017-04-01,Badulla,21.0
2017-04-08,Badulla,14.0
2017-04-15,Badulla,66.0
2017-04-22,Badulla,71.0
2017-04-29,Badulla,54.0
2017-05-06,Badulla,32.0
2017-05-13,Badulla,25.0
2017-05-17,Badulla,63.0
2017-05-20,Badulla,49.0
2017-05-27,Badulla,36.0
2017-06-03,Badulla,24.0
2017-06-10,Badulla,33.0
2017-06-24,Badulla,34.0
2017-07-01,Badulla,278.0
2017-07-08,Badulla,305.0
2017-07-15,Badulla,290.0
2017-07-22,Badulla,298.0
2017-07-29,Badulla,146.0
2017-08-05,Badulla,143.0
2017-08-12,Badulla,102.0
2017-08-19,Badulla,68.0
2017-08-26,Badulla,48.0
2017-09-02,Badulla,60.0
2017-09-09,Badulla,65.0
2017-09-16,Badulla,53.0
2017-09-23,Badulla,44.0
2017-09-30,Badulla,25.0
2017-10-07,Badulla,53.0
2017-10-14,Badulla,45.0
2017-10-21,Badulla,28.0
2017-10-28,Badulla,32.0
2017-11-04,Badulla,47.0
2017-11-11,Badulla,56.0
2017-11-18,Badulla,39.0
2017-11-25,Badulla,37.0
2017-12-02,Badulla,48.0
2017-12-09,Badulla,40.0
2017-12-16,Badulla,30.0
2017-12-23,Badulla,23.0
2017-12-30,Badulla,24.0
2018-01-06,Badulla,22.0
2018-01-13,Badulla,18.0
2018-01-20,Badulla,10.0
2018-01-27,Badulla,15.0
2018-02-03,Badulla,8.0
2018-02-10,Badulla,10.0
2018-02-17,Badulla,6.0
2018-02-24,Badulla,5.0
2018-03-03,Badulla,3.0
2018-03-10,Badulla,4.0
2018-03-17,Badulla,10.0
2018-03-24,Badulla,6.0
2018-03-31,Badulla,9.0
2018-04-07,Badulla,11.0
2018-04-14,Badulla,5.0
2018-04-21,Badulla,7.0
2018-04-28,Badulla,6.0
2018-05-05,Badulla,5.0
2018-05-12,Badulla,7.0
2018-05-19,Badulla,9.0
2018-05-26,Badulla,5.0
2018-06-02,Badulla,10.0
2018-06-09,Badulla,15.0
2018-06-16,Badulla,12.0
2018-06-23,Badulla,16.0
2018-06-30,Badulla,20.0
2018-07-07,Badulla,20.0
2018-07-14,Badulla,21.0
2018-07-21,Badulla,13.0
2018-07-28,Badulla,24.0
2018-08-04,Badulla,15.0
2018-08-11,Badulla,11.0
2018-08-18,Badulla,10.0
2018-08-25,Badulla,12.0
2018-09-01,Badulla,8.0
2018-09-08,Badulla,18.0
2018-09-15,Badulla,6.0
2018-09-22,Badulla,7.0
2018-09-29,Badulla,7.0
2018-10-06,Badulla,10.0
2018-10-13,Badulla,8.0
2018-10-20,Badulla,14.0
2018-10-27,Badulla,13.0
2018-11-03,Badulla,10.0
2018-11-10,Badulla,18.0
2018-11-17,Badulla,11.0
2018-11-24,Badulla,12.0
2018-12-01,Badulla,15.0
2018-12-08,Badulla,11.0
2018-12-15,Badulla,16.0
2018-12-22,Badulla,22.0
2018-12-29,Badulla,20.0
2019-01-05,Badulla,24.0
2019-01-12,Badulla,23.0
2019-01-19,Badulla,12.0
2019-01-26,Badulla,29.0
2019-02-02,Badulla,17.0
2019-02-09,Badulla,15.0
2019-02-16,Badulla,17.0
2019-03-02,Badulla,12.0
2019-03-09,Badulla,23.0
2019-03-16,Badulla,13.0
2019-03-23,Badulla,14.0
2019-03-30,Badulla,9.0
2019-04-06,Badulla,9.0
2019-04-13,Badulla,4.0
2019-04-20,Badulla,15.0
2019-04-27,Badulla,7.0
2019-05-04,Badulla,8.0
2019-05-11,Badulla,9.0
2019-05-18,Badulla,4.0
2019-05-25,Badulla,13.0
2019-06-01,Badulla,14.0
2019-06-08,Badulla,13.0
2019-06-15,Badulla,35.0
2019-06-22,Badulla,25.0
2019-06-29,Badulla,18.0
2019-07-06,Badulla,39.0
2019-07-13,Badulla,27.0
2019-07-20,Badulla,22.0
2019-07-27,Badulla,36.0
2019-08-03,Badulla,20.0
2019-08-10,Badulla,29.0
2019-08-17,Badulla,37.0
2019-08-24,Badulla,18.0
2019-08-31,Badulla,29.0
2019-09-07,Badulla,24.0
2019-09-14,Badulla,38.0
2019-09-21,Badulla,34.0
2019-09-28,Badulla,40.0
2019-10-05,Badulla,37.0
2019-10-12,Badulla,69.0
2019-10-19,Badulla,84.0
2019-10-26,Badulla,77.0
2019-11-02,Badulla,90.0
2019-11-09,Badulla,82.0
2019-11-16,Badulla,115.0
2019-11-23,Badulla,126.0
2019-11-30,Badulla,88.0
2019-12-07,Badulla,92.0
2019-12-14,Badulla,107.0
2019-12-21,Badulla,84.0
2019-12-28,Badulla,54.0
2020-01-01,Badulla,30.0
2020-01-04,Badulla,58.0
2020-01-11,Badulla,62.0
2020-01-18,Badulla,54.0
2020-01-25,Badulla,42.0
2020-02-08,Badulla,24.0
2020-02-15,Badulla,22.0
2020-02-22,Badulla,15.0
2020-02-29,Badulla,17.0
2020-03-07,Badulla,9.0
2020-03-14,Badulla,4.0
2020-03-21,Badulla,1.0
2020-03-28,Badulla,3.0
2020-04-04,Badulla,1.0
2020-04-11,Badulla,1.0
2020-04-18,Badulla,4.0
2020-04-25,Badulla,2.0
2020-05-02,Badulla,1.0
2020-05-09,Badulla,6.0
2020-05-16,Badulla,2.0
2020-05-23,Badulla,2.0
2020-05-30,Badulla,1.0
2020-06-06,Badulla,8.0
2020-06-13,Badulla,13.0
2020-06-20,Badulla,8.0
2020-06-27,Badulla,3.0
2020-07-04,Badulla,1.0
2020-07-11,Badulla,7.0
2020-07-18,Badulla,1.0
2020-07-25,Badulla,5.0
2020-08-01,Badulla,3.0
2020-08-08,Badulla,2.0
2020-08-15,Badulla,3.0
2020-08-22,Badulla,0.0
2020-08-29,Badulla,3.0
2020-09-05,Badulla,2.0
2020-09-11,Badulla,1.0
2020-09-19,Badulla,0.0
2020-09-26,Badulla,2.0
2020-10-03,Badulla,3.0
2020-10-10,Badulla,2.0
2020-10-17,Badulla,3.0
2020-10-24,Badulla,0.0
2020-10-31,Badulla,4.0
2020-11-07,Badulla,1.0
2020-11-14,Badulla,5.0
2020-11-28,Badulla,8.0
2020-12-05,Badulla,7.0
2020-12-12,Badulla,5.0
2020-12-19,Badulla,10.0
2020-12-21,Badulla,7.0
2020-12-26,Badulla,197.0
2021-01-02,Badulla,7.0
2021-01-09,Badulla,4.0
2021-01-16,Badulla,0.0
2021-01-23,Badulla,1.0
2021-01-30,Badulla,0.0
2021-02-06,Badulla,0.0
2021-02-13,Badulla,1.0
2021-02-20,Badulla,0.0
2021-02-27,Badulla,2.0
2021-03-06,Badulla,2.0
2021-03-13,Badulla,3.0
2021-03-20,Badulla,2.0
2021-03-27,Badulla,0.0
2021-04-03,Badulla,4.0
2021-04-10,Badulla,2.0
2021-04-17,Badulla,9.0
2021-04-24,Badulla,8.0
2021-05-01,Badulla,2.0
2021-05-08,Badulla,3.0
2021-05-15,Badulla,2.0
2021-05-22,Badulla,0.0
2021-05-29,Badulla,2.0
2021-06-05,Badulla,2.0
2021-06-12,Badulla,15.0
2021-06-19,Badulla,21.0
2021-06-26,Badulla,11.0
2021-07-03,Badulla,6.0
2021-07-10,Badulla,13.0
2021-07-17,Badulla,1.0
2021-07-24,Badulla,16.0
2021-07-31,Badulla,6.0
2021-08-07,Badulla,2.0
2021-08-14,Badulla,9.0
2021-08-21,Badulla,0.0
2021-08-28,Badulla,2.0
2021-09-04,Badulla,3.0
2021-09-11,Badulla,3.0
2021-09-18,Badulla,6.0
2021-10-02,Badulla,30.0
2021-10-16,Badulla,38.0
2021-10-23,Badulla,25.0
2021-10-30,Badulla,30.0
2021-11-06,Badulla,55.0
2021-11-13,Badulla,50.0
2021-11-20,Badulla,67.0
2021-11-27,Badulla,34.0
2021-12-04,Badulla,46.0
2021-12-11,Badulla,78.0
2021-12-18,Badulla,78.0
2021-12-25,Badulla,78.0
2021-12-31,Badulla,55.0
2022-01-01,Badulla,81.0
2022-01-08,Badulla,47.0
2022-01-15,Badulla,60.0
2022-01-22,Badulla,63.0
2022-01-29,Badulla,21.0
2022-02-05,Badulla,8.0
2022-02-12,Badulla,10.0
2022-02-19,Badulla,13.0
2022-02-26,Badulla,4.0
2022-03-05,Badulla,15.0
2022-03-12,Badulla,6.0
2022-03-19,Badulla,16.0
2022-03-26,Badulla,13.0
2022-04-02,Badulla,8.0
2022-04-09,Badulla,8.0
2022-04-16,Badulla,10.0
2022-04-23,Badulla,6.0
2022-04-30,Badulla,7.0
2022-05-07,Badulla,3.0
2022-05-14,Badulla,9.0
2022-05-21,Badulla,21.0
2022-05-28,Badulla,24.0
2022-06-04,Badulla,31.0
2022-06-11,Badulla,33.0
2022-06-18,Badulla,51.0
2022-06-25,Badulla,24.0
2022-07-02,Badulla,30.0
2022-07-09,Badulla,21.0
2022-07-16,Badulla,36.0
2022-07-23,Badulla,36.0
2022-07-30,Badulla,27.0
2022-08-06,Badulla,15.0
2022-08-13,Badulla,24.0
2022-08-20,Badulla,21.0
2022-08-27,Badulla,7.0
2022-09-03,Badulla,13.0
2022-09-10,Badulla,0.0
2022-09-17,Badulla,14.0
2022-09-24,Badulla,21.0
2022-10-01,Badulla,23.0
2022-10-08,Badulla,25.0
2022-10-15,Badulla,27.0
2022-10-29,Badulla,63.0
2022-11-05,Badulla,45.0
2022-11-12,Badulla,62.0
2022-11-19,Badulla,56.0
2022-11-26,Badulla,41.0
2022-12-03,Badulla,55.0
2022-12-10,Badulla,51.0
2022-12-17,Badulla,41.0
2022-12-24,Badulla,29.0
2023-01-07,Badulla,37.0
2023-01-14,Badulla,26.0
2023-01-21,Badulla,38.0
2023-01-28,Badulla,43.0
2023-02-04,Badulla,38.0
2023-02-11,Badulla,35.0
2023-02-18,Badulla,16.0
2023-02-25,Badulla,29.0
2023-03-04,Badulla,22.0
2023-03-11,Badulla,24.0
2023-03-18,Badulla,18.0
2023-03-25,Badulla,26.0
2023-04-01,Badulla,9.0
2023-04-08,Badulla,10.0
2023-04-15,Badulla,16.0
2023-04-22,Badulla,0.0
2023-04-29,Badulla,18.0
2023-05-06,Badulla,26.0
2023-05-13,Badulla,17.0
2023-05-20,Badulla,16.0
2023-05-27,Badulla,21.0
2023-06-03,Badulla,17.0
2023-06-10,Badulla,28.0
2023-06-17,Badulla,28.0
2023-06-24,Badulla,26.0
2023-07-01,Badulla,32.0
2023-07-08,Badulla,30.0
2023-07-15,Badulla,40.0
2023-07-22,Badulla,30.0
2023-07-29,Badulla,22.0
2023-08-05,Badulla,30.0
2023-08-12,Badulla,23.0
2023-08-19,Badulla,12.0
2023-08-26,Badulla,20.0
2023-08-31,Badulla,25.0
2023-09-02,Badulla,15.0
2023-09-09,Badulla,13.0
2023-09-16,Badulla,20.0
2023-09-23,Badulla,9.0
2023-10-07,Badulla,26.0
2023-10-14,Badulla,3.0
2023-10-21,Badulla,3.0
2023-10-28,Badulla,15.0
2023-11-04,Badulla,0.0
2023-11-11,Badulla,30.0
2023-11-18,Badulla,48.0
2023-11-25,Badulla,43.0
2023-12-02,Badulla,174.0
2023-12-09,Badulla,178.0
2023-12-16,Badulla,16.0
2023-12-23,Badulla,120.0
2023-12-27,Badulla,24.0
2023-12-30,Badulla,111.0
2024-01-06,Badulla,78.0
2024-01-13,Badulla,26.0
2024-01-20,Badulla,53.0
2024-02-03,Badulla,44.0
2024-02-10,Badulla,12.0
2024-02-17,Badulla,15.0
2024-02-24,Badulla,8.0
2013-05-15,Batticaloa,15.0
2013-06-22,Batticaloa,7.0
2013-06-29,Batticaloa,9.0
2013-07-13,Batticaloa,5.0
2013-07-20,Batticaloa,6.0
2013-07-27,Batticaloa,8.0
2013-08-03,Batticaloa,4.0
2013-08-10,Batticaloa,2.0
2013-08-17,Batticaloa,1.0
2013-08-24,Batticaloa,6.0
2013-08-31,Batticaloa,7.0
2013-09-07,Batticaloa,0.0
2013-09-14,Batticaloa,4.0
2013-09-21,Batticaloa,3.0
2013-09-28,Batticaloa,8.0
2013-10-05,Batticaloa,5.0
2013-10-12,Batticaloa,3.0
2013-10-19,Batticaloa,1.0
2013-10-26,Batticaloa,2.0
2013-11-02,Batticaloa,2.0
2013-11-09,Batticaloa,0.0
2013-11-16,Batticaloa,4.0
2013-11-23,Batticaloa,3.0
2013-11-30,Batticaloa,6.0
2013-12-07,Batticaloa,4.0
2013-12-14,Batticaloa,9.0
2013-12-21,Batticaloa,2.0
2013-12-27,Batticaloa,31.0
2013-12-28,Batticaloa,5.0
2014-01-02,Batticaloa,14.0
2014-01-04,Batticaloa,6.0
2014-01-09,Batticaloa,20.0
2014-01-11,Batticaloa,4.0
2014-01-18,Batticaloa,10.0
2014-02-01,Batticaloa,11.0
2014-02-08,Batticaloa,11.0
2014-02-15,Batticaloa,15.0
2014-02-22,Batticaloa,13.0
2014-03-01,Batticaloa,22.0
2014-03-08,Batticaloa,24.0
2014-03-15,Batticaloa,47.0
2014-03-22,Batticaloa,39.0
2014-03-29,Batticaloa,22.0
2014-04-05,Batticaloa,4.0
2014-04-12,Batticaloa,16.0
2014-04-19,Batticaloa,24.0
2014-04-26,Batticaloa,25.0
2014-05-03,Batticaloa,16.0
2014-05-10,Batticaloa,24.0
2014-05-17,Batticaloa,17.0
2014-05-24,Batticaloa,26.0
2014-05-31,Batticaloa,16.0
2014-06-07,Batticaloa,20.0
2014-06-14,Batticaloa,30.0
2014-06-21,Batticaloa,11.0
2014-06-28,Batticaloa,19.0
2014-07-05,Batticaloa,15.0
2014-07-12,Batticaloa,12.0
2014-07-19,Batticaloa,10.0
2014-07-26,Batticaloa,6.0
2014-08-02,Batticaloa,4.0
2014-08-09,Batticaloa,5.0
2014-08-16,Batticaloa,9.0
2014-08-23,Batticaloa,1.0
2014-08-30,Batticaloa,4.0
2014-09-06,Batticaloa,2.0
2014-09-13,Batticaloa,3.0
2014-09-20,Batticaloa,4.0
2014-09-27,Batticaloa,4.0
2014-10-04,Batticaloa,7.0
2014-10-11,Batticaloa,7.0
2014-10-18,Batticaloa,3.0
2014-10-25,Batticaloa,10.0
2014-11-01,Batticaloa,6.0
2014-11-08,Batticaloa,20.0
2014-11-15,Batticaloa,34.0
2014-11-22,Batticaloa,30.0
2014-11-29,Batticaloa,39.0
2014-12-06,Batticaloa,39.0
2014-12-13,Batticaloa,34.0
2014-12-20,Batticaloa,50.0
2015-01-03,Batticaloa,20.0
2015-01-10,Batticaloa,52.0
2015-01-17,Batticaloa,67.0
2015-01-24,Batticaloa,55.0
2015-01-31,Batticaloa,71.0
2015-02-07,Batticaloa,85.0
2015-02-14,Batticaloa,69.0
2015-02-21,Batticaloa,58.0
2015-02-28,Batticaloa,28.0
2015-03-07,Batticaloa,51.0
2015-03-14,Batticaloa,32.0
2015-03-21,Batticaloa,23.0
2015-03-28,Batticaloa,17.0
2015-04-04,Batticaloa,5.0
2015-04-11,Batticaloa,18.0
2015-04-18,Batticaloa,25.0
2015-04-25,Batticaloa,14.0
2015-05-02,Batticaloa,29.0
2015-05-09,Batticaloa,16.0
2015-05-16,Batticaloa,23.0
2015-05-23,Batticaloa,11.0
2015-05-30,Batticaloa,23.0
2015-06-06,Batticaloa,22.0
2015-06-13,Batticaloa,6.0
2015-06-20,Batticaloa,2.0
2015-06-27,Batticaloa,6.0
2015-07-04,Batticaloa,27.0
2015-07-11,Batticaloa,11.0
2015-07-25,Batticaloa,2.0
2015-08-01,Batticaloa,7.0
2015-08-08,Batticaloa,2.0
2015-08-15,Batticaloa,1.0
2015-08-22,Batticaloa,0.0
2015-08-29,Batticaloa,1.0
2015-09-05,Batticaloa,3.0
2015-09-12,Batticaloa,1.0
2015-09-19,Batticaloa,1.0
2015-09-26,Batticaloa,4.0
2015-10-03,Batticaloa,4.0
2015-10-10,Batticaloa,3.0
2015-10-17,Batticaloa,3.0
2015-10-24,Batticaloa,9.0
2015-10-31,Batticaloa,1.0
2015-11-07,Batticaloa,4.0
2015-11-14,Batticaloa,5.0
2015-11-21,Batticaloa,9.0
2015-11-28,Batticaloa,19.0
2015-12-05,Batticaloa,12.0
2015-12-12,Batticaloa,8.0
2015-12-19,Batticaloa,22.0
2015-12-26,Batticaloa,18.0
2016-01-16,Batticaloa,32.0
2016-01-23,Batticaloa,10.0
2016-01-30,Batticaloa,18.0
2016-02-06,Batticaloa,12.0
2016-02-13,Batticaloa,17.0
2016-02-20,Batticaloa,9.0
2016-02-27,Batticaloa,4.0
2016-03-05,Batticaloa,13.0
2016-03-12,Batticaloa,4.0
2016-03-19,Batticaloa,4.0
2016-03-26,Batticaloa,6.0
2016-04-02,Batticaloa,8.0
2016-04-09,Batticaloa,3.0
2016-04-16,Batticaloa,6.0
2016-04-23,Batticaloa,3.0
2016-04-30,Batticaloa,5.0
2016-05-07,Batticaloa,1.0
2016-05-14,Batticaloa,3.0
2016-05-21,Batticaloa,2.0
2016-05-28,Batticaloa,18.0
2016-06-04,Batticaloa,1.0
2016-06-11,Batticaloa,5.0
2016-06-18,Batticaloa,8.0
2016-06-25,Batticaloa,7.0
2016-07-02,Batticaloa,2.0
2016-07-09,Batticaloa,0.0
2016-07-16,Batticaloa,10.0
2016-07-23,Batticaloa,12.0
2016-07-30,Batticaloa,1.0
2016-08-06,Batticaloa,9.0
2016-08-20,Batticaloa,7.0
2016-08-27,Batticaloa,2.0
2016-09-03,Batticaloa,7.0
2016-09-10,Batticaloa,5.0
2016-09-17,Batticaloa,1.0
2016-09-24,Batticaloa,3.0
2016-10-01,Batticaloa,2.0
2016-10-08,Batticaloa,1.0
2016-10-15,Batticaloa,7.0
2016-10-22,Batticaloa,2.0
2016-10-29,Batticaloa,1.0
2016-11-05,Batticaloa,2.0
2016-11-12,Batticaloa,2.0
2016-11-19,Batticaloa,6.0
2016-11-26,Batticaloa,10.0
2016-12-03,Batticaloa,13.0
2016-12-10,Batticaloa,9.0
2016-12-17,Batticaloa,17.0
2016-12-24,Batticaloa,43.0
2016-12-31,Batticaloa,25.0
2017-01-07,Batticaloa,9.0
2017-01-14,Batticaloa,22.0
2017-01-21,Batticaloa,52.0
2017-01-28,Batticaloa,27.0
2017-02-04,Batticaloa,76.0
2017-02-11,Batticaloa,37.0
2017-02-18,Batticaloa,55.0
2017-02-25,Batticaloa,44.0
2017-03-04,Batticaloa,55.0
2017-03-11,Batticaloa,152.0
2017-03-18,Batticaloa,178.0
2017-03-25,Batticaloa,229.0
2017-04-01,Batticaloa,197.0
2017-04-08,Batticaloa,269.0
2017-04-15,Batticaloa,384.0
2017-04-22,Batticaloa,332.0
2017-04-29,Batticaloa,229.0
2017-05-06,Batticaloa,209.0
2017-05-13,Batticaloa,217.0
2017-05-17,Batticaloa,83.0
2017-05-20,Batticaloa,214.0
2017-05-27,Batticaloa,136.0
2017-06-03,Batticaloa,107.0
2017-06-10,Batticaloa,82.0
2017-06-24,Batticaloa,57.0
2017-07-01,Batticaloa,85.0
2017-07-08,Batticaloa,43.0
2017-07-15,Batticaloa,85.0
2017-07-22,Batticaloa,60.0
2017-07-29,Batticaloa,42.0
2017-08-05,Batticaloa,67.0
2017-08-12,Batticaloa,51.0
2017-08-19,Batticaloa,37.0
2017-08-26,Batticaloa,34.0
2017-09-02,Batticaloa,32.0
2017-09-09,Batticaloa,33.0
2017-09-16,Batticaloa,23.0
2017-09-23,Batticaloa,21.0
2017-09-30,Batticaloa,26.0
2017-10-07,Batticaloa,34.0
2017-10-14,Batticaloa,45.0
2017-10-21,Batticaloa,35.0
2017-10-28,Batticaloa,31.0
2017-11-04,Batticaloa,74.0
2017-11-11,Batticaloa,85.0
2017-11-18,Batticaloa,81.0
2017-11-25,Batticaloa,97.0
2017-12-02,Batticaloa,103.0
2017-12-09,Batticaloa,117.0
2017-12-16,Batticaloa,117.0
2017-12-23,Batticaloa,122.0
2017-12-30,Batticaloa,168.0
2018-01-06,Batticaloa,143.0
2018-01-13,Batticaloa,142.0
2018-01-20,Batticaloa,145.0
2018-01-27,Batticaloa,132.0
2018-02-03,Batticaloa,122.0
2018-02-10,Batticaloa,126.0
2018-02-17,Batticaloa,116.0
2018-02-24,Batticaloa,109.0
2018-03-03,Batticaloa,111.0
2018-03-10,Batticaloa,109.0
2018-03-17,Batticaloa,104.0
2018-03-24,Batticaloa,115.0
2018-03-31,Batticaloa,116.0
2018-04-07,Batticaloa,133.0
2018-04-14,Batticaloa,166.0
2018-04-21,Batticaloa,162.0
2018-04-28,Batticaloa,165.0
2018-05-05,Batticaloa,234.0
2018-05-12,Batticaloa,222.0
2018-05-19,Batticaloa,187.0
2018-05-26,Batticaloa,169.0
2018-06-02,Batticaloa,147.0
2018-06-09,Batticaloa,129.0
2018-06-16,Batticaloa,113.0
2018-06-23,Batticaloa,131.0
2018-06-30,Batticaloa,120.0
2018-07-07,Batticaloa,74.0
2018-07-14,Batticaloa,77.0
2018-07-21,Batticaloa,59.0
2018-07-28,Batticaloa,52.0
2018-08-04,Batticaloa,31.0
2018-08-11,Batticaloa,40.0
2018-08-18,Batticaloa,17.0
2018-08-25,Batticaloa,16.0
2018-09-01,Batticaloa,25.0
2018-09-08,Batticaloa,20.0
2018-09-15,Batticaloa,15.0
2018-09-22,Batticaloa,21.0
2018-09-29,Batticaloa,23.0
2018-10-06,Batticaloa,19.0
2018-10-13,Batticaloa,40.0
2018-10-20,Batticaloa,34.0
2018-10-27,Batticaloa,21.0
2018-11-03,Batticaloa,34.0
2018-11-10,Batticaloa,46.0
2018-11-17,Batticaloa,68.0
2018-11-24,Batticaloa,58.0
2018-12-01,Batticaloa,48.0
2018-12-08,Batticaloa,72.0
2018-12-15,Batticaloa,50.0
2018-12-22,Batticaloa,47.0
2018-12-29,Batticaloa,52.0
2019-01-05,Batticaloa,55.0
2019-01-12,Batticaloa,41.0
2019-01-19,Batticaloa,43.0
2019-01-26,Batticaloa,80.0
2019-02-02,Batticaloa,41.0
2019-02-09,Batticaloa,48.0
2019-02-16,Batticaloa,70.0
2019-03-02,Batticaloa,44.0
2019-03-09,Batticaloa,53.0
2019-03-16,Batticaloa,34.0
2019-03-23,Batticaloa,24.0
2019-03-30,Batticaloa,43.0
2019-04-06,Batticaloa,27.0
2019-04-13,Batticaloa,19.0
2019-04-20,Batticaloa,25.0
2019-04-27,Batticaloa,21.0
2019-05-04,Batticaloa,20.0
2019-05-11,Batticaloa,20.0
2019-05-18,Batticaloa,13.0
2019-05-25,Batticaloa,25.0
2019-06-01,Batticaloa,22.0
2019-06-08,Batticaloa,10.0
2019-06-15,Batticaloa,21.0
2019-06-22,Batticaloa,10.0
2019-06-29,Batticaloa,9.0
2019-07-06,Batticaloa,20.0
2019-07-13,Batticaloa,21.0
2019-07-20,Batticaloa,15.0
2019-07-27,Batticaloa,19.0
2019-08-03,Batticaloa,15.0
2019-08-10,Batticaloa,22.0
2019-08-17,Batticaloa,22.0
2019-08-24,Batticaloa,18.0
2019-08-31,Batticaloa,21.0
2019-09-07,Batticaloa,14.0
2019-09-14,Batticaloa,12.0
2019-09-21,Batticaloa,17.0
2019-09-28,Batticaloa,24.0
2019-10-05,Batticaloa,39.0
2019-10-12,Batticaloa,39.0
2019-10-19,Batticaloa,52.0
2019-10-26,Batticaloa,67.0
2019-11-02,Batticaloa,92.0
2019-11-09,Batticaloa,97.0
2019-11-16,Batticaloa,113.0
2019-11-23,Batticaloa,142.0
2019-11-30,Batticaloa,167.0
2019-12-07,Batticaloa,150.0
2019-12-14,Batticaloa,196.0
2019-12-21,Batticaloa,223.0
2019-12-28,Batticaloa,264.0
2020-01-01,Batticaloa,189.0
2020-01-04,Batticaloa,343.0
2020-01-11,Batticaloa,308.0
2020-01-18,Batticaloa,228.0
2020-01-25,Batticaloa,209.0
2020-02-08,Batticaloa,197.0
2020-02-15,Batticaloa,149.0
2020-02-22,Batticaloa,115.0
2020-02-29,Batticaloa,108.0
2020-03-07,Batticaloa,56.0
2020-03-14,Batticaloa,34.0
2020-03-21,Batticaloa,23.0
2020-03-28,Batticaloa,24.0
2020-04-04,Batticaloa,22.0
2020-04-11,Batticaloa,23.0
2020-04-18,Batticaloa,17.0
2020-04-25,Batticaloa,24.0
2020-05-02,Batticaloa,14.0
2020-05-09,Batticaloa,12.0
2020-05-16,Batticaloa,17.0
2020-05-23,Batticaloa,13.0
2020-05-30,Batticaloa,13.0
2020-06-06,Batticaloa,12.0
2020-06-13,Batticaloa,27.0
2020-06-20,Batticaloa,17.0
2020-06-27,Batticaloa,17.0
2020-07-04,Batticaloa,14.0
2020-07-11,Batticaloa,17.0
2020-07-18,Batticaloa,14.0
2020-07-25,Batticaloa,16.0
2020-08-01,Batticaloa,6.0
2020-08-08,Batticaloa,14.0
2020-08-15,Batticaloa,9.0
2020-08-22,Batticaloa,11.0
2020-08-29,Batticaloa,14.0
2020-09-05,Batticaloa,9.0
2020-09-11,Batticaloa,9.0
2020-09-19,Batticaloa,16.0
2020-09-26,Batticaloa,16.0
2020-10-03,Batticaloa,39.0
2020-10-10,Batticaloa,67.0
2020-10-17,Batticaloa,67.0
2020-10-24,Batticaloa,47.0
2020-10-31,Batticaloa,59.0
2020-11-07,Batticaloa,49.0
2020-11-14,Batticaloa,46.0
2020-11-28,Batticaloa,133.0
2020-12-05,Batticaloa,181.0
2020-12-12,Batticaloa,248.0
2020-12-19,Batticaloa,278.0
2020-12-21,Batticaloa,122.0
2020-12-26,Batticaloa,419.0
2021-01-02,Batticaloa,265.0
2021-01-09,Batticaloa,173.0
2021-01-16,Batticaloa,249.0
2021-01-23,Batticaloa,237.0
2021-01-30,Batticaloa,274.0
2021-02-06,Batticaloa,318.0
2021-02-13,Batticaloa,241.0
2021-02-20,Batticaloa,155.0
2021-02-27,Batticaloa,171.0
2021-03-06,Batticaloa,95.0
2021-03-13,Batticaloa,72.0
2021-03-20,Batticaloa,83.0
2021-03-27,Batticaloa,48.0
2021-04-03,Batticaloa,44.0
2021-04-10,Batticaloa,58.0
2021-04-17,Batticaloa,71.0
2021-04-24,Batticaloa,57.0
2021-05-01,Batticaloa,27.0
2021-05-08,Batticaloa,29.0
2021-05-15,Batticaloa,16.0
2021-05-22,Batticaloa,19.0
2021-05-29,Batticaloa,18.0
2021-06-05,Batticaloa,10.0
2021-06-12,Batticaloa,12.0
2021-06-19,Batticaloa,10.0
2021-06-26,Batticaloa,6.0
2021-07-03,Batticaloa,10.0
2021-07-10,Batticaloa,4.0
2021-07-17,Batticaloa,1.0
2021-07-24,Batticaloa,5.0
2021-07-31,Batticaloa,1.0
2021-08-07,Batticaloa,0.0
2021-08-14,Batticaloa,6.0
2021-08-21,Batticaloa,1.0
2021-08-28,Batticaloa,1.0
2021-09-04,Batticaloa,1.0
2021-09-11,Batticaloa,0.0
2021-09-18,Batticaloa,1.0
2021-10-02,Batticaloa,2.0
2021-10-16,Batticaloa,7.0
2021-10-23,Batticaloa,8.0
2021-10-30,Batticaloa,3.0
2021-11-06,Batticaloa,2.0
2021-11-13,Batticaloa,9.0
2021-11-20,Batticaloa,11.0
2021-11-27,Batticaloa,12.0
2021-12-04,Batticaloa,28.0
2021-12-11,Batticaloa,25.0
2021-12-18,Batticaloa,25.0
2021-12-25,Batticaloa,25.0
2021-12-31,Batticaloa,34.0
2022-01-01,Batticaloa,34.0
2022-01-08,Batticaloa,30.0
2022-01-15,Batticaloa,31.0
2022-01-22,Batticaloa,11.0
2022-01-29,Batticaloa,23.0
2022-02-05,Batticaloa,26.0
2022-02-12,Batticaloa,26.0
2022-02-19,Batticaloa,10.0
2022-02-26,Batticaloa,15.0
2022-03-05,Batticaloa,21.0
2022-03-12,Batticaloa,28.0
2022-03-19,Batticaloa,36.0
2022-03-26,Batticaloa,35.0
2022-04-02,Batticaloa,43.0
2022-04-09,Batticaloa,40.0
2022-04-16,Batticaloa,38.0
2022-04-23,Batticaloa,40.0
2022-04-30,Batticaloa,49.0
2022-05-07,Batticaloa,64.0
2022-05-14,Batticaloa,65.0
2022-05-21,Batticaloa,43.0
2022-05-28,Batticaloa,43.0
2022-06-04,Batticaloa,33.0
2022-06-11,Batticaloa,31.0
2022-06-18,Batticaloa,29.0
2022-06-25,Batticaloa,26.0
2022-07-02,Batticaloa,30.0
2022-07-09,Batticaloa,28.0
2022-07-16,Batticaloa,14.0
2022-07-23,Batticaloa,8.0
2022-07-30,Batticaloa,9.0
2022-08-06,Batticaloa,11.0
2022-08-13,Batticaloa,13.0
2022-08-20,Batticaloa,13.0
2022-08-27,Batticaloa,3.0
2022-09-03,Batticaloa,1.0
2022-09-10,Batticaloa,0.0
2022-09-17,Batticaloa,13.0
2022-09-24,Batticaloa,10.0
2022-10-01,Batticaloa,7.0
2022-10-08,Batticaloa,18.0
2022-10-15,Batticaloa,15.0
2022-10-29,Batticaloa,12.0
2022-11-05,Batticaloa,19.0
2022-11-12,Batticaloa,13.0
2022-11-19,Batticaloa,12.0
2022-11-26,Batticaloa,13.0
2022-12-03,Batticaloa,13.0
2022-12-10,Batticaloa,8.0
2022-12-17,Batticaloa,10.0
2022-12-24,Batticaloa,23.0
2023-01-07,Batticaloa,29.0
2023-01-14,Batticaloa,41.0
2023-01-21,Batticaloa,38.0
2023-01-28,Batticaloa,40.0
2023-02-04,Batticaloa,62.0
2023-02-11,Batticaloa,41.0
2023-02-18,Batticaloa,58.0
2023-02-25,Batticaloa,45.0
2023-03-04,Batticaloa,66.0
2023-03-11,Batticaloa,53.0
2023-03-18,Batticaloa,82.0
2023-03-25,Batticaloa,62.0
2023-04-01,Batticaloa,93.0
2023-04-08,Batticaloa,128.0
2023-04-15,Batticaloa,114.0
2023-04-22,Batticaloa,114.0
2023-04-29,Batticaloa,102.0
2023-05-06,Batticaloa,93.0
2023-05-13,Batticaloa,61.0
2023-05-20,Batticaloa,70.0
2023-05-27,Batticaloa,79.0
2023-06-03,Batticaloa,74.0
2023-06-10,Batticaloa,90.0
2023-06-17,Batticaloa,66.0
2023-06-24,Batticaloa,51.0
2023-07-01,Batticaloa,62.0
2023-07-08,Batticaloa,53.0
2023-07-15,Batticaloa,39.0
2023-07-22,Batticaloa,26.0
2023-07-29,Batticaloa,26.0
2023-08-05,Batticaloa,22.0
2023-08-12,Batticaloa,13.0
2023-08-19,Batticaloa,11.0
2023-08-26,Batticaloa,14.0
2023-08-31,Batticaloa,12.0
2023-09-02,Batticaloa,9.0
2023-09-09,Batticaloa,10.0
2023-09-16,Batticaloa,9.0
2023-09-23,Batticaloa,10.0
2023-10-07,Batticaloa,7.0
2023-10-14,Batticaloa,8.0
2023-10-21,Batticaloa,16.0
2023-10-28,Batticaloa,28.0
2023-11-04,Batticaloa,15.0
2023-11-11,Batticaloa,13.0
2023-11-18,Batticaloa,22.0
2023-11-25,Batticaloa,55.0
2023-12-02,Batticaloa,89.0
2023-12-09,Batticaloa,95.0
2023-12-16,Batticaloa,88.0
2023-12-23,Batticaloa,113.0
2023-12-27,Batticaloa,67.0
2023-12-30,Batticaloa,142.0
2024-01-06,Batticaloa,123.0
2024-01-13,Batticaloa,244.0
2024-01-20,Batticaloa,88.0
2024-02-03,Batticaloa,82.0
2024-02-10,Batticaloa,61.0
2024-02-17,Batticaloa,70.0
2024-02-24,Batticaloa,51.0
2013-05-15,Colombo,41.0
2013-06-22,Colombo,231.0
2013-06-29,Colombo,232.0
2013-07-13,Colombo,184.0
2013-07-20,Colombo,293.0
2013-07-27,Colombo,154.0
2013-08-03,Colombo,180.0
2013-08-10,Colombo,144.0
2013-08-17,Colombo,219.0
2013-08-24,Colombo,132.0
2013-08-31,Colombo,109.0
2013-09-07,Colombo,55.0
2013-09-14,Colombo,131.0
2013-09-21,Colombo,108.0
2013-09-28,Colombo,112.0
2013-10-05,Colombo,57.0
2013-10-12,Colombo,48.0
2013-10-19,Colombo,164.0
2013-10-26,Colombo,145.0
2013-11-02,Colombo,177.0
2013-11-09,Colombo,139.0
2013-11-16,Colombo,123.0
2013-11-23,Colombo,215.0
2013-11-30,Colombo,254.0
2013-12-07,Colombo,256.0
2013-12-14,Colombo,249.0
2013-12-21,Colombo,329.0
2013-12-27,Colombo,259.0
2013-12-28,Colombo,244.0
2014-01-02,Colombo,279.0
2014-01-04,Colombo,193.0
2014-01-09,Colombo,328.0
2014-01-11,Colombo,299.0
2014-01-18,Colombo,200.0
2014-02-01,Colombo,118.0
2014-02-08,Colombo,143.0
2014-02-15,Colombo,182.0
2014-02-22,Colombo,136.0
2014-03-01,Colombo,144.0
2014-03-08,Colombo,69.0
2014-03-15,Colombo,128.0
2014-03-22,Colombo,60.0
2014-03-29,Colombo,71.0
2014-04-05,Colombo,52.0
2014-04-12,Colombo,42.0
2014-04-19,Colombo,159.0
2014-04-26,Colombo,115.0
2014-05-03,Colombo,146.0
2014-05-10,Colombo,154.0
2014-05-17,Colombo,329.0
2014-05-24,Colombo,442.0
2014-05-31,Colombo,464.0
2014-06-07,Colombo,381.0
2014-06-14,Colombo,443.0
2014-06-21,Colombo,491.0
2014-06-28,Colombo,426.0
2014-07-05,Colombo,440.0
2014-07-12,Colombo,371.0
2014-07-19,Colombo,203.0
2014-07-26,Colombo,209.0
2014-08-02,Colombo,246.0
2014-08-09,Colombo,184.0
2014-08-16,Colombo,161.0
2014-08-23,Colombo,120.0
2014-08-30,Colombo,110.0
2014-09-06,Colombo,147.0
2014-09-13,Colombo,158.0
2014-09-20,Colombo,158.0
2014-09-27,Colombo,149.0
2014-10-04,Colombo,156.0
2014-10-11,Colombo,176.0
2014-10-18,Colombo,211.0
2014-10-25,Colombo,175.0
2014-11-01,Colombo,296.0
2014-11-08,Colombo,343.0
2014-11-15,Colombo,301.0
2014-11-22,Colombo,428.0
2014-11-29,Colombo,320.0
2014-12-06,Colombo,326.0
2014-12-13,Colombo,344.0
2014-12-20,Colombo,311.0
2015-01-03,Colombo,194.0
2015-01-10,Colombo,302.0
2015-01-17,Colombo,439.0
2015-01-24,Colombo,410.0
2015-01-31,Colombo,299.0
2015-02-07,Colombo,298.0
2015-02-14,Colombo,142.0
2015-02-21,Colombo,192.0
2015-02-28,Colombo,123.0
2015-03-07,Colombo,124.0
2015-03-14,Colombo,102.0
2015-03-21,Colombo,80.0
2015-03-28,Colombo,63.0
2015-04-04,Colombo,54.0
2015-04-11,Colombo,56.0
2015-04-18,Colombo,99.0
2015-04-25,Colombo,107.0
2015-05-02,Colombo,81.0
2015-05-09,Colombo,80.0
2015-05-16,Colombo,121.0
2015-05-23,Colombo,77.0
2015-05-30,Colombo,69.0
2015-06-06,Colombo,125.0
2015-06-13,Colombo,144.0
2015-06-20,Colombo,120.0
2015-06-27,Colombo,85.0
2015-07-04,Colombo,156.0
2015-07-11,Colombo,149.0
2015-07-25,Colombo,196.0
2015-08-01,Colombo,177.0
2015-08-08,Colombo,117.0
2015-08-15,Colombo,143.0
2015-08-22,Colombo,115.0
2015-08-29,Colombo,116.0
2015-09-05,Colombo,97.0
2015-09-12,Colombo,62.0
2015-09-19,Colombo,96.0
2015-09-26,Colombo,100.0
2015-10-03,Colombo,122.0
2015-10-10,Colombo,151.0
2015-10-17,Colombo,155.0
2015-10-24,Colombo,182.0
2015-10-31,Colombo,178.0
2015-11-07,Colombo,190.0
2015-11-14,Colombo,232.0
2015-11-21,Colombo,258.0
2015-11-28,Colombo,260.0
2015-12-05,Colombo,316.0
2015-12-12,Colombo,174.0
2015-12-19,Colombo,142.0
2015-12-26,Colombo,301.0
2016-01-16,Colombo,472.0
2016-01-23,Colombo,466.0
2016-01-30,Colombo,354.0
2016-02-06,Colombo,351.0
2016-02-13,Colombo,254.0
2016-02-20,Colombo,287.0
2016-02-27,Colombo,201.0
2016-03-05,Colombo,171.0
2016-03-12,Colombo,186.0
2016-03-19,Colombo,174.0
2016-03-26,Colombo,20.0
2016-04-02,Colombo,136.0
2016-04-09,Colombo,60.0
2016-04-16,Colombo,161.0
2016-04-23,Colombo,192.0
2016-04-30,Colombo,58.0
2016-05-07,Colombo,39.0
2016-05-14,Colombo,50.0
2016-05-21,Colombo,61.0
2016-05-28,Colombo,95.0
2016-06-04,Colombo,67.0
2016-06-11,Colombo,84.0
2016-06-18,Colombo,249.0
2016-06-25,Colombo,351.0
2016-07-02,Colombo,293.0
2016-07-09,Colombo,368.0
2016-07-16,Colombo,433.0
2016-07-23,Colombo,332.0
2016-07-30,Colombo,398.0
2016-08-06,Colombo,347.0
2016-08-20,Colombo,236.0
2016-08-27,Colombo,136.0
2016-09-03,Colombo,154.0
2016-09-10,Colombo,137.0
2016-09-17,Colombo,142.0
2016-09-24,Colombo,143.0
2016-10-01,Colombo,89.0
2016-10-08,Colombo,113.0
2016-10-15,Colombo,96.0
2016-10-22,Colombo,78.0
2016-10-29,Colombo,84.0
2016-11-05,Colombo,60.0
2016-11-12,Colombo,85.0
2016-11-19,Colombo,160.0
2016-11-26,Colombo,158.0
2016-12-03,Colombo,319.0
2016-12-10,Colombo,374.0
2016-12-17,Colombo,547.0
2016-12-24,Colombo,511.0
2016-12-31,Colombo,342.0
2017-01-07,Colombo,531.0
2017-01-14,Colombo,565.0
2017-01-21,Colombo,482.0
2017-01-28,Colombo,417.0
2017-02-04,Colombo,408.0
2017-02-11,Colombo,444.0
2017-02-18,Colombo,220.0
2017-02-25,Colombo,427.0
2017-03-04,Colombo,379.0
2017-03-11,Colombo,469.0
2017-03-18,Colombo,528.0
2017-03-25,Colombo,497.0
2017-04-01,Colombo,664.0
2017-04-08,Colombo,332.0
2017-04-15,Colombo,823.0
2017-04-22,Colombo,751.0
2017-04-29,Colombo,777.0
2017-05-06,Colombo,772.0
2017-05-13,Colombo,845.0
2017-05-17,Colombo,1267.0
2017-05-20,Colombo,939.0
2017-05-27,Colombo,821.0
2017-06-03,Colombo,914.0
2017-06-10,Colombo,1032.0
2017-06-24,Colombo,1338.0
2017-07-01,Colombo,1779.0
2017-07-08,Colombo,1762.0
2017-07-15,Colombo,1972.0
2017-07-22,Colombo,1958.0
2017-07-29,Colombo,1713.0
2017-08-05,Colombo,836.0
2017-08-12,Colombo,674.0
2017-08-19,Colombo,397.0
2017-08-26,Colombo,358.0
2017-09-02,Colombo,273.0
2017-09-09,Colombo,219.0
2017-09-16,Colombo,216.0
2017-09-23,Colombo,185.0
2017-09-30,Colombo,207.0
2017-10-07,Colombo,234.0
2017-10-14,Colombo,161.0
2017-10-21,Colombo,221.0
2017-10-28,Colombo,253.0
2017-11-04,Colombo,320.0
2017-11-11,Colombo,238.0
2017-11-18,Colombo,320.0
2017-11-25,Colombo,275.0
2017-12-02,Colombo,367.0
2017-12-09,Colombo,346.0
2017-12-16,Colombo,324.0
2017-12-23,Colombo,290.0
2017-12-30,Colombo,260.0
2018-01-06,Colombo,330.0
2018-01-13,Colombo,291.0
2018-01-20,Colombo,278.0
2018-01-27,Colombo,196.0
2018-02-03,Colombo,147.0
2018-02-10,Colombo,138.0
2018-02-17,Colombo,134.0
2018-02-24,Colombo,121.0
2018-03-03,Colombo,102.0
2018-03-10,Colombo,77.0
2018-03-17,Colombo,100.0
2018-03-24,Colombo,75.0
2018-03-31,Colombo,98.0
2018-04-07,Colombo,72.0
2018-04-14,Colombo,98.0
2018-04-21,Colombo,135.0
2018-04-28,Colombo,109.0
2018-05-05,Colombo,116.0
2018-05-12,Colombo,168.0
2018-05-19,Colombo,222.0
2018-05-26,Colombo,193.0
2018-06-02,Colombo,220.0
2018-06-09,Colombo,266.0
2018-06-16,Colombo,278.0
2018-06-23,Colombo,335.0
2018-06-30,Colombo,449.0
2018-07-07,Colombo,431.0
2018-07-14,Colombo,380.0
2018-07-21,Colombo,308.0
2018-07-28,Colombo,343.0
2018-08-04,Colombo,241.0
2018-08-11,Colombo,201.0
2018-08-18,Colombo,142.0
2018-08-25,Colombo,110.0
2018-09-01,Colombo,102.0
2018-09-08,Colombo,97.0
2018-09-15,Colombo,97.0
2018-09-22,Colombo,91.0
2018-09-29,Colombo,75.0
2018-10-06,Colombo,78.0
2018-10-13,Colombo,92.0
2018-10-20,Colombo,127.0
2018-10-27,Colombo,133.0
2018-11-03,Colombo,161.0
2018-11-10,Colombo,199.0
2018-11-17,Colombo,207.0
2018-11-24,Colombo,277.0
2018-12-01,Colombo,331.0
2018-12-08,Colombo,292.0
2018-12-15,Colombo,390.0
2018-12-22,Colombo,320.0
2018-12-29,Colombo,299.0
2019-01-05,Colombo,326.0
2019-01-12,Colombo,259.0
2019-01-19,Colombo,341.0
2019-01-26,Colombo,385.0
2019-02-02,Colombo,201.0
2019-02-09,Colombo,215.0
2019-02-16,Colombo,144.0
2019-03-02,Colombo,170.0
2019-03-09,Colombo,173.0
2019-03-16,Colombo,184.0
2019-03-23,Colombo,135.0
2019-03-30,Colombo,166.0
2019-04-06,Colombo,136.0
2019-04-13,Colombo,99.0
2019-04-20,Colombo,178.0
2019-04-27,Colombo,168.0
2019-05-04,Colombo,143.0
2019-05-11,Colombo,192.0
2019-05-18,Colombo,152.0
2019-05-25,Colombo,211.0
2019-06-01,Colombo,233.0
2019-06-08,Colombo,280.0
2019-06-15,Colombo,279.0
2019-06-22,Colombo,334.0
2019-06-29,Colombo,303.0
2019-07-06,Colombo,477.0
2019-07-13,Colombo,474.0
2019-07-20,Colombo,489.0
2019-07-27,Colombo,401.0
2019-08-03,Colombo,391.0
2019-08-10,Colombo,389.0
2019-08-17,Colombo,399.0
2019-08-24,Colombo,323.0
2019-08-31,Colombo,297.0
2019-09-07,Colombo,349.0
2019-09-14,Colombo,396.0
2019-09-21,Colombo,420.0
2019-09-28,Colombo,647.0
2019-10-05,Colombo,582.0
2019-10-12,Colombo,587.0
2019-10-19,Colombo,777.0
2019-10-26,Colombo,815.0
2019-11-02,Colombo,886.0
2019-11-09,Colombo,891.0
2019-11-16,Colombo,832.0
2019-11-23,Colombo,793.0
2019-11-30,Colombo,802.0
2019-12-07,Colombo,669.0
2019-12-14,Colombo,661.0
2019-12-21,Colombo,616.0
2019-12-28,Colombo,535.0
2020-01-01,Colombo,247.0
2020-01-04,Colombo,462.0
2020-01-11,Colombo,481.0
2020-01-18,Colombo,439.0
2020-01-25,Colombo,305.0
2020-02-08,Colombo,198.0
2020-02-15,Colombo,138.0
2020-02-22,Colombo,175.0
2020-02-29,Colombo,92.0
2020-03-07,Colombo,81.0
2020-03-14,Colombo,48.0
2020-03-21,Colombo,12.0
2020-03-28,Colombo,2.0
2020-04-04,Colombo,10.0
2020-04-11,Colombo,8.0
2020-04-18,Colombo,8.0
2020-04-25,Colombo,10.0
2020-05-02,Colombo,6.0
2020-05-09,Colombo,24.0
2020-05-16,Colombo,67.0
2020-05-23,Colombo,80.0
2020-05-30,Colombo,81.0
2020-06-06,Colombo,62.0
2020-06-13,Colombo,70.0
2020-06-20,Colombo,58.0
2020-06-27,Colombo,50.0
2020-07-04,Colombo,45.0
2020-07-11,Colombo,82.0
2020-07-18,Colombo,47.0
2020-07-25,Colombo,72.0
2020-08-01,Colombo,53.0
2020-08-08,Colombo,55.0
2020-08-15,Colombo,52.0
2020-08-22,Colombo,71.0
2020-08-29,Colombo,54.0
2020-09-05,Colombo,56.0
2020-09-11,Colombo,44.0
2020-09-19,Colombo,38.0
2020-09-26,Colombo,34.0
2020-10-03,Colombo,44.0
2020-10-10,Colombo,37.0
2020-10-17,Colombo,23.0
2020-10-24,Colombo,9.0
2020-10-31,Colombo,14.0
2020-11-07,Colombo,17.0
2020-11-14,Colombo,16.0
2020-11-28,Colombo,17.0
2020-12-05,Colombo,6.0
2020-12-12,Colombo,39.0
2020-12-19,Colombo,30.0
2020-12-21,Colombo,12.0
2020-12-26,Colombo,35.0
2021-01-02,Colombo,30.0
2021-01-09,Colombo,15.0
2021-01-16,Colombo,26.0
2021-01-23,Colombo,21.0
2021-01-30,Colombo,28.0
2021-02-06,Colombo,40.0
2021-02-13,Colombo,73.0
2021-02-20,Colombo,51.0
2021-02-27,Colombo,75.0
2021-03-06,Colombo,95.0
2021-03-13,Colombo,145.0
2021-03-20,Colombo,57.0
2021-03-27,Colombo,82.0
2021-04-03,Colombo,88.0
2021-04-10,Colombo,91.0
2021-04-17,Colombo,57.0
2021-04-24,Colombo,125.0
2021-05-01,Colombo,84.0
2021-05-08,Colombo,36.0
2021-05-15,Colombo,34.0
2021-05-22,Colombo,42.0
2021-05-29,Colombo,75.0
2021-06-05,Colombo,123.0
2021-06-12,Colombo,149.0
2021-06-19,Colombo,191.0
2021-06-26,Colombo,200.0
2021-07-03,Colombo,223.0
2021-07-10,Colombo,216.0
2021-07-17,Colombo,13.0
2021-07-24,Colombo,18.0
2021-07-31,Colombo,10.0
2021-08-07,Colombo,82.0
2021-08-14,Colombo,48.0
2021-08-21,Colombo,50.0
2021-08-28,Colombo,62.0
2021-09-04,Colombo,49.0
2021-09-11,Colombo,59.0
2021-09-18,Colombo,75.0
2021-10-02,Colombo,14.0
2021-10-16,Colombo,19.0
2021-10-23,Colombo,190.0
2021-10-30,Colombo,24.0
2021-11-06,Colombo,23.0
2021-11-13,Colombo,20.0
2021-11-20,Colombo,24.0
2021-11-27,Colombo,309.0
2021-12-04,Colombo,34.0
2021-12-11,Colombo,40.0
2021-12-18,Colombo,40.0
2021-12-25,Colombo,40.0
2021-12-31,Colombo,196.0
2022-01-01,Colombo,47.0
2022-01-08,Colombo,31.0
2022-01-15,Colombo,30.0
2022-01-22,Colombo,20.0
2022-01-29,Colombo,13.0
2022-02-05,Colombo,12.0
2022-02-12,Colombo,12.0
2022-02-19,Colombo,11.0
2022-02-26,Colombo,60.0
2022-03-05,Colombo,98.0
2022-03-12,Colombo,88.0
2022-03-19,Colombo,10.0
2022-03-26,Colombo,10.0
2022-04-02,Colombo,10.0
2022-04-09,Colombo,27.0
2022-04-16,Colombo,13.0
2022-04-23,Colombo,13.0
2022-04-30,Colombo,12.0
2022-05-07,Colombo,11.0
2022-05-14,Colombo,25.0
2022-05-21,Colombo,29.0
2022-05-28,Colombo,29.0
2022-06-04,Colombo,31.0
2022-06-11,Colombo,43.0
2022-06-18,Colombo,58.0
2022-06-25,Colombo,58.0
2022-07-02,Colombo,84.0
2022-07-09,Colombo,13.0
2022-07-16,Colombo,48.0
2022-07-23,Colombo,38.0
2022-07-30,Colombo,29.0
2022-08-06,Colombo,98.0
2022-08-13,Colombo,19.0
2022-08-20,Colombo,16.0
2022-08-27,Colombo,33.0
2022-09-03,Colombo,83.0
2022-09-10,Colombo,21.0
2022-09-17,Colombo,81.0
2022-09-24,Colombo,58.0
2022-10-01,Colombo,12.0
2022-10-08,Colombo,10.0
2022-10-15,Colombo,12.0
2022-10-29,Colombo,11.0
2022-11-05,Colombo,56.0
2022-11-12,Colombo,71.0
2022-11-19,Colombo,10.0
2022-11-26,Colombo,79.0
2022-12-03,Colombo,17.0
2022-12-10,Colombo,25.0
2022-12-17,Colombo,20.0
2022-12-24,Colombo,25.0
2023-01-07,Colombo,341.0
2023-01-14,Colombo,204.0
2023-01-21,Colombo,279.0
2023-01-28,Colombo,247.0
2023-02-04,Colombo,222.0
2023-02-11,Colombo,160.0
2023-02-18,Colombo,265.0
2023-02-25,Colombo,244.0
2023-03-04,Colombo,234.0
2023-03-11,Colombo,161.0
2023-03-18,Colombo,241.0
2023-03-25,Colombo,180.0
2023-04-01,Colombo,154.0
2023-04-08,Colombo,261.0
2023-04-15,Colombo,297.0
2023-04-22,Colombo,271.0
2023-04-29,Colombo,266.0
2023-05-06,Colombo,362.0
2023-05-13,Colombo,230.0
2023-05-20,Colombo,328.0
2023-05-27,Colombo,546.0
2023-06-03,Colombo,412.0
2023-06-10,Colombo,579.0
2023-06-17,Colombo,373.0
2023-06-24,Colombo,342.0
2023-07-01,Colombo,360.0
2023-07-08,Colombo,304.0
2023-07-15,Colombo,335.0
2023-07-22,Colombo,312.0
2023-07-29,Colombo,282.0
2023-08-05,Colombo,275.0
2023-08-12,Colombo,185.0
2023-08-19,Colombo,139.0
2023-08-26,Colombo,127.0
2023-08-31,Colombo,111.0
2023-09-02,Colombo,84.0
2023-09-09,Colombo,90.0
2023-09-16,Colombo,73.0
2023-09-23,Colombo,62.0
2023-10-07,Colombo,103.0
2023-10-14,Colombo,146.0
2023-10-21,Colombo,167.0
2023-10-28,Colombo,210.0
2023-11-04,Colombo,150.0
2023-11-11,Colombo,193.0
2023-11-18,Colombo,155.0
2023-11-25,Colombo,341.0
2023-12-02,Colombo,450.0
2023-12-09,Colombo,409.0
2023-12-16,Colombo,476.0
2023-12-23,Colombo,375.0
2023-12-27,Colombo,349.0
2023-12-30,Colombo,299.0
2024-01-06,Colombo,549.0
2024-01-13,Colombo,954.0
2024-01-20,Colombo,499.0
2024-02-03,Colombo,382.0
2024-02-10,Colombo,286.0
2024-02-17,Colombo,269.0
2024-02-24,Colombo,252.0
2013-05-15,Galle,30.0
2013-06-22,Galle,12.0
2013-06-29,Galle,22.0
2013-07-13,Galle,8.0
2013-07-20,Galle,30.0
2013-07-27,Galle,9.0
2013-08-03,Galle,16.0
2013-08-10,Galle,19.0
2013-08-17,Galle,9.0
2013-08-24,Galle,21.0
2013-08-31,Galle,13.0
2013-09-07,Galle,16.0
2013-09-14,Galle,24.0
2013-09-21,Galle,16.0
2013-09-28,Galle,17.0
2013-10-05,Galle,4.0
2013-10-12,Galle,3.0
2013-10-19,Galle,6.0
2013-10-26,Galle,1.0
2013-11-02,Galle,13.0
2013-11-09,Galle,14.0
2013-11-16,Galle,16.0
2013-11-23,Galle,10.0
2013-11-30,Galle,10.0
2013-12-07,Galle,13.0
2013-12-14,Galle,29.0
2013-12-21,Galle,27.0
2013-12-27,Galle,25.0
2013-12-28,Galle,17.0
2014-01-02,Galle,29.0
2014-01-04,Galle,25.0
2014-01-09,Galle,17.0
2014-01-11,Galle,19.0
2014-01-18,Galle,17.0
2014-02-01,Galle,11.0
2014-02-08,Galle,1.0
2014-02-15,Galle,1.0
2014-02-22,Galle,8.0
2014-03-01,Galle,3.0
2014-03-08,Galle,12.0
2014-03-15,Galle,18.0
2014-03-22,Galle,3.0
2014-03-29,Galle,6.0
2014-04-05,Galle,5.0
2014-04-12,Galle,2.0
2014-04-19,Galle,8.0
2014-04-26,Galle,11.0
2014-05-03,Galle,13.0
2014-05-10,Galle,7.0
2014-05-17,Galle,20.0
2014-05-24,Galle,11.0
2014-05-31,Galle,15.0
2014-06-07,Galle,36.0
2014-06-14,Galle,35.0
2014-06-21,Galle,36.0
2014-06-28,Galle,37.0
2014-07-05,Galle,33.0
2014-07-12,Galle,46.0
2014-07-19,Galle,35.0
2014-07-26,Galle,8.0
2014-08-02,Galle,4.0
2014-08-09,Galle,0.0
2014-08-16,Galle,0.0
2014-08-23,Galle,0.0
2014-08-30,Galle,0.0
2014-09-06,Galle,10.0
2014-09-13,Galle,3.0
2014-09-20,Galle,13.0
2014-09-27,Galle,7.0
2014-10-04,Galle,16.0
2014-10-11,Galle,5.0
2014-10-18,Galle,25.0
2014-10-25,Galle,29.0
2014-11-01,Galle,11.0
2014-11-08,Galle,20.0
2014-11-15,Galle,14.0
2014-11-22,Galle,17.0
2014-11-29,Galle,13.0
2014-12-06,Galle,13.0
2014-12-13,Galle,30.0
2014-12-20,Galle,30.0
2015-01-03,Galle,7.0
2015-01-10,Galle,33.0
2015-01-17,Galle,31.0
2015-01-24,Galle,31.0
2015-01-31,Galle,14.0
2015-02-07,Galle,26.0
2015-02-14,Galle,24.0
2015-02-21,Galle,18.0
2015-02-28,Galle,19.0
2015-03-07,Galle,2.0
2015-03-14,Galle,0.0
2015-03-21,Galle,0.0
2015-03-28,Galle,1.0
2015-04-04,Galle,0.0
2015-04-11,Galle,0.0
2015-04-18,Galle,0.0
2015-04-25,Galle,0.0
2015-05-02,Galle,0.0
2015-05-09,Galle,0.0
2015-05-16,Galle,0.0
2015-05-23,Galle,1.0
2015-05-30,Galle,1.0
2015-06-06,Galle,8.0
2015-06-13,Galle,1.0
2015-06-20,Galle,5.0
2015-06-27,Galle,11.0
2015-07-04,Galle,5.0
2015-07-11,Galle,7.0
2015-07-25,Galle,7.0
2015-08-01,Galle,14.0
2015-08-08,Galle,12.0
2015-08-15,Galle,19.0
2015-08-22,Galle,25.0
2015-08-29,Galle,11.0
2015-09-05,Galle,20.0
2015-09-12,Galle,8.0
2015-09-19,Galle,9.0
2015-09-26,Galle,21.0
2015-10-03,Galle,10.0
2015-10-10,Galle,31.0
2015-10-17,Galle,23.0
2015-10-24,Galle,16.0
2015-10-31,Galle,14.0
2015-11-07,Galle,16.0
2015-11-14,Galle,29.0
2015-11-21,Galle,27.0
2015-11-28,Galle,22.0
2015-12-05,Galle,24.0
2015-12-12,Galle,18.0
2015-12-19,Galle,16.0
2015-12-26,Galle,27.0
2016-01-16,Galle,43.0
2016-01-23,Galle,42.0
2016-01-30,Galle,27.0
2016-02-06,Galle,46.0
2016-02-13,Galle,28.0
2016-02-20,Galle,29.0
2016-02-27,Galle,30.0
2016-03-05,Galle,15.0
2016-03-12,Galle,16.0
2016-03-19,Galle,19.0
2016-03-26,Galle,27.0
2016-04-02,Galle,4.0
2016-04-09,Galle,0.0
2016-04-16,Galle,26.0
2016-04-23,Galle,23.0
2016-04-30,Galle,26.0
2016-05-07,Galle,20.0
2016-05-14,Galle,17.0
2016-05-21,Galle,30.0
2016-05-28,Galle,30.0
2016-06-04,Galle,0.0
2016-06-11,Galle,15.0
2016-06-18,Galle,16.0
2016-06-25,Galle,22.0
2016-07-02,Galle,31.0
2016-07-09,Galle,12.0
2016-07-16,Galle,104.0
2016-07-23,Galle,77.0
2016-07-30,Galle,24.0
2016-08-06,Galle,49.0
2016-08-20,Galle,15.0
2016-08-27,Galle,29.0
2016-09-03,Galle,7.0
2016-09-10,Galle,17.0
2016-09-17,Galle,26.0
2016-09-24,Galle,55.0
2016-10-01,Galle,87.0
2016-10-08,Galle,44.0
2016-10-15,Galle,30.0
2016-10-22,Galle,27.0
2016-10-29,Galle,74.0
2016-11-05,Galle,34.0
2016-11-12,Galle,17.0
2016-11-19,Galle,70.0
2016-11-26,Galle,33.0
2016-12-03,Galle,91.0
2016-12-10,Galle,7.0
2016-12-17,Galle,79.0
2016-12-24,Galle,176.0
2016-12-31,Galle,111.0
2017-01-07,Galle,120.0
2017-01-14,Galle,150.0
2017-01-21,Galle,101.0
2017-01-28,Galle,28.0
2017-02-04,Galle,108.0
2017-02-11,Galle,83.0
2017-02-18,Galle,53.0
2017-02-25,Galle,67.0
2017-03-04,Galle,71.0
2017-03-11,Galle,61.0
2017-03-18,Galle,110.0
2017-03-25,Galle,56.0
2017-04-01,Galle,51.0
2017-04-08,Galle,16.0
2017-04-15,Galle,90.0
2017-04-22,Galle,108.0
2017-04-29,Galle,88.0
2017-05-06,Galle,76.0
2017-05-13,Galle,101.0
2017-05-17,Galle,121.0
2017-05-20,Galle,129.0
2017-05-27,Galle,125.0
2017-06-03,Galle,127.0
2017-06-10,Galle,103.0
2017-06-24,Galle,106.0
2017-07-01,Galle,287.0
2017-07-08,Galle,192.0
2017-07-15,Galle,261.0
2017-07-22,Galle,332.0
2017-07-29,Galle,288.0
2017-08-05,Galle,233.0
2017-08-12,Galle,229.0
2017-08-19,Galle,127.0
2017-08-26,Galle,110.0
2017-09-02,Galle,67.0
2017-09-09,Galle,70.0
2017-09-16,Galle,81.0
2017-09-23,Galle,36.0
2017-09-30,Galle,31.0
2017-10-07,Galle,50.0
2017-10-14,Galle,28.0
2017-10-21,Galle,51.0
2017-10-28,Galle,57.0
2017-11-04,Galle,57.0
2017-11-11,Galle,45.0
2017-11-18,Galle,109.0
2017-11-25,Galle,57.0
2017-12-02,Galle,93.0
2017-12-09,Galle,49.0
2017-12-16,Galle,63.0
2017-12-23,Galle,54.0
2017-12-30,Galle,18.0
2018-01-06,Galle,21.0
2018-01-13,Galle,3.0
2018-01-20,Galle,20.0
2018-01-27,Galle,8.0
2018-02-03,Galle,10.0
2018-02-10,Galle,14.0
2018-02-17,Galle,3.0
2018-02-24,Galle,2.0
2018-03-03,Galle,2.0
2018-03-10,Galle,5.0
2018-03-17,Galle,7.0
2018-03-24,Galle,9.0
2018-03-31,Galle,13.0
2018-04-07,Galle,13.0
2018-04-14,Galle,16.0
2018-04-21,Galle,12.0
2018-04-28,Galle,7.0
2018-05-05,Galle,13.0
2018-05-12,Galle,20.0
2018-05-19,Galle,14.0
2018-05-26,Galle,9.0
2018-06-02,Galle,28.0
2018-06-09,Galle,18.0
2018-06-16,Galle,11.0
2018-06-23,Galle,22.0
2018-06-30,Galle,47.0
2018-07-07,Galle,36.0
2018-07-14,Galle,23.0
2018-07-21,Galle,27.0
2018-07-28,Galle,13.0
2018-08-04,Galle,13.0
2018-08-11,Galle,10.0
2018-08-18,Galle,13.0
2018-08-25,Galle,13.0
2018-09-01,Galle,11.0
2018-09-08,Galle,7.0
2018-09-15,Galle,9.0
2018-09-22,Galle,6.0
2018-09-29,Galle,8.0
2018-10-06,Galle,8.0
2018-10-13,Galle,8.0
2018-10-20,Galle,10.0
2018-10-27,Galle,4.0
2018-11-03,Galle,7.0
2018-11-10,Galle,15.0
2018-11-17,Galle,15.0
2018-11-24,Galle,25.0
2018-12-01,Galle,20.0
2018-12-08,Galle,26.0
2018-12-15,Galle,22.0
2018-12-22,Galle,17.0
2018-12-29,Galle,16.0
2019-01-05,Galle,41.0
2019-01-12,Galle,43.0
2019-01-19,Galle,30.0
2019-01-26,Galle,70.0
2019-02-02,Galle,32.0
2019-02-09,Galle,27.0
2019-02-16,Galle,19.0
2019-03-02,Galle,44.0
2019-03-09,Galle,50.0
2019-03-16,Galle,13.0
2019-03-23,Galle,21.0
2019-03-30,Galle,35.0
2019-04-06,Galle,23.0
2019-04-13,Galle,16.0
2019-04-20,Galle,50.0
2019-04-27,Galle,43.0
2019-05-04,Galle,91.0
2019-05-11,Galle,133.0
2019-05-18,Galle,139.0
2019-05-25,Galle,223.0
2019-06-01,Galle,278.0
2019-06-08,Galle,238.0
2019-06-15,Galle,148.0
2019-06-22,Galle,236.0
2019-06-29,Galle,187.0
2019-07-06,Galle,275.0
2019-07-13,Galle,151.0
2019-07-20,Galle,186.0
2019-07-27,Galle,246.0
2019-08-03,Galle,253.0
2019-08-10,Galle,160.0
2019-08-17,Galle,133.0
2019-08-24,Galle,137.0
2019-08-31,Galle,120.0
2019-09-07,Galle,98.0
2019-09-14,Galle,122.0
2019-09-21,Galle,90.0
2019-09-28,Galle,105.0
2019-10-05,Galle,97.0
2019-10-12,Galle,130.0
2019-10-19,Galle,134.0
2019-10-26,Galle,138.0
2019-11-02,Galle,197.0
2019-11-09,Galle,182.0
2019-11-16,Galle,211.0
2019-11-23,Galle,208.0
2019-11-30,Galle,106.0
2019-12-07,Galle,155.0
2019-12-14,Galle,160.0
2019-12-21,Galle,221.0
2019-12-28,Galle,102.0
2020-01-01,Galle,93.0
2020-01-04,Galle,178.0
2020-01-11,Galle,193.0
2020-01-18,Galle,131.0
2020-01-25,Galle,90.0
2020-02-08,Galle,65.0
2020-02-15,Galle,51.0
2020-02-22,Galle,29.0
2020-02-29,Galle,29.0
2020-03-07,Galle,9.0
2020-03-14,Galle,3.0
2020-03-21,Galle,2.0
2020-03-28,Galle,1.0
2020-04-04,Galle,1.0
2020-04-11,Galle,1.0
2020-04-18,Galle,7.0
2020-04-25,Galle,8.0
2020-05-02,Galle,6.0
2020-05-09,Galle,8.0
2020-05-16,Galle,24.0
2020-05-23,Galle,11.0
2020-05-30,Galle,10.0
2020-06-06,Galle,3.0
2020-06-13,Galle,9.0
2020-06-20,Galle,1.0
2020-06-27,Galle,12.0
2020-07-04,Galle,0.0
2020-07-11,Galle,3.0
2020-07-18,Galle,0.0
2020-07-25,Galle,19.0
2020-08-01,Galle,15.0
2020-08-08,Galle,20.0
2020-08-15,Galle,10.0
2020-08-22,Galle,9.0
2020-08-29,Galle,13.0
2020-09-05,Galle,15.0
2020-09-11,Galle,10.0
2020-09-19,Galle,23.0
2020-09-26,Galle,11.0
2020-10-03,Galle,7.0
2020-10-10,Galle,5.0
2020-10-17,Galle,3.0
2020-10-24,Galle,1.0
2020-10-31,Galle,2.0
2020-11-07,Galle,4.0
2020-11-14,Galle,3.0
2020-11-28,Galle,2.0
2020-12-05,Galle,5.0
2020-12-12,Galle,0.0
2020-12-19,Galle,6.0
2020-12-21,Galle,8.0
2020-12-26,Galle,90.0
2021-01-02,Galle,7.0
2021-01-09,Galle,4.0
2021-01-16,Galle,3.0
2021-01-23,Galle,2.0
2021-01-30,Galle,2.0
2021-02-06,Galle,4.0
2021-02-13,Galle,8.0
2021-02-20,Galle,1.0
2021-02-27,Galle,6.0
2021-03-06,Galle,3.0
2021-03-13,Galle,6.0
2021-03-20,Galle,13.0
2021-03-27,Galle,8.0
2021-04-03,Galle,5.0
2021-04-10,Galle,6.0
2021-04-17,Galle,13.0
2021-04-24,Galle,4.0
2021-05-01,Galle,11.0
2021-05-08,Galle,3.0
2021-05-15,Galle,1.0
2021-05-22,Galle,1.0
2021-05-29,Galle,0.0
2021-06-05,Galle,3.0
2021-06-12,Galle,4.0
2021-06-19,Galle,21.0
2021-06-26,Galle,15.0
2021-07-03,Galle,9.0
2021-07-10,Galle,10.0
2021-07-17,Galle,12.0
2021-07-24,Galle,14.0
2021-07-31,Galle,13.0
2021-08-07,Galle,4.0
2021-08-14,Galle,4.0
2021-08-21,Galle,3.0
2021-08-28,Galle,5.0
2021-09-04,Galle,9.0
2021-09-11,Galle,11.0
2021-09-18,Galle,16.0
2021-10-02,Galle,10.0
2021-10-16,Galle,12.0
2021-10-23,Galle,14.0
2021-10-30,Galle,17.0
2021-11-06,Galle,15.0
2021-11-13,Galle,20.0
2021-11-20,Galle,13.0
2021-11-27,Galle,31.0
2021-12-04,Galle,22.0
2021-12-11,Galle,44.0
2021-12-18,Galle,44.0
2021-12-25,Galle,44.0
2021-12-31,Galle,24.0
2022-01-01,Galle,80.0
2022-01-08,Galle,59.0
2022-01-15,Galle,84.0
2022-01-22,Galle,76.0
2022-01-29,Galle,52.0
2022-02-05,Galle,21.0
2022-02-12,Galle,30.0
2022-02-19,Galle,73.0
2022-02-26,Galle,55.0
2022-03-05,Galle,53.0
2022-03-12,Galle,29.0
2022-03-19,Galle,39.0
2022-03-26,Galle,29.0
2022-04-02,Galle,39.0
2022-04-09,Galle,8.0
2022-04-16,Galle,72.0
2022-04-23,Galle,13.0
2022-04-30,Galle,73.0
2022-05-07,Galle,83.0
2022-05-14,Galle,10.0
2022-05-21,Galle,12.0
2022-05-28,Galle,12.0
2022-06-04,Galle,11.0
2022-06-11,Galle,11.0
2022-06-18,Galle,15.0
2022-06-25,Galle,12.0
2022-07-02,Galle,10.0
2022-07-09,Galle,13.0
2022-07-16,Galle,15.0
2022-07-23,Galle,15.0
2022-07-30,Galle,10.0
2022-08-06,Galle,52.0
2022-08-13,Galle,48.0
2022-08-20,Galle,50.0
2022-08-27,Galle,68.0
2022-09-03,Galle,56.0
2022-09-10,Galle,0.0
2022-09-17,Galle,39.0
2022-09-24,Galle,27.0
2022-10-01,Galle,33.0
2022-10-08,Galle,23.0
2022-10-15,Galle,38.0
2022-10-29,Galle,28.0
2022-11-05,Galle,27.0
2022-11-12,Galle,34.0
2022-11-19,Galle,22.0
2022-11-26,Galle,39.0
2022-12-03,Galle,21.0
2022-12-10,Galle,38.0
2022-12-17,Galle,28.0
2022-12-24,Galle,28.0
2023-01-07,Galle,54.0
2023-01-14,Galle,40.0
2023-01-21,Galle,48.0
2023-01-28,Galle,58.0
2023-02-04,Galle,49.0
2023-02-11,Galle,35.0
2023-02-18,Galle,30.0
2023-02-25,Galle,32.0
2023-03-04,Galle,41.0
2023-03-11,Galle,46.0
2023-03-18,Galle,35.0
2023-03-25,Galle,42.0
2023-04-01,Galle,31.0
2023-04-08,Galle,50.0
2023-04-15,Galle,70.0
2023-04-22,Galle,49.0
2023-04-29,Galle,53.0
2023-05-06,Galle,62.0
2023-05-13,Galle,69.0
2023-05-20,Galle,57.0
2023-05-27,Galle,92.0
2023-06-03,Galle,69.0
2023-06-10,Galle,76.0
2023-06-17,Galle,85.0
2023-06-24,Galle,94.0
2023-07-01,Galle,73.0
2023-07-08,Galle,92.0
2023-07-15,Galle,83.0
2023-07-22,Galle,87.0
2023-07-29,Galle,73.0
2023-08-05,Galle,111.0
2023-08-12,Galle,89.0
2023-08-19,Galle,98.0
2023-08-26,Galle,48.0
2023-08-31,Galle,53.0
2023-09-02,Galle,64.0
2023-09-09,Galle,56.0
2023-09-16,Galle,49.0
2023-09-23,Galle,45.0
2023-10-07,Galle,68.0
2023-10-14,Galle,45.0
2023-10-21,Galle,81.0
2023-10-28,Galle,83.0
2023-11-04,Galle,4.0
2023-11-11,Galle,83.0
2023-11-18,Galle,89.0
2023-11-25,Galle,121.0
2023-12-02,Galle,154.0
2023-12-09,Galle,113.0
2023-12-16,Galle,126.0
2023-12-23,Galle,93.0
2023-12-27,Galle,111.0
2023-12-30,Galle,107.0
2024-01-06,Galle,84.0
2024-01-13,Galle,264.0
2024-01-20,Galle,119.0
2024-02-03,Galle,103.0
2024-02-10,Galle,66.0
2024-02-17,Galle,42.0
2024-02-24,Galle,75.0
2013-05-15,Gampaha,38.0
2013-06-22,Gampaha,79.0
2013-06-29,Gampaha,98.0
2013-07-13,Gampaha,73.0
2013-07-20,Gampaha,97.0
2013-07-27,Gampaha,83.0
2013-08-03,Gampaha,39.0
2013-08-10,Gampaha,69.0
2013-08-17,Gampaha,60.0
2013-08-24,Gampaha,85.0
2013-08-31,Gampaha,55.0
2013-09-07,Gampaha,53.0
2013-09-14,Gampaha,43.0
2013-09-21,Gampaha,50.0
2013-09-28,Gampaha,40.0
2013-10-05,Gampaha,53.0
2013-10-12,Gampaha,40.0
2013-10-19,Gampaha,49.0
2013-10-26,Gampaha,59.0
2013-11-02,Gampaha,62.0
2013-11-09,Gampaha,44.0
2013-11-16,Gampaha,36.0
2013-11-23,Gampaha,110.0
2013-11-30,Gampaha,40.0
2013-12-07,Gampaha,44.0
2013-12-14,Gampaha,23.0
2013-12-21,Gampaha,44.0
2013-12-27,Gampaha,73.0
2013-12-28,Gampaha,103.0
2014-01-02,Gampaha,40.0
2014-01-04,Gampaha,68.0
2014-01-09,Gampaha,61.0
2014-01-11,Gampaha,87.0
2014-01-18,Gampaha,81.0
2014-02-01,Gampaha,55.0
2014-02-08,Gampaha,52.0
2014-02-15,Gampaha,64.0
2014-02-22,Gampaha,34.0
2014-03-01,Gampaha,46.0
2014-03-08,Gampaha,34.0
2014-03-15,Gampaha,43.0
2014-03-22,Gampaha,8.0
2014-03-29,Gampaha,47.0
2014-04-05,Gampaha,16.0
2014-04-12,Gampaha,12.0
2014-04-19,Gampaha,29.0
2014-04-26,Gampaha,84.0
2014-05-03,Gampaha,31.0
2014-05-10,Gampaha,35.0
2014-05-17,Gampaha,113.0
2014-05-24,Gampaha,167.0
2014-05-31,Gampaha,36.0
2014-06-07,Gampaha,98.0
2014-06-14,Gampaha,193.0
2014-06-21,Gampaha,296.0
2014-06-28,Gampaha,114.0
2014-07-05,Gampaha,205.0
2014-07-12,Gampaha,91.0
2014-07-19,Gampaha,102.0
2014-07-26,Gampaha,80.0
2014-08-02,Gampaha,54.0
2014-08-09,Gampaha,67.0
2014-08-16,Gampaha,146.0
2014-08-23,Gampaha,86.0
2014-08-30,Gampaha,68.0
2014-09-06,Gampaha,78.0
2014-09-13,Gampaha,67.0
2014-09-20,Gampaha,85.0
2014-09-27,Gampaha,115.0
2014-10-04,Gampaha,97.0
2014-10-11,Gampaha,119.0
2014-10-18,Gampaha,119.0
2014-10-25,Gampaha,31.0
2014-11-01,Gampaha,179.0
2014-11-08,Gampaha,126.0
2014-11-15,Gampaha,123.0
2014-11-22,Gampaha,150.0
2014-11-29,Gampaha,117.0
2014-12-06,Gampaha,68.0
2014-12-13,Gampaha,83.0
2014-12-20,Gampaha,160.0
2015-01-03,Gampaha,50.0
2015-01-10,Gampaha,45.0
2015-01-17,Gampaha,37.0
2015-01-24,Gampaha,46.0
2015-01-31,Gampaha,74.0
2015-02-07,Gampaha,75.0
2015-02-14,Gampaha,61.0
2015-02-21,Gampaha,24.0
2015-02-28,Gampaha,26.0
2015-03-07,Gampaha,58.0
2015-03-14,Gampaha,42.0
2015-03-21,Gampaha,10.0
2015-03-28,Gampaha,64.0
2015-04-04,Gampaha,16.0
2015-04-11,Gampaha,28.0
2015-04-18,Gampaha,30.0
2015-04-25,Gampaha,22.0
2015-05-02,Gampaha,22.0
2015-05-09,Gampaha,49.0
2015-05-16,Gampaha,48.0
2015-05-23,Gampaha,21.0
2015-05-30,Gampaha,55.0
2015-06-06,Gampaha,49.0
2015-06-13,Gampaha,35.0
2015-06-20,Gampaha,30.0
2015-06-27,Gampaha,29.0
2015-07-04,Gampaha,59.0
2015-07-11,Gampaha,48.0
2015-07-25,Gampaha,65.0
2015-08-01,Gampaha,33.0
2015-08-08,Gampaha,31.0
2015-08-15,Gampaha,39.0
2015-08-22,Gampaha,52.0
2015-08-29,Gampaha,48.0
2015-09-05,Gampaha,58.0
2015-09-12,Gampaha,14.0
2015-09-19,Gampaha,43.0
2015-09-26,Gampaha,24.0
2015-10-03,Gampaha,46.0
2015-10-10,Gampaha,19.0
2015-10-17,Gampaha,35.0
2015-10-24,Gampaha,40.0
2015-10-31,Gampaha,70.0
2015-11-07,Gampaha,34.0
2015-11-14,Gampaha,22.0
2015-11-21,Gampaha,60.0
2015-11-28,Gampaha,70.0
2015-12-05,Gampaha,29.0
2015-12-12,Gampaha,14.0
2015-12-19,Gampaha,8.0
2015-12-26,Gampaha,31.0
2016-01-16,Gampaha,106.0
2016-01-23,Gampaha,51.0
2016-01-30,Gampaha,92.0
2016-02-06,Gampaha,46.0
2016-02-13,Gampaha,65.0
2016-02-20,Gampaha,45.0
2016-02-27,Gampaha,75.0
2016-03-05,Gampaha,42.0
2016-03-12,Gampaha,27.0
2016-03-19,Gampaha,34.0
2016-03-26,Gampaha,39.0
2016-04-02,Gampaha,13.0
2016-04-09,Gampaha,9.0
2016-04-16,Gampaha,48.0
2016-04-23,Gampaha,41.0
2016-04-30,Gampaha,0.0
2016-05-07,Gampaha,0.0
2016-05-14,Gampaha,0.0
2016-05-21,Gampaha,0.0
2016-05-28,Gampaha,0.0
2016-06-04,Gampaha,0.0
2016-06-11,Gampaha,0.0
2016-06-18,Gampaha,0.0
2016-06-25,Gampaha,34.0
2016-07-02,Gampaha,30.0
2016-07-09,Gampaha,47.0
2016-07-16,Gampaha,102.0
2016-07-23,Gampaha,52.0
2016-07-30,Gampaha,124.0
2016-08-06,Gampaha,82.0
2016-08-20,Gampaha,46.0
2016-08-27,Gampaha,47.0
2016-09-03,Gampaha,64.0
2016-09-10,Gampaha,28.0
2016-09-17,Gampaha,31.0
2016-09-24,Gampaha,16.0
2016-10-01,Gampaha,31.0
2016-10-08,Gampaha,14.0
2016-10-15,Gampaha,38.0
2016-10-22,Gampaha,23.0
2016-10-29,Gampaha,25.0
2016-11-05,Gampaha,13.0
2016-11-12,Gampaha,28.0
2016-11-19,Gampaha,4.0
2016-11-26,Gampaha,23.0
2016-12-03,Gampaha,31.0
2016-12-10,Gampaha,7.0
2016-12-17,Gampaha,44.0
2016-12-24,Gampaha,137.0
2016-12-31,Gampaha,84.0
2017-01-07,Gampaha,29.0
2017-01-14,Gampaha,98.0
2017-01-21,Gampaha,42.0
2017-01-28,Gampaha,20.0
2017-02-04,Gampaha,85.0
2017-02-11,Gampaha,66.0
2017-02-18,Gampaha,23.0
2017-02-25,Gampaha,51.0
2017-03-04,Gampaha,100.0
2017-03-11,Gampaha,381.0
2017-03-18,Gampaha,409.0
2017-03-25,Gampaha,509.0
2017-04-01,Gampaha,419.0
2017-04-08,Gampaha,389.0
2017-04-15,Gampaha,627.0
2017-04-22,Gampaha,637.0
2017-04-29,Gampaha,953.0
2017-05-06,Gampaha,567.0
2017-05-13,Gampaha,820.0
2017-05-17,Gampaha,1139.0
2017-05-20,Gampaha,828.0
2017-05-27,Gampaha,729.0
2017-06-03,Gampaha,718.0
2017-06-10,Gampaha,871.0
2017-06-24,Gampaha,1444.0
2017-07-01,Gampaha,1802.0
2017-07-08,Gampaha,2631.0
2017-07-15,Gampaha,2471.0
2017-07-22,Gampaha,2135.0
2017-07-29,Gampaha,1315.0
2017-08-05,Gampaha,918.0
2017-08-12,Gampaha,683.0
2017-08-19,Gampaha,385.0
2017-08-26,Gampaha,410.0
2017-09-02,Gampaha,227.0
2017-09-09,Gampaha,245.0
2017-09-16,Gampaha,196.0
2017-09-23,Gampaha,162.0
2017-09-30,Gampaha,206.0
2017-10-07,Gampaha,180.0
2017-10-14,Gampaha,155.0
2017-10-21,Gampaha,238.0
2017-10-28,Gampaha,250.0
2017-11-04,Gampaha,249.0
2017-11-11,Gampaha,345.0
2017-11-18,Gampaha,234.0
2017-11-25,Gampaha,289.0
2017-12-02,Gampaha,323.0
2017-12-09,Gampaha,247.0
2017-12-16,Gampaha,176.0
2017-12-23,Gampaha,184.0
2017-12-30,Gampaha,208.0
2018-01-06,Gampaha,194.0
2018-01-13,Gampaha,162.0
2018-01-20,Gampaha,147.0
2018-01-27,Gampaha,105.0
2018-02-03,Gampaha,130.0
2018-02-10,Gampaha,80.0
2018-02-17,Gampaha,89.0
2018-02-24,Gampaha,65.0
2018-03-03,Gampaha,60.0
2018-03-10,Gampaha,41.0
2018-03-17,Gampaha,44.0
2018-03-24,Gampaha,29.0
2018-03-31,Gampaha,53.0
2018-04-07,Gampaha,44.0
2018-04-14,Gampaha,32.0
2018-04-21,Gampaha,46.0
2018-04-28,Gampaha,34.0
2018-05-05,Gampaha,56.0
2018-05-12,Gampaha,53.0
2018-05-19,Gampaha,90.0
2018-05-26,Gampaha,0.0
2018-06-02,Gampaha,0.0
2018-06-09,Gampaha,0.0
2018-06-16,Gampaha,0.0
2018-06-23,Gampaha,0.0
2018-06-30,Gampaha,0.0
2018-07-07,Gampaha,0.0
2018-07-14,Gampaha,0.0
2018-07-21,Gampaha,0.0
2018-07-28,Gampaha,0.0
2018-08-04,Gampaha,0.0
2018-08-11,Gampaha,0.0
2018-08-18,Gampaha,0.0
2018-08-25,Gampaha,0.0
2018-09-01,Gampaha,0.0
2018-09-08,Gampaha,0.0
2018-09-15,Gampaha,0.0
2018-09-22,Gampaha,0.0
2018-09-29,Gampaha,0.0
2018-10-06,Gampaha,0.0
2018-10-13,Gampaha,0.0
2018-10-20,Gampaha,0.0
2018-10-27,Gampaha,0.0
2018-11-03,Gampaha,0.0
2018-11-10,Gampaha,0.0
2018-11-17,Gampaha,0.0
2018-11-24,Gampaha,0.0
2018-12-01,Gampaha,0.0
2018-12-08,Gampaha,0.0
2018-12-15,Gampaha,0.0
2018-12-22,Gampaha,151.0
2018-12-29,Gampaha,154.0
2019-01-05,Gampaha,188.0
2019-01-12,Gampaha,161.0
2019-01-19,Gampaha,177.0
2019-01-26,Gampaha,242.0
2019-02-02,Gampaha,118.0
2019-02-09,Gampaha,107.0
2019-02-16,Gampaha,69.0
2019-03-02,Gampaha,99.0
2019-03-09,Gampaha,103.0
2019-03-16,Gampaha,101.0
2019-03-23,Gampaha,57.0
2019-03-30,Gampaha,91.0
2019-04-06,Gampaha,64.0
2019-04-13,Gampaha,75.0
2019-04-20,Gampaha,114.0
2019-04-27,Gampaha,100.0
2019-05-04,Gampaha,99.0
2019-05-11,Gampaha,121.0
2019-05-18,Gampaha,32.0
2019-05-25,Gampaha,102.0
2019-06-01,Gampaha,141.0
2019-06-08,Gampaha,152.0
2019-06-15,Gampaha,80.0
2019-06-22,Gampaha,228.0
2019-06-29,Gampaha,60.0
2019-07-06,Gampaha,432.0
2019-07-13,Gampaha,453.0
2019-07-20,Gampaha,487.0
2019-07-27,Gampaha,318.0
2019-08-03,Gampaha,372.0
2019-08-10,Gampaha,362.0
2019-08-17,Gampaha,440.0
2019-08-24,Gampaha,368.0
2019-08-31,Gampaha,280.0
2019-09-07,Gampaha,349.0
2019-09-14,Gampaha,386.0
2019-09-21,Gampaha,240.0
2019-09-28,Gampaha,351.0
2019-10-05,Gampaha,357.0
2019-10-12,Gampaha,500.0
2019-10-19,Gampaha,450.0
2019-10-26,Gampaha,532.0
2019-11-02,Gampaha,473.0
2019-11-09,Gampaha,328.0
2019-11-16,Gampaha,675.0
2019-11-23,Gampaha,487.0
2019-11-30,Gampaha,551.0
2019-12-07,Gampaha,488.0
2019-12-14,Gampaha,371.0
2019-12-21,Gampaha,362.0
2019-12-28,Gampaha,362.0
2020-01-01,Gampaha,132.0
2020-01-04,Gampaha,201.0
2020-01-11,Gampaha,219.0
2020-01-18,Gampaha,238.0
2020-01-25,Gampaha,155.0
2020-02-08,Gampaha,114.0
2020-02-15,Gampaha,87.0
2020-02-22,Gampaha,107.0
2020-02-29,Gampaha,47.0
2020-03-07,Gampaha,18.0
2020-03-14,Gampaha,10.0
2020-03-21,Gampaha,8.0
2020-03-28,Gampaha,4.0
2020-04-04,Gampaha,7.0
2020-04-11,Gampaha,2.0
2020-04-18,Gampaha,5.0
2020-04-25,Gampaha,3.0
2020-05-02,Gampaha,10.0
2020-05-09,Gampaha,8.0
2020-05-16,Gampaha,21.0
2020-05-23,Gampaha,31.0
2020-05-30,Gampaha,31.0
2020-06-06,Gampaha,48.0
2020-06-13,Gampaha,27.0
2020-06-20,Gampaha,55.0
2020-06-27,Gampaha,43.0
2020-07-04,Gampaha,24.0
2020-07-11,Gampaha,22.0
2020-07-18,Gampaha,18.0
2020-07-25,Gampaha,23.0
2020-08-01,Gampaha,31.0
2020-08-08,Gampaha,50.0
2020-08-15,Gampaha,62.0
2020-08-22,Gampaha,50.0
2020-08-29,Gampaha,39.0
2020-09-05,Gampaha,37.0
2020-09-11,Gampaha,34.0
2020-09-19,Gampaha,37.0
2020-09-26,Gampaha,14.0
2020-10-03,Gampaha,11.0
2020-10-10,Gampaha,5.0
2020-10-17,Gampaha,3.0
2020-10-24,Gampaha,5.0
2020-10-31,Gampaha,6.0
2020-11-07,Gampaha,11.0
2020-11-14,Gampaha,21.0
2020-11-28,Gampaha,7.0
2020-12-05,Gampaha,16.0
2020-12-12,Gampaha,13.0
2020-12-19,Gampaha,16.0
2020-12-21,Gampaha,11.0
2020-12-26,Gampaha,17.0
2021-01-02,Gampaha,20.0
2021-01-09,Gampaha,19.0
2021-01-16,Gampaha,18.0
2021-01-23,Gampaha,20.0
2021-01-30,Gampaha,17.0
2021-02-06,Gampaha,33.0
2021-02-13,Gampaha,45.0
2021-02-20,Gampaha,25.0
2021-02-27,Gampaha,38.0
2021-03-06,Gampaha,55.0
2021-03-13,Gampaha,45.0
2021-03-20,Gampaha,53.0
2021-03-27,Gampaha,34.0
2021-04-03,Gampaha,46.0
2021-04-10,Gampaha,36.0
2021-04-17,Gampaha,37.0
2021-04-24,Gampaha,27.0
2021-05-01,Gampaha,20.0
2021-05-08,Gampaha,10.0
2021-05-15,Gampaha,15.0
2021-05-22,Gampaha,10.0
2021-05-29,Gampaha,19.0
2021-06-05,Gampaha,38.0
2021-06-12,Gampaha,42.0
2021-06-19,Gampaha,86.0
2021-06-26,Gampaha,78.0
2021-07-03,Gampaha,121.0
2021-07-10,Gampaha,104.0
2021-07-17,Gampaha,11.0
2021-07-24,Gampaha,10.0
2021-07-31,Gampaha,53.0
2021-08-07,Gampaha,19.0
2021-08-14,Gampaha,24.0
2021-08-21,Gampaha,17.0
2021-08-28,Gampaha,14.0
2021-09-04,Gampaha,27.0
2021-09-11,Gampaha,50.0
2021-09-18,Gampaha,32.0
2021-10-02,Gampaha,79.0
2021-10-16,Gampaha,12.0
2021-10-23,Gampaha,104.0
2021-10-30,Gampaha,15.0
2021-11-06,Gampaha,15.0
2021-11-13,Gampaha,20.0
2021-11-20,Gampaha,21.0
2021-11-27,Gampaha,218.0
2021-12-04,Gampaha,24.0
2021-12-11,Gampaha,43.0
2021-12-18,Gampaha,43.0
2021-12-25,Gampaha,43.0
2021-12-31,Gampaha,188.0
2022-01-01,Gampaha,48.0
2022-01-08,Gampaha,32.0
2022-01-15,Gampaha,28.0
2022-01-22,Gampaha,17.0
2022-01-29,Gampaha,90.0
2022-02-05,Gampaha,63.0
2022-02-12,Gampaha,10.0
2022-02-19,Gampaha,71.0
2022-02-26,Gampaha,42.0
2022-03-05,Gampaha,78.0
2022-03-12,Gampaha,56.0
2022-03-19,Gampaha,60.0
2022-03-26,Gampaha,45.0
2022-04-02,Gampaha,63.0
2022-04-09,Gampaha,45.0
2022-04-16,Gampaha,84.0
2022-04-23,Gampaha,97.0
2022-04-30,Gampaha,79.0
2022-05-07,Gampaha,64.0
2022-05-14,Gampaha,10.0
2022-05-21,Gampaha,77.0
2022-05-28,Gampaha,90.0
2022-06-04,Gampaha,72.0
2022-06-11,Gampaha,21.0
2022-06-18,Gampaha,17.0
2022-06-25,Gampaha,15.0
2022-07-02,Gampaha,18.0
2022-07-09,Gampaha,72.0
2022-07-16,Gampaha,19.0
2022-07-23,Gampaha,17.0
2022-07-30,Gampaha,11.0
2022-08-06,Gampaha,49.0
2022-08-13,Gampaha,11.0
2022-08-20,Gampaha,94.0
2022-08-27,Gampaha,46.0
2022-09-03,Gampaha,73.0
2022-09-10,Gampaha,9.0
2022-09-17,Gampaha,58.0
2022-09-24,Gampaha,37.0
2022-10-01,Gampaha,70.0
2022-10-08,Gampaha,11.0
2022-10-15,Gampaha,86.0
2022-10-29,Gampaha,86.0
2022-11-05,Gampaha,44.0
2022-11-12,Gampaha,76.0
2022-11-19,Gampaha,31.0
2022-11-26,Gampaha,49.0
2022-12-03,Gampaha,54.0
2022-12-10,Gampaha,10.0
2022-12-17,Gampaha,11.0
2022-12-24,Gampaha,23.0
2023-01-07,Gampaha,146.0
2023-01-14,Gampaha,196.0
2023-01-21,Gampaha,218.0
2023-01-28,Gampaha,154.0
2023-02-04,Gampaha,172.0
2023-02-11,Gampaha,179.0
2023-02-18,Gampaha,162.0
2023-02-25,Gampaha,203.0
2023-03-04,Gampaha,153.0
2023-03-11,Gampaha,136.0
2023-03-18,Gampaha,137.0
2023-03-25,Gampaha,227.0
2023-04-01,Gampaha,124.0
2023-04-08,Gampaha,115.0
2023-04-15,Gampaha,35.0
2023-04-22,Gampaha,123.0
2023-04-29,Gampaha,132.0
2023-05-06,Gampaha,217.0
2023-05-13,Gampaha,165.0
2023-05-20,Gampaha,104.0
2023-05-27,Gampaha,345.0
2023-06-03,Gampaha,351.0
2023-06-10,Gampaha,433.0
2023-06-17,Gampaha,412.0
2023-06-24,Gampaha,302.0
2023-07-01,Gampaha,314.0
2023-07-08,Gampaha,308.0
2023-07-15,Gampaha,238.0
2023-07-22,Gampaha,256.0
2023-07-29,Gampaha,247.0
2023-08-05,Gampaha,190.0
2023-08-12,Gampaha,166.0
2023-08-19,Gampaha,164.0
2023-08-26,Gampaha,107.0
2023-08-31,Gampaha,108.0
2023-09-02,Gampaha,65.0
2023-09-09,Gampaha,81.0
2023-09-16,Gampaha,58.0
2023-09-23,Gampaha,46.0
2023-10-07,Gampaha,90.0
2023-10-14,Gampaha,110.0
2023-10-21,Gampaha,178.0
2023-10-28,Gampaha,163.0
2023-11-04,Gampaha,21.0
2023-11-11,Gampaha,38.0
2023-11-18,Gampaha,32.0
2023-11-25,Gampaha,92.0
2023-12-02,Gampaha,192.0
2023-12-09,Gampaha,130.0
2023-12-16,Gampaha,217.0
2023-12-23,Gampaha,146.0
2023-12-27,Gampaha,144.0
2023-12-30,Gampaha,146.0
2024-01-06,Gampaha,111.0
2024-01-13,Gampaha,294.0
2024-01-20,Gampaha,150.0
2024-02-03,Gampaha,165.0
2024-02-10,Gampaha,155.0
2024-02-17,Gampaha,111.0
2024-02-24,Gampaha,102.0
2013-05-15,Hambantota,4.0
2013-06-22,Hambantota,7.0
2013-06-29,Hambantota,8.0
2013-07-13,Hambantota,5.0
2013-07-20,Hambantota,7.0
2013-07-27,Hambantota,7.0
2013-08-03,Hambantota,6.0
2013-08-10,Hambantota,9.0
2013-08-17,Hambantota,4.0
2013-08-24,Hambantota,7.0
2013-08-31,Hambantota,5.0
2013-09-07,Hambantota,9.0
2013-09-14,Hambantota,2.0
2013-09-21,Hambantota,4.0
2013-09-28,Hambantota,8.0
2013-10-05,Hambantota,2.0
2013-10-12,Hambantota,0.0
2013-10-19,Hambantota,7.0
2013-10-26,Hambantota,0.0
2013-11-02,Hambantota,4.0
2013-11-09,Hambantota,4.0
2013-11-16,Hambantota,5.0
2013-11-23,Hambantota,4.0
2013-11-30,Hambantota,2.0
2013-12-07,Hambantota,7.0
2013-12-14,Hambantota,6.0
2013-12-21,Hambantota,5.0
2013-12-27,Hambantota,6.0
2013-12-28,Hambantota,13.0
2014-01-02,Hambantota,16.0
2014-01-04,Hambantota,10.0
2014-01-09,Hambantota,15.0
2014-01-11,Hambantota,5.0
2014-01-18,Hambantota,5.0
2014-02-01,Hambantota,6.0
2014-02-08,Hambantota,5.0
2014-02-15,Hambantota,11.0
2014-02-22,Hambantota,4.0
2014-03-01,Hambantota,3.0
2014-03-08,Hambantota,3.0
2014-03-15,Hambantota,2.0
2014-03-22,Hambantota,2.0
2014-03-29,Hambantota,11.0
2014-04-05,Hambantota,2.0
2014-04-12,Hambantota,0.0
2014-04-19,Hambantota,2.0
2014-04-26,Hambantota,4.0
2014-05-03,Hambantota,1.0
2014-05-10,Hambantota,5.0
2014-05-17,Hambantota,2.0
2014-05-24,Hambantota,11.0
2014-05-31,Hambantota,20.0
2014-06-07,Hambantota,20.0
2014-06-14,Hambantota,19.0
2014-06-21,Hambantota,41.0
2014-06-28,Hambantota,12.0
2014-07-05,Hambantota,64.0
2014-07-12,Hambantota,18.0
2014-07-19,Hambantota,20.0
2014-07-26,Hambantota,5.0
2014-08-02,Hambantota,7.0
2014-08-09,Hambantota,14.0
2014-08-16,Hambantota,3.0
2014-08-23,Hambantota,5.0
2014-08-30,Hambantota,11.0
2014-09-06,Hambantota,6.0
2014-09-13,Hambantota,5.0
2014-09-20,Hambantota,7.0
2014-09-27,Hambantota,4.0
2014-10-04,Hambantota,7.0
2014-10-11,Hambantota,5.0
2014-10-18,Hambantota,18.0
2014-10-25,Hambantota,13.0
2014-11-01,Hambantota,5.0
2014-11-08,Hambantota,8.0
2014-11-15,Hambantota,14.0
2014-11-22,Hambantota,6.0
2014-11-29,Hambantota,16.0
2014-12-06,Hambantota,11.0
2014-12-13,Hambantota,12.0
2014-12-20,Hambantota,12.0
2015-01-03,Hambantota,5.0
2015-01-10,Hambantota,11.0
2015-01-17,Hambantota,9.0
2015-01-24,Hambantota,10.0
2015-01-31,Hambantota,4.0
2015-02-07,Hambantota,15.0
2015-02-14,Hambantota,11.0
2015-02-21,Hambantota,14.0
2015-02-28,Hambantota,3.0
2015-03-07,Hambantota,6.0
2015-03-14,Hambantota,6.0
2015-03-21,Hambantota,2.0
2015-03-28,Hambantota,6.0
2015-04-04,Hambantota,0.0
2015-04-11,Hambantota,3.0
2015-04-18,Hambantota,2.0
2015-04-25,Hambantota,1.0
2015-05-02,Hambantota,2.0
2015-05-09,Hambantota,3.0
2015-05-16,Hambantota,0.0
2015-05-23,Hambantota,0.0
2015-05-30,Hambantota,1.0
2015-06-06,Hambantota,4.0
2015-06-13,Hambantota,2.0
2015-06-20,Hambantota,2.0
2015-06-27,Hambantota,1.0
2015-07-04,Hambantota,2.0
2015-07-11,Hambantota,8.0
2015-07-25,Hambantota,5.0
2015-08-01,Hambantota,16.0
2015-08-08,Hambantota,1.0
2015-08-15,Hambantota,4.0
2015-08-22,Hambantota,1.0
2015-08-29,Hambantota,9.0
2015-09-05,Hambantota,4.0
2015-09-12,Hambantota,0.0
2015-09-19,Hambantota,4.0
2015-09-26,Hambantota,4.0
2015-10-03,Hambantota,8.0
2015-10-10,Hambantota,9.0
2015-10-17,Hambantota,16.0
2015-10-24,Hambantota,17.0
2015-10-31,Hambantota,9.0
2015-11-07,Hambantota,9.0
2015-11-14,Hambantota,10.0
2015-11-21,Hambantota,9.0
2015-11-28,Hambantota,9.0
2015-12-05,Hambantota,7.0
2015-12-12,Hambantota,3.0
2015-12-19,Hambantota,6.0
2015-12-26,Hambantota,10.0
2016-01-16,Hambantota,25.0
2016-01-23,Hambantota,13.0
2016-01-30,Hambantota,18.0
2016-02-06,Hambantota,25.0
2016-02-13,Hambantota,13.0
2016-02-20,Hambantota,15.0
2016-02-27,Hambantota,9.0
2016-03-05,Hambantota,19.0
2016-03-12,Hambantota,5.0
2016-03-19,Hambantota,1.0
2016-03-26,Hambantota,11.0
2016-04-02,Hambantota,1.0
2016-04-09,Hambantota,3.0
2016-04-16,Hambantota,4.0
2016-04-23,Hambantota,12.0
2016-04-30,Hambantota,8.0
2016-05-07,Hambantota,6.0
2016-05-14,Hambantota,7.0
2016-05-21,Hambantota,8.0
2016-05-28,Hambantota,14.0
2016-06-04,Hambantota,0.0
2016-06-11,Hambantota,25.0
2016-06-18,Hambantota,23.0
2016-06-25,Hambantota,32.0
2016-07-02,Hambantota,30.0
2016-07-09,Hambantota,30.0
2016-07-16,Hambantota,31.0
2016-07-23,Hambantota,20.0
2016-07-30,Hambantota,15.0
2016-08-06,Hambantota,7.0
2016-08-20,Hambantota,10.0
2016-08-27,Hambantota,4.0
2016-09-03,Hambantota,6.0
2016-09-10,Hambantota,7.0
2016-09-17,Hambantota,15.0
2016-09-24,Hambantota,7.0
2016-10-01,Hambantota,7.0
2016-10-08,Hambantota,5.0
2016-10-15,Hambantota,7.0
2016-10-22,Hambantota,7.0
2016-10-29,Hambantota,2.0
2016-11-05,Hambantota,9.0
2016-11-12,Hambantota,11.0
2016-11-19,Hambantota,11.0
2016-11-26,Hambantota,21.0
2016-12-03,Hambantota,21.0
2016-12-10,Hambantota,23.0
2016-12-17,Hambantota,26.0
2016-12-24,Hambantota,31.0
2016-12-31,Hambantota,18.0
2017-01-07,Hambantota,38.0
2017-01-14,Hambantota,60.0
2017-01-21,Hambantota,28.0
2017-01-28,Hambantota,24.0
2017-02-04,Hambantota,36.0
2017-02-11,Hambantota,55.0
2017-02-18,Hambantota,24.0
2017-02-25,Hambantota,33.0
2017-03-04,Hambantota,49.0
2017-03-11,Hambantota,65.0
2017-03-18,Hambantota,89.0
2017-03-25,Hambantota,79.0
2017-04-01,Hambantota,76.0
2017-04-08,Hambantota,32.0
2017-04-15,Hambantota,134.0
2017-04-22,Hambantota,91.0
2017-04-29,Hambantota,65.0
2017-05-06,Hambantota,46.0
2017-05-13,Hambantota,93.0
2017-05-17,Hambantota,90.0
2017-05-20,Hambantota,68.0
2017-05-27,Hambantota,77.0
2017-06-03,Hambantota,83.0
2017-06-10,Hambantota,73.0
2017-06-24,Hambantota,61.0
2017-07-01,Hambantota,117.0
2017-07-08,Hambantota,138.0
2017-07-15,Hambantota,147.0
2017-07-22,Hambantota,127.0
2017-07-29,Hambantota,121.0
2017-08-05,Hambantota,116.0
2017-08-12,Hambantota,63.0
2017-08-19,Hambantota,59.0
2017-08-26,Hambantota,28.0
2017-09-02,Hambantota,55.0
2017-09-09,Hambantota,48.0
2017-09-16,Hambantota,55.0
2017-09-23,Hambantota,51.0
2017-09-30,Hambantota,47.0
2017-10-07,Hambantota,41.0
2017-10-14,Hambantota,50.0
2017-10-21,Hambantota,36.0
2017-10-28,Hambantota,43.0
2017-11-04,Hambantota,98.0
2017-11-11,Hambantota,60.0
2017-11-18,Hambantota,43.0
2017-11-25,Hambantota,28.0
2017-12-02,Hambantota,48.0
2017-12-09,Hambantota,36.0
2017-12-16,Hambantota,34.0
2017-12-23,Hambantota,35.0
2017-12-30,Hambantota,31.0
2018-01-06,Hambantota,33.0
2018-01-13,Hambantota,36.0
2018-01-20,Hambantota,26.0
2018-01-27,Hambantota,24.0
2018-02-03,Hambantota,25.0
2018-02-10,Hambantota,31.0
2018-02-17,Hambantota,40.0
2018-02-24,Hambantota,28.0
2018-03-03,Hambantota,26.0
2018-03-10,Hambantota,31.0
2018-03-17,Hambantota,15.0
2018-03-24,Hambantota,25.0
2018-03-31,Hambantota,19.0
2018-04-07,Hambantota,6.0
2018-04-14,Hambantota,18.0
2018-04-21,Hambantota,18.0
2018-04-28,Hambantota,3.0
2018-05-05,Hambantota,5.0
2018-05-12,Hambantota,5.0
2018-05-19,Hambantota,8.0
2018-05-26,Hambantota,8.0
2018-06-02,Hambantota,16.0
2018-06-09,Hambantota,11.0
2018-06-16,Hambantota,12.0
2018-06-23,Hambantota,11.0
2018-06-30,Hambantota,26.0
2018-07-07,Hambantota,33.0
2018-07-14,Hambantota,17.0
2018-07-21,Hambantota,27.0
2018-07-28,Hambantota,21.0
2018-08-04,Hambantota,14.0
2018-08-11,Hambantota,15.0
2018-08-18,Hambantota,11.0
2018-08-25,Hambantota,17.0
2018-09-01,Hambantota,8.0
2018-09-08,Hambantota,7.0
2018-09-15,Hambantota,6.0
2018-09-22,Hambantota,10.0
2018-09-29,Hambantota,18.0
2018-10-06,Hambantota,12.0
2018-10-13,Hambantota,5.0
2018-10-20,Hambantota,13.0
2018-10-27,Hambantota,11.0
2018-11-03,Hambantota,12.0
2018-11-10,Hambantota,14.0
2018-11-17,Hambantota,16.0
2018-11-24,Hambantota,47.0
2018-12-01,Hambantota,24.0
2018-12-08,Hambantota,33.0
2018-12-15,Hambantota,25.0
2018-12-22,Hambantota,19.0
2018-12-29,Hambantota,33.0
2019-01-05,Hambantota,41.0
2019-01-12,Hambantota,37.0
2019-01-19,Hambantota,29.0
2019-01-26,Hambantota,49.0
2019-02-02,Hambantota,20.0
2019-02-09,Hambantota,30.0
2019-02-16,Hambantota,12.0
2019-03-02,Hambantota,17.0
2019-03-09,Hambantota,12.0
2019-03-16,Hambantota,9.0
2019-03-23,Hambantota,21.0
2019-03-30,Hambantota,20.0
2019-04-06,Hambantota,8.0
2019-04-13,Hambantota,10.0
2019-04-20,Hambantota,42.0
2019-04-27,Hambantota,23.0
2019-05-04,Hambantota,26.0
2019-05-11,Hambantota,15.0
2019-05-18,Hambantota,21.0
2019-05-25,Hambantota,24.0
2019-06-01,Hambantota,20.0
2019-06-08,Hambantota,35.0
2019-06-15,Hambantota,21.0
2019-06-22,Hambantota,48.0
2019-06-29,Hambantota,25.0
2019-07-06,Hambantota,47.0
2019-07-13,Hambantota,78.0
2019-07-20,Hambantota,78.0
2019-07-27,Hambantota,53.0
2019-08-03,Hambantota,94.0
2019-08-10,Hambantota,49.0
2019-08-17,Hambantota,48.0
2019-08-24,Hambantota,27.0
2019-08-31,Hambantota,43.0
2019-09-07,Hambantota,53.0
2019-09-14,Hambantota,39.0
2019-09-21,Hambantota,58.0
2019-09-28,Hambantota,55.0
2019-10-05,Hambantota,47.0
2019-10-12,Hambantota,46.0
2019-10-19,Hambantota,76.0
2019-10-26,Hambantota,47.0
2019-11-02,Hambantota,45.0
2019-11-09,Hambantota,42.0
2019-11-16,Hambantota,69.0
2019-11-23,Hambantota,60.0
2019-11-30,Hambantota,41.0
2019-12-07,Hambantota,38.0
2019-12-14,Hambantota,29.0
2019-12-21,Hambantota,42.0
2019-12-28,Hambantota,45.0
2020-01-01,Hambantota,28.0
2020-01-04,Hambantota,37.0
2020-01-11,Hambantota,45.0
2020-01-18,Hambantota,38.0
2020-01-25,Hambantota,36.0
2020-02-08,Hambantota,21.0
2020-02-15,Hambantota,12.0
2020-02-22,Hambantota,17.0
2020-02-29,Hambantota,12.0
2020-03-07,Hambantota,7.0
2020-03-14,Hambantota,2.0
2020-03-21,Hambantota,0.0
2020-03-28,Hambantota,0.0
2020-04-04,Hambantota,0.0
2020-04-11,Hambantota,4.0
2020-04-18,Hambantota,0.0
2020-04-25,Hambantota,3.0
2020-05-02,Hambantota,0.0
2020-05-09,Hambantota,1.0
2020-05-16,Hambantota,5.0
2020-05-23,Hambantota,1.0
2020-05-30,Hambantota,2.0
2020-06-06,Hambantota,4.0
2020-06-13,Hambantota,6.0
2020-06-20,Hambantota,3.0
2020-06-27,Hambantota,6.0
2020-07-04,Hambantota,1.0
2020-07-11,Hambantota,9.0
2020-07-18,Hambantota,6.0
2020-07-25,Hambantota,2.0
2020-08-01,Hambantota,3.0
2020-08-08,Hambantota,8.0
2020-08-15,Hambantota,5.0
2020-08-22,Hambantota,1.0
2020-08-29,Hambantota,3.0
2020-09-05,Hambantota,5.0
2020-09-11,Hambantota,2.0
2020-09-19,Hambantota,2.0
2020-09-26,Hambantota,2.0
2020-10-03,Hambantota,5.0
2020-10-10,Hambantota,1.0
2020-10-17,Hambantota,2.0
2020-10-24,Hambantota,0.0
2020-10-31,Hambantota,1.0
2020-11-07,Hambantota,3.0
2020-11-14,Hambantota,2.0
2020-11-28,Hambantota,4.0
2020-12-05,Hambantota,2.0
2020-12-12,Hambantota,2.0
2020-12-19,Hambantota,1.0
2020-12-21,Hambantota,0.0
2020-12-26,Hambantota,144.0
2021-01-02,Hambantota,4.0
2021-01-09,Hambantota,4.0
2021-01-16,Hambantota,5.0
2021-01-23,Hambantota,3.0
2021-01-30,Hambantota,9.0
2021-02-06,Hambantota,8.0
2021-02-13,Hambantota,4.0
2021-02-20,Hambantota,7.0
2021-02-27,Hambantota,3.0
2021-03-06,Hambantota,9.0
2021-03-13,Hambantota,15.0
2021-03-20,Hambantota,5.0
2021-03-27,Hambantota,12.0
2021-04-03,Hambantota,8.0
2021-04-10,Hambantota,5.0
2021-04-17,Hambantota,17.0
2021-04-24,Hambantota,6.0
2021-05-01,Hambantota,4.0
2021-05-08,Hambantota,7.0
2021-05-15,Hambantota,5.0
2021-05-22,Hambantota,2.0
2021-05-29,Hambantota,5.0
2021-06-05,Hambantota,8.0
2021-06-12,Hambantota,9.0
2021-06-19,Hambantota,17.0
2021-06-26,Hambantota,22.0
2021-07-03,Hambantota,14.0
2021-07-10,Hambantota,8.0
2021-07-17,Hambantota,10.0
2021-07-24,Hambantota,14.0
2021-07-31,Hambantota,7.0
2021-08-07,Hambantota,2.0
2021-08-14,Hambantota,5.0
2021-08-21,Hambantota,0.0
2021-08-28,Hambantota,3.0
2021-09-04,Hambantota,5.0
2021-09-11,Hambantota,6.0
2021-09-18,Hambantota,2.0
2021-10-02,Hambantota,9.0
2021-10-16,Hambantota,5.0
2021-10-23,Hambantota,9.0
2021-10-30,Hambantota,6.0
2021-11-06,Hambantota,6.0
2021-11-13,Hambantota,4.0
2021-11-20,Hambantota,9.0
2021-11-27,Hambantota,12.0
2021-12-04,Hambantota,12.0
2021-12-11,Hambantota,25.0
2021-12-18,Hambantota,25.0
2021-12-25,Hambantota,25.0
2021-12-31,Hambantota,14.0
2022-01-01,Hambantota,40.0
2022-01-08,Hambantota,17.0
2022-01-15,Hambantota,19.0
2022-01-22,Hambantota,28.0
2022-01-29,Hambantota,30.0
2022-02-05,Hambantota,4.0
2022-02-12,Hambantota,12.0
2022-02-19,Hambantota,12.0
2022-02-26,Hambantota,9.0
2022-03-05,Hambantota,11.0
2022-03-12,Hambantota,4.0
2022-03-19,Hambantota,16.0
2022-03-26,Hambantota,9.0
2022-04-02,Hambantota,16.0
2022-04-09,Hambantota,5.0
2022-04-16,Hambantota,36.0
2022-04-23,Hambantota,25.0
2022-04-30,Hambantota,26.0
2022-05-07,Hambantota,24.0
2022-05-14,Hambantota,39.0
2022-05-21,Hambantota,19.0
2022-05-28,Hambantota,19.0
2022-06-04,Hambantota,20.0
2022-06-11,Hambantota,24.0
2022-06-18,Hambantota,53.0
2022-06-25,Hambantota,92.0
2022-07-02,Hambantota,85.0
2022-07-09,Hambantota,57.0
2022-07-16,Hambantota,93.0
2022-07-23,Hambantota,76.0
2022-07-30,Hambantota,11.0
2022-08-06,Hambantota,34.0
2022-08-13,Hambantota,81.0
2022-08-20,Hambantota,36.0
2022-08-27,Hambantota,30.0
2022-09-03,Hambantota,34.0
2022-09-10,Hambantota,0.0
2022-09-17,Hambantota,16.0
2022-09-24,Hambantota,16.0
2022-10-01,Hambantota,13.0
2022-10-08,Hambantota,19.0
2022-10-15,Hambantota,12.0
2022-10-29,Hambantota,18.0
2022-11-05,Hambantota,11.0
2022-11-12,Hambantota,21.0
2022-11-19,Hambantota,18.0
2022-11-26,Hambantota,6.0
2022-12-03,Hambantota,15.0
2022-12-10,Hambantota,18.0
2022-12-17,Hambantota,9.0
2022-12-24,Hambantota,13.0
2023-01-07,Hambantota,19.0
2023-01-14,Hambantota,24.0
2023-01-21,Hambantota,22.0
2023-01-28,Hambantota,17.0
2023-02-04,Hambantota,29.0
2023-02-11,Hambantota,20.0
2023-02-18,Hambantota,31.0
2023-02-25,Hambantota,24.0
2023-03-04,Hambantota,28.0
2023-03-11,Hambantota,22.0
2023-03-18,Hambantota,20.0
2023-03-25,Hambantota,33.0
2023-04-01,Hambantota,29.0
2023-04-08,Hambantota,27.0
2023-04-15,Hambantota,69.0
2023-04-22,Hambantota,44.0
2023-04-29,Hambantota,36.0
2023-05-06,Hambantota,35.0
2023-05-13,Hambantota,48.0
2023-05-20,Hambantota,44.0
2023-05-27,Hambantota,41.0
2023-06-03,Hambantota,82.0
2023-06-10,Hambantota,76.0
2023-06-17,Hambantota,53.0
2023-06-24,Hambantota,46.0
2023-07-01,Hambantota,52.0
2023-07-08,Hambantota,41.0
2023-07-15,Hambantota,28.0
2023-07-22,Hambantota,23.0
2023-07-29,Hambantota,18.0
2023-08-05,Hambantota,25.0
2023-08-12,Hambantota,22.0
2023-08-19,Hambantota,13.0
2023-08-26,Hambantota,12.0
2023-08-31,Hambantota,17.0
2023-09-02,Hambantota,25.0
2023-09-09,Hambantota,11.0
2023-09-16,Hambantota,7.0
2023-09-23,Hambantota,5.0
2023-10-07,Hambantota,8.0
2023-10-14,Hambantota,5.0
2023-10-21,Hambantota,7.0
2023-10-28,Hambantota,13.0
2023-11-04,Hambantota,3.0
2023-11-11,Hambantota,7.0
2023-11-18,Hambantota,7.0
2023-11-25,Hambantota,42.0
2023-12-02,Hambantota,55.0
2023-12-09,Hambantota,43.0
2023-12-16,Hambantota,72.0
2023-12-23,Hambantota,18.0
2023-12-27,Hambantota,37.0
2023-12-30,Hambantota,38.0
2024-01-06,Hambantota,55.0
2024-01-13,Hambantota,66.0
2024-01-20,Hambantota,50.0
2024-02-03,Hambantota,29.0
2024-02-10,Hambantota,14.0
2024-02-17,Hambantota,35.0
2024-02-24,Hambantota,18.0
2013-05-15,Jaffna,8.0
2013-06-22,Jaffna,6.0
2013-06-29,Jaffna,5.0
2013-07-13,Jaffna,6.0
2013-07-20,Jaffna,7.0
2013-07-27,Jaffna,11.0
2013-08-03,Jaffna,9.0
2013-08-10,Jaffna,7.0
2013-08-17,Jaffna,9.0
2013-08-24,Jaffna,4.0
2013-08-31,Jaffna,10.0
2013-09-07,Jaffna,10.0
2013-09-14,Jaffna,8.0
2013-09-21,Jaffna,7.0
2013-09-28,Jaffna,5.0
2013-10-05,Jaffna,9.0
2013-10-12,Jaffna,9.0
2013-10-19,Jaffna,19.0
2013-10-26,Jaffna,10.0
2013-11-02,Jaffna,11.0
2013-11-09,Jaffna,7.0
2013-11-16,Jaffna,10.0
2013-11-23,Jaffna,12.0
2013-11-30,Jaffna,25.0
2013-12-07,Jaffna,26.0
2013-12-14,Jaffna,19.0
2013-12-21,Jaffna,34.0
2013-12-27,Jaffna,152.0
2013-12-28,Jaffna,43.0
2014-01-02,Jaffna,129.0
2014-01-04,Jaffna,23.0
2014-01-09,Jaffna,135.0
2014-01-11,Jaffna,10.0
2014-01-18,Jaffna,31.0
2014-02-01,Jaffna,15.0
2014-02-08,Jaffna,27.0
2014-02-15,Jaffna,25.0
2014-02-22,Jaffna,23.0
2014-03-01,Jaffna,4.0
2014-03-08,Jaffna,12.0
2014-03-15,Jaffna,14.0
2014-03-22,Jaffna,7.0
2014-03-29,Jaffna,16.0
2014-04-05,Jaffna,7.0
2014-04-12,Jaffna,6.0
2014-04-19,Jaffna,15.0
2014-04-26,Jaffna,12.0
2014-05-03,Jaffna,11.0
2014-05-10,Jaffna,16.0
2014-05-17,Jaffna,7.0
2014-05-24,Jaffna,19.0
2014-05-31,Jaffna,16.0
2014-06-07,Jaffna,17.0
2014-06-14,Jaffna,26.0
2014-06-21,Jaffna,22.0
2014-06-28,Jaffna,52.0
2014-07-05,Jaffna,29.0
2014-07-12,Jaffna,33.0
2014-07-19,Jaffna,19.0
2014-07-26,Jaffna,25.0
2014-08-02,Jaffna,29.0
2014-08-09,Jaffna,28.0
2014-08-16,Jaffna,27.0
2014-08-23,Jaffna,14.0
2014-08-30,Jaffna,28.0
2014-09-06,Jaffna,27.0
2014-09-13,Jaffna,19.0
2014-09-20,Jaffna,18.0
2014-09-27,Jaffna,29.0
2014-10-04,Jaffna,35.0
2014-10-11,Jaffna,50.0
2014-10-18,Jaffna,33.0
2014-10-25,Jaffna,65.0
2014-11-01,Jaffna,48.0
2014-11-08,Jaffna,80.0
2014-11-15,Jaffna,83.0
2014-11-22,Jaffna,100.0
2014-11-29,Jaffna,93.0
2014-12-06,Jaffna,114.0
2014-12-13,Jaffna,104.0
2014-12-20,Jaffna,105.0
2015-01-03,Jaffna,114.0
2015-01-10,Jaffna,119.0
2015-01-17,Jaffna,111.0
2015-01-24,Jaffna,56.0
2015-01-31,Jaffna,53.0
2015-02-07,Jaffna,60.0
2015-02-14,Jaffna,53.0
2015-02-21,Jaffna,41.0
2015-02-28,Jaffna,29.0
2015-03-07,Jaffna,32.0
2015-03-14,Jaffna,32.0
2015-03-21,Jaffna,17.0
2015-03-28,Jaffna,13.0
2015-04-04,Jaffna,5.0
2015-04-11,Jaffna,13.0
2015-04-18,Jaffna,9.0
2015-04-25,Jaffna,6.0
2015-05-02,Jaffna,6.0
2015-05-09,Jaffna,16.0
2015-05-16,Jaffna,16.0
2015-05-23,Jaffna,14.0
2015-05-30,Jaffna,11.0
2015-06-06,Jaffna,22.0
2015-06-13,Jaffna,10.0
2015-06-20,Jaffna,14.0
2015-06-27,Jaffna,20.0
2015-07-04,Jaffna,14.0
2015-07-11,Jaffna,8.0
2015-07-25,Jaffna,13.0
2015-08-01,Jaffna,16.0
2015-08-08,Jaffna,11.0
2015-08-15,Jaffna,5.0
2015-08-22,Jaffna,13.0
2015-08-29,Jaffna,14.0
2015-09-05,Jaffna,16.0
2015-09-12,Jaffna,13.0
2015-09-19,Jaffna,8.0
2015-09-26,Jaffna,9.0
2015-10-03,Jaffna,3.0
2015-10-10,Jaffna,14.0
2015-10-17,Jaffna,22.0
2015-10-24,Jaffna,21.0
2015-10-31,Jaffna,32.0
2015-11-07,Jaffna,38.0
2015-11-14,Jaffna,64.0
2015-11-21,Jaffna,79.0
2015-11-28,Jaffna,105.0
2015-12-05,Jaffna,104.0
2015-12-12,Jaffna,79.0
2015-12-19,Jaffna,109.0
2015-12-26,Jaffna,84.0
2016-01-16,Jaffna,137.0
2016-01-23,Jaffna,102.0
2016-01-30,Jaffna,64.0
2016-02-06,Jaffna,74.0
2016-02-13,Jaffna,65.0
2016-02-20,Jaffna,33.0
2016-02-27,Jaffna,43.0
2016-03-05,Jaffna,44.0
2016-03-12,Jaffna,26.0
2016-03-19,Jaffna,32.0
2016-03-26,Jaffna,25.0
2016-04-02,Jaffna,12.0
2016-04-09,Jaffna,21.0
2016-04-16,Jaffna,14.0
2016-04-23,Jaffna,18.0
2016-04-30,Jaffna,16.0
2016-05-07,Jaffna,9.0
2016-05-14,Jaffna,16.0
2016-05-21,Jaffna,13.0
2016-05-28,Jaffna,26.0
2016-06-04,Jaffna,14.0
2016-06-11,Jaffna,25.0
2016-06-18,Jaffna,12.0
2016-06-25,Jaffna,33.0
2016-07-02,Jaffna,52.0
2016-07-09,Jaffna,25.0
2016-07-16,Jaffna,48.0
2016-07-23,Jaffna,61.0
2016-07-30,Jaffna,49.0
2016-08-06,Jaffna,32.0
2016-08-20,Jaffna,21.0
2016-08-27,Jaffna,26.0
2016-09-03,Jaffna,33.0
2016-09-10,Jaffna,12.0
2016-09-17,Jaffna,22.0
2016-09-24,Jaffna,26.0
2016-10-01,Jaffna,31.0
2016-10-08,Jaffna,17.0
2016-10-15,Jaffna,20.0
2016-10-22,Jaffna,20.0
2016-10-29,Jaffna,25.0
2016-11-05,Jaffna,38.0
2016-11-12,Jaffna,31.0
2016-11-19,Jaffna,40.0
2016-11-26,Jaffna,67.0
2016-12-03,Jaffna,62.0
2016-12-10,Jaffna,40.0
2016-12-17,Jaffna,57.0
2016-12-24,Jaffna,145.0
2016-12-31,Jaffna,126.0
2017-01-07,Jaffna,48.0
2017-01-14,Jaffna,118.0
2017-01-21,Jaffna,75.0
2017-01-28,Jaffna,56.0
2017-02-04,Jaffna,81.0
2017-02-11,Jaffna,118.0
2017-02-18,Jaffna,165.0
2017-02-25,Jaffna,138.0
2017-03-04,Jaffna,185.0
2017-03-11,Jaffna,154.0
2017-03-18,Jaffna,207.0
2017-03-25,Jaffna,174.0
2017-04-01,Jaffna,146.0
2017-04-08,Jaffna,96.0
2017-04-15,Jaffna,137.0
2017-04-22,Jaffna,120.0
2017-04-29,Jaffna,79.0
2017-05-06,Jaffna,73.0
2017-05-13,Jaffna,80.0
2017-05-17,Jaffna,57.0
2017-05-20,Jaffna,69.0
2017-05-27,Jaffna,56.0
2017-06-03,Jaffna,59.0
2017-06-10,Jaffna,53.0
2017-06-24,Jaffna,63.0
2017-07-01,Jaffna,86.0
2017-07-08,Jaffna,111.0
2017-07-15,Jaffna,93.0
2017-07-22,Jaffna,86.0
2017-07-29,Jaffna,73.0
2017-08-05,Jaffna,65.0
2017-08-12,Jaffna,88.0
2017-08-19,Jaffna,64.0
2017-08-26,Jaffna,48.0
2017-09-02,Jaffna,46.0
2017-09-09,Jaffna,75.0
2017-09-16,Jaffna,64.0
2017-09-23,Jaffna,97.0
2017-09-30,Jaffna,126.0
2017-10-07,Jaffna,131.0
2017-10-14,Jaffna,153.0
2017-10-21,Jaffna,183.0
2017-10-28,Jaffna,128.0
2017-11-04,Jaffna,147.0
2017-11-11,Jaffna,126.0
2017-11-18,Jaffna,108.0
2017-11-25,Jaffna,146.0
2017-12-02,Jaffna,188.0
2017-12-09,Jaffna,191.0
2017-12-16,Jaffna,229.0
2017-12-23,Jaffna,158.0
2017-12-30,Jaffna,230.0
2018-01-06,Jaffna,156.0
2018-01-13,Jaffna,131.0
2018-01-20,Jaffna,120.0
2018-01-27,Jaffna,102.0
2018-02-03,Jaffna,77.0
2018-02-10,Jaffna,68.0
2018-02-17,Jaffna,63.0
2018-02-24,Jaffna,40.0
2018-03-03,Jaffna,47.0
2018-03-10,Jaffna,45.0
2018-03-17,Jaffna,47.0
2018-03-24,Jaffna,28.0
2018-03-31,Jaffna,28.0
2018-04-07,Jaffna,20.0
2018-04-14,Jaffna,22.0
2018-04-21,Jaffna,16.0
2018-04-28,Jaffna,19.0
2018-05-05,Jaffna,29.0
2018-05-12,Jaffna,23.0
2018-05-19,Jaffna,29.0
2018-05-26,Jaffna,88.0
2018-06-02,Jaffna,64.0
2018-06-09,Jaffna,94.0
2018-06-16,Jaffna,109.0
2018-06-23,Jaffna,84.0
2018-06-30,Jaffna,93.0
2018-07-07,Jaffna,77.0
2018-07-14,Jaffna,85.0
2018-07-21,Jaffna,46.0
2018-07-28,Jaffna,69.0
2018-08-04,Jaffna,50.0
2018-08-11,Jaffna,38.0
2018-08-18,Jaffna,26.0
2018-08-25,Jaffna,18.0
2018-09-01,Jaffna,21.0
2018-09-08,Jaffna,38.0
2018-09-15,Jaffna,35.0
2018-09-22,Jaffna,21.0
2018-09-29,Jaffna,33.0
2018-10-06,Jaffna,58.0
2018-10-13,Jaffna,58.0
2018-10-20,Jaffna,54.0
2018-10-27,Jaffna,82.0
2018-11-03,Jaffna,107.0
2018-11-10,Jaffna,105.0
2018-11-17,Jaffna,104.0
2018-11-24,Jaffna,127.0
2018-12-01,Jaffna,206.0
2018-12-08,Jaffna,270.0
2018-12-15,Jaffna,219.0
2018-12-22,Jaffna,236.0
2018-12-29,Jaffna,247.0
2019-01-05,Jaffna,252.0
2019-01-12,Jaffna,211.0
2019-01-19,Jaffna,190.0
2019-01-26,Jaffna,209.0
2019-02-02,Jaffna,129.0
2019-02-09,Jaffna,86.0
2019-02-16,Jaffna,86.0
2019-03-02,Jaffna,49.0
2019-03-09,Jaffna,57.0
2019-03-16,Jaffna,64.0
2019-03-23,Jaffna,42.0
2019-03-30,Jaffna,54.0
2019-04-06,Jaffna,31.0
2019-04-13,Jaffna,32.0
2019-04-20,Jaffna,44.0
2019-04-27,Jaffna,20.0
2019-05-04,Jaffna,32.0
2019-05-11,Jaffna,30.0
2019-05-18,Jaffna,32.0
2019-05-25,Jaffna,9.0
2019-06-01,Jaffna,14.0
2019-06-08,Jaffna,8.0
2019-06-15,Jaffna,16.0
2019-06-22,Jaffna,20.0
2019-06-29,Jaffna,18.0
2019-07-06,Jaffna,23.0
2019-07-13,Jaffna,28.0
2019-07-20,Jaffna,21.0
2019-07-27,Jaffna,20.0
2019-08-03,Jaffna,23.0
2019-08-10,Jaffna,19.0
2019-08-17,Jaffna,29.0
2019-08-24,Jaffna,19.0
2019-08-31,Jaffna,19.0
2019-09-07,Jaffna,43.0
2019-09-14,Jaffna,46.0
2019-09-21,Jaffna,46.0
2019-09-28,Jaffna,77.0
2019-10-05,Jaffna,92.0
2019-10-12,Jaffna,142.0
2019-10-19,Jaffna,227.0
2019-10-26,Jaffna,299.0
2019-11-02,Jaffna,381.0
2019-11-09,Jaffna,449.0
2019-11-16,Jaffna,581.0
2019-11-23,Jaffna,931.0
2019-11-30,Jaffna,769.0
2019-12-07,Jaffna,648.0
2019-12-14,Jaffna,543.0
2019-12-21,Jaffna,425.0
2019-12-28,Jaffna,378.0
2020-01-01,Jaffna,158.0
2020-01-04,Jaffna,287.0
2020-01-11,Jaffna,307.0
2020-01-18,Jaffna,254.0
2020-01-25,Jaffna,186.0
2020-02-08,Jaffna,118.0
2020-02-15,Jaffna,118.0
2020-02-22,Jaffna,96.0
2020-02-29,Jaffna,81.0
2020-03-07,Jaffna,34.0
2020-03-14,Jaffna,19.0
2020-03-21,Jaffna,15.0
2020-03-28,Jaffna,17.0
2020-04-04,Jaffna,8.0
2020-04-11,Jaffna,4.0
2020-04-18,Jaffna,9.0
2020-04-25,Jaffna,18.0
2020-05-02,Jaffna,18.0
2020-05-09,Jaffna,9.0
2020-05-16,Jaffna,39.0
2020-05-23,Jaffna,28.0
2020-05-30,Jaffna,23.0
2020-06-06,Jaffna,12.0
2020-06-13,Jaffna,13.0
2020-06-20,Jaffna,10.0
2020-06-27,Jaffna,16.0
2020-07-04,Jaffna,13.0
2020-07-11,Jaffna,8.0
2020-07-18,Jaffna,10.0
2020-07-25,Jaffna,4.0
2020-08-01,Jaffna,6.0
2020-08-08,Jaffna,5.0
2020-08-15,Jaffna,9.0
2020-08-22,Jaffna,6.0
2020-08-29,Jaffna,13.0
2020-09-05,Jaffna,8.0
2020-09-11,Jaffna,19.0
2020-09-19,Jaffna,15.0
2020-09-26,Jaffna,12.0
2020-10-03,Jaffna,10.0
2020-10-10,Jaffna,15.0
2020-10-17,Jaffna,7.0
2020-10-24,Jaffna,8.0
2020-10-31,Jaffna,8.0
2020-11-07,Jaffna,4.0
2020-11-14,Jaffna,6.0
2020-11-28,Jaffna,8.0
2020-12-05,Jaffna,7.0
2020-12-12,Jaffna,11.0
2020-12-19,Jaffna,13.0
2020-12-21,Jaffna,3.0
2020-12-26,Jaffna,378.0
2021-01-02,Jaffna,5.0
2021-01-09,Jaffna,8.0
2021-01-16,Jaffna,13.0
2021-01-23,Jaffna,12.0
2021-01-30,Jaffna,2.0
2021-02-06,Jaffna,7.0
2021-02-13,Jaffna,7.0
2021-02-20,Jaffna,3.0
2021-02-27,Jaffna,9.0
2021-03-06,Jaffna,7.0
2021-03-13,Jaffna,4.0
2021-03-20,Jaffna,2.0
2021-03-27,Jaffna,0.0
2021-04-03,Jaffna,0.0
2021-04-10,Jaffna,4.0
2021-04-17,Jaffna,5.0
2021-04-24,Jaffna,2.0
2021-05-01,Jaffna,5.0
2021-05-08,Jaffna,2.0
2021-05-15,Jaffna,2.0
2021-05-22,Jaffna,1.0
2021-05-29,Jaffna,0.0
2021-06-05,Jaffna,3.0
2021-06-12,Jaffna,4.0
2021-06-19,Jaffna,3.0
2021-06-26,Jaffna,0.0
2021-07-03,Jaffna,0.0
2021-07-10,Jaffna,0.0
2021-07-17,Jaffna,2.0
2021-07-24,Jaffna,2.0
2021-07-31,Jaffna,1.0
2021-08-07,Jaffna,1.0
2021-08-14,Jaffna,1.0
2021-08-21,Jaffna,0.0
2021-08-28,Jaffna,0.0
2021-09-04,Jaffna,0.0
2021-09-11,Jaffna,0.0
2021-09-18,Jaffna,1.0
2021-10-02,Jaffna,0.0
2021-10-16,Jaffna,0.0
2021-10-23,Jaffna,2.0
2021-10-30,Jaffna,6.0
2021-11-06,Jaffna,1.0
2021-11-13,Jaffna,4.0
2021-11-20,Jaffna,10.0
2021-11-27,Jaffna,11.0
2021-12-04,Jaffna,40.0
2021-12-11,Jaffna,74.0
2021-12-18,Jaffna,74.0
2021-12-25,Jaffna,74.0
2021-12-31,Jaffna,127.0
2022-01-01,Jaffna,11.0
2022-01-08,Jaffna,91.0
2022-01-15,Jaffna,92.0
2022-01-22,Jaffna,11.0
2022-01-29,Jaffna,66.0
2022-02-05,Jaffna,55.0
2022-02-12,Jaffna,57.0
2022-02-19,Jaffna,44.0
2022-02-26,Jaffna,51.0
2022-03-05,Jaffna,46.0
2022-03-12,Jaffna,82.0
2022-03-19,Jaffna,68.0
2022-03-26,Jaffna,80.0
2022-04-02,Jaffna,94.0
2022-04-09,Jaffna,73.0
2022-04-16,Jaffna,84.0
2022-04-23,Jaffna,11.0
2022-04-30,Jaffna,85.0
2022-05-07,Jaffna,97.0
2022-05-14,Jaffna,11.0
2022-05-21,Jaffna,11.0
2022-05-28,Jaffna,11.0
2022-06-04,Jaffna,10.0
2022-06-11,Jaffna,97.0
2022-06-18,Jaffna,67.0
2022-06-25,Jaffna,51.0
2022-07-02,Jaffna,60.0
2022-07-09,Jaffna,48.0
2022-07-16,Jaffna,39.0
2022-07-23,Jaffna,46.0
2022-07-30,Jaffna,29.0
2022-08-06,Jaffna,34.0
2022-08-13,Jaffna,53.0
2022-08-20,Jaffna,38.0
2022-08-27,Jaffna,33.0
2022-09-03,Jaffna,29.0
2022-09-10,Jaffna,0.0
2022-09-17,Jaffna,47.0
2022-09-24,Jaffna,58.0
2022-10-01,Jaffna,52.0
2022-10-08,Jaffna,66.0
2022-10-15,Jaffna,51.0
2022-10-29,Jaffna,72.0
2022-11-05,Jaffna,65.0
2022-11-12,Jaffna,79.0
2022-11-19,Jaffna,86.0
2022-11-26,Jaffna,12.0
2022-12-03,Jaffna,14.0
2022-12-10,Jaffna,17.0
2022-12-17,Jaffna,13.0
2022-12-24,Jaffna,12.0
2023-01-07,Jaffna,135.0
2023-01-14,Jaffna,89.0
2023-01-21,Jaffna,70.0
2023-01-28,Jaffna,63.0
2023-02-04,Jaffna,46.0
2023-02-11,Jaffna,39.0
2023-02-18,Jaffna,44.0
2023-02-25,Jaffna,33.0
2023-03-04,Jaffna,69.0
2023-03-11,Jaffna,48.0
2023-03-18,Jaffna,55.0
2023-03-25,Jaffna,58.0
2023-04-01,Jaffna,64.0
2023-04-08,Jaffna,48.0
2023-04-15,Jaffna,53.0
2023-04-22,Jaffna,74.0
2023-04-29,Jaffna,38.0
2023-05-06,Jaffna,48.0
2023-05-13,Jaffna,52.0
2023-05-20,Jaffna,58.0
2023-05-27,Jaffna,44.0
2023-06-03,Jaffna,51.0
2023-06-10,Jaffna,57.0
2023-06-17,Jaffna,26.0
2023-06-24,Jaffna,24.0
2023-07-01,Jaffna,27.0
2023-07-08,Jaffna,38.0
2023-07-15,Jaffna,27.0
2023-07-22,Jaffna,36.0
2023-07-29,Jaffna,27.0
2023-08-05,Jaffna,29.0
2023-08-12,Jaffna,30.0
2023-08-19,Jaffna,49.0
2023-08-26,Jaffna,19.0
2023-08-31,Jaffna,50.0
2023-09-02,Jaffna,31.0
2023-09-09,Jaffna,34.0
2023-09-16,Jaffna,25.0
2023-09-23,Jaffna,26.0
2023-10-07,Jaffna,22.0
2023-10-14,Jaffna,26.0
2023-10-21,Jaffna,24.0
2023-10-28,Jaffna,35.0
2023-11-04,Jaffna,49.0
2023-11-11,Jaffna,100.0
2023-11-18,Jaffna,141.0
2023-11-25,Jaffna,196.0
2023-12-02,Jaffna,311.0
2023-12-09,Jaffna,423.0
2023-12-16,Jaffna,706.0
2023-12-23,Jaffna,746.0
2023-12-27,Jaffna,483.0
2023-12-30,Jaffna,623.0
2024-01-06,Jaffna,805.0
2024-01-13,Jaffna,1190.0
2024-01-20,Jaffna,746.0
2024-02-03,Jaffna,410.0
2024-02-10,Jaffna,292.0
2024-02-17,Jaffna,224.0
2024-02-24,Jaffna,148.0
2013-05-15,Kalutara,32.0
2013-06-22,Kalutara,28.0
2013-06-29,Kalutara,36.0
2013-07-13,Kalutara,36.0
2013-07-20,Kalutara,38.0
2013-07-27,Kalutara,36.0
2013-08-03,Kalutara,37.0
2013-08-10,Kalutara,45.0
2013-08-17,Kalutara,15.0
2013-08-24,Kalutara,37.0
2013-08-31,Kalutara,41.0
2013-09-07,Kalutara,31.0
2013-09-14,Kalutara,26.0
2013-09-21,Kalutara,25.0
2013-09-28,Kalutara,7.0
2013-10-05,Kalutara,14.0
2013-10-12,Kalutara,22.0
2013-10-19,Kalutara,22.0
2013-10-26,Kalutara,20.0
2013-11-02,Kalutara,23.0
2013-11-09,Kalutara,24.0
2013-11-16,Kalutara,34.0
2013-11-23,Kalutara,36.0
2013-11-30,Kalutara,37.0
2013-12-07,Kalutara,32.0
2013-12-14,Kalutara,49.0
2013-12-21,Kalutara,19.0
2013-12-27,Kalutara,79.0
2013-12-28,Kalutara,48.0
2014-01-02,Kalutara,26.0
2014-01-04,Kalutara,55.0
2014-01-09,Kalutara,55.0
2014-01-11,Kalutara,42.0
2014-01-18,Kalutara,49.0
2014-02-01,Kalutara,35.0
2014-02-08,Kalutara,31.0
2014-02-15,Kalutara,37.0
2014-02-22,Kalutara,19.0
2014-03-01,Kalutara,32.0
2014-03-08,Kalutara,23.0
2014-03-15,Kalutara,22.0
2014-03-22,Kalutara,18.0
2014-03-29,Kalutara,18.0
2014-04-05,Kalutara,12.0
2014-04-12,Kalutara,9.0
2014-04-19,Kalutara,47.0
2014-04-26,Kalutara,21.0
2014-05-03,Kalutara,21.0
2014-05-10,Kalutara,25.0
2014-05-17,Kalutara,37.0
2014-05-24,Kalutara,101.0
2014-05-31,Kalutara,37.0
2014-06-07,Kalutara,70.0
2014-06-14,Kalutara,101.0
2014-06-21,Kalutara,97.0
2014-06-28,Kalutara,93.0
2014-07-05,Kalutara,78.0
2014-07-12,Kalutara,84.0
2014-07-19,Kalutara,66.0
2014-07-26,Kalutara,42.0
2014-08-02,Kalutara,53.0
2014-08-09,Kalutara,38.0
2014-08-16,Kalutara,43.0
2014-08-23,Kalutara,42.0
2014-08-30,Kalutara,37.0
2014-09-06,Kalutara,30.0
2014-09-13,Kalutara,29.0
2014-09-20,Kalutara,34.0
2014-09-27,Kalutara,27.0
2014-10-04,Kalutara,29.0
2014-10-11,Kalutara,36.0
2014-10-18,Kalutara,32.0
2014-10-25,Kalutara,23.0
2014-11-01,Kalutara,46.0
2014-11-08,Kalutara,40.0
2014-11-15,Kalutara,39.0
2014-11-22,Kalutara,40.0
2014-11-29,Kalutara,36.0
2014-12-06,Kalutara,60.0
2014-12-13,Kalutara,39.0
2014-12-20,Kalutara,31.0
2015-01-03,Kalutara,33.0
2015-01-10,Kalutara,47.0
2015-01-17,Kalutara,64.0
2015-01-24,Kalutara,29.0
2015-01-31,Kalutara,38.0
2015-02-07,Kalutara,28.0
2015-02-14,Kalutara,37.0
2015-02-21,Kalutara,41.0
2015-02-28,Kalutara,26.0
2015-03-07,Kalutara,39.0
2015-03-14,Kalutara,16.0
2015-03-21,Kalutara,17.0
2015-03-28,Kalutara,11.0
2015-04-04,Kalutara,12.0
2015-04-11,Kalutara,11.0
2015-04-18,Kalutara,19.0
2015-04-25,Kalutara,11.0
2015-05-02,Kalutara,28.0
2015-05-09,Kalutara,19.0
2015-05-16,Kalutara,7.0
2015-05-23,Kalutara,12.0
2015-05-30,Kalutara,17.0
2015-06-06,Kalutara,11.0
2015-06-13,Kalutara,21.0
2015-06-20,Kalutara,13.0
2015-06-27,Kalutara,10.0
2015-07-04,Kalutara,27.0
2015-07-11,Kalutara,22.0
2015-07-25,Kalutara,21.0
2015-08-01,Kalutara,23.0
2015-08-08,Kalutara,15.0
2015-08-15,Kalutara,18.0
2015-08-22,Kalutara,19.0
2015-08-29,Kalutara,24.0
2015-09-05,Kalutara,10.0
2015-09-12,Kalutara,9.0
2015-09-19,Kalutara,9.0
2015-09-26,Kalutara,13.0
2015-10-03,Kalutara,13.0
2015-10-10,Kalutara,18.0
2015-10-17,Kalutara,14.0
2015-10-24,Kalutara,50.0
2015-10-31,Kalutara,32.0
2015-11-07,Kalutara,36.0
2015-11-14,Kalutara,24.0
2015-11-21,Kalutara,38.0
2015-11-28,Kalutara,27.0
2015-12-05,Kalutara,39.0
2015-12-12,Kalutara,33.0
2015-12-19,Kalutara,20.0
2015-12-26,Kalutara,37.0
2016-01-16,Kalutara,59.0
2016-01-23,Kalutara,48.0
2016-01-30,Kalutara,60.0
2016-02-06,Kalutara,75.0
2016-02-13,Kalutara,58.0
2016-02-20,Kalutara,45.0
2016-02-27,Kalutara,50.0
2016-03-05,Kalutara,27.0
2016-03-12,Kalutara,45.0
2016-03-19,Kalutara,21.0
2016-03-26,Kalutara,23.0
2016-04-02,Kalutara,11.0
2016-04-09,Kalutara,11.0
2016-04-16,Kalutara,54.0
2016-04-23,Kalutara,38.0
2016-04-30,Kalutara,8.0
2016-05-07,Kalutara,1.0
2016-05-14,Kalutara,31.0
2016-05-21,Kalutara,6.0
2016-05-28,Kalutara,19.0
2016-06-04,Kalutara,0.0
2016-06-11,Kalutara,0.0
2016-06-18,Kalutara,0.0
2016-06-25,Kalutara,5.0
2016-07-02,Kalutara,102.0
2016-07-09,Kalutara,49.0
2016-07-16,Kalutara,111.0
2016-07-23,Kalutara,57.0
2016-07-30,Kalutara,83.0
2016-08-06,Kalutara,44.0
2016-08-20,Kalutara,15.0
2016-08-27,Kalutara,28.0
2016-09-03,Kalutara,23.0
2016-09-10,Kalutara,35.0
2016-09-17,Kalutara,31.0
2016-09-24,Kalutara,27.0
2016-10-01,Kalutara,26.0
2016-10-08,Kalutara,26.0
2016-10-15,Kalutara,20.0
2016-10-22,Kalutara,20.0
2016-10-29,Kalutara,23.0
2016-11-05,Kalutara,20.0
2016-11-12,Kalutara,9.0
2016-11-19,Kalutara,13.0
2016-11-26,Kalutara,28.0
2016-12-03,Kalutara,45.0
2016-12-10,Kalutara,40.0
2016-12-17,Kalutara,77.0
2016-12-24,Kalutara,88.0
2016-12-31,Kalutara,38.0
2017-01-07,Kalutara,91.0
2017-01-14,Kalutara,132.0
2017-01-21,Kalutara,63.0
2017-01-28,Kalutara,50.0
2017-02-04,Kalutara,72.0
2017-02-11,Kalutara,55.0
2017-02-18,Kalutara,40.0
2017-02-25,Kalutara,108.0
2017-03-04,Kalutara,74.0
2017-03-11,Kalutara,209.0
2017-03-18,Kalutara,176.0
2017-03-25,Kalutara,163.0
2017-04-01,Kalutara,186.0
2017-04-08,Kalutara,152.0
2017-04-15,Kalutara,213.0
2017-04-22,Kalutara,188.0
2017-04-29,Kalutara,242.0
2017-05-06,Kalutara,208.0
2017-05-13,Kalutara,282.0
2017-05-17,Kalutara,344.0
2017-05-20,Kalutara,214.0
2017-05-27,Kalutara,158.0
2017-06-03,Kalutara,238.0
2017-06-10,Kalutara,219.0
2017-06-24,Kalutara,289.0
2017-07-01,Kalutara,598.0
2017-07-08,Kalutara,703.0
2017-07-15,Kalutara,660.0
2017-07-22,Kalutara,616.0
2017-07-29,Kalutara,562.0
2017-08-05,Kalutara,310.0
2017-08-12,Kalutara,295.0
2017-08-19,Kalutara,223.0
2017-08-26,Kalutara,158.0
2017-09-02,Kalutara,73.0
2017-09-09,Kalutara,170.0
2017-09-16,Kalutara,63.0
2017-09-23,Kalutara,90.0
2017-09-30,Kalutara,67.0
2017-10-07,Kalutara,91.0
2017-10-14,Kalutara,80.0
2017-10-21,Kalutara,99.0
2017-10-28,Kalutara,94.0
2017-11-04,Kalutara,134.0
2017-11-11,Kalutara,141.0
2017-11-18,Kalutara,159.0
2017-11-25,Kalutara,64.0
2017-12-02,Kalutara,141.0
2017-12-09,Kalutara,125.0
2017-12-16,Kalutara,105.0
2017-12-23,Kalutara,101.0
2017-12-30,Kalutara,124.0
2018-01-06,Kalutara,120.0
2018-01-13,Kalutara,87.0
2018-01-20,Kalutara,102.0
2018-01-27,Kalutara,103.0
2018-02-03,Kalutara,88.0
2018-02-10,Kalutara,67.0
2018-02-17,Kalutara,56.0
2018-02-24,Kalutara,86.0
2018-03-03,Kalutara,70.0
2018-03-10,Kalutara,50.0
2018-03-17,Kalutara,73.0
2018-03-24,Kalutara,26.0
2018-03-31,Kalutara,29.0
2018-04-07,Kalutara,16.0
2018-04-14,Kalutara,39.0
2018-04-21,Kalutara,52.0
2018-04-28,Kalutara,35.0
2018-05-05,Kalutara,35.0
2018-05-12,Kalutara,44.0
2018-05-19,Kalutara,55.0
2018-05-26,Kalutara,49.0
2018-06-02,Kalutara,93.0
2018-06-09,Kalutara,59.0
2018-06-16,Kalutara,33.0
2018-06-23,Kalutara,93.0
2018-06-30,Kalutara,126.0
2018-07-07,Kalutara,123.0
2018-07-14,Kalutara,85.0
2018-07-21,Kalutara,88.0
2018-07-28,Kalutara,51.0
2018-08-04,Kalutara,51.0
2018-08-11,Kalutara,50.0
2018-08-18,Kalutara,46.0
2018-08-25,Kalutara,64.0
2018-09-01,Kalutara,37.0
2018-09-08,Kalutara,28.0
2018-09-15,Kalutara,22.0
2018-09-22,Kalutara,32.0
2018-09-29,Kalutara,28.0
2018-10-06,Kalutara,26.0
2018-10-13,Kalutara,16.0
2018-10-20,Kalutara,17.0
2018-10-27,Kalutara,31.0
2018-11-03,Kalutara,44.0
2018-11-10,Kalutara,53.0
2018-11-17,Kalutara,45.0
2018-11-24,Kalutara,60.0
2018-12-01,Kalutara,89.0
2018-12-08,Kalutara,83.0
2018-12-15,Kalutara,76.0
2018-12-22,Kalutara,102.0
2018-12-29,Kalutara,110.0
2019-01-05,Kalutara,93.0
2019-01-12,Kalutara,78.0
2019-01-19,Kalutara,70.0
2019-01-26,Kalutara,98.0
2019-02-02,Kalutara,31.0
2019-02-09,Kalutara,42.0
2019-02-16,Kalutara,40.0
2019-03-02,Kalutara,42.0
2019-03-09,Kalutara,35.0
2019-03-16,Kalutara,43.0
2019-03-23,Kalutara,49.0
2019-03-30,Kalutara,38.0
2019-04-06,Kalutara,42.0
2019-04-13,Kalutara,35.0
2019-04-20,Kalutara,70.0
2019-04-27,Kalutara,52.0
2019-05-04,Kalutara,73.0
2019-05-11,Kalutara,54.0
2019-05-18,Kalutara,63.0
2019-05-25,Kalutara,92.0
2019-06-01,Kalutara,99.0
2019-06-08,Kalutara,156.0
2019-06-15,Kalutara,129.0
2019-06-22,Kalutara,153.0
2019-06-29,Kalutara,26.0
2019-07-06,Kalutara,220.0
2019-07-13,Kalutara,198.0
2019-07-20,Kalutara,188.0
2019-07-27,Kalutara,196.0
2019-08-03,Kalutara,234.0
2019-08-10,Kalutara,138.0
2019-08-17,Kalutara,206.0
2019-08-24,Kalutara,147.0
2019-08-31,Kalutara,178.0
2019-09-07,Kalutara,151.0
2019-09-14,Kalutara,190.0
2019-09-21,Kalutara,214.0
2019-09-28,Kalutara,178.0
2019-10-05,Kalutara,215.0
2019-10-12,Kalutara,265.0
2019-10-19,Kalutara,224.0
2019-10-26,Kalutara,304.0
2019-11-02,Kalutara,279.0
2019-11-09,Kalutara,264.0
2019-11-16,Kalutara,230.0
2019-11-23,Kalutara,239.0
2019-11-30,Kalutara,165.0
2019-12-07,Kalutara,147.0
2019-12-14,Kalutara,166.0
2019-12-21,Kalutara,193.0
2019-12-28,Kalutara,168.0
2020-01-01,Kalutara,94.0
2020-01-04,Kalutara,155.0
2020-01-11,Kalutara,107.0
2020-01-18,Kalutara,98.0
2020-01-25,Kalutara,72.0
2020-02-08,Kalutara,66.0
2020-02-15,Kalutara,55.0
2020-02-22,Kalutara,58.0
2020-02-29,Kalutara,35.0
2020-03-07,Kalutara,32.0
2020-03-14,Kalutara,20.0
2020-03-21,Kalutara,9.0
2020-03-28,Kalutara,15.0
2020-04-04,Kalutara,10.0
2020-04-11,Kalutara,8.0
2020-04-18,Kalutara,13.0
2020-04-25,Kalutara,8.0
2020-05-02,Kalutara,12.0
2020-05-09,Kalutara,8.0
2020-05-16,Kalutara,36.0
2020-05-23,Kalutara,37.0
2020-05-30,Kalutara,53.0
2020-06-06,Kalutara,56.0
2020-06-13,Kalutara,64.0
2020-06-20,Kalutara,77.0
2020-06-27,Kalutara,49.0
2020-07-04,Kalutara,41.0
2020-07-11,Kalutara,30.0
2020-07-18,Kalutara,22.0
2020-07-25,Kalutara,28.0
2020-08-01,Kalutara,14.0
2020-08-08,Kalutara,23.0
2020-08-15,Kalutara,28.0
2020-08-22,Kalutara,23.0
2020-08-29,Kalutara,18.0
2020-09-05,Kalutara,25.0
2020-09-11,Kalutara,13.0
2020-09-19,Kalutara,17.0
2020-09-26,Kalutara,10.0
2020-10-03,Kalutara,8.0
2020-10-10,Kalutara,11.0
2020-10-17,Kalutara,5.0
2020-10-24,Kalutara,2.0
2020-10-31,Kalutara,5.0
2020-11-07,Kalutara,4.0
2020-11-14,Kalutara,11.0
2020-11-28,Kalutara,10.0
2020-12-05,Kalutara,20.0
2020-12-12,Kalutara,13.0
2020-12-19,Kalutara,6.0
2020-12-21,Kalutara,13.0
2020-12-26,Kalutara,18.0
2021-01-02,Kalutara,18.0
2021-01-09,Kalutara,17.0
2021-01-16,Kalutara,17.0
2021-01-23,Kalutara,12.0
2021-01-30,Kalutara,10.0
2021-02-06,Kalutara,25.0
2021-02-13,Kalutara,15.0
2021-02-20,Kalutara,14.0
2021-02-27,Kalutara,20.0
2021-03-06,Kalutara,25.0
2021-03-13,Kalutara,49.0
2021-03-20,Kalutara,28.0
2021-03-27,Kalutara,32.0
2021-04-03,Kalutara,22.0
2021-04-10,Kalutara,21.0
2021-04-17,Kalutara,46.0
2021-04-24,Kalutara,27.0
2021-05-01,Kalutara,14.0
2021-05-08,Kalutara,18.0
2021-05-15,Kalutara,20.0
2021-05-22,Kalutara,11.0
2021-05-29,Kalutara,25.0
2021-06-05,Kalutara,22.0
2021-06-12,Kalutara,26.0
2021-06-19,Kalutara,39.0
2021-06-26,Kalutara,51.0
2021-07-03,Kalutara,55.0
2021-07-10,Kalutara,42.0
2021-07-17,Kalutara,69.0
2021-07-24,Kalutara,73.0
2021-07-31,Kalutara,34.0
2021-08-07,Kalutara,16.0
2021-08-14,Kalutara,10.0
2021-08-21,Kalutara,23.0
2021-08-28,Kalutara,10.0
2021-09-04,Kalutara,15.0
2021-09-11,Kalutara,29.0
2021-09-18,Kalutara,30.0
2021-10-02,Kalutara,30.0
2021-10-16,Kalutara,36.0
2021-10-23,Kalutara,38.0
2021-10-30,Kalutara,29.0
2021-11-06,Kalutara,43.0
2021-11-13,Kalutara,41.0
2021-11-20,Kalutara,39.0
2021-11-27,Kalutara,76.0
2021-12-04,Kalutara,93.0
2021-12-11,Kalutara,20.0
2021-12-18,Kalutara,20.0
2021-12-25,Kalutara,20.0
2021-12-31,Kalutara,80.0
2022-01-01,Kalutara,10.0
2022-01-08,Kalutara,75.0
2022-01-15,Kalutara,88.0
2022-01-22,Kalutara,64.0
2022-01-29,Kalutara,56.0
2022-02-05,Kalutara,25.0
2022-02-12,Kalutara,36.0
2022-02-19,Kalutara,44.0
2022-02-26,Kalutara,59.0
2022-03-05,Kalutara,36.0
2022-03-12,Kalutara,45.0
2022-03-19,Kalutara,64.0
2022-03-26,Kalutara,38.0
2022-04-02,Kalutara,53.0
2022-04-09,Kalutara,29.0
2022-04-16,Kalutara,92.0
2022-04-23,Kalutara,91.0
2022-04-30,Kalutara,93.0
2022-05-07,Kalutara,73.0
2022-05-14,Kalutara,13.0
2022-05-21,Kalutara,97.0
2022-05-28,Kalutara,97.0
2022-06-04,Kalutara,83.0
2022-06-11,Kalutara,11.0
2022-06-18,Kalutara,14.0
2022-06-25,Kalutara,13.0
2022-07-02,Kalutara,11.0
2022-07-09,Kalutara,35.0
2022-07-16,Kalutara,13.0
2022-07-23,Kalutara,17.0
2022-07-30,Kalutara,93.0
2022-08-06,Kalutara,66.0
2022-08-13,Kalutara,81.0
2022-08-20,Kalutara,74.0
2022-08-27,Kalutara,13.0
2022-09-03,Kalutara,32.0
2022-09-10,Kalutara,23.0
2022-09-17,Kalutara,39.0
2022-09-24,Kalutara,30.0
2022-10-01,Kalutara,50.0
2022-10-08,Kalutara,43.0
2022-10-15,Kalutara,44.0
2022-10-29,Kalutara,18.0
2022-11-05,Kalutara,27.0
2022-11-12,Kalutara,48.0
2022-11-19,Kalutara,61.0
2022-11-26,Kalutara,29.0
2022-12-03,Kalutara,16.0
2022-12-10,Kalutara,48.0
2022-12-17,Kalutara,64.0
2022-12-24,Kalutara,74.0
2023-01-07,Kalutara,86.0
2023-01-14,Kalutara,81.0
2023-01-21,Kalutara,94.0
2023-01-28,Kalutara,105.0
2023-02-04,Kalutara,84.0
2023-02-11,Kalutara,46.0
2023-02-18,Kalutara,28.0
2023-02-25,Kalutara,62.0
2023-03-04,Kalutara,47.0
2023-03-11,Kalutara,49.0
2023-03-18,Kalutara,28.0
2023-03-25,Kalutara,54.0
2023-04-01,Kalutara,48.0
2023-04-08,Kalutara,95.0
2023-04-15,Kalutara,124.0
2023-04-22,Kalutara,90.0
2023-04-29,Kalutara,96.0
2023-05-06,Kalutara,99.0
2023-05-13,Kalutara,90.0
2023-05-20,Kalutara,165.0
2023-05-27,Kalutara,239.0
2023-06-03,Kalutara,192.0
2023-06-10,Kalutara,190.0
2023-06-17,Kalutara,161.0
2023-06-24,Kalutara,129.0
2023-07-01,Kalutara,99.0
2023-07-08,Kalutara,128.0
2023-07-15,Kalutara,84.0
2023-07-22,Kalutara,95.0
2023-07-29,Kalutara,80.0
2023-08-05,Kalutara,98.0
2023-08-12,Kalutara,87.0
2023-08-19,Kalutara,102.0
2023-08-26,Kalutara,72.0
2023-08-31,Kalutara,44.0
2023-09-02,Kalutara,70.0
2023-09-09,Kalutara,57.0
2023-09-16,Kalutara,58.0
2023-09-23,Kalutara,34.0
2023-10-07,Kalutara,193.0
2023-10-14,Kalutara,47.0
2023-10-21,Kalutara,345.0
2023-10-28,Kalutara,52.0
2023-11-04,Kalutara,35.0
2023-11-11,Kalutara,0.0
2023-11-18,Kalutara,1.0
2023-11-25,Kalutara,34.0
2023-12-02,Kalutara,85.0
2023-12-09,Kalutara,104.0
2023-12-16,Kalutara,693.0
2023-12-23,Kalutara,89.0
2023-12-27,Kalutara,118.0
2023-12-30,Kalutara,77.0
2024-01-06,Kalutara,103.0
2024-01-13,Kalutara,210.0
2024-01-20,Kalutara,96.0
2024-02-03,Kalutara,113.0
2024-02-10,Kalutara,81.0
2024-02-17,Kalutara,77.0
2024-02-24,Kalutara,54.0
2013-05-15,Kandy,54.0
2013-06-22,Kandy,33.0
2013-06-29,Kandy,60.0
2013-07-13,Kandy,39.0
2013-07-20,Kandy,43.0
2013-07-27,Kandy,34.0
2013-08-03,Kandy,42.0
2013-08-10,Kandy,45.0
2013-08-17,Kandy,36.0
2013-08-24,Kandy,24.0
2013-08-31,Kandy,30.0
2013-09-07,Kandy,25.0
2013-09-14,Kandy,20.0
2013-09-21,Kandy,16.0
2013-09-28,Kandy,18.0
2013-10-05,Kandy,7.0
2013-10-12,Kandy,11.0
2013-10-19,Kandy,17.0
2013-10-26,Kandy,9.0
2013-11-02,Kandy,25.0
2013-11-09,Kandy,16.0
2013-11-16,Kandy,17.0
2013-11-23,Kandy,12.0
2013-11-30,Kandy,9.0
2013-12-07,Kandy,28.0
2013-12-14,Kandy,18.0
2013-12-21,Kandy,22.0
2013-12-27,Kandy,37.0
2013-12-28,Kandy,16.0
2014-01-02,Kandy,35.0
2014-01-04,Kandy,19.0
2014-01-09,Kandy,50.0
2014-01-11,Kandy,9.0
2014-01-18,Kandy,13.0
2014-02-01,Kandy,7.0
2014-02-08,Kandy,13.0
2014-02-15,Kandy,10.0
2014-02-22,Kandy,8.0
2014-03-01,Kandy,4.0
2014-03-08,Kandy,13.0
2014-03-15,Kandy,9.0
2014-03-22,Kandy,9.0
2014-03-29,Kandy,8.0
2014-04-05,Kandy,6.0
2014-04-12,Kandy,3.0
2014-04-19,Kandy,17.0
2014-04-26,Kandy,11.0
2014-05-03,Kandy,5.0
2014-05-10,Kandy,4.0
2014-05-17,Kandy,34.0
2014-05-24,Kandy,44.0
2014-05-31,Kandy,42.0
2014-06-07,Kandy,35.0
2014-06-14,Kandy,75.0
2014-06-21,Kandy,39.0
2014-06-28,Kandy,37.0
2014-07-05,Kandy,49.0
2014-07-12,Kandy,63.0
2014-07-19,Kandy,48.0
2014-07-26,Kandy,36.0
2014-08-02,Kandy,55.0
2014-08-09,Kandy,50.0
2014-08-16,Kandy,48.0
2014-08-23,Kandy,54.0
2014-08-30,Kandy,40.0
2014-09-06,Kandy,46.0
2014-09-13,Kandy,36.0
2014-09-20,Kandy,40.0
2014-09-27,Kandy,39.0
2014-10-04,Kandy,48.0
2014-10-11,Kandy,60.0
2014-10-18,Kandy,68.0
2014-10-25,Kandy,48.0
2014-11-01,Kandy,72.0
2014-11-08,Kandy,114.0
2014-11-15,Kandy,118.0
2014-11-22,Kandy,60.0
2014-11-29,Kandy,114.0
2014-12-06,Kandy,73.0
2014-12-13,Kandy,60.0
2014-12-20,Kandy,94.0
2015-01-03,Kandy,20.0
2015-01-10,Kandy,43.0
2015-01-17,Kandy,65.0
2015-01-24,Kandy,42.0
2015-01-31,Kandy,28.0
2015-02-07,Kandy,52.0
2015-02-14,Kandy,21.0
2015-02-21,Kandy,5.0
2015-02-28,Kandy,6.0
2015-03-07,Kandy,1.0
2015-03-14,Kandy,5.0
2015-03-21,Kandy,2.0
2015-03-28,Kandy,7.0
2015-04-04,Kandy,0.0
2015-04-11,Kandy,12.0
2015-04-18,Kandy,6.0
2015-04-25,Kandy,13.0
2015-05-02,Kandy,15.0
2015-05-09,Kandy,12.0
2015-05-16,Kandy,8.0
2015-05-23,Kandy,17.0
2015-05-30,Kandy,18.0
2015-06-06,Kandy,19.0
2015-06-13,Kandy,17.0
2015-06-20,Kandy,12.0
2015-06-27,Kandy,8.0
2015-07-04,Kandy,9.0
2015-07-11,Kandy,15.0
2015-07-25,Kandy,16.0
2015-08-01,Kandy,15.0
2015-08-08,Kandy,7.0
2015-08-15,Kandy,6.0
2015-08-22,Kandy,13.0
2015-08-29,Kandy,11.0
2015-09-05,Kandy,16.0
2015-09-12,Kandy,11.0
2015-09-19,Kandy,21.0
2015-09-26,Kandy,27.0
2015-10-03,Kandy,16.0
2015-10-10,Kandy,39.0
2015-10-17,Kandy,21.0
2015-10-24,Kandy,42.0
2015-10-31,Kandy,25.0
2015-11-07,Kandy,19.0
2015-11-14,Kandy,42.0
2015-11-21,Kandy,25.0
2015-11-28,Kandy,44.0
2015-12-05,Kandy,48.0
2015-12-12,Kandy,17.0
2015-12-19,Kandy,32.0
2015-12-26,Kandy,71.0
2016-01-16,Kandy,64.0
2016-01-23,Kandy,62.0
2016-01-30,Kandy,51.0
2016-02-06,Kandy,50.0
2016-02-13,Kandy,23.0
2016-02-20,Kandy,38.0
2016-02-27,Kandy,38.0
2016-03-05,Kandy,29.0
2016-03-12,Kandy,6.0
2016-03-19,Kandy,9.0
2016-03-26,Kandy,18.0
2016-04-02,Kandy,13.0
2016-04-09,Kandy,7.0
2016-04-16,Kandy,21.0
2016-04-23,Kandy,26.0
2016-04-30,Kandy,33.0
2016-05-07,Kandy,38.0
2016-05-14,Kandy,27.0
2016-05-21,Kandy,34.0
2016-05-28,Kandy,55.0
2016-06-04,Kandy,1.0
2016-06-11,Kandy,92.0
2016-06-18,Kandy,152.0
2016-06-25,Kandy,172.0
2016-07-02,Kandy,139.0
2016-07-09,Kandy,283.0
2016-07-16,Kandy,160.0
2016-07-23,Kandy,204.0
2016-07-30,Kandy,146.0
2016-08-06,Kandy,127.0
2016-08-20,Kandy,85.0
2016-08-27,Kandy,89.0
2016-09-03,Kandy,49.0
2016-09-10,Kandy,56.0
2016-09-17,Kandy,43.0
2016-09-24,Kandy,51.0
2016-10-01,Kandy,27.0
2016-10-08,Kandy,35.0
2016-10-15,Kandy,23.0
2016-10-22,Kandy,34.0
2016-10-29,Kandy,42.0
2016-11-05,Kandy,15.0
2016-11-12,Kandy,16.0
2016-11-19,Kandy,22.0
2016-11-26,Kandy,32.0
2016-12-03,Kandy,22.0
2016-12-10,Kandy,43.0
2016-12-17,Kandy,67.0
2016-12-24,Kandy,66.0
2016-12-31,Kandy,43.0
2017-01-07,Kandy,69.0
2017-01-14,Kandy,74.0
2017-01-21,Kandy,49.0
2017-01-28,Kandy,25.0
2017-02-04,Kandy,60.0
2017-02-11,Kandy,51.0
2017-02-18,Kandy,28.0
2017-02-25,Kandy,71.0
2017-03-04,Kandy,69.0
2017-03-11,Kandy,82.0
2017-03-18,Kandy,66.0
2017-03-25,Kandy,46.0
2017-04-01,Kandy,66.0
2017-04-08,Kandy,41.0
2017-04-15,Kandy,208.0
2017-04-22,Kandy,130.0
2017-04-29,Kandy,162.0
2017-05-06,Kandy,191.0
2017-05-13,Kandy,250.0
2017-05-17,Kandy,652.0
2017-05-20,Kandy,261.0
2017-05-27,Kandy,288.0
2017-06-03,Kandy,344.0
2017-06-10,Kandy,426.0
2017-06-24,Kandy,585.0
2017-07-01,Kandy,1002.0
2017-07-08,Kandy,869.0
2017-07-15,Kandy,922.0
2017-07-22,Kandy,1062.0
2017-07-29,Kandy,687.0
2017-08-05,Kandy,670.0
2017-08-12,Kandy,518.0
2017-08-19,Kandy,344.0
2017-08-26,Kandy,252.0
2017-09-02,Kandy,179.0
2017-09-09,Kandy,206.0
2017-09-16,Kandy,198.0
2017-09-23,Kandy,182.0
2017-09-30,Kandy,183.0
2017-10-07,Kandy,239.0
2017-10-14,Kandy,203.0
2017-10-21,Kandy,196.0
2017-10-28,Kandy,183.0
2017-11-04,Kandy,280.0
2017-11-11,Kandy,220.0
2017-11-18,Kandy,201.0
2017-11-25,Kandy,204.0
2017-12-02,Kandy,222.0
2017-12-09,Kandy,224.0
2017-12-16,Kandy,180.0
2017-12-23,Kandy,127.0
2017-12-30,Kandy,157.0
2018-01-06,Kandy,114.0
2018-01-13,Kandy,97.0
2018-01-20,Kandy,113.0
2018-01-27,Kandy,82.0
2018-02-03,Kandy,73.0
2018-02-10,Kandy,67.0
2018-02-17,Kandy,49.0
2018-02-24,Kandy,35.0
2018-03-03,Kandy,29.0
2018-03-10,Kandy,35.0
2018-03-17,Kandy,30.0
2018-03-24,Kandy,52.0
2018-03-31,Kandy,37.0
2018-04-07,Kandy,33.0
2018-04-14,Kandy,34.0
2018-04-21,Kandy,36.0
2018-04-28,Kandy,62.0
2018-05-05,Kandy,63.0
2018-05-12,Kandy,80.0
2018-05-19,Kandy,91.0
2018-05-26,Kandy,74.0
2018-06-02,Kandy,94.0
2018-06-09,Kandy,85.0
2018-06-16,Kandy,65.0
2018-06-23,Kandy,93.0
2018-06-30,Kandy,140.0
2018-07-07,Kandy,119.0
2018-07-14,Kandy,151.0
2018-07-21,Kandy,84.0
2018-07-28,Kandy,120.0
2018-08-04,Kandy,93.0
2018-08-11,Kandy,76.0
2018-08-18,Kandy,50.0
2018-08-25,Kandy,54.0
2018-09-01,Kandy,96.0
2018-09-08,Kandy,73.0
2018-09-15,Kandy,53.0
2018-09-22,Kandy,51.0
2018-09-29,Kandy,41.0
2018-10-06,Kandy,48.0
2018-10-13,Kandy,52.0
2018-10-20,Kandy,52.0
2018-10-27,Kandy,83.0
2018-11-03,Kandy,73.0
2018-11-10,Kandy,89.0
2018-11-17,Kandy,64.0
2018-11-24,Kandy,51.0
2018-12-01,Kandy,120.0
2018-12-08,Kandy,75.0
2018-12-15,Kandy,90.0
2018-12-22,Kandy,54.0
2018-12-29,Kandy,53.0
2019-01-05,Kandy,96.0
2019-01-12,Kandy,70.0
2019-01-19,Kandy,69.0
2019-01-26,Kandy,109.0
2019-02-02,Kandy,54.0
2019-02-09,Kandy,58.0
2019-02-16,Kandy,47.0
2019-03-02,Kandy,53.0
2019-03-09,Kandy,52.0
2019-03-16,Kandy,35.0
2019-03-23,Kandy,50.0
2019-03-30,Kandy,35.0
2019-04-06,Kandy,51.0
2019-04-13,Kandy,45.0
2019-04-20,Kandy,61.0
2019-04-27,Kandy,63.0
2019-05-04,Kandy,70.0
2019-05-11,Kandy,45.0
2019-05-18,Kandy,60.0
2019-05-25,Kandy,58.0
2019-06-01,Kandy,64.0
2019-06-08,Kandy,71.0
2019-06-15,Kandy,62.0
2019-06-22,Kandy,81.0
2019-06-29,Kandy,83.0
2019-07-06,Kandy,141.0
2019-07-13,Kandy,138.0
2019-07-20,Kandy,134.0
2019-07-27,Kandy,154.0
2019-08-03,Kandy,134.0
2019-08-10,Kandy,87.0
2019-08-17,Kandy,148.0
2019-08-24,Kandy,154.0
2019-08-31,Kandy,139.0
2019-09-07,Kandy,141.0
2019-09-14,Kandy,258.0
2019-09-21,Kandy,246.0
2019-09-28,Kandy,331.0
2019-10-05,Kandy,316.0
2019-10-12,Kandy,383.0
2019-10-19,Kandy,472.0
2019-10-26,Kandy,479.0
2019-11-02,Kandy,541.0
2019-11-09,Kandy,448.0
2019-11-16,Kandy,476.0
2019-11-23,Kandy,500.0
2019-11-30,Kandy,409.0
2019-12-07,Kandy,324.0
2019-12-14,Kandy,288.0
2019-12-21,Kandy,273.0
2019-12-28,Kandy,199.0
2020-01-01,Kandy,104.0
2020-01-04,Kandy,224.0
2020-01-11,Kandy,174.0
2020-01-18,Kandy,154.0
2020-01-25,Kandy,122.0
2020-02-08,Kandy,73.0
2020-02-15,Kandy,62.0
2020-02-22,Kandy,51.0
2020-02-29,Kandy,26.0
2020-03-07,Kandy,41.0
2020-03-14,Kandy,21.0
2020-03-21,Kandy,19.0
2020-03-28,Kandy,6.0
2020-04-04,Kandy,2.0
2020-04-11,Kandy,14.0
2020-04-18,Kandy,14.0
2020-04-25,Kandy,10.0
2020-05-02,Kandy,44.0
2020-05-09,Kandy,32.0
2020-05-16,Kandy,51.0
2020-05-23,Kandy,78.0
2020-05-30,Kandy,65.0
2020-06-06,Kandy,113.0
2020-06-13,Kandy,121.0
2020-06-20,Kandy,150.0
2020-06-27,Kandy,130.0
2020-07-04,Kandy,128.0
2020-07-11,Kandy,149.0
2020-07-18,Kandy,87.0
2020-07-25,Kandy,97.0
2020-08-01,Kandy,105.0
2020-08-08,Kandy,101.0
2020-08-15,Kandy,98.0
2020-08-22,Kandy,89.0
2020-08-29,Kandy,64.0
2020-09-05,Kandy,90.0
2020-09-11,Kandy,69.0
2020-09-19,Kandy,52.0
2020-09-26,Kandy,51.0
2020-10-03,Kandy,54.0
2020-10-10,Kandy,45.0
2020-10-17,Kandy,28.0
2020-10-24,Kandy,24.0
2020-10-31,Kandy,34.0
2020-11-07,Kandy,24.0
2020-11-14,Kandy,27.0
2020-11-28,Kandy,10.0
2020-12-05,Kandy,12.0
2020-12-12,Kandy,17.0
2020-12-19,Kandy,6.0
2020-12-21,Kandy,17.0
2020-12-26,Kandy,18.0
2021-01-02,Kandy,8.0
2021-01-09,Kandy,9.0
2021-01-16,Kandy,13.0
2021-01-23,Kandy,17.0
2021-01-30,Kandy,9.0
2021-02-06,Kandy,12.0
2021-02-13,Kandy,11.0
2021-02-20,Kandy,15.0
2021-02-27,Kandy,10.0
2021-03-06,Kandy,9.0
2021-03-13,Kandy,16.0
2021-03-20,Kandy,16.0
2021-03-27,Kandy,18.0
2021-04-03,Kandy,20.0
2021-04-10,Kandy,11.0
2021-04-17,Kandy,29.0
2021-04-24,Kandy,12.0
2021-05-01,Kandy,15.0
2021-05-08,Kandy,9.0
2021-05-15,Kandy,5.0
2021-05-22,Kandy,8.0
2021-05-29,Kandy,6.0
2021-06-05,Kandy,6.0
2021-06-12,Kandy,8.0
2021-06-19,Kandy,20.0
2021-06-26,Kandy,34.0
2021-07-03,Kandy,25.0
2021-07-10,Kandy,25.0
2021-07-17,Kandy,17.0
2021-07-24,Kandy,28.0
2021-07-31,Kandy,20.0
2021-08-07,Kandy,18.0
2021-08-14,Kandy,13.0
2021-08-21,Kandy,17.0
2021-08-28,Kandy,8.0
2021-09-04,Kandy,8.0
2021-09-11,Kandy,7.0
2021-09-18,Kandy,9.0
2021-10-02,Kandy,23.0
2021-10-16,Kandy,29.0
2021-10-23,Kandy,25.0
2021-10-30,Kandy,27.0
2021-11-06,Kandy,25.0
2021-11-13,Kandy,32.0
2021-11-20,Kandy,47.0
2021-11-27,Kandy,46.0
2021-12-04,Kandy,47.0
2021-12-11,Kandy,72.0
2021-12-18,Kandy,72.0
2021-12-25,Kandy,72.0
2021-12-31,Kandy,72.0
2022-01-01,Kandy,10.0
2022-01-08,Kandy,78.0
2022-01-15,Kandy,53.0
2022-01-22,Kandy,66.0
2022-01-29,Kandy,41.0
2022-02-05,Kandy,30.0
2022-02-12,Kandy,15.0
2022-02-19,Kandy,25.0
2022-02-26,Kandy,28.0
2022-03-05,Kandy,24.0
2022-03-12,Kandy,23.0
2022-03-19,Kandy,22.0
2022-03-26,Kandy,15.0
2022-04-02,Kandy,37.0
2022-04-09,Kandy,19.0
2022-04-16,Kandy,39.0
2022-04-23,Kandy,40.0
2022-04-30,Kandy,60.0
2022-05-07,Kandy,61.0
2022-05-14,Kandy,86.0
2022-05-21,Kandy,11.0
2022-05-28,Kandy,11.0
2022-06-04,Kandy,12.0
2022-06-11,Kandy,19.0
2022-06-18,Kandy,21.0
2022-06-25,Kandy,19.0
2022-07-02,Kandy,27.0
2022-07-09,Kandy,20.0
2022-07-16,Kandy,23.0
2022-07-23,Kandy,23.0
2022-07-30,Kandy,24.0
2022-08-06,Kandy,19.0
2022-08-13,Kandy,19.0
2022-08-20,Kandy,18.0
2022-08-27,Kandy,39.0
2022-09-03,Kandy,11.0
2022-09-10,Kandy,0.0
2022-09-17,Kandy,90.0
2022-09-24,Kandy,100.0
2022-10-01,Kandy,11.0
2022-10-08,Kandy,87.0
2022-10-15,Kandy,97.0
2022-10-29,Kandy,96.0
2022-11-05,Kandy,84.0
2022-11-12,Kandy,82.0
2022-11-19,Kandy,79.0
2022-11-26,Kandy,10.0
2022-12-03,Kandy,69.0
2022-12-10,Kandy,73.0
2022-12-17,Kandy,64.0
2022-12-24,Kandy,50.0
2023-01-07,Kandy,87.0
2023-01-14,Kandy,65.0
2023-01-21,Kandy,72.0
2023-01-28,Kandy,85.0
2023-02-04,Kandy,75.0
2023-02-11,Kandy,53.0
2023-02-18,Kandy,47.0
2023-02-25,Kandy,59.0
2023-03-04,Kandy,54.0
2023-03-11,Kandy,71.0
2023-03-18,Kandy,80.0
2023-03-25,Kandy,112.0
2023-04-01,Kandy,98.0
2023-04-08,Kandy,91.0
2023-04-15,Kandy,101.0
2023-04-22,Kandy,126.0
2023-04-29,Kandy,103.0
2023-05-06,Kandy,196.0
2023-05-13,Kandy,211.0
2023-05-20,Kandy,236.0
2023-05-27,Kandy,237.0
2023-06-03,Kandy,263.0
2023-06-10,Kandy,278.0
2023-06-17,Kandy,277.0
2023-06-24,Kandy,242.0
2023-07-01,Kandy,285.0
2023-07-08,Kandy,262.0
2023-07-15,Kandy,233.0
2023-07-22,Kandy,253.0
2023-07-29,Kandy,272.0
2023-08-05,Kandy,325.0
2023-08-12,Kandy,221.0
2023-08-19,Kandy,257.0
2023-08-26,Kandy,167.0
2023-08-31,Kandy,124.0
2023-09-02,Kandy,201.0
2023-09-09,Kandy,125.0
2023-09-16,Kandy,132.0
2023-09-23,Kandy,120.0
2023-10-07,Kandy,139.0
2023-10-14,Kandy,137.0
2023-10-21,Kandy,185.0
2023-10-28,Kandy,254.0
2023-11-04,Kandy,22.0
2023-11-11,Kandy,0.0
2023-11-18,Kandy,33.0
2023-11-25,Kandy,175.0
2023-12-02,Kandy,469.0
2023-12-09,Kandy,353.0
2023-12-16,Kandy,418.0
2023-12-23,Kandy,330.0
2023-12-27,Kandy,126.0
2023-12-30,Kandy,237.0
2024-01-06,Kandy,199.0
2024-01-13,Kandy,330.0
2024-01-20,Kandy,186.0
2024-02-03,Kandy,126.0
2024-02-10,Kandy,86.0
2024-02-17,Kandy,83.0
2024-02-24,Kandy,58.0
2013-05-15,Kegalle,22.0
2013-06-22,Kegalle,14.0
2013-06-29,Kegalle,30.0
2013-07-13,Kegalle,18.0
2013-07-20,Kegalle,17.0
2013-07-27,Kegalle,22.0
2013-08-03,Kegalle,25.0
2013-08-10,Kegalle,49.0
2013-08-17,Kegalle,16.0
2013-08-24,Kegalle,12.0
2013-08-31,Kegalle,15.0
2013-09-07,Kegalle,16.0
2013-09-14,Kegalle,9.0
2013-09-21,Kegalle,11.0
2013-09-28,Kegalle,8.0
2013-10-05,Kegalle,13.0
2013-10-12,Kegalle,16.0
2013-10-19,Kegalle,34.0
2013-10-26,Kegalle,17.0
2013-11-02,Kegalle,16.0
2013-11-09,Kegalle,19.0
2013-11-16,Kegalle,27.0
2013-11-23,Kegalle,20.0
2013-11-30,Kegalle,12.0
2013-12-07,Kegalle,24.0
2013-12-14,Kegalle,22.0
2013-12-21,Kegalle,18.0
2013-12-27,Kegalle,16.0
2013-12-28,Kegalle,18.0
2014-01-02,Kegalle,28.0
2014-01-04,Kegalle,21.0
2014-01-09,Kegalle,27.0
2014-01-11,Kegalle,9.0
2014-01-18,Kegalle,17.0
2014-02-01,Kegalle,10.0
2014-02-08,Kegalle,14.0
2014-02-15,Kegalle,15.0
2014-02-22,Kegalle,11.0
2014-03-01,Kegalle,9.0
2014-03-08,Kegalle,8.0
2014-03-15,Kegalle,12.0
2014-03-22,Kegalle,8.0
2014-03-29,Kegalle,7.0
2014-04-05,Kegalle,7.0
2014-04-12,Kegalle,3.0
2014-04-19,Kegalle,24.0
2014-04-26,Kegalle,17.0
2014-05-03,Kegalle,16.0
2014-05-10,Kegalle,22.0
2014-05-17,Kegalle,41.0
2014-05-24,Kegalle,54.0
2014-05-31,Kegalle,43.0
2014-06-07,Kegalle,70.0
2014-06-14,Kegalle,86.0
2014-06-21,Kegalle,56.0
2014-06-28,Kegalle,55.0
2014-07-05,Kegalle,52.0
2014-07-12,Kegalle,42.0
2014-07-19,Kegalle,37.0
2014-07-26,Kegalle,33.0
2014-08-02,Kegalle,55.0
2014-08-09,Kegalle,50.0
2014-08-16,Kegalle,34.0
2014-08-23,Kegalle,21.0
2014-08-30,Kegalle,5.0
2014-09-06,Kegalle,16.0
2014-09-13,Kegalle,21.0
2014-09-20,Kegalle,17.0
2014-09-27,Kegalle,10.0
2014-10-04,Kegalle,13.0
2014-10-11,Kegalle,12.0
2014-10-18,Kegalle,19.0
2014-10-25,Kegalle,40.0
2014-11-01,Kegalle,35.0
2014-11-08,Kegalle,15.0
2014-11-15,Kegalle,38.0
2014-11-22,Kegalle,17.0
2014-11-29,Kegalle,10.0
2014-12-06,Kegalle,15.0
2014-12-13,Kegalle,22.0
2014-12-20,Kegalle,19.0
2015-01-03,Kegalle,14.0
2015-01-10,Kegalle,17.0
2015-01-17,Kegalle,13.0
2015-01-24,Kegalle,13.0
2015-01-31,Kegalle,8.0
2015-02-07,Kegalle,13.0
2015-02-14,Kegalle,14.0
2015-02-21,Kegalle,6.0
2015-02-28,Kegalle,5.0
2015-03-07,Kegalle,9.0
2015-03-14,Kegalle,9.0
2015-03-21,Kegalle,7.0
2015-03-28,Kegalle,10.0
2015-04-04,Kegalle,4.0
2015-04-11,Kegalle,5.0
2015-04-18,Kegalle,8.0
2015-04-25,Kegalle,5.0
2015-05-02,Kegalle,14.0
2015-05-09,Kegalle,13.0
2015-05-16,Kegalle,6.0
2015-05-23,Kegalle,11.0
2015-05-30,Kegalle,5.0
2015-06-06,Kegalle,8.0
2015-06-13,Kegalle,10.0
2015-06-20,Kegalle,7.0
2015-06-27,Kegalle,14.0
2015-07-04,Kegalle,8.0
2015-07-11,Kegalle,7.0
2015-07-25,Kegalle,11.0
2015-08-01,Kegalle,8.0
2015-08-08,Kegalle,11.0
2015-08-15,Kegalle,10.0
2015-08-22,Kegalle,11.0
2015-08-29,Kegalle,4.0
2015-09-05,Kegalle,5.0
2015-09-12,Kegalle,7.0
2015-09-19,Kegalle,12.0
2015-09-26,Kegalle,12.0
2015-10-03,Kegalle,7.0
2015-10-10,Kegalle,6.0
2015-10-17,Kegalle,24.0
2015-10-24,Kegalle,9.0
2015-10-31,Kegalle,10.0
2015-11-07,Kegalle,24.0
2015-11-14,Kegalle,27.0
2015-11-21,Kegalle,13.0
2015-11-28,Kegalle,28.0
2015-12-05,Kegalle,21.0
2015-12-12,Kegalle,9.0
2015-12-19,Kegalle,10.0
2015-12-26,Kegalle,47.0
2016-01-16,Kegalle,33.0
2016-01-23,Kegalle,25.0
2016-01-30,Kegalle,36.0
2016-02-06,Kegalle,19.0
2016-02-13,Kegalle,34.0
2016-02-20,Kegalle,20.0
2016-02-27,Kegalle,17.0
2016-03-05,Kegalle,13.0
2016-03-12,Kegalle,22.0
2016-03-19,Kegalle,2.0
2016-03-26,Kegalle,5.0
2016-04-02,Kegalle,7.0
2016-04-09,Kegalle,5.0
2016-04-16,Kegalle,19.0
2016-04-23,Kegalle,22.0
2016-04-30,Kegalle,19.0
2016-05-07,Kegalle,16.0
2016-05-14,Kegalle,12.0
2016-05-21,Kegalle,41.0
2016-05-28,Kegalle,30.0
2016-06-04,Kegalle,0.0
2016-06-11,Kegalle,15.0
2016-06-18,Kegalle,40.0
2016-06-25,Kegalle,28.0
2016-07-02,Kegalle,35.0
2016-07-09,Kegalle,49.0
2016-07-16,Kegalle,26.0
2016-07-23,Kegalle,21.0
2016-07-30,Kegalle,53.0
2016-08-06,Kegalle,21.0
2016-08-20,Kegalle,17.0
2016-08-27,Kegalle,12.0
2016-09-03,Kegalle,8.0
2016-09-10,Kegalle,8.0
2016-09-17,Kegalle,20.0
2016-09-24,Kegalle,7.0
2016-10-01,Kegalle,23.0
2016-10-08,Kegalle,12.0
2016-10-15,Kegalle,13.0
2016-10-22,Kegalle,16.0
2016-10-29,Kegalle,19.0
2016-11-05,Kegalle,14.0
2016-11-12,Kegalle,6.0
2016-11-19,Kegalle,10.0
2016-11-26,Kegalle,11.0
2016-12-03,Kegalle,7.0
2016-12-10,Kegalle,0.0
2016-12-17,Kegalle,22.0
2016-12-24,Kegalle,34.0
2016-12-31,Kegalle,41.0
2017-01-07,Kegalle,20.0
2017-01-14,Kegalle,46.0
2017-01-21,Kegalle,40.0
2017-01-28,Kegalle,31.0
2017-02-04,Kegalle,33.0
2017-02-11,Kegalle,27.0
2017-02-18,Kegalle,20.0
2017-02-25,Kegalle,35.0
2017-03-04,Kegalle,48.0
2017-03-11,Kegalle,91.0
2017-03-18,Kegalle,120.0
2017-03-25,Kegalle,95.0
2017-04-01,Kegalle,99.0
2017-04-08,Kegalle,56.0
2017-04-15,Kegalle,203.0
2017-04-22,Kegalle,161.0
2017-04-29,Kegalle,190.0
2017-05-06,Kegalle,186.0
2017-05-13,Kegalle,451.0
2017-05-17,Kegalle,555.0
2017-05-20,Kegalle,334.0
2017-05-27,Kegalle,334.0
2017-06-03,Kegalle,369.0
2017-06-10,Kegalle,336.0
2017-06-24,Kegalle,314.0
2017-07-01,Kegalle,632.0
2017-07-08,Kegalle,671.0
2017-07-15,Kegalle,807.0
2017-07-22,Kegalle,441.0
2017-07-29,Kegalle,439.0
2017-08-05,Kegalle,431.0
2017-08-12,Kegalle,419.0
2017-08-19,Kegalle,395.0
2017-08-26,Kegalle,217.0
2017-09-02,Kegalle,198.0
2017-09-09,Kegalle,126.0
2017-09-16,Kegalle,102.0
2017-09-23,Kegalle,103.0
2017-09-30,Kegalle,93.0
2017-10-07,Kegalle,60.0
2017-10-14,Kegalle,48.0
2017-10-21,Kegalle,63.0
2017-10-28,Kegalle,56.0
2017-11-04,Kegalle,67.0
2017-11-11,Kegalle,59.0
2017-11-18,Kegalle,68.0
2017-11-25,Kegalle,35.0
2017-12-02,Kegalle,64.0
2017-12-09,Kegalle,74.0
2017-12-16,Kegalle,49.0
2017-12-23,Kegalle,47.0
2017-12-30,Kegalle,51.0
2018-01-06,Kegalle,28.0
2018-01-13,Kegalle,66.0
2018-01-20,Kegalle,43.0
2018-01-27,Kegalle,29.0
2018-02-03,Kegalle,37.0
2018-02-10,Kegalle,28.0
2018-02-17,Kegalle,20.0
2018-02-24,Kegalle,8.0
2018-03-03,Kegalle,29.0
2018-03-10,Kegalle,24.0
2018-03-17,Kegalle,21.0
2018-03-24,Kegalle,22.0
2018-03-31,Kegalle,17.0
2018-04-07,Kegalle,12.0
2018-04-14,Kegalle,17.0
2018-04-21,Kegalle,50.0
2018-04-28,Kegalle,22.0
2018-05-05,Kegalle,26.0
2018-05-12,Kegalle,30.0
2018-05-19,Kegalle,29.0
2018-05-26,Kegalle,40.0
2018-06-02,Kegalle,19.0
2018-06-09,Kegalle,16.0
2018-06-16,Kegalle,23.0
2018-06-23,Kegalle,34.0
2018-06-30,Kegalle,52.0
2018-07-07,Kegalle,55.0
2018-07-14,Kegalle,53.0
2018-07-21,Kegalle,40.0
2018-07-28,Kegalle,39.0
2018-08-04,Kegalle,47.0
2018-08-11,Kegalle,31.0
2018-08-18,Kegalle,22.0
2018-08-25,Kegalle,26.0
2018-09-01,Kegalle,22.0
2018-09-08,Kegalle,17.0
2018-09-15,Kegalle,9.0
2018-09-22,Kegalle,9.0
2018-09-29,Kegalle,9.0
2018-10-06,Kegalle,29.0
2018-10-13,Kegalle,19.0
2018-10-20,Kegalle,20.0
2018-10-27,Kegalle,12.0
2018-11-03,Kegalle,26.0
2018-11-10,Kegalle,37.0
2018-11-17,Kegalle,35.0
2018-11-24,Kegalle,47.0
2018-12-01,Kegalle,41.0
2018-12-08,Kegalle,24.0
2018-12-15,Kegalle,40.0
2018-12-22,Kegalle,32.0
2018-12-29,Kegalle,42.0
2019-01-05,Kegalle,31.0
2019-01-12,Kegalle,36.0
2019-01-19,Kegalle,41.0
2019-01-26,Kegalle,63.0
2019-02-02,Kegalle,14.0
2019-02-09,Kegalle,22.0
2019-02-16,Kegalle,29.0
2019-03-02,Kegalle,19.0
2019-03-09,Kegalle,28.0
2019-03-16,Kegalle,15.0
2019-03-23,Kegalle,17.0
2019-03-30,Kegalle,16.0
2019-04-06,Kegalle,10.0
2019-04-13,Kegalle,13.0
2019-04-20,Kegalle,48.0
2019-04-27,Kegalle,23.0
2019-05-04,Kegalle,30.0
2019-05-11,Kegalle,13.0
2019-05-18,Kegalle,14.0
2019-05-25,Kegalle,30.0
2019-06-01,Kegalle,36.0
2019-06-08,Kegalle,34.0
2019-06-15,Kegalle,24.0
2019-06-22,Kegalle,57.0
2019-06-29,Kegalle,17.0
2019-07-06,Kegalle,63.0
2019-07-13,Kegalle,59.0
2019-07-20,Kegalle,51.0
2019-07-27,Kegalle,48.0
2019-08-03,Kegalle,65.0
2019-08-10,Kegalle,34.0
2019-08-17,Kegalle,66.0
2019-08-24,Kegalle,45.0
2019-08-31,Kegalle,57.0
2019-09-07,Kegalle,67.0
2019-09-14,Kegalle,83.0
2019-09-21,Kegalle,110.0
2019-09-28,Kegalle,99.0
2019-10-05,Kegalle,73.0
2019-10-12,Kegalle,66.0
2019-10-19,Kegalle,93.0
2019-10-26,Kegalle,72.0
2019-11-02,Kegalle,120.0
2019-11-09,Kegalle,85.0
2019-11-16,Kegalle,114.0
2019-11-23,Kegalle,103.0
2019-11-30,Kegalle,113.0
2019-12-07,Kegalle,67.0
2019-12-14,Kegalle,65.0
2019-12-21,Kegalle,74.0
2019-12-28,Kegalle,49.0
2020-01-01,Kegalle,30.0
2020-01-04,Kegalle,53.0
2020-01-11,Kegalle,46.0
2020-01-18,Kegalle,47.0
2020-01-25,Kegalle,44.0
2020-02-08,Kegalle,31.0
2020-02-15,Kegalle,21.0
2020-02-22,Kegalle,25.0
2020-02-29,Kegalle,20.0
2020-03-07,Kegalle,12.0
2020-03-14,Kegalle,3.0
2020-03-21,Kegalle,5.0
2020-03-28,Kegalle,6.0
2020-04-04,Kegalle,3.0
2020-04-11,Kegalle,3.0
2020-04-18,Kegalle,5.0
2020-04-25,Kegalle,13.0
2020-05-02,Kegalle,13.0
2020-05-09,Kegalle,14.0
2020-05-16,Kegalle,21.0
2020-05-23,Kegalle,20.0
2020-05-30,Kegalle,24.0
2020-06-06,Kegalle,21.0
2020-06-13,Kegalle,25.0
2020-06-20,Kegalle,29.0
2020-06-27,Kegalle,25.0
2020-07-04,Kegalle,21.0
2020-07-11,Kegalle,20.0
2020-07-18,Kegalle,4.0
2020-07-25,Kegalle,26.0
2020-08-01,Kegalle,17.0
2020-08-08,Kegalle,16.0
2020-08-15,Kegalle,12.0
2020-08-22,Kegalle,17.0
2020-08-29,Kegalle,16.0
2020-09-05,Kegalle,17.0
2020-09-11,Kegalle,11.0
2020-09-19,Kegalle,11.0
2020-09-26,Kegalle,8.0
2020-10-03,Kegalle,8.0
2020-10-10,Kegalle,4.0
2020-10-17,Kegalle,10.0
2020-10-24,Kegalle,7.0
2020-10-31,Kegalle,9.0
2020-11-07,Kegalle,8.0
2020-11-14,Kegalle,12.0
2020-11-28,Kegalle,4.0
2020-12-05,Kegalle,8.0
2020-12-12,Kegalle,7.0
2020-12-19,Kegalle,3.0
2020-12-21,Kegalle,10.0
2020-12-26,Kegalle,834.0
2021-01-02,Kegalle,11.0
2021-01-09,Kegalle,1.0
2021-01-16,Kegalle,4.0
2021-01-23,Kegalle,4.0
2021-01-30,Kegalle,7.0
2021-02-06,Kegalle,7.0
2021-02-13,Kegalle,6.0
2021-02-20,Kegalle,11.0
2021-02-27,Kegalle,19.0
2021-03-06,Kegalle,10.0
2021-03-13,Kegalle,10.0
2021-03-20,Kegalle,16.0
2021-03-27,Kegalle,15.0
2021-04-03,Kegalle,18.0
2021-04-10,Kegalle,19.0
2021-04-17,Kegalle,30.0
2021-04-24,Kegalle,10.0
2021-05-01,Kegalle,18.0
2021-05-08,Kegalle,7.0
2021-05-15,Kegalle,9.0
2021-05-22,Kegalle,4.0
2021-05-29,Kegalle,2.0
2021-06-05,Kegalle,9.0
2021-06-12,Kegalle,6.0
2021-06-19,Kegalle,8.0
2021-06-26,Kegalle,13.0
2021-07-03,Kegalle,10.0
2021-07-10,Kegalle,18.0
2021-07-17,Kegalle,12.0
2021-07-24,Kegalle,17.0
2021-07-31,Kegalle,11.0
2021-08-07,Kegalle,8.0
2021-08-14,Kegalle,3.0
2021-08-21,Kegalle,3.0
2021-08-28,Kegalle,1.0
2021-09-04,Kegalle,2.0
2021-09-11,Kegalle,1.0
2021-09-18,Kegalle,2.0
2021-10-02,Kegalle,6.0
2021-10-16,Kegalle,5.0
2021-10-23,Kegalle,11.0
2021-10-30,Kegalle,15.0
2021-11-06,Kegalle,8.0
2021-11-13,Kegalle,26.0
2021-11-20,Kegalle,14.0
2021-11-27,Kegalle,23.0
2021-12-04,Kegalle,36.0
2021-12-11,Kegalle,42.0
2021-12-18,Kegalle,42.0
2021-12-25,Kegalle,42.0
2021-12-31,Kegalle,40.0
2022-01-01,Kegalle,49.0
2022-01-08,Kegalle,49.0
2022-01-15,Kegalle,33.0
2022-01-22,Kegalle,65.0
2022-01-29,Kegalle,29.0
2022-02-05,Kegalle,5.0
2022-02-12,Kegalle,10.0
2022-02-19,Kegalle,32.0
2022-02-26,Kegalle,16.0
2022-03-05,Kegalle,19.0
2022-03-12,Kegalle,23.0
2022-03-19,Kegalle,19.0
2022-03-26,Kegalle,18.0
2022-04-02,Kegalle,27.0
2022-04-09,Kegalle,21.0
2022-04-16,Kegalle,39.0
2022-04-23,Kegalle,29.0
2022-04-30,Kegalle,43.0
2022-05-07,Kegalle,45.0
2022-05-14,Kegalle,55.0
2022-05-21,Kegalle,36.0
2022-05-28,Kegalle,44.0
2022-06-04,Kegalle,68.0
2022-06-11,Kegalle,12.0
2022-06-18,Kegalle,11.0
2022-06-25,Kegalle,97.0
2022-07-02,Kegalle,12.0
2022-07-09,Kegalle,84.0
2022-07-16,Kegalle,12.0
2022-07-23,Kegalle,11.0
2022-07-30,Kegalle,11.0
2022-08-06,Kegalle,89.0
2022-08-13,Kegalle,12.0
2022-08-20,Kegalle,93.0
2022-08-27,Kegalle,34.0
2022-09-03,Kegalle,50.0
2022-09-10,Kegalle,0.0
2022-09-17,Kegalle,36.0
2022-09-24,Kegalle,21.0
2022-10-01,Kegalle,30.0
2022-10-08,Kegalle,37.0
2022-10-15,Kegalle,28.0
2022-10-29,Kegalle,43.0
2022-11-05,Kegalle,26.0
2022-11-12,Kegalle,28.0
2022-11-19,Kegalle,22.0
2022-11-26,Kegalle,26.0
2022-12-03,Kegalle,11.0
2022-12-10,Kegalle,66.0
2022-12-17,Kegalle,43.0
2022-12-24,Kegalle,46.0
2023-01-07,Kegalle,53.0
2023-01-14,Kegalle,51.0
2023-01-21,Kegalle,43.0
2023-01-28,Kegalle,30.0
2023-02-04,Kegalle,45.0
2023-02-11,Kegalle,52.0
2023-02-18,Kegalle,49.0
2023-02-25,Kegalle,44.0
2023-03-04,Kegalle,48.0
2023-03-11,Kegalle,31.0
2023-03-18,Kegalle,60.0
2023-03-25,Kegalle,49.0
2023-04-01,Kegalle,48.0
2023-04-08,Kegalle,46.0
2023-04-15,Kegalle,45.0
2023-04-22,Kegalle,0.0
2023-04-29,Kegalle,62.0
2023-05-06,Kegalle,97.0
2023-05-13,Kegalle,72.0
2023-05-20,Kegalle,68.0
2023-05-27,Kegalle,99.0
2023-06-03,Kegalle,91.0
2023-06-10,Kegalle,128.0
2023-06-17,Kegalle,111.0
2023-06-24,Kegalle,76.0
2023-07-01,Kegalle,105.0
2023-07-08,Kegalle,84.0
2023-07-15,Kegalle,84.0
2023-07-22,Kegalle,71.0
2023-07-29,Kegalle,72.0
2023-08-05,Kegalle,74.0
2023-08-12,Kegalle,64.0
2023-08-19,Kegalle,55.0
2023-08-26,Kegalle,55.0
2023-08-31,Kegalle,24.0
2023-09-02,Kegalle,58.0
2023-09-09,Kegalle,55.0
2023-09-16,Kegalle,36.0
2023-09-23,Kegalle,14.0
2023-10-07,Kegalle,33.0
2023-10-14,Kegalle,11.0
2023-10-21,Kegalle,19.0
2023-10-28,Kegalle,30.0
2023-11-04,Kegalle,4.0
2023-11-11,Kegalle,14.0
2023-11-18,Kegalle,5.0
2023-11-25,Kegalle,96.0
2023-12-02,Kegalle,111.0
2023-12-09,Kegalle,63.0
2023-12-16,Kegalle,90.0
2023-12-23,Kegalle,119.0
2023-12-27,Kegalle,73.0
2023-12-30,Kegalle,112.0
2024-01-06,Kegalle,104.0
2024-01-13,Kegalle,154.0
2024-01-20,Kegalle,91.0
2024-02-03,Kegalle,89.0
2024-02-10,Kegalle,48.0
2024-02-17,Kegalle,71.0
2024-02-24,Kegalle,43.0
2013-05-15,Kilinochchi,0.0
2013-06-22,Kilinochchi,3.0
2013-06-29,Kilinochchi,0.0
2013-07-13,Kilinochchi,0.0
2013-07-20,Kilinochchi,0.0
2013-07-27,Kilinochchi,0.0
2013-08-03,Kilinochchi,6.0
2013-08-10,Kilinochchi,0.0
2013-08-17,Kilinochchi,0.0
2013-08-24,Kilinochchi,3.0
2013-08-31,Kilinochchi,2.0
2013-09-07,Kilinochchi,0.0
2013-09-14,Kilinochchi,1.0
2013-09-21,Kilinochchi,1.0
2013-09-28,Kilinochchi,0.0
2013-10-05,Kilinochchi,0.0
2013-10-12,Kilinochchi,1.0
2013-10-19,Kilinochchi,0.0
2013-10-26,Kilinochchi,0.0
2013-11-02,Kilinochchi,0.0
2013-11-09,Kilinochchi,1.0
2013-11-16,Kilinochchi,0.0
2013-11-23,Kilinochchi,0.0
2013-11-30,Kilinochchi,0.0
2013-12-07,Kilinochchi,0.0
2013-12-14,Kilinochchi,1.0
2013-12-21,Kilinochchi,0.0
2013-12-27,Kilinochchi,3.0
2013-12-28,Kilinochchi,1.0
2014-01-02,Kilinochchi,2.0
2014-01-04,Kilinochchi,2.0
2014-01-09,Kilinochchi,0.0
2014-01-11,Kilinochchi,0.0
2014-01-18,Kilinochchi,0.0
2014-02-01,Kilinochchi,3.0
2014-02-08,Kilinochchi,0.0
2014-02-15,Kilinochchi,1.0
2014-02-22,Kilinochchi,1.0
2014-03-01,Kilinochchi,1.0
2014-03-08,Kilinochchi,0.0
2014-03-15,Kilinochchi,1.0
2014-03-22,Kilinochchi,0.0
2014-03-29,Kilinochchi,0.0
2014-04-05,Kilinochchi,0.0
2014-04-12,Kilinochchi,0.0
2014-04-19,Kilinochchi,0.0
2014-04-26,Kilinochchi,0.0
2014-05-03,Kilinochchi,0.0
2014-05-10,Kilinochchi,0.0
2014-05-17,Kilinochchi,0.0
2014-05-24,Kilinochchi,0.0
2014-05-31,Kilinochchi,0.0
2014-06-07,Kilinochchi,0.0
2014-06-14,Kilinochchi,1.0
2014-06-21,Kilinochchi,0.0
2014-06-28,Kilinochchi,2.0
2014-07-05,Kilinochchi,0.0
2014-07-12,Kilinochchi,1.0
2014-07-19,Kilinochchi,4.0
2014-07-26,Kilinochchi,1.0
2014-08-02,Kilinochchi,2.0
2014-08-09,Kilinochchi,0.0
2014-08-16,Kilinochchi,0.0
2014-08-23,Kilinochchi,0.0
2014-08-30,Kilinochchi,1.0
2014-09-06,Kilinochchi,0.0
2014-09-13,Kilinochchi,3.0
2014-09-20,Kilinochchi,0.0
2014-09-27,Kilinochchi,0.0
2014-10-04,Kilinochchi,0.0
2014-10-11,Kilinochchi,1.0
2014-10-18,Kilinochchi,0.0
2014-10-25,Kilinochchi,1.0
2014-11-01,Kilinochchi,0.0
2014-11-08,Kilinochchi,0.0
2014-11-15,Kilinochchi,4.0
2014-11-22,Kilinochchi,2.0
2014-11-29,Kilinochchi,1.0
2014-12-06,Kilinochchi,2.0
2014-12-13,Kilinochchi,0.0
2014-12-20,Kilinochchi,5.0
2015-01-03,Kilinochchi,0.0
2015-01-10,Kilinochchi,0.0
2015-01-17,Kilinochchi,3.0
2015-01-24,Kilinochchi,2.0
2015-01-31,Kilinochchi,1.0
2015-02-07,Kilinochchi,0.0
2015-02-14,Kilinochchi,1.0
2015-02-21,Kilinochchi,5.0
2015-02-28,Kilinochchi,1.0
2015-03-07,Kilinochchi,0.0
2015-03-14,Kilinochchi,2.0
2015-03-21,Kilinochchi,0.0
2015-03-28,Kilinochchi,0.0
2015-04-04,Kilinochchi,0.0
2015-04-11,Kilinochchi,0.0
2015-04-18,Kilinochchi,0.0
2015-04-25,Kilinochchi,0.0
2015-05-02,Kilinochchi,0.0
2015-05-09,Kilinochchi,0.0
2015-05-16,Kilinochchi,0.0
2015-05-23,Kilinochchi,1.0
2015-05-30,Kilinochchi,0.0
2015-06-06,Kilinochchi,1.0
2015-06-13,Kilinochchi,0.0
2015-06-20,Kilinochchi,1.0
2015-06-27,Kilinochchi,0.0
2015-07-04,Kilinochchi,1.0
2015-07-11,Kilinochchi,2.0
2015-07-25,Kilinochchi,1.0
2015-08-01,Kilinochchi,4.0
2015-08-08,Kilinochchi,0.0
2015-08-15,Kilinochchi,0.0
2015-08-22,Kilinochchi,0.0
2015-08-29,Kilinochchi,0.0
2015-09-05,Kilinochchi,0.0
2015-09-12,Kilinochchi,2.0
2015-09-19,Kilinochchi,0.0
2015-09-26,Kilinochchi,0.0
2015-10-03,Kilinochchi,0.0
2015-10-10,Kilinochchi,0.0
2015-10-17,Kilinochchi,0.0
2015-10-24,Kilinochchi,3.0
2015-10-31,Kilinochchi,0.0
2015-11-07,Kilinochchi,0.0
2015-11-14,Kilinochchi,1.0
2015-11-21,Kilinochchi,1.0
2015-11-28,Kilinochchi,2.0
2015-12-05,Kilinochchi,1.0
2015-12-12,Kilinochchi,0.0
2015-12-19,Kilinochchi,0.0
2015-12-26,Kilinochchi,3.0
2016-01-16,Kilinochchi,3.0
2016-01-23,Kilinochchi,2.0
2016-01-30,Kilinochchi,0.0
2016-02-06,Kilinochchi,1.0
2016-02-13,Kilinochchi,4.0
2016-02-20,Kilinochchi,1.0
2016-02-27,Kilinochchi,1.0
2016-03-05,Kilinochchi,0.0
2016-03-12,Kilinochchi,0.0
2016-03-19,Kilinochchi,0.0
2016-03-26,Kilinochchi,2.0
2016-04-02,Kilinochchi,2.0
2016-04-09,Kilinochchi,1.0
2016-04-16,Kilinochchi,0.0
2016-04-23,Kilinochchi,1.0
2016-04-30,Kilinochchi,0.0
2016-05-07,Kilinochchi,0.0
2016-05-14,Kilinochchi,1.0
2016-05-21,Kilinochchi,2.0
2016-05-28,Kilinochchi,1.0
2016-06-04,Kilinochchi,0.0
2016-06-11,Kilinochchi,0.0
2016-06-18,Kilinochchi,0.0
2016-06-25,Kilinochchi,1.0
2016-07-02,Kilinochchi,0.0
2016-07-09,Kilinochchi,2.0
2016-07-16,Kilinochchi,1.0
2016-07-23,Kilinochchi,1.0
2016-07-30,Kilinochchi,2.0
2016-08-06,Kilinochchi,3.0
2016-08-20,Kilinochchi,0.0
2016-08-27,Kilinochchi,1.0
2016-09-03,Kilinochchi,0.0
2016-09-10,Kilinochchi,0.0
2016-09-17,Kilinochchi,0.0
2016-09-24,Kilinochchi,2.0
2016-10-01,Kilinochchi,2.0
2016-10-08,Kilinochchi,1.0
2016-10-15,Kilinochchi,0.0
2016-10-22,Kilinochchi,0.0
2016-10-29,Kilinochchi,0.0
2016-11-05,Kilinochchi,0.0
2016-11-12,Kilinochchi,0.0
2016-11-19,Kilinochchi,0.0
2016-11-26,Kilinochchi,0.0
2016-12-03,Kilinochchi,1.0
2016-12-10,Kilinochchi,0.0
2016-12-17,Kilinochchi,8.0
2016-12-24,Kilinochchi,0.0
2016-12-31,Kilinochchi,2.0
2017-01-07,Kilinochchi,5.0
2017-01-14,Kilinochchi,6.0
2017-01-21,Kilinochchi,8.0
2017-01-28,Kilinochchi,6.0
2017-02-04,Kilinochchi,1.0
2017-02-11,Kilinochchi,4.0
2017-02-18,Kilinochchi,1.0
2017-02-25,Kilinochchi,7.0
2017-03-04,Kilinochchi,2.0
2017-03-11,Kilinochchi,8.0
2017-03-18,Kilinochchi,6.0
2017-03-25,Kilinochchi,6.0
2017-04-01,Kilinochchi,14.0
2017-04-08,Kilinochchi,11.0
2017-04-15,Kilinochchi,11.0
2017-04-22,Kilinochchi,10.0
2017-04-29,Kilinochchi,6.0
2017-05-06,Kilinochchi,4.0
2017-05-13,Kilinochchi,7.0
2017-05-17,Kilinochchi,5.0
2017-05-20,Kilinochchi,4.0
2017-05-27,Kilinochchi,3.0
2017-06-03,Kilinochchi,6.0
2017-06-10,Kilinochchi,2.0
2017-06-24,Kilinochchi,5.0
2017-07-01,Kilinochchi,27.0
2017-07-08,Kilinochchi,27.0
2017-07-15,Kilinochchi,20.0
2017-07-22,Kilinochchi,16.0
2017-07-29,Kilinochchi,28.0
2017-08-05,Kilinochchi,12.0
2017-08-12,Kilinochchi,11.0
2017-08-19,Kilinochchi,8.0
2017-08-26,Kilinochchi,6.0
2017-09-02,Kilinochchi,3.0
2017-09-09,Kilinochchi,15.0
2017-09-16,Kilinochchi,1.0
2017-09-23,Kilinochchi,5.0
2017-09-30,Kilinochchi,6.0
2017-10-07,Kilinochchi,4.0
2017-10-14,Kilinochchi,3.0
2017-10-21,Kilinochchi,4.0
2017-10-28,Kilinochchi,1.0
2017-11-04,Kilinochchi,7.0
2017-11-11,Kilinochchi,5.0
2017-11-18,Kilinochchi,15.0
2017-11-25,Kilinochchi,3.0
2017-12-02,Kilinochchi,6.0
2017-12-09,Kilinochchi,7.0
2017-12-16,Kilinochchi,8.0
2017-12-23,Kilinochchi,8.0
2017-12-30,Kilinochchi,11.0
2018-01-06,Kilinochchi,8.0
2018-01-13,Kilinochchi,6.0
2018-01-20,Kilinochchi,13.0
2018-01-27,Kilinochchi,2.0
2018-02-03,Kilinochchi,5.0
2018-02-10,Kilinochchi,17.0
2018-02-17,Kilinochchi,6.0
2018-02-24,Kilinochchi,6.0
2018-03-03,Kilinochchi,9.0
2018-03-10,Kilinochchi,6.0
2018-03-17,Kilinochchi,4.0
2018-03-24,Kilinochchi,4.0
2018-03-31,Kilinochchi,4.0
2018-04-07,Kilinochchi,3.0
2018-04-14,Kilinochchi,10.0
2018-04-21,Kilinochchi,1.0
2018-04-28,Kilinochchi,7.0
2018-05-05,Kilinochchi,2.0
2018-05-12,Kilinochchi,1.0
2018-05-19,Kilinochchi,10.0
2018-05-26,Kilinochchi,8.0
2018-06-02,Kilinochchi,5.0
2018-06-09,Kilinochchi,11.0
2018-06-16,Kilinochchi,13.0
2018-06-23,Kilinochchi,8.0
2018-06-30,Kilinochchi,13.0
2018-07-07,Kilinochchi,8.0
2018-07-14,Kilinochchi,9.0
2018-07-21,Kilinochchi,3.0
2018-07-28,Kilinochchi,7.0
2018-08-04,Kilinochchi,3.0
2018-08-11,Kilinochchi,6.0
2018-08-18,Kilinochchi,9.0
2018-08-25,Kilinochchi,2.0
2018-09-01,Kilinochchi,11.0
2018-09-08,Kilinochchi,14.0
2018-09-15,Kilinochchi,2.0
2018-09-22,Kilinochchi,7.0
2018-09-29,Kilinochchi,2.0
2018-10-06,Kilinochchi,1.0
2018-10-13,Kilinochchi,1.0
2018-10-20,Kilinochchi,5.0
2018-10-27,Kilinochchi,2.0
2018-11-03,Kilinochchi,8.0
2018-11-10,Kilinochchi,9.0
2018-11-17,Kilinochchi,6.0
2018-11-24,Kilinochchi,7.0
2018-12-01,Kilinochchi,4.0
2018-12-08,Kilinochchi,2.0
2018-12-15,Kilinochchi,8.0
2018-12-22,Kilinochchi,13.0
2018-12-29,Kilinochchi,7.0
2019-01-05,Kilinochchi,4.0
2019-01-12,Kilinochchi,8.0
2019-01-19,Kilinochchi,15.0
2019-01-26,Kilinochchi,14.0
2019-02-02,Kilinochchi,3.0
2019-02-09,Kilinochchi,5.0
2019-02-16,Kilinochchi,6.0
2019-03-02,Kilinochchi,4.0
2019-03-09,Kilinochchi,2.0
2019-03-16,Kilinochchi,3.0
2019-03-23,Kilinochchi,2.0
2019-03-30,Kilinochchi,3.0
2019-04-06,Kilinochchi,1.0
2019-04-13,Kilinochchi,4.0
2019-04-20,Kilinochchi,2.0
2019-04-27,Kilinochchi,1.0
2019-05-04,Kilinochchi,3.0
2019-05-11,Kilinochchi,1.0
2019-05-18,Kilinochchi,0.0
2019-05-25,Kilinochchi,7.0
2019-06-01,Kilinochchi,4.0
2019-06-08,Kilinochchi,1.0
2019-06-15,Kilinochchi,3.0
2019-06-22,Kilinochchi,0.0
2019-06-29,Kilinochchi,1.0
2019-07-06,Kilinochchi,2.0
2019-07-13,Kilinochchi,1.0
2019-07-20,Kilinochchi,4.0
2019-07-27,Kilinochchi,2.0
2019-08-03,Kilinochchi,1.0
2019-08-10,Kilinochchi,0.0
2019-08-17,Kilinochchi,0.0
2019-08-24,Kilinochchi,2.0
2019-08-31,Kilinochchi,3.0
2019-09-07,Kilinochchi,0.0
2019-09-14,Kilinochchi,6.0
2019-09-21,Kilinochchi,4.0
2019-09-28,Kilinochchi,8.0
2019-10-05,Kilinochchi,6.0
2019-10-12,Kilinochchi,5.0
2019-10-19,Kilinochchi,3.0
2019-10-26,Kilinochchi,13.0
2019-11-02,Kilinochchi,3.0
2019-11-09,Kilinochchi,19.0
2019-11-16,Kilinochchi,36.0
2019-11-23,Kilinochchi,28.0
2019-11-30,Kilinochchi,25.0
2019-12-07,Kilinochchi,37.0
2019-12-14,Kilinochchi,27.0
2019-12-21,Kilinochchi,25.0
2019-12-28,Kilinochchi,27.0
2020-01-01,Kilinochchi,9.0
2020-01-04,Kilinochchi,21.0
2020-01-11,Kilinochchi,15.0
2020-01-18,Kilinochchi,16.0
2020-01-25,Kilinochchi,12.0
2020-02-08,Kilinochchi,10.0
2020-02-15,Kilinochchi,6.0
2020-02-22,Kilinochchi,6.0
2020-02-29,Kilinochchi,5.0
2020-03-07,Kilinochchi,0.0
2020-03-14,Kilinochchi,3.0
2020-03-21,Kilinochchi,0.0
2020-03-28,Kilinochchi,1.0
2020-04-04,Kilinochchi,0.0
2020-04-11,Kilinochchi,0.0
2020-04-18,Kilinochchi,0.0
2020-04-25,Kilinochchi,0.0
2020-05-02,Kilinochchi,1.0
2020-05-09,Kilinochchi,0.0
2020-05-16,Kilinochchi,0.0
2020-05-23,Kilinochchi,0.0
2020-05-30,Kilinochchi,3.0
2020-06-06,Kilinochchi,2.0
2020-06-13,Kilinochchi,5.0
2020-06-20,Kilinochchi,1.0
2020-06-27,Kilinochchi,0.0
2020-07-04,Kilinochchi,0.0
2020-07-11,Kilinochchi,3.0
2020-07-18,Kilinochchi,1.0
2020-07-25,Kilinochchi,2.0
2020-08-01,Kilinochchi,2.0
2020-08-08,Kilinochchi,0.0
2020-08-15,Kilinochchi,1.0
2020-08-22,Kilinochchi,0.0
2020-08-29,Kilinochchi,0.0
2020-09-05,Kilinochchi,1.0
2020-09-11,Kilinochchi,0.0
2020-09-19,Kilinochchi,0.0
2020-09-26,Kilinochchi,1.0
2020-10-03,Kilinochchi,1.0
2020-10-10,Kilinochchi,0.0
2020-10-17,Kilinochchi,1.0
2020-10-24,Kilinochchi,0.0
2020-10-31,Kilinochchi,2.0
2020-11-07,Kilinochchi,0.0
2020-11-14,Kilinochchi,1.0
2020-11-28,Kilinochchi,0.0
2020-12-05,Kilinochchi,1.0
2020-12-12,Kilinochchi,0.0
2020-12-19,Kilinochchi,0.0
2020-12-21,Kilinochchi,2.0
2020-12-26,Kilinochchi,612.0
2021-01-02,Kilinochchi,2.0
2021-01-09,Kilinochchi,2.0
2021-01-16,Kilinochchi,2.0
2021-01-23,Kilinochchi,3.0
2021-01-30,Kilinochchi,3.0
2021-02-06,Kilinochchi,2.0
2021-02-13,Kilinochchi,1.0
2021-02-20,Kilinochchi,0.0
2021-02-27,Kilinochchi,0.0
2021-03-06,Kilinochchi,0.0
2021-03-13,Kilinochchi,0.0
2021-03-20,Kilinochchi,1.0
2021-03-27,Kilinochchi,2.0
2021-04-03,Kilinochchi,0.0
2021-04-10,Kilinochchi,0.0
2021-04-17,Kilinochchi,1.0
2021-04-24,Kilinochchi,0.0
2021-05-01,Kilinochchi,0.0
2021-05-08,Kilinochchi,1.0
2021-05-15,Kilinochchi,0.0
2021-05-22,Kilinochchi,0.0
2021-05-29,Kilinochchi,1.0
2021-06-05,Kilinochchi,0.0
2021-06-12,Kilinochchi,0.0
2021-06-19,Kilinochchi,0.0
2021-06-26,Kilinochchi,0.0
2021-07-03,Kilinochchi,0.0
2021-07-10,Kilinochchi,1.0
2021-07-17,Kilinochchi,0.0
2021-07-24,Kilinochchi,0.0
2021-07-31,Kilinochchi,0.0
2021-08-07,Kilinochchi,0.0
2021-08-14,Kilinochchi,0.0
2021-08-21,Kilinochchi,1.0
2021-08-28,Kilinochchi,0.0
2021-09-04,Kilinochchi,1.0
2021-09-11,Kilinochchi,0.0
2021-09-18,Kilinochchi,0.0
2021-10-02,Kilinochchi,0.0
2021-10-16,Kilinochchi,0.0
2021-10-23,Kilinochchi,0.0
2021-10-30,Kilinochchi,0.0
2021-11-06,Kilinochchi,0.0
2021-11-13,Kilinochchi,0.0
2021-11-20,Kilinochchi,1.0
2021-11-27,Kilinochchi,3.0
2021-12-04,Kilinochchi,1.0
2021-12-11,Kilinochchi,9.0
2021-12-18,Kilinochchi,9.0
2021-12-25,Kilinochchi,9.0
2021-12-31,Kilinochchi,3.0
2022-01-01,Kilinochchi,9.0
2022-01-08,Kilinochchi,1.0
2022-01-15,Kilinochchi,7.0
2022-01-22,Kilinochchi,7.0
2022-01-29,Kilinochchi,3.0
2022-02-05,Kilinochchi,3.0
2022-02-12,Kilinochchi,1.0
2022-02-19,Kilinochchi,1.0
2022-02-26,Kilinochchi,3.0
2022-03-05,Kilinochchi,2.0
2022-03-12,Kilinochchi,0.0
2022-03-19,Kilinochchi,5.0
2022-03-26,Kilinochchi,4.0
2022-04-02,Kilinochchi,2.0
2022-04-09,Kilinochchi,0.0
2022-04-16,Kilinochchi,2.0
2022-04-23,Kilinochchi,5.0
2022-04-30,Kilinochchi,3.0
2022-05-07,Kilinochchi,3.0
2022-05-14,Kilinochchi,5.0
2022-05-21,Kilinochchi,2.0
2022-05-28,Kilinochchi,2.0
2022-06-04,Kilinochchi,0.0
2022-06-11,Kilinochchi,5.0
2022-06-18,Kilinochchi,4.0
2022-06-25,Kilinochchi,4.0
2022-07-02,Kilinochchi,2.0
2022-07-09,Kilinochchi,2.0
2022-07-16,Kilinochchi,1.0
2022-07-23,Kilinochchi,1.0
2022-07-30,Kilinochchi,1.0
2022-08-06,Kilinochchi,0.0
2022-08-13,Kilinochchi,3.0
2022-08-20,Kilinochchi,4.0
2022-08-27,Kilinochchi,1.0
2022-09-03,Kilinochchi,0.0
2022-09-10,Kilinochchi,0.0
2022-09-17,Kilinochchi,4.0
2022-09-24,Kilinochchi,3.0
2022-10-01,Kilinochchi,1.0
2022-10-08,Kilinochchi,2.0
2022-10-15,Kilinochchi,2.0
2022-10-29,Kilinochchi,0.0
2022-11-05,Kilinochchi,0.0
2022-11-12,Kilinochchi,2.0
2022-11-19,Kilinochchi,1.0
2022-11-26,Kilinochchi,2.0
2022-12-03,Kilinochchi,0.0
2022-12-10,Kilinochchi,6.0
2022-12-17,Kilinochchi,1.0
2022-12-24,Kilinochchi,8.0
2023-01-07,Kilinochchi,4.0
2023-01-14,Kilinochchi,6.0
2023-01-21,Kilinochchi,0.0
2023-01-28,Kilinochchi,7.0
2023-02-04,Kilinochchi,3.0
2023-02-11,Kilinochchi,2.0
2023-02-18,Kilinochchi,0.0
2023-02-25,Kilinochchi,4.0
2023-03-04,Kilinochchi,2.0
2023-03-11,Kilinochchi,3.0
2023-03-18,Kilinochchi,2.0
2023-03-25,Kilinochchi,3.0
2023-04-01,Kilinochchi,1.0
2023-04-08,Kilinochchi,1.0
2023-04-15,Kilinochchi,2.0
2023-04-22,Kilinochchi,2.0
2023-04-29,Kilinochchi,0.0
2023-05-06,Kilinochchi,2.0
2023-05-13,Kilinochchi,1.0
2023-05-20,Kilinochchi,2.0
2023-05-27,Kilinochchi,2.0
2023-06-03,Kilinochchi,2.0
2023-06-10,Kilinochchi,1.0
2023-06-17,Kilinochchi,3.0
2023-06-24,Kilinochchi,4.0
2023-07-01,Kilinochchi,3.0
2023-07-08,Kilinochchi,0.0
2023-07-15,Kilinochchi,2.0
2023-07-22,Kilinochchi,5.0
2023-07-29,Kilinochchi,1.0
2023-08-05,Kilinochchi,1.0
2023-08-12,Kilinochchi,1.0
2023-08-19,Kilinochchi,0.0
2023-08-26,Kilinochchi,0.0
2023-08-31,Kilinochchi,0.0
2023-09-02,Kilinochchi,0.0
2023-09-09,Kilinochchi,0.0
2023-09-16,Kilinochchi,3.0
2023-09-23,Kilinochchi,0.0
2023-10-07,Kilinochchi,0.0
2023-10-14,Kilinochchi,2.0
2023-10-21,Kilinochchi,3.0
2023-10-28,Kilinochchi,1.0
2023-11-04,Kilinochchi,1.0
2023-11-11,Kilinochchi,2.0
2023-11-18,Kilinochchi,7.0
2023-11-25,Kilinochchi,5.0
2023-12-02,Kilinochchi,9.0
2023-12-09,Kilinochchi,11.0
2023-12-16,Kilinochchi,20.0
2023-12-23,Kilinochchi,17.0
2023-12-27,Kilinochchi,22.0
2023-12-30,Kilinochchi,29.0
2024-01-06,Kilinochchi,52.0
2024-01-13,Kilinochchi,40.0
2024-01-20,Kilinochchi,41.0
2024-02-03,Kilinochchi,26.0
2024-02-10,Kilinochchi,22.0
2024-02-17,Kilinochchi,12.0
2024-02-24,Kilinochchi,9.0
2013-05-15,Kurunegala,30.0
2013-06-22,Kurunegala,47.0
2013-06-29,Kurunegala,37.0
2013-07-13,Kurunegala,35.0
2013-07-20,Kurunegala,24.0
2013-07-27,Kurunegala,17.0
2013-08-03,Kurunegala,25.0
2013-08-10,Kurunegala,21.0
2013-08-17,Kurunegala,25.0
2013-08-24,Kurunegala,26.0
2013-08-31,Kurunegala,36.0
2013-09-07,Kurunegala,24.0
2013-09-14,Kurunegala,10.0
2013-09-21,Kurunegala,31.0
2013-09-28,Kurunegala,27.0
2013-10-05,Kurunegala,22.0
2013-10-12,Kurunegala,15.0
2013-10-19,Kurunegala,21.0
2013-10-26,Kurunegala,9.0
2013-11-02,Kurunegala,13.0
2013-11-09,Kurunegala,21.0
2013-11-16,Kurunegala,17.0
2013-11-23,Kurunegala,27.0
2013-11-30,Kurunegala,21.0
2013-12-07,Kurunegala,24.0
2013-12-14,Kurunegala,15.0
2013-12-21,Kurunegala,17.0
2013-12-27,Kurunegala,63.0
2013-12-28,Kurunegala,25.0
2014-01-02,Kurunegala,32.0
2014-01-04,Kurunegala,27.0
2014-01-09,Kurunegala,36.0
2014-01-11,Kurunegala,22.0
2014-01-18,Kurunegala,28.0
2014-02-01,Kurunegala,29.0
2014-02-08,Kurunegala,28.0
2014-02-15,Kurunegala,16.0
2014-02-22,Kurunegala,14.0
2014-03-01,Kurunegala,20.0
2014-03-08,Kurunegala,14.0
2014-03-15,Kurunegala,22.0
2014-03-22,Kurunegala,11.0
2014-03-29,Kurunegala,15.0
2014-04-05,Kurunegala,1.0
2014-04-12,Kurunegala,6.0
2014-04-19,Kurunegala,7.0
2014-04-26,Kurunegala,6.0
2014-05-03,Kurunegala,7.0
2014-05-10,Kurunegala,8.0
2014-05-17,Kurunegala,14.0
2014-05-24,Kurunegala,14.0
2014-05-31,Kurunegala,46.0
2014-06-07,Kurunegala,51.0
2014-06-14,Kurunegala,66.0
2014-06-21,Kurunegala,86.0
2014-06-28,Kurunegala,66.0
2014-07-05,Kurunegala,77.0
2014-07-12,Kurunegala,66.0
2014-07-19,Kurunegala,70.0
2014-07-26,Kurunegala,60.0
2014-08-02,Kurunegala,54.0
2014-08-09,Kurunegala,70.0
2014-08-16,Kurunegala,48.0
2014-08-23,Kurunegala,24.0
2014-08-30,Kurunegala,24.0
2014-09-06,Kurunegala,32.0
2014-09-13,Kurunegala,51.0
2014-09-20,Kurunegala,60.0
2014-09-27,Kurunegala,42.0
2014-10-04,Kurunegala,62.0
2014-10-11,Kurunegala,32.0
2014-10-18,Kurunegala,67.0
2014-10-25,Kurunegala,46.0
2014-11-01,Kurunegala,53.0
2014-11-08,Kurunegala,67.0
2014-11-15,Kurunegala,75.0
2014-11-22,Kurunegala,90.0
2014-11-29,Kurunegala,78.0
2014-12-06,Kurunegala,55.0
2014-12-13,Kurunegala,51.0
2014-12-20,Kurunegala,43.0
2015-01-03,Kurunegala,18.0
2015-01-10,Kurunegala,40.0
2015-01-17,Kurunegala,71.0
2015-01-24,Kurunegala,41.0
2015-01-31,Kurunegala,26.0
2015-02-07,Kurunegala,63.0
2015-02-14,Kurunegala,20.0
2015-02-21,Kurunegala,46.0
2015-02-28,Kurunegala,30.0
2015-03-07,Kurunegala,26.0
2015-03-14,Kurunegala,22.0
2015-03-21,Kurunegala,15.0
2015-03-28,Kurunegala,17.0
2015-04-04,Kurunegala,6.0
2015-04-11,Kurunegala,7.0
2015-04-18,Kurunegala,25.0
2015-04-25,Kurunegala,3.0
2015-05-02,Kurunegala,13.0
2015-05-09,Kurunegala,9.0
2015-05-16,Kurunegala,11.0
2015-05-23,Kurunegala,15.0
2015-05-30,Kurunegala,13.0
2015-06-06,Kurunegala,12.0
2015-06-13,Kurunegala,13.0
2015-06-20,Kurunegala,13.0
2015-06-27,Kurunegala,12.0
2015-07-04,Kurunegala,15.0
2015-07-11,Kurunegala,14.0
2015-07-25,Kurunegala,9.0
2015-08-01,Kurunegala,17.0
2015-08-08,Kurunegala,8.0
2015-08-15,Kurunegala,11.0
2015-08-22,Kurunegala,23.0
2015-08-29,Kurunegala,7.0
2015-09-05,Kurunegala,6.0
2015-09-12,Kurunegala,8.0
2015-09-19,Kurunegala,2.0
2015-09-26,Kurunegala,9.0
2015-10-03,Kurunegala,9.0
2015-10-10,Kurunegala,11.0
2015-10-17,Kurunegala,5.0
2015-10-24,Kurunegala,15.0
2015-10-31,Kurunegala,9.0
2015-11-07,Kurunegala,12.0
2015-11-14,Kurunegala,29.0
2015-11-21,Kurunegala,21.0
2015-11-28,Kurunegala,13.0
2015-12-05,Kurunegala,24.0
2015-12-12,Kurunegala,16.0
2015-12-19,Kurunegala,9.0
2015-12-26,Kurunegala,27.0
2016-01-16,Kurunegala,60.0
2016-01-23,Kurunegala,40.0
2016-01-30,Kurunegala,27.0
2016-02-06,Kurunegala,47.0
2016-02-13,Kurunegala,35.0
2016-02-20,Kurunegala,31.0
2016-02-27,Kurunegala,23.0
2016-03-05,Kurunegala,15.0
2016-03-12,Kurunegala,10.0
2016-03-19,Kurunegala,14.0
2016-03-26,Kurunegala,21.0
2016-04-02,Kurunegala,1.0
2016-04-09,Kurunegala,13.0
2016-04-16,Kurunegala,11.0
2016-04-23,Kurunegala,23.0
2016-04-30,Kurunegala,31.0
2016-05-07,Kurunegala,12.0
2016-05-14,Kurunegala,43.0
2016-05-21,Kurunegala,46.0
2016-05-28,Kurunegala,62.0
2016-06-04,Kurunegala,9.0
2016-06-11,Kurunegala,51.0
2016-06-18,Kurunegala,103.0
2016-06-25,Kurunegala,76.0
2016-07-02,Kurunegala,87.0
2016-07-09,Kurunegala,97.0
2016-07-16,Kurunegala,98.0
2016-07-23,Kurunegala,99.0
2016-07-30,Kurunegala,70.0
2016-08-06,Kurunegala,55.0
2016-08-20,Kurunegala,32.0
2016-08-27,Kurunegala,22.0
2016-09-03,Kurunegala,15.0
2016-09-10,Kurunegala,22.0
2016-09-17,Kurunegala,23.0
2016-09-24,Kurunegala,12.0
2016-10-01,Kurunegala,23.0
2016-10-08,Kurunegala,13.0
2016-10-15,Kurunegala,8.0
2016-10-22,Kurunegala,13.0
2016-10-29,Kurunegala,20.0
2016-11-05,Kurunegala,13.0
2016-11-12,Kurunegala,21.0
2016-11-19,Kurunegala,20.0
2016-11-26,Kurunegala,24.0
2016-12-03,Kurunegala,15.0
2016-12-10,Kurunegala,21.0
2016-12-17,Kurunegala,37.0
2016-12-24,Kurunegala,80.0
2016-12-31,Kurunegala,90.0
2017-01-07,Kurunegala,60.0
2017-01-14,Kurunegala,85.0
2017-01-21,Kurunegala,75.0
2017-01-28,Kurunegala,37.0
2017-02-04,Kurunegala,51.0
2017-02-11,Kurunegala,75.0
2017-02-18,Kurunegala,49.0
2017-02-25,Kurunegala,75.0
2017-03-04,Kurunegala,79.0
2017-03-11,Kurunegala,89.0
2017-03-18,Kurunegala,85.0
2017-03-25,Kurunegala,131.0
2017-04-01,Kurunegala,129.0
2017-04-08,Kurunegala,103.0
2017-04-15,Kurunegala,205.0
2017-04-22,Kurunegala,192.0
2017-04-29,Kurunegala,240.0
2017-05-06,Kurunegala,247.0
2017-05-13,Kurunegala,526.0
2017-05-17,Kurunegala,444.0
2017-05-20,Kurunegala,268.0
2017-05-27,Kurunegala,504.0
2017-06-03,Kurunegala,424.0
2017-06-10,Kurunegala,290.0
2017-06-24,Kurunegala,306.0
2017-07-01,Kurunegala,564.0
2017-07-08,Kurunegala,681.0
2017-07-15,Kurunegala,569.0
2017-07-22,Kurunegala,486.0
2017-07-29,Kurunegala,477.0
2017-08-05,Kurunegala,423.0
2017-08-12,Kurunegala,341.0
2017-08-19,Kurunegala,246.0
2017-08-26,Kurunegala,148.0
2017-09-02,Kurunegala,161.0
2017-09-09,Kurunegala,102.0
2017-09-16,Kurunegala,92.0
2017-09-23,Kurunegala,73.0
2017-09-30,Kurunegala,62.0
2017-10-07,Kurunegala,97.0
2017-10-14,Kurunegala,71.0
2017-10-21,Kurunegala,138.0
2017-10-28,Kurunegala,177.0
2017-11-04,Kurunegala,229.0
2017-11-11,Kurunegala,156.0
2017-11-18,Kurunegala,185.0
2017-11-25,Kurunegala,119.0
2017-12-02,Kurunegala,181.0
2017-12-09,Kurunegala,88.0
2017-12-16,Kurunegala,87.0
2017-12-23,Kurunegala,87.0
2017-12-30,Kurunegala,138.0
2018-01-06,Kurunegala,133.0
2018-01-13,Kurunegala,143.0
2018-01-20,Kurunegala,91.0
2018-01-27,Kurunegala,83.0
2018-02-03,Kurunegala,72.0
2018-02-10,Kurunegala,59.0
2018-02-17,Kurunegala,95.0
2018-02-24,Kurunegala,42.0
2018-03-03,Kurunegala,41.0
2018-03-10,Kurunegala,42.0
2018-03-17,Kurunegala,38.0
2018-03-24,Kurunegala,13.0
2018-03-31,Kurunegala,30.0
2018-04-07,Kurunegala,15.0
2018-04-14,Kurunegala,25.0
2018-04-21,Kurunegala,31.0
2018-04-28,Kurunegala,32.0
2018-05-05,Kurunegala,26.0
2018-05-12,Kurunegala,25.0
2018-05-19,Kurunegala,37.0
2018-05-26,Kurunegala,46.0
2018-06-02,Kurunegala,33.0
2018-06-09,Kurunegala,21.0
2018-06-16,Kurunegala,31.0
2018-06-23,Kurunegala,52.0
2018-06-30,Kurunegala,89.0
2018-07-07,Kurunegala,71.0
2018-07-14,Kurunegala,60.0
2018-07-21,Kurunegala,64.0
2018-07-28,Kurunegala,86.0
2018-08-04,Kurunegala,45.0
2018-08-11,Kurunegala,28.0
2018-08-18,Kurunegala,23.0
2018-08-25,Kurunegala,28.0
2018-09-01,Kurunegala,31.0
2018-09-08,Kurunegala,20.0
2018-09-15,Kurunegala,20.0
2018-09-22,Kurunegala,21.0
2018-09-29,Kurunegala,20.0
2018-10-06,Kurunegala,16.0
2018-10-13,Kurunegala,12.0
2018-10-20,Kurunegala,20.0
2018-10-27,Kurunegala,50.0
2018-11-03,Kurunegala,41.0
2018-11-10,Kurunegala,33.0
2018-11-17,Kurunegala,39.0
2018-11-24,Kurunegala,57.0
2018-12-01,Kurunegala,38.0
2018-12-08,Kurunegala,62.0
2018-12-15,Kurunegala,51.0
2018-12-22,Kurunegala,45.0
2018-12-29,Kurunegala,46.0
2019-01-05,Kurunegala,66.0
2019-01-12,Kurunegala,58.0
2019-01-19,Kurunegala,44.0
2019-01-26,Kurunegala,58.0
2019-02-02,Kurunegala,37.0
2019-02-09,Kurunegala,31.0
2019-02-16,Kurunegala,33.0
2019-03-02,Kurunegala,43.0
2019-03-09,Kurunegala,21.0
2019-03-16,Kurunegala,25.0
2019-03-23,Kurunegala,33.0
2019-03-30,Kurunegala,28.0
2019-04-06,Kurunegala,32.0
2019-04-13,Kurunegala,24.0
2019-04-20,Kurunegala,25.0
2019-04-27,Kurunegala,20.0
2019-05-04,Kurunegala,24.0
2019-05-11,Kurunegala,14.0
2019-05-18,Kurunegala,28.0
2019-05-25,Kurunegala,29.0
2019-06-01,Kurunegala,31.0
2019-06-08,Kurunegala,20.0
2019-06-15,Kurunegala,35.0
2019-06-22,Kurunegala,37.0
2019-06-29,Kurunegala,30.0
2019-07-06,Kurunegala,53.0
2019-07-13,Kurunegala,69.0
2019-07-20,Kurunegala,68.0
2019-07-27,Kurunegala,47.0
2019-08-03,Kurunegala,63.0
2019-08-10,Kurunegala,55.0
2019-08-17,Kurunegala,67.0
2019-08-24,Kurunegala,27.0
2019-08-31,Kurunegala,36.0
2019-09-07,Kurunegala,31.0
2019-09-14,Kurunegala,36.0
2019-09-21,Kurunegala,58.0
2019-09-28,Kurunegala,103.0
2019-10-05,Kurunegala,59.0
2019-10-12,Kurunegala,74.0
2019-10-19,Kurunegala,102.0
2019-10-26,Kurunegala,123.0
2019-11-02,Kurunegala,95.0
2019-11-09,Kurunegala,100.0
2019-11-16,Kurunegala,154.0
2019-11-23,Kurunegala,110.0
2019-11-30,Kurunegala,154.0
2019-12-07,Kurunegala,118.0
2019-12-14,Kurunegala,118.0
2019-12-21,Kurunegala,136.0
2019-12-28,Kurunegala,113.0
2020-01-01,Kurunegala,58.0
2020-01-04,Kurunegala,64.0
2020-01-11,Kurunegala,72.0
2020-01-18,Kurunegala,170.0
2020-01-25,Kurunegala,97.0
2020-02-08,Kurunegala,43.0
2020-02-15,Kurunegala,26.0
2020-02-22,Kurunegala,28.0
2020-02-29,Kurunegala,23.0
2020-03-07,Kurunegala,17.0
2020-03-14,Kurunegala,8.0
2020-03-21,Kurunegala,1.0
2020-03-28,Kurunegala,1.0
2020-04-04,Kurunegala,1.0
2020-04-11,Kurunegala,1.0
2020-04-18,Kurunegala,0.0
2020-04-25,Kurunegala,0.0
2020-05-02,Kurunegala,1.0
2020-05-09,Kurunegala,0.0
2020-05-16,Kurunegala,6.0
2020-05-23,Kurunegala,7.0
2020-05-30,Kurunegala,6.0
2020-06-06,Kurunegala,14.0
2020-06-13,Kurunegala,22.0
2020-06-20,Kurunegala,14.0
2020-06-27,Kurunegala,8.0
2020-07-04,Kurunegala,11.0
2020-07-11,Kurunegala,12.0
2020-07-18,Kurunegala,7.0
2020-07-25,Kurunegala,12.0
2020-08-01,Kurunegala,11.0
2020-08-08,Kurunegala,19.0
2020-08-15,Kurunegala,24.0
2020-08-22,Kurunegala,14.0
2020-08-29,Kurunegala,5.0
2020-09-05,Kurunegala,4.0
2020-09-11,Kurunegala,12.0
2020-09-19,Kurunegala,8.0
2020-09-26,Kurunegala,3.0
2020-10-03,Kurunegala,8.0
2020-10-10,Kurunegala,9.0
2020-10-17,Kurunegala,10.0
2020-10-24,Kurunegala,3.0
2020-10-31,Kurunegala,1.0
2020-11-07,Kurunegala,6.0
2020-11-14,Kurunegala,0.0
2020-11-28,Kurunegala,9.0
2020-12-05,Kurunegala,8.0
2020-12-12,Kurunegala,11.0
2020-12-19,Kurunegala,3.0
2020-12-21,Kurunegala,4.0
2020-12-26,Kurunegala,177.0
2021-01-02,Kurunegala,14.0
2021-01-09,Kurunegala,13.0
2021-01-16,Kurunegala,16.0
2021-01-23,Kurunegala,7.0
2021-01-30,Kurunegala,10.0
2021-02-06,Kurunegala,9.0
2021-02-13,Kurunegala,25.0
2021-02-20,Kurunegala,10.0
2021-02-27,Kurunegala,38.0
2021-03-06,Kurunegala,43.0
2021-03-13,Kurunegala,35.0
2021-03-20,Kurunegala,48.0
2021-03-27,Kurunegala,31.0
2021-04-03,Kurunegala,54.0
2021-04-10,Kurunegala,11.0
2021-04-17,Kurunegala,34.0
2021-04-24,Kurunegala,21.0
2021-05-01,Kurunegala,18.0
2021-05-08,Kurunegala,13.0
2021-05-15,Kurunegala,15.0
2021-05-22,Kurunegala,3.0
2021-05-29,Kurunegala,11.0
2021-06-05,Kurunegala,11.0
2021-06-12,Kurunegala,21.0
2021-06-19,Kurunegala,30.0
2021-06-26,Kurunegala,70.0
2021-07-03,Kurunegala,42.0
2021-07-10,Kurunegala,15.0
2021-07-17,Kurunegala,36.0
2021-07-24,Kurunegala,43.0
2021-07-31,Kurunegala,46.0
2021-08-07,Kurunegala,21.0
2021-08-14,Kurunegala,5.0
2021-08-21,Kurunegala,5.0
2021-08-28,Kurunegala,2.0
2021-09-04,Kurunegala,13.0
2021-09-11,Kurunegala,9.0
2021-09-18,Kurunegala,23.0
2021-10-02,Kurunegala,23.0
2021-10-16,Kurunegala,35.0
2021-10-23,Kurunegala,57.0
2021-10-30,Kurunegala,33.0
2021-11-06,Kurunegala,54.0
2021-11-13,Kurunegala,53.0
2021-11-20,Kurunegala,96.0
2021-11-27,Kurunegala,67.0
2021-12-04,Kurunegala,64.0
2021-12-11,Kurunegala,23.0
2021-12-18,Kurunegala,23.0
2021-12-25,Kurunegala,23.0
2021-12-31,Kurunegala,56.0
2022-01-01,Kurunegala,19.0
2022-01-08,Kurunegala,11.0
2022-01-15,Kurunegala,21.0
2022-01-22,Kurunegala,11.0
2022-01-29,Kurunegala,58.0
2022-02-05,Kurunegala,29.0
2022-02-12,Kurunegala,80.0
2022-02-19,Kurunegala,42.0
2022-02-26,Kurunegala,21.0
2022-03-05,Kurunegala,32.0
2022-03-12,Kurunegala,40.0
2022-03-19,Kurunegala,25.0
2022-03-26,Kurunegala,22.0
2022-04-02,Kurunegala,36.0
2022-04-09,Kurunegala,12.0
2022-04-16,Kurunegala,24.0
2022-04-23,Kurunegala,14.0
2022-04-30,Kurunegala,22.0
2022-05-07,Kurunegala,19.0
2022-05-14,Kurunegala,35.0
2022-05-21,Kurunegala,59.0
2022-05-28,Kurunegala,60.0
2022-06-04,Kurunegala,44.0
2022-06-11,Kurunegala,64.0
2022-06-18,Kurunegala,86.0
2022-06-25,Kurunegala,63.0
2022-07-02,Kurunegala,67.0
2022-07-09,Kurunegala,53.0
2022-07-16,Kurunegala,10.0
2022-07-23,Kurunegala,61.0
2022-07-30,Kurunegala,90.0
2022-08-06,Kurunegala,30.0
2022-08-13,Kurunegala,58.0
2022-08-20,Kurunegala,30.0
2022-08-27,Kurunegala,27.0
2022-09-03,Kurunegala,28.0
2022-09-10,Kurunegala,0.0
2022-09-17,Kurunegala,23.0
2022-09-24,Kurunegala,16.0
2022-10-01,Kurunegala,19.0
2022-10-08,Kurunegala,37.0
2022-10-15,Kurunegala,25.0
2022-10-29,Kurunegala,37.0
2022-11-05,Kurunegala,11.0
2022-11-12,Kurunegala,29.0
2022-11-19,Kurunegala,26.0
2022-11-26,Kurunegala,27.0
2022-12-03,Kurunegala,35.0
2022-12-10,Kurunegala,58.0
2022-12-17,Kurunegala,66.0
2022-12-24,Kurunegala,51.0
2023-01-07,Kurunegala,75.0
2023-01-14,Kurunegala,79.0
2023-01-21,Kurunegala,51.0
2023-01-28,Kurunegala,67.0
2023-02-04,Kurunegala,50.0
2023-02-11,Kurunegala,32.0
2023-02-18,Kurunegala,40.0
2023-02-25,Kurunegala,39.0
2023-03-04,Kurunegala,38.0
2023-03-11,Kurunegala,53.0
2023-03-18,Kurunegala,51.0
2023-03-25,Kurunegala,39.0
2023-04-01,Kurunegala,30.0
2023-04-08,Kurunegala,35.0
2023-04-15,Kurunegala,59.0
2023-04-22,Kurunegala,54.0
2023-04-29,Kurunegala,33.0
2023-05-06,Kurunegala,51.0
2023-05-13,Kurunegala,76.0
2023-05-20,Kurunegala,72.0
2023-05-27,Kurunegala,82.0
2023-06-03,Kurunegala,123.0
2023-06-10,Kurunegala,127.0
2023-06-17,Kurunegala,124.0
2023-06-24,Kurunegala,103.0
2023-07-01,Kurunegala,86.0
2023-07-08,Kurunegala,56.0
2023-07-15,Kurunegala,59.0
2023-07-22,Kurunegala,57.0
2023-07-29,Kurunegala,55.0
2023-08-05,Kurunegala,55.0
2023-08-12,Kurunegala,38.0
2023-08-19,Kurunegala,51.0
2023-08-26,Kurunegala,30.0
2023-08-31,Kurunegala,43.0
2023-09-02,Kurunegala,36.0
2023-09-09,Kurunegala,38.0
2023-09-16,Kurunegala,22.0
2023-09-23,Kurunegala,16.0
2023-10-07,Kurunegala,24.0
2023-10-14,Kurunegala,7.0
2023-10-21,Kurunegala,1.0
2023-10-28,Kurunegala,2.0
2023-11-04,Kurunegala,1.0
2023-11-11,Kurunegala,48.0
2023-11-18,Kurunegala,50.0
2023-11-25,Kurunegala,131.0
2023-12-02,Kurunegala,159.0
2023-12-09,Kurunegala,155.0
2023-12-16,Kurunegala,172.0
2023-12-23,Kurunegala,164.0
2023-12-27,Kurunegala,103.0
2023-12-30,Kurunegala,155.0
2024-01-06,Kurunegala,127.0
2024-01-13,Kurunegala,124.0
2024-01-20,Kurunegala,135.0
2024-02-03,Kurunegala,108.0
2024-02-10,Kurunegala,26.0
2024-02-17,Kurunegala,61.0
2024-02-24,Kurunegala,58.0
2013-05-15,Mannar,0.0
2013-06-22,Mannar,1.0
2013-06-29,Mannar,1.0
2013-07-13,Mannar,0.0
2013-07-20,Mannar,0.0
2013-07-27,Mannar,0.0
2013-08-03,Mannar,0.0
2013-08-10,Mannar,0.0
2013-08-17,Mannar,0.0
2013-08-24,Mannar,2.0
2013-08-31,Mannar,1.0
2013-09-07,Mannar,0.0
2013-09-14,Mannar,1.0
2013-09-21,Mannar,2.0
2013-09-28,Mannar,0.0
2013-10-05,Mannar,0.0
2013-10-12,Mannar,0.0
2013-10-19,Mannar,2.0
2013-10-26,Mannar,0.0
2013-11-02,Mannar,0.0
2013-11-09,Mannar,0.0
2013-11-16,Mannar,0.0
2013-11-23,Mannar,0.0
2013-11-30,Mannar,0.0
2013-12-07,Mannar,0.0
2013-12-14,Mannar,0.0
2013-12-21,Mannar,1.0
2013-12-27,Mannar,3.0
2013-12-28,Mannar,1.0
2014-01-02,Mannar,0.0
2014-01-04,Mannar,1.0
2014-01-09,Mannar,6.0
2014-01-11,Mannar,0.0
2014-01-18,Mannar,0.0
2014-02-01,Mannar,0.0
2014-02-08,Mannar,0.0
2014-02-15,Mannar,1.0
2014-02-22,Mannar,0.0
2014-03-01,Mannar,0.0
2014-03-08,Mannar,0.0
2014-03-15,Mannar,0.0
2014-03-22,Mannar,0.0
2014-03-29,Mannar,0.0
2014-04-05,Mannar,0.0
2014-04-12,Mannar,0.0
2014-04-19,Mannar,0.0
2014-04-26,Mannar,0.0
2014-05-03,Mannar,0.0
2014-05-10,Mannar,0.0
2014-05-17,Mannar,0.0
2014-05-24,Mannar,0.0
2014-05-31,Mannar,0.0
2014-06-07,Mannar,1.0
2014-06-14,Mannar,2.0
2014-06-21,Mannar,8.0
2014-06-28,Mannar,4.0
2014-07-05,Mannar,2.0
2014-07-12,Mannar,4.0
2014-07-19,Mannar,3.0
2014-07-26,Mannar,2.0
2014-08-02,Mannar,1.0
2014-08-09,Mannar,0.0
2014-08-16,Mannar,3.0
2014-08-23,Mannar,3.0
2014-08-30,Mannar,6.0
2014-09-06,Mannar,0.0
2014-09-13,Mannar,0.0
2014-09-20,Mannar,14.0
2014-09-27,Mannar,11.0
2014-10-04,Mannar,12.0
2014-10-11,Mannar,15.0
2014-10-18,Mannar,12.0
2014-10-25,Mannar,16.0
2014-11-01,Mannar,0.0
2014-11-08,Mannar,17.0
2014-11-15,Mannar,37.0
2014-11-22,Mannar,36.0
2014-11-29,Mannar,22.0
2014-12-06,Mannar,6.0
2014-12-13,Mannar,2.0
2014-12-20,Mannar,18.0
2015-01-03,Mannar,0.0
2015-01-10,Mannar,5.0
2015-01-17,Mannar,9.0
2015-01-24,Mannar,4.0
2015-01-31,Mannar,6.0
2015-02-07,Mannar,3.0
2015-02-14,Mannar,1.0
2015-02-21,Mannar,4.0
2015-02-28,Mannar,0.0
2015-03-07,Mannar,0.0
2015-03-14,Mannar,1.0
2015-03-21,Mannar,0.0
2015-03-28,Mannar,0.0
2015-04-04,Mannar,0.0
2015-04-11,Mannar,0.0
2015-04-18,Mannar,1.0
2015-04-25,Mannar,0.0
2015-05-02,Mannar,1.0
2015-05-09,Mannar,1.0
2015-05-16,Mannar,1.0
2015-05-23,Mannar,0.0
2015-05-30,Mannar,1.0
2015-06-06,Mannar,0.0
2015-06-13,Mannar,1.0
2015-06-20,Mannar,0.0
2015-06-27,Mannar,0.0
2015-07-04,Mannar,0.0
2015-07-11,Mannar,1.0
2015-07-25,Mannar,0.0
2015-08-01,Mannar,0.0
2015-08-08,Mannar,1.0
2015-08-15,Mannar,0.0
2015-08-22,Mannar,0.0
2015-08-29,Mannar,0.0
2015-09-05,Mannar,0.0
2015-09-12,Mannar,0.0
2015-09-19,Mannar,2.0
2015-09-26,Mannar,1.0
2015-10-03,Mannar,0.0
2015-10-10,Mannar,0.0
2015-10-17,Mannar,0.0
2015-10-24,Mannar,0.0
2015-10-31,Mannar,3.0
2015-11-07,Mannar,0.0
2015-11-14,Mannar,1.0
2015-11-21,Mannar,0.0
2015-11-28,Mannar,2.0
2015-12-05,Mannar,8.0
2015-12-12,Mannar,6.0
2015-12-19,Mannar,3.0
2015-12-26,Mannar,3.0
2016-01-16,Mannar,8.0
2016-01-23,Mannar,11.0
2016-01-30,Mannar,7.0
2016-02-06,Mannar,3.0
2016-02-13,Mannar,6.0
2016-02-20,Mannar,1.0
2016-02-27,Mannar,3.0
2016-03-05,Mannar,0.0
2016-03-12,Mannar,0.0
2016-03-19,Mannar,0.0
2016-03-26,Mannar,2.0
2016-04-02,Mannar,0.0
2016-04-09,Mannar,2.0
2016-04-16,Mannar,0.0
2016-04-23,Mannar,3.0
2016-04-30,Mannar,1.0
2016-05-07,Mannar,7.0
2016-05-14,Mannar,0.0
2016-05-21,Mannar,6.0
2016-05-28,Mannar,4.0
2016-06-04,Mannar,0.0
2016-06-11,Mannar,0.0
2016-06-18,Mannar,1.0
2016-06-25,Mannar,1.0
2016-07-02,Mannar,1.0
2016-07-09,Mannar,1.0
2016-07-16,Mannar,1.0
2016-07-23,Mannar,0.0
2016-07-30,Mannar,1.0
2016-08-06,Mannar,0.0
2016-08-20,Mannar,1.0
2016-08-27,Mannar,0.0
2016-09-03,Mannar,1.0
2016-09-10,Mannar,0.0
2016-09-17,Mannar,2.0
2016-09-24,Mannar,0.0
2016-10-01,Mannar,0.0
2016-10-08,Mannar,3.0
2016-10-15,Mannar,1.0
2016-10-22,Mannar,1.0
2016-10-29,Mannar,2.0
2016-11-05,Mannar,6.0
2016-11-12,Mannar,2.0
2016-11-19,Mannar,4.0
2016-11-26,Mannar,6.0
2016-12-03,Mannar,0.0
2016-12-10,Mannar,8.0
2016-12-17,Mannar,8.0
2016-12-24,Mannar,37.0
2016-12-31,Mannar,29.0
2017-01-07,Mannar,55.0
2017-01-14,Mannar,31.0
2017-01-21,Mannar,21.0
2017-01-28,Mannar,22.0
2017-02-04,Mannar,22.0
2017-02-11,Mannar,26.0
2017-02-18,Mannar,16.0
2017-02-25,Mannar,16.0
2017-03-04,Mannar,15.0
2017-03-11,Mannar,9.0
2017-03-18,Mannar,11.0
2017-03-25,Mannar,13.0
2017-04-01,Mannar,43.0
2017-04-08,Mannar,8.0
2017-04-15,Mannar,25.0
2017-04-22,Mannar,14.0
2017-04-29,Mannar,22.0
2017-05-06,Mannar,10.0
2017-05-13,Mannar,19.0
2017-05-17,Mannar,8.0
2017-05-20,Mannar,9.0
2017-05-27,Mannar,4.0
2017-06-03,Mannar,5.0
2017-06-10,Mannar,2.0
2017-06-24,Mannar,4.0
2017-07-01,Mannar,8.0
2017-07-08,Mannar,2.0
2017-07-15,Mannar,3.0
2017-07-22,Mannar,10.0
2017-07-29,Mannar,0.0
2017-08-05,Mannar,0.0
2017-08-12,Mannar,1.0
2017-08-19,Mannar,4.0
2017-08-26,Mannar,0.0
2017-09-02,Mannar,3.0
2017-09-09,Mannar,0.0
2017-09-16,Mannar,0.0
2017-09-23,Mannar,0.0
2017-09-30,Mannar,2.0
2017-10-07,Mannar,0.0
2017-10-14,Mannar,3.0
2017-10-21,Mannar,1.0
2017-10-28,Mannar,2.0
2017-11-04,Mannar,3.0
2017-11-11,Mannar,1.0
2017-11-18,Mannar,2.0
2017-11-25,Mannar,1.0
2017-12-02,Mannar,7.0
2017-12-09,Mannar,7.0
2017-12-16,Mannar,3.0
2017-12-23,Mannar,4.0
2017-12-30,Mannar,3.0
2018-01-06,Mannar,4.0
2018-01-13,Mannar,4.0
2018-01-20,Mannar,1.0
2018-01-27,Mannar,2.0
2018-02-03,Mannar,0.0
2018-02-10,Mannar,0.0
2018-02-17,Mannar,0.0
2018-02-24,Mannar,4.0
2018-03-03,Mannar,0.0
2018-03-10,Mannar,1.0
2018-03-17,Mannar,1.0
2018-03-24,Mannar,0.0
2018-03-31,Mannar,3.0
2018-04-07,Mannar,1.0
2018-04-14,Mannar,1.0
2018-04-21,Mannar,0.0
2018-04-28,Mannar,0.0
2018-05-05,Mannar,1.0
2018-05-12,Mannar,0.0
2018-05-19,Mannar,1.0
2018-05-26,Mannar,4.0
2018-06-02,Mannar,1.0
2018-06-09,Mannar,0.0
2018-06-16,Mannar,0.0
2018-06-23,Mannar,4.0
2018-06-30,Mannar,16.0
2018-07-07,Mannar,17.0
2018-07-14,Mannar,34.0
2018-07-21,Mannar,44.0
2018-07-28,Mannar,23.0
2018-08-04,Mannar,10.0
2018-08-11,Mannar,3.0
2018-08-18,Mannar,3.0
2018-08-25,Mannar,0.0
2018-09-01,Mannar,0.0
2018-09-08,Mannar,2.0
2018-09-15,Mannar,2.0
2018-09-22,Mannar,0.0
2018-09-29,Mannar,2.0
2018-10-06,Mannar,1.0
2018-10-13,Mannar,3.0
2018-10-20,Mannar,0.0
2018-10-27,Mannar,0.0
2018-11-03,Mannar,1.0
2018-11-10,Mannar,1.0
2018-11-17,Mannar,1.0
2018-11-24,Mannar,3.0
2018-12-01,Mannar,0.0
2018-12-08,Mannar,14.0
2018-12-15,Mannar,4.0
2018-12-22,Mannar,4.0
2018-12-29,Mannar,8.0
2019-01-05,Mannar,6.0
2019-01-12,Mannar,10.0
2019-01-19,Mannar,3.0
2019-01-26,Mannar,4.0
2019-02-02,Mannar,7.0
2019-02-09,Mannar,2.0
2019-02-16,Mannar,1.0
2019-03-02,Mannar,4.0
2019-03-09,Mannar,1.0
2019-03-16,Mannar,2.0
2019-03-23,Mannar,4.0
2019-03-30,Mannar,1.0
2019-04-06,Mannar,1.0
2019-04-13,Mannar,1.0
2019-04-20,Mannar,4.0
2019-04-27,Mannar,2.0
2019-05-04,Mannar,1.0
2019-05-11,Mannar,2.0
2019-05-18,Mannar,0.0
2019-05-25,Mannar,1.0
2019-06-01,Mannar,1.0
2019-06-08,Mannar,1.0
2019-06-15,Mannar,1.0
2019-06-22,Mannar,0.0
2019-06-29,Mannar,0.0
2019-07-06,Mannar,0.0
2019-07-13,Mannar,0.0
2019-07-20,Mannar,0.0
2019-07-27,Mannar,2.0
2019-08-03,Mannar,0.0
2019-08-10,Mannar,0.0
2019-08-17,Mannar,0.0
2019-08-24,Mannar,0.0
2019-08-31,Mannar,1.0
2019-09-07,Mannar,0.0
2019-09-14,Mannar,0.0
2019-09-21,Mannar,0.0
2019-09-28,Mannar,0.0
2019-10-05,Mannar,5.0
2019-10-12,Mannar,2.0
2019-10-19,Mannar,15.0
2019-10-26,Mannar,9.0
2019-11-02,Mannar,1.0
2019-11-09,Mannar,13.0
2019-11-16,Mannar,5.0
2019-11-23,Mannar,12.0
2019-11-30,Mannar,49.0
2019-12-07,Mannar,11.0
2019-12-14,Mannar,28.0
2019-12-21,Mannar,6.0
2019-12-28,Mannar,36.0
2020-01-01,Mannar,6.0
2020-01-04,Mannar,22.0
2020-01-11,Mannar,29.0
2020-01-18,Mannar,18.0
2020-01-25,Mannar,13.0
2020-02-08,Mannar,14.0
2020-02-15,Mannar,1.0
2020-02-22,Mannar,4.0
2020-02-29,Mannar,0.0
2020-03-07,Mannar,1.0
2020-03-14,Mannar,0.0
2020-03-21,Mannar,0.0
2020-03-28,Mannar,0.0
2020-04-04,Mannar,0.0
2020-04-11,Mannar,0.0
2020-04-18,Mannar,0.0
2020-04-25,Mannar,0.0
2020-05-02,Mannar,0.0
2020-05-09,Mannar,1.0
2020-05-16,Mannar,0.0
2020-05-23,Mannar,0.0
2020-05-30,Mannar,1.0
2020-06-06,Mannar,0.0
2020-06-13,Mannar,1.0
2020-06-20,Mannar,1.0
2020-06-27,Mannar,3.0
2020-07-04,Mannar,2.0
2020-07-11,Mannar,0.0
2020-07-18,Mannar,1.0
2020-07-25,Mannar,2.0
2020-08-01,Mannar,0.0
2020-08-08,Mannar,3.0
2020-08-15,Mannar,0.0
2020-08-22,Mannar,0.0
2020-08-29,Mannar,0.0
2020-09-05,Mannar,0.0
2020-09-11,Mannar,0.0
2020-09-19,Mannar,1.0
2020-09-26,Mannar,0.0
2020-10-03,Mannar,0.0
2020-10-10,Mannar,0.0
2020-10-17,Mannar,0.0
2020-10-24,Mannar,0.0
2020-10-31,Mannar,0.0
2020-11-07,Mannar,0.0
2020-11-14,Mannar,0.0
2020-11-28,Mannar,1.0
2020-12-05,Mannar,0.0
2020-12-12,Mannar,1.0
2020-12-19,Mannar,1.0
2020-12-21,Mannar,0.0
2020-12-26,Mannar,990.0
2021-01-02,Mannar,1.0
2021-01-09,Mannar,0.0
2021-01-16,Mannar,1.0
2021-01-23,Mannar,1.0
2021-01-30,Mannar,3.0
2021-02-06,Mannar,0.0
2021-02-13,Mannar,0.0
2021-02-20,Mannar,1.0
2021-02-27,Mannar,5.0
2021-03-06,Mannar,0.0
2021-03-13,Mannar,0.0
2021-03-20,Mannar,1.0
2021-03-27,Mannar,2.0
2021-04-03,Mannar,0.0
2021-04-10,Mannar,1.0
2021-04-17,Mannar,1.0
2021-04-24,Mannar,1.0
2021-05-01,Mannar,0.0
2021-05-08,Mannar,0.0
2021-05-15,Mannar,0.0
2021-05-22,Mannar,0.0
2021-05-29,Mannar,0.0
2021-06-05,Mannar,0.0
2021-06-12,Mannar,0.0
2021-06-19,Mannar,1.0
2021-06-26,Mannar,0.0
2021-07-03,Mannar,1.0
2021-07-10,Mannar,0.0
2021-07-17,Mannar,1.0
2021-07-24,Mannar,1.0
2021-07-31,Mannar,0.0
2021-08-07,Mannar,0.0
2021-08-14,Mannar,1.0
2021-08-21,Mannar,0.0
2021-08-28,Mannar,0.0
2021-09-04,Mannar,0.0
2021-09-11,Mannar,0.0
2021-09-18,Mannar,0.0
2021-10-02,Mannar,0.0
2021-10-16,Mannar,1.0
2021-10-23,Mannar,1.0
2021-10-30,Mannar,1.0
2021-11-06,Mannar,0.0
2021-11-13,Mannar,1.0
2021-11-20,Mannar,7.0
2021-11-27,Mannar,30.0
2021-12-04,Mannar,63.0
2021-12-11,Mannar,18.0
2021-12-18,Mannar,18.0
2021-12-25,Mannar,18.0
2021-12-31,Mannar,2.0
2022-01-01,Mannar,37.0
2022-01-08,Mannar,18.0
2022-01-15,Mannar,26.0
2022-01-22,Mannar,29.0
2022-01-29,Mannar,13.0
2022-02-05,Mannar,8.0
2022-02-12,Mannar,4.0
2022-02-19,Mannar,0.0
2022-02-26,Mannar,3.0
2022-03-05,Mannar,0.0
2022-03-12,Mannar,0.0
2022-03-19,Mannar,2.0
2022-03-26,Mannar,1.0
2022-04-02,Mannar,1.0
2022-04-09,Mannar,0.0
2022-04-16,Mannar,1.0
2022-04-23,Mannar,3.0
2022-04-30,Mannar,0.0
2022-05-07,Mannar,1.0
2022-05-14,Mannar,1.0
2022-05-21,Mannar,5.0
2022-05-28,Mannar,5.0
2022-06-04,Mannar,5.0
2022-06-11,Mannar,0.0
2022-06-18,Mannar,4.0
2022-06-25,Mannar,2.0
2022-07-02,Mannar,2.0
2022-07-09,Mannar,1.0
2022-07-16,Mannar,0.0
2022-07-23,Mannar,1.0
2022-07-30,Mannar,0.0
2022-08-06,Mannar,3.0
2022-08-13,Mannar,0.0
2022-08-20,Mannar,0.0
2022-08-27,Mannar,0.0
2022-09-03,Mannar,0.0
2022-09-10,Mannar,0.0
2022-09-17,Mannar,0.0
2022-09-24,Mannar,2.0
2022-10-01,Mannar,3.0
2022-10-08,Mannar,3.0
2022-10-15,Mannar,5.0
2022-10-29,Mannar,5.0
2022-11-05,Mannar,11.0
2022-11-12,Mannar,15.0
2022-11-19,Mannar,6.0
2022-11-26,Mannar,12.0
2022-12-03,Mannar,11.0
2022-12-10,Mannar,1.0
2022-12-17,Mannar,10.0
2022-12-24,Mannar,7.0
2023-01-07,Mannar,8.0
2023-01-14,Mannar,4.0
2023-01-21,Mannar,2.0
2023-01-28,Mannar,0.0
2023-02-04,Mannar,0.0
2023-02-11,Mannar,0.0
2023-02-18,Mannar,2.0
2023-02-25,Mannar,0.0
2023-03-04,Mannar,1.0
2023-03-11,Mannar,0.0
2023-03-18,Mannar,1.0
2023-03-25,Mannar,4.0
2023-04-01,Mannar,2.0
2023-04-08,Mannar,1.0
2023-04-15,Mannar,3.0
2023-04-22,Mannar,4.0
2023-04-29,Mannar,2.0
2023-05-06,Mannar,3.0
2023-05-13,Mannar,5.0
2023-05-20,Mannar,7.0
2023-05-27,Mannar,1.0
2023-06-03,Mannar,4.0
2023-06-10,Mannar,2.0
2023-06-17,Mannar,3.0
2023-06-24,Mannar,2.0
2023-07-01,Mannar,0.0
2023-07-08,Mannar,0.0
2023-07-15,Mannar,1.0
2023-07-22,Mannar,3.0
2023-07-29,Mannar,0.0
2023-08-05,Mannar,0.0
2023-08-12,Mannar,0.0
2023-08-19,Mannar,1.0
2023-08-26,Mannar,0.0
2023-08-31,Mannar,0.0
2023-09-02,Mannar,1.0
2023-09-09,Mannar,2.0
2023-09-16,Mannar,1.0
2023-09-23,Mannar,1.0
2023-10-07,Mannar,2.0
2023-10-14,Mannar,1.0
2023-10-21,Mannar,3.0
2023-10-28,Mannar,3.0
2023-11-04,Mannar,4.0
2023-11-11,Mannar,3.0
2023-11-18,Mannar,1.0
2023-11-25,Mannar,7.0
2023-12-02,Mannar,9.0
2023-12-09,Mannar,14.0
2023-12-16,Mannar,17.0
2023-12-23,Mannar,25.0
2023-12-27,Mannar,19.0
2023-12-30,Mannar,53.0
2024-01-06,Mannar,35.0
2024-01-13,Mannar,26.0
2024-01-20,Mannar,10.0
2024-02-03,Mannar,21.0
2024-02-10,Mannar,2.0
2024-02-17,Mannar,4.0
2024-02-24,Mannar,4.0
2013-05-15,Matale,7.0
2013-06-22,Matale,7.0
2013-06-29,Matale,8.0
2013-07-13,Matale,5.0
2013-07-20,Matale,7.0
2013-07-27,Matale,13.0
2013-08-03,Matale,6.0
2013-08-10,Matale,14.0
2013-08-17,Matale,8.0
2013-08-24,Matale,5.0
2013-08-31,Matale,6.0
2013-09-07,Matale,4.0
2013-09-14,Matale,4.0
2013-09-21,Matale,11.0
2013-09-28,Matale,6.0
2013-10-05,Matale,0.0
2013-10-12,Matale,4.0
2013-10-19,Matale,3.0
2013-10-26,Matale,1.0
2013-11-02,Matale,10.0
2013-11-09,Matale,7.0
2013-11-16,Matale,2.0
2013-11-23,Matale,8.0
2013-11-30,Matale,11.0
2013-12-07,Matale,3.0
2013-12-14,Matale,4.0
2013-12-21,Matale,10.0
2013-12-27,Matale,20.0
2013-12-28,Matale,8.0
2014-01-02,Matale,7.0
2014-01-04,Matale,3.0
2014-01-09,Matale,8.0
2014-01-11,Matale,4.0
2014-01-18,Matale,5.0
2014-02-01,Matale,3.0
2014-02-08,Matale,5.0
2014-02-15,Matale,5.0
2014-02-22,Matale,8.0
2014-03-01,Matale,2.0
2014-03-08,Matale,3.0
2014-03-15,Matale,7.0
2014-03-22,Matale,4.0
2014-03-29,Matale,1.0
2014-04-05,Matale,1.0
2014-04-12,Matale,1.0
2014-04-19,Matale,4.0
2014-04-26,Matale,1.0
2014-05-03,Matale,2.0
2014-05-10,Matale,2.0
2014-05-17,Matale,2.0
2014-05-24,Matale,4.0
2014-05-31,Matale,7.0
2014-06-07,Matale,10.0
2014-06-14,Matale,34.0
2014-06-21,Matale,14.0
2014-06-28,Matale,15.0
2014-07-05,Matale,19.0
2014-07-12,Matale,14.0
2014-07-19,Matale,15.0
2014-07-26,Matale,7.0
2014-08-02,Matale,16.0
2014-08-09,Matale,7.0
2014-08-16,Matale,4.0
2014-08-23,Matale,8.0
2014-08-30,Matale,6.0
2014-09-06,Matale,4.0
2014-09-13,Matale,11.0
2014-09-20,Matale,5.0
2014-09-27,Matale,6.0
2014-10-04,Matale,14.0
2014-10-11,Matale,11.0
2014-10-18,Matale,20.0
2014-10-25,Matale,24.0
2014-11-01,Matale,18.0
2014-11-08,Matale,5.0
2014-11-15,Matale,15.0
2014-11-22,Matale,19.0
2014-11-29,Matale,22.0
2014-12-06,Matale,30.0
2014-12-13,Matale,15.0
2014-12-20,Matale,23.0
2015-01-03,Matale,9.0
2015-01-10,Matale,47.0
2015-01-17,Matale,28.0
2015-01-24,Matale,20.0
2015-01-31,Matale,10.0
2015-02-07,Matale,38.0
2015-02-14,Matale,16.0
2015-02-21,Matale,21.0
2015-02-28,Matale,9.0
2015-03-07,Matale,3.0
2015-03-14,Matale,6.0
2015-03-21,Matale,1.0
2015-03-28,Matale,4.0
2015-04-04,Matale,0.0
2015-04-11,Matale,1.0
2015-04-18,Matale,3.0
2015-04-25,Matale,1.0
2015-05-02,Matale,1.0
2015-05-09,Matale,0.0
2015-05-16,Matale,2.0
2015-05-23,Matale,0.0
2015-05-30,Matale,1.0
2015-06-06,Matale,3.0
2015-06-13,Matale,5.0
2015-06-20,Matale,3.0
2015-06-27,Matale,0.0
2015-07-04,Matale,1.0
2015-07-11,Matale,1.0
2015-07-25,Matale,3.0
2015-08-01,Matale,2.0
2015-08-08,Matale,0.0
2015-08-15,Matale,2.0
2015-08-22,Matale,2.0
2015-08-29,Matale,0.0
2015-09-05,Matale,2.0
2015-09-12,Matale,1.0
2015-09-19,Matale,1.0
2015-09-26,Matale,0.0
2015-10-03,Matale,2.0
2015-10-10,Matale,5.0
2015-10-17,Matale,1.0
2015-10-24,Matale,0.0
2015-10-31,Matale,2.0
2015-11-07,Matale,3.0
2015-11-14,Matale,1.0
2015-11-21,Matale,2.0
2015-11-28,Matale,3.0
2015-12-05,Matale,10.0
2015-12-12,Matale,0.0
2015-12-19,Matale,1.0
2015-12-26,Matale,2.0
2016-01-16,Matale,13.0
2016-01-23,Matale,9.0
2016-01-30,Matale,11.0
2016-02-06,Matale,8.0
2016-02-13,Matale,5.0
2016-02-20,Matale,12.0
2016-02-27,Matale,7.0
2016-03-05,Matale,9.0
2016-03-12,Matale,2.0
2016-03-19,Matale,4.0
2016-03-26,Matale,4.0
2016-04-02,Matale,0.0
2016-04-09,Matale,4.0
2016-04-16,Matale,1.0
2016-04-23,Matale,4.0
2016-04-30,Matale,3.0
2016-05-07,Matale,3.0
2016-05-14,Matale,1.0
2016-05-21,Matale,12.0
2016-05-28,Matale,5.0
2016-06-04,Matale,0.0
2016-06-11,Matale,10.0
2016-06-18,Matale,22.0
2016-06-25,Matale,49.0
2016-07-02,Matale,31.0
2016-07-09,Matale,45.0
2016-07-16,Matale,55.0
2016-07-23,Matale,27.0
2016-07-30,Matale,18.0
2016-08-06,Matale,21.0
2016-08-20,Matale,22.0
2016-08-27,Matale,29.0
2016-09-03,Matale,21.0
2016-09-10,Matale,1.0
2016-09-17,Matale,12.0
2016-09-24,Matale,5.0
2016-10-01,Matale,17.0
2016-10-08,Matale,29.0
2016-10-15,Matale,2.0
2016-10-22,Matale,13.0
2016-10-29,Matale,7.0
2016-11-05,Matale,5.0
2016-11-12,Matale,18.0
2016-11-19,Matale,10.0
2016-11-26,Matale,19.0
2016-12-03,Matale,13.0
2016-12-10,Matale,2.0
2016-12-17,Matale,4.0
2016-12-24,Matale,25.0
2016-12-31,Matale,19.0
2017-01-07,Matale,14.0
2017-01-14,Matale,37.0
2017-01-21,Matale,35.0
2017-01-28,Matale,8.0
2017-02-04,Matale,18.0
2017-02-11,Matale,22.0
2017-02-18,Matale,22.0
2017-02-25,Matale,10.0
2017-03-04,Matale,28.0
2017-03-11,Matale,30.0
2017-03-18,Matale,20.0
2017-03-25,Matale,23.0
2017-04-01,Matale,25.0
2017-04-08,Matale,13.0
2017-04-15,Matale,48.0
2017-04-22,Matale,34.0
2017-04-29,Matale,15.0
2017-05-06,Matale,48.0
2017-05-13,Matale,56.0
2017-05-17,Matale,96.0
2017-05-20,Matale,46.0
2017-05-27,Matale,75.0
2017-06-03,Matale,70.0
2017-06-10,Matale,78.0
2017-06-24,Matale,117.0
2017-07-01,Matale,204.0
2017-07-08,Matale,204.0
2017-07-15,Matale,183.0
2017-07-22,Matale,175.0
2017-07-29,Matale,145.0
2017-08-05,Matale,150.0
2017-08-12,Matale,148.0
2017-08-19,Matale,45.0
2017-08-26,Matale,34.0
2017-09-02,Matale,26.0
2017-09-09,Matale,35.0
2017-09-16,Matale,32.0
2017-09-23,Matale,22.0
2017-09-30,Matale,30.0
2017-10-07,Matale,35.0
2017-10-14,Matale,52.0
2017-10-21,Matale,60.0
2017-10-28,Matale,59.0
2017-11-04,Matale,34.0
2017-11-11,Matale,63.0
2017-11-18,Matale,58.0
2017-11-25,Matale,41.0
2017-12-02,Matale,67.0
2017-12-09,Matale,41.0
2017-12-16,Matale,30.0
2017-12-23,Matale,36.0
2017-12-30,Matale,32.0
2018-01-06,Matale,50.0
2018-01-13,Matale,24.0
2018-01-20,Matale,33.0
2018-01-27,Matale,24.0
2018-02-03,Matale,20.0
2018-02-10,Matale,8.0
2018-02-17,Matale,17.0
2018-02-24,Matale,13.0
2018-03-03,Matale,13.0
2018-03-10,Matale,21.0
2018-03-17,Matale,14.0
2018-03-24,Matale,7.0
2018-03-31,Matale,12.0
2018-04-07,Matale,8.0
2018-04-14,Matale,25.0
2018-04-21,Matale,26.0
2018-04-28,Matale,24.0
2018-05-05,Matale,29.0
2018-05-12,Matale,41.0
2018-05-19,Matale,23.0
2018-05-26,Matale,19.0
2018-06-02,Matale,24.0
2018-06-09,Matale,16.0
2018-06-16,Matale,13.0
2018-06-23,Matale,16.0
2018-06-30,Matale,33.0
2018-07-07,Matale,27.0
2018-07-14,Matale,37.0
2018-07-21,Matale,24.0
2018-07-28,Matale,18.0
2018-08-04,Matale,22.0
2018-08-11,Matale,18.0
2018-08-18,Matale,14.0
2018-08-25,Matale,9.0
2018-09-01,Matale,9.0
2018-09-08,Matale,7.0
2018-09-15,Matale,6.0
2018-09-22,Matale,4.0
2018-09-29,Matale,4.0
2018-10-06,Matale,5.0
2018-10-13,Matale,7.0
2018-10-20,Matale,7.0
2018-10-27,Matale,8.0
2018-11-03,Matale,5.0
2018-11-10,Matale,7.0
2018-11-17,Matale,13.0
2018-11-24,Matale,10.0
2018-12-01,Matale,20.0
2018-12-08,Matale,12.0
2018-12-15,Matale,21.0
2018-12-22,Matale,7.0
2018-12-29,Matale,19.0
2019-01-05,Matale,7.0
2019-01-12,Matale,19.0
2019-01-19,Matale,17.0
2019-01-26,Matale,41.0
2019-02-02,Matale,14.0
2019-02-09,Matale,6.0
2019-02-16,Matale,16.0
2019-03-02,Matale,15.0
2019-03-09,Matale,6.0
2019-03-16,Matale,7.0
2019-03-23,Matale,5.0
2019-03-30,Matale,3.0
2019-04-06,Matale,7.0
2019-04-13,Matale,2.0
2019-04-20,Matale,3.0
2019-04-27,Matale,8.0
2019-05-04,Matale,6.0
2019-05-11,Matale,5.0
2019-05-18,Matale,7.0
2019-05-25,Matale,2.0
2019-06-01,Matale,8.0
2019-06-08,Matale,12.0
2019-06-15,Matale,19.0
2019-06-22,Matale,12.0
2019-06-29,Matale,10.0
2019-07-06,Matale,17.0
2019-07-13,Matale,14.0
2019-07-20,Matale,15.0
2019-07-27,Matale,16.0
2019-08-03,Matale,15.0
2019-08-10,Matale,10.0
2019-08-17,Matale,18.0
2019-08-24,Matale,15.0
2019-08-31,Matale,12.0
2019-09-07,Matale,14.0
2019-09-14,Matale,15.0
2019-09-21,Matale,17.0
2019-09-28,Matale,21.0
2019-10-05,Matale,34.0
2019-10-12,Matale,44.0
2019-10-19,Matale,80.0
2019-10-26,Matale,99.0
2019-11-02,Matale,154.0
2019-11-09,Matale,153.0
2019-11-16,Matale,260.0
2019-11-23,Matale,212.0
2019-11-30,Matale,212.0
2019-12-07,Matale,198.0
2019-12-14,Matale,159.0
2019-12-21,Matale,128.0
2019-12-28,Matale,101.0
2020-01-01,Matale,32.0
2020-01-04,Matale,76.0
2020-01-11,Matale,77.0
2020-01-18,Matale,64.0
2020-01-25,Matale,35.0
2020-02-08,Matale,24.0
2020-02-15,Matale,23.0
2020-02-22,Matale,27.0
2020-02-29,Matale,13.0
2020-03-07,Matale,11.0
2020-03-14,Matale,10.0
2020-03-21,Matale,6.0
2020-03-28,Matale,2.0
2020-04-04,Matale,0.0
2020-04-11,Matale,3.0
2020-04-18,Matale,4.0
2020-04-25,Matale,7.0
2020-05-02,Matale,4.0
2020-05-09,Matale,2.0
2020-05-16,Matale,1.0
2020-05-23,Matale,7.0
2020-05-30,Matale,5.0
2020-06-06,Matale,8.0
2020-06-13,Matale,4.0
2020-06-20,Matale,4.0
2020-06-27,Matale,10.0
2020-07-04,Matale,2.0
2020-07-11,Matale,7.0
2020-07-18,Matale,5.0
2020-07-25,Matale,5.0
2020-08-01,Matale,4.0
2020-08-08,Matale,2.0
2020-08-15,Matale,5.0
2020-08-22,Matale,8.0
2020-08-29,Matale,4.0
2020-09-05,Matale,1.0
2020-09-11,Matale,7.0
2020-09-19,Matale,3.0
2020-09-26,Matale,3.0
2020-10-03,Matale,7.0
2020-10-10,Matale,1.0
2020-10-17,Matale,3.0
2020-10-24,Matale,0.0
2020-10-31,Matale,6.0
2020-11-07,Matale,1.0
2020-11-14,Matale,5.0
2020-11-28,Matale,0.0
2020-12-05,Matale,2.0
2020-12-12,Matale,2.0
2020-12-19,Matale,6.0
2020-12-21,Matale,2.0
2020-12-26,Matale,36.0
2021-01-02,Matale,1.0
2021-01-09,Matale,5.0
2021-01-16,Matale,3.0
2021-01-23,Matale,1.0
2021-01-30,Matale,0.0
2021-02-06,Matale,1.0
2021-02-13,Matale,3.0
2021-02-20,Matale,1.0
2021-02-27,Matale,8.0
2021-03-06,Matale,2.0
2021-03-13,Matale,1.0
2021-03-20,Matale,0.0
2021-03-27,Matale,1.0
2021-04-03,Matale,1.0
2021-04-10,Matale,1.0
2021-04-17,Matale,2.0
2021-04-24,Matale,4.0
2021-05-01,Matale,5.0
2021-05-08,Matale,1.0
2021-05-15,Matale,0.0
2021-05-22,Matale,0.0
2021-05-29,Matale,2.0
2021-06-05,Matale,3.0
2021-06-12,Matale,5.0
2021-06-19,Matale,7.0
2021-06-26,Matale,7.0
2021-07-03,Matale,13.0
2021-07-10,Matale,7.0
2021-07-17,Matale,11.0
2021-07-24,Matale,20.0
2021-07-31,Matale,12.0
2021-08-07,Matale,17.0
2021-08-14,Matale,4.0
2021-08-21,Matale,0.0
2021-08-28,Matale,0.0
2021-09-04,Matale,3.0
2021-09-11,Matale,5.0
2021-09-18,Matale,1.0
2021-10-02,Matale,5.0
2021-10-16,Matale,8.0
2021-10-23,Matale,3.0
2021-10-30,Matale,16.0
2021-11-06,Matale,5.0
2021-11-13,Matale,7.0
2021-11-20,Matale,7.0
2021-11-27,Matale,14.0
2021-12-04,Matale,11.0
2021-12-11,Matale,4.0
2021-12-18,Matale,4.0
2021-12-25,Matale,4.0
2021-12-31,Matale,38.0
2022-01-01,Matale,18.0
2022-01-08,Matale,12.0
2022-01-15,Matale,12.0
2022-01-22,Matale,13.0
2022-01-29,Matale,15.0
2022-02-05,Matale,7.0
2022-02-12,Matale,8.0
2022-02-19,Matale,12.0
2022-02-26,Matale,6.0
2022-03-05,Matale,2.0
2022-03-12,Matale,9.0
2022-03-19,Matale,8.0
2022-03-26,Matale,3.0
2022-04-02,Matale,8.0
2022-04-09,Matale,6.0
2022-04-16,Matale,9.0
2022-04-23,Matale,7.0
2022-04-30,Matale,14.0
2022-05-07,Matale,15.0
2022-05-14,Matale,7.0
2022-05-21,Matale,36.0
2022-05-28,Matale,36.0
2022-06-04,Matale,21.0
2022-06-11,Matale,61.0
2022-06-18,Matale,61.0
2022-06-25,Matale,46.0
2022-07-02,Matale,34.0
2022-07-09,Matale,20.0
2022-07-16,Matale,34.0
2022-07-23,Matale,36.0
2022-07-30,Matale,38.0
2022-08-06,Matale,15.0
2022-08-13,Matale,21.0
2022-08-20,Matale,23.0
2022-08-27,Matale,25.0
2022-09-03,Matale,13.0
2022-09-10,Matale,0.0
2022-09-17,Matale,43.0
2022-09-24,Matale,21.0
2022-10-01,Matale,35.0
2022-10-08,Matale,39.0
2022-10-15,Matale,23.0
2022-10-29,Matale,30.0
2022-11-05,Matale,22.0
2022-11-12,Matale,42.0
2022-11-19,Matale,25.0
2022-11-26,Matale,39.0
2022-12-03,Matale,23.0
2022-12-10,Matale,19.0
2022-12-17,Matale,27.0
2022-12-24,Matale,25.0
2023-01-07,Matale,38.0
2023-01-14,Matale,25.0
2023-01-21,Matale,22.0
2023-01-28,Matale,19.0
2023-02-04,Matale,20.0
2023-02-11,Matale,21.0
2023-02-18,Matale,25.0
2023-02-25,Matale,17.0
2023-03-04,Matale,11.0
2023-03-11,Matale,21.0
2023-03-18,Matale,33.0
2023-03-25,Matale,49.0
2023-04-01,Matale,34.0
2023-04-08,Matale,33.0
2023-04-15,Matale,40.0
2023-04-22,Matale,30.0
2023-04-29,Matale,36.0
2023-05-06,Matale,34.0
2023-05-13,Matale,29.0
2023-05-20,Matale,37.0
2023-05-27,Matale,44.0
2023-06-03,Matale,43.0
2023-06-10,Matale,40.0
2023-06-17,Matale,49.0
2023-06-24,Matale,38.0
2023-07-01,Matale,26.0
2023-07-08,Matale,60.0
2023-07-15,Matale,58.0
2023-07-22,Matale,35.0
2023-07-29,Matale,45.0
2023-08-05,Matale,69.0
2023-08-12,Matale,37.0
2023-08-19,Matale,60.0
2023-08-26,Matale,36.0
2023-08-31,Matale,25.0
2023-09-02,Matale,28.0
2023-09-09,Matale,20.0
2023-09-16,Matale,19.0
2023-09-23,Matale,26.0
2023-10-07,Matale,30.0
2023-10-14,Matale,41.0
2023-10-21,Matale,61.0
2023-10-28,Matale,60.0
2023-11-04,Matale,13.0
2023-11-11,Matale,26.0
2023-11-18,Matale,38.0
2023-11-25,Matale,94.0
2023-12-02,Matale,61.0
2023-12-09,Matale,74.0
2023-12-16,Matale,101.0
2023-12-23,Matale,71.0
2023-12-27,Matale,22.0
2023-12-30,Matale,40.0
2024-01-06,Matale,39.0
2024-01-13,Matale,94.0
2024-01-20,Matale,28.0
2024-02-03,Matale,27.0
2024-02-10,Matale,30.0
2024-02-17,Matale,18.0
2024-02-24,Matale,16.0
2013-05-15,Matara,12.0
2013-06-22,Matara,10.0
2013-06-29,Matara,15.0
2013-07-13,Matara,5.0
2013-07-20,Matara,26.0
2013-07-27,Matara,11.0
2013-08-03,Matara,6.0
2013-08-10,Matara,5.0
2013-08-17,Matara,5.0
2013-08-24,Matara,5.0
2013-08-31,Matara,7.0
2013-09-07,Matara,8.0
2013-09-14,Matara,4.0
2013-09-21,Matara,7.0
2013-09-28,Matara,7.0
2013-10-05,Matara,4.0
2013-10-12,Matara,3.0
2013-10-19,Matara,5.0
2013-10-26,Matara,4.0
2013-11-02,Matara,6.0
2013-11-09,Matara,7.0
2013-11-16,Matara,10.0
2013-11-23,Matara,3.0
2013-11-30,Matara,11.0
2013-12-07,Matara,10.0
2013-12-14,Matara,10.0
2013-12-21,Matara,6.0
2013-12-27,Matara,19.0
2013-12-28,Matara,10.0
2014-01-02,Matara,30.0
2014-01-04,Matara,12.0
2014-01-09,Matara,22.0
2014-01-11,Matara,9.0
2014-01-18,Matara,12.0
2014-02-01,Matara,8.0
2014-02-08,Matara,12.0
2014-02-15,Matara,8.0
2014-02-22,Matara,3.0
2014-03-01,Matara,6.0
2014-03-08,Matara,1.0
2014-03-15,Matara,3.0
2014-03-22,Matara,1.0
2014-03-29,Matara,3.0
2014-04-05,Matara,6.0
2014-04-12,Matara,0.0
2014-04-19,Matara,4.0
2014-04-26,Matara,3.0
2014-05-03,Matara,8.0
2014-05-10,Matara,1.0
2014-05-17,Matara,6.0
2014-05-24,Matara,4.0
2014-05-31,Matara,8.0
2014-06-07,Matara,20.0
2014-06-14,Matara,21.0
2014-06-21,Matara,14.0
2014-06-28,Matara,32.0
2014-07-05,Matara,23.0
2014-07-12,Matara,25.0
2014-07-19,Matara,28.0
2014-07-26,Matara,19.0
2014-08-02,Matara,20.0
2014-08-09,Matara,17.0
2014-08-16,Matara,17.0
2014-08-23,Matara,13.0
2014-08-30,Matara,21.0
2014-09-06,Matara,19.0
2014-09-13,Matara,26.0
2014-09-20,Matara,27.0
2014-09-27,Matara,29.0
2014-10-04,Matara,19.0
2014-10-11,Matara,32.0
2014-10-18,Matara,19.0
2014-10-25,Matara,30.0
2014-11-01,Matara,9.0
2014-11-08,Matara,23.0
2014-11-15,Matara,18.0
2014-11-22,Matara,20.0
2014-11-29,Matara,20.0
2014-12-06,Matara,24.0
2014-12-13,Matara,12.0
2014-12-20,Matara,14.0
2015-01-03,Matara,8.0
2015-01-10,Matara,8.0
2015-01-17,Matara,22.0
2015-01-24,Matara,17.0
2015-01-31,Matara,10.0
2015-02-07,Matara,14.0
2015-02-14,Matara,7.0
2015-02-21,Matara,16.0
2015-02-28,Matara,14.0
2015-03-07,Matara,5.0
2015-03-14,Matara,13.0
2015-03-21,Matara,9.0
2015-03-28,Matara,12.0
2015-04-04,Matara,5.0
2015-04-11,Matara,7.0
2015-04-18,Matara,4.0
2015-04-25,Matara,3.0
2015-05-02,Matara,4.0
2015-05-09,Matara,9.0
2015-05-16,Matara,5.0
2015-05-23,Matara,4.0
2015-05-30,Matara,4.0
2015-06-06,Matara,3.0
2015-06-13,Matara,3.0
2015-06-20,Matara,2.0
2015-06-27,Matara,3.0
2015-07-04,Matara,2.0
2015-07-11,Matara,5.0
2015-07-25,Matara,7.0
2015-08-01,Matara,10.0
2015-08-08,Matara,3.0
2015-08-15,Matara,5.0
2015-08-22,Matara,6.0
2015-08-29,Matara,4.0
2015-09-05,Matara,2.0
2015-09-12,Matara,12.0
2015-09-19,Matara,6.0
2015-09-26,Matara,10.0
2015-10-03,Matara,10.0
2015-10-10,Matara,9.0
2015-10-17,Matara,15.0
2015-10-24,Matara,28.0
2015-10-31,Matara,8.0
2015-11-07,Matara,10.0
2015-11-14,Matara,13.0
2015-11-21,Matara,12.0
2015-11-28,Matara,16.0
2015-12-05,Matara,10.0
2015-12-12,Matara,5.0
2015-12-19,Matara,6.0
2015-12-26,Matara,24.0
2016-01-16,Matara,33.0
2016-01-23,Matara,30.0
2016-01-30,Matara,18.0
2016-02-06,Matara,30.0
2016-02-13,Matara,31.0
2016-02-20,Matara,13.0
2016-02-27,Matara,14.0
2016-03-05,Matara,12.0
2016-03-12,Matara,12.0
2016-03-19,Matara,5.0
2016-03-26,Matara,7.0
2016-04-02,Matara,11.0
2016-04-09,Matara,8.0
2016-04-16,Matara,16.0
2016-04-23,Matara,14.0
2016-04-30,Matara,6.0
2016-05-07,Matara,7.0
2016-05-14,Matara,10.0
2016-05-21,Matara,12.0
2016-05-28,Matara,17.0
2016-06-04,Matara,22.0
2016-06-11,Matara,19.0
2016-06-18,Matara,59.0
2016-06-25,Matara,59.0
2016-07-02,Matara,48.0
2016-07-09,Matara,67.0
2016-07-16,Matara,54.0
2016-07-23,Matara,49.0
2016-07-30,Matara,44.0
2016-08-06,Matara,48.0
2016-08-20,Matara,29.0
2016-08-27,Matara,17.0
2016-09-03,Matara,29.0
2016-09-10,Matara,18.0
2016-09-17,Matara,29.0
2016-09-24,Matara,15.0
2016-10-01,Matara,25.0
2016-10-08,Matara,17.0
2016-10-15,Matara,21.0
2016-10-22,Matara,15.0
2016-10-29,Matara,24.0
2016-11-05,Matara,17.0
2016-11-12,Matara,20.0
2016-11-19,Matara,24.0
2016-11-26,Matara,12.0
2016-12-03,Matara,35.0
2016-12-10,Matara,11.0
2016-12-17,Matara,38.0
2016-12-24,Matara,73.0
2016-12-31,Matara,69.0
2017-01-07,Matara,114.0
2017-01-14,Matara,124.0
2017-01-21,Matara,121.0
2017-01-28,Matara,118.0
2017-02-04,Matara,88.0
2017-02-11,Matara,96.0
2017-02-18,Matara,69.0
2017-02-25,Matara,91.0
2017-03-04,Matara,48.0
2017-03-11,Matara,49.0
2017-03-18,Matara,76.0
2017-03-25,Matara,72.0
2017-04-01,Matara,76.0
2017-04-08,Matara,50.0
2017-04-15,Matara,126.0
2017-04-22,Matara,102.0
2017-04-29,Matara,104.0
2017-05-06,Matara,107.0
2017-05-13,Matara,157.0
2017-05-17,Matara,149.0
2017-05-20,Matara,120.0
2017-05-27,Matara,73.0
2017-06-03,Matara,121.0
2017-06-10,Matara,151.0
2017-06-24,Matara,87.0
2017-07-01,Matara,464.0
2017-07-08,Matara,378.0
2017-07-15,Matara,458.0
2017-07-22,Matara,489.0
2017-07-29,Matara,304.0
2017-08-05,Matara,329.0
2017-08-12,Matara,233.0
2017-08-19,Matara,163.0
2017-08-26,Matara,95.0
2017-09-02,Matara,88.0
2017-09-09,Matara,66.0
2017-09-16,Matara,88.0
2017-09-23,Matara,64.0
2017-09-30,Matara,50.0
2017-10-07,Matara,43.0
2017-10-14,Matara,43.0
2017-10-21,Matara,38.0
2017-10-28,Matara,42.0
2017-11-04,Matara,51.0
2017-11-11,Matara,41.0
2017-11-18,Matara,47.0
2017-11-25,Matara,40.0
2017-12-02,Matara,39.0
2017-12-09,Matara,38.0
2017-12-16,Matara,32.0
2017-12-23,Matara,33.0
2017-12-30,Matara,17.0
2018-01-06,Matara,44.0
2018-01-13,Matara,36.0
2018-01-20,Matara,36.0
2018-01-27,Matara,29.0
2018-02-03,Matara,39.0
2018-02-10,Matara,20.0
2018-02-17,Matara,32.0
2018-02-24,Matara,23.0
2018-03-03,Matara,18.0
2018-03-10,Matara,22.0
2018-03-17,Matara,19.0
2018-03-24,Matara,13.0
2018-03-31,Matara,21.0
2018-04-07,Matara,8.0
2018-04-14,Matara,9.0
2018-04-21,Matara,12.0
2018-04-28,Matara,7.0
2018-05-05,Matara,6.0
2018-05-12,Matara,18.0
2018-05-19,Matara,10.0
2018-05-26,Matara,1.0
2018-06-02,Matara,12.0
2018-06-09,Matara,8.0
2018-06-16,Matara,8.0
2018-06-23,Matara,14.0
2018-06-30,Matara,22.0
2018-07-07,Matara,53.0
2018-07-14,Matara,35.0
2018-07-21,Matara,42.0
2018-07-28,Matara,49.0
2018-08-04,Matara,30.0
2018-08-11,Matara,24.0
2018-08-18,Matara,20.0
2018-08-25,Matara,36.0
2018-09-01,Matara,34.0
2018-09-08,Matara,21.0
2018-09-15,Matara,13.0
2018-09-22,Matara,7.0
2018-09-29,Matara,16.0
2018-10-06,Matara,18.0
2018-10-13,Matara,7.0
2018-10-20,Matara,6.0
2018-10-27,Matara,13.0
2018-11-03,Matara,21.0
2018-11-10,Matara,18.0
2018-11-17,Matara,14.0
2018-11-24,Matara,23.0
2018-12-01,Matara,40.0
2018-12-08,Matara,25.0
2018-12-15,Matara,41.0
2018-12-22,Matara,35.0
2018-12-29,Matara,62.0
2019-01-05,Matara,51.0
2019-01-12,Matara,42.0
2019-01-19,Matara,64.0
2019-01-26,Matara,75.0
2019-02-02,Matara,29.0
2019-02-09,Matara,29.0
2019-02-16,Matara,21.0
2019-03-02,Matara,13.0
2019-03-09,Matara,33.0
2019-03-16,Matara,11.0
2019-03-23,Matara,22.0
2019-03-30,Matara,24.0
2019-04-06,Matara,29.0
2019-04-13,Matara,15.0
2019-04-20,Matara,38.0
2019-04-27,Matara,31.0
2019-05-04,Matara,21.0
2019-05-11,Matara,18.0
2019-05-18,Matara,25.0
2019-05-25,Matara,35.0
2019-06-01,Matara,42.0
2019-06-08,Matara,103.0
2019-06-15,Matara,68.0
2019-06-22,Matara,82.0
2019-06-29,Matara,119.0
2019-07-06,Matara,131.0
2019-07-13,Matara,192.0
2019-07-20,Matara,129.0
2019-07-27,Matara,223.0
2019-08-03,Matara,130.0
2019-08-10,Matara,110.0
2019-08-17,Matara,172.0
2019-08-24,Matara,82.0
2019-08-31,Matara,81.0
2019-09-07,Matara,90.0
2019-09-14,Matara,117.0
2019-09-21,Matara,95.0
2019-09-28,Matara,116.0
2019-10-05,Matara,110.0
2019-10-12,Matara,120.0
2019-10-19,Matara,147.0
2019-10-26,Matara,114.0
2019-11-02,Matara,124.0
2019-11-09,Matara,93.0
2019-11-16,Matara,124.0
2019-11-23,Matara,88.0
2019-11-30,Matara,100.0
2019-12-07,Matara,69.0
2019-12-14,Matara,88.0
2019-12-21,Matara,49.0
2019-12-28,Matara,49.0
2020-01-01,Matara,34.0
2020-01-04,Matara,72.0
2020-01-11,Matara,65.0
2020-01-18,Matara,48.0
2020-01-25,Matara,42.0
2020-02-08,Matara,34.0
2020-02-15,Matara,29.0
2020-02-22,Matara,22.0
2020-02-29,Matara,3.0
2020-03-07,Matara,2.0
2020-03-14,Matara,0.0
2020-03-21,Matara,0.0
2020-03-28,Matara,0.0
2020-04-04,Matara,0.0
2020-04-11,Matara,0.0
2020-04-18,Matara,0.0
2020-04-25,Matara,0.0
2020-05-02,Matara,0.0
2020-05-09,Matara,0.0
2020-05-16,Matara,1.0
2020-05-23,Matara,0.0
2020-05-30,Matara,0.0
2020-06-06,Matara,0.0
2020-06-13,Matara,0.0
2020-06-20,Matara,0.0
2020-06-27,Matara,0.0
2020-07-04,Matara,0.0
2020-07-11,Matara,0.0
2020-07-18,Matara,0.0
2020-07-25,Matara,6.0
2020-08-01,Matara,3.0
2020-08-08,Matara,7.0
2020-08-15,Matara,5.0
2020-08-22,Matara,2.0
2020-08-29,Matara,3.0
2020-09-05,Matara,4.0
2020-09-11,Matara,4.0
2020-09-19,Matara,4.0
2020-09-26,Matara,4.0
2020-10-03,Matara,9.0
2020-10-10,Matara,7.0
2020-10-17,Matara,5.0
2020-10-24,Matara,2.0
2020-10-31,Matara,9.0
2020-11-07,Matara,2.0
2020-11-14,Matara,4.0
2020-11-28,Matara,3.0
2020-12-05,Matara,1.0
2020-12-12,Matara,2.0
2020-12-19,Matara,2.0
2020-12-21,Matara,2.0
2020-12-26,Matara,234.0
2021-01-02,Matara,3.0
2021-01-09,Matara,9.0
2021-01-16,Matara,6.0
2021-01-23,Matara,3.0
2021-01-30,Matara,4.0
2021-02-06,Matara,8.0
2021-02-13,Matara,9.0
2021-02-20,Matara,12.0
2021-02-27,Matara,9.0
2021-03-06,Matara,5.0
2021-03-13,Matara,5.0
2021-03-20,Matara,12.0
2021-03-27,Matara,6.0
2021-04-03,Matara,10.0
2021-04-10,Matara,0.0
2021-04-17,Matara,32.0
2021-04-24,Matara,7.0
2021-05-01,Matara,4.0
2021-05-08,Matara,4.0
2021-05-15,Matara,3.0
2021-05-22,Matara,4.0
2021-05-29,Matara,5.0
2021-06-05,Matara,11.0
2021-06-12,Matara,22.0
2021-06-19,Matara,55.0
2021-06-26,Matara,40.0
2021-07-03,Matara,10.0
2021-07-10,Matara,34.0
2021-07-17,Matara,11.0
2021-07-24,Matara,16.0
2021-07-31,Matara,13.0
2021-08-07,Matara,10.0
2021-08-14,Matara,4.0
2021-08-21,Matara,4.0
2021-08-28,Matara,1.0
2021-09-04,Matara,6.0
2021-09-11,Matara,7.0
2021-09-18,Matara,9.0
2021-10-02,Matara,16.0
2021-10-16,Matara,10.0
2021-10-23,Matara,5.0
2021-10-30,Matara,6.0
2021-11-06,Matara,10.0
2021-11-13,Matara,20.0
2021-11-20,Matara,11.0
2021-11-27,Matara,26.0
2021-12-04,Matara,14.0
2021-12-11,Matara,31.0
2021-12-18,Matara,31.0
2021-12-25,Matara,31.0
2021-12-31,Matara,34.0
2022-01-01,Matara,17.0
2022-01-08,Matara,25.0
2022-01-15,Matara,21.0
2022-01-22,Matara,29.0
2022-01-29,Matara,27.0
2022-02-05,Matara,8.0
2022-02-12,Matara,24.0
2022-02-19,Matara,16.0
2022-02-26,Matara,20.0
2022-03-05,Matara,23.0
2022-03-12,Matara,9.0
2022-03-19,Matara,8.0
2022-03-26,Matara,16.0
2022-04-02,Matara,18.0
2022-04-09,Matara,0.0
2022-04-16,Matara,42.0
2022-04-23,Matara,34.0
2022-04-30,Matara,35.0
2022-05-07,Matara,18.0
2022-05-14,Matara,35.0
2022-05-21,Matara,55.0
2022-05-28,Matara,55.0
2022-06-04,Matara,58.0
2022-06-11,Matara,44.0
2022-06-18,Matara,82.0
2022-06-25,Matara,60.0
2022-07-02,Matara,81.0
2022-07-09,Matara,63.0
2022-07-16,Matara,76.0
2022-07-23,Matara,59.0
2022-07-30,Matara,61.0
2022-08-06,Matara,60.0
2022-08-13,Matara,33.0
2022-08-20,Matara,44.0
2022-08-27,Matara,37.0
2022-09-03,Matara,43.0
2022-09-10,Matara,0.0
2022-09-17,Matara,25.0
2022-09-24,Matara,21.0
2022-10-01,Matara,29.0
2022-10-08,Matara,25.0
2022-10-15,Matara,16.0
2022-10-29,Matara,24.0
2022-11-05,Matara,30.0
2022-11-12,Matara,19.0
2022-11-19,Matara,17.0
2022-11-26,Matara,31.0
2022-12-03,Matara,16.0
2022-12-10,Matara,27.0
2022-12-17,Matara,34.0
2022-12-24,Matara,22.0
2023-01-07,Matara,46.0
2023-01-14,Matara,39.0
2023-01-21,Matara,34.0
2023-01-28,Matara,20.0
2023-02-04,Matara,49.0
2023-02-11,Matara,38.0
2023-02-18,Matara,30.0
2023-02-25,Matara,42.0
2023-03-04,Matara,36.0
2023-03-11,Matara,35.0
2023-03-18,Matara,40.0
2023-03-25,Matara,30.0
2023-04-01,Matara,30.0
2023-04-08,Matara,31.0
2023-04-15,Matara,31.0
2023-04-22,Matara,43.0
2023-04-29,Matara,23.0
2023-05-06,Matara,31.0
2023-05-13,Matara,35.0
2023-05-20,Matara,49.0
2023-05-27,Matara,65.0
2023-06-03,Matara,48.0
2023-06-10,Matara,65.0
2023-06-17,Matara,71.0
2023-06-24,Matara,40.0
2023-07-01,Matara,69.0
2023-07-08,Matara,62.0
2023-07-15,Matara,74.0
2023-07-22,Matara,41.0
2023-07-29,Matara,51.0
2023-08-05,Matara,55.0
2023-08-12,Matara,45.0
2023-08-19,Matara,56.0
2023-08-26,Matara,26.0
2023-08-31,Matara,20.0
2023-09-02,Matara,17.0
2023-09-09,Matara,33.0
2023-09-16,Matara,35.0
2023-09-23,Matara,21.0
2023-10-07,Matara,36.0
2023-10-14,Matara,32.0
2023-10-21,Matara,19.0
2023-10-28,Matara,47.0
2023-11-04,Matara,3.0
2023-11-11,Matara,10.0
2023-11-18,Matara,4.0
2023-11-25,Matara,28.0
2023-12-02,Matara,37.0
2023-12-09,Matara,38.0
2023-12-16,Matara,36.0
2023-12-23,Matara,20.0
2023-12-27,Matara,29.0
2023-12-30,Matara,46.0
2024-01-06,Matara,35.0
2024-01-13,Matara,54.0
2024-01-20,Matara,32.0
2024-02-03,Matara,26.0
2024-02-10,Matara,23.0
2024-02-17,Matara,29.0
2024-02-24,Matara,15.0
2013-05-15,Moneragala,3.0
2013-06-22,Moneragala,6.0
2013-06-29,Moneragala,6.0
2013-07-13,Moneragala,9.0
2013-07-20,Moneragala,4.0
2013-07-27,Moneragala,2.0
2013-08-03,Moneragala,2.0
2013-08-10,Moneragala,4.0
2013-08-17,Moneragala,3.0
2013-08-24,Moneragala,2.0
2013-08-31,Moneragala,3.0
2013-09-07,Moneragala,2.0
2013-09-14,Moneragala,4.0
2013-09-21,Moneragala,5.0
2013-09-28,Moneragala,3.0
2013-10-05,Moneragala,2.0
2013-10-12,Moneragala,5.0
2013-10-19,Moneragala,5.0
2013-10-26,Moneragala,1.0
2013-11-02,Moneragala,4.0
2013-11-09,Moneragala,2.0
2013-11-16,Moneragala,4.0
2013-11-23,Moneragala,1.0
2013-11-30,Moneragala,4.0
2013-12-07,Moneragala,2.0
2013-12-14,Moneragala,0.0
2013-12-21,Moneragala,3.0
2013-12-27,Moneragala,8.0
2013-12-28,Moneragala,5.0
2014-01-02,Moneragala,14.0
2014-01-04,Moneragala,3.0
2014-01-09,Moneragala,11.0
2014-01-11,Moneragala,5.0
2014-01-18,Moneragala,2.0
2014-02-01,Moneragala,8.0
2014-02-08,Moneragala,2.0
2014-02-15,Moneragala,8.0
2014-02-22,Moneragala,1.0
2014-03-01,Moneragala,4.0
2014-03-08,Moneragala,8.0
2014-03-15,Moneragala,7.0
2014-03-22,Moneragala,2.0
2014-03-29,Moneragala,3.0
2014-04-05,Moneragala,0.0
2014-04-12,Moneragala,2.0
2014-04-19,Moneragala,1.0
2014-04-26,Moneragala,0.0
2014-05-03,Moneragala,1.0
2014-05-10,Moneragala,1.0
2014-05-17,Moneragala,4.0
2014-05-24,Moneragala,0.0
2014-05-31,Moneragala,9.0
2014-06-07,Moneragala,8.0
2014-06-14,Moneragala,5.0
2014-06-21,Moneragala,6.0
2014-06-28,Moneragala,2.0
2014-07-05,Moneragala,9.0
2014-07-12,Moneragala,12.0
2014-07-19,Moneragala,9.0
2014-07-26,Moneragala,6.0
2014-08-02,Moneragala,2.0
2014-08-09,Moneragala,7.0
2014-08-16,Moneragala,8.0
2014-08-23,Moneragala,6.0
2014-08-30,Moneragala,6.0
2014-09-06,Moneragala,3.0
2014-09-13,Moneragala,5.0
2014-09-20,Moneragala,4.0
2014-09-27,Moneragala,7.0
2014-10-04,Moneragala,6.0
2014-10-11,Moneragala,3.0
2014-10-18,Moneragala,2.0
2014-10-25,Moneragala,6.0
2014-11-01,Moneragala,12.0
2014-11-08,Moneragala,11.0
2014-11-15,Moneragala,13.0
2014-11-22,Moneragala,8.0
2014-11-29,Moneragala,2.0
2014-12-06,Moneragala,11.0
2014-12-13,Moneragala,3.0
2014-12-20,Moneragala,2.0
2015-01-03,Moneragala,4.0
2015-01-10,Moneragala,10.0
2015-01-17,Moneragala,12.0
2015-01-24,Moneragala,3.0
2015-01-31,Moneragala,7.0
2015-02-07,Moneragala,8.0
2015-02-14,Moneragala,8.0
2015-02-21,Moneragala,4.0
2015-02-28,Moneragala,5.0
2015-03-07,Moneragala,5.0
2015-03-14,Moneragala,4.0
2015-03-21,Moneragala,1.0
2015-03-28,Moneragala,1.0
2015-04-04,Moneragala,0.0
2015-04-11,Moneragala,2.0
2015-04-18,Moneragala,2.0
2015-04-25,Moneragala,1.0
2015-05-02,Moneragala,2.0
2015-05-09,Moneragala,3.0
2015-05-16,Moneragala,1.0
2015-05-23,Moneragala,0.0
2015-05-30,Moneragala,3.0
2015-06-06,Moneragala,3.0
2015-06-13,Moneragala,2.0
2015-06-20,Moneragala,6.0
2015-06-27,Moneragala,3.0
2015-07-04,Moneragala,1.0
2015-07-11,Moneragala,3.0
2015-07-25,Moneragala,6.0
2015-08-01,Moneragala,2.0
2015-08-08,Moneragala,6.0
2015-08-15,Moneragala,1.0
2015-08-22,Moneragala,4.0
2015-08-29,Moneragala,0.0
2015-09-05,Moneragala,1.0
2015-09-12,Moneragala,0.0
2015-09-19,Moneragala,1.0
2015-09-26,Moneragala,1.0
2015-10-03,Moneragala,1.0
2015-10-10,Moneragala,3.0
2015-10-17,Moneragala,4.0
2015-10-24,Moneragala,5.0
2015-10-31,Moneragala,2.0
2015-11-07,Moneragala,3.0
2015-11-14,Moneragala,5.0
2015-11-21,Moneragala,9.0
2015-11-28,Moneragala,8.0
2015-12-05,Moneragala,12.0
2015-12-12,Moneragala,4.0
2015-12-19,Moneragala,2.0
2015-12-26,Moneragala,14.0
2016-01-16,Moneragala,5.0
2016-01-23,Moneragala,6.0
2016-01-30,Moneragala,7.0
2016-02-06,Moneragala,9.0
2016-02-13,Moneragala,3.0
2016-02-20,Moneragala,5.0
2016-02-27,Moneragala,4.0
2016-03-05,Moneragala,4.0
2016-03-12,Moneragala,7.0
2016-03-19,Moneragala,0.0
2016-03-26,Moneragala,8.0
2016-04-02,Moneragala,8.0
2016-04-09,Moneragala,1.0
2016-04-16,Moneragala,4.0
2016-04-23,Moneragala,4.0
2016-04-30,Moneragala,5.0
2016-05-07,Moneragala,4.0
2016-05-14,Moneragala,2.0
2016-05-21,Moneragala,5.0
2016-05-28,Moneragala,2.0
2016-06-04,Moneragala,0.0
2016-06-11,Moneragala,0.0
2016-06-18,Moneragala,10.0
2016-06-25,Moneragala,5.0
2016-07-02,Moneragala,12.0
2016-07-09,Moneragala,12.0
2016-07-16,Moneragala,14.0
2016-07-23,Moneragala,16.0
2016-07-30,Moneragala,12.0
2016-08-06,Moneragala,21.0
2016-08-20,Moneragala,8.0
2016-08-27,Moneragala,7.0
2016-09-03,Moneragala,2.0
2016-09-10,Moneragala,10.0
2016-09-17,Moneragala,6.0
2016-09-24,Moneragala,4.0
2016-10-01,Moneragala,2.0
2016-10-08,Moneragala,7.0
2016-10-15,Moneragala,0.0
2016-10-22,Moneragala,5.0
2016-10-29,Moneragala,10.0
2016-11-05,Moneragala,1.0
2016-11-12,Moneragala,2.0
2016-11-19,Moneragala,8.0
2016-11-26,Moneragala,6.0
2016-12-03,Moneragala,5.0
2016-12-10,Moneragala,12.0
2016-12-17,Moneragala,17.0
2016-12-24,Moneragala,21.0
2016-12-31,Moneragala,15.0
2017-01-07,Moneragala,9.0
2017-01-14,Moneragala,30.0
2017-01-21,Moneragala,14.0
2017-01-28,Moneragala,20.0
2017-02-04,Moneragala,13.0
2017-02-11,Moneragala,24.0
2017-02-18,Moneragala,19.0
2017-02-25,Moneragala,17.0
2017-03-04,Moneragala,16.0
2017-03-11,Moneragala,17.0
2017-03-18,Moneragala,36.0
2017-03-25,Moneragala,28.0
2017-04-01,Moneragala,42.0
2017-04-08,Moneragala,28.0
2017-04-15,Moneragala,42.0
2017-04-22,Moneragala,55.0
2017-04-29,Moneragala,63.0
2017-05-06,Moneragala,19.0
2017-05-13,Moneragala,62.0
2017-05-17,Moneragala,114.0
2017-05-20,Moneragala,42.0
2017-05-27,Moneragala,56.0
2017-06-03,Moneragala,49.0
2017-06-10,Moneragala,82.0
2017-06-24,Moneragala,85.0
2017-07-01,Moneragala,168.0
2017-07-08,Moneragala,137.0
2017-07-15,Moneragala,155.0
2017-07-22,Moneragala,109.0
2017-07-29,Moneragala,96.0
2017-08-05,Moneragala,80.0
2017-08-12,Moneragala,113.0
2017-08-19,Moneragala,59.0
2017-08-26,Moneragala,53.0
2017-09-02,Moneragala,77.0
2017-09-09,Moneragala,62.0
2017-09-16,Moneragala,67.0
2017-09-23,Moneragala,41.0
2017-09-30,Moneragala,61.0
2017-10-07,Moneragala,64.0
2017-10-14,Moneragala,85.0
2017-10-21,Moneragala,147.0
2017-10-28,Moneragala,90.0
2017-11-04,Moneragala,100.0
2017-11-11,Moneragala,73.0
2017-11-18,Moneragala,71.0
2017-11-25,Moneragala,51.0
2017-12-02,Moneragala,71.0
2017-12-09,Moneragala,54.0
2017-12-16,Moneragala,68.0
2017-12-23,Moneragala,47.0
2017-12-30,Moneragala,53.0
2018-01-06,Moneragala,45.0
2018-01-13,Moneragala,53.0
2018-01-20,Moneragala,34.0
2018-01-27,Moneragala,32.0
2018-02-03,Moneragala,33.0
2018-02-10,Moneragala,20.0
2018-02-17,Moneragala,35.0
2018-02-24,Moneragala,27.0
2018-03-03,Moneragala,18.0
2018-03-10,Moneragala,21.0
2018-03-17,Moneragala,10.0
2018-03-24,Moneragala,5.0
2018-03-31,Moneragala,15.0
2018-04-07,Moneragala,2.0
2018-04-14,Moneragala,17.0
2018-04-21,Moneragala,13.0
2018-04-28,Moneragala,2.0
2018-05-05,Moneragala,14.0
2018-05-12,Moneragala,24.0
2018-05-19,Moneragala,10.0
2018-05-26,Moneragala,19.0
2018-06-02,Moneragala,11.0
2018-06-09,Moneragala,18.0
2018-06-16,Moneragala,15.0
2018-06-23,Moneragala,16.0
2018-06-30,Moneragala,17.0
2018-07-07,Moneragala,19.0
2018-07-14,Moneragala,16.0
2018-07-21,Moneragala,20.0
2018-07-28,Moneragala,21.0
2018-08-04,Moneragala,12.0
2018-08-11,Moneragala,11.0
2018-08-18,Moneragala,16.0
2018-08-25,Moneragala,10.0
2018-09-01,Moneragala,10.0
2018-09-08,Moneragala,7.0
2018-09-15,Moneragala,6.0
2018-09-22,Moneragala,10.0
2018-09-29,Moneragala,9.0
2018-10-06,Moneragala,7.0
2018-10-13,Moneragala,6.0
2018-10-20,Moneragala,7.0
2018-10-27,Moneragala,3.0
2018-11-03,Moneragala,7.0
2018-11-10,Moneragala,7.0
2018-11-17,Moneragala,6.0
2018-11-24,Moneragala,11.0
2018-12-01,Moneragala,13.0
2018-12-08,Moneragala,20.0
2018-12-15,Moneragala,13.0
2018-12-22,Moneragala,8.0
2018-12-29,Moneragala,19.0
2019-01-05,Moneragala,16.0
2019-01-12,Moneragala,13.0
2019-01-19,Moneragala,12.0
2019-01-26,Moneragala,22.0
2019-02-02,Moneragala,10.0
2019-02-09,Moneragala,7.0
2019-02-16,Moneragala,8.0
2019-03-02,Moneragala,7.0
2019-03-09,Moneragala,11.0
2019-03-16,Moneragala,13.0
2019-03-23,Moneragala,9.0
2019-03-30,Moneragala,8.0
2019-04-06,Moneragala,3.0
2019-04-13,Moneragala,7.0
2019-04-20,Moneragala,21.0
2019-04-27,Moneragala,8.0
2019-05-04,Moneragala,4.0
2019-05-11,Moneragala,3.0
2019-05-18,Moneragala,4.0
2019-05-25,Moneragala,10.0
2019-06-01,Moneragala,9.0
2019-06-08,Moneragala,10.0
2019-06-15,Moneragala,15.0
2019-06-22,Moneragala,25.0
2019-06-29,Moneragala,11.0
2019-07-06,Moneragala,10.0
2019-07-13,Moneragala,8.0
2019-07-20,Moneragala,16.0
2019-07-27,Moneragala,11.0
2019-08-03,Moneragala,0.0
2019-08-10,Moneragala,0.0
2019-08-17,Moneragala,0.0
2019-08-24,Moneragala,0.0
2019-08-31,Moneragala,0.0
2019-09-07,Moneragala,0.0
2019-09-14,Moneragala,0.0
2019-09-21,Moneragala,0.0
2019-09-28,Moneragala,0.0
2019-10-05,Moneragala,0.0
2019-10-12,Moneragala,0.0
2019-10-19,Moneragala,0.0
2019-10-26,Moneragala,0.0
2019-11-02,Moneragala,0.0
2019-11-09,Moneragala,0.0
2019-11-16,Moneragala,0.0
2019-11-23,Moneragala,0.0
2019-11-30,Moneragala,0.0
2019-12-07,Moneragala,0.0
2019-12-14,Moneragala,0.0
2019-12-21,Moneragala,0.0
2019-12-28,Moneragala,0.0
2020-01-01,Moneragala,0.0
2020-01-04,Moneragala,0.0
2020-01-11,Moneragala,0.0
2020-01-18,Moneragala,0.0
2020-01-25,Moneragala,0.0
2020-02-08,Moneragala,0.0
2020-02-15,Moneragala,0.0
2020-02-22,Moneragala,0.0
2020-02-29,Moneragala,0.0
2020-03-07,Moneragala,0.0
2020-03-14,Moneragala,0.0
2020-03-21,Moneragala,0.0
2020-03-28,Moneragala,0.0
2020-04-04,Moneragala,0.0
2020-04-11,Moneragala,0.0
2020-04-18,Moneragala,0.0
2020-04-25,Moneragala,0.0
2020-05-02,Moneragala,0.0
2020-05-09,Moneragala,0.0
2020-05-16,Moneragala,0.0
2020-05-23,Moneragala,0.0
2020-05-30,Moneragala,0.0
2020-06-06,Moneragala,0.0
2020-06-13,Moneragala,0.0
2020-06-20,Moneragala,0.0
2020-06-27,Moneragala,0.0
2020-07-04,Moneragala,0.0
2020-07-11,Moneragala,0.0
2020-07-18,Moneragala,0.0
2020-07-25,Moneragala,0.0
2020-08-01,Moneragala,0.0
2020-08-08,Moneragala,0.0
2020-08-15,Moneragala,0.0
2020-08-22,Moneragala,0.0
2020-08-29,Moneragala,0.0
2020-09-05,Moneragala,0.0
2020-09-11,Moneragala,0.0
2020-09-19,Moneragala,0.0
2020-09-26,Moneragala,0.0
2020-10-03,Moneragala,0.0
2020-10-10,Moneragala,0.0
2020-10-17,Moneragala,0.0
2020-10-24,Moneragala,0.0
2020-10-31,Moneragala,0.0
2020-11-07,Moneragala,0.0
2020-11-14,Moneragala,0.0
2020-11-28,Moneragala,0.0
2020-12-05,Moneragala,0.0
2020-12-12,Moneragala,0.0
2020-12-19,Moneragala,0.0
2020-12-21,Moneragala,0.0
2020-12-26,Moneragala,318.0
2021-01-02,Moneragala,1.0
2021-01-09,Moneragala,1.0
2021-01-16,Moneragala,3.0
2021-01-23,Moneragala,0.0
2021-01-30,Moneragala,1.0
2021-02-06,Moneragala,1.0
2021-02-13,Moneragala,5.0
2021-02-20,Moneragala,2.0
2021-02-27,Moneragala,0.0
2021-03-06,Moneragala,1.0
2021-03-13,Moneragala,10.0
2021-03-20,Moneragala,5.0
2021-03-27,Moneragala,3.0
2021-04-03,Moneragala,2.0
2021-04-10,Moneragala,5.0
2021-04-17,Moneragala,4.0
2021-04-24,Moneragala,2.0
2021-05-01,Moneragala,3.0
2021-05-08,Moneragala,2.0
2021-05-15,Moneragala,0.0
2021-05-22,Moneragala,0.0
2021-05-29,Moneragala,1.0
2021-06-05,Moneragala,4.0
2021-06-12,Moneragala,2.0
2021-06-19,Moneragala,8.0
2021-06-26,Moneragala,4.0
2021-07-03,Moneragala,9.0
2021-07-10,Moneragala,5.0
2021-07-17,Moneragala,2.0
2021-07-24,Moneragala,5.0
2021-07-31,Moneragala,2.0
2021-08-07,Moneragala,2.0
2021-08-14,Moneragala,6.0
2021-08-21,Moneragala,1.0
2021-08-28,Moneragala,0.0
2021-09-04,Moneragala,2.0
2021-09-11,Moneragala,0.0
2021-09-18,Moneragala,1.0
2021-10-02,Moneragala,5.0
2021-10-16,Moneragala,1.0
2021-10-23,Moneragala,2.0
2021-10-30,Moneragala,7.0
2021-11-06,Moneragala,2.0
2021-11-13,Moneragala,4.0
2021-11-20,Moneragala,3.0
2021-11-27,Moneragala,5.0
2021-12-04,Moneragala,4.0
2021-12-11,Moneragala,14.0
2021-12-18,Moneragala,14.0
2021-12-25,Moneragala,14.0
2021-12-31,Moneragala,8.0
2022-01-01,Moneragala,9.0
2022-01-08,Moneragala,4.0
2022-01-15,Moneragala,13.0
2022-01-22,Moneragala,11.0
2022-01-29,Moneragala,11.0
2022-02-05,Moneragala,3.0
2022-02-12,Moneragala,4.0
2022-02-19,Moneragala,4.0
2022-02-26,Moneragala,8.0
2022-03-05,Moneragala,5.0
2022-03-12,Moneragala,3.0
2022-03-19,Moneragala,11.0
2022-03-26,Moneragala,2.0
2022-04-02,Moneragala,11.0
2022-04-09,Moneragala,4.0
2022-04-16,Moneragala,10.0
2022-04-23,Moneragala,7.0
2022-04-30,Moneragala,6.0
2022-05-07,Moneragala,8.0
2022-05-14,Moneragala,10.0
2022-05-21,Moneragala,10.0
2022-05-28,Moneragala,10.0
2022-06-04,Moneragala,12.0
2022-06-11,Moneragala,14.0
2022-06-18,Moneragala,23.0
2022-06-25,Moneragala,22.0
2022-07-02,Moneragala,15.0
2022-07-09,Moneragala,16.0
2022-07-16,Moneragala,16.0
2022-07-23,Moneragala,11.0
2022-07-30,Moneragala,15.0
2022-08-06,Moneragala,3.0
2022-08-13,Moneragala,20.0
2022-08-20,Moneragala,7.0
2022-08-27,Moneragala,3.0
2022-09-03,Moneragala,8.0
2022-09-10,Moneragala,0.0
2022-09-17,Moneragala,7.0
2022-09-24,Moneragala,6.0
2022-10-01,Moneragala,8.0
2022-10-08,Moneragala,13.0
2022-10-15,Moneragala,10.0
2022-10-29,Moneragala,13.0
2022-11-05,Moneragala,3.0
2022-11-12,Moneragala,5.0
2022-11-19,Moneragala,8.0
2022-11-26,Moneragala,3.0
2022-12-03,Moneragala,3.0
2022-12-10,Moneragala,7.0
2022-12-17,Moneragala,9.0
2022-12-24,Moneragala,5.0
2023-01-07,Moneragala,9.0
2023-01-14,Moneragala,6.0
2023-01-21,Moneragala,8.0
2023-01-28,Moneragala,9.0
2023-02-04,Moneragala,8.0
2023-02-11,Moneragala,13.0
2023-02-18,Moneragala,5.0
2023-02-25,Moneragala,13.0
2023-03-04,Moneragala,2.0
2023-03-11,Moneragala,3.0
2023-03-18,Moneragala,7.0
2023-03-25,Moneragala,13.0
2023-04-01,Moneragala,8.0
2023-04-08,Moneragala,7.0
2023-04-15,Moneragala,23.0
2023-04-22,Moneragala,0.0
2023-04-29,Moneragala,15.0
2023-05-06,Moneragala,31.0
2023-05-13,Moneragala,17.0
2023-05-20,Moneragala,21.0
2023-05-27,Moneragala,12.0
2023-06-03,Moneragala,24.0
2023-06-10,Moneragala,21.0
2023-06-17,Moneragala,17.0
2023-06-24,Moneragala,17.0
2023-07-01,Moneragala,18.0
2023-07-08,Moneragala,27.0
2023-07-15,Moneragala,12.0
2023-07-22,Moneragala,12.0
2023-07-29,Moneragala,12.0
2023-08-05,Moneragala,12.0
2023-08-12,Moneragala,27.0
2023-08-19,Moneragala,44.0
2023-08-26,Moneragala,28.0
2023-08-31,Moneragala,9.0
2023-09-02,Moneragala,28.0
2023-09-09,Moneragala,10.0
2023-09-16,Moneragala,10.0
2023-09-23,Moneragala,6.0
2023-10-07,Moneragala,13.0
2023-10-14,Moneragala,34.0
2023-10-21,Moneragala,41.0
2023-10-28,Moneragala,40.0
2023-11-04,Moneragala,2.0
2023-11-11,Moneragala,2.0
2023-11-18,Moneragala,1.0
2023-11-25,Moneragala,22.0
2023-12-02,Moneragala,46.0
2023-12-09,Moneragala,30.0
2023-12-16,Moneragala,172.0
2023-12-23,Moneragala,29.0
2023-12-27,Moneragala,36.0
2023-12-30,Moneragala,42.0
2024-01-06,Moneragala,29.0
2024-01-13,Moneragala,174.0
2024-01-20,Moneragala,48.0
2024-02-03,Moneragala,21.0
2024-02-10,Moneragala,15.0
2024-02-17,Moneragala,27.0
2024-02-24,Moneragala,25.0
2013-05-15,Mullaitivu,0.0
2013-06-22,Mullaitivu,1.0
2013-06-29,Mullaitivu,0.0
2013-07-13,Mullaitivu,0.0
2013-07-20,Mullaitivu,4.0
2013-07-27,Mullaitivu,1.0
2013-08-03,Mullaitivu,3.0
2013-08-10,Mullaitivu,1.0
2013-08-17,Mullaitivu,0.0
2013-08-24,Mullaitivu,1.0
2013-08-31,Mullaitivu,0.0
2013-09-07,Mullaitivu,0.0
2013-09-14,Mullaitivu,0.0
2013-09-21,Mullaitivu,0.0
2013-09-28,Mullaitivu,0.0
2013-10-05,Mullaitivu,3.0
2013-10-12,Mullaitivu,2.0
2013-10-19,Mullaitivu,0.0
2013-10-26,Mullaitivu,0.0
2013-11-02,Mullaitivu,0.0
2013-11-09,Mullaitivu,1.0
2013-11-16,Mullaitivu,2.0
2013-11-23,Mullaitivu,1.0
2013-11-30,Mullaitivu,0.0
2013-12-07,Mullaitivu,0.0
2013-12-14,Mullaitivu,0.0
2013-12-21,Mullaitivu,0.0
2013-12-27,Mullaitivu,5.0
2013-12-28,Mullaitivu,3.0
2014-01-02,Mullaitivu,2.0
2014-01-04,Mullaitivu,3.0
2014-01-09,Mullaitivu,2.0
2014-01-11,Mullaitivu,3.0
2014-01-18,Mullaitivu,1.0
2014-02-01,Mullaitivu,5.0
2014-02-08,Mullaitivu,3.0
2014-02-15,Mullaitivu,0.0
2014-02-22,Mullaitivu,0.0
2014-03-01,Mullaitivu,0.0
2014-03-08,Mullaitivu,3.0
2014-03-15,Mullaitivu,6.0
2014-03-22,Mullaitivu,0.0
2014-03-29,Mullaitivu,0.0
2014-04-05,Mullaitivu,0.0
2014-04-12,Mullaitivu,0.0
2014-04-19,Mullaitivu,0.0
2014-04-26,Mullaitivu,0.0
2014-05-03,Mullaitivu,0.0
2014-05-10,Mullaitivu,0.0
2014-05-17,Mullaitivu,0.0
2014-05-24,Mullaitivu,0.0
2014-05-31,Mullaitivu,0.0
2014-06-07,Mullaitivu,2.0
2014-06-14,Mullaitivu,3.0
2014-06-21,Mullaitivu,0.0
2014-06-28,Mullaitivu,1.0
2014-07-05,Mullaitivu,3.0
2014-07-12,Mullaitivu,0.0
2014-07-19,Mullaitivu,1.0
2014-07-26,Mullaitivu,2.0
2014-08-02,Mullaitivu,1.0
2014-08-09,Mullaitivu,1.0
2014-08-16,Mullaitivu,2.0
2014-08-23,Mullaitivu,0.0
2014-08-30,Mullaitivu,0.0
2014-09-06,Mullaitivu,1.0
2014-09-13,Mullaitivu,2.0
2014-09-20,Mullaitivu,2.0
2014-09-27,Mullaitivu,0.0
2014-10-04,Mullaitivu,2.0
2014-10-11,Mullaitivu,0.0
2014-10-18,Mullaitivu,0.0
2014-10-25,Mullaitivu,3.0
2014-11-01,Mullaitivu,3.0
2014-11-08,Mullaitivu,6.0
2014-11-15,Mullaitivu,2.0
2014-11-22,Mullaitivu,4.0
2014-11-29,Mullaitivu,10.0
2014-12-06,Mullaitivu,6.0
2014-12-13,Mullaitivu,4.0
2014-12-20,Mullaitivu,1.0
2015-01-03,Mullaitivu,8.0
2015-01-10,Mullaitivu,5.0
2015-01-17,Mullaitivu,7.0
2015-01-24,Mullaitivu,5.0
2015-01-31,Mullaitivu,1.0
2015-02-07,Mullaitivu,7.0
2015-02-14,Mullaitivu,1.0
2015-02-21,Mullaitivu,0.0
2015-02-28,Mullaitivu,2.0
2015-03-07,Mullaitivu,3.0
2015-03-14,Mullaitivu,1.0
2015-03-21,Mullaitivu,0.0
2015-03-28,Mullaitivu,0.0
2015-04-04,Mullaitivu,0.0
2015-04-11,Mullaitivu,3.0
2015-04-18,Mullaitivu,0.0
2015-04-25,Mullaitivu,0.0
2015-05-02,Mullaitivu,3.0
2015-05-09,Mullaitivu,2.0
2015-05-16,Mullaitivu,1.0
2015-05-23,Mullaitivu,3.0
2015-05-30,Mullaitivu,2.0
2015-06-06,Mullaitivu,0.0
2015-06-13,Mullaitivu,0.0
2015-06-20,Mullaitivu,11.0
2015-06-27,Mullaitivu,0.0
2015-07-04,Mullaitivu,0.0
2015-07-11,Mullaitivu,1.0
2015-07-25,Mullaitivu,1.0
2015-08-01,Mullaitivu,2.0
2015-08-08,Mullaitivu,0.0
2015-08-15,Mullaitivu,0.0
2015-08-22,Mullaitivu,2.0
2015-08-29,Mullaitivu,1.0
2015-09-05,Mullaitivu,0.0
2015-09-12,Mullaitivu,0.0
2015-09-19,Mullaitivu,0.0
2015-09-26,Mullaitivu,1.0
2015-10-03,Mullaitivu,1.0
2015-10-10,Mullaitivu,0.0
2015-10-17,Mullaitivu,0.0
2015-10-24,Mullaitivu,0.0
2015-10-31,Mullaitivu,0.0
2015-11-07,Mullaitivu,0.0
2015-11-14,Mullaitivu,1.0
2015-11-21,Mullaitivu,0.0
2015-11-28,Mullaitivu,1.0
2015-12-05,Mullaitivu,0.0
2015-12-12,Mullaitivu,1.0
2015-12-19,Mullaitivu,5.0
2015-12-26,Mullaitivu,6.0
2016-01-16,Mullaitivu,12.0
2016-01-23,Mullaitivu,2.0
2016-01-30,Mullaitivu,9.0
2016-02-06,Mullaitivu,2.0
2016-02-13,Mullaitivu,1.0
2016-02-20,Mullaitivu,4.0
2016-02-27,Mullaitivu,12.0
2016-03-05,Mullaitivu,1.0
2016-03-12,Mullaitivu,3.0
2016-03-19,Mullaitivu,1.0
2016-03-26,Mullaitivu,4.0
2016-04-02,Mullaitivu,0.0
2016-04-09,Mullaitivu,8.0
2016-04-16,Mullaitivu,5.0
2016-04-23,Mullaitivu,2.0
2016-04-30,Mullaitivu,1.0
2016-05-07,Mullaitivu,5.0
2016-05-14,Mullaitivu,0.0
2016-05-21,Mullaitivu,3.0
2016-05-28,Mullaitivu,2.0
2016-06-04,Mullaitivu,0.0
2016-06-11,Mullaitivu,5.0
2016-06-18,Mullaitivu,7.0
2016-06-25,Mullaitivu,5.0
2016-07-02,Mullaitivu,4.0
2016-07-09,Mullaitivu,4.0
2016-07-16,Mullaitivu,0.0
2016-07-23,Mullaitivu,7.0
2016-07-30,Mullaitivu,5.0
2016-08-06,Mullaitivu,2.0
2016-08-20,Mullaitivu,0.0
2016-08-27,Mullaitivu,1.0
2016-09-03,Mullaitivu,0.0
2016-09-10,Mullaitivu,0.0
2016-09-17,Mullaitivu,0.0
2016-09-24,Mullaitivu,3.0
2016-10-01,Mullaitivu,1.0
2016-10-08,Mullaitivu,5.0
2016-10-15,Mullaitivu,1.0
2016-10-22,Mullaitivu,0.0
2016-10-29,Mullaitivu,2.0
2016-11-05,Mullaitivu,2.0
2016-11-12,Mullaitivu,2.0
2016-11-19,Mullaitivu,1.0
2016-11-26,Mullaitivu,0.0
2016-12-03,Mullaitivu,4.0
2016-12-10,Mullaitivu,2.0
2016-12-17,Mullaitivu,1.0
2016-12-24,Mullaitivu,1.0
2016-12-31,Mullaitivu,5.0
2017-01-07,Mullaitivu,3.0
2017-01-14,Mullaitivu,10.0
2017-01-21,Mullaitivu,13.0
2017-01-28,Mullaitivu,0.0
2017-02-04,Mullaitivu,5.0
2017-02-11,Mullaitivu,9.0
2017-02-18,Mullaitivu,4.0
2017-02-25,Mullaitivu,2.0
2017-03-04,Mullaitivu,5.0
2017-03-11,Mullaitivu,5.0
2017-03-18,Mullaitivu,6.0
2017-03-25,Mullaitivu,3.0
2017-04-01,Mullaitivu,8.0
2017-04-08,Mullaitivu,3.0
2017-04-15,Mullaitivu,3.0
2017-04-22,Mullaitivu,2.0
2017-04-29,Mullaitivu,8.0
2017-05-06,Mullaitivu,0.0
2017-05-13,Mullaitivu,10.0
2017-05-17,Mullaitivu,3.0
2017-05-20,Mullaitivu,9.0
2017-05-27,Mullaitivu,10.0
2017-06-03,Mullaitivu,8.0
2017-06-10,Mullaitivu,6.0
2017-06-24,Mullaitivu,10.0
2017-07-01,Mullaitivu,25.0
2017-07-08,Mullaitivu,12.0
2017-07-15,Mullaitivu,19.0
2017-07-22,Mullaitivu,15.0
2017-07-29,Mullaitivu,10.0
2017-08-05,Mullaitivu,13.0
2017-08-12,Mullaitivu,2.0
2017-08-19,Mullaitivu,16.0
2017-08-26,Mullaitivu,3.0
2017-09-02,Mullaitivu,1.0
2017-09-09,Mullaitivu,5.0
2017-09-16,Mullaitivu,4.0
2017-09-23,Mullaitivu,7.0
2017-09-30,Mullaitivu,6.0
2017-10-07,Mullaitivu,3.0
2017-10-14,Mullaitivu,1.0
2017-10-21,Mullaitivu,6.0
2017-10-28,Mullaitivu,0.0
2017-11-04,Mullaitivu,14.0
2017-11-11,Mullaitivu,5.0
2017-11-18,Mullaitivu,5.0
2017-11-25,Mullaitivu,6.0
2017-12-02,Mullaitivu,5.0
2017-12-09,Mullaitivu,11.0
2017-12-16,Mullaitivu,11.0
2017-12-23,Mullaitivu,7.0
2017-12-30,Mullaitivu,6.0
2018-01-06,Mullaitivu,2.0
2018-01-13,Mullaitivu,1.0
2018-01-20,Mullaitivu,1.0
2018-01-27,Mullaitivu,2.0
2018-02-03,Mullaitivu,0.0
2018-02-10,Mullaitivu,0.0
2018-02-17,Mullaitivu,0.0
2018-02-24,Mullaitivu,0.0
2018-03-03,Mullaitivu,0.0
2018-03-10,Mullaitivu,2.0
2018-03-17,Mullaitivu,3.0
2018-03-24,Mullaitivu,1.0
2018-03-31,Mullaitivu,2.0
2018-04-07,Mullaitivu,1.0
2018-04-14,Mullaitivu,1.0
2018-04-21,Mullaitivu,0.0
2018-04-28,Mullaitivu,0.0
2018-05-05,Mullaitivu,3.0
2018-05-12,Mullaitivu,1.0
2018-05-19,Mullaitivu,1.0
2018-05-26,Mullaitivu,2.0
2018-06-02,Mullaitivu,3.0
2018-06-09,Mullaitivu,4.0
2018-06-16,Mullaitivu,3.0
2018-06-23,Mullaitivu,5.0
2018-06-30,Mullaitivu,8.0
2018-07-07,Mullaitivu,1.0
2018-07-14,Mullaitivu,4.0
2018-07-21,Mullaitivu,4.0
2018-07-28,Mullaitivu,2.0
2018-08-04,Mullaitivu,5.0
2018-08-11,Mullaitivu,2.0
2018-08-18,Mullaitivu,5.0
2018-08-25,Mullaitivu,4.0
2018-09-01,Mullaitivu,2.0
2018-09-08,Mullaitivu,1.0
2018-09-15,Mullaitivu,4.0
2018-09-22,Mullaitivu,0.0
2018-09-29,Mullaitivu,2.0
2018-10-06,Mullaitivu,0.0
2018-10-13,Mullaitivu,5.0
2018-10-20,Mullaitivu,1.0
2018-10-27,Mullaitivu,0.0
2018-11-03,Mullaitivu,3.0
2018-11-10,Mullaitivu,0.0
2018-11-17,Mullaitivu,0.0
2018-11-24,Mullaitivu,4.0
2018-12-01,Mullaitivu,1.0
2018-12-08,Mullaitivu,5.0
2018-12-15,Mullaitivu,0.0
2018-12-22,Mullaitivu,1.0
2018-12-29,Mullaitivu,4.0
2019-01-05,Mullaitivu,2.0
2019-01-12,Mullaitivu,5.0
2019-01-19,Mullaitivu,2.0
2019-01-26,Mullaitivu,2.0
2019-02-02,Mullaitivu,0.0
2019-02-09,Mullaitivu,7.0
2019-02-16,Mullaitivu,3.0
2019-03-02,Mullaitivu,6.0
2019-03-09,Mullaitivu,1.0
2019-03-16,Mullaitivu,1.0
2019-03-23,Mullaitivu,0.0
2019-03-30,Mullaitivu,1.0
2019-04-06,Mullaitivu,0.0
2019-04-13,Mullaitivu,0.0
2019-04-20,Mullaitivu,0.0
2019-04-27,Mullaitivu,1.0
2019-05-04,Mullaitivu,1.0
2019-05-11,Mullaitivu,0.0
2019-05-18,Mullaitivu,1.0
2019-05-25,Mullaitivu,1.0
2019-06-01,Mullaitivu,0.0
2019-06-08,Mullaitivu,1.0
2019-06-15,Mullaitivu,0.0
2019-06-22,Mullaitivu,0.0
2019-06-29,Mullaitivu,0.0
2019-07-06,Mullaitivu,0.0
2019-07-13,Mullaitivu,0.0
2019-07-20,Mullaitivu,1.0
2019-07-27,Mullaitivu,0.0
2019-08-03,Mullaitivu,1.0
2019-08-10,Mullaitivu,0.0
2019-08-17,Mullaitivu,0.0
2019-08-24,Mullaitivu,1.0
2019-08-31,Mullaitivu,0.0
2019-09-07,Mullaitivu,0.0
2019-09-14,Mullaitivu,0.0
2019-09-21,Mullaitivu,0.0
2019-09-28,Mullaitivu,1.0
2019-10-05,Mullaitivu,3.0
2019-10-12,Mullaitivu,0.0
2019-10-19,Mullaitivu,5.0
2019-10-26,Mullaitivu,5.0
2019-11-02,Mullaitivu,8.0
2019-11-09,Mullaitivu,11.0
2019-11-16,Mullaitivu,15.0
2019-11-23,Mullaitivu,14.0
2019-11-30,Mullaitivu,15.0
2019-12-07,Mullaitivu,13.0
2019-12-14,Mullaitivu,11.0
2019-12-21,Mullaitivu,8.0
2019-12-28,Mullaitivu,15.0
2020-01-01,Mullaitivu,5.0
2020-01-04,Mullaitivu,3.0
2020-01-11,Mullaitivu,2.0
2020-01-18,Mullaitivu,11.0
2020-01-25,Mullaitivu,8.0
2020-02-08,Mullaitivu,1.0
2020-02-15,Mullaitivu,5.0
2020-02-22,Mullaitivu,1.0
2020-02-29,Mullaitivu,0.0
2020-03-07,Mullaitivu,0.0
2020-03-14,Mullaitivu,1.0
2020-03-21,Mullaitivu,0.0
2020-03-28,Mullaitivu,1.0
2020-04-04,Mullaitivu,0.0
2020-04-11,Mullaitivu,0.0
2020-04-18,Mullaitivu,0.0
2020-04-25,Mullaitivu,0.0
2020-05-02,Mullaitivu,0.0
2020-05-09,Mullaitivu,0.0
2020-05-16,Mullaitivu,1.0
2020-05-23,Mullaitivu,0.0
2020-05-30,Mullaitivu,0.0
2020-06-06,Mullaitivu,0.0
2020-06-13,Mullaitivu,0.0
2020-06-20,Mullaitivu,0.0
2020-06-27,Mullaitivu,1.0
2020-07-04,Mullaitivu,0.0
2020-07-11,Mullaitivu,0.0
2020-07-18,Mullaitivu,0.0
2020-07-25,Mullaitivu,0.0
2020-08-01,Mullaitivu,0.0
2020-08-08,Mullaitivu,1.0
2020-08-15,Mullaitivu,1.0
2020-08-22,Mullaitivu,1.0
2020-08-29,Mullaitivu,1.0
2020-09-05,Mullaitivu,0.0
2020-09-11,Mullaitivu,0.0
2020-09-19,Mullaitivu,0.0
2020-09-26,Mullaitivu,0.0
2020-10-03,Mullaitivu,0.0
2020-10-10,Mullaitivu,0.0
2020-10-17,Mullaitivu,0.0
2020-10-24,Mullaitivu,0.0
2020-10-31,Mullaitivu,0.0
2020-11-07,Mullaitivu,0.0
2020-11-14,Mullaitivu,0.0
2020-11-28,Mullaitivu,0.0
2020-12-05,Mullaitivu,0.0
2020-12-12,Mullaitivu,1.0
2020-12-19,Mullaitivu,3.0
2020-12-21,Mullaitivu,1.0
2020-12-26,Mullaitivu,259.0
2021-01-02,Mullaitivu,2.0
2021-01-09,Mullaitivu,0.0
2021-01-16,Mullaitivu,0.0
2021-01-23,Mullaitivu,0.0
2021-01-30,Mullaitivu,0.0
2021-02-06,Mullaitivu,1.0
2021-02-13,Mullaitivu,0.0
2021-02-20,Mullaitivu,0.0
2021-02-27,Mullaitivu,0.0
2021-03-06,Mullaitivu,0.0
2021-03-13,Mullaitivu,0.0
2021-03-20,Mullaitivu,0.0
2021-03-27,Mullaitivu,0.0
2021-04-03,Mullaitivu,0.0
2021-04-10,Mullaitivu,0.0
2021-04-17,Mullaitivu,0.0
2021-04-24,Mullaitivu,0.0
2021-05-01,Mullaitivu,2.0
2021-05-08,Mullaitivu,0.0
2021-05-15,Mullaitivu,0.0
2021-05-22,Mullaitivu,0.0
2021-05-29,Mullaitivu,0.0
2021-06-05,Mullaitivu,0.0
2021-06-12,Mullaitivu,0.0
2021-06-19,Mullaitivu,0.0
2021-06-26,Mullaitivu,0.0
2021-07-03,Mullaitivu,0.0
2021-07-10,Mullaitivu,0.0
2021-07-17,Mullaitivu,0.0
2021-07-24,Mullaitivu,0.0
2021-07-31,Mullaitivu,0.0
2021-08-07,Mullaitivu,0.0
2021-08-14,Mullaitivu,0.0
2021-08-21,Mullaitivu,0.0
2021-08-28,Mullaitivu,0.0
2021-09-04,Mullaitivu,0.0
2021-09-11,Mullaitivu,0.0
2021-09-18,Mullaitivu,0.0
2021-10-02,Mullaitivu,0.0
2021-10-16,Mullaitivu,0.0
2021-10-23,Mullaitivu,1.0
2021-10-30,Mullaitivu,0.0
2021-11-06,Mullaitivu,1.0
2021-11-13,Mullaitivu,0.0
2021-11-20,Mullaitivu,0.0
2021-11-27,Mullaitivu,0.0
2021-12-04,Mullaitivu,0.0
2021-12-11,Mullaitivu,0.0
2021-12-18,Mullaitivu,0.0
2021-12-25,Mullaitivu,0.0
2021-12-31,Mullaitivu,0.0
2022-01-01,Mullaitivu,2.0
2022-01-08,Mullaitivu,2.0
2022-01-15,Mullaitivu,6.0
2022-01-22,Mullaitivu,2.0
2022-01-29,Mullaitivu,1.0
2022-02-05,Mullaitivu,1.0
2022-02-12,Mullaitivu,2.0
2022-02-19,Mullaitivu,1.0
2022-02-26,Mullaitivu,2.0
2022-03-05,Mullaitivu,1.0
2022-03-12,Mullaitivu,0.0
2022-03-19,Mullaitivu,2.0
2022-03-26,Mullaitivu,0.0
2022-04-02,Mullaitivu,3.0
2022-04-09,Mullaitivu,0.0
2022-04-16,Mullaitivu,2.0
2022-04-23,Mullaitivu,3.0
2022-04-30,Mullaitivu,0.0
2022-05-07,Mullaitivu,0.0
2022-05-14,Mullaitivu,1.0
2022-05-21,Mullaitivu,1.0
2022-05-28,Mullaitivu,1.0
2022-06-04,Mullaitivu,1.0
2022-06-11,Mullaitivu,1.0
2022-06-18,Mullaitivu,4.0
2022-06-25,Mullaitivu,0.0
2022-07-02,Mullaitivu,0.0
2022-07-09,Mullaitivu,1.0
2022-07-16,Mullaitivu,1.0
2022-07-23,Mullaitivu,1.0
2022-07-30,Mullaitivu,0.0
2022-08-06,Mullaitivu,0.0
2022-08-13,Mullaitivu,0.0
2022-08-20,Mullaitivu,1.0
2022-08-27,Mullaitivu,1.0
2022-09-03,Mullaitivu,0.0
2022-09-10,Mullaitivu,0.0
2022-09-17,Mullaitivu,1.0
2022-09-24,Mullaitivu,0.0
2022-10-01,Mullaitivu,1.0
2022-10-08,Mullaitivu,0.0
2022-10-15,Mullaitivu,0.0
2022-10-29,Mullaitivu,0.0
2022-11-05,Mullaitivu,0.0
2022-11-12,Mullaitivu,2.0
2022-11-19,Mullaitivu,0.0
2022-11-26,Mullaitivu,1.0
2022-12-03,Mullaitivu,1.0
2022-12-10,Mullaitivu,0.0
2022-12-17,Mullaitivu,1.0
2022-12-24,Mullaitivu,4.0
2023-01-07,Mullaitivu,2.0
2023-01-14,Mullaitivu,1.0
2023-01-21,Mullaitivu,1.0
2023-01-28,Mullaitivu,1.0
2023-02-04,Mullaitivu,0.0
2023-02-11,Mullaitivu,0.0
2023-02-18,Mullaitivu,3.0
2023-02-25,Mullaitivu,0.0
2023-03-04,Mullaitivu,2.0
2023-03-11,Mullaitivu,1.0
2023-03-18,Mullaitivu,1.0
2023-03-25,Mullaitivu,0.0
2023-04-01,Mullaitivu,3.0
2023-04-08,Mullaitivu,1.0
2023-04-15,Mullaitivu,4.0
2023-04-22,Mullaitivu,6.0
2023-04-29,Mullaitivu,1.0
2023-05-06,Mullaitivu,2.0
2023-05-13,Mullaitivu,3.0
2023-05-20,Mullaitivu,1.0
2023-05-27,Mullaitivu,11.0
2023-06-03,Mullaitivu,4.0
2023-06-10,Mullaitivu,6.0
2023-06-17,Mullaitivu,10.0
2023-06-24,Mullaitivu,4.0
2023-07-01,Mullaitivu,2.0
2023-07-08,Mullaitivu,11.0
2023-07-15,Mullaitivu,2.0
2023-07-22,Mullaitivu,1.0
2023-07-29,Mullaitivu,0.0
2023-08-05,Mullaitivu,4.0
2023-08-12,Mullaitivu,0.0
2023-08-19,Mullaitivu,1.0
2023-08-26,Mullaitivu,3.0
2023-08-31,Mullaitivu,0.0
2023-09-02,Mullaitivu,1.0
2023-09-09,Mullaitivu,1.0
2023-09-16,Mullaitivu,0.0
2023-09-23,Mullaitivu,1.0
2023-10-07,Mullaitivu,3.0
2023-10-14,Mullaitivu,2.0
2023-10-21,Mullaitivu,2.0
2023-10-28,Mullaitivu,1.0
2023-11-04,Mullaitivu,0.0
2023-11-11,Mullaitivu,0.0
2023-11-18,Mullaitivu,0.0
2023-11-25,Mullaitivu,3.0
2023-12-02,Mullaitivu,1.0
2023-12-09,Mullaitivu,4.0
2023-12-16,Mullaitivu,13.0
2023-12-23,Mullaitivu,24.0
2023-12-27,Mullaitivu,11.0
2023-12-30,Mullaitivu,25.0
2024-01-06,Mullaitivu,26.0
2024-01-13,Mullaitivu,62.0
2024-01-20,Mullaitivu,23.0
2024-02-03,Mullaitivu,22.0
2024-02-10,Mullaitivu,8.0
2024-02-17,Mullaitivu,9.0
2024-02-24,Mullaitivu,2.0
2013-05-15,NuwaraEliya,2.0
2013-06-22,NuwaraEliya,2.0
2013-06-29,NuwaraEliya,4.0
2013-07-13,NuwaraEliya,9.0
2013-07-20,NuwaraEliya,5.0
2013-07-27,NuwaraEliya,12.0
2013-08-03,NuwaraEliya,6.0
2013-08-10,NuwaraEliya,3.0
2013-08-17,NuwaraEliya,5.0
2013-08-24,NuwaraEliya,8.0
2013-08-31,NuwaraEliya,0.0
2013-09-07,NuwaraEliya,1.0
2013-09-14,NuwaraEliya,7.0
2013-09-21,NuwaraEliya,4.0
2013-09-28,NuwaraEliya,6.0
2013-10-05,NuwaraEliya,2.0
2013-10-12,NuwaraEliya,2.0
2013-10-19,NuwaraEliya,4.0
2013-10-26,NuwaraEliya,2.0
2013-11-02,NuwaraEliya,2.0
2013-11-09,NuwaraEliya,4.0
2013-11-16,NuwaraEliya,5.0
2013-11-23,NuwaraEliya,3.0
2013-11-30,NuwaraEliya,9.0
2013-12-07,NuwaraEliya,5.0
2013-12-14,NuwaraEliya,6.0
2013-12-21,NuwaraEliya,2.0
2013-12-27,NuwaraEliya,6.0
2013-12-28,NuwaraEliya,8.0
2014-01-02,NuwaraEliya,5.0
2014-01-04,NuwaraEliya,9.0
2014-01-09,NuwaraEliya,18.0
2014-01-11,NuwaraEliya,1.0
2014-01-18,NuwaraEliya,3.0
2014-02-01,NuwaraEliya,1.0
2014-02-08,NuwaraEliya,2.0
2014-02-15,NuwaraEliya,6.0
2014-02-22,NuwaraEliya,4.0
2014-03-01,NuwaraEliya,1.0
2014-03-08,NuwaraEliya,2.0
2014-03-15,NuwaraEliya,2.0
2014-03-22,NuwaraEliya,1.0
2014-03-29,NuwaraEliya,2.0
2014-04-05,NuwaraEliya,2.0
2014-04-12,NuwaraEliya,2.0
2014-04-19,NuwaraEliya,5.0
2014-04-26,NuwaraEliya,4.0
2014-05-03,NuwaraEliya,3.0
2014-05-10,NuwaraEliya,4.0
2014-05-17,NuwaraEliya,2.0
2014-05-24,NuwaraEliya,5.0
2014-05-31,NuwaraEliya,11.0
2014-06-07,NuwaraEliya,9.0
2014-06-14,NuwaraEliya,14.0
2014-06-21,NuwaraEliya,6.0
2014-06-28,NuwaraEliya,4.0
2014-07-05,NuwaraEliya,5.0
2014-07-12,NuwaraEliya,14.0
2014-07-19,NuwaraEliya,11.0
2014-07-26,NuwaraEliya,3.0
2014-08-02,NuwaraEliya,3.0
2014-08-09,NuwaraEliya,11.0
2014-08-16,NuwaraEliya,11.0
2014-08-23,NuwaraEliya,3.0
2014-08-30,NuwaraEliya,2.0
2014-09-06,NuwaraEliya,3.0
2014-09-13,NuwaraEliya,7.0
2014-09-20,NuwaraEliya,5.0
2014-09-27,NuwaraEliya,2.0
2014-10-04,NuwaraEliya,5.0
2014-10-11,NuwaraEliya,6.0
2014-10-18,NuwaraEliya,6.0
2014-10-25,NuwaraEliya,5.0
2014-11-01,NuwaraEliya,4.0
2014-11-08,NuwaraEliya,21.0
2014-11-15,NuwaraEliya,5.0
2014-11-22,NuwaraEliya,4.0
2014-11-29,NuwaraEliya,9.0
2014-12-06,NuwaraEliya,5.0
2014-12-13,NuwaraEliya,9.0
2014-12-20,NuwaraEliya,7.0
2015-01-03,NuwaraEliya,2.0
2015-01-10,NuwaraEliya,4.0
2015-01-17,NuwaraEliya,10.0
2015-01-24,NuwaraEliya,3.0
2015-01-31,NuwaraEliya,6.0
2015-02-07,NuwaraEliya,10.0
2015-02-14,NuwaraEliya,1.0
2015-02-21,NuwaraEliya,7.0
2015-02-28,NuwaraEliya,4.0
2015-03-07,NuwaraEliya,3.0
2015-03-14,NuwaraEliya,2.0
2015-03-21,NuwaraEliya,2.0
2015-03-28,NuwaraEliya,2.0
2015-04-04,NuwaraEliya,0.0
2015-04-11,NuwaraEliya,0.0
2015-04-18,NuwaraEliya,3.0
2015-04-25,NuwaraEliya,2.0
2015-05-02,NuwaraEliya,2.0
2015-05-09,NuwaraEliya,2.0
2015-05-16,NuwaraEliya,2.0
2015-05-23,NuwaraEliya,0.0
2015-05-30,NuwaraEliya,0.0
2015-06-06,NuwaraEliya,5.0
2015-06-13,NuwaraEliya,2.0
2015-06-20,NuwaraEliya,1.0
2015-06-27,NuwaraEliya,4.0
2015-07-04,NuwaraEliya,0.0
2015-07-11,NuwaraEliya,1.0
2015-07-25,NuwaraEliya,4.0
2015-08-01,NuwaraEliya,4.0
2015-08-08,NuwaraEliya,0.0
2015-08-15,NuwaraEliya,1.0
2015-08-22,NuwaraEliya,0.0
2015-08-29,NuwaraEliya,2.0
2015-09-05,NuwaraEliya,2.0
2015-09-12,NuwaraEliya,1.0
2015-09-19,NuwaraEliya,1.0
2015-09-26,NuwaraEliya,2.0
2015-10-03,NuwaraEliya,3.0
2015-10-10,NuwaraEliya,2.0
2015-10-17,NuwaraEliya,4.0
2015-10-24,NuwaraEliya,2.0
2015-10-31,NuwaraEliya,1.0
2015-11-07,NuwaraEliya,4.0
2015-11-14,NuwaraEliya,4.0
2015-11-21,NuwaraEliya,5.0
2015-11-28,NuwaraEliya,4.0
2015-12-05,NuwaraEliya,6.0
2015-12-12,NuwaraEliya,3.0
2015-12-19,NuwaraEliya,8.0
2015-12-26,NuwaraEliya,4.0
2016-01-16,NuwaraEliya,8.0
2016-01-23,NuwaraEliya,7.0
2016-01-30,NuwaraEliya,3.0
2016-02-06,NuwaraEliya,9.0
2016-02-13,NuwaraEliya,3.0
2016-02-20,NuwaraEliya,6.0
2016-02-27,NuwaraEliya,8.0
2016-03-05,NuwaraEliya,1.0
2016-03-12,NuwaraEliya,7.0
2016-03-19,NuwaraEliya,2.0
2016-03-26,NuwaraEliya,7.0
2016-04-02,NuwaraEliya,9.0
2016-04-09,NuwaraEliya,7.0
2016-04-16,NuwaraEliya,2.0
2016-04-23,NuwaraEliya,3.0
2016-04-30,NuwaraEliya,4.0
2016-05-07,NuwaraEliya,2.0
2016-05-14,NuwaraEliya,2.0
2016-05-21,NuwaraEliya,4.0
2016-05-28,NuwaraEliya,8.0
2016-06-04,NuwaraEliya,5.0
2016-06-11,NuwaraEliya,6.0
2016-06-18,NuwaraEliya,18.0
2016-06-25,NuwaraEliya,21.0
2016-07-02,NuwaraEliya,18.0
2016-07-09,NuwaraEliya,26.0
2016-07-16,NuwaraEliya,19.0
2016-07-23,NuwaraEliya,20.0
2016-07-30,NuwaraEliya,18.0
2016-08-06,NuwaraEliya,13.0
2016-08-20,NuwaraEliya,8.0
2016-08-27,NuwaraEliya,3.0
2016-09-03,NuwaraEliya,6.0
2016-09-10,NuwaraEliya,5.0
2016-09-17,NuwaraEliya,5.0
2016-09-24,NuwaraEliya,6.0
2016-10-01,NuwaraEliya,5.0
2016-10-08,NuwaraEliya,7.0
2016-10-15,NuwaraEliya,2.0
2016-10-22,NuwaraEliya,3.0
2016-10-29,NuwaraEliya,2.0
2016-11-05,NuwaraEliya,3.0
2016-11-12,NuwaraEliya,2.0
2016-11-19,NuwaraEliya,5.0
2016-11-26,NuwaraEliya,0.0
2016-12-03,NuwaraEliya,7.0
2016-12-10,NuwaraEliya,3.0
2016-12-17,NuwaraEliya,5.0
2016-12-24,NuwaraEliya,12.0
2016-12-31,NuwaraEliya,11.0
2017-01-07,NuwaraEliya,12.0
2017-01-14,NuwaraEliya,9.0
2017-01-21,NuwaraEliya,9.0
2017-01-28,NuwaraEliya,9.0
2017-02-04,NuwaraEliya,3.0
2017-02-11,NuwaraEliya,5.0
2017-02-18,NuwaraEliya,4.0
2017-02-25,NuwaraEliya,5.0
2017-03-04,NuwaraEliya,10.0
2017-03-11,NuwaraEliya,4.0
2017-03-18,NuwaraEliya,2.0
2017-03-25,NuwaraEliya,15.0
2017-04-01,NuwaraEliya,3.0
2017-04-08,NuwaraEliya,10.0
2017-04-15,NuwaraEliya,17.0
2017-04-22,NuwaraEliya,7.0
2017-04-29,NuwaraEliya,7.0
2017-05-06,NuwaraEliya,13.0
2017-05-13,NuwaraEliya,20.0
2017-05-17,NuwaraEliya,30.0
2017-05-20,NuwaraEliya,17.0
2017-05-27,NuwaraEliya,7.0
2017-06-03,NuwaraEliya,15.0
2017-06-10,NuwaraEliya,18.0
2017-06-24,NuwaraEliya,24.0
2017-07-01,NuwaraEliya,80.0
2017-07-08,NuwaraEliya,58.0
2017-07-15,NuwaraEliya,71.0
2017-07-22,NuwaraEliya,85.0
2017-07-29,NuwaraEliya,48.0
2017-08-05,NuwaraEliya,49.0
2017-08-12,NuwaraEliya,40.0
2017-08-19,NuwaraEliya,22.0
2017-08-26,NuwaraEliya,9.0
2017-09-02,NuwaraEliya,10.0
2017-09-09,NuwaraEliya,8.0
2017-09-16,NuwaraEliya,9.0
2017-09-23,NuwaraEliya,3.0
2017-09-30,NuwaraEliya,6.0
2017-10-07,NuwaraEliya,6.0
2017-10-14,NuwaraEliya,7.0
2017-10-21,NuwaraEliya,8.0
2017-10-28,NuwaraEliya,3.0
2017-11-04,NuwaraEliya,8.0
2017-11-11,NuwaraEliya,3.0
2017-11-18,NuwaraEliya,8.0
2017-11-25,NuwaraEliya,6.0
2017-12-02,NuwaraEliya,13.0
2017-12-09,NuwaraEliya,6.0
2017-12-16,NuwaraEliya,9.0
2017-12-23,NuwaraEliya,5.0
2017-12-30,NuwaraEliya,6.0
2018-01-06,NuwaraEliya,2.0
2018-01-13,NuwaraEliya,10.0
2018-01-20,NuwaraEliya,5.0
2018-01-27,NuwaraEliya,4.0
2018-02-03,NuwaraEliya,4.0
2018-02-10,NuwaraEliya,4.0
2018-02-17,NuwaraEliya,4.0
2018-02-24,NuwaraEliya,3.0
2018-03-03,NuwaraEliya,2.0
2018-03-10,NuwaraEliya,2.0
2018-03-17,NuwaraEliya,2.0
2018-03-24,NuwaraEliya,1.0
2018-03-31,NuwaraEliya,4.0
2018-04-07,NuwaraEliya,6.0
2018-04-14,NuwaraEliya,4.0
2018-04-21,NuwaraEliya,1.0
2018-04-28,NuwaraEliya,5.0
2018-05-05,NuwaraEliya,4.0
2018-05-12,NuwaraEliya,3.0
2018-05-19,NuwaraEliya,3.0
2018-05-26,NuwaraEliya,2.0
2018-06-02,NuwaraEliya,3.0
2018-06-09,NuwaraEliya,8.0
2018-06-16,NuwaraEliya,1.0
2018-06-23,NuwaraEliya,1.0
2018-06-30,NuwaraEliya,9.0
2018-07-07,NuwaraEliya,4.0
2018-07-14,NuwaraEliya,10.0
2018-07-21,NuwaraEliya,14.0
2018-07-28,NuwaraEliya,8.0
2018-08-04,NuwaraEliya,5.0
2018-08-11,NuwaraEliya,2.0
2018-08-18,NuwaraEliya,3.0
2018-08-25,NuwaraEliya,5.0
2018-09-01,NuwaraEliya,7.0
2018-09-08,NuwaraEliya,1.0
2018-09-15,NuwaraEliya,3.0
2018-09-22,NuwaraEliya,0.0
2018-09-29,NuwaraEliya,5.0
2018-10-06,NuwaraEliya,2.0
2018-10-13,NuwaraEliya,5.0
2018-10-20,NuwaraEliya,1.0
2018-10-27,NuwaraEliya,2.0
2018-11-03,NuwaraEliya,2.0
2018-11-10,NuwaraEliya,1.0
2018-11-17,NuwaraEliya,3.0
2018-11-24,NuwaraEliya,6.0
2018-12-01,NuwaraEliya,2.0
2018-12-08,NuwaraEliya,8.0
2018-12-15,NuwaraEliya,3.0
2018-12-22,NuwaraEliya,2.0
2018-12-29,NuwaraEliya,9.0
2019-01-05,NuwaraEliya,10.0
2019-01-12,NuwaraEliya,3.0
2019-01-19,NuwaraEliya,4.0
2019-01-26,NuwaraEliya,11.0
2019-02-02,NuwaraEliya,1.0
2019-02-09,NuwaraEliya,4.0
2019-02-16,NuwaraEliya,4.0
2019-03-02,NuwaraEliya,1.0
2019-03-09,NuwaraEliya,2.0
2019-03-16,NuwaraEliya,3.0
2019-03-23,NuwaraEliya,3.0
2019-03-30,NuwaraEliya,1.0
2019-04-06,NuwaraEliya,2.0
2019-04-13,NuwaraEliya,1.0
2019-04-20,NuwaraEliya,2.0
2019-04-27,NuwaraEliya,3.0
2019-05-04,NuwaraEliya,1.0
2019-05-11,NuwaraEliya,6.0
2019-05-18,NuwaraEliya,6.0
2019-05-25,NuwaraEliya,3.0
2019-06-01,NuwaraEliya,5.0
2019-06-08,NuwaraEliya,5.0
2019-06-15,NuwaraEliya,5.0
2019-06-22,NuwaraEliya,7.0
2019-06-29,NuwaraEliya,6.0
2019-07-06,NuwaraEliya,13.0
2019-07-13,NuwaraEliya,8.0
2019-07-20,NuwaraEliya,4.0
2019-07-27,NuwaraEliya,7.0
2019-08-03,NuwaraEliya,3.0
2019-08-10,NuwaraEliya,5.0
2019-08-17,NuwaraEliya,10.0
2019-08-24,NuwaraEliya,6.0
2019-08-31,NuwaraEliya,8.0
2019-09-07,NuwaraEliya,13.0
2019-09-14,NuwaraEliya,4.0
2019-09-21,NuwaraEliya,7.0
2019-09-28,NuwaraEliya,13.0
2019-10-05,NuwaraEliya,10.0
2019-10-12,NuwaraEliya,14.0
2019-10-19,NuwaraEliya,15.0
2019-10-26,NuwaraEliya,15.0
2019-11-02,NuwaraEliya,21.0
2019-11-09,NuwaraEliya,11.0
2019-11-16,NuwaraEliya,28.0
2019-11-23,NuwaraEliya,22.0
2019-11-30,NuwaraEliya,20.0
2019-12-07,NuwaraEliya,19.0
2019-12-14,NuwaraEliya,13.0
2019-12-21,NuwaraEliya,22.0
2019-12-28,NuwaraEliya,16.0
2020-01-01,NuwaraEliya,9.0
2020-01-04,NuwaraEliya,10.0
2020-01-11,NuwaraEliya,16.0
2020-01-18,NuwaraEliya,38.0
2020-01-25,NuwaraEliya,13.0
2020-02-08,NuwaraEliya,9.0
2020-02-15,NuwaraEliya,5.0
2020-02-22,NuwaraEliya,12.0
2020-02-29,NuwaraEliya,5.0
2020-03-07,NuwaraEliya,4.0
2020-03-14,NuwaraEliya,2.0
2020-03-21,NuwaraEliya,5.0
2020-03-28,NuwaraEliya,1.0
2020-04-04,NuwaraEliya,0.0
2020-04-11,NuwaraEliya,0.0
2020-04-18,NuwaraEliya,1.0
2020-04-25,NuwaraEliya,0.0
2020-05-02,NuwaraEliya,0.0
2020-05-09,NuwaraEliya,1.0
2020-05-16,NuwaraEliya,1.0
2020-05-23,NuwaraEliya,0.0
2020-05-30,NuwaraEliya,2.0
2020-06-06,NuwaraEliya,2.0
2020-06-13,NuwaraEliya,2.0
2020-06-20,NuwaraEliya,5.0
2020-06-27,NuwaraEliya,2.0
2020-07-04,NuwaraEliya,3.0
2020-07-11,NuwaraEliya,2.0
2020-07-18,NuwaraEliya,3.0
2020-07-25,NuwaraEliya,4.0
2020-08-01,NuwaraEliya,1.0
2020-08-08,NuwaraEliya,3.0
2020-08-15,NuwaraEliya,3.0
2020-08-22,NuwaraEliya,2.0
2020-08-29,NuwaraEliya,2.0
2020-09-05,NuwaraEliya,2.0
2020-09-11,NuwaraEliya,3.0
2020-09-19,NuwaraEliya,1.0
2020-09-26,NuwaraEliya,0.0
2020-10-03,NuwaraEliya,1.0
2020-10-10,NuwaraEliya,0.0
2020-10-17,NuwaraEliya,0.0
2020-10-24,NuwaraEliya,0.0
2020-10-31,NuwaraEliya,0.0
2020-11-07,NuwaraEliya,0.0
2020-11-14,NuwaraEliya,0.0
2020-11-28,NuwaraEliya,0.0
2020-12-05,NuwaraEliya,1.0
2020-12-12,NuwaraEliya,0.0
2020-12-19,NuwaraEliya,0.0
2020-12-21,NuwaraEliya,0.0
2020-12-26,NuwaraEliya,54.0
2021-01-02,NuwaraEliya,0.0
2021-01-09,NuwaraEliya,3.0
2021-01-16,NuwaraEliya,1.0
2021-01-23,NuwaraEliya,1.0
2021-01-30,NuwaraEliya,0.0
2021-02-06,NuwaraEliya,0.0
2021-02-13,NuwaraEliya,1.0
2021-02-20,NuwaraEliya,0.0
2021-02-27,NuwaraEliya,1.0
2021-03-06,NuwaraEliya,3.0
2021-03-13,NuwaraEliya,2.0
2021-03-20,NuwaraEliya,2.0
2021-03-27,NuwaraEliya,1.0
2021-04-03,NuwaraEliya,3.0
2021-04-10,NuwaraEliya,0.0
2021-04-17,NuwaraEliya,3.0
2021-04-24,NuwaraEliya,2.0
2021-05-01,NuwaraEliya,0.0
2021-05-08,NuwaraEliya,1.0
2021-05-15,NuwaraEliya,2.0
2021-05-22,NuwaraEliya,1.0
2021-05-29,NuwaraEliya,0.0
2021-06-05,NuwaraEliya,2.0
2021-06-12,NuwaraEliya,1.0
2021-06-19,NuwaraEliya,0.0
2021-06-26,NuwaraEliya,0.0
2021-07-03,NuwaraEliya,2.0
2021-07-10,NuwaraEliya,1.0
2021-07-17,NuwaraEliya,2.0
2021-07-24,NuwaraEliya,0.0
2021-07-31,NuwaraEliya,0.0
2021-08-07,NuwaraEliya,1.0
2021-08-14,NuwaraEliya,1.0
2021-08-21,NuwaraEliya,0.0
2021-08-28,NuwaraEliya,0.0
2021-09-04,NuwaraEliya,1.0
2021-09-11,NuwaraEliya,2.0
2021-09-18,NuwaraEliya,0.0
2021-10-02,NuwaraEliya,2.0
2021-10-16,NuwaraEliya,0.0
2021-10-23,NuwaraEliya,1.0
2021-10-30,NuwaraEliya,1.0
2021-11-06,NuwaraEliya,4.0
2021-11-13,NuwaraEliya,5.0
2021-11-20,NuwaraEliya,0.0
2021-11-27,NuwaraEliya,2.0
2021-12-04,NuwaraEliya,2.0
2021-12-11,NuwaraEliya,7.0
2021-12-18,NuwaraEliya,7.0
2021-12-25,NuwaraEliya,7.0
2021-12-31,NuwaraEliya,5.0
2022-01-01,NuwaraEliya,2.0
2022-01-08,NuwaraEliya,6.0
2022-01-15,NuwaraEliya,12.0
2022-01-22,NuwaraEliya,5.0
2022-01-29,NuwaraEliya,3.0
2022-02-05,NuwaraEliya,4.0
2022-02-12,NuwaraEliya,2.0
2022-02-19,NuwaraEliya,2.0
2022-02-26,NuwaraEliya,5.0
2022-03-05,NuwaraEliya,2.0
2022-03-12,NuwaraEliya,2.0
2022-03-19,NuwaraEliya,5.0
2022-03-26,NuwaraEliya,2.0
2022-04-02,NuwaraEliya,0.0
2022-04-09,NuwaraEliya,1.0
2022-04-16,NuwaraEliya,6.0
2022-04-23,NuwaraEliya,2.0
2022-04-30,NuwaraEliya,0.0
2022-05-07,NuwaraEliya,8.0
2022-05-14,NuwaraEliya,4.0
2022-05-21,NuwaraEliya,1.0
2022-05-28,NuwaraEliya,1.0
2022-06-04,NuwaraEliya,8.0
2022-06-11,NuwaraEliya,5.0
2022-06-18,NuwaraEliya,10.0
2022-06-25,NuwaraEliya,10.0
2022-07-02,NuwaraEliya,10.0
2022-07-09,NuwaraEliya,5.0
2022-07-16,NuwaraEliya,11.0
2022-07-23,NuwaraEliya,9.0
2022-07-30,NuwaraEliya,7.0
2022-08-06,NuwaraEliya,4.0
2022-08-13,NuwaraEliya,3.0
2022-08-20,NuwaraEliya,7.0
2022-08-27,NuwaraEliya,8.0
2022-09-03,NuwaraEliya,3.0
2022-09-10,NuwaraEliya,0.0
2022-09-17,NuwaraEliya,2.0
2022-09-24,NuwaraEliya,2.0
2022-10-01,NuwaraEliya,4.0
2022-10-08,NuwaraEliya,4.0
2022-10-15,NuwaraEliya,4.0
2022-10-29,NuwaraEliya,4.0
2022-11-05,NuwaraEliya,2.0
2022-11-12,NuwaraEliya,5.0
2022-11-19,NuwaraEliya,1.0
2022-11-26,NuwaraEliya,2.0
2022-12-03,NuwaraEliya,2.0
2022-12-10,NuwaraEliya,5.0
2022-12-17,NuwaraEliya,4.0
2022-12-24,NuwaraEliya,3.0
2023-01-07,NuwaraEliya,5.0
2023-01-14,NuwaraEliya,3.0
2023-01-21,NuwaraEliya,3.0
2023-01-28,NuwaraEliya,3.0
2023-02-04,NuwaraEliya,5.0
2023-02-11,NuwaraEliya,4.0
2023-02-18,NuwaraEliya,4.0
2023-02-25,NuwaraEliya,6.0
2023-03-04,NuwaraEliya,3.0
2023-03-11,NuwaraEliya,1.0
2023-03-18,NuwaraEliya,2.0
2023-03-25,NuwaraEliya,4.0
2023-04-01,NuwaraEliya,3.0
2023-04-08,NuwaraEliya,2.0
2023-04-15,NuwaraEliya,3.0
2023-04-22,NuwaraEliya,3.0
2023-04-29,NuwaraEliya,1.0
2023-05-06,NuwaraEliya,13.0
2023-05-13,NuwaraEliya,6.0
2023-05-20,NuwaraEliya,10.0
2023-05-27,NuwaraEliya,13.0
2023-06-03,NuwaraEliya,7.0
2023-06-10,NuwaraEliya,10.0
2023-06-17,NuwaraEliya,7.0
2023-06-24,NuwaraEliya,8.0
2023-07-01,NuwaraEliya,11.0
2023-07-08,NuwaraEliya,10.0
2023-07-15,NuwaraEliya,7.0
2023-07-22,NuwaraEliya,9.0
2023-07-29,NuwaraEliya,6.0
2023-08-05,NuwaraEliya,14.0
2023-08-12,NuwaraEliya,12.0
2023-08-19,NuwaraEliya,10.0
2023-08-26,NuwaraEliya,3.0
2023-08-31,NuwaraEliya,6.0
2023-09-02,NuwaraEliya,9.0
2023-09-09,NuwaraEliya,5.0
2023-09-16,NuwaraEliya,3.0
2023-09-23,NuwaraEliya,3.0
2023-10-07,NuwaraEliya,5.0
2023-10-14,NuwaraEliya,4.0
2023-10-21,NuwaraEliya,2.0
2023-10-28,NuwaraEliya,15.0
2023-11-04,NuwaraEliya,2.0
2023-11-11,NuwaraEliya,13.0
2023-11-18,NuwaraEliya,17.0
2023-11-25,NuwaraEliya,16.0
2023-12-02,NuwaraEliya,26.0
2023-12-09,NuwaraEliya,25.0
2023-12-16,NuwaraEliya,36.0
2023-12-23,NuwaraEliya,13.0
2023-12-27,NuwaraEliya,13.0
2023-12-30,NuwaraEliya,19.0
2024-01-06,NuwaraEliya,28.0
2024-01-13,NuwaraEliya,44.0
2024-01-20,NuwaraEliya,18.0
2024-02-03,NuwaraEliya,18.0
2024-02-10,NuwaraEliya,9.0
2024-02-17,NuwaraEliya,9.0
2024-02-24,NuwaraEliya,6.0
2013-05-15,Polonnaruwa,4.0
2013-06-22,Polonnaruwa,1.0
2013-06-29,Polonnaruwa,4.0
2013-07-13,Polonnaruwa,12.0
2013-07-20,Polonnaruwa,9.0
2013-07-27,Polonnaruwa,11.0
2013-08-03,Polonnaruwa,12.0
2013-08-10,Polonnaruwa,17.0
2013-08-17,Polonnaruwa,11.0
2013-08-24,Polonnaruwa,2.0
2013-08-31,Polonnaruwa,19.0
2013-09-07,Polonnaruwa,9.0
2013-09-14,Polonnaruwa,6.0
2013-09-21,Polonnaruwa,6.0
2013-09-28,Polonnaruwa,2.0
2013-10-05,Polonnaruwa,10.0
2013-10-12,Polonnaruwa,2.0
2013-10-19,Polonnaruwa,12.0
2013-10-26,Polonnaruwa,5.0
2013-11-02,Polonnaruwa,11.0
2013-11-09,Polonnaruwa,9.0
2013-11-16,Polonnaruwa,8.0
2013-11-23,Polonnaruwa,3.0
2013-11-30,Polonnaruwa,10.0
2013-12-07,Polonnaruwa,6.0
2013-12-14,Polonnaruwa,11.0
2013-12-21,Polonnaruwa,7.0
2013-12-27,Polonnaruwa,3.0
2013-12-28,Polonnaruwa,9.0
2014-01-02,Polonnaruwa,2.0
2014-01-04,Polonnaruwa,5.0
2014-01-09,Polonnaruwa,13.0
2014-01-11,Polonnaruwa,17.0
2014-01-18,Polonnaruwa,4.0
2014-02-01,Polonnaruwa,0.0
2014-02-08,Polonnaruwa,0.0
2014-02-15,Polonnaruwa,0.0
2014-02-22,Polonnaruwa,0.0
2014-03-01,Polonnaruwa,0.0
2014-03-08,Polonnaruwa,0.0
2014-03-15,Polonnaruwa,0.0
2014-03-22,Polonnaruwa,0.0
2014-03-29,Polonnaruwa,0.0
2014-04-05,Polonnaruwa,0.0
2014-04-12,Polonnaruwa,0.0
2014-04-19,Polonnaruwa,0.0
2014-04-26,Polonnaruwa,0.0
2014-05-03,Polonnaruwa,0.0
2014-05-10,Polonnaruwa,0.0
2014-05-17,Polonnaruwa,0.0
2014-05-24,Polonnaruwa,0.0
2014-05-31,Polonnaruwa,0.0
2014-06-07,Polonnaruwa,0.0
2014-06-14,Polonnaruwa,0.0
2014-06-21,Polonnaruwa,4.0
2014-06-28,Polonnaruwa,4.0
2014-07-05,Polonnaruwa,12.0
2014-07-12,Polonnaruwa,16.0
2014-07-19,Polonnaruwa,10.0
2014-07-26,Polonnaruwa,8.0
2014-08-02,Polonnaruwa,1.0
2014-08-09,Polonnaruwa,6.0
2014-08-16,Polonnaruwa,2.0
2014-08-23,Polonnaruwa,3.0
2014-08-30,Polonnaruwa,11.0
2014-09-06,Polonnaruwa,8.0
2014-09-13,Polonnaruwa,2.0
2014-09-20,Polonnaruwa,4.0
2014-09-27,Polonnaruwa,6.0
2014-10-04,Polonnaruwa,7.0
2014-10-11,Polonnaruwa,10.0
2014-10-18,Polonnaruwa,2.0
2014-10-25,Polonnaruwa,3.0
2014-11-01,Polonnaruwa,6.0
2014-11-08,Polonnaruwa,10.0
2014-11-15,Polonnaruwa,20.0
2014-11-22,Polonnaruwa,8.0
2014-11-29,Polonnaruwa,15.0
2014-12-06,Polonnaruwa,10.0
2014-12-13,Polonnaruwa,0.0
2014-12-20,Polonnaruwa,6.0
2015-01-03,Polonnaruwa,3.0
2015-01-10,Polonnaruwa,7.0
2015-01-17,Polonnaruwa,17.0
2015-01-24,Polonnaruwa,3.0
2015-01-31,Polonnaruwa,6.0
2015-02-07,Polonnaruwa,11.0
2015-02-14,Polonnaruwa,14.0
2015-02-21,Polonnaruwa,12.0
2015-02-28,Polonnaruwa,2.0
2015-03-07,Polonnaruwa,5.0
2015-03-14,Polonnaruwa,2.0
2015-03-21,Polonnaruwa,1.0
2015-03-28,Polonnaruwa,0.0
2015-04-04,Polonnaruwa,1.0
2015-04-11,Polonnaruwa,0.0
2015-04-18,Polonnaruwa,3.0
2015-04-25,Polonnaruwa,0.0
2015-05-02,Polonnaruwa,0.0
2015-05-09,Polonnaruwa,2.0
2015-05-16,Polonnaruwa,0.0
2015-05-23,Polonnaruwa,3.0
2015-05-30,Polonnaruwa,1.0
2015-06-06,Polonnaruwa,1.0
2015-06-13,Polonnaruwa,0.0
2015-06-20,Polonnaruwa,0.0
2015-06-27,Polonnaruwa,1.0
2015-07-04,Polonnaruwa,0.0
2015-07-11,Polonnaruwa,1.0
2015-07-25,Polonnaruwa,0.0
2015-08-01,Polonnaruwa,0.0
2015-08-08,Polonnaruwa,1.0
2015-08-15,Polonnaruwa,0.0
2015-08-22,Polonnaruwa,4.0
2015-08-29,Polonnaruwa,1.0
2015-09-05,Polonnaruwa,1.0
2015-09-12,Polonnaruwa,1.0
2015-09-19,Polonnaruwa,1.0
2015-09-26,Polonnaruwa,1.0
2015-10-03,Polonnaruwa,2.0
2015-10-10,Polonnaruwa,1.0
2015-10-17,Polonnaruwa,5.0
2015-10-24,Polonnaruwa,4.0
2015-10-31,Polonnaruwa,4.0
2015-11-07,Polonnaruwa,2.0
2015-11-14,Polonnaruwa,4.0
2015-11-21,Polonnaruwa,2.0
2015-11-28,Polonnaruwa,10.0
2015-12-05,Polonnaruwa,11.0
2015-12-12,Polonnaruwa,0.0
2015-12-19,Polonnaruwa,2.0
2015-12-26,Polonnaruwa,11.0
2016-01-16,Polonnaruwa,4.0
2016-01-23,Polonnaruwa,11.0
2016-01-30,Polonnaruwa,10.0
2016-02-06,Polonnaruwa,16.0
2016-02-13,Polonnaruwa,1.0
2016-02-20,Polonnaruwa,6.0
2016-02-27,Polonnaruwa,5.0
2016-03-05,Polonnaruwa,4.0
2016-03-12,Polonnaruwa,4.0
2016-03-19,Polonnaruwa,3.0
2016-03-26,Polonnaruwa,4.0
2016-04-02,Polonnaruwa,0.0
2016-04-09,Polonnaruwa,1.0
2016-04-16,Polonnaruwa,3.0
2016-04-23,Polonnaruwa,10.0
2016-04-30,Polonnaruwa,4.0
2016-05-07,Polonnaruwa,5.0
2016-05-14,Polonnaruwa,3.0
2016-05-21,Polonnaruwa,2.0
2016-05-28,Polonnaruwa,5.0
2016-06-04,Polonnaruwa,0.0
2016-06-11,Polonnaruwa,2.0
2016-06-18,Polonnaruwa,8.0
2016-06-25,Polonnaruwa,10.0
2016-07-02,Polonnaruwa,19.0
2016-07-09,Polonnaruwa,14.0
2016-07-16,Polonnaruwa,19.0
2016-07-23,Polonnaruwa,14.0
2016-07-30,Polonnaruwa,12.0
2016-08-06,Polonnaruwa,5.0
2016-08-20,Polonnaruwa,6.0
2016-08-27,Polonnaruwa,4.0
2016-09-03,Polonnaruwa,8.0
2016-09-10,Polonnaruwa,3.0
2016-09-17,Polonnaruwa,5.0
2016-09-24,Polonnaruwa,3.0
2016-10-01,Polonnaruwa,1.0
2016-10-08,Polonnaruwa,2.0
2016-10-15,Polonnaruwa,4.0
2016-10-22,Polonnaruwa,2.0
2016-10-29,Polonnaruwa,4.0
2016-11-05,Polonnaruwa,2.0
2016-11-12,Polonnaruwa,7.0
2016-11-19,Polonnaruwa,6.0
2016-11-26,Polonnaruwa,0.0
2016-12-03,Polonnaruwa,3.0
2016-12-10,Polonnaruwa,1.0
2016-12-17,Polonnaruwa,11.0
2016-12-24,Polonnaruwa,11.0
2016-12-31,Polonnaruwa,6.0
2017-01-07,Polonnaruwa,7.0
2017-01-14,Polonnaruwa,7.0
2017-01-21,Polonnaruwa,8.0
2017-01-28,Polonnaruwa,17.0
2017-02-04,Polonnaruwa,16.0
2017-02-11,Polonnaruwa,5.0
2017-02-18,Polonnaruwa,5.0
2017-02-25,Polonnaruwa,6.0
2017-03-04,Polonnaruwa,15.0
2017-03-11,Polonnaruwa,62.0
2017-03-18,Polonnaruwa,108.0
2017-03-25,Polonnaruwa,71.0
2017-04-01,Polonnaruwa,31.0
2017-04-08,Polonnaruwa,23.0
2017-04-15,Polonnaruwa,89.0
2017-04-22,Polonnaruwa,54.0
2017-04-29,Polonnaruwa,43.0
2017-05-06,Polonnaruwa,34.0
2017-05-13,Polonnaruwa,43.0
2017-05-17,Polonnaruwa,26.0
2017-05-20,Polonnaruwa,42.0
2017-05-27,Polonnaruwa,23.0
2017-06-03,Polonnaruwa,17.0
2017-06-10,Polonnaruwa,27.0
2017-06-24,Polonnaruwa,34.0
2017-07-01,Polonnaruwa,123.0
2017-07-08,Polonnaruwa,63.0
2017-07-15,Polonnaruwa,56.0
2017-07-22,Polonnaruwa,48.0
2017-07-29,Polonnaruwa,24.0
2017-08-05,Polonnaruwa,20.0
2017-08-12,Polonnaruwa,23.0
2017-08-19,Polonnaruwa,7.0
2017-08-26,Polonnaruwa,12.0
2017-09-02,Polonnaruwa,4.0
2017-09-09,Polonnaruwa,9.0
2017-09-16,Polonnaruwa,7.0
2017-09-23,Polonnaruwa,12.0
2017-09-30,Polonnaruwa,9.0
2017-10-07,Polonnaruwa,20.0
2017-10-14,Polonnaruwa,11.0
2017-10-21,Polonnaruwa,16.0
2017-10-28,Polonnaruwa,11.0
2017-11-04,Polonnaruwa,24.0
2017-11-11,Polonnaruwa,10.0
2017-11-18,Polonnaruwa,20.0
2017-11-25,Polonnaruwa,15.0
2017-12-02,Polonnaruwa,24.0
2017-12-09,Polonnaruwa,16.0
2017-12-16,Polonnaruwa,9.0
2017-12-23,Polonnaruwa,9.0
2017-12-30,Polonnaruwa,12.0
2018-01-06,Polonnaruwa,9.0
2018-01-13,Polonnaruwa,13.0
2018-01-20,Polonnaruwa,11.0
2018-01-27,Polonnaruwa,5.0
2018-02-03,Polonnaruwa,2.0
2018-02-10,Polonnaruwa,10.0
2018-02-17,Polonnaruwa,3.0
2018-02-24,Polonnaruwa,3.0
2018-03-03,Polonnaruwa,4.0
2018-03-10,Polonnaruwa,2.0
2018-03-17,Polonnaruwa,5.0
2018-03-24,Polonnaruwa,3.0
2018-03-31,Polonnaruwa,8.0
2018-04-07,Polonnaruwa,4.0
2018-04-14,Polonnaruwa,2.0
2018-04-21,Polonnaruwa,11.0
2018-04-28,Polonnaruwa,2.0
2018-05-05,Polonnaruwa,5.0
2018-05-12,Polonnaruwa,7.0
2018-05-19,Polonnaruwa,11.0
2018-05-26,Polonnaruwa,6.0
2018-06-02,Polonnaruwa,11.0
2018-06-09,Polonnaruwa,3.0
2018-06-16,Polonnaruwa,6.0
2018-06-23,Polonnaruwa,2.0
2018-06-30,Polonnaruwa,28.0
2018-07-07,Polonnaruwa,12.0
2018-07-14,Polonnaruwa,5.0
2018-07-21,Polonnaruwa,6.0
2018-07-28,Polonnaruwa,10.0
2018-08-04,Polonnaruwa,8.0
2018-08-11,Polonnaruwa,4.0
2018-08-18,Polonnaruwa,3.0
2018-08-25,Polonnaruwa,1.0
2018-09-01,Polonnaruwa,8.0
2018-09-08,Polonnaruwa,5.0
2018-09-15,Polonnaruwa,1.0
2018-09-22,Polonnaruwa,4.0
2018-09-29,Polonnaruwa,1.0
2018-10-06,Polonnaruwa,0.0
2018-10-13,Polonnaruwa,3.0
2018-10-20,Polonnaruwa,4.0
2018-10-27,Polonnaruwa,1.0
2018-11-03,Polonnaruwa,7.0
2018-11-10,Polonnaruwa,7.0
2018-11-17,Polonnaruwa,2.0
2018-11-24,Polonnaruwa,7.0
2018-12-01,Polonnaruwa,11.0
2018-12-08,Polonnaruwa,6.0
2018-12-15,Polonnaruwa,9.0
2018-12-22,Polonnaruwa,8.0
2018-12-29,Polonnaruwa,10.0
2019-01-05,Polonnaruwa,9.0
2019-01-12,Polonnaruwa,12.0
2019-01-19,Polonnaruwa,7.0
2019-01-26,Polonnaruwa,17.0
2019-02-02,Polonnaruwa,2.0
2019-02-09,Polonnaruwa,3.0
2019-02-16,Polonnaruwa,6.0
2019-03-02,Polonnaruwa,4.0
2019-03-09,Polonnaruwa,3.0
2019-03-16,Polonnaruwa,2.0
2019-03-23,Polonnaruwa,6.0
2019-03-30,Polonnaruwa,2.0
2019-04-06,Polonnaruwa,5.0
2019-04-13,Polonnaruwa,4.0
2019-04-20,Polonnaruwa,6.0
2019-04-27,Polonnaruwa,5.0
2019-05-04,Polonnaruwa,6.0
2019-05-11,Polonnaruwa,5.0
2019-05-18,Polonnaruwa,0.0
2019-05-25,Polonnaruwa,6.0
2019-06-01,Polonnaruwa,9.0
2019-06-08,Polonnaruwa,15.0
2019-06-15,Polonnaruwa,3.0
2019-06-22,Polonnaruwa,6.0
2019-06-29,Polonnaruwa,10.0
2019-07-06,Polonnaruwa,15.0
2019-07-13,Polonnaruwa,11.0
2019-07-20,Polonnaruwa,9.0
2019-07-27,Polonnaruwa,9.0
2019-08-03,Polonnaruwa,6.0
2019-08-10,Polonnaruwa,14.0
2019-08-17,Polonnaruwa,7.0
2019-08-24,Polonnaruwa,7.0
2019-08-31,Polonnaruwa,2.0
2019-09-07,Polonnaruwa,13.0
2019-09-14,Polonnaruwa,8.0
2019-09-21,Polonnaruwa,8.0
2019-09-28,Polonnaruwa,13.0
2019-10-05,Polonnaruwa,14.0
2019-10-12,Polonnaruwa,14.0
2019-10-19,Polonnaruwa,8.0
2019-10-26,Polonnaruwa,19.0
2019-11-02,Polonnaruwa,13.0
2019-11-09,Polonnaruwa,17.0
2019-11-16,Polonnaruwa,29.0
2019-11-23,Polonnaruwa,27.0
2019-11-30,Polonnaruwa,24.0
2019-12-07,Polonnaruwa,21.0
2019-12-14,Polonnaruwa,19.0
2019-12-21,Polonnaruwa,23.0
2019-12-28,Polonnaruwa,15.0
2020-01-01,Polonnaruwa,30.0
2020-01-04,Polonnaruwa,16.0
2020-01-11,Polonnaruwa,15.0
2020-01-18,Polonnaruwa,21.0
2020-01-25,Polonnaruwa,27.0
2020-02-08,Polonnaruwa,22.0
2020-02-15,Polonnaruwa,11.0
2020-02-22,Polonnaruwa,14.0
2020-02-29,Polonnaruwa,10.0
2020-03-07,Polonnaruwa,8.0
2020-03-14,Polonnaruwa,4.0
2020-03-21,Polonnaruwa,1.0
2020-03-28,Polonnaruwa,1.0
2020-04-04,Polonnaruwa,0.0
2020-04-11,Polonnaruwa,1.0
2020-04-18,Polonnaruwa,0.0
2020-04-25,Polonnaruwa,1.0
2020-05-02,Polonnaruwa,1.0
2020-05-09,Polonnaruwa,0.0
2020-05-16,Polonnaruwa,3.0
2020-05-23,Polonnaruwa,1.0
2020-05-30,Polonnaruwa,2.0
2020-06-06,Polonnaruwa,4.0
2020-06-13,Polonnaruwa,8.0
2020-06-20,Polonnaruwa,6.0
2020-06-27,Polonnaruwa,4.0
2020-07-04,Polonnaruwa,2.0
2020-07-11,Polonnaruwa,1.0
2020-07-18,Polonnaruwa,1.0
2020-07-25,Polonnaruwa,0.0
2020-08-01,Polonnaruwa,1.0
2020-08-08,Polonnaruwa,2.0
2020-08-15,Polonnaruwa,0.0
2020-08-22,Polonnaruwa,1.0
2020-08-29,Polonnaruwa,0.0
2020-09-05,Polonnaruwa,2.0
2020-09-11,Polonnaruwa,1.0
2020-09-19,Polonnaruwa,2.0
2020-09-26,Polonnaruwa,1.0
2020-10-03,Polonnaruwa,3.0
2020-10-10,Polonnaruwa,5.0
2020-10-17,Polonnaruwa,2.0
2020-10-24,Polonnaruwa,0.0
2020-10-31,Polonnaruwa,1.0
2020-11-07,Polonnaruwa,0.0
2020-11-14,Polonnaruwa,2.0
2020-11-28,Polonnaruwa,0.0
2020-12-05,Polonnaruwa,2.0
2020-12-12,Polonnaruwa,0.0
2020-12-19,Polonnaruwa,3.0
2020-12-21,Polonnaruwa,0.0
2020-12-26,Polonnaruwa,121.0
2021-01-02,Polonnaruwa,1.0
2021-01-09,Polonnaruwa,0.0
2021-01-16,Polonnaruwa,1.0
2021-01-23,Polonnaruwa,0.0
2021-01-30,Polonnaruwa,3.0
2021-02-06,Polonnaruwa,1.0
2021-02-13,Polonnaruwa,0.0
2021-02-20,Polonnaruwa,2.0
2021-02-27,Polonnaruwa,5.0
2021-03-06,Polonnaruwa,0.0
2021-03-13,Polonnaruwa,3.0
2021-03-20,Polonnaruwa,2.0
2021-03-27,Polonnaruwa,2.0
2021-04-03,Polonnaruwa,2.0
2021-04-10,Polonnaruwa,0.0
2021-04-17,Polonnaruwa,3.0
2021-04-24,Polonnaruwa,3.0
2021-05-01,Polonnaruwa,6.0
2021-05-08,Polonnaruwa,0.0
2021-05-15,Polonnaruwa,5.0
2021-05-22,Polonnaruwa,0.0
2021-05-29,Polonnaruwa,0.0
2021-06-05,Polonnaruwa,1.0
2021-06-12,Polonnaruwa,2.0
2021-06-19,Polonnaruwa,5.0
2021-06-26,Polonnaruwa,1.0
2021-07-03,Polonnaruwa,1.0
2021-07-10,Polonnaruwa,3.0
2021-07-17,Polonnaruwa,1.0
2021-07-24,Polonnaruwa,1.0
2021-07-31,Polonnaruwa,3.0
2021-08-07,Polonnaruwa,5.0
2021-08-14,Polonnaruwa,0.0
2021-08-21,Polonnaruwa,0.0
2021-08-28,Polonnaruwa,0.0
2021-09-04,Polonnaruwa,1.0
2021-09-11,Polonnaruwa,2.0
2021-09-18,Polonnaruwa,1.0
2021-10-02,Polonnaruwa,0.0
2021-10-16,Polonnaruwa,3.0
2021-10-23,Polonnaruwa,2.0
2021-10-30,Polonnaruwa,2.0
2021-11-06,Polonnaruwa,3.0
2021-11-13,Polonnaruwa,2.0
2021-11-20,Polonnaruwa,3.0
2021-11-27,Polonnaruwa,2.0
2021-12-04,Polonnaruwa,5.0
2021-12-11,Polonnaruwa,8.0
2021-12-18,Polonnaruwa,8.0
2021-12-25,Polonnaruwa,8.0
2021-12-31,Polonnaruwa,13.0
2022-01-01,Polonnaruwa,8.0
2022-01-08,Polonnaruwa,5.0
2022-01-15,Polonnaruwa,7.0
2022-01-22,Polonnaruwa,6.0
2022-01-29,Polonnaruwa,4.0
2022-02-05,Polonnaruwa,0.0
2022-02-12,Polonnaruwa,0.0
2022-02-19,Polonnaruwa,1.0
2022-02-26,Polonnaruwa,2.0
2022-03-05,Polonnaruwa,2.0
2022-03-12,Polonnaruwa,2.0
2022-03-19,Polonnaruwa,2.0
2022-03-26,Polonnaruwa,1.0
2022-04-02,Polonnaruwa,1.0
2022-04-09,Polonnaruwa,1.0
2022-04-16,Polonnaruwa,4.0
2022-04-23,Polonnaruwa,1.0
2022-04-30,Polonnaruwa,1.0
2022-05-07,Polonnaruwa,0.0
2022-05-14,Polonnaruwa,1.0
2022-05-21,Polonnaruwa,2.0
2022-05-28,Polonnaruwa,2.0
2022-06-04,Polonnaruwa,1.0
2022-06-11,Polonnaruwa,2.0
2022-06-18,Polonnaruwa,9.0
2022-06-25,Polonnaruwa,0.0
2022-07-02,Polonnaruwa,9.0
2022-07-09,Polonnaruwa,1.0
2022-07-16,Polonnaruwa,7.0
2022-07-23,Polonnaruwa,7.0
2022-07-30,Polonnaruwa,3.0
2022-08-06,Polonnaruwa,4.0
2022-08-13,Polonnaruwa,5.0
2022-08-20,Polonnaruwa,3.0
2022-08-27,Polonnaruwa,2.0
2022-09-03,Polonnaruwa,0.0
2022-09-10,Polonnaruwa,0.0
2022-09-17,Polonnaruwa,5.0
2022-09-24,Polonnaruwa,3.0
2022-10-01,Polonnaruwa,3.0
2022-10-08,Polonnaruwa,0.0
2022-10-15,Polonnaruwa,0.0
2022-10-29,Polonnaruwa,1.0
2022-11-05,Polonnaruwa,0.0
2022-11-12,Polonnaruwa,0.0
2022-11-19,Polonnaruwa,3.0
2022-11-26,Polonnaruwa,3.0
2022-12-03,Polonnaruwa,2.0
2022-12-10,Polonnaruwa,2.0
2022-12-17,Polonnaruwa,9.0
2022-12-24,Polonnaruwa,9.0
2023-01-07,Polonnaruwa,28.0
2023-01-14,Polonnaruwa,22.0
2023-01-21,Polonnaruwa,11.0
2023-01-28,Polonnaruwa,18.0
2023-02-04,Polonnaruwa,16.0
2023-02-11,Polonnaruwa,9.0
2023-02-18,Polonnaruwa,17.0
2023-02-25,Polonnaruwa,16.0
2023-03-04,Polonnaruwa,14.0
2023-03-11,Polonnaruwa,4.0
2023-03-18,Polonnaruwa,13.0
2023-03-25,Polonnaruwa,4.0
2023-04-01,Polonnaruwa,4.0
2023-04-08,Polonnaruwa,13.0
2023-04-15,Polonnaruwa,52.0
2023-04-22,Polonnaruwa,0.0
2023-04-29,Polonnaruwa,5.0
2023-05-06,Polonnaruwa,18.0
2023-05-13,Polonnaruwa,19.0
2023-05-20,Polonnaruwa,28.0
2023-05-27,Polonnaruwa,22.0
2023-06-03,Polonnaruwa,13.0
2023-06-10,Polonnaruwa,33.0
2023-06-17,Polonnaruwa,9.0
2023-06-24,Polonnaruwa,8.0
2023-07-01,Polonnaruwa,13.0
2023-07-08,Polonnaruwa,6.0
2023-07-15,Polonnaruwa,12.0
2023-07-22,Polonnaruwa,3.0
2023-07-29,Polonnaruwa,11.0
2023-08-05,Polonnaruwa,6.0
2023-08-12,Polonnaruwa,12.0
2023-08-19,Polonnaruwa,11.0
2023-08-26,Polonnaruwa,4.0
2023-08-31,Polonnaruwa,3.0
2023-09-02,Polonnaruwa,2.0
2023-09-09,Polonnaruwa,7.0
2023-09-16,Polonnaruwa,4.0
2023-09-23,Polonnaruwa,1.0
2023-10-07,Polonnaruwa,5.0
2023-10-14,Polonnaruwa,4.0
2023-10-21,Polonnaruwa,8.0
2023-10-28,Polonnaruwa,8.0
2023-11-04,Polonnaruwa,7.0
2023-11-11,Polonnaruwa,8.0
2023-11-18,Polonnaruwa,13.0
2023-11-25,Polonnaruwa,10.0
2023-12-02,Polonnaruwa,20.0
2023-12-09,Polonnaruwa,16.0
2023-12-16,Polonnaruwa,33.0
2023-12-23,Polonnaruwa,8.0
2023-12-27,Polonnaruwa,10.0
2023-12-30,Polonnaruwa,21.0
2024-01-06,Polonnaruwa,12.0
2024-01-13,Polonnaruwa,84.0
2024-01-20,Polonnaruwa,12.0
2024-02-03,Polonnaruwa,19.0
2024-02-10,Polonnaruwa,41.0
2024-02-17,Polonnaruwa,17.0
2024-02-24,Polonnaruwa,7.0
2013-05-15,Puttalam,18.0
2013-06-22,Puttalam,15.0
2013-06-29,Puttalam,12.0
2013-07-13,Puttalam,11.0
2013-07-20,Puttalam,6.0
2013-07-27,Puttalam,3.0
2013-08-03,Puttalam,14.0
2013-08-10,Puttalam,16.0
2013-08-17,Puttalam,9.0
2013-08-24,Puttalam,11.0
2013-08-31,Puttalam,12.0
2013-09-07,Puttalam,9.0
2013-09-14,Puttalam,6.0
2013-09-21,Puttalam,7.0
2013-09-28,Puttalam,6.0
2013-10-05,Puttalam,5.0
2013-10-12,Puttalam,2.0
2013-10-19,Puttalam,6.0
2013-10-26,Puttalam,3.0
2013-11-02,Puttalam,10.0
2013-11-09,Puttalam,13.0
2013-11-16,Puttalam,7.0
2013-11-23,Puttalam,7.0
2013-11-30,Puttalam,8.0
2013-12-07,Puttalam,16.0
2013-12-14,Puttalam,10.0
2013-12-21,Puttalam,15.0
2013-12-27,Puttalam,35.0
2013-12-28,Puttalam,22.0
2014-01-02,Puttalam,19.0
2014-01-04,Puttalam,9.0
2014-01-09,Puttalam,21.0
2014-01-11,Puttalam,16.0
2014-01-18,Puttalam,19.0
2014-02-01,Puttalam,16.0
2014-02-08,Puttalam,4.0
2014-02-15,Puttalam,2.0
2014-02-22,Puttalam,4.0
2014-03-01,Puttalam,5.0
2014-03-08,Puttalam,3.0
2014-03-15,Puttalam,2.0
2014-03-22,Puttalam,6.0
2014-03-29,Puttalam,1.0
2014-04-05,Puttalam,4.0
2014-04-12,Puttalam,4.0
2014-04-19,Puttalam,10.0
2014-04-26,Puttalam,1.0
2014-05-03,Puttalam,0.0
2014-05-10,Puttalam,1.0
2014-05-17,Puttalam,7.0
2014-05-24,Puttalam,14.0
2014-05-31,Puttalam,11.0
2014-06-07,Puttalam,11.0
2014-06-14,Puttalam,10.0
2014-06-21,Puttalam,38.0
2014-06-28,Puttalam,24.0
2014-07-05,Puttalam,25.0
2014-07-12,Puttalam,14.0
2014-07-19,Puttalam,11.0
2014-07-26,Puttalam,9.0
2014-08-02,Puttalam,8.0
2014-08-09,Puttalam,5.0
2014-08-16,Puttalam,2.0
2014-08-23,Puttalam,11.0
2014-08-30,Puttalam,6.0
2014-09-06,Puttalam,9.0
2014-09-13,Puttalam,11.0
2014-09-20,Puttalam,5.0
2014-09-27,Puttalam,4.0
2014-10-04,Puttalam,11.0
2014-10-11,Puttalam,11.0
2014-10-18,Puttalam,14.0
2014-10-25,Puttalam,25.0
2014-11-01,Puttalam,17.0
2014-11-08,Puttalam,43.0
2014-11-15,Puttalam,33.0
2014-11-22,Puttalam,39.0
2014-11-29,Puttalam,29.0
2014-12-06,Puttalam,27.0
2014-12-13,Puttalam,5.0
2014-12-20,Puttalam,41.0
2015-01-03,Puttalam,11.0
2015-01-10,Puttalam,27.0
2015-01-17,Puttalam,58.0
2015-01-24,Puttalam,11.0
2015-01-31,Puttalam,15.0
2015-02-07,Puttalam,19.0
2015-02-14,Puttalam,29.0
2015-02-21,Puttalam,8.0
2015-02-28,Puttalam,5.0
2015-03-07,Puttalam,11.0
2015-03-14,Puttalam,1.0
2015-03-21,Puttalam,7.0
2015-03-28,Puttalam,8.0
2015-04-04,Puttalam,0.0
2015-04-11,Puttalam,2.0
2015-04-18,Puttalam,2.0
2015-04-25,Puttalam,2.0
2015-05-02,Puttalam,5.0
2015-05-09,Puttalam,12.0
2015-05-16,Puttalam,4.0
2015-05-23,Puttalam,1.0
2015-05-30,Puttalam,5.0
2015-06-06,Puttalam,4.0
2015-06-13,Puttalam,13.0
2015-06-20,Puttalam,0.0
2015-06-27,Puttalam,12.0
2015-07-04,Puttalam,4.0
2015-07-11,Puttalam,30.0
2015-07-25,Puttalam,1.0
2015-08-01,Puttalam,3.0
2015-08-08,Puttalam,1.0
2015-08-15,Puttalam,2.0
2015-08-22,Puttalam,3.0
2015-08-29,Puttalam,1.0
2015-09-05,Puttalam,0.0
2015-09-12,Puttalam,1.0
2015-09-19,Puttalam,1.0
2015-09-26,Puttalam,1.0
2015-10-03,Puttalam,0.0
2015-10-10,Puttalam,2.0
2015-10-17,Puttalam,4.0
2015-10-24,Puttalam,4.0
2015-10-31,Puttalam,3.0
2015-11-07,Puttalam,3.0
2015-11-14,Puttalam,5.0
2015-11-21,Puttalam,30.0
2015-11-28,Puttalam,5.0
2015-12-05,Puttalam,3.0
2015-12-12,Puttalam,6.0
2015-12-19,Puttalam,3.0
2015-12-26,Puttalam,13.0
2016-01-16,Puttalam,16.0
2016-01-23,Puttalam,15.0
2016-01-30,Puttalam,17.0
2016-02-06,Puttalam,49.0
2016-02-13,Puttalam,17.0
2016-02-20,Puttalam,25.0
2016-02-27,Puttalam,8.0
2016-03-05,Puttalam,8.0
2016-03-12,Puttalam,8.0
2016-03-19,Puttalam,2.0
2016-03-26,Puttalam,4.0
2016-04-02,Puttalam,0.0
2016-04-09,Puttalam,4.0
2016-04-16,Puttalam,9.0
2016-04-23,Puttalam,9.0
2016-04-30,Puttalam,3.0
2016-05-07,Puttalam,16.0
2016-05-14,Puttalam,6.0
2016-05-21,Puttalam,7.0
2016-05-28,Puttalam,10.0
2016-06-04,Puttalam,1.0
2016-06-11,Puttalam,4.0
2016-06-18,Puttalam,28.0
2016-06-25,Puttalam,22.0
2016-07-02,Puttalam,13.0
2016-07-09,Puttalam,22.0
2016-07-16,Puttalam,16.0
2016-07-23,Puttalam,35.0
2016-07-30,Puttalam,32.0
2016-08-06,Puttalam,14.0
2016-08-20,Puttalam,14.0
2016-08-27,Puttalam,7.0
2016-09-03,Puttalam,6.0
2016-09-10,Puttalam,1.0
2016-09-17,Puttalam,16.0
2016-09-24,Puttalam,5.0
2016-10-01,Puttalam,3.0
2016-10-08,Puttalam,1.0
2016-10-15,Puttalam,4.0
2016-10-22,Puttalam,0.0
2016-10-29,Puttalam,1.0
2016-11-05,Puttalam,3.0
2016-11-12,Puttalam,6.0
2016-11-19,Puttalam,9.0
2016-11-26,Puttalam,16.0
2016-12-03,Puttalam,5.0
2016-12-10,Puttalam,3.0
2016-12-17,Puttalam,2.0
2016-12-24,Puttalam,18.0
2016-12-31,Puttalam,10.0
2017-01-07,Puttalam,33.0
2017-01-14,Puttalam,20.0
2017-01-21,Puttalam,12.0
2017-01-28,Puttalam,9.0
2017-02-04,Puttalam,15.0
2017-02-11,Puttalam,17.0
2017-02-18,Puttalam,26.0
2017-02-25,Puttalam,10.0
2017-03-04,Puttalam,34.0
2017-03-11,Puttalam,45.0
2017-03-18,Puttalam,52.0
2017-03-25,Puttalam,42.0
2017-04-01,Puttalam,50.0
2017-04-08,Puttalam,36.0
2017-04-15,Puttalam,94.0
2017-04-22,Puttalam,138.0
2017-04-29,Puttalam,143.0
2017-05-06,Puttalam,127.0
2017-05-13,Puttalam,154.0
2017-05-17,Puttalam,200.0
2017-05-20,Puttalam,188.0
2017-05-27,Puttalam,119.0
2017-06-03,Puttalam,134.0
2017-06-10,Puttalam,175.0
2017-06-24,Puttalam,155.0
2017-07-01,Puttalam,341.0
2017-07-08,Puttalam,284.0
2017-07-15,Puttalam,285.0
2017-07-22,Puttalam,394.0
2017-07-29,Puttalam,392.0
2017-08-05,Puttalam,290.0
2017-08-12,Puttalam,311.0
2017-08-19,Puttalam,199.0
2017-08-26,Puttalam,105.0
2017-09-02,Puttalam,89.0
2017-09-09,Puttalam,75.0
2017-09-16,Puttalam,61.0
2017-09-23,Puttalam,89.0
2017-09-30,Puttalam,111.0
2017-10-07,Puttalam,119.0
2017-10-14,Puttalam,128.0
2017-10-21,Puttalam,143.0
2017-10-28,Puttalam,193.0
2017-11-04,Puttalam,300.0
2017-11-11,Puttalam,312.0
2017-11-18,Puttalam,232.0
2017-11-25,Puttalam,249.0
2017-12-02,Puttalam,244.0
2017-12-09,Puttalam,212.0
2017-12-16,Puttalam,230.0
2017-12-23,Puttalam,200.0
2017-12-30,Puttalam,149.0
2018-01-06,Puttalam,126.0
2018-01-13,Puttalam,119.0
2018-01-20,Puttalam,143.0
2018-01-27,Puttalam,84.0
2018-02-03,Puttalam,67.0
2018-02-10,Puttalam,57.0
2018-02-17,Puttalam,62.0
2018-02-24,Puttalam,40.0
2018-03-03,Puttalam,23.0
2018-03-10,Puttalam,18.0
2018-03-17,Puttalam,31.0
2018-03-24,Puttalam,12.0
2018-03-31,Puttalam,12.0
2018-04-07,Puttalam,16.0
2018-04-14,Puttalam,13.0
2018-04-21,Puttalam,20.0
2018-04-28,Puttalam,30.0
2018-05-05,Puttalam,29.0
2018-05-12,Puttalam,6.0
2018-05-19,Puttalam,38.0
2018-05-26,Puttalam,29.0
2018-06-02,Puttalam,23.0
2018-06-09,Puttalam,15.0
2018-06-16,Puttalam,11.0
2018-06-23,Puttalam,18.0
2018-06-30,Puttalam,61.0
2018-07-07,Puttalam,34.0
2018-07-14,Puttalam,27.0
2018-07-21,Puttalam,28.0
2018-07-28,Puttalam,22.0
2018-08-04,Puttalam,0.0
2018-08-11,Puttalam,4.0
2018-08-18,Puttalam,2.0
2018-08-25,Puttalam,3.0
2018-09-01,Puttalam,12.0
2018-09-08,Puttalam,17.0
2018-09-15,Puttalam,19.0
2018-09-22,Puttalam,17.0
2018-09-29,Puttalam,12.0
2018-10-06,Puttalam,9.0
2018-10-13,Puttalam,40.0
2018-10-20,Puttalam,46.0
2018-10-27,Puttalam,65.0
2018-11-03,Puttalam,47.0
2018-11-10,Puttalam,62.0
2018-11-17,Puttalam,42.0
2018-11-24,Puttalam,85.0
2018-12-01,Puttalam,51.0
2018-12-08,Puttalam,59.0
2018-12-15,Puttalam,28.0
2018-12-22,Puttalam,27.0
2018-12-29,Puttalam,20.0
2019-01-05,Puttalam,23.0
2019-01-12,Puttalam,20.0
2019-01-19,Puttalam,16.0
2019-01-26,Puttalam,26.0
2019-02-02,Puttalam,20.0
2019-02-09,Puttalam,14.0
2019-02-16,Puttalam,15.0
2019-03-02,Puttalam,8.0
2019-03-09,Puttalam,14.0
2019-03-16,Puttalam,9.0
2019-03-23,Puttalam,6.0
2019-03-30,Puttalam,9.0
2019-04-06,Puttalam,5.0
2019-04-13,Puttalam,8.0
2019-04-20,Puttalam,6.0
2019-04-27,Puttalam,7.0
2019-05-04,Puttalam,7.0
2019-05-11,Puttalam,7.0
2019-05-18,Puttalam,5.0
2019-05-25,Puttalam,3.0
2019-06-01,Puttalam,13.0
2019-06-08,Puttalam,24.0
2019-06-15,Puttalam,18.0
2019-06-22,Puttalam,29.0
2019-06-29,Puttalam,12.0
2019-07-06,Puttalam,37.0
2019-07-13,Puttalam,39.0
2019-07-20,Puttalam,29.0
2019-07-27,Puttalam,32.0
2019-08-03,Puttalam,30.0
2019-08-10,Puttalam,30.0
2019-08-17,Puttalam,40.0
2019-08-24,Puttalam,18.0
2019-08-31,Puttalam,27.0
2019-09-07,Puttalam,23.0
2019-09-14,Puttalam,42.0
2019-09-21,Puttalam,57.0
2019-09-28,Puttalam,69.0
2019-10-05,Puttalam,72.0
2019-10-12,Puttalam,87.0
2019-10-19,Puttalam,115.0
2019-10-26,Puttalam,144.0
2019-11-02,Puttalam,114.0
2019-11-09,Puttalam,118.0
2019-11-16,Puttalam,123.0
2019-11-23,Puttalam,125.0
2019-11-30,Puttalam,128.0
2019-12-07,Puttalam,86.0
2019-12-14,Puttalam,98.0
2019-12-21,Puttalam,100.0
2019-12-28,Puttalam,75.0
2020-01-01,Puttalam,15.0
2020-01-04,Puttalam,62.0
2020-01-11,Puttalam,87.0
2020-01-18,Puttalam,53.0
2020-01-25,Puttalam,22.0
2020-02-08,Puttalam,32.0
2020-02-15,Puttalam,12.0
2020-02-22,Puttalam,19.0
2020-02-29,Puttalam,12.0
2020-03-07,Puttalam,13.0
2020-03-14,Puttalam,4.0
2020-03-21,Puttalam,0.0
2020-03-28,Puttalam,0.0
2020-04-04,Puttalam,0.0
2020-04-11,Puttalam,3.0
2020-04-18,Puttalam,2.0
2020-04-25,Puttalam,5.0
2020-05-02,Puttalam,3.0
2020-05-09,Puttalam,3.0
2020-05-16,Puttalam,4.0
2020-05-23,Puttalam,5.0
2020-05-30,Puttalam,6.0
2020-06-06,Puttalam,5.0
2020-06-13,Puttalam,8.0
2020-06-20,Puttalam,2.0
2020-06-27,Puttalam,7.0
2020-07-04,Puttalam,9.0
2020-07-11,Puttalam,2.0
2020-07-18,Puttalam,0.0
2020-07-25,Puttalam,5.0
2020-08-01,Puttalam,10.0
2020-08-08,Puttalam,10.0
2020-08-15,Puttalam,8.0
2020-08-22,Puttalam,7.0
2020-08-29,Puttalam,3.0
2020-09-05,Puttalam,3.0
2020-09-11,Puttalam,0.0
2020-09-19,Puttalam,4.0
2020-09-26,Puttalam,3.0
2020-10-03,Puttalam,2.0
2020-10-10,Puttalam,3.0
2020-10-17,Puttalam,3.0
2020-10-24,Puttalam,2.0
2020-10-31,Puttalam,4.0
2020-11-07,Puttalam,0.0
2020-11-14,Puttalam,1.0
2020-11-28,Puttalam,8.0
2020-12-05,Puttalam,0.0
2020-12-12,Puttalam,4.0
2020-12-19,Puttalam,2.0
2020-12-21,Puttalam,6.0
2020-12-26,Puttalam,287.0
2021-01-02,Puttalam,11.0
2021-01-09,Puttalam,9.0
2021-01-16,Puttalam,9.0
2021-01-23,Puttalam,12.0
2021-01-30,Puttalam,3.0
2021-02-06,Puttalam,12.0
2021-02-13,Puttalam,8.0
2021-02-20,Puttalam,9.0
2021-02-27,Puttalam,8.0
2021-03-06,Puttalam,8.0
2021-03-13,Puttalam,12.0
2021-03-20,Puttalam,19.0
2021-03-27,Puttalam,8.0
2021-04-03,Puttalam,16.0
2021-04-10,Puttalam,4.0
2021-04-17,Puttalam,18.0
2021-04-24,Puttalam,6.0
2021-05-01,Puttalam,6.0
2021-05-08,Puttalam,1.0
2021-05-15,Puttalam,4.0
2021-05-22,Puttalam,0.0
2021-05-29,Puttalam,5.0
2021-06-05,Puttalam,7.0
2021-06-12,Puttalam,2.0
2021-06-19,Puttalam,13.0
2021-06-26,Puttalam,10.0
2021-07-03,Puttalam,7.0
2021-07-10,Puttalam,7.0
2021-07-17,Puttalam,7.0
2021-07-24,Puttalam,10.0
2021-07-31,Puttalam,10.0
2021-08-07,Puttalam,4.0
2021-08-14,Puttalam,3.0
2021-08-21,Puttalam,1.0
2021-08-28,Puttalam,0.0
2021-09-04,Puttalam,5.0
2021-09-11,Puttalam,0.0
2021-09-18,Puttalam,1.0
2021-10-02,Puttalam,6.0
2021-10-16,Puttalam,6.0
2021-10-23,Puttalam,3.0
2021-10-30,Puttalam,7.0
2021-11-06,Puttalam,4.0
2021-11-13,Puttalam,12.0
2021-11-20,Puttalam,16.0
2021-11-27,Puttalam,37.0
2021-12-04,Puttalam,30.0
2021-12-11,Puttalam,90.0
2021-12-18,Puttalam,90.0
2021-12-25,Puttalam,90.0
2021-12-31,Puttalam,200.0
2022-01-01,Puttalam,13.0
2022-01-08,Puttalam,87.0
2022-01-15,Puttalam,12.0
2022-01-22,Puttalam,88.0
2022-01-29,Puttalam,52.0
2022-02-05,Puttalam,38.0
2022-02-12,Puttalam,78.0
2022-02-19,Puttalam,54.0
2022-02-26,Puttalam,36.0
2022-03-05,Puttalam,35.0
2022-03-12,Puttalam,27.0
2022-03-19,Puttalam,13.0
2022-03-26,Puttalam,26.0
2022-04-02,Puttalam,26.0
2022-04-09,Puttalam,8.0
2022-04-16,Puttalam,26.0
2022-04-23,Puttalam,21.0
2022-04-30,Puttalam,30.0
2022-05-07,Puttalam,21.0
2022-05-14,Puttalam,34.0
2022-05-21,Puttalam,28.0
2022-05-28,Puttalam,28.0
2022-06-04,Puttalam,23.0
2022-06-11,Puttalam,49.0
2022-06-18,Puttalam,34.0
2022-06-25,Puttalam,29.0
2022-07-02,Puttalam,16.0
2022-07-09,Puttalam,10.0
2022-07-16,Puttalam,21.0
2022-07-23,Puttalam,36.0
2022-07-30,Puttalam,13.0
2022-08-06,Puttalam,15.0
2022-08-13,Puttalam,27.0
2022-08-20,Puttalam,33.0
2022-08-27,Puttalam,17.0
2022-09-03,Puttalam,15.0
2022-09-10,Puttalam,0.0
2022-09-17,Puttalam,35.0
2022-09-24,Puttalam,29.0
2022-10-01,Puttalam,44.0
2022-10-08,Puttalam,35.0
2022-10-15,Puttalam,33.0
2022-10-29,Puttalam,28.0
2022-11-05,Puttalam,40.0
2022-11-12,Puttalam,49.0
2022-11-19,Puttalam,86.0
2022-11-26,Puttalam,37.0
2022-12-03,Puttalam,15.0
2022-12-10,Puttalam,11.0
2022-12-17,Puttalam,90.0
2022-12-24,Puttalam,21.0
2023-01-07,Puttalam,219.0
2023-01-14,Puttalam,212.0
2023-01-21,Puttalam,117.0
2023-01-28,Puttalam,190.0
2023-02-04,Puttalam,118.0
2023-02-11,Puttalam,133.0
2023-02-18,Puttalam,154.0
2023-02-25,Puttalam,79.0
2023-03-04,Puttalam,43.0
2023-03-11,Puttalam,61.0
2023-03-18,Puttalam,53.0
2023-03-25,Puttalam,20.0
2023-04-01,Puttalam,24.0
2023-04-08,Puttalam,22.0
2023-04-15,Puttalam,30.0
2023-04-22,Puttalam,0.0
2023-04-29,Puttalam,25.0
2023-05-06,Puttalam,25.0
2023-05-13,Puttalam,36.0
2023-05-20,Puttalam,45.0
2023-05-27,Puttalam,46.0
2023-06-03,Puttalam,53.0
2023-06-10,Puttalam,45.0
2023-06-17,Puttalam,39.0
2023-06-24,Puttalam,35.0
2023-07-01,Puttalam,35.0
2023-07-08,Puttalam,27.0
2023-07-15,Puttalam,27.0
2023-07-22,Puttalam,33.0
2023-07-29,Puttalam,20.0
2023-08-05,Puttalam,34.0
2023-08-12,Puttalam,18.0
2023-08-19,Puttalam,15.0
2023-08-26,Puttalam,23.0
2023-08-31,Puttalam,5.0
2023-09-02,Puttalam,19.0
2023-09-09,Puttalam,8.0
2023-09-16,Puttalam,13.0
2023-09-23,Puttalam,4.0
2023-10-07,Puttalam,10.0
2023-10-14,Puttalam,54.0
2023-10-21,Puttalam,74.0
2023-10-28,Puttalam,84.0
2023-11-04,Puttalam,14.0
2023-11-11,Puttalam,31.0
2023-11-18,Puttalam,28.0
2023-11-25,Puttalam,102.0
2023-12-02,Puttalam,89.0
2023-12-09,Puttalam,107.0
2023-12-16,Puttalam,96.0
2023-12-23,Puttalam,63.0
2023-12-27,Puttalam,52.0
2023-12-30,Puttalam,90.0
2024-01-06,Puttalam,92.0
2024-01-13,Puttalam,254.0
2024-01-20,Puttalam,76.0
2024-02-03,Puttalam,34.0
2024-02-10,Puttalam,102.0
2024-02-17,Puttalam,29.0
2024-02-24,Puttalam,21.0
2013-05-15,Ratnapura,35.0
2013-06-22,Ratnapura,23.0
2013-06-29,Ratnapura,24.0
2013-07-13,Ratnapura,34.0
2013-07-20,Ratnapura,33.0
2013-07-27,Ratnapura,20.0
2013-08-03,Ratnapura,25.0
2013-08-10,Ratnapura,18.0
2013-08-17,Ratnapura,20.0
2013-08-24,Ratnapura,23.0
2013-08-31,Ratnapura,17.0
2013-09-07,Ratnapura,20.0
2013-09-14,Ratnapura,10.0
2013-09-21,Ratnapura,18.0
2013-09-28,Ratnapura,9.0
2013-10-05,Ratnapura,5.0
2013-10-12,Ratnapura,4.0
2013-10-19,Ratnapura,19.0
2013-10-26,Ratnapura,5.0
2013-11-02,Ratnapura,7.0
2013-11-09,Ratnapura,9.0
2013-11-16,Ratnapura,18.0
2013-11-23,Ratnapura,10.0
2013-11-30,Ratnapura,7.0
2013-12-07,Ratnapura,4.0
2013-12-14,Ratnapura,8.0
2013-12-21,Ratnapura,10.0
2013-12-27,Ratnapura,11.0
2013-12-28,Ratnapura,12.0
2014-01-02,Ratnapura,23.0
2014-01-04,Ratnapura,8.0
2014-01-09,Ratnapura,26.0
2014-01-11,Ratnapura,17.0
2014-01-18,Ratnapura,15.0
2014-02-01,Ratnapura,10.0
2014-02-08,Ratnapura,11.0
2014-02-15,Ratnapura,4.0
2014-02-22,Ratnapura,2.0
2014-03-01,Ratnapura,11.0
2014-03-08,Ratnapura,9.0
2014-03-15,Ratnapura,5.0
2014-03-22,Ratnapura,4.0
2014-03-29,Ratnapura,3.0
2014-04-05,Ratnapura,1.0
2014-04-12,Ratnapura,0.0
2014-04-19,Ratnapura,12.0
2014-04-26,Ratnapura,5.0
2014-05-03,Ratnapura,6.0
2014-05-10,Ratnapura,15.0
2014-05-17,Ratnapura,38.0
2014-05-24,Ratnapura,93.0
2014-05-31,Ratnapura,135.0
2014-06-07,Ratnapura,219.0
2014-06-14,Ratnapura,234.0
2014-06-21,Ratnapura,136.0
2014-06-28,Ratnapura,98.0
2014-07-05,Ratnapura,64.0
2014-07-12,Ratnapura,89.0
2014-07-19,Ratnapura,30.0
2014-07-26,Ratnapura,60.0
2014-08-02,Ratnapura,58.0
2014-08-09,Ratnapura,59.0
2014-08-16,Ratnapura,42.0
2014-08-23,Ratnapura,49.0
2014-08-30,Ratnapura,7.0
2014-09-06,Ratnapura,14.0
2014-09-13,Ratnapura,37.0
2014-09-20,Ratnapura,12.0
2014-09-27,Ratnapura,29.0
2014-10-04,Ratnapura,8.0
2014-10-11,Ratnapura,45.0
2014-10-18,Ratnapura,21.0
2014-10-25,Ratnapura,31.0
2014-11-01,Ratnapura,14.0
2014-11-08,Ratnapura,24.0
2014-11-15,Ratnapura,36.0
2014-11-22,Ratnapura,18.0
2014-11-29,Ratnapura,11.0
2014-12-06,Ratnapura,14.0
2014-12-13,Ratnapura,15.0
2014-12-20,Ratnapura,20.0
2015-01-03,Ratnapura,3.0
2015-01-10,Ratnapura,20.0
2015-01-17,Ratnapura,29.0
2015-01-24,Ratnapura,15.0
2015-01-31,Ratnapura,23.0
2015-02-07,Ratnapura,23.0
2015-02-14,Ratnapura,33.0
2015-02-21,Ratnapura,8.0
2015-02-28,Ratnapura,18.0
2015-03-07,Ratnapura,9.0
2015-03-14,Ratnapura,17.0
2015-03-21,Ratnapura,11.0
2015-03-28,Ratnapura,7.0
2015-04-04,Ratnapura,1.0
2015-04-11,Ratnapura,4.0
2015-04-18,Ratnapura,15.0
2015-04-25,Ratnapura,5.0
2015-05-02,Ratnapura,25.0
2015-05-09,Ratnapura,13.0
2015-05-16,Ratnapura,11.0
2015-05-23,Ratnapura,5.0
2015-05-30,Ratnapura,11.0
2015-06-06,Ratnapura,11.0
2015-06-13,Ratnapura,4.0
2015-06-20,Ratnapura,13.0
2015-06-27,Ratnapura,9.0
2015-07-04,Ratnapura,20.0
2015-07-11,Ratnapura,13.0
2015-07-25,Ratnapura,13.0
2015-08-01,Ratnapura,23.0
2015-08-08,Ratnapura,6.0
2015-08-15,Ratnapura,8.0
2015-08-22,Ratnapura,9.0
2015-08-29,Ratnapura,10.0
2015-09-05,Ratnapura,3.0
2015-09-12,Ratnapura,9.0
2015-09-19,Ratnapura,3.0
2015-09-26,Ratnapura,10.0
2015-10-03,Ratnapura,9.0
2015-10-10,Ratnapura,8.0
2015-10-17,Ratnapura,9.0
2015-10-24,Ratnapura,4.0
2015-10-31,Ratnapura,4.0
2015-11-07,Ratnapura,12.0
2015-11-14,Ratnapura,16.0
2015-11-21,Ratnapura,10.0
2015-11-28,Ratnapura,17.0
2015-12-05,Ratnapura,12.0
2015-12-12,Ratnapura,15.0
2015-12-19,Ratnapura,9.0
2015-12-26,Ratnapura,27.0
2016-01-16,Ratnapura,13.0
2016-01-23,Ratnapura,28.0
2016-01-30,Ratnapura,11.0
2016-02-06,Ratnapura,34.0
2016-02-13,Ratnapura,25.0
2016-02-20,Ratnapura,18.0
2016-02-27,Ratnapura,40.0
2016-03-05,Ratnapura,29.0
2016-03-12,Ratnapura,30.0
2016-03-19,Ratnapura,12.0
2016-03-26,Ratnapura,38.0
2016-04-02,Ratnapura,11.0
2016-04-09,Ratnapura,13.0
2016-04-16,Ratnapura,35.0
2016-04-23,Ratnapura,14.0
2016-04-30,Ratnapura,18.0
2016-05-07,Ratnapura,42.0
2016-05-14,Ratnapura,26.0
2016-05-21,Ratnapura,20.0
2016-05-28,Ratnapura,58.0
2016-06-04,Ratnapura,30.0
2016-06-11,Ratnapura,43.0
2016-06-18,Ratnapura,81.0
2016-06-25,Ratnapura,66.0
2016-07-02,Ratnapura,72.0
2016-07-09,Ratnapura,97.0
2016-07-16,Ratnapura,100.0
2016-07-23,Ratnapura,108.0
2016-07-30,Ratnapura,42.0
2016-08-06,Ratnapura,44.0
2016-08-20,Ratnapura,33.0
2016-08-27,Ratnapura,20.0
2016-09-03,Ratnapura,31.0
2016-09-10,Ratnapura,17.0
2016-09-17,Ratnapura,30.0
2016-09-24,Ratnapura,15.0
2016-10-01,Ratnapura,24.0
2016-10-08,Ratnapura,29.0
2016-10-15,Ratnapura,20.0
2016-10-22,Ratnapura,18.0
2016-10-29,Ratnapura,20.0
2016-11-05,Ratnapura,10.0
2016-11-12,Ratnapura,24.0
2016-11-19,Ratnapura,30.0
2016-11-26,Ratnapura,29.0
2016-12-03,Ratnapura,26.0
2016-12-10,Ratnapura,20.0
2016-12-17,Ratnapura,42.0
2016-12-24,Ratnapura,63.0
2016-12-31,Ratnapura,57.0
2017-01-07,Ratnapura,70.0
2017-01-14,Ratnapura,104.0
2017-01-21,Ratnapura,45.0
2017-01-28,Ratnapura,34.0
2017-02-04,Ratnapura,79.0
2017-02-11,Ratnapura,26.0
2017-02-18,Ratnapura,43.0
2017-02-25,Ratnapura,54.0
2017-03-04,Ratnapura,69.0
2017-03-11,Ratnapura,14.0
2017-03-18,Ratnapura,39.0
2017-03-25,Ratnapura,26.0
2017-04-01,Ratnapura,34.0
2017-04-08,Ratnapura,20.0
2017-04-15,Ratnapura,41.0
2017-04-22,Ratnapura,31.0
2017-04-29,Ratnapura,26.0
2017-05-06,Ratnapura,23.0
2017-05-13,Ratnapura,69.0
2017-05-17,Ratnapura,120.0
2017-05-20,Ratnapura,46.0
2017-05-27,Ratnapura,86.0
2017-06-03,Ratnapura,69.0
2017-06-10,Ratnapura,85.0
2017-06-24,Ratnapura,89.0
2017-07-01,Ratnapura,920.0
2017-07-08,Ratnapura,649.0
2017-07-15,Ratnapura,728.0
2017-07-22,Ratnapura,715.0
2017-07-29,Ratnapura,552.0
2017-08-05,Ratnapura,445.0
2017-08-12,Ratnapura,339.0
2017-08-19,Ratnapura,256.0
2017-08-26,Ratnapura,133.0
2017-09-02,Ratnapura,167.0
2017-09-09,Ratnapura,160.0
2017-09-16,Ratnapura,102.0
2017-09-23,Ratnapura,123.0
2017-09-30,Ratnapura,78.0
2017-10-07,Ratnapura,79.0
2017-10-14,Ratnapura,58.0
2017-10-21,Ratnapura,50.0
2017-10-28,Ratnapura,51.0
2017-11-04,Ratnapura,105.0
2017-11-11,Ratnapura,35.0
2017-11-18,Ratnapura,64.0
2017-11-25,Ratnapura,44.0
2017-12-02,Ratnapura,64.0
2017-12-09,Ratnapura,89.0
2017-12-16,Ratnapura,60.0
2017-12-23,Ratnapura,49.0
2017-12-30,Ratnapura,50.0
2018-01-06,Ratnapura,46.0
2018-01-13,Ratnapura,51.0
2018-01-20,Ratnapura,31.0
2018-01-27,Ratnapura,42.0
2018-02-03,Ratnapura,58.0
2018-02-10,Ratnapura,57.0
2018-02-17,Ratnapura,42.0
2018-02-24,Ratnapura,23.0
2018-03-03,Ratnapura,33.0
2018-03-10,Ratnapura,41.0
2018-03-17,Ratnapura,37.0
2018-03-24,Ratnapura,20.0
2018-03-31,Ratnapura,40.0
2018-04-07,Ratnapura,28.0
2018-04-14,Ratnapura,49.0
2018-04-21,Ratnapura,52.0
2018-04-28,Ratnapura,61.0
2018-05-05,Ratnapura,56.0
2018-05-12,Ratnapura,80.0
2018-05-19,Ratnapura,62.0
2018-05-26,Ratnapura,75.0
2018-06-02,Ratnapura,35.0
2018-06-09,Ratnapura,44.0
2018-06-16,Ratnapura,16.0
2018-06-23,Ratnapura,59.0
2018-06-30,Ratnapura,148.0
2018-07-07,Ratnapura,109.0
2018-07-14,Ratnapura,67.0
2018-07-21,Ratnapura,49.0
2018-07-28,Ratnapura,69.0
2018-08-04,Ratnapura,37.0
2018-08-11,Ratnapura,45.0
2018-08-18,Ratnapura,26.0
2018-08-25,Ratnapura,30.0
2018-09-01,Ratnapura,20.0
2018-09-08,Ratnapura,13.0
2018-09-15,Ratnapura,24.0
2018-09-22,Ratnapura,21.0
2018-09-29,Ratnapura,20.0
2018-10-06,Ratnapura,17.0
2018-10-13,Ratnapura,21.0
2018-10-20,Ratnapura,21.0
2018-10-27,Ratnapura,21.0
2018-11-03,Ratnapura,33.0
2018-11-10,Ratnapura,44.0
2018-11-17,Ratnapura,23.0
2018-11-24,Ratnapura,42.0
2018-12-01,Ratnapura,44.0
2018-12-08,Ratnapura,52.0
2018-12-15,Ratnapura,36.0
2018-12-22,Ratnapura,25.0
2018-12-29,Ratnapura,41.0
2019-01-05,Ratnapura,49.0
2019-01-12,Ratnapura,36.0
2019-01-19,Ratnapura,48.0
2019-01-26,Ratnapura,76.0
2019-02-02,Ratnapura,45.0
2019-02-09,Ratnapura,34.0
2019-02-16,Ratnapura,38.0
2019-03-02,Ratnapura,33.0
2019-03-09,Ratnapura,35.0
2019-03-16,Ratnapura,30.0
2019-03-23,Ratnapura,64.0
2019-03-30,Ratnapura,30.0
2019-04-06,Ratnapura,34.0
2019-04-13,Ratnapura,13.0
2019-04-20,Ratnapura,75.0
2019-04-27,Ratnapura,30.0
2019-05-04,Ratnapura,43.0
2019-05-11,Ratnapura,30.0
2019-05-18,Ratnapura,47.0
2019-05-25,Ratnapura,65.0
2019-06-01,Ratnapura,78.0
2019-06-08,Ratnapura,70.0
2019-06-15,Ratnapura,57.0
2019-06-22,Ratnapura,72.0
2019-06-29,Ratnapura,37.0
2019-07-06,Ratnapura,77.0
2019-07-13,Ratnapura,87.0
2019-07-20,Ratnapura,91.0
2019-07-27,Ratnapura,85.0
2019-08-03,Ratnapura,95.0
2019-08-10,Ratnapura,74.0
2019-08-17,Ratnapura,88.0
2019-08-24,Ratnapura,71.0
2019-08-31,Ratnapura,85.0
2019-09-07,Ratnapura,75.0
2019-09-14,Ratnapura,141.0
2019-09-21,Ratnapura,88.0
2019-09-28,Ratnapura,77.0
2019-10-05,Ratnapura,114.0
2019-10-12,Ratnapura,91.0
2019-10-19,Ratnapura,112.0
2019-10-26,Ratnapura,124.0
2019-11-02,Ratnapura,155.0
2019-11-09,Ratnapura,112.0
2019-11-16,Ratnapura,135.0
2019-11-23,Ratnapura,143.0
2019-11-30,Ratnapura,111.0
2019-12-07,Ratnapura,74.0
2019-12-14,Ratnapura,111.0
2019-12-21,Ratnapura,57.0
2019-12-28,Ratnapura,73.0
2020-01-01,Ratnapura,54.0
2020-01-04,Ratnapura,62.0
2020-01-11,Ratnapura,90.0
2020-01-18,Ratnapura,88.0
2020-01-25,Ratnapura,45.0
2020-02-08,Ratnapura,70.0
2020-02-15,Ratnapura,31.0
2020-02-22,Ratnapura,42.0
2020-02-29,Ratnapura,21.0
2020-03-07,Ratnapura,27.0
2020-03-14,Ratnapura,7.0
2020-03-21,Ratnapura,6.0
2020-03-28,Ratnapura,16.0
2020-04-04,Ratnapura,2.0
2020-04-11,Ratnapura,0.0
2020-04-18,Ratnapura,3.0
2020-04-25,Ratnapura,18.0
2020-05-02,Ratnapura,30.0
2020-05-09,Ratnapura,36.0
2020-05-16,Ratnapura,42.0
2020-05-23,Ratnapura,77.0
2020-05-30,Ratnapura,81.0
2020-06-06,Ratnapura,81.0
2020-06-13,Ratnapura,145.0
2020-06-20,Ratnapura,91.0
2020-06-27,Ratnapura,108.0
2020-07-04,Ratnapura,78.0
2020-07-11,Ratnapura,42.0
2020-07-18,Ratnapura,32.0
2020-07-25,Ratnapura,75.0
2020-08-01,Ratnapura,38.0
2020-08-08,Ratnapura,50.0
2020-08-15,Ratnapura,30.0
2020-08-22,Ratnapura,34.0
2020-08-29,Ratnapura,13.0
2020-09-05,Ratnapura,22.0
2020-09-11,Ratnapura,17.0
2020-09-19,Ratnapura,30.0
2020-09-26,Ratnapura,10.0
2020-10-03,Ratnapura,12.0
2020-10-10,Ratnapura,11.0
2020-10-17,Ratnapura,11.0
2020-10-24,Ratnapura,13.0
2020-10-31,Ratnapura,18.0
2020-11-07,Ratnapura,9.0
2020-11-14,Ratnapura,6.0
2020-11-28,Ratnapura,4.0
2020-12-05,Ratnapura,7.0
2020-12-12,Ratnapura,6.0
2020-12-19,Ratnapura,1.0
2020-12-21,Ratnapura,13.0
2020-12-26,Ratnapura,515.0
2021-01-02,Ratnapura,2.0
2021-01-09,Ratnapura,7.0
2021-01-16,Ratnapura,13.0
2021-01-23,Ratnapura,14.0
2021-01-30,Ratnapura,9.0
2021-02-06,Ratnapura,13.0
2021-02-13,Ratnapura,13.0
2021-02-20,Ratnapura,9.0
2021-02-27,Ratnapura,23.0
2021-03-06,Ratnapura,20.0
2021-03-13,Ratnapura,21.0
2021-03-20,Ratnapura,26.0
2021-03-27,Ratnapura,7.0
2021-04-03,Ratnapura,17.0
2021-04-10,Ratnapura,3.0
2021-04-17,Ratnapura,26.0
2021-04-24,Ratnapura,7.0
2021-05-01,Ratnapura,13.0
2021-05-08,Ratnapura,10.0
2021-05-15,Ratnapura,8.0
2021-05-22,Ratnapura,3.0
2021-05-29,Ratnapura,7.0
2021-06-05,Ratnapura,0.0
2021-06-12,Ratnapura,9.0
2021-06-19,Ratnapura,5.0
2021-06-26,Ratnapura,22.0
2021-07-03,Ratnapura,21.0
2021-07-10,Ratnapura,12.0
2021-07-17,Ratnapura,7.0
2021-07-24,Ratnapura,23.0
2021-07-31,Ratnapura,12.0
2021-08-07,Ratnapura,8.0
2021-08-14,Ratnapura,12.0
2021-08-21,Ratnapura,1.0
2021-08-28,Ratnapura,1.0
2021-09-04,Ratnapura,3.0
2021-09-11,Ratnapura,8.0
2021-09-18,Ratnapura,1.0
2021-10-02,Ratnapura,7.0
2021-10-16,Ratnapura,8.0
2021-10-23,Ratnapura,16.0
2021-10-30,Ratnapura,10.0
2021-11-06,Ratnapura,18.0
2021-11-13,Ratnapura,18.0
2021-11-20,Ratnapura,17.0
2021-11-27,Ratnapura,13.0
2021-12-04,Ratnapura,25.0
2021-12-11,Ratnapura,47.0
2021-12-18,Ratnapura,47.0
2021-12-25,Ratnapura,47.0
2021-12-31,Ratnapura,44.0
2022-01-01,Ratnapura,72.0
2022-01-08,Ratnapura,72.0
2022-01-15,Ratnapura,51.0
2022-01-22,Ratnapura,49.0
2022-01-29,Ratnapura,69.0
2022-02-05,Ratnapura,28.0
2022-02-12,Ratnapura,27.0
2022-02-19,Ratnapura,26.0
2022-02-26,Ratnapura,38.0
2022-03-05,Ratnapura,35.0
2022-03-12,Ratnapura,41.0
2022-03-19,Ratnapura,36.0
2022-03-26,Ratnapura,44.0
2022-04-02,Ratnapura,44.0
2022-04-09,Ratnapura,10.0
2022-04-16,Ratnapura,72.0
2022-04-23,Ratnapura,46.0
2022-04-30,Ratnapura,40.0
2022-05-07,Ratnapura,38.0
2022-05-14,Ratnapura,72.0
2022-05-21,Ratnapura,73.0
2022-05-28,Ratnapura,76.0
2022-06-04,Ratnapura,40.0
2022-06-11,Ratnapura,46.0
2022-06-18,Ratnapura,84.0
2022-06-25,Ratnapura,53.0
2022-07-02,Ratnapura,42.0
2022-07-09,Ratnapura,80.0
2022-07-16,Ratnapura,12.0
2022-07-23,Ratnapura,13.0
2022-07-30,Ratnapura,10.0
2022-08-06,Ratnapura,39.0
2022-08-13,Ratnapura,74.0
2022-08-20,Ratnapura,36.0
2022-08-27,Ratnapura,6.0
2022-09-03,Ratnapura,17.0
2022-09-10,Ratnapura,0.0
2022-09-17,Ratnapura,22.0
2022-09-24,Ratnapura,22.0
2022-10-01,Ratnapura,29.0
2022-10-08,Ratnapura,29.0
2022-10-15,Ratnapura,19.0
2022-10-29,Ratnapura,26.0
2022-11-05,Ratnapura,12.0
2022-11-12,Ratnapura,22.0
2022-11-19,Ratnapura,18.0
2022-11-26,Ratnapura,14.0
2022-12-03,Ratnapura,22.0
2022-12-10,Ratnapura,41.0
2022-12-17,Ratnapura,35.0
2022-12-24,Ratnapura,26.0
2023-01-07,Ratnapura,29.0
2023-01-14,Ratnapura,45.0
2023-01-21,Ratnapura,20.0
2023-01-28,Ratnapura,49.0
2023-02-04,Ratnapura,60.0
2023-02-11,Ratnapura,37.0
2023-02-18,Ratnapura,50.0
2023-02-25,Ratnapura,53.0
2023-03-04,Ratnapura,41.0
2023-03-11,Ratnapura,37.0
2023-03-18,Ratnapura,55.0
2023-03-25,Ratnapura,42.0
2023-04-01,Ratnapura,22.0
2023-04-08,Ratnapura,44.0
2023-04-15,Ratnapura,37.0
2023-04-22,Ratnapura,0.0
2023-04-29,Ratnapura,20.0
2023-05-06,Ratnapura,60.0
2023-05-13,Ratnapura,54.0
2023-05-20,Ratnapura,61.0
2023-05-27,Ratnapura,65.0
2023-06-03,Ratnapura,82.0
2023-06-10,Ratnapura,94.0
2023-06-17,Ratnapura,94.0
2023-06-24,Ratnapura,64.0
2023-07-01,Ratnapura,69.0
2023-07-08,Ratnapura,43.0
2023-07-15,Ratnapura,48.0
2023-07-22,Ratnapura,53.0
2023-07-29,Ratnapura,51.0
2023-08-05,Ratnapura,63.0
2023-08-12,Ratnapura,38.0
2023-08-19,Ratnapura,37.0
2023-08-26,Ratnapura,42.0
2023-08-31,Ratnapura,24.0
2023-09-02,Ratnapura,50.0
2023-09-09,Ratnapura,27.0
2023-09-16,Ratnapura,23.0
2023-09-23,Ratnapura,14.0
2023-10-07,Ratnapura,27.0
2023-10-14,Ratnapura,12.0
2023-10-21,Ratnapura,11.0
2023-10-28,Ratnapura,13.0
2023-11-04,Ratnapura,7.0
2023-11-11,Ratnapura,17.0
2023-11-18,Ratnapura,22.0
2023-11-25,Ratnapura,155.0
2023-12-02,Ratnapura,50.0
2023-12-09,Ratnapura,106.0
2023-12-16,Ratnapura,44.0
2023-12-23,Ratnapura,54.0
2023-12-27,Ratnapura,72.0
2023-12-30,Ratnapura,76.0
2024-01-06,Ratnapura,77.0
2024-01-13,Ratnapura,86.0
2024-01-20,Ratnapura,67.0
2024-02-03,Ratnapura,82.0
2024-02-10,Ratnapura,14.0
2024-02-17,Ratnapura,57.0
2024-02-24,Ratnapura,57.0
2013-05-15,Trincomalee,1.0
2013-06-22,Trincomalee,0.0
2013-06-29,Trincomalee,1.0
2013-07-13,Trincomalee,1.0
2013-07-20,Trincomalee,5.0
2013-07-27,Trincomalee,3.0
2013-08-03,Trincomalee,0.0
2013-08-10,Trincomalee,1.0
2013-08-17,Trincomalee,7.0
2013-08-24,Trincomalee,2.0
2013-08-31,Trincomalee,1.0
2013-09-07,Trincomalee,1.0
2013-09-14,Trincomalee,1.0
2013-09-21,Trincomalee,1.0
2013-09-28,Trincomalee,1.0
2013-10-05,Trincomalee,0.0
2013-10-12,Trincomalee,0.0
2013-10-19,Trincomalee,3.0
2013-10-26,Trincomalee,0.0
2013-11-02,Trincomalee,1.0
2013-11-09,Trincomalee,0.0
2013-11-16,Trincomalee,4.0
2013-11-23,Trincomalee,1.0
2013-11-30,Trincomalee,0.0
2013-12-07,Trincomalee,0.0
2013-12-14,Trincomalee,1.0
2013-12-21,Trincomalee,5.0
2013-12-27,Trincomalee,16.0
2013-12-28,Trincomalee,3.0
2014-01-02,Trincomalee,23.0
2014-01-04,Trincomalee,11.0
2014-01-09,Trincomalee,19.0
2014-01-11,Trincomalee,8.0
2014-01-18,Trincomalee,13.0
2014-02-01,Trincomalee,11.0
2014-02-08,Trincomalee,4.0
2014-02-15,Trincomalee,5.0
2014-02-22,Trincomalee,15.0
2014-03-01,Trincomalee,24.0
2014-03-08,Trincomalee,8.0
2014-03-15,Trincomalee,2.0
2014-03-22,Trincomalee,27.0
2014-03-29,Trincomalee,22.0
2014-04-05,Trincomalee,0.0
2014-04-12,Trincomalee,40.0
2014-04-19,Trincomalee,26.0
2014-04-26,Trincomalee,26.0
2014-05-03,Trincomalee,16.0
2014-05-10,Trincomalee,10.0
2014-05-17,Trincomalee,15.0
2014-05-24,Trincomalee,8.0
2014-05-31,Trincomalee,7.0
2014-06-07,Trincomalee,16.0
2014-06-14,Trincomalee,13.0
2014-06-21,Trincomalee,7.0
2014-06-28,Trincomalee,6.0
2014-07-05,Trincomalee,7.0
2014-07-12,Trincomalee,10.0
2014-07-19,Trincomalee,0.0
2014-07-26,Trincomalee,5.0
2014-08-02,Trincomalee,4.0
2014-08-09,Trincomalee,2.0
2014-08-16,Trincomalee,0.0
2014-08-23,Trincomalee,0.0
2014-08-30,Trincomalee,0.0
2014-09-06,Trincomalee,5.0
2014-09-13,Trincomalee,3.0
2014-09-20,Trincomalee,3.0
2014-09-27,Trincomalee,2.0
2014-10-04,Trincomalee,1.0
2014-10-11,Trincomalee,3.0
2014-10-18,Trincomalee,1.0
2014-10-25,Trincomalee,5.0
2014-11-01,Trincomalee,6.0
2014-11-08,Trincomalee,10.0
2014-11-15,Trincomalee,13.0
2014-11-22,Trincomalee,15.0
2014-11-29,Trincomalee,22.0
2014-12-06,Trincomalee,19.0
2014-12-13,Trincomalee,4.0
2014-12-20,Trincomalee,17.0
2015-01-03,Trincomalee,12.0
2015-01-10,Trincomalee,17.0
2015-01-17,Trincomalee,45.0
2015-01-24,Trincomalee,30.0
2015-01-31,Trincomalee,13.0
2015-02-07,Trincomalee,20.0
2015-02-14,Trincomalee,18.0
2015-02-21,Trincomalee,35.0
2015-02-28,Trincomalee,12.0
2015-03-07,Trincomalee,21.0
2015-03-14,Trincomalee,6.0
2015-03-21,Trincomalee,14.0
2015-03-28,Trincomalee,30.0
2015-04-04,Trincomalee,5.0
2015-04-11,Trincomalee,9.0
2015-04-18,Trincomalee,16.0
2015-04-25,Trincomalee,12.0
2015-05-02,Trincomalee,14.0
2015-05-09,Trincomalee,9.0
2015-05-16,Trincomalee,14.0
2015-05-23,Trincomalee,5.0
2015-05-30,Trincomalee,8.0
2015-06-06,Trincomalee,12.0
2015-06-13,Trincomalee,14.0
2015-06-20,Trincomalee,4.0
2015-06-27,Trincomalee,5.0
2015-07-04,Trincomalee,8.0
2015-07-11,Trincomalee,6.0
2015-07-25,Trincomalee,3.0
2015-08-01,Trincomalee,2.0
2015-08-08,Trincomalee,4.0
2015-08-15,Trincomalee,3.0
2015-08-22,Trincomalee,0.0
2015-08-29,Trincomalee,2.0
2015-09-05,Trincomalee,0.0
2015-09-12,Trincomalee,1.0
2015-09-19,Trincomalee,1.0
2015-09-26,Trincomalee,0.0
2015-10-03,Trincomalee,1.0
2015-10-10,Trincomalee,3.0
2015-10-17,Trincomalee,0.0
2015-10-24,Trincomalee,1.0
2015-10-31,Trincomalee,3.0
2015-11-07,Trincomalee,3.0
2015-11-14,Trincomalee,4.0
2015-11-21,Trincomalee,3.0
2015-11-28,Trincomalee,5.0
2015-12-05,Trincomalee,7.0
2015-12-12,Trincomalee,8.0
2015-12-19,Trincomalee,11.0
2015-12-26,Trincomalee,9.0
2016-01-16,Trincomalee,20.0
2016-01-23,Trincomalee,23.0
2016-01-30,Trincomalee,12.0
2016-02-06,Trincomalee,14.0
2016-02-13,Trincomalee,14.0
2016-02-20,Trincomalee,10.0
2016-02-27,Trincomalee,12.0
2016-03-05,Trincomalee,5.0
2016-03-12,Trincomalee,11.0
2016-03-19,Trincomalee,8.0
2016-03-26,Trincomalee,9.0
2016-04-02,Trincomalee,1.0
2016-04-09,Trincomalee,1.0
2016-04-16,Trincomalee,5.0
2016-04-23,Trincomalee,7.0
2016-04-30,Trincomalee,3.0
2016-05-07,Trincomalee,9.0
2016-05-14,Trincomalee,2.0
2016-05-21,Trincomalee,13.0
2016-05-28,Trincomalee,2.0
2016-06-04,Trincomalee,2.0
2016-06-11,Trincomalee,10.0
2016-06-18,Trincomalee,8.0
2016-06-25,Trincomalee,6.0
2016-07-02,Trincomalee,1.0
2016-07-09,Trincomalee,6.0
2016-07-16,Trincomalee,8.0
2016-07-23,Trincomalee,8.0
2016-07-30,Trincomalee,2.0
2016-08-06,Trincomalee,4.0
2016-08-20,Trincomalee,3.0
2016-08-27,Trincomalee,0.0
2016-09-03,Trincomalee,6.0
2016-09-10,Trincomalee,2.0
2016-09-17,Trincomalee,3.0
2016-09-24,Trincomalee,1.0
2016-10-01,Trincomalee,2.0
2016-10-08,Trincomalee,3.0
2016-10-15,Trincomalee,0.0
2016-10-22,Trincomalee,2.0
2016-10-29,Trincomalee,2.0
2016-11-05,Trincomalee,1.0
2016-11-12,Trincomalee,2.0
2016-11-19,Trincomalee,3.0
2016-11-26,Trincomalee,1.0
2016-12-03,Trincomalee,1.0
2016-12-10,Trincomalee,38.0
2016-12-17,Trincomalee,52.0
2016-12-24,Trincomalee,22.0
2016-12-31,Trincomalee,33.0
2017-01-07,Trincomalee,59.0
2017-01-14,Trincomalee,145.0
2017-01-21,Trincomalee,144.0
2017-01-28,Trincomalee,132.0
2017-02-04,Trincomalee,139.0
2017-02-11,Trincomalee,144.0
2017-02-18,Trincomalee,225.0
2017-02-25,Trincomalee,273.0
2017-03-04,Trincomalee,234.0
2017-03-11,Trincomalee,396.0
2017-03-18,Trincomalee,435.0
2017-03-25,Trincomalee,425.0
2017-04-01,Trincomalee,404.0
2017-04-08,Trincomalee,190.0
2017-04-15,Trincomalee,199.0
2017-04-22,Trincomalee,143.0
2017-04-29,Trincomalee,54.0
2017-05-06,Trincomalee,47.0
2017-05-13,Trincomalee,35.0
2017-05-17,Trincomalee,29.0
2017-05-20,Trincomalee,22.0
2017-05-27,Trincomalee,31.0
2017-06-03,Trincomalee,34.0
2017-06-10,Trincomalee,19.0
2017-06-24,Trincomalee,21.0
2017-07-01,Trincomalee,33.0
2017-07-08,Trincomalee,19.0
2017-07-15,Trincomalee,42.0
2017-07-22,Trincomalee,35.0
2017-07-29,Trincomalee,21.0
2017-08-05,Trincomalee,26.0
2017-08-12,Trincomalee,15.0
2017-08-19,Trincomalee,14.0
2017-08-26,Trincomalee,9.0
2017-09-02,Trincomalee,16.0
2017-09-09,Trincomalee,8.0
2017-09-16,Trincomalee,13.0
2017-09-23,Trincomalee,20.0
2017-09-30,Trincomalee,16.0
2017-10-07,Trincomalee,19.0
2017-10-14,Trincomalee,14.0
2017-10-21,Trincomalee,21.0
2017-10-28,Trincomalee,11.0
2017-11-04,Trincomalee,31.0
2017-11-11,Trincomalee,34.0
2017-11-18,Trincomalee,29.0
2017-11-25,Trincomalee,16.0
2017-12-02,Trincomalee,30.0
2017-12-09,Trincomalee,32.0
2017-12-16,Trincomalee,17.0
2017-12-23,Trincomalee,25.0
2017-12-30,Trincomalee,34.0
2018-01-06,Trincomalee,26.0
2018-01-13,Trincomalee,12.0
2018-01-20,Trincomalee,20.0
2018-01-27,Trincomalee,24.0
2018-02-03,Trincomalee,19.0
2018-02-10,Trincomalee,16.0
2018-02-17,Trincomalee,21.0
2018-02-24,Trincomalee,14.0
2018-03-03,Trincomalee,16.0
2018-03-10,Trincomalee,4.0
2018-03-17,Trincomalee,9.0
2018-03-24,Trincomalee,10.0
2018-03-31,Trincomalee,12.0
2018-04-07,Trincomalee,9.0
2018-04-14,Trincomalee,21.0
2018-04-21,Trincomalee,23.0
2018-04-28,Trincomalee,16.0
2018-05-05,Trincomalee,42.0
2018-05-12,Trincomalee,34.0
2018-05-19,Trincomalee,27.0
2018-05-26,Trincomalee,25.0
2018-06-02,Trincomalee,36.0
2018-06-09,Trincomalee,33.0
2018-06-16,Trincomalee,64.0
2018-06-23,Trincomalee,60.0
2018-06-30,Trincomalee,52.0
2018-07-07,Trincomalee,57.0
2018-07-14,Trincomalee,43.0
2018-07-21,Trincomalee,23.0
2018-07-28,Trincomalee,23.0
2018-08-04,Trincomalee,23.0
2018-08-11,Trincomalee,16.0
2018-08-18,Trincomalee,9.0
2018-08-25,Trincomalee,4.0
2018-09-01,Trincomalee,10.0
2018-09-08,Trincomalee,7.0
2018-09-15,Trincomalee,4.0
2018-09-22,Trincomalee,2.0
2018-09-29,Trincomalee,10.0
2018-10-06,Trincomalee,0.0
2018-10-13,Trincomalee,1.0
2018-10-20,Trincomalee,2.0
2018-10-27,Trincomalee,7.0
2018-11-03,Trincomalee,9.0
2018-11-10,Trincomalee,19.0
2018-11-17,Trincomalee,19.0
2018-11-24,Trincomalee,43.0
2018-12-01,Trincomalee,37.0
2018-12-08,Trincomalee,53.0
2018-12-15,Trincomalee,45.0
2018-12-22,Trincomalee,26.0
2018-12-29,Trincomalee,39.0
2019-01-05,Trincomalee,32.0
2019-01-12,Trincomalee,5.0
2019-01-19,Trincomalee,11.0
2019-01-26,Trincomalee,24.0
2019-02-02,Trincomalee,21.0
2019-02-09,Trincomalee,17.0
2019-02-16,Trincomalee,19.0
2019-03-02,Trincomalee,39.0
2019-03-09,Trincomalee,38.0
2019-03-16,Trincomalee,30.0
2019-03-23,Trincomalee,16.0
2019-03-30,Trincomalee,35.0
2019-04-06,Trincomalee,17.0
2019-04-13,Trincomalee,30.0
2019-04-20,Trincomalee,13.0
2019-04-27,Trincomalee,10.0
2019-05-04,Trincomalee,5.0
2019-05-11,Trincomalee,12.0
2019-05-18,Trincomalee,10.0
2019-05-25,Trincomalee,20.0
2019-06-01,Trincomalee,24.0
2019-06-08,Trincomalee,25.0
2019-06-15,Trincomalee,14.0
2019-06-22,Trincomalee,12.0
2019-06-29,Trincomalee,8.0
2019-07-06,Trincomalee,4.0
2019-07-13,Trincomalee,20.0
2019-07-20,Trincomalee,15.0
2019-07-27,Trincomalee,15.0
2019-08-03,Trincomalee,12.0
2019-08-10,Trincomalee,8.0
2019-08-17,Trincomalee,9.0
2019-08-24,Trincomalee,6.0
2019-08-31,Trincomalee,7.0
2019-09-07,Trincomalee,9.0
2019-09-14,Trincomalee,11.0
2019-09-21,Trincomalee,13.0
2019-09-28,Trincomalee,15.0
2019-10-05,Trincomalee,5.0
2019-10-12,Trincomalee,29.0
2019-10-19,Trincomalee,34.0
2019-10-26,Trincomalee,49.0
2019-11-02,Trincomalee,62.0
2019-11-09,Trincomalee,75.0
2019-11-16,Trincomalee,150.0
2019-11-23,Trincomalee,196.0
2019-11-30,Trincomalee,242.0
2019-12-07,Trincomalee,254.0
2019-12-14,Trincomalee,286.0
2019-12-21,Trincomalee,297.0
2019-12-28,Trincomalee,284.0
2020-01-01,Trincomalee,229.0
2020-01-04,Trincomalee,263.0
2020-01-11,Trincomalee,433.0
2020-01-18,Trincomalee,399.0
2020-01-25,Trincomalee,305.0
2020-02-08,Trincomalee,145.0
2020-02-15,Trincomalee,91.0
2020-02-22,Trincomalee,71.0
2020-02-29,Trincomalee,46.0
2020-03-07,Trincomalee,43.0
2020-03-14,Trincomalee,22.0
2020-03-21,Trincomalee,14.0
2020-03-28,Trincomalee,18.0
2020-04-04,Trincomalee,7.0
2020-04-11,Trincomalee,7.0
2020-04-18,Trincomalee,3.0
2020-04-25,Trincomalee,1.0
2020-05-02,Trincomalee,0.0
2020-05-09,Trincomalee,6.0
2020-05-16,Trincomalee,2.0
2020-05-23,Trincomalee,8.0
2020-05-30,Trincomalee,3.0
2020-06-06,Trincomalee,4.0
2020-06-13,Trincomalee,0.0
2020-06-20,Trincomalee,4.0
2020-06-27,Trincomalee,1.0
2020-07-04,Trincomalee,3.0
2020-07-11,Trincomalee,6.0
2020-07-18,Trincomalee,1.0
2020-07-25,Trincomalee,3.0
2020-08-01,Trincomalee,2.0
2020-08-08,Trincomalee,0.0
2020-08-15,Trincomalee,1.0
2020-08-22,Trincomalee,2.0
2020-08-29,Trincomalee,2.0
2020-09-05,Trincomalee,1.0
2020-09-11,Trincomalee,0.0
2020-09-19,Trincomalee,0.0
2020-09-26,Trincomalee,1.0
2020-10-03,Trincomalee,1.0
2020-10-10,Trincomalee,0.0
2020-10-17,Trincomalee,1.0
2020-10-24,Trincomalee,1.0
2020-10-31,Trincomalee,0.0
2020-11-07,Trincomalee,1.0
2020-11-14,Trincomalee,1.0
2020-11-28,Trincomalee,1.0
2020-12-05,Trincomalee,3.0
2020-12-12,Trincomalee,2.0
2020-12-19,Trincomalee,2.0
2020-12-21,Trincomalee,1.0
2020-12-26,Trincomalee,109.0
2021-01-02,Trincomalee,1.0
2021-01-09,Trincomalee,4.0
2021-01-16,Trincomalee,4.0
2021-01-23,Trincomalee,4.0
2021-01-30,Trincomalee,5.0
2021-02-06,Trincomalee,13.0
2021-02-13,Trincomalee,7.0
2021-02-20,Trincomalee,8.0
2021-02-27,Trincomalee,9.0
2021-03-06,Trincomalee,12.0
2021-03-13,Trincomalee,3.0
2021-03-20,Trincomalee,2.0
2021-03-27,Trincomalee,2.0
2021-04-03,Trincomalee,3.0
2021-04-10,Trincomalee,1.0
2021-04-17,Trincomalee,7.0
2021-04-24,Trincomalee,5.0
2021-05-01,Trincomalee,2.0
2021-05-08,Trincomalee,0.0
2021-05-15,Trincomalee,1.0
2021-05-22,Trincomalee,0.0
2021-05-29,Trincomalee,1.0
2021-06-05,Trincomalee,1.0
2021-06-12,Trincomalee,0.0
2021-06-19,Trincomalee,0.0
2021-06-26,Trincomalee,1.0
2021-07-03,Trincomalee,0.0
2021-07-10,Trincomalee,0.0
2021-07-17,Trincomalee,0.0
2021-07-24,Trincomalee,0.0
2021-07-31,Trincomalee,0.0
2021-08-07,Trincomalee,2.0
2021-08-14,Trincomalee,0.0
2021-08-21,Trincomalee,0.0
2021-08-28,Trincomalee,0.0
2021-09-04,Trincomalee,3.0
2021-09-11,Trincomalee,0.0
2021-09-18,Trincomalee,2.0
2021-10-02,Trincomalee,0.0
2021-10-16,Trincomalee,2.0
2021-10-23,Trincomalee,0.0
2021-10-30,Trincomalee,3.0
2021-11-06,Trincomalee,11.0
2021-11-13,Trincomalee,6.0
2021-11-20,Trincomalee,20.0
2021-11-27,Trincomalee,22.0
2021-12-04,Trincomalee,10.0
2021-12-11,Trincomalee,30.0
2021-12-18,Trincomalee,30.0
2021-12-25,Trincomalee,30.0
2021-12-31,Trincomalee,19.0
2022-01-01,Trincomalee,33.0
2022-01-08,Trincomalee,19.0
2022-01-15,Trincomalee,37.0
2022-01-22,Trincomalee,21.0
2022-01-29,Trincomalee,33.0
2022-02-05,Trincomalee,3.0
2022-02-12,Trincomalee,37.0
2022-02-19,Trincomalee,34.0
2022-02-26,Trincomalee,26.0
2022-03-05,Trincomalee,21.0
2022-03-12,Trincomalee,23.0
2022-03-19,Trincomalee,32.0
2022-03-26,Trincomalee,36.0
2022-04-02,Trincomalee,50.0
2022-04-09,Trincomalee,29.0
2022-04-16,Trincomalee,90.0
2022-04-23,Trincomalee,73.0
2022-04-30,Trincomalee,89.0
2022-05-07,Trincomalee,50.0
2022-05-14,Trincomalee,21.0
2022-05-21,Trincomalee,18.0
2022-05-28,Trincomalee,21.0
2022-06-04,Trincomalee,16.0
2022-06-11,Trincomalee,6.0
2022-06-18,Trincomalee,20.0
2022-06-25,Trincomalee,4.0
2022-07-02,Trincomalee,8.0
2022-07-09,Trincomalee,6.0
2022-07-16,Trincomalee,6.0
2022-07-23,Trincomalee,1.0
2022-07-30,Trincomalee,4.0
2022-08-06,Trincomalee,4.0
2022-08-13,Trincomalee,3.0
2022-08-20,Trincomalee,1.0
2022-08-27,Trincomalee,0.0
2022-09-03,Trincomalee,2.0
2022-09-10,Trincomalee,0.0
2022-09-17,Trincomalee,5.0
2022-09-24,Trincomalee,2.0
2022-10-01,Trincomalee,7.0
2022-10-08,Trincomalee,6.0
2022-10-15,Trincomalee,5.0
2022-10-29,Trincomalee,8.0
2022-11-05,Trincomalee,0.0
2022-11-12,Trincomalee,6.0
2022-11-19,Trincomalee,4.0
2022-11-26,Trincomalee,10.0
2022-12-03,Trincomalee,15.0
2022-12-10,Trincomalee,12.0
2022-12-17,Trincomalee,21.0
2022-12-24,Trincomalee,23.0
2023-01-07,Trincomalee,31.0
2023-01-14,Trincomalee,41.0
2023-01-21,Trincomalee,34.0
2023-01-28,Trincomalee,22.0
2023-02-04,Trincomalee,35.0
2023-02-11,Trincomalee,68.0
2023-02-18,Trincomalee,29.0
2023-02-25,Trincomalee,74.0
2023-03-04,Trincomalee,51.0
2023-03-11,Trincomalee,41.0
2023-03-18,Trincomalee,86.0
2023-03-25,Trincomalee,108.0
2023-04-01,Trincomalee,118.0
2023-04-08,Trincomalee,81.0
2023-04-15,Trincomalee,156.0
2023-04-22,Trincomalee,122.0
2023-04-29,Trincomalee,101.0
2023-05-06,Trincomalee,75.0
2023-05-13,Trincomalee,91.0
2023-05-20,Trincomalee,38.0
2023-05-27,Trincomalee,82.0
2023-06-03,Trincomalee,77.0
2023-06-10,Trincomalee,70.0
2023-06-17,Trincomalee,53.0
2023-06-24,Trincomalee,34.0
2023-07-01,Trincomalee,23.0
2023-07-08,Trincomalee,28.0
2023-07-15,Trincomalee,13.0
2023-07-22,Trincomalee,18.0
2023-07-29,Trincomalee,13.0
2023-08-05,Trincomalee,4.0
2023-08-12,Trincomalee,6.0
2023-08-19,Trincomalee,11.0
2023-08-26,Trincomalee,2.0
2023-08-31,Trincomalee,8.0
2023-09-02,Trincomalee,8.0
2023-09-09,Trincomalee,2.0
2023-09-16,Trincomalee,2.0
2023-09-23,Trincomalee,3.0
2023-10-07,Trincomalee,6.0
2023-10-14,Trincomalee,5.0
2023-10-21,Trincomalee,8.0
2023-10-28,Trincomalee,14.0
2023-11-04,Trincomalee,1.0
2023-11-11,Trincomalee,6.0
2023-11-18,Trincomalee,5.0
2023-11-25,Trincomalee,21.0
2023-12-02,Trincomalee,20.0
2023-12-09,Trincomalee,21.0
2023-12-16,Trincomalee,28.0
2023-12-23,Trincomalee,23.0
2023-12-27,Trincomalee,29.0
2023-12-30,Trincomalee,42.0
2024-01-06,Trincomalee,50.0
2024-01-13,Trincomalee,66.0
2024-01-20,Trincomalee,42.0
2024-02-03,Trincomalee,31.0
2024-02-10,Trincomalee,33.0
2024-02-17,Trincomalee,26.0
2024-02-24,Trincomalee,26.0
2013-05-15,Vavuniya,2.0
2013-06-22,Vavuniya,0.0
2013-06-29,Vavuniya,1.0
2013-07-13,Vavuniya,0.0
2013-07-20,Vavuniya,2.0
2013-07-27,Vavuniya,1.0
2013-08-03,Vavuniya,1.0
2013-08-10,Vavuniya,0.0
2013-08-17,Vavuniya,0.0
2013-08-24,Vavuniya,0.0
2013-08-31,Vavuniya,0.0
2013-09-07,Vavuniya,0.0
2013-09-14,Vavuniya,0.0
2013-09-21,Vavuniya,2.0
2013-09-28,Vavuniya,0.0
2013-10-05,Vavuniya,1.0
2013-10-12,Vavuniya,1.0
2013-10-19,Vavuniya,1.0
2013-10-26,Vavuniya,0.0
2013-11-02,Vavuniya,0.0
2013-11-09,Vavuniya,0.0
2013-11-16,Vavuniya,1.0
2013-11-23,Vavuniya,1.0
2013-11-30,Vavuniya,0.0
2013-12-07,Vavuniya,0.0
2013-12-14,Vavuniya,3.0
2013-12-21,Vavuniya,1.0
2013-12-27,Vavuniya,2.0
2013-12-28,Vavuniya,1.0
2014-01-02,Vavuniya,15.0
2014-01-04,Vavuniya,1.0
2014-01-09,Vavuniya,2.0
2014-01-11,Vavuniya,2.0
2014-01-18,Vavuniya,0.0
2014-02-01,Vavuniya,0.0
2014-02-08,Vavuniya,1.0
2014-02-15,Vavuniya,5.0
2014-02-22,Vavuniya,1.0
2014-03-01,Vavuniya,2.0
2014-03-08,Vavuniya,1.0
2014-03-15,Vavuniya,0.0
2014-03-22,Vavuniya,0.0
2014-03-29,Vavuniya,0.0
2014-04-05,Vavuniya,0.0
2014-04-12,Vavuniya,0.0
2014-04-19,Vavuniya,0.0
2014-04-26,Vavuniya,0.0
2014-05-03,Vavuniya,0.0
2014-05-10,Vavuniya,0.0
2014-05-17,Vavuniya,0.0
2014-05-24,Vavuniya,2.0
2014-05-31,Vavuniya,7.0
2014-06-07,Vavuniya,12.0
2014-06-14,Vavuniya,11.0
2014-06-21,Vavuniya,3.0
2014-06-28,Vavuniya,5.0
2014-07-05,Vavuniya,2.0
2014-07-12,Vavuniya,8.0
2014-07-19,Vavuniya,0.0
2014-07-26,Vavuniya,0.0
2014-08-02,Vavuniya,2.0
2014-08-09,Vavuniya,1.0
2014-08-16,Vavuniya,1.0
2014-08-23,Vavuniya,1.0
2014-08-30,Vavuniya,1.0
2014-09-06,Vavuniya,1.0
2014-09-13,Vavuniya,1.0
2014-09-20,Vavuniya,1.0
2014-09-27,Vavuniya,0.0
2014-10-04,Vavuniya,2.0
2014-10-11,Vavuniya,0.0
2014-10-18,Vavuniya,0.0
2014-10-25,Vavuniya,0.0
2014-11-01,Vavuniya,4.0
2014-11-08,Vavuniya,0.0
2014-11-15,Vavuniya,5.0
2014-11-22,Vavuniya,5.0
2014-11-29,Vavuniya,3.0
2014-12-06,Vavuniya,7.0
2014-12-13,Vavuniya,2.0
2014-12-20,Vavuniya,3.0
2015-01-03,Vavuniya,2.0
2015-01-10,Vavuniya,3.0
2015-01-17,Vavuniya,7.0
2015-01-24,Vavuniya,11.0
2015-01-31,Vavuniya,6.0
2015-02-07,Vavuniya,3.0
2015-02-14,Vavuniya,3.0
2015-02-21,Vavuniya,3.0
2015-02-28,Vavuniya,2.0
2015-03-07,Vavuniya,1.0
2015-03-14,Vavuniya,3.0
2015-03-21,Vavuniya,0.0
2015-03-28,Vavuniya,1.0
2015-04-04,Vavuniya,0.0
2015-04-11,Vavuniya,1.0
2015-04-18,Vavuniya,1.0
2015-04-25,Vavuniya,0.0
2015-05-02,Vavuniya,2.0
2015-05-09,Vavuniya,3.0
2015-05-16,Vavuniya,3.0
2015-05-23,Vavuniya,2.0
2015-05-30,Vavuniya,3.0
2015-06-06,Vavuniya,1.0
2015-06-13,Vavuniya,0.0
2015-06-20,Vavuniya,0.0
2015-06-27,Vavuniya,0.0
2015-07-04,Vavuniya,2.0
2015-07-11,Vavuniya,1.0
2015-07-25,Vavuniya,0.0
2015-08-01,Vavuniya,2.0
2015-08-08,Vavuniya,0.0
2015-08-15,Vavuniya,1.0
2015-08-22,Vavuniya,1.0
2015-08-29,Vavuniya,1.0
2015-09-05,Vavuniya,0.0
2015-09-12,Vavuniya,2.0
2015-09-19,Vavuniya,4.0
2015-09-26,Vavuniya,4.0
2015-10-03,Vavuniya,2.0
2015-10-10,Vavuniya,3.0
2015-10-17,Vavuniya,0.0
2015-10-24,Vavuniya,4.0
2015-10-31,Vavuniya,2.0
2015-11-07,Vavuniya,7.0
2015-11-14,Vavuniya,4.0
2015-11-21,Vavuniya,0.0
2015-11-28,Vavuniya,7.0
2015-12-05,Vavuniya,14.0
2015-12-12,Vavuniya,18.0
2015-12-19,Vavuniya,13.0
2015-12-26,Vavuniya,18.0
2016-01-16,Vavuniya,15.0
2016-01-23,Vavuniya,8.0
2016-01-30,Vavuniya,4.0
2016-02-06,Vavuniya,5.0
2016-02-13,Vavuniya,8.0
2016-02-20,Vavuniya,2.0
2016-02-27,Vavuniya,1.0
2016-03-05,Vavuniya,1.0
2016-03-12,Vavuniya,0.0
2016-03-19,Vavuniya,1.0
2016-03-26,Vavuniya,6.0
2016-04-02,Vavuniya,0.0
2016-04-09,Vavuniya,0.0
2016-04-16,Vavuniya,4.0
2016-04-23,Vavuniya,8.0
2016-04-30,Vavuniya,7.0
2016-05-07,Vavuniya,1.0
2016-05-14,Vavuniya,0.0
2016-05-21,Vavuniya,1.0
2016-05-28,Vavuniya,0.0
2016-06-04,Vavuniya,0.0
2016-06-11,Vavuniya,1.0
2016-06-18,Vavuniya,6.0
2016-06-25,Vavuniya,7.0
2016-07-02,Vavuniya,6.0
2016-07-09,Vavuniya,8.0
2016-07-16,Vavuniya,6.0
2016-07-23,Vavuniya,1.0
2016-07-30,Vavuniya,2.0
2016-08-06,Vavuniya,3.0
2016-08-20,Vavuniya,2.0
2016-08-27,Vavuniya,2.0
2016-09-03,Vavuniya,10.0
2016-09-10,Vavuniya,2.0
2016-09-17,Vavuniya,1.0
2016-09-24,Vavuniya,1.0
2016-10-01,Vavuniya,4.0
2016-10-08,Vavuniya,3.0
2016-10-15,Vavuniya,2.0
2016-10-22,Vavuniya,1.0
2016-10-29,Vavuniya,2.0
2016-11-05,Vavuniya,0.0
2016-11-12,Vavuniya,2.0
2016-11-19,Vavuniya,0.0
2016-11-26,Vavuniya,9.0
2016-12-03,Vavuniya,12.0
2016-12-10,Vavuniya,3.0
2016-12-17,Vavuniya,0.0
2016-12-24,Vavuniya,0.0
2016-12-31,Vavuniya,27.0
2017-01-07,Vavuniya,3.0
2017-01-14,Vavuniya,15.0
2017-01-21,Vavuniya,12.0
2017-01-28,Vavuniya,18.0
2017-02-04,Vavuniya,10.0
2017-02-11,Vavuniya,23.0
2017-02-18,Vavuniya,15.0
2017-02-25,Vavuniya,27.0
2017-03-04,Vavuniya,22.0
2017-03-11,Vavuniya,34.0
2017-03-18,Vavuniya,31.0
2017-03-25,Vavuniya,29.0
2017-04-01,Vavuniya,29.0
2017-04-08,Vavuniya,24.0
2017-04-15,Vavuniya,21.0
2017-04-22,Vavuniya,9.0
2017-04-29,Vavuniya,18.0
2017-05-06,Vavuniya,15.0
2017-05-13,Vavuniya,17.0
2017-05-17,Vavuniya,17.0
2017-05-20,Vavuniya,15.0
2017-05-27,Vavuniya,13.0
2017-06-03,Vavuniya,16.0
2017-06-10,Vavuniya,16.0
2017-06-24,Vavuniya,19.0
2017-07-01,Vavuniya,44.0
2017-07-08,Vavuniya,31.0
2017-07-15,Vavuniya,16.0
2017-07-22,Vavuniya,8.0
2017-07-29,Vavuniya,16.0
2017-08-05,Vavuniya,11.0
2017-08-12,Vavuniya,9.0
2017-08-19,Vavuniya,4.0
2017-08-26,Vavuniya,4.0
2017-09-02,Vavuniya,7.0
2017-09-09,Vavuniya,10.0
2017-09-16,Vavuniya,12.0
2017-09-23,Vavuniya,16.0
2017-09-30,Vavuniya,7.0
2017-10-07,Vavuniya,9.0
2017-10-14,Vavuniya,15.0
2017-10-21,Vavuniya,17.0
2017-10-28,Vavuniya,23.0
2017-11-04,Vavuniya,26.0
2017-11-11,Vavuniya,29.0
2017-11-18,Vavuniya,19.0
2017-11-25,Vavuniya,33.0
2017-12-02,Vavuniya,21.0
2017-12-09,Vavuniya,34.0
2017-12-16,Vavuniya,28.0
2017-12-23,Vavuniya,27.0
2017-12-30,Vavuniya,26.0
2018-01-06,Vavuniya,20.0
2018-01-13,Vavuniya,17.0
2018-01-20,Vavuniya,8.0
2018-01-27,Vavuniya,15.0
2018-02-03,Vavuniya,12.0
2018-02-10,Vavuniya,12.0
2018-02-17,Vavuniya,7.0
2018-02-24,Vavuniya,11.0
2018-03-03,Vavuniya,11.0
2018-03-10,Vavuniya,10.0
2018-03-17,Vavuniya,10.0
2018-03-24,Vavuniya,8.0
2018-03-31,Vavuniya,10.0
2018-04-07,Vavuniya,2.0
2018-04-14,Vavuniya,5.0
2018-04-21,Vavuniya,7.0
2018-04-28,Vavuniya,5.0
2018-05-05,Vavuniya,1.0
2018-05-12,Vavuniya,11.0
2018-05-19,Vavuniya,7.0
2018-05-26,Vavuniya,6.0
2018-06-02,Vavuniya,10.0
2018-06-09,Vavuniya,15.0
2018-06-16,Vavuniya,25.0
2018-06-23,Vavuniya,33.0
2018-06-30,Vavuniya,24.0
2018-07-07,Vavuniya,26.0
2018-07-14,Vavuniya,22.0
2018-07-21,Vavuniya,14.0
2018-07-28,Vavuniya,21.0
2018-08-04,Vavuniya,13.0
2018-08-11,Vavuniya,14.0
2018-08-18,Vavuniya,19.0
2018-08-25,Vavuniya,8.0
2018-09-01,Vavuniya,4.0
2018-09-08,Vavuniya,4.0
2018-09-15,Vavuniya,6.0
2018-09-22,Vavuniya,9.0
2018-09-29,Vavuniya,4.0
2018-10-06,Vavuniya,6.0
2018-10-13,Vavuniya,6.0
2018-10-20,Vavuniya,6.0
2018-10-27,Vavuniya,6.0
2018-11-03,Vavuniya,7.0
2018-11-10,Vavuniya,8.0
2018-11-17,Vavuniya,6.0
2018-11-24,Vavuniya,16.0
2018-12-01,Vavuniya,13.0
2018-12-08,Vavuniya,9.0
2018-12-15,Vavuniya,17.0
2018-12-22,Vavuniya,11.0
2018-12-29,Vavuniya,7.0
2019-01-05,Vavuniya,22.0
2019-01-12,Vavuniya,5.0
2019-01-19,Vavuniya,7.0
2019-01-26,Vavuniya,20.0
2019-02-02,Vavuniya,12.0
2019-02-09,Vavuniya,15.0
2019-02-16,Vavuniya,4.0
2019-03-02,Vavuniya,14.0
2019-03-09,Vavuniya,7.0
2019-03-16,Vavuniya,13.0
2019-03-23,Vavuniya,11.0
2019-03-30,Vavuniya,1.0
2019-04-06,Vavuniya,3.0
2019-04-13,Vavuniya,5.0
2019-04-20,Vavuniya,7.0
2019-04-27,Vavuniya,3.0
2019-05-04,Vavuniya,0.0
2019-05-11,Vavuniya,4.0
2019-05-18,Vavuniya,3.0
2019-05-25,Vavuniya,4.0
2019-06-01,Vavuniya,1.0
2019-06-08,Vavuniya,2.0
2019-06-15,Vavuniya,0.0
2019-06-22,Vavuniya,5.0
2019-06-29,Vavuniya,0.0
2019-07-06,Vavuniya,5.0
2019-07-13,Vavuniya,5.0
2019-07-20,Vavuniya,1.0
2019-07-27,Vavuniya,4.0
2019-08-03,Vavuniya,2.0
2019-08-10,Vavuniya,4.0
2019-08-17,Vavuniya,2.0
2019-08-24,Vavuniya,3.0
2019-08-31,Vavuniya,2.0
2019-09-07,Vavuniya,2.0
2019-09-14,Vavuniya,1.0
2019-09-21,Vavuniya,12.0
2019-09-28,Vavuniya,7.0
2019-10-05,Vavuniya,16.0
2019-10-12,Vavuniya,22.0
2019-10-19,Vavuniya,15.0
2019-10-26,Vavuniya,9.0
2019-11-02,Vavuniya,18.0
2019-11-09,Vavuniya,9.0
2019-11-16,Vavuniya,79.0
2019-11-23,Vavuniya,69.0
2019-11-30,Vavuniya,68.0
2019-12-07,Vavuniya,89.0
2019-12-14,Vavuniya,57.0
2019-12-21,Vavuniya,43.0
2019-12-28,Vavuniya,37.0
2020-01-01,Vavuniya,19.0
2020-01-04,Vavuniya,0.0
2020-01-11,Vavuniya,36.0
2020-01-18,Vavuniya,31.0
2020-01-25,Vavuniya,34.0
2020-02-08,Vavuniya,23.0
2020-02-15,Vavuniya,9.0
2020-02-22,Vavuniya,21.0
2020-02-29,Vavuniya,3.0
2020-03-07,Vavuniya,9.0
2020-03-14,Vavuniya,3.0
2020-03-21,Vavuniya,0.0
2020-03-28,Vavuniya,2.0
2020-04-04,Vavuniya,1.0
2020-04-11,Vavuniya,1.0
2020-04-18,Vavuniya,1.0
2020-04-25,Vavuniya,1.0
2020-05-02,Vavuniya,0.0
2020-05-09,Vavuniya,1.0
2020-05-16,Vavuniya,0.0
2020-05-23,Vavuniya,2.0
2020-05-30,Vavuniya,0.0
2020-06-06,Vavuniya,1.0
2020-06-13,Vavuniya,2.0
2020-06-20,Vavuniya,1.0
2020-06-27,Vavuniya,1.0
2020-07-04,Vavuniya,0.0
2020-07-11,Vavuniya,6.0
2020-07-18,Vavuniya,0.0
2020-07-25,Vavuniya,0.0
2020-08-01,Vavuniya,2.0
2020-08-08,Vavuniya,0.0
2020-08-15,Vavuniya,0.0
2020-08-22,Vavuniya,0.0
2020-08-29,Vavuniya,0.0
2020-09-05,Vavuniya,0.0
2020-09-11,Vavuniya,0.0
2020-09-19,Vavuniya,1.0
2020-09-26,Vavuniya,0.0
2020-10-03,Vavuniya,0.0
2020-10-10,Vavuniya,0.0
2020-10-17,Vavuniya,0.0
2020-10-24,Vavuniya,0.0
2020-10-31,Vavuniya,0.0
2020-11-07,Vavuniya,0.0
2020-11-14,Vavuniya,0.0
2020-11-28,Vavuniya,0.0
2020-12-05,Vavuniya,0.0
2020-12-12,Vavuniya,0.0
2020-12-19,Vavuniya,1.0
2020-12-21,Vavuniya,2.0
2020-12-26,Vavuniya,160.0
2021-01-02,Vavuniya,0.0
2021-01-09,Vavuniya,0.0
2021-01-16,Vavuniya,3.0
2021-01-23,Vavuniya,1.0
2021-01-30,Vavuniya,0.0
2021-02-06,Vavuniya,4.0
2021-02-13,Vavuniya,4.0
2021-02-20,Vavuniya,3.0
2021-02-27,Vavuniya,3.0
2021-03-06,Vavuniya,2.0
2021-03-13,Vavuniya,0.0
2021-03-20,Vavuniya,2.0
2021-03-27,Vavuniya,0.0
2021-04-03,Vavuniya,2.0
2021-04-10,Vavuniya,1.0
2021-04-17,Vavuniya,2.0
2021-04-24,Vavuniya,0.0
2021-05-01,Vavuniya,1.0
2021-05-08,Vavuniya,0.0
2021-05-15,Vavuniya,0.0
2021-05-22,Vavuniya,2.0
2021-05-29,Vavuniya,0.0
2021-06-05,Vavuniya,0.0
2021-06-12,Vavuniya,0.0
2021-06-19,Vavuniya,2.0
2021-06-26,Vavuniya,1.0
2021-07-03,Vavuniya,0.0
2021-07-10,Vavuniya,2.0
2021-07-17,Vavuniya,0.0
2021-07-24,Vavuniya,0.0
2021-07-31,Vavuniya,0.0
2021-08-07,Vavuniya,0.0
2021-08-14,Vavuniya,0.0
2021-08-21,Vavuniya,0.0
2021-08-28,Vavuniya,0.0
2021-09-04,Vavuniya,0.0
2021-09-11,Vavuniya,0.0
2021-09-18,Vavuniya,0.0
2021-10-02,Vavuniya,1.0
2021-10-16,Vavuniya,1.0
2021-10-23,Vavuniya,1.0
2021-10-30,Vavuniya,0.0
2021-11-06,Vavuniya,0.0
2021-11-13,Vavuniya,3.0
2021-11-20,Vavuniya,3.0
2021-11-27,Vavuniya,4.0
2021-12-04,Vavuniya,3.0
2021-12-11,Vavuniya,3.0
2021-12-18,Vavuniya,3.0
2021-12-25,Vavuniya,3.0
2021-12-31,Vavuniya,0.0
2022-01-01,Vavuniya,3.0
2022-01-08,Vavuniya,3.0
2022-01-15,Vavuniya,7.0
2022-01-22,Vavuniya,8.0
2022-01-29,Vavuniya,3.0
2022-02-05,Vavuniya,0.0
2022-02-12,Vavuniya,3.0
2022-02-19,Vavuniya,6.0
2022-02-26,Vavuniya,2.0
2022-03-05,Vavuniya,2.0
2022-03-12,Vavuniya,2.0
2022-03-19,Vavuniya,0.0
2022-03-26,Vavuniya,2.0
2022-04-02,Vavuniya,0.0
2022-04-09,Vavuniya,2.0
2022-04-16,Vavuniya,0.0
2022-04-23,Vavuniya,0.0
2022-04-30,Vavuniya,1.0
2022-05-07,Vavuniya,0.0
2022-05-14,Vavuniya,0.0
2022-05-21,Vavuniya,0.0
2022-05-28,Vavuniya,0.0
2022-06-04,Vavuniya,5.0
2022-06-11,Vavuniya,0.0
2022-06-18,Vavuniya,0.0
2022-06-25,Vavuniya,3.0
2022-07-02,Vavuniya,1.0
2022-07-09,Vavuniya,0.0
2022-07-16,Vavuniya,4.0
2022-07-23,Vavuniya,0.0
2022-07-30,Vavuniya,1.0
2022-08-06,Vavuniya,0.0
2022-08-13,Vavuniya,1.0
2022-08-20,Vavuniya,2.0
2022-08-27,Vavuniya,0.0
2022-09-03,Vavuniya,0.0
2022-09-10,Vavuniya,0.0
2022-09-17,Vavuniya,0.0
2022-09-24,Vavuniya,0.0
2022-10-01,Vavuniya,3.0
2022-10-08,Vavuniya,2.0
2022-10-15,Vavuniya,1.0
2022-10-29,Vavuniya,1.0
2022-11-05,Vavuniya,1.0
2022-11-12,Vavuniya,2.0
2022-11-19,Vavuniya,0.0
2022-11-26,Vavuniya,1.0
2022-12-03,Vavuniya,1.0
2022-12-10,Vavuniya,0.0
2022-12-17,Vavuniya,0.0
2022-12-24,Vavuniya,1.0
2023-01-07,Vavuniya,0.0
2023-01-14,Vavuniya,4.0
2023-01-21,Vavuniya,1.0
2023-01-28,Vavuniya,0.0
2023-02-04,Vavuniya,0.0
2023-02-11,Vavuniya,0.0
2023-02-18,Vavuniya,0.0
2023-02-25,Vavuniya,9.0
2023-03-04,Vavuniya,5.0
2023-03-11,Vavuniya,11.0
2023-03-18,Vavuniya,1.0
2023-03-25,Vavuniya,8.0
2023-04-01,Vavuniya,3.0
2023-04-08,Vavuniya,6.0
2023-04-15,Vavuniya,1.0
2023-04-22,Vavuniya,7.0
2023-04-29,Vavuniya,2.0
2023-05-06,Vavuniya,6.0
2023-05-13,Vavuniya,6.0
2023-05-20,Vavuniya,6.0
2023-05-27,Vavuniya,3.0
2023-06-03,Vavuniya,5.0
2023-06-10,Vavuniya,4.0
2023-06-17,Vavuniya,3.0
2023-06-24,Vavuniya,1.0
2023-07-01,Vavuniya,0.0
2023-07-08,Vavuniya,1.0
2023-07-15,Vavuniya,2.0
2023-07-22,Vavuniya,5.0
2023-07-29,Vavuniya,5.0
2023-08-05,Vavuniya,4.0
2023-08-12,Vavuniya,0.0
2023-08-19,Vavuniya,2.0
2023-08-26,Vavuniya,11.0
2023-08-31,Vavuniya,1.0
2023-09-02,Vavuniya,1.0
2023-09-09,Vavuniya,3.0
2023-09-16,Vavuniya,3.0
2023-09-23,Vavuniya,4.0
2023-10-07,Vavuniya,3.0
2023-10-14,Vavuniya,4.0
2023-10-21,Vavuniya,4.0
2023-10-28,Vavuniya,4.0
2023-11-04,Vavuniya,4.0
2023-11-11,Vavuniya,3.0
2023-11-18,Vavuniya,4.0
2023-11-25,Vavuniya,4.0
2023-12-02,Vavuniya,1.0
2023-12-09,Vavuniya,5.0
2023-12-16,Vavuniya,22.0
2023-12-23,Vavuniya,19.0
2023-12-27,Vavuniya,5.0
2023-12-30,Vavuniya,20.0
2024-01-06,Vavuniya,27.0
2024-01-13,Vavuniya,28.0
2024-01-20,Vavuniya,19.0
2024-02-03,Vavuniya,7.0
2024-02-10,Vavuniya,3.0
2024-02-17,Vavuniya,4.0
2024-02-24,Vavuniya,3.0
