variant,origin,seed,val_RMSE,val_MAE,test_RMSE,test_MAE,pred_mean,truth_mean,epochs_used,elapsed,cfg_arch,cfg_inputs,cfg_norm,cfg_proj,cfg_head,cfg_horizon_lam,cfg_coupling,cfg_sim,cfg_state,cfg_loss,cfg_omega,cfg_gamma,cfg_rho,cfg_s0,cfg_lambda_max,cfg_epochs,cfg_lr,cfg_hidden,cfg_depletion,cfg_learn_rho,cfg_learn_rates,learned_rho_mult,learned_omega,learned_gamma,cfg_beta_district,cfg_seasonal,cfg_mod_clamp,learned_e_scale,learned_i_scale,cfg_learn_state
baseline,0.55,1,42.05537414550781,19.159364700317383,84.77980041503906,33.70164489746094,21.746368408203125,51.89012145996094,100,22.6,STGAT,cases,orig,linear1,sigmoid,repeat,implicit,open,orig,smape,0.09999999999999999,0.14285714285714285,0.09090909090909091,0.31799999999999995,0.14285714285714285,100,0.003,0,,,,,,,,,,,,
baseline,0.55,2,42.26701736450195,19.092697143554688,84.90592193603516,33.70869827270508,21.688142776489258,51.89012145996094,100,22.6,STGAT,cases,orig,linear1,sigmoid,repeat,implicit,open,orig,smape,0.09999999999999999,0.14285714285714285,0.09090909090909091,0.31799999999999995,0.14285714285714285,100,0.003,0,,,,,,,,,,,,
baseline,0.55,0,41.64271545410156,19.39754867553711,84.6260757446289,33.79499435424805,21.443262100219727,51.89012145996094,100,23.0,STGAT,cases,orig,linear1,sigmoid,repeat,implicit,open,orig,smape,0.09999999999999999,0.14285714285714285,0.09090909090909091,0.31799999999999995,0.14285714285714285,100,0.003,0,,,,,,,,,,,,
baseline,0.7,0,18.48281478881836,8.77597427368164,26.207456588745117,12.339592933654785,11.885411262512207,19.014223098754883,100,24.0,STGAT,cases,orig,linear1,sigmoid,repeat,implicit,open,orig,smape,0.09999999999999999,0.14285714285714285,0.09090909090909091,0.31799999999999995,0.14285714285714285,100,0.003,0,,,,,,,,,,,,
baseline,0.7,1,18.280132293701172,8.061219215393066,26.468063354492188,12.2620267868042,10.738933563232422,19.014223098754883,100,24.2,STGAT,cases,orig,linear1,sigmoid,repeat,implicit,open,orig,smape,0.09999999999999999,0.14285714285714285,0.09090909090909091,0.31799999999999995,0.14285714285714285,100,0.003,0,,,,,,,,,,,,
baseline,0.7,2,18.257389068603516,7.9248576164245605,26.574024200439453,12.249436378479004,10.494905471801758,19.014223098754883,100,24.3,STGAT,cases,orig,linear1,sigmoid,repeat,implicit,open,orig,smape,0.09999999999999999,0.14285714285714285,0.09090909090909091,0.31799999999999995,0.14285714285714285,100,0.003,0,,,,,,,,,,,,
state_flow,0.55,0,34.60932159423828,16.1523380279541,68.05127716064453,26.478235244750977,34.735130310058594,51.89012145996094,100,19.6,STGAT,cases,orig,linear1,sigmoid,repeat,implicit,open,flow,smape,0.09999999999999999,0.14285714285714285,0.09090909090909091,0.31799999999999995,0.14285714285714285,100,0.003,0,,,,,,,,,,,,
state_flow,0.55,2,34.73921585083008,16.15922737121582,68.15933990478516,26.48052978515625,34.64029312133789,51.89012145996094,100,19.5,STGAT,cases,orig,linear1,sigmoid,repeat,implicit,open,flow,smape,0.09999999999999999,0.14285714285714285,0.09090909090909091,0.31799999999999995,0.14285714285714285,100,0.003,0,,,,,,,,,,,,
state_flow,0.55,1,34.5893440246582,16.337984085083008,68.13291931152344,26.492292404174805,34.286407470703125,51.89012145996094,100,19.6,STGAT,cases,orig,linear1,sigmoid,repeat,implicit,open,flow,smape,0.09999999999999999,0.14285714285714285,0.09090909090909091,0.31799999999999995,0.14285714285714285,100,0.003,0,,,,,,,,,,,,
baseline,0.85,0,24.19520378112793,15.45718765258789,71.6575698852539,33.532535552978516,19.65631675720215,50.54822540283203,100,22.4,STGAT,cases,orig,linear1,sigmoid,repeat,implicit,open,orig,smape,0.09999999999999999,0.14285714285714285,0.09090909090909091,0.31799999999999995,0.14285714285714285,100,0.003,0,,,,,,,,,,,,
baseline,0.85,1,24.134796142578125,15.358081817626953,72.27313995361328,33.666324615478516,19.475555419921875,50.54822540283203,100,22.9,STGAT,cases,orig,linear1,sigmoid,repeat,implicit,open,orig,smape,0.09999999999999999,0.14285714285714285,0.09090909090909091,0.31799999999999995,0.14285714285714285,100,0.003,0,,,,,,,,,,,,
baseline,0.85,2,24.09821128845215,15.322310447692871,72.583740234375,33.71553421020508,19.512672424316406,50.54822540283203,100,22.8,STGAT,cases,orig,linear1,sigmoid,repeat,implicit,open,orig,smape,0.09999999999999999,0.14285714285714285,0.09090909090909091,0.31799999999999995,0.14285714285714285,100,0.003,0,,,,,,,,,,,,
state_flow,0.7,0,16.534509658813477,7.568692684173584,24.782264709472656,11.604568481445312,14.885077476501465,19.014223098754883,100,21.9,STGAT,cases,orig,linear1,sigmoid,repeat,implicit,open,flow,smape,0.09999999999999999,0.14285714285714285,0.09090909090909091,0.31799999999999995,0.14285714285714285,100,0.003,0,,,,,,,,,,,,
state_flow,0.7,1,16.595094680786133,7.322357654571533,24.957666397094727,11.629889488220215,14.374772071838379,19.014223098754883,100,21.9,STGAT,cases,orig,linear1,sigmoid,repeat,implicit,open,flow,smape,0.09999999999999999,0.14285714285714285,0.09090909090909091,0.31799999999999995,0.14285714285714285,100,0.003,0,,,,,,,,,,,,
state_flow,0.7,2,16.61716651916504,7.250592231750488,25.044710159301758,11.662153244018555,14.138327598571777,19.014223098754883,100,22.1,STGAT,cases,orig,linear1,sigmoid,repeat,implicit,open,flow,smape,0.09999999999999999,0.14285714285714285,0.09090909090909091,0.31799999999999995,0.14285714285714285,100,0.003,0,,,,,,,,,,,,
state_flow,0.85,0,24.60557746887207,14.936763763427734,62.179344177246094,28.072511672973633,31.582393646240234,50.54822540283203,100,23.5,STGAT,cases,orig,linear1,sigmoid,repeat,implicit,open,flow,smape,0.09999999999999999,0.14285714285714285,0.09090909090909091,0.31799999999999995,0.14285714285714285,100,0.003,0,,,,,,,,,,,,
state_flow,0.85,1,24.630117416381836,14.921390533447266,62.502906799316406,28.14507293701172,31.46169090270996,50.54822540283203,100,23.4,STGAT,cases,orig,linear1,sigmoid,repeat,implicit,open,flow,smape,0.09999999999999999,0.14285714285714285,0.09090909090909091,0.31799999999999995,0.14285714285714285,100,0.003,0,,,,,,,,,,,,
state_flow,0.85,2,24.641775131225586,14.949400901794434,62.56891632080078,28.178796768188477,31.46170997619629,50.54822540283203,100,23.7,STGAT,cases,orig,linear1,sigmoid,repeat,implicit,open,flow,smape,0.09999999999999999,0.14285714285714285,0.09090909090909091,0.31799999999999995,0.14285714285714285,100,0.003,0,,,,,,,,,,,,
state_residence,0.55,0,37.69735336303711,17.124692916870117,75.58485412597656,29.32884979248047,27.439533233642578,51.89012145996094,100,19.1,STGAT,cases,orig,linear1,sigmoid,repeat,implicit,open,residence,smape,0.09999999999999999,0.14285714285714285,0.09090909090909091,0.31799999999999995,0.14285714285714285,100,0.003,0,,,,,,,,,,,,
state_residence,0.55,1,38.14259719848633,17.3138427734375,75.889892578125,29.376943588256836,27.041339874267578,51.89012145996094,100,19.0,STGAT,cases,orig,linear1,sigmoid,repeat,implicit,open,residence,smape,0.09999999999999999,0.14285714285714285,0.09090909090909091,0.31799999999999995,0.14285714285714285,100,0.003,0,,,,,,,,,,,,
state_residence,0.55,2,38.25349426269531,17.328794479370117,75.9783935546875,29.38799476623535,26.925813674926758,51.89012145996094,100,18.9,STGAT,cases,orig,linear1,sigmoid,repeat,implicit,open,residence,smape,0.09999999999999999,0.14285714285714285,0.09090909090909091,0.31799999999999995,0.14285714285714285,100,0.003,0,,,,,,,,,,,,
state_residence,0.7,0,17.28859519958496,7.884794235229492,25.065553665161133,11.736662864685059,12.802934646606445,19.014223098754883,100,20.2,STGAT,cases,orig,linear1,sigmoid,repeat,implicit,open,residence,smape,0.09999999999999999,0.14285714285714285,0.09090909090909091,0.31799999999999995,0.14285714285714285,100,0.003,0,,,,,,,,,,,,
state_residence,0.7,1,17.336933135986328,7.420960903167725,25.36640739440918,11.751654624938965,11.898919105529785,19.014223098754883,100,20.1,STGAT,cases,orig,linear1,sigmoid,repeat,implicit,open,residence,smape,0.09999999999999999,0.14285714285714285,0.09090909090909091,0.31799999999999995,0.14285714285714285,100,0.003,0,,,,,,,,,,,,
state_residence,0.7,2,17.328834533691406,7.305258750915527,25.45758056640625,11.751226425170898,11.642967224121094,19.014223098754883,100,20.2,STGAT,cases,orig,linear1,sigmoid,repeat,implicit,open,residence,smape,0.09999999999999999,0.14285714285714285,0.09090909090909091,0.31799999999999995,0.14285714285714285,100,0.003,0,,,,,,,,,,,,
state_residence,0.85,0,23.84486198425293,14.915143966674805,66.36467742919922,30.184810638427734,24.646759033203125,50.54822540283203,100,23.0,STGAT,cases,orig,linear1,sigmoid,repeat,implicit,open,residence,smape,0.09999999999999999,0.14285714285714285,0.09090909090909091,0.31799999999999995,0.14285714285714285,100,0.003,0,,,,,,,,,,,,
state_residence,0.85,1,23.880807876586914,14.87479305267334,66.90306091308594,30.328954696655273,24.44729232788086,50.54822540283203,100,22.9,STGAT,cases,orig,linear1,sigmoid,repeat,implicit,open,residence,smape,0.09999999999999999,0.14285714285714285,0.09090909090909091,0.31799999999999995,0.14285714285714285,100,0.003,0,,,,,,,,,,,,
loss_mse,0.55,0,40.215110778808594,17.969587326049805,83.05745697021484,33.179344177246094,24.148712158203125,51.89012145996094,97,19.0,STGAT,cases,orig,linear1,sigmoid,repeat,implicit,open,orig,mse,0.09999999999999999,0.14285714285714285,0.09090909090909091,0.31799999999999995,0.14285714285714285,100,0.003,0,,,,,,,,,,,,
state_residence,0.85,2,23.836585998535156,14.857666969299316,66.98711395263672,30.32703971862793,24.520143508911133,50.54822540283203,100,23.1,STGAT,cases,orig,linear1,sigmoid,repeat,implicit,open,residence,smape,0.09999999999999999,0.14285714285714285,0.09090909090909091,0.31799999999999995,0.14285714285714285,100,0.003,0,,,,,,,,,,,,
loss_mse,0.55,1,41.002559661865234,17.989830017089844,83.58904266357422,33.33004379272461,25.033571243286133,51.89012145996094,100,19.7,STGAT,cases,orig,linear1,sigmoid,repeat,implicit,open,orig,mse,0.09999999999999999,0.14285714285714285,0.09090909090909091,0.31799999999999995,0.14285714285714285,100,0.003,0,,,,,,,,,,,,
loss_mse,0.55,2,40.97775650024414,18.302419662475586,83.74573516845703,33.38713455200195,23.049821853637695,51.89012145996094,100,19.5,STGAT,cases,orig,linear1,sigmoid,repeat,implicit,open,orig,mse,0.09999999999999999,0.14285714285714285,0.09090909090909091,0.31799999999999995,0.14285714285714285,100,0.003,0,,,,,,,,,,,,
loss_mse,0.7,0,18.833398818969727,9.189607620239258,26.470033645629883,12.502686500549316,11.797205924987793,19.014223098754883,94,20.2,STGAT,cases,orig,linear1,sigmoid,repeat,implicit,open,orig,mse,0.09999999999999999,0.14285714285714285,0.09090909090909091,0.31799999999999995,0.14285714285714285,100,0.003,0,,,,,,,,,,,,
loss_mse,0.7,1,18.46240997314453,8.592334747314453,26.505552291870117,12.534073829650879,11.510202407836914,19.014223098754883,100,21.5,STGAT,cases,orig,linear1,sigmoid,repeat,implicit,open,orig,mse,0.09999999999999999,0.14285714285714285,0.09090909090909091,0.31799999999999995,0.14285714285714285,100,0.003,0,,,,,,,,,,,,
loss_mse,0.7,2,18.756853103637695,9.014307022094727,26.4080810546875,12.443758010864258,12.122428894042969,19.014223098754883,100,21.5,STGAT,cases,orig,linear1,sigmoid,repeat,implicit,open,orig,mse,0.09999999999999999,0.14285714285714285,0.09090909090909091,0.31799999999999995,0.14285714285714285,100,0.003,0,,,,,,,,,,,,
loss_mse,0.85,0,23.441104888916016,14.877291679382324,72.23981475830078,32.946712493896484,20.945831298828125,50.54822540283203,100,23.3,STGAT,cases,orig,linear1,sigmoid,repeat,implicit,open,orig,mse,0.09999999999999999,0.14285714285714285,0.09090909090909091,0.31799999999999995,0.14285714285714285,100,0.003,0,,,,,,,,,,,,
loss_mse,0.85,1,23.400039672851562,14.808270454406738,72.19058227539062,32.88925552368164,20.911928176879883,50.54822540283203,100,23.3,STGAT,cases,orig,linear1,sigmoid,repeat,implicit,open,orig,mse,0.09999999999999999,0.14285714285714285,0.09090909090909091,0.31799999999999995,0.14285714285714285,100,0.003,0,,,,,,,,,,,,
loss_mse,0.85,2,23.452415466308594,14.891183853149414,72.26317596435547,32.93315505981445,20.880949020385742,50.54822540283203,100,23.5,STGAT,cases,orig,linear1,sigmoid,repeat,implicit,open,orig,mse,0.09999999999999999,0.14285714285714285,0.09090909090909091,0.31799999999999995,0.14285714285714285,100,0.003,0,,,,,,,,,,,,
best_A_B,0.55,0,32.642398834228516,15.048032760620117,66.5357437133789,26.000280380249023,36.55473709106445,51.89012145996094,97,18.4,STGAT,cases,orig,linear1,sigmoid,repeat,implicit,open,flow,mse,0.09999999999999999,0.14285714285714285,0.09090909090909091,0.31799999999999995,0.14285714285714285,100,0.003,0,,,,,,,,,,,,
best_A_B,0.55,1,33.02898025512695,15.067822456359863,66.75982666015625,26.210805892944336,37.65507507324219,51.89012145996094,100,19.1,STGAT,cases,orig,linear1,sigmoid,repeat,implicit,open,flow,mse,0.09999999999999999,0.14285714285714285,0.09090909090909091,0.31799999999999995,0.14285714285714285,100,0.003,0,,,,,,,,,,,,
best_A_B,0.55,2,33.014835357666016,15.040596961975098,66.60615539550781,26.02541160583496,37.49431610107422,51.89012145996094,100,19.1,STGAT,cases,orig,linear1,sigmoid,repeat,implicit,open,flow,mse,0.09999999999999999,0.14285714285714285,0.09090909090909091,0.31799999999999995,0.14285714285714285,100,0.003,0,,,,,,,,,,,,
best_A_B,0.7,0,16.411237716674805,8.212223052978516,24.393529891967773,11.593284606933594,16.5904483795166,19.014223098754883,97,19.7,STGAT,cases,orig,linear1,sigmoid,repeat,implicit,open,flow,mse,0.09999999999999999,0.14285714285714285,0.09090909090909091,0.31799999999999995,0.14285714285714285,100,0.003,0,,,,,,,,,,,,
best_A_B,0.7,1,16.202306747436523,7.374293327331543,24.719602584838867,11.611132621765137,15.139331817626953,19.014223098754883,100,20.2,STGAT,cases,orig,linear1,sigmoid,repeat,implicit,open,flow,mse,0.09999999999999999,0.14285714285714285,0.09090909090909091,0.31799999999999995,0.14285714285714285,100,0.003,0,,,,,,,,,,,,
best_A_B,0.7,2,16.411739349365234,7.6917805671691895,24.620702743530273,11.542662620544434,15.607831954956055,19.014223098754883,100,20.0,STGAT,cases,orig,linear1,sigmoid,repeat,implicit,open,flow,mse,0.09999999999999999,0.14285714285714285,0.09090909090909091,0.31799999999999995,0.14285714285714285,100,0.003,0,,,,,,,,,,,,
best_A_B,0.85,0,23.76700210571289,14.38467788696289,61.86056900024414,27.311777114868164,33.274600982666016,50.54822540283203,100,18.1,STGAT,cases,orig,linear1,sigmoid,repeat,implicit,open,flow,mse,0.09999999999999999,0.14285714285714285,0.09090909090909091,0.31799999999999995,0.14285714285714285,100,0.003,0,,,,,,,,,,,,
best_A_B,0.85,1,23.77991485595703,14.436824798583984,61.87501525878906,27.333637237548828,33.37461471557617,50.54822540283203,100,17.2,STGAT,cases,orig,linear1,sigmoid,repeat,implicit,open,flow,mse,0.09999999999999999,0.14285714285714285,0.09090909090909091,0.31799999999999995,0.14285714285714285,100,0.003,0,,,,,,,,,,,,
best_A_B,0.85,2,23.804655075073242,14.415410041809082,61.885536193847656,27.333850860595703,33.227760314941406,50.54822540283203,100,17.4,STGAT,cases,orig,linear1,sigmoid,repeat,implicit,open,flow,mse,0.09999999999999999,0.14285714285714285,0.09090909090909091,0.31799999999999995,0.14285714285714285,100,0.003,0,,,,,,,,,,,,
lam_per_week,0.55,0,32.76481246948242,14.76298999786377,66.53038024902344,25.883317947387695,36.546268463134766,51.89012145996094,100,22.1,STGAT,cases,orig,linear1,sigmoid,per_week,implicit,open,flow,mse,0.09999999999999999,0.14285714285714285,0.09090909090909091,0.31799999999999995,0.14285714285714285,100,0.003,0,,,,,,,,,,,,
lam_per_week,0.55,1,32.72821807861328,14.745513916015625,66.45435333251953,25.91301155090332,37.19406509399414,51.89012145996094,100,22.1,STGAT,cases,orig,linear1,sigmoid,per_week,implicit,open,flow,mse,0.09999999999999999,0.14285714285714285,0.09090909090909091,0.31799999999999995,0.14285714285714285,100,0.003,0,,,,,,,,,,,,
lam_per_week,0.55,2,33.06686782836914,15.231431007385254,66.71142578125,26.217985153198242,37.61813735961914,51.89012145996094,100,22.3,STGAT,cases,orig,linear1,sigmoid,per_week,implicit,open,flow,mse,0.09999999999999999,0.14285714285714285,0.09090909090909091,0.31799999999999995,0.14285714285714285,100,0.003,0,,,,,,,,,,,,
lam_per_week,0.7,0,16.035154342651367,7.221957683563232,24.646366119384766,11.428483009338379,14.432523727416992,19.014223098754883,100,22.7,STGAT,cases,orig,linear1,sigmoid,per_week,implicit,open,flow,mse,0.09999999999999999,0.14285714285714285,0.09090909090909091,0.31799999999999995,0.14285714285714285,100,0.003,0,,,,,,,,,,,,
lam_per_week,0.7,1,16.36509132385254,8.002963066101074,24.580564498901367,11.702632904052734,15.952211380004883,19.014223098754883,100,23.0,STGAT,cases,orig,linear1,sigmoid,per_week,implicit,open,flow,mse,0.09999999999999999,0.14285714285714285,0.09090909090909091,0.31799999999999995,0.14285714285714285,100,0.003,0,,,,,,,,,,,,
lam_per_week,0.7,2,16.45673179626465,7.933548450469971,24.582088470458984,11.590106010437012,15.90693187713623,19.014223098754883,100,23.0,STGAT,cases,orig,linear1,sigmoid,per_week,implicit,open,flow,mse,0.09999999999999999,0.14285714285714285,0.09090909090909091,0.31799999999999995,0.14285714285714285,100,0.003,0,,,,,,,,,,,,
head_exp,0.55,2,32.469966888427734,15.184661865234375,66.18108367919922,26.30391502380371,38.69224166870117,51.89012145996094,76,15.1,STGAT,cases,orig,linear1,exp,repeat,implicit,open,flow,mse,0.09999999999999999,0.14285714285714285,0.09090909090909091,0.31799999999999995,0.14285714285714285,100,0.003,0,,,,,,,,,,,,
head_exp,0.55,1,32.531192779541016,15.520538330078125,66.1136474609375,26.473140716552734,38.9747200012207,51.89012145996094,76,15.2,STGAT,cases,orig,linear1,exp,repeat,implicit,open,flow,mse,0.09999999999999999,0.14285714285714285,0.09090909090909091,0.31799999999999995,0.14285714285714285,100,0.003,0,,,,,,,,,,,,
head_exp,0.55,0,32.53314971923828,15.198808670043945,66.35321044921875,26.285295486450195,38.31497573852539,51.89012145996094,79,15.6,STGAT,cases,orig,linear1,exp,repeat,implicit,open,flow,mse,0.09999999999999999,0.14285714285714285,0.09090909090909091,0.31799999999999995,0.14285714285714285,100,0.003,0,,,,,,,,,,,,
lam_per_week,0.85,0,23.603914260864258,14.145654678344727,61.8609619140625,27.255525588989258,32.26576232910156,50.54822540283203,100,21.9,STGAT,cases,orig,linear1,sigmoid,per_week,implicit,open,flow,mse,0.09999999999999999,0.14285714285714285,0.09090909090909091,0.31799999999999995,0.14285714285714285,100,0.003,0,,,,,,,,,,,,
lam_per_week,0.85,1,23.595382690429688,14.26435375213623,61.73707962036133,27.18649673461914,32.80603790283203,50.54822540283203,100,22.1,STGAT,cases,orig,linear1,sigmoid,per_week,implicit,open,flow,mse,0.09999999999999999,0.14285714285714285,0.09090909090909091,0.31799999999999995,0.14285714285714285,100,0.003,0,,,,,,,,,,,,
lam_per_week,0.85,2,23.769153594970703,14.403449058532715,61.796478271484375,27.29146957397461,33.20355224609375,50.54822540283203,100,22.1,STGAT,cases,orig,linear1,sigmoid,per_week,implicit,open,flow,mse,0.09999999999999999,0.14285714285714285,0.09090909090909091,0.31799999999999995,0.14285714285714285,100,0.003,0,,,,,,,,,,,,
head_exp,0.7,1,16.741168975830078,9.493185997009277,24.555038452148438,12.574007034301758,18.338022232055664,19.014223098754883,76,16.7,STGAT,cases,orig,linear1,exp,repeat,implicit,open,flow,mse,0.09999999999999999,0.14285714285714285,0.09090909090909091,0.31799999999999995,0.14285714285714285,100,0.003,0,,,,,,,,,,,,
head_exp,0.7,0,16.676244735717773,9.242318153381348,24.462032318115234,12.314703941345215,18.040939331054688,19.014223098754883,79,16.9,STGAT,cases,orig,linear1,exp,repeat,implicit,open,flow,mse,0.09999999999999999,0.14285714285714285,0.09090909090909091,0.31799999999999995,0.14285714285714285,100,0.003,0,,,,,,,,,,,,
head_exp,0.7,2,16.741790771484375,9.186365127563477,24.5035343170166,12.280303955078125,17.81429672241211,19.014223098754883,79,17.2,STGAT,cases,orig,linear1,exp,repeat,implicit,open,flow,mse,0.09999999999999999,0.14285714285714285,0.09090909090909091,0.31799999999999995,0.14285714285714285,100,0.003,0,,,,,,,,,,,,
head_exp,0.85,0,23.817840576171875,14.412619590759277,61.90278625488281,27.37936782836914,33.14761734008789,50.54822540283203,100,22.5,STGAT,cases,orig,linear1,exp,repeat,implicit,open,flow,mse,0.09999999999999999,0.14285714285714285,0.09090909090909091,0.31799999999999995,0.14285714285714285,100,0.003,0,,,,,,,,,,,,
head_exp,0.85,1,23.83273696899414,14.424111366271973,61.901954650878906,27.36825942993164,33.149208068847656,50.54822540283203,100,22.5,STGAT,cases,orig,linear1,exp,repeat,implicit,open,flow,mse,0.09999999999999999,0.14285714285714285,0.09090909090909091,0.31799999999999995,0.14285714285714285,100,0.003,0,,,,,,,,,,,,
head_mass,0.55,0,32.14955520629883,14.911722183227539,59.476627349853516,21.97297477722168,43.354637145996094,51.89012145996094,61,12.2,STGAT,cases,orig,linear1,mass,repeat,implicit,open,flow,mse,0.09999999999999999,0.14285714285714285,0.09090909090909091,0.31799999999999995,0.14285714285714285,100,0.003,0,,,,,,,,,,,,
head_exp,0.85,2,23.836545944213867,14.501141548156738,61.90163803100586,27.44582748413086,33.312625885009766,50.54822540283203,100,22.7,STGAT,cases,orig,linear1,exp,repeat,implicit,open,flow,mse,0.09999999999999999,0.14285714285714285,0.09090909090909091,0.31799999999999995,0.14285714285714285,100,0.003,0,,,,,,,,,,,,
head_mass,0.55,1,32.16054153442383,14.908546447753906,59.49968719482422,21.97325897216797,43.32459259033203,51.89012145996094,61,12.0,STGAT,cases,orig,linear1,mass,repeat,implicit,open,flow,mse,0.09999999999999999,0.14285714285714285,0.09090909090909091,0.31799999999999995,0.14285714285714285,100,0.003,0,,,,,,,,,,,,
head_mass,0.55,2,32.136512756347656,14.913190841674805,59.5194206237793,21.999910354614258,43.322757720947266,51.89012145996094,61,12.0,STGAT,cases,orig,linear1,mass,repeat,implicit,open,flow,mse,0.09999999999999999,0.14285714285714285,0.09090909090909091,0.31799999999999995,0.14285714285714285,100,0.003,0,,,,,,,,,,,,
head_mass,0.7,0,15.863104820251465,6.702009677886963,24.58885955810547,11.364541053771973,14.882218360900879,19.014223098754883,61,13.1,STGAT,cases,orig,linear1,mass,repeat,implicit,open,flow,mse,0.09999999999999999,0.14285714285714285,0.09090909090909091,0.31799999999999995,0.14285714285714285,100,0.003,0,,,,,,,,,,,,
head_mass,0.7,1,15.846704483032227,6.698279857635498,24.587108612060547,11.36324405670166,14.862781524658203,19.014223098754883,61,13.1,STGAT,cases,orig,linear1,mass,repeat,implicit,open,flow,mse,0.09999999999999999,0.14285714285714285,0.09090909090909091,0.31799999999999995,0.14285714285714285,100,0.003,0,,,,,,,,,,,,
head_mass,0.7,2,15.872653007507324,6.704478740692139,24.595111846923828,11.371700286865234,14.87889289855957,19.014223098754883,61,13.3,STGAT,cases,orig,linear1,mass,repeat,implicit,open,flow,mse,0.09999999999999999,0.14285714285714285,0.09090909090909091,0.31799999999999995,0.14285714285714285,100,0.003,0,,,,,,,,,,,,
head_mass,0.85,0,24.060964584350586,14.64401912689209,60.75377655029297,26.748247146606445,35.78010177612305,50.54822540283203,61,14.2,STGAT,cases,orig,linear1,mass,repeat,implicit,open,flow,mse,0.09999999999999999,0.14285714285714285,0.09090909090909091,0.31799999999999995,0.14285714285714285,100,0.003,0,,,,,,,,,,,,
head_mass,0.85,1,24.059926986694336,14.64230728149414,60.75771713256836,26.749469757080078,35.75075149536133,50.54822540283203,61,14.3,STGAT,cases,orig,linear1,mass,repeat,implicit,open,flow,mse,0.09999999999999999,0.14285714285714285,0.09090909090909091,0.31799999999999995,0.14285714285714285,100,0.003,0,,,,,,,,,,,,
head_mass,0.85,2,24.079471588134766,14.658175468444824,60.75486373901367,26.758922576904297,35.786685943603516,50.54822540283203,61,14.3,STGAT,cases,orig,linear1,mass,repeat,implicit,open,flow,mse,0.09999999999999999,0.14285714285714285,0.09090909090909091,0.31799999999999995,0.14285714285714285,100,0.003,0,,,,,,,,,,,,
coup_explicit,0.55,0,32.6429328918457,15.048379898071289,66.53622436523438,26.000486373901367,36.55414581298828,51.89012145996094,97,18.4,STGAT,cases,orig,linear1,sigmoid,repeat,explicit,open,flow,mse,0.09999999999999999,0.14285714285714285,0.09090909090909091,0.31799999999999995,0.14285714285714285,100,0.003,0,,,,,,,,,,,,
coup_explicit,0.55,1,33.019775390625,15.069241523742676,66.74656677246094,26.21485137939453,37.69591522216797,51.89012145996094,100,19.0,STGAT,cases,orig,linear1,sigmoid,repeat,explicit,open,flow,mse,0.09999999999999999,0.14285714285714285,0.09090909090909091,0.31799999999999995,0.14285714285714285,100,0.003,0,,,,,,,,,,,,
coup_explicit,0.55,2,33.01413345336914,15.039510726928711,66.6064453125,26.025110244750977,37.49238586425781,51.89012145996094,100,18.8,STGAT,cases,orig,linear1,sigmoid,repeat,explicit,open,flow,mse,0.09999999999999999,0.14285714285714285,0.09090909090909091,0.31799999999999995,0.14285714285714285,100,0.003,0,,,,,,,,,,,,
coup_explicit,0.7,0,16.411603927612305,8.212299346923828,24.393566131591797,11.59323501586914,16.590051651000977,19.014223098754883,97,19.1,STGAT,cases,orig,linear1,sigmoid,repeat,explicit,open,flow,mse,0.09999999999999999,0.14285714285714285,0.09090909090909091,0.31799999999999995,0.14285714285714285,100,0.003,0,,,,,,,,,,,,
coup_explicit,0.7,1,16.20230484008789,7.374326229095459,24.719627380371094,11.611172676086426,15.13931941986084,19.014223098754883,100,19.8,STGAT,cases,orig,linear1,sigmoid,repeat,explicit,open,flow,mse,0.09999999999999999,0.14285714285714285,0.09090909090909091,0.31799999999999995,0.14285714285714285,100,0.003,0,,,,,,,,,,,,
coup_explicit,0.7,2,16.411725997924805,7.691757678985596,24.620702743530273,11.542654037475586,15.607783317565918,19.014223098754883,100,19.8,STGAT,cases,orig,linear1,sigmoid,repeat,explicit,open,flow,mse,0.09999999999999999,0.14285714285714285,0.09090909090909091,0.31799999999999995,0.14285714285714285,100,0.003,0,,,,,,,,,,,,
coup_explicit,0.85,0,23.767210006713867,14.384784698486328,61.86061096191406,27.312131881713867,33.273536682128906,50.54822540283203,100,17.6,STGAT,cases,orig,linear1,sigmoid,repeat,explicit,open,flow,mse,0.09999999999999999,0.14285714285714285,0.09090909090909091,0.31799999999999995,0.14285714285714285,100,0.003,0,,,,,,,,,,,,
coup_explicit,0.85,1,23.775279998779297,14.433958053588867,61.86183166503906,27.329221725463867,33.38508605957031,50.54822540283203,100,17.1,STGAT,cases,orig,linear1,sigmoid,repeat,explicit,open,flow,mse,0.09999999999999999,0.14285714285714285,0.09090909090909091,0.31799999999999995,0.14285714285714285,100,0.003,0,,,,,,,,,,,,
coup_explicit,0.85,2,23.82992172241211,14.43162727355957,61.89091873168945,27.341585159301758,33.20457458496094,50.54822540283203,100,17.0,STGAT,cases,orig,linear1,sigmoid,repeat,explicit,open,flow,mse,0.09999999999999999,0.14285714285714285,0.09090909090909091,0.31799999999999995,0.14285714285714285,100,0.003,0,,,,,,,,,,,,
mass_per_week,0.55,1,32.141357421875,14.90538215637207,59.46809005737305,21.968656539916992,43.354469299316406,51.89012145996094,61,15.1,STGAT,cases,orig,linear1,mass,per_week,implicit,open,flow,mse,0.09999999999999999,0.14285714285714285,0.09090909090909091,0.31799999999999995,0.14285714285714285,100,0.003,0,,,,,,,,,,,,
mass_per_week,0.55,2,32.12913513183594,14.902779579162598,59.457767486572266,21.96578025817871,43.34673309326172,51.89012145996094,61,15.2,STGAT,cases,orig,linear1,mass,per_week,implicit,open,flow,mse,0.09999999999999999,0.14285714285714285,0.09090909090909091,0.31799999999999995,0.14285714285714285,100,0.003,0,,,,,,,,,,,,
mass_per_week,0.55,0,32.141597747802734,14.905928611755371,59.47929000854492,21.973426818847656,43.34321212768555,51.89012145996094,61,15.3,STGAT,cases,orig,linear1,mass,per_week,implicit,open,flow,mse,0.09999999999999999,0.14285714285714285,0.09090909090909091,0.31799999999999995,0.14285714285714285,100,0.003,0,,,,,,,,,,,,
mass_per_week,0.7,0,15.85226821899414,6.699380874633789,24.58735466003418,11.365428924560547,14.873783111572266,19.014223098754883,61,15.5,STGAT,cases,orig,linear1,mass,per_week,implicit,open,flow,mse,0.09999999999999999,0.14285714285714285,0.09090909090909091,0.31799999999999995,0.14285714285714285,100,0.003,0,,,,,,,,,,,,
mass_per_week,0.7,1,15.853415489196777,6.6992506980896,24.586767196655273,11.36347770690918,14.878266334533691,19.014223098754883,61,15.7,STGAT,cases,orig,linear1,mass,per_week,implicit,open,flow,mse,0.09999999999999999,0.14285714285714285,0.09090909090909091,0.31799999999999995,0.14285714285714285,100,0.003,0,,,,,,,,,,,,
mass_per_week,0.7,2,15.85635757446289,6.699639320373535,24.58777618408203,11.365391731262207,14.879266738891602,19.014223098754883,61,16.1,STGAT,cases,orig,linear1,mass,per_week,implicit,open,flow,mse,0.09999999999999999,0.14285714285714285,0.09090909090909091,0.31799999999999995,0.14285714285714285,100,0.003,0,,,,,,,,,,,,
mass_coup,0.55,0,32.10540771484375,14.966020584106445,59.39091873168945,22.058490753173828,43.9514045715332,51.89012145996094,61,12.2,STGAT,cases,orig,linear1,mass,repeat,explicit,open,flow,mse,0.09999999999999999,0.14285714285714285,0.09090909090909091,0.31799999999999995,0.14285714285714285,100,0.003,0,,,,,,,,,,,,
mass_coup,0.55,1,32.115501403808594,14.961199760437012,59.41440963745117,22.058931350708008,43.918373107910156,51.89012145996094,61,12.2,STGAT,cases,orig,linear1,mass,repeat,explicit,open,flow,mse,0.09999999999999999,0.14285714285714285,0.09090909090909091,0.31799999999999995,0.14285714285714285,100,0.003,0,,,,,,,,,,,,
mass_coup,0.55,2,32.091590881347656,14.964223861694336,59.43458557128906,22.08341407775879,43.919124603271484,51.89012145996094,61,12.3,STGAT,cases,orig,linear1,mass,repeat,explicit,open,flow,mse,0.09999999999999999,0.14285714285714285,0.09090909090909091,0.31799999999999995,0.14285714285714285,100,0.003,0,,,,,,,,,,,,
mass_per_week,0.85,0,24.063932418823242,14.646795272827148,60.74979782104492,26.75013542175293,35.772857666015625,50.54822540283203,61,13.5,STGAT,cases,orig,linear1,mass,per_week,implicit,open,flow,mse,0.09999999999999999,0.14285714285714285,0.09090909090909091,0.31799999999999995,0.14285714285714285,100,0.003,0,,,,,,,,,,,,
mass_per_week,0.85,2,24.0638370513916,14.64671516418457,60.7474250793457,26.750368118286133,35.780609130859375,50.54822540283203,61,13.5,STGAT,cases,orig,linear1,mass,per_week,implicit,open,flow,mse,0.09999999999999999,0.14285714285714285,0.09090909090909091,0.31799999999999995,0.14285714285714285,100,0.003,0,,,,,,,,,,,,
mass_per_week,0.85,1,24.060710906982422,14.643117904663086,60.74958038330078,26.747276306152344,35.77759552001953,50.54822540283203,61,13.6,STGAT,cases,orig,linear1,mass,per_week,implicit,open,flow,mse,0.09999999999999999,0.14285714285714285,0.09090909090909091,0.31799999999999995,0.14285714285714285,100,0.003,0,,,,,,,,,,,,
mass_coup,0.7,0,15.850695610046387,6.725400924682617,24.569957733154297,11.382296562194824,15.096339225769043,19.014223098754883,61,13.7,STGAT,cases,orig,linear1,mass,repeat,explicit,open,flow,mse,0.09999999999999999,0.14285714285714285,0.09090909090909091,0.31799999999999995,0.14285714285714285,100,0.003,0,,,,,,,,,,,,
mass_coup,0.7,1,15.834351539611816,6.721428394317627,24.56804847717285,11.380935668945312,15.076337814331055,19.014223098754883,61,13.8,STGAT,cases,orig,linear1,mass,repeat,explicit,open,flow,mse,0.09999999999999999,0.14285714285714285,0.09090909090909091,0.31799999999999995,0.14285714285714285,100,0.003,0,,,,,,,,,,,,
mass_coup,0.7,2,15.860085487365723,6.728129863739014,24.576557159423828,11.389992713928223,15.09327507019043,19.014223098754883,61,13.9,STGAT,cases,orig,linear1,mass,repeat,explicit,open,flow,mse,0.09999999999999999,0.14285714285714285,0.09090909090909091,0.31799999999999995,0.14285714285714285,100,0.003,0,,,,,,,,,,,,
mass_coup,0.85,0,24.031036376953125,14.660661697387695,60.71013641357422,26.771190643310547,36.20051574707031,50.54822540283203,61,14.5,STGAT,cases,orig,linear1,mass,repeat,explicit,open,flow,mse,0.09999999999999999,0.14285714285714285,0.09090909090909091,0.31799999999999995,0.14285714285714285,100,0.003,0,,,,,,,,,,,,
mass_coup,0.85,1,24.029708862304688,14.658632278442383,60.71394729614258,26.771831512451172,36.169700622558594,50.54822540283203,61,14.3,STGAT,cases,orig,linear1,mass,repeat,explicit,open,flow,mse,0.09999999999999999,0.14285714285714285,0.09090909090909091,0.31799999999999995,0.14285714285714285,100,0.003,0,,,,,,,,,,,,
mass_coup,0.85,2,24.050132751464844,14.675457954406738,60.71183776855469,26.78240203857422,36.20743942260742,50.54822540283203,61,14.5,STGAT,cases,orig,linear1,mass,repeat,explicit,open,flow,mse,0.09999999999999999,0.14285714285714285,0.09090909090909091,0.31799999999999995,0.14285714285714285,100,0.003,0,,,,,,,,,,,,
mass_norm,0.55,0,32.1495475769043,14.911711692810059,59.47657775878906,21.97296905517578,43.354698181152344,51.89012145996094,61,11.7,STGAT,cases,train_only,linear1,mass,repeat,implicit,open,flow,mse,0.09999999999999999,0.14285714285714285,0.09090909090909091,0.31799999999999995,0.14285714285714285,100,0.003,0,,,,,,,,,,,,
mass_norm,0.55,1,32.159996032714844,14.908188819885254,59.49824905395508,21.972585678100586,43.327205657958984,51.89012145996094,61,11.7,STGAT,cases,train_only,linear1,mass,repeat,implicit,open,flow,mse,0.09999999999999999,0.14285714285714285,0.09090909090909091,0.31799999999999995,0.14285714285714285,100,0.003,0,,,,,,,,,,,,
mass_norm,0.55,2,32.134708404541016,14.91220474243164,59.515506744384766,21.998245239257812,43.32499313354492,51.89012145996094,61,11.9,STGAT,cases,train_only,linear1,mass,repeat,implicit,open,flow,mse,0.09999999999999999,0.14285714285714285,0.09090909090909091,0.31799999999999995,0.14285714285714285,100,0.003,0,,,,,,,,,,,,
mass_norm,0.7,0,15.863107681274414,6.7020158767700195,24.588855743408203,11.36453628540039,14.88222885131836,19.014223098754883,61,12.2,STGAT,cases,train_only,linear1,mass,repeat,implicit,open,flow,mse,0.09999999999999999,0.14285714285714285,0.09090909090909091,0.31799999999999995,0.14285714285714285,100,0.003,0,,,,,,,,,,,,
mass_norm,0.7,1,15.846297264099121,6.69816255569458,24.587018966674805,11.36317253112793,14.863724708557129,19.014223098754883,61,12.2,STGAT,cases,train_only,linear1,mass,repeat,implicit,open,flow,mse,0.09999999999999999,0.14285714285714285,0.09090909090909091,0.31799999999999995,0.14285714285714285,100,0.003,0,,,,,,,,,,,,
mass_norm,0.7,2,15.852417945861816,6.694565773010254,24.603397369384766,11.38086223602295,14.835919380187988,19.014223098754883,100,20.5,STGAT,cases,train_only,linear1,mass,repeat,implicit,open,flow,mse,0.09999999999999999,0.14285714285714285,0.09090909090909091,0.31799999999999995,0.14285714285714285,100,0.003,0,,,,,,,,,,,,
mass_proj,0.55,1,32.147857666015625,14.912286758422852,59.45750427246094,21.968137741088867,43.409210205078125,51.89012145996094,61,12.3,STGAT,cases,orig,mlp,mass,repeat,implicit,open,flow,mse,0.09999999999999999,0.14285714285714285,0.09090909090909091,0.31799999999999995,0.14285714285714285,100,0.003,16,,,,,,,,,,,,
mass_proj,0.55,0,32.125328063964844,14.896479606628418,59.44948196411133,21.958805084228516,43.3673210144043,51.89012145996094,61,12.4,STGAT,cases,orig,mlp,mass,repeat,implicit,open,flow,mse,0.09999999999999999,0.14285714285714285,0.09090909090909091,0.31799999999999995,0.14285714285714285,100,0.003,16,,,,,,,,,,,,
mass_norm,0.85,2,24.073488235473633,14.655447959899902,60.68401336669922,26.738985061645508,35.29845428466797,50.54822540283203,85,19.4,STGAT,cases,train_only,linear1,mass,repeat,implicit,open,flow,mse,0.09999999999999999,0.14285714285714285,0.09090909090909091,0.31799999999999995,0.14285714285714285,100,0.003,0,,,,,,,,,,,,
mass_norm,0.85,1,24.054092407226562,14.63339614868164,60.589012145996094,26.71462059020996,35.15949249267578,50.54822540283203,88,20.4,STGAT,cases,train_only,linear1,mass,repeat,implicit,open,flow,mse,0.09999999999999999,0.14285714285714285,0.09090909090909091,0.31799999999999995,0.14285714285714285,100,0.003,0,,,,,,,,,,,,
mass_norm,0.85,0,23.88744354248047,14.476612091064453,59.916168212890625,26.460920333862305,35.065269470214844,50.54822540283203,100,22.7,STGAT,cases,train_only,linear1,mass,repeat,implicit,open,flow,mse,0.09999999999999999,0.14285714285714285,0.09090909090909091,0.31799999999999995,0.14285714285714285,100,0.003,0,,,,,,,,,,,,
mass_proj,0.55,2,32.175357818603516,14.920661926269531,59.528114318847656,21.988651275634766,43.30501937866211,51.89012145996094,61,12.5,STGAT,cases,orig,mlp,mass,repeat,implicit,open,flow,mse,0.09999999999999999,0.14285714285714285,0.09090909090909091,0.31799999999999995,0.14285714285714285,100,0.003,16,,,,,,,,,,,,
mass_proj,0.7,1,15.83397102355957,6.694937705993652,24.588062286376953,11.365068435668945,14.890877723693848,19.014223098754883,61,13.4,STGAT,cases,orig,mlp,mass,repeat,implicit,open,flow,mse,0.09999999999999999,0.14285714285714285,0.09090909090909091,0.31799999999999995,0.14285714285714285,100,0.003,16,,,,,,,,,,,,
mass_proj,0.7,0,15.844127655029297,6.694492340087891,24.586210250854492,11.363809585571289,14.880783081054688,19.014223098754883,61,13.6,STGAT,cases,orig,mlp,mass,repeat,implicit,open,flow,mse,0.09999999999999999,0.14285714285714285,0.09090909090909091,0.31799999999999995,0.14285714285714285,100,0.003,16,,,,,,,,,,,,
mass_proj,0.7,2,15.856505393981934,6.700809955596924,24.592647552490234,11.368135452270508,14.868623733520508,19.014223098754883,61,13.3,STGAT,cases,orig,mlp,mass,repeat,implicit,open,flow,mse,0.09999999999999999,0.14285714285714285,0.09090909090909091,0.31799999999999995,0.14285714285714285,100,0.003,16,,,,,,,,,,,,
mass_proj,0.85,0,24.062339782714844,14.644804000854492,60.738365173339844,26.741525650024414,35.780517578125,50.54822540283203,61,14.6,STGAT,cases,orig,mlp,mass,repeat,implicit,open,flow,mse,0.09999999999999999,0.14285714285714285,0.09090909090909091,0.31799999999999995,0.14285714285714285,100,0.003,16,,,,,,,,,,,,
mass_proj,0.85,1,24.06403160095215,14.645574569702148,60.739044189453125,26.742408752441406,35.803077697753906,50.54822540283203,61,14.5,STGAT,cases,orig,mlp,mass,repeat,implicit,open,flow,mse,0.09999999999999999,0.14285714285714285,0.09090909090909091,0.31799999999999995,0.14285714285714285,100,0.003,16,,,,,,,,,,,,
mass_proj,0.85,2,24.06964874267578,14.650229454040527,60.76483917236328,26.75843048095703,35.76314926147461,50.54822540283203,61,14.5,STGAT,cases,orig,mlp,mass,repeat,implicit,open,flow,mse,0.09999999999999999,0.14285714285714285,0.09090909090909091,0.31799999999999995,0.14285714285714285,100,0.003,16,,,,,,,,,,,,
mass_rates,0.55,1,37.914493560791016,17.33727264404297,70.57777404785156,25.920570373535156,35.677459716796875,51.89012145996094,73,14.1,STGAT,cases,orig,linear1,mass,repeat,implicit,open,flow,mse,0.1694915254237288,0.22222222222222224,0.09090909090909091,0.31799999999999995,0.14285714285714285,100,0.003,0,,,,,,,,,,,,
mass_rates,0.55,0,37.86381149291992,17.328411102294922,70.54682922363281,25.982280731201172,35.22608947753906,51.89012145996094,76,14.5,STGAT,cases,orig,linear1,mass,repeat,implicit,open,flow,mse,0.1694915254237288,0.22222222222222224,0.09090909090909091,0.31799999999999995,0.14285714285714285,100,0.003,0,,,,,,,,,,,,
mass_rates,0.55,2,37.921566009521484,17.364315032958984,70.59705352783203,26.038978576660156,35.096923828125,51.89012145996094,76,14.7,STGAT,cases,orig,linear1,mass,repeat,implicit,open,flow,mse,0.1694915254237288,0.22222222222222224,0.09090909090909091,0.31799999999999995,0.14285714285714285,100,0.003,0,,,,,,,,,,,,
mass_rates,0.7,0,17.557279586791992,7.439265727996826,26.528295516967773,12.164205551147461,12.293048858642578,19.014223098754883,73,14.7,STGAT,cases,orig,linear1,mass,repeat,implicit,open,flow,mse,0.1694915254237288,0.22222222222222224,0.09090909090909091,0.31799999999999995,0.14285714285714285,100,0.003,0,,,,,,,,,,,,
mass_rates,0.7,1,17.52696990966797,7.432620525360107,26.521076202392578,12.164521217346191,12.338892936706543,19.014223098754883,73,14.8,STGAT,cases,orig,linear1,mass,repeat,implicit,open,flow,mse,0.1694915254237288,0.22222222222222224,0.09090909090909091,0.31799999999999995,0.14285714285714285,100,0.003,0,,,,,,,,,,,,
mass_rates,0.7,2,17.632362365722656,7.46605920791626,26.497777938842773,12.135889053344727,12.639547348022461,19.014223098754883,70,14.5,STGAT,cases,orig,linear1,mass,repeat,implicit,open,flow,mse,0.1694915254237288,0.22222222222222224,0.09090909090909091,0.31799999999999995,0.14285714285714285,100,0.003,0,,,,,,,,,,,,
mass_rates,0.85,1,25.45858383178711,15.507763862609863,68.23851776123047,30.49101448059082,30.246694564819336,50.54822540283203,64,14.6,STGAT,cases,orig,linear1,mass,repeat,implicit,open,flow,mse,0.1694915254237288,0.22222222222222224,0.09090909090909091,0.31799999999999995,0.14285714285714285,100,0.003,0,,,,,,,,,,,,
mass_rates,0.85,0,25.448711395263672,15.501578330993652,68.1871337890625,30.470754623413086,30.257492065429688,50.54822540283203,67,15.3,STGAT,cases,orig,linear1,mass,repeat,implicit,open,flow,mse,0.1694915254237288,0.22222222222222224,0.09090909090909091,0.31799999999999995,0.14285714285714285,100,0.003,0,,,,,,,,,,,,
mass_rates,0.85,2,25.465862274169922,15.512489318847656,68.1715316772461,30.476499557495117,30.264616012573242,50.54822540283203,67,14.5,STGAT,cases,orig,linear1,mass,repeat,implicit,open,flow,mse,0.1694915254237288,0.22222222222222224,0.09090909090909091,0.31799999999999995,0.14285714285714285,100,0.003,0,,,,,,,,,,,,
sim_closed,0.55,0,33.2756233215332,15.438200950622559,61.66516876220703,22.87990379333496,41.408477783203125,51.89012145996094,61,14.3,STGAT,cases,orig,linear1,mass,repeat,implicit,closed,flow,mse,0.09999999999999999,0.14285714285714285,0.09090909090909091,0.31799999999999995,0.14285714285714285,100,0.003,0,,,,,,,,,,,,
sim_closed,0.55,1,33.28937530517578,15.438520431518555,61.68372344970703,22.883291244506836,41.380428314208984,51.89012145996094,61,14.0,STGAT,cases,orig,linear1,mass,repeat,implicit,closed,flow,mse,0.09999999999999999,0.14285714285714285,0.09090909090909091,0.31799999999999995,0.14285714285714285,100,0.003,0,,,,,,,,,,,,
sim_closed,0.55,2,33.274681091308594,15.448410034179688,61.707237243652344,22.907690048217773,41.382415771484375,51.89012145996094,61,14.0,STGAT,cases,orig,linear1,mass,repeat,implicit,closed,flow,mse,0.09999999999999999,0.14285714285714285,0.09090909090909091,0.31799999999999995,0.14285714285714285,100,0.003,0,,,,,,,,,,,,
sim_closed,0.7,0,16.401477813720703,6.883596420288086,24.971235275268555,11.588521957397461,14.236104011535645,19.014223098754883,61,15.4,STGAT,cases,orig,linear1,mass,repeat,implicit,closed,flow,mse,0.09999999999999999,0.14285714285714285,0.09090909090909091,0.31799999999999995,0.14285714285714285,100,0.003,0,,,,,,,,,,,,
sim_closed,0.7,1,16.387731552124023,6.880434989929199,24.97121238708496,11.588417053222656,14.217839241027832,19.014223098754883,61,15.1,STGAT,cases,orig,linear1,mass,repeat,implicit,closed,flow,mse,0.09999999999999999,0.14285714285714285,0.09090909090909091,0.31799999999999995,0.14285714285714285,100,0.003,0,,,,,,,,,,,,
sim_closed,0.7,2,16.412891387939453,6.886972427368164,24.977386474609375,11.596297264099121,14.235147476196289,19.014223098754883,61,14.3,STGAT,cases,orig,linear1,mass,repeat,implicit,closed,flow,mse,0.09999999999999999,0.14285714285714285,0.09090909090909091,0.31799999999999995,0.14285714285714285,100,0.003,0,,,,,,,,,,,,
sim_closed,0.85,0,24.600502014160156,14.980100631713867,61.578277587890625,27.31000328063965,34.544803619384766,50.54822540283203,61,15.0,STGAT,cases,orig,linear1,mass,repeat,implicit,closed,flow,mse,0.09999999999999999,0.14285714285714285,0.09090909090909091,0.31799999999999995,0.14285714285714285,100,0.003,0,,,,,,,,,,,,
sim_closed,0.85,1,24.60115623474121,14.97937297821045,61.582252502441406,27.313003540039062,34.518009185791016,50.54822540283203,61,14.5,STGAT,cases,orig,linear1,mass,repeat,implicit,closed,flow,mse,0.09999999999999999,0.14285714285714285,0.09090909090909091,0.31799999999999995,0.14285714285714285,100,0.003,0,,,,,,,,,,,,
sim_closed,0.85,2,24.61855697631836,14.9950590133667,61.578460693359375,27.32009506225586,34.55458450317383,50.54822540283203,61,14.3,STGAT,cases,orig,linear1,mass,repeat,implicit,closed,flow,mse,0.09999999999999999,0.14285714285714285,0.09090909090909091,0.31799999999999995,0.14285714285714285,100,0.003,0,,,,,,,,,,,,
mass_s_nodep,0.55,1,22.18234634399414,12.08158016204834,44.072879791259766,19.05345916748047,52.39903259277344,51.89012145996094,88,21.1,STGAT,cases,orig,linear1,mass,repeat,implicit,open,flow,mse,0.09999999999999999,0.14285714285714285,0.09090909090909091,0.31799999999999995,0.14285714285714285,100,0.003,0,0.0,False,False,,,,,,,,,
mass_s_nodep,0.7,1,12.794173240661621,5.833714485168457,22.731218338012695,10.538481712341309,19.307315826416016,19.014223098754883,85,21.1,STGAT,cases,orig,linear1,mass,repeat,implicit,open,flow,mse,0.09999999999999999,0.14285714285714285,0.09090909090909091,0.31799999999999995,0.14285714285714285,100,0.003,0,0.0,False,False,,,,,,,,,
mass_s_nodep,0.55,2,22.174503326416016,12.092644691467285,44.07783889770508,19.05976104736328,52.559261322021484,51.89012145996094,88,21.2,STGAT,cases,orig,linear1,mass,repeat,implicit,open,flow,mse,0.09999999999999999,0.14285714285714285,0.09090909090909091,0.31799999999999995,0.14285714285714285,100,0.003,0,0.0,False,False,,,,,,,,,
mass_s_nodep,0.55,0,22.166194915771484,12.093260765075684,44.086124420166016,19.1145076751709,52.81502914428711,51.89012145996094,91,22.0,STGAT,cases,orig,linear1,mass,repeat,implicit,open,flow,mse,0.09999999999999999,0.14285714285714285,0.09090909090909091,0.31799999999999995,0.14285714285714285,100,0.003,0,0.0,False,False,,,,,,,,,
mass_s_nodep,0.7,0,12.774967193603516,5.728516578674316,22.541133880615234,10.466045379638672,18.522663116455078,19.014223098754883,100,24.3,STGAT,cases,orig,linear1,mass,repeat,implicit,open,flow,mse,0.09999999999999999,0.14285714285714285,0.09090909090909091,0.31799999999999995,0.14285714285714285,100,0.003,0,0.0,False,False,,,,,,,,,
mass_s_nodep,0.7,2,12.783616065979004,5.744157314300537,22.545259475708008,10.467042922973633,18.529264450073242,19.014223098754883,100,24.5,STGAT,cases,orig,linear1,mass,repeat,implicit,open,flow,mse,0.09999999999999999,0.14285714285714285,0.09090909090909091,0.31799999999999995,0.14285714285714285,100,0.003,0,0.0,False,False,,,,,,,,,
mass_s_partial,0.55,0,22.425546646118164,12.117162704467773,44.183841705322266,18.73174285888672,50.45323181152344,51.89012145996094,88,17.2,STGAT,cases,orig,linear1,mass,repeat,implicit,open,flow,mse,0.09999999999999999,0.14285714285714285,0.09090909090909091,0.31799999999999995,0.14285714285714285,100,0.003,0,0.25,False,False,,,,,,,,,
mass_s_nodep,0.85,0,22.87681007385254,13.704328536987305,49.05045700073242,22.084138870239258,46.01627731323242,50.54822540283203,82,18.3,STGAT,cases,orig,linear1,mass,repeat,implicit,open,flow,mse,0.09999999999999999,0.14285714285714285,0.09090909090909091,0.31799999999999995,0.14285714285714285,100,0.003,0,0.0,False,False,,,,,,,,,
mass_s_partial,0.55,1,22.38736915588379,12.099386215209961,44.138946533203125,18.682008743286133,50.84630584716797,51.89012145996094,85,16.4,STGAT,cases,orig,linear1,mass,repeat,implicit,open,flow,mse,0.09999999999999999,0.14285714285714285,0.09090909090909091,0.31799999999999995,0.14285714285714285,100,0.003,0,0.25,False,False,,,,,,,,,
mass_s_partial,0.55,2,22.311416625976562,12.078892707824707,44.01901626586914,18.675291061401367,50.865562438964844,51.89012145996094,85,16.6,STGAT,cases,orig,linear1,mass,repeat,implicit,open,flow,mse,0.09999999999999999,0.14285714285714285,0.09090909090909091,0.31799999999999995,0.14285714285714285,100,0.003,0,0.25,False,False,,,,,,,,,
mass_s_nodep,0.85,2,22.938148498535156,13.575897216796875,48.270999908447266,21.86919403076172,48.090091705322266,50.54822540283203,100,22.2,STGAT,cases,orig,linear1,mass,repeat,implicit,open,flow,mse,0.09999999999999999,0.14285714285714285,0.09090909090909091,0.31799999999999995,0.14285714285714285,100,0.003,0,0.0,False,False,,,,,,,,,
mass_s_nodep,0.85,1,22.933025360107422,13.564091682434082,48.24094009399414,21.855304718017578,48.11045455932617,50.54822540283203,100,22.5,STGAT,cases,orig,linear1,mass,repeat,implicit,open,flow,mse,0.09999999999999999,0.14285714285714285,0.09090909090909091,0.31799999999999995,0.14285714285714285,100,0.003,0,0.0,False,False,,,,,,,,,
mass_s_partial,0.7,1,12.950224876403809,5.751674652099609,22.3336181640625,10.507054328918457,18.489591598510742,19.014223098754883,82,17.8,STGAT,cases,orig,linear1,mass,repeat,implicit,open,flow,mse,0.09999999999999999,0.14285714285714285,0.09090909090909091,0.31799999999999995,0.14285714285714285,100,0.003,0,0.25,False,False,,,,,,,,,
mass_s_partial,0.7,0,12.979496002197266,5.711716175079346,22.317829132080078,10.479596138000488,17.924034118652344,19.014223098754883,88,18.8,STGAT,cases,orig,linear1,mass,repeat,implicit,open,flow,mse,0.09999999999999999,0.14285714285714285,0.09090909090909091,0.31799999999999995,0.14285714285714285,100,0.003,0,0.25,False,False,,,,,,,,,
mass_s_partial,0.7,2,12.940333366394043,5.733451843261719,22.362224578857422,10.490594863891602,18.36760902404785,19.014223098754883,85,18.7,STGAT,cases,orig,linear1,mass,repeat,implicit,open,flow,mse,0.09999999999999999,0.14285714285714285,0.09090909090909091,0.31799999999999995,0.14285714285714285,100,0.003,0,0.25,False,False,,,,,,,,,
mass_s_partial,0.85,0,22.841718673706055,13.590353012084961,49.06398391723633,21.879467010498047,45.155155181884766,50.54822540283203,100,23.4,STGAT,cases,orig,linear1,mass,repeat,implicit,open,flow,mse,0.09999999999999999,0.14285714285714285,0.09090909090909091,0.31799999999999995,0.14285714285714285,100,0.003,0,0.25,False,False,,,,,,,,,
mass_s_partial,0.85,1,22.839378356933594,13.58131217956543,48.969276428222656,21.863550186157227,45.1910400390625,50.54822540283203,100,23.1,STGAT,cases,orig,linear1,mass,repeat,implicit,open,flow,mse,0.09999999999999999,0.14285714285714285,0.09090909090909091,0.31799999999999995,0.14285714285714285,100,0.003,0,0.25,False,False,,,,,,,,,
mass_s_partial,0.85,2,22.839996337890625,13.583559036254883,48.9962272644043,21.866371154785156,45.16043472290039,50.54822540283203,100,23.2,STGAT,cases,orig,linear1,mass,repeat,implicit,open,flow,mse,0.09999999999999999,0.14285714285714285,0.09090909090909091,0.31799999999999995,0.14285714285714285,100,0.003,0,0.25,False,False,,,,,,,,,
mass_s0_high,0.55,0,25.213075637817383,14.141725540161133,51.464332580566406,21.73198127746582,54.71521759033203,51.89012145996094,73,14.2,STGAT,cases,orig,linear1,mass,repeat,implicit,open,flow,mse,0.09999999999999999,0.14285714285714285,0.09090909090909091,0.486,0.14285714285714285,100,0.003,0,1.0,False,False,,,,,,,,,
mass_s0_high,0.55,2,25.568592071533203,15.074616432189941,52.26835632324219,23.071348190307617,58.50060272216797,51.89012145996094,70,13.7,STGAT,cases,orig,linear1,mass,repeat,implicit,open,flow,mse,0.09999999999999999,0.14285714285714285,0.09090909090909091,0.486,0.14285714285714285,100,0.003,0,1.0,False,False,,,,,,,,,
mass_s0_high,0.55,1,25.619884490966797,12.958722114562988,52.489383697509766,20.273714065551758,44.71128463745117,51.89012145996094,88,17.1,STGAT,cases,orig,linear1,mass,repeat,implicit,open,flow,mse,0.09999999999999999,0.14285714285714285,0.09090909090909091,0.486,0.14285714285714285,100,0.003,0,1.0,False,False,,,,,,,,,
mass_s0_high,0.7,0,14.242761611938477,6.4845476150512695,23.553722381591797,11.332914352416992,18.816221237182617,19.014223098754883,73,15.1,STGAT,cases,orig,linear1,mass,repeat,implicit,open,flow,mse,0.09999999999999999,0.14285714285714285,0.09090909090909091,0.486,0.14285714285714285,100,0.003,0,1.0,False,False,,,,,,,,,
mass_s0_high,0.7,1,14.111749649047852,6.408438205718994,23.470571517944336,11.285592079162598,18.656307220458984,19.014223098754883,73,14.9,STGAT,cases,orig,linear1,mass,repeat,implicit,open,flow,mse,0.09999999999999999,0.14285714285714285,0.09090909090909091,0.486,0.14285714285714285,100,0.003,0,1.0,False,False,,,,,,,,,
mass_s0_high,0.7,2,14.185677528381348,6.359254837036133,23.52911376953125,11.245368003845215,18.210046768188477,19.014223098754883,73,15.4,STGAT,cases,orig,linear1,mass,repeat,implicit,open,flow,mse,0.09999999999999999,0.14285714285714285,0.09090909090909091,0.486,0.14285714285714285,100,0.003,0,1.0,False,False,,,,,,,,,
mass_s0_high,0.85,0,23.582881927490234,14.260059356689453,58.36134719848633,25.060903549194336,37.79634094238281,50.54822540283203,91,20.7,STGAT,cases,orig,linear1,mass,repeat,implicit,open,flow,mse,0.09999999999999999,0.14285714285714285,0.09090909090909091,0.486,0.14285714285714285,100,0.003,0,1.0,False,False,,,,,,,,,
mass_s0_high,0.85,1,23.52756118774414,14.252449989318848,58.30427551269531,25.034069061279297,38.997108459472656,50.54822540283203,85,19.4,STGAT,cases,orig,linear1,mass,repeat,implicit,open,flow,mse,0.09999999999999999,0.14285714285714285,0.09090909090909091,0.486,0.14285714285714285,100,0.003,0,1.0,False,False,,,,,,,,,
mass_s0_high,0.85,2,23.539825439453125,14.239213943481445,58.3425178527832,25.04465675354004,38.574214935302734,50.54822540283203,85,19.2,STGAT,cases,orig,linear1,mass,repeat,implicit,open,flow,mse,0.09999999999999999,0.14285714285714285,0.09090909090909091,0.486,0.14285714285714285,100,0.003,0,1.0,False,False,,,,,,,,,
mass_s0_low,0.55,0,29.099956512451172,15.03003978729248,55.75708770751953,22.317279815673828,38.90676498413086,51.89012145996094,94,18.2,STGAT,cases,orig,linear1,mass,repeat,implicit,open,flow,mse,0.09999999999999999,0.14285714285714285,0.09090909090909091,0.09199999999999997,0.14285714285714285,100,0.003,0,1.0,False,False,,,,,,,,,
mass_s0_low,0.55,1,29.178123474121094,15.109066009521484,55.810943603515625,22.40814208984375,38.74495315551758,51.89012145996094,91,17.5,STGAT,cases,orig,linear1,mass,repeat,implicit,open,flow,mse,0.09999999999999999,0.14285714285714285,0.09090909090909091,0.09199999999999997,0.14285714285714285,100,0.003,0,1.0,False,False,,,,,,,,,
mass_s0_low,0.55,2,29.15105438232422,15.016109466552734,55.8505973815918,22.33350944519043,38.905250549316406,51.89012145996094,91,17.4,STGAT,cases,orig,linear1,mass,repeat,implicit,open,flow,mse,0.09999999999999999,0.14285714285714285,0.09090909090909091,0.09199999999999997,0.14285714285714285,100,0.003,0,1.0,False,False,,,,,,,,,
mass_s0_low,0.7,1,14.719873428344727,6.171468734741211,23.499052047729492,11.109888076782227,14.133773803710938,19.014223098754883,97,20.0,STGAT,cases,orig,linear1,mass,repeat,implicit,open,flow,mse,0.09999999999999999,0.14285714285714285,0.09090909090909091,0.09199999999999997,0.14285714285714285,100,0.003,0,1.0,False,False,,,,,,,,,
mass_s0_low,0.7,0,14.696218490600586,6.154600620269775,23.45804214477539,11.091209411621094,14.184338569641113,19.014223098754883,100,21.1,STGAT,cases,orig,linear1,mass,repeat,implicit,open,flow,mse,0.09999999999999999,0.14285714285714285,0.09090909090909091,0.09199999999999997,0.14285714285714285,100,0.003,0,1.0,False,False,,,,,,,,,
mass_s0_low,0.7,2,14.658019065856934,6.150781631469727,23.35939598083496,11.083645820617676,14.223464012145996,19.014223098754883,97,20.4,STGAT,cases,orig,linear1,mass,repeat,implicit,open,flow,mse,0.09999999999999999,0.14285714285714285,0.09090909090909091,0.09199999999999997,0.14285714285714285,100,0.003,0,1.0,False,False,,,,,,,,,
mass_s0_low,0.85,0,23.9591007232666,14.563220024108887,53.7459716796875,24.333663940429688,37.18403244018555,50.54822540283203,97,22.6,STGAT,cases,orig,linear1,mass,repeat,implicit,open,flow,mse,0.09999999999999999,0.14285714285714285,0.09090909090909091,0.09199999999999997,0.14285714285714285,100,0.003,0,1.0,False,False,,,,,,,,,
mass_s0_low,0.85,2,23.947233200073242,14.543685913085938,53.77260208129883,24.34600830078125,37.157989501953125,50.54822540283203,94,21.7,STGAT,cases,orig,linear1,mass,repeat,implicit,open,flow,mse,0.09999999999999999,0.14285714285714285,0.09090909090909091,0.09199999999999997,0.14285714285714285,100,0.003,0,1.0,False,False,,,,,,,,,
mass_s0_low,0.85,1,23.981409072875977,14.573651313781738,53.874183654785156,24.480070114135742,36.90217971801758,50.54822540283203,100,23.0,STGAT,cases,orig,linear1,mass,repeat,implicit,open,flow,mse,0.09999999999999999,0.14285714285714285,0.09090909090909091,0.09199999999999997,0.14285714285714285,100,0.003,0,1.0,False,False,,,,,,,,,
mass_rho25,0.55,1,22.339004516601562,12.106104850769043,44.008323669433594,18.73800277709961,51.409217834472656,51.89012145996094,85,16.1,STGAT,cases,orig,linear1,mass,repeat,implicit,open,flow,mse,0.09999999999999999,0.14285714285714285,0.4,0.31799999999999995,0.14285714285714285,100,0.003,0,1.0,False,False,,,,,,,,,
mass_rho25,0.55,0,22.341737747192383,12.114152908325195,44.030147552490234,18.730634689331055,50.660316467285156,51.89012145996094,88,16.8,STGAT,cases,orig,linear1,mass,repeat,implicit,open,flow,mse,0.09999999999999999,0.14285714285714285,0.4,0.31799999999999995,0.14285714285714285,100,0.003,0,1.0,False,False,,,,,,,,,
mass_rho25,0.55,2,22.324054718017578,12.085347175598145,43.9924430847168,18.710866928100586,50.940338134765625,51.89012145996094,85,16.3,STGAT,cases,orig,linear1,mass,repeat,implicit,open,flow,mse,0.09999999999999999,0.14285714285714285,0.4,0.31799999999999995,0.14285714285714285,100,0.003,0,1.0,False,False,,,,,,,,,
mass_rho25,0.7,1,12.935171127319336,5.751796245574951,22.34325408935547,10.510048866271973,18.5268497467041,19.014223098754883,82,17.0,STGAT,cases,orig,linear1,mass,repeat,implicit,open,flow,mse,0.09999999999999999,0.14285714285714285,0.4,0.31799999999999995,0.14285714285714285,100,0.003,0,1.0,False,False,,,,,,,,,
mass_rho25,0.7,0,12.940113067626953,5.719188213348389,22.33048439025879,10.48287296295166,18.054359436035156,19.014223098754883,88,17.9,STGAT,cases,orig,linear1,mass,repeat,implicit,open,flow,mse,0.09999999999999999,0.14285714285714285,0.4,0.31799999999999995,0.14285714285714285,100,0.003,0,1.0,False,False,,,,,,,,,
mass_rho25,0.7,2,12.932181358337402,5.692258358001709,22.328678131103516,10.45904541015625,17.90497398376465,19.014223098754883,97,20.0,STGAT,cases,orig,linear1,mass,repeat,implicit,open,flow,mse,0.09999999999999999,0.14285714285714285,0.4,0.31799999999999995,0.14285714285714285,100,0.003,0,1.0,False,False,,,,,,,,,
mass_rho25,0.85,0,22.83868980407715,13.577330589294434,48.74714660644531,21.81854248046875,45.73866271972656,50.54822540283203,100,22.8,STGAT,cases,orig,linear1,mass,repeat,implicit,open,flow,mse,0.09999999999999999,0.14285714285714285,0.4,0.31799999999999995,0.14285714285714285,100,0.003,0,1.0,False,False,,,,,,,,,
mass_rho25,0.85,1,22.84139060974121,13.584301948547363,48.89562225341797,21.862436294555664,45.21022415161133,50.54822540283203,100,22.6,STGAT,cases,orig,linear1,mass,repeat,implicit,open,flow,mse,0.09999999999999999,0.14285714285714285,0.4,0.31799999999999995,0.14285714285714285,100,0.003,0,1.0,False,False,,,,,,,,,
mass_rho30,0.55,0,35.91570281982422,18.11286163330078,66.49089813232422,26.101198196411133,33.07685089111328,51.89012145996094,76,14.7,STGAT,cases,orig,linear1,mass,repeat,implicit,open,flow,mse,0.09999999999999999,0.14285714285714285,0.03333333333333333,0.31799999999999995,0.14285714285714285,100,0.003,0,1.0,False,False,,,,,,,,,
mass_rho30,0.55,1,35.79840087890625,18.080482482910156,66.33501434326172,26.07073211669922,33.12722396850586,51.89012145996094,76,14.9,STGAT,cases,orig,linear1,mass,repeat,implicit,open,flow,mse,0.09999999999999999,0.14285714285714285,0.03333333333333333,0.31799999999999995,0.14285714285714285,100,0.003,0,1.0,False,False,,,,,,,,,
mass_rho25,0.85,2,22.84736442565918,13.59077262878418,48.926719665527344,21.871807098388672,45.11930465698242,50.54822540283203,100,22.5,STGAT,cases,orig,linear1,mass,repeat,implicit,open,flow,mse,0.09999999999999999,0.14285714285714285,0.4,0.31799999999999995,0.14285714285714285,100,0.003,0,1.0,False,False,,,,,,,,,
mass_rho30,0.55,2,35.81143569946289,18.099895477294922,66.37572479248047,26.092893600463867,33.15178298950195,51.89012145996094,76,14.9,STGAT,cases,orig,linear1,mass,repeat,implicit,open,flow,mse,0.09999999999999999,0.14285714285714285,0.03333333333333333,0.31799999999999995,0.14285714285714285,100,0.003,0,1.0,False,False,,,,,,,,,
mass_rho30,0.7,0,17.008289337158203,7.134347438812256,25.429489135742188,12.083826065063477,11.779930114746094,19.014223098754883,79,17.1,STGAT,cases,orig,linear1,mass,repeat,implicit,open,flow,mse,0.09999999999999999,0.14285714285714285,0.03333333333333333,0.31799999999999995,0.14285714285714285,100,0.003,0,1.0,False,False,,,,,,,,,
mass_rho30,0.85,1,25.90024757385254,15.93056583404541,61.06206512451172,28.22015953063965,30.72260856628418,50.54822540283203,76,17.8,STGAT,cases,orig,linear1,mass,repeat,implicit,open,flow,mse,0.09999999999999999,0.14285714285714285,0.03333333333333333,0.31799999999999995,0.14285714285714285,100,0.003,0,1.0,False,False,,,,,,,,,
mass_rho30,0.85,0,25.860326766967773,15.911248207092285,61.03022766113281,28.182235717773438,30.751840591430664,50.54822540283203,79,18.4,STGAT,cases,orig,linear1,mass,repeat,implicit,open,flow,mse,0.09999999999999999,0.14285714285714285,0.03333333333333333,0.31799999999999995,0.14285714285714285,100,0.003,0,1.0,False,False,,,,,,,,,
mass_rho30,0.7,1,17.06187629699707,7.161100387573242,25.4829158782959,12.111573219299316,11.720213890075684,19.014223098754883,91,19.6,STGAT,cases,orig,linear1,mass,repeat,implicit,open,flow,mse,0.09999999999999999,0.14285714285714285,0.03333333333333333,0.31799999999999995,0.14285714285714285,100,0.003,0,1.0,False,False,,,,,,,,,
mass_rho30,0.7,2,17.079103469848633,7.165365695953369,25.498865127563477,12.115997314453125,11.725061416625977,19.014223098754883,91,19.6,STGAT,cases,orig,linear1,mass,repeat,implicit,open,flow,mse,0.09999999999999999,0.14285714285714285,0.03333333333333333,0.31799999999999995,0.14285714285714285,100,0.003,0,1.0,False,False,,,,,,,,,
mass_rho30,0.85,2,25.87959861755371,15.917057037353516,61.04033660888672,28.1905460357666,30.79576873779297,50.54822540283203,76,17.6,STGAT,cases,orig,linear1,mass,repeat,implicit,open,flow,mse,0.09999999999999999,0.14285714285714285,0.03333333333333333,0.31799999999999995,0.14285714285714285,100,0.003,0,1.0,False,False,,,,,,,,,
mass_learn_rho,0.55,0,32.179386138916016,14.912373542785645,59.52539825439453,21.969276428222656,43.225372314453125,51.89012145996094,61,11.7,STGAT,cases,orig,linear1,mass,repeat,implicit,open,flow,mse,0.09999999999999999,0.14285714285714285,0.09090909090909091,0.31799999999999995,0.14285714285714285,100,0.003,0,1.0,True,False,0.997004508972168,,,,,,,,
mass_learn_rho,0.55,1,32.19064712524414,14.909515380859375,59.54873275756836,21.969743728637695,43.19501495361328,51.89012145996094,61,11.7,STGAT,cases,orig,linear1,mass,repeat,implicit,open,flow,mse,0.09999999999999999,0.14285714285714285,0.09090909090909091,0.31799999999999995,0.14285714285714285,100,0.003,0,1.0,True,False,0.997004508972168,,,,,,,,
mass_learn_rho,0.55,2,32.16653060913086,14.913869857788086,59.568145751953125,21.996274948120117,43.19332504272461,51.89012145996094,61,11.6,STGAT,cases,orig,linear1,mass,repeat,implicit,open,flow,mse,0.09999999999999999,0.14285714285714285,0.09090909090909091,0.31799999999999995,0.14285714285714285,100,0.003,0,1.0,True,False,0.997004508972168,,,,,,,,
mass_learn_rho,0.7,0,15.87058162689209,6.701955795288086,24.585966110229492,11.361477851867676,14.837833404541016,19.014223098754883,61,12.5,STGAT,cases,orig,linear1,mass,repeat,implicit,open,flow,mse,0.09999999999999999,0.14285714285714285,0.09090909090909091,0.31799999999999995,0.14285714285714285,100,0.003,0,1.0,True,False,0.997004508972168,,,,,,,,
mass_learn_rho,0.7,1,15.854140281677246,6.698080539703369,24.58432960510254,11.360245704650879,14.818355560302734,19.014223098754883,61,12.7,STGAT,cases,orig,linear1,mass,repeat,implicit,open,flow,mse,0.09999999999999999,0.14285714285714285,0.09090909090909091,0.31799999999999995,0.14285714285714285,100,0.003,0,1.0,True,False,0.997004508972168,,,,,,,,
mass_learn_rho,0.7,2,15.880267143249512,6.704365253448486,24.592193603515625,11.368610382080078,14.834443092346191,19.014223098754883,61,12.4,STGAT,cases,orig,linear1,mass,repeat,implicit,open,flow,mse,0.09999999999999999,0.14285714285714285,0.09090909090909091,0.31799999999999995,0.14285714285714285,100,0.003,0,1.0,True,False,0.997004508972168,,,,,,,,
mass_learn_rho,0.85,0,23.791751861572266,14.668863296508789,62.9304313659668,27.73999786376953,28.977336883544922,50.54822540283203,100,22.5,STGAT,cases,orig,linear1,mass,repeat,implicit,open,flow,mse,0.09999999999999999,0.14285714285714285,0.09090909090909091,0.31799999999999995,0.14285714285714285,100,0.003,0,1.0,True,False,0.82597416639328,,,,,,,,
mass_learn_rates,0.55,0,32.08628845214844,14.705954551696777,59.67323303222656,21.7675724029541,36.80857849121094,51.89012145996094,100,21.1,STGAT,cases,orig,linear1,mass,repeat,implicit,open,flow,mse,0.09999999999999999,0.14285714285714285,0.09090909090909091,0.31799999999999995,0.14285714285714285,100,0.003,0,1.0,False,True,,0.08144999295473099,0.17292390763759613,,,,,,
mass_learn_rho,0.85,2,23.789745330810547,14.665907859802246,62.911888122558594,27.721601486206055,29.027767181396484,50.54822540283203,100,22.4,STGAT,cases,orig,linear1,mass,repeat,implicit,open,flow,mse,0.09999999999999999,0.14285714285714285,0.09090909090909091,0.31799999999999995,0.14285714285714285,100,0.003,0,1.0,True,False,0.8274087905883789,,,,,,,,
mass_learn_rho,0.85,1,23.791179656982422,14.670706748962402,62.977264404296875,27.75479507446289,28.95297622680664,50.54822540283203,100,22.8,STGAT,cases,orig,linear1,mass,repeat,implicit,open,flow,mse,0.09999999999999999,0.14285714285714285,0.09090909090909091,0.31799999999999995,0.14285714285714285,100,0.003,0,1.0,True,False,0.8249534368515015,,,,,,,,
mass_learn_rates,0.55,1,32.088565826416016,14.694021224975586,59.66183853149414,21.741188049316406,36.641639709472656,51.89012145996094,100,21.0,STGAT,cases,orig,linear1,mass,repeat,implicit,open,flow,mse,0.09999999999999999,0.14285714285714285,0.09090909090909091,0.31799999999999995,0.14285714285714285,100,0.003,0,1.0,False,True,,0.0800686776638031,0.17567266523838043,,,,,,
mass_learn_rates,0.55,2,32.08893966674805,14.707355499267578,59.67942810058594,21.776887893676758,36.90146255493164,51.89012145996094,100,21.2,STGAT,cases,orig,linear1,mass,repeat,implicit,open,flow,mse,0.09999999999999999,0.14285714285714285,0.09090909090909091,0.31799999999999995,0.14285714285714285,100,0.003,0,1.0,False,True,,0.08222220838069916,0.17155902087688446,,,,,,
mass_learn_rates,0.7,0,15.857276916503906,6.689021110534668,24.5516357421875,11.345176696777344,14.772530555725098,19.014223098754883,64,14.6,STGAT,cases,orig,linear1,mass,repeat,implicit,open,flow,mse,0.09999999999999999,0.14285714285714285,0.09090909090909091,0.31799999999999995,0.14285714285714285,100,0.003,0,1.0,False,True,,0.09886407107114792,0.1444626897573471,,,,,,
mass_learn_rates,0.7,1,15.84188175201416,6.694352626800537,24.5761661529541,11.3580904006958,14.847877502441406,19.014223098754883,61,13.8,STGAT,cases,orig,linear1,mass,repeat,implicit,open,flow,mse,0.09999999999999999,0.14285714285714285,0.09090909090909091,0.31799999999999995,0.14285714285714285,100,0.003,0,1.0,False,True,,0.09971489757299423,0.1432569921016693,,,,,,
mass_learn_rates,0.7,2,15.867850303649902,6.700529098510742,24.584104537963867,11.36650562286377,14.863957405090332,19.014223098754883,61,13.6,STGAT,cases,orig,linear1,mass,repeat,implicit,open,flow,mse,0.09999999999999999,0.14285714285714285,0.09090909090909091,0.31799999999999995,0.14285714285714285,100,0.003,0,1.0,False,True,,0.09971489757299423,0.1432569921016693,,,,,,
mass_era5,0.55,0,32.152549743652344,14.906270980834961,59.47869873046875,21.967636108398438,43.33922576904297,51.89012145996094,61,11.8,STGAT,cases+era5,train_only,linear1,mass,repeat,implicit,open,flow,mse,0.09999999999999999,0.14285714285714285,0.09090909090909091,0.31799999999999995,0.14285714285714285,100,0.003,0,1.0,False,False,,,,,,,,,
mass_learn_rates,0.85,0,23.331174850463867,14.427177429199219,60.13474655151367,26.369691848754883,30.48192596435547,50.54822540283203,100,24.0,STGAT,cases,orig,linear1,mass,repeat,implicit,open,flow,mse,0.09999999999999999,0.14285714285714285,0.09090909090909091,0.31799999999999995,0.14285714285714285,100,0.003,0,1.0,False,True,,0.07475592195987701,0.186916321516037,,,,,,
mass_learn_rates,0.85,1,23.33016586303711,14.425698280334473,60.14170837402344,26.370168685913086,30.494367599487305,50.54822540283203,100,23.8,STGAT,cases,orig,linear1,mass,repeat,implicit,open,flow,mse,0.09999999999999999,0.14285714285714285,0.09090909090909091,0.31799999999999995,0.14285714285714285,100,0.003,0,1.0,False,True,,0.07479584217071533,0.186916321516037,,,,,,
mass_era5,0.55,1,32.14656066894531,14.896442413330078,59.457820892333984,21.96202850341797,43.3803825378418,51.89012145996094,61,11.7,STGAT,cases+era5,train_only,linear1,mass,repeat,implicit,open,flow,mse,0.09999999999999999,0.14285714285714285,0.09090909090909091,0.31799999999999995,0.14285714285714285,100,0.003,0,1.0,False,False,,,,,,,,,
mass_era5,0.55,2,32.155738830566406,14.92846393585205,59.55465316772461,22.01036834716797,43.30527114868164,51.89012145996094,61,11.7,STGAT,cases+era5,train_only,linear1,mass,repeat,implicit,open,flow,mse,0.09999999999999999,0.14285714285714285,0.09090909090909091,0.31799999999999995,0.14285714285714285,100,0.003,0,1.0,False,False,,,,,,,,,
mass_learn_rates,0.85,2,23.334604263305664,14.42844009399414,60.13145065307617,26.37102508544922,30.48175048828125,50.54822540283203,100,23.9,STGAT,cases,orig,linear1,mass,repeat,implicit,open,flow,mse,0.09999999999999999,0.14285714285714285,0.09090909090909091,0.31799999999999995,0.14285714285714285,100,0.003,0,1.0,False,True,,0.07481064647436142,0.186916321516037,,,,,,
mass_era5,0.7,0,15.585211753845215,6.57158088684082,24.530282974243164,11.30528450012207,14.799544334411621,19.014223098754883,100,22.2,STGAT,cases+era5,train_only,linear1,mass,repeat,implicit,open,flow,mse,0.09999999999999999,0.14285714285714285,0.09090909090909091,0.31799999999999995,0.14285714285714285,100,0.003,0,1.0,False,False,,,,,,,,,
mass_era5,0.7,1,15.734036445617676,6.658722877502441,24.559215545654297,11.34559440612793,14.871758460998535,19.014223098754883,100,22.1,STGAT,cases+era5,train_only,linear1,mass,repeat,implicit,open,flow,mse,0.09999999999999999,0.14285714285714285,0.09090909090909091,0.31799999999999995,0.14285714285714285,100,0.003,0,1.0,False,False,,,,,,,,,
mass_era5,0.7,2,15.599128723144531,6.553347587585449,24.542516708374023,11.34500789642334,14.562652587890625,19.014223098754883,100,21.9,STGAT,cases+era5,train_only,linear1,mass,repeat,implicit,open,flow,mse,0.09999999999999999,0.14285714285714285,0.09090909090909091,0.31799999999999995,0.14285714285714285,100,0.003,0,1.0,False,False,,,,,,,,,
mass_era5,0.85,0,23.989192962646484,14.5907621383667,60.57808303833008,26.688858032226562,35.29936981201172,50.54822540283203,100,23.4,STGAT,cases+era5,train_only,linear1,mass,repeat,implicit,open,flow,mse,0.09999999999999999,0.14285714285714285,0.09090909090909091,0.31799999999999995,0.14285714285714285,100,0.003,0,1.0,False,False,,,,,,,,,
mass_era5,0.85,1,23.9930477142334,14.59788703918457,60.566062927246094,26.667388916015625,35.46059036254883,50.54822540283203,100,23.3,STGAT,cases+era5,train_only,linear1,mass,repeat,implicit,open,flow,mse,0.09999999999999999,0.14285714285714285,0.09090909090909091,0.31799999999999995,0.14285714285714285,100,0.003,0,1.0,False,False,,,,,,,,,
mass_era5,0.85,2,24.052627563476562,14.596451759338379,60.70008087158203,26.81597900390625,34.890594482421875,50.54822540283203,100,23.5,STGAT,cases+era5,train_only,linear1,mass,repeat,implicit,open,flow,mse,0.09999999999999999,0.14285714285714285,0.09090909090909091,0.31799999999999995,0.14285714285714285,100,0.003,0,1.0,False,False,,,,,,,,,
mass_era5_mlp,0.55,1,32.09126663208008,14.865697860717773,59.38072204589844,21.92591667175293,43.385009765625,51.89012145996094,61,11.9,STGAT,cases+era5,train_only,mlp,mass,repeat,implicit,open,flow,mse,0.09999999999999999,0.14285714285714285,0.09090909090909091,0.31799999999999995,0.14285714285714285,100,0.003,16,1.0,False,False,,,,,,,,,
mass_era5_mlp,0.55,2,32.127567291259766,14.916900634765625,59.42169952392578,21.961400985717773,43.39495849609375,51.89012145996094,61,12.0,STGAT,cases+era5,train_only,mlp,mass,repeat,implicit,open,flow,mse,0.09999999999999999,0.14285714285714285,0.09090909090909091,0.31799999999999995,0.14285714285714285,100,0.003,16,1.0,False,False,,,,,,,,,
mass_era5_mlp,0.55,0,32.09830856323242,14.759848594665527,58.97431182861328,21.613252639770508,43.4184455871582,51.89012145996094,100,20.2,STGAT,cases+era5,train_only,mlp,mass,repeat,implicit,open,flow,mse,0.09999999999999999,0.14285714285714285,0.09090909090909091,0.31799999999999995,0.14285714285714285,100,0.003,16,1.0,False,False,,,,,,,,,
mass_era5_mlp,0.7,1,15.556288719177246,6.6084208488464355,24.5256404876709,11.348679542541504,15.088061332702637,19.014223098754883,100,21.7,STGAT,cases+era5,train_only,mlp,mass,repeat,implicit,open,flow,mse,0.09999999999999999,0.14285714285714285,0.09090909090909091,0.31799999999999995,0.14285714285714285,100,0.003,16,1.0,False,False,,,,,,,,,
mass_era5_mlp,0.7,0,15.724334716796875,6.663593769073486,24.528589248657227,11.350682258605957,15.0606107711792,19.014223098754883,100,21.9,STGAT,cases+era5,train_only,mlp,mass,repeat,implicit,open,flow,mse,0.09999999999999999,0.14285714285714285,0.09090909090909091,0.31799999999999995,0.14285714285714285,100,0.003,16,1.0,False,False,,,,,,,,,
mass_era5_mlp,0.7,2,15.659852981567383,6.625697612762451,24.5159912109375,11.325946807861328,15.048783302307129,19.014223098754883,100,21.6,STGAT,cases+era5,train_only,mlp,mass,repeat,implicit,open,flow,mse,0.09999999999999999,0.14285714285714285,0.09090909090909091,0.31799999999999995,0.14285714285714285,100,0.003,16,1.0,False,False,,,,,,,,,
mass_era5_mlp,0.85,0,24.01049041748047,14.636494636535645,60.47050857543945,26.607450485229492,35.870750427246094,50.54822540283203,100,20.9,STGAT,cases+era5,train_only,mlp,mass,repeat,implicit,open,flow,mse,0.09999999999999999,0.14285714285714285,0.09090909090909091,0.31799999999999995,0.14285714285714285,100,0.003,16,1.0,False,False,,,,,,,,,
mass_era5_mlp,0.85,1,23.983291625976562,14.615633964538574,60.43635559082031,26.579076766967773,35.892616271972656,50.54822540283203,100,20.7,STGAT,cases+era5,train_only,mlp,mass,repeat,implicit,open,flow,mse,0.09999999999999999,0.14285714285714285,0.09090909090909091,0.31799999999999995,0.14285714285714285,100,0.003,16,1.0,False,False,,,,,,,,,
mass_era5_mlp,0.85,2,23.973392486572266,14.585397720336914,60.485164642333984,26.5950927734375,35.67128372192383,50.54822540283203,100,17.9,STGAT,cases+era5,train_only,mlp,mass,repeat,implicit,open,flow,mse,0.09999999999999999,0.14285714285714285,0.09090909090909091,0.31799999999999995,0.14285714285714285,100,0.003,16,1.0,False,False,,,,,,,,,
b2_per_week,0.7,1,12.384079933166504,5.7032880783081055,22.608861923217773,10.569247245788574,18.759944915771484,19.014223098754883,82,20.5,STGAT,cases,orig,linear1,mass,per_week,implicit,open,flow,mse,0.09999999999999999,0.14285714285714285,0.09090909090909091,0.31799999999999995,0.14285714285714285,100,0.003,0,0.0,False,False,,,,,,,,,
b2_per_week,0.55,0,21.165353775024414,11.672247886657715,42.23994445800781,18.440349578857422,50.943267822265625,51.89012145996094,97,22.8,STGAT,cases,orig,linear1,mass,per_week,implicit,open,flow,mse,0.09999999999999999,0.14285714285714285,0.09090909090909091,0.31799999999999995,0.14285714285714285,100,0.003,0,0.0,False,False,,,,,,,,,
b2_per_week,0.55,1,21.19528579711914,11.66945743560791,42.093055725097656,18.262239456176758,49.47755432128906,51.89012145996094,100,23.2,STGAT,cases,orig,linear1,mass,per_week,implicit,open,flow,mse,0.09999999999999999,0.14285714285714285,0.09090909090909091,0.31799999999999995,0.14285714285714285,100,0.003,0,0.0,False,False,,,,,,,,,
b2_per_week,0.55,2,21.135028839111328,11.647624015808105,42.02875518798828,18.283479690551758,49.87255859375,51.89012145996094,100,23.4,STGAT,cases,orig,linear1,mass,per_week,implicit,open,flow,mse,0.09999999999999999,0.14285714285714285,0.09090909090909091,0.31799999999999995,0.14285714285714285,100,0.003,0,0.0,False,False,,,,,,,,,
b2_per_week,0.7,0,12.539056777954102,5.611387252807617,22.35822296142578,10.384552001953125,18.007469177246094,19.014223098754883,100,24.0,STGAT,cases,orig,linear1,mass,per_week,implicit,open,flow,mse,0.09999999999999999,0.14285714285714285,0.09090909090909091,0.31799999999999995,0.14285714285714285,100,0.003,0,0.0,False,False,,,,,,,,,
b2_per_week,0.7,2,12.534745216369629,5.605600357055664,22.365238189697266,10.385905265808105,17.927322387695312,19.014223098754883,100,24.1,STGAT,cases,orig,linear1,mass,per_week,implicit,open,flow,mse,0.09999999999999999,0.14285714285714285,0.09090909090909091,0.31799999999999995,0.14285714285714285,100,0.003,0,0.0,False,False,,,,,,,,,
b2_coup,0.55,0,22.20673370361328,12.110898971557617,44.09214401245117,19.090612411499023,52.69310760498047,51.89012145996094,88,17.4,STGAT,cases,orig,linear1,mass,repeat,explicit,open,flow,mse,0.09999999999999999,0.14285714285714285,0.09090909090909091,0.31799999999999995,0.14285714285714285,100,0.003,0,0.0,False,False,,,,,,,,,
b2_coup,0.55,2,22.17282485961914,12.095172882080078,44.06407928466797,19.055931091308594,52.52198791503906,51.89012145996094,88,17.6,STGAT,cases,orig,linear1,mass,repeat,explicit,open,flow,mse,0.09999999999999999,0.14285714285714285,0.09090909090909091,0.31799999999999995,0.14285714285714285,100,0.003,0,0.0,False,False,,,,,,,,,
b2_coup,0.55,1,22.187368392944336,12.086033821105957,44.10746383666992,19.08810043334961,52.58633041381836,51.89012145996094,88,17.9,STGAT,cases,orig,linear1,mass,repeat,explicit,open,flow,mse,0.09999999999999999,0.14285714285714285,0.09090909090909091,0.31799999999999995,0.14285714285714285,100,0.003,0,0.0,False,False,,,,,,,,,
b2_per_week,0.85,0,22.689220428466797,13.414252281188965,47.4612922668457,21.209701538085938,46.18547058105469,50.54822540283203,100,22.6,STGAT,cases,orig,linear1,mass,per_week,implicit,open,flow,mse,0.09999999999999999,0.14285714285714285,0.09090909090909091,0.31799999999999995,0.14285714285714285,100,0.003,0,0.0,False,False,,,,,,,,,
b2_per_week,0.85,2,22.660785675048828,13.475983619689941,48.000640869140625,21.40247344970703,46.20777130126953,50.54822540283203,88,20.1,STGAT,cases,orig,linear1,mass,per_week,implicit,open,flow,mse,0.09999999999999999,0.14285714285714285,0.09090909090909091,0.31799999999999995,0.14285714285714285,100,0.003,0,0.0,False,False,,,,,,,,,
b2_per_week,0.85,1,22.698007583618164,13.40932846069336,47.440120697021484,21.196414947509766,46.38121032714844,50.54822540283203,100,22.9,STGAT,cases,orig,linear1,mass,per_week,implicit,open,flow,mse,0.09999999999999999,0.14285714285714285,0.09090909090909091,0.31799999999999995,0.14285714285714285,100,0.003,0,0.0,False,False,,,,,,,,,
b2_coup,0.7,1,12.758760452270508,5.763848304748535,22.54190444946289,10.527314186096191,19.019895553588867,19.014223098754883,82,18.9,STGAT,cases,orig,linear1,mass,repeat,explicit,open,flow,mse,0.09999999999999999,0.14285714285714285,0.09090909090909091,0.31799999999999995,0.14285714285714285,100,0.003,0,0.0,False,False,,,,,,,,,
b2_coup,0.85,0,22.87582778930664,13.699298858642578,48.979698181152344,22.062408447265625,46.2328987121582,50.54822540283203,82,19.9,STGAT,cases,orig,linear1,mass,repeat,explicit,open,flow,mse,0.09999999999999999,0.14285714285714285,0.09090909090909091,0.31799999999999995,0.14285714285714285,100,0.003,0,0.0,False,False,,,,,,,,,
b2_coup,0.7,0,12.792946815490723,5.72081995010376,22.532255172729492,10.465407371520996,18.440568923950195,19.014223098754883,100,22.3,STGAT,cases,orig,linear1,mass,repeat,explicit,open,flow,mse,0.09999999999999999,0.14285714285714285,0.09090909090909091,0.31799999999999995,0.14285714285714285,100,0.003,0,0.0,False,False,,,,,,,,,
b2_coup,0.7,2,12.797351837158203,5.747375965118408,22.582059860229492,10.488758087158203,18.613962173461914,19.014223098754883,97,21.8,STGAT,cases,orig,linear1,mass,repeat,explicit,open,flow,mse,0.09999999999999999,0.14285714285714285,0.09090909090909091,0.31799999999999995,0.14285714285714285,100,0.003,0,0.0,False,False,,,,,,,,,
b2_coup,0.85,1,22.938390731811523,13.570673942565918,48.28148651123047,21.848875045776367,47.956607818603516,50.54822540283203,100,23.5,STGAT,cases,orig,linear1,mass,repeat,explicit,open,flow,mse,0.09999999999999999,0.14285714285714285,0.09090909090909091,0.31799999999999995,0.14285714285714285,100,0.003,0,0.0,False,False,,,,,,,,,
b2_coup,0.85,2,22.934024810791016,13.56576919555664,48.212059020996094,21.86611557006836,48.105010986328125,50.54822540283203,100,23.0,STGAT,cases,orig,linear1,mass,repeat,explicit,open,flow,mse,0.09999999999999999,0.14285714285714285,0.09090909090909091,0.31799999999999995,0.14285714285714285,100,0.003,0,0.0,False,False,,,,,,,,,
b2_era5,0.55,0,21.651533126831055,12.093417167663574,51.276512145996094,21.465085983276367,58.80657958984375,51.89012145996094,100,19.0,STGAT,cases+era5,train_only,linear1,mass,repeat,implicit,open,flow,mse,0.09999999999999999,0.14285714285714285,0.09090909090909091,0.31799999999999995,0.14285714285714285,100,0.003,0,0.0,False,False,,,,,,,,,
b2_era5,0.55,2,19.269100189208984,10.993303298950195,46.51682662963867,19.595766067504883,54.27471923828125,51.89012145996094,94,18.2,STGAT,cases+era5,train_only,linear1,mass,repeat,implicit,open,flow,mse,0.09999999999999999,0.14285714285714285,0.09090909090909091,0.31799999999999995,0.14285714285714285,100,0.003,0,0.0,False,False,,,,,,,,,
b2_era5,0.55,1,19.08156967163086,10.943312644958496,45.02201461791992,19.238067626953125,58.29978561401367,51.89012145996094,100,18.8,STGAT,cases+era5,train_only,linear1,mass,repeat,implicit,open,flow,mse,0.09999999999999999,0.14285714285714285,0.09090909090909091,0.31799999999999995,0.14285714285714285,100,0.003,0,0.0,False,False,,,,,,,,,
b2_era5,0.7,0,12.169173240661621,5.818954944610596,22.558391571044922,10.412004470825195,19.942100524902344,19.014223098754883,100,20.0,STGAT,cases+era5,train_only,linear1,mass,repeat,implicit,open,flow,mse,0.09999999999999999,0.14285714285714285,0.09090909090909091,0.31799999999999995,0.14285714285714285,100,0.003,0,0.0,False,False,,,,,,,,,
b2_era5,0.7,1,12.379799842834473,5.899760723114014,22.590065002441406,10.402310371398926,19.715877532958984,19.014223098754883,100,20.6,STGAT,cases+era5,train_only,linear1,mass,repeat,implicit,open,flow,mse,0.09999999999999999,0.14285714285714285,0.09090909090909091,0.31799999999999995,0.14285714285714285,100,0.003,0,0.0,False,False,,,,,,,,,
b2_era5,0.7,2,12.104146003723145,5.678874969482422,22.543123245239258,10.371889114379883,19.396892547607422,19.014223098754883,100,20.3,STGAT,cases+era5,train_only,linear1,mass,repeat,implicit,open,flow,mse,0.09999999999999999,0.14285714285714285,0.09090909090909091,0.31799999999999995,0.14285714285714285,100,0.003,0,0.0,False,False,,,,,,,,,
b2_ndvi,0.55,0,23.383251190185547,12.747084617614746,45.729312896728516,19.961233139038086,54.1936149597168,51.89012145996094,85,16.9,STGAT,cases+era5+ndvi,train_only,linear1,mass,repeat,implicit,open,flow,mse,0.09999999999999999,0.14285714285714285,0.09090909090909091,0.31799999999999995,0.14285714285714285,100,0.003,0,0.0,False,False,,,,,,,,,
b2_era5,0.85,0,22.95021629333496,13.656323432922363,47.86967468261719,21.72824478149414,46.65450668334961,50.54822540283203,97,22.3,STGAT,cases+era5,train_only,linear1,mass,repeat,implicit,open,flow,mse,0.09999999999999999,0.14285714285714285,0.09090909090909091,0.31799999999999995,0.14285714285714285,100,0.003,0,0.0,False,False,,,,,,,,,
b2_era5,0.85,2,22.960025787353516,13.645108222961426,47.29579162597656,21.613859176635742,48.598392486572266,50.54822540283203,91,20.5,STGAT,cases+era5,train_only,linear1,mass,repeat,implicit,open,flow,mse,0.09999999999999999,0.14285714285714285,0.09090909090909091,0.31799999999999995,0.14285714285714285,100,0.003,0,0.0,False,False,,,,,,,,,
b2_era5,0.85,1,23.00884437561035,13.584278106689453,47.34519577026367,21.5992431640625,49.294837951660156,50.54822540283203,97,22.1,STGAT,cases+era5,train_only,linear1,mass,repeat,implicit,open,flow,mse,0.09999999999999999,0.14285714285714285,0.09090909090909091,0.31799999999999995,0.14285714285714285,100,0.003,0,0.0,False,False,,,,,,,,,
b2_ndvi,0.55,2,23.207101821899414,12.506635665893555,45.165618896484375,19.509119033813477,51.70112609863281,51.89012145996094,91,18.1,STGAT,cases+era5+ndvi,train_only,linear1,mass,repeat,implicit,open,flow,mse,0.09999999999999999,0.14285714285714285,0.09090909090909091,0.31799999999999995,0.14285714285714285,100,0.003,0,0.0,False,False,,,,,,,,,
b2_ndvi,0.55,1,19.488628387451172,10.942244529724121,45.12929153442383,19.40418243408203,56.886627197265625,51.89012145996094,100,20.0,STGAT,cases+era5+ndvi,train_only,linear1,mass,repeat,implicit,open,flow,mse,0.09999999999999999,0.14285714285714285,0.09090909090909091,0.31799999999999995,0.14285714285714285,100,0.003,0,0.0,False,False,,,,,,,,,
b2_ndvi,0.7,0,12.752188682556152,5.932388782501221,23.067840576171875,10.856624603271484,20.378738403320312,19.014223098754883,76,16.6,STGAT,cases+era5+ndvi,train_only,linear1,mass,repeat,implicit,open,flow,mse,0.09999999999999999,0.14285714285714285,0.09090909090909091,0.31799999999999995,0.14285714285714285,100,0.003,0,0.0,False,False,,,,,,,,,
b2_ndvi,0.7,1,12.349876403808594,5.869110107421875,22.45642852783203,10.3812837600708,18.864900588989258,19.014223098754883,97,21.4,STGAT,cases+era5+ndvi,train_only,linear1,mass,repeat,implicit,open,flow,mse,0.09999999999999999,0.14285714285714285,0.09090909090909091,0.31799999999999995,0.14285714285714285,100,0.003,0,0.0,False,False,,,,,,,,,
b2_ndvi,0.7,2,12.669737815856934,5.76687479019165,22.758333206176758,10.55016803741455,19.316585540771484,19.014223098754883,100,22.0,STGAT,cases+era5+ndvi,train_only,linear1,mass,repeat,implicit,open,flow,mse,0.09999999999999999,0.14285714285714285,0.09090909090909091,0.31799999999999995,0.14285714285714285,100,0.003,0,0.0,False,False,,,,,,,,,
b2_ndvi,0.85,0,23.027502059936523,13.687562942504883,48.27118682861328,21.75103759765625,47.3172607421875,50.54822540283203,94,22.4,STGAT,cases+era5+ndvi,train_only,linear1,mass,repeat,implicit,open,flow,mse,0.09999999999999999,0.14285714285714285,0.09090909090909091,0.31799999999999995,0.14285714285714285,100,0.003,0,0.0,False,False,,,,,,,,,
b2_ndvi,0.85,1,22.929773330688477,13.683192253112793,49.060543060302734,22.210296630859375,46.228267669677734,50.54822540283203,82,19.7,STGAT,cases+era5+ndvi,train_only,linear1,mass,repeat,implicit,open,flow,mse,0.09999999999999999,0.14285714285714285,0.09090909090909091,0.31799999999999995,0.14285714285714285,100,0.003,0,0.0,False,False,,,,,,,,,
b2_ndvi,0.85,2,22.95901107788086,13.625489234924316,48.28683090209961,21.828699111938477,47.055145263671875,50.54822540283203,94,22.0,STGAT,cases+era5+ndvi,train_only,linear1,mass,repeat,implicit,open,flow,mse,0.09999999999999999,0.14285714285714285,0.09090909090909091,0.31799999999999995,0.14285714285714285,100,0.003,0,0.0,False,False,,,,,,,,,
b2_learn_rho,0.55,0,20.330703735351562,11.181732177734375,40.16498565673828,17.31696319580078,48.46225357055664,51.89012145996094,100,19.8,STGAT,cases,orig,linear1,mass,repeat,implicit,open,flow,mse,0.09999999999999999,0.14285714285714285,0.09090909090909091,0.31799999999999995,0.14285714285714285,100,0.003,0,0.0,True,False,0.7417837381362915,,,,,,,,
b2_learn_rho,0.55,1,20.32437515258789,11.17599868774414,40.13793182373047,17.29630470275879,48.3618278503418,51.89012145996094,100,18.9,STGAT,cases,orig,linear1,mass,repeat,implicit,open,flow,mse,0.09999999999999999,0.14285714285714285,0.09090909090909091,0.31799999999999995,0.14285714285714285,100,0.003,0,0.0,True,False,0.73411625623703,,,,,,,,
b2_learn_rho,0.55,2,20.325061798095703,11.17818546295166,40.13813018798828,17.297304153442383,48.36259460449219,51.89012145996094,100,19.5,STGAT,cases,orig,linear1,mass,repeat,implicit,open,flow,mse,0.09999999999999999,0.14285714285714285,0.09090909090909091,0.31799999999999995,0.14285714285714285,100,0.003,0,0.0,True,False,0.7341711521148682,,,,,,,,
b2_learn_rho,0.7,0,12.059552192687988,5.330401420593262,21.393177032470703,9.990596771240234,17.385587692260742,19.014223098754883,100,20.6,STGAT,cases,orig,linear1,mass,repeat,implicit,open,flow,mse,0.09999999999999999,0.14285714285714285,0.09090909090909091,0.31799999999999995,0.14285714285714285,100,0.003,0,0.0,True,False,0.7347955703735352,,,,,,,,
b2_learn_rho,0.7,1,12.061758041381836,5.332283020019531,21.393444061279297,9.990923881530762,17.392833709716797,19.014223098754883,100,20.6,STGAT,cases,orig,linear1,mass,repeat,implicit,open,flow,mse,0.09999999999999999,0.14285714285714285,0.09090909090909091,0.31799999999999995,0.14285714285714285,100,0.003,0,0.0,True,False,0.7341262102127075,,,,,,,,
b2_learn_rho,0.7,2,12.05720043182373,5.331361770629883,21.398075103759766,9.991503715515137,17.402347564697266,19.014223098754883,100,20.8,STGAT,cases,orig,linear1,mass,repeat,implicit,open,flow,mse,0.09999999999999999,0.14285714285714285,0.09090909090909091,0.31799999999999995,0.14285714285714285,100,0.003,0,0.0,True,False,0.7343147993087769,,,,,,,,
b2_learn_rho,0.85,0,21.324819564819336,12.867887496948242,45.56766128540039,20.311904907226562,45.73514175415039,50.54822540283203,100,22.2,STGAT,cases,orig,linear1,mass,repeat,implicit,open,flow,mse,0.09999999999999999,0.14285714285714285,0.09090909090909091,0.31799999999999995,0.14285714285714285,100,0.003,0,0.0,True,False,0.7347708344459534,,,,,,,,
b2_learn_rho,0.85,1,21.323062896728516,12.868352890014648,45.56853485107422,20.313003540039062,45.771602630615234,50.54822540283203,100,22.3,STGAT,cases,orig,linear1,mass,repeat,implicit,open,flow,mse,0.09999999999999999,0.14285714285714285,0.09090909090909091,0.31799999999999995,0.14285714285714285,100,0.003,0,0.0,True,False,0.7341246008872986,,,,,,,,
b2_learn_rho,0.85,2,21.326889038085938,12.868875503540039,45.56956100463867,20.315887451171875,45.77619171142578,50.54822540283203,100,21.9,STGAT,cases,orig,linear1,mass,repeat,implicit,open,flow,mse,0.09999999999999999,0.14285714285714285,0.09090909090909091,0.31799999999999995,0.14285714285714285,100,0.003,0,0.0,True,False,0.734323263168335,,,,,,,,
b2_learn_rates,0.55,0,20.719837188720703,11.330875396728516,41.06739807128906,17.721866607666016,48.65059280395508,51.89012145996094,100,20.5,STGAT,cases,orig,linear1,mass,repeat,implicit,open,flow,mse,0.09999999999999999,0.14285714285714285,0.09090909090909091,0.31799999999999995,0.14285714285714285,100,0.003,0,0.0,False,True,,0.07351598143577576,0.1854894459247589,,,,,,
b2_learn_rates,0.55,1,20.700368881225586,11.322416305541992,41.04484558105469,17.72435760498047,48.772483825683594,51.89012145996094,100,20.6,STGAT,cases,orig,linear1,mass,repeat,implicit,open,flow,mse,0.09999999999999999,0.14285714285714285,0.09090909090909091,0.31799999999999995,0.14285714285714285,100,0.003,0,0.0,False,True,,0.07349907606840134,0.1854894459247589,,,,,,
b2_learn_rates,0.55,2,20.72113037109375,11.328802108764648,41.059059143066406,17.70949935913086,48.53053665161133,51.89012145996094,100,20.3,STGAT,cases,orig,linear1,mass,repeat,implicit,open,flow,mse,0.09999999999999999,0.14285714285714285,0.09090909090909091,0.31799999999999995,0.14285714285714285,100,0.003,0,0.0,False,True,,0.07278741896152496,0.186916321516037,,,,,,
b2_learn_rates,0.7,0,12.303250312805176,5.422439098358154,21.560361862182617,10.098428726196289,17.429332733154297,19.014223098754883,100,22.0,STGAT,cases,orig,linear1,mass,repeat,implicit,open,flow,mse,0.09999999999999999,0.14285714285714285,0.09090909090909091,0.31799999999999995,0.14285714285714285,100,0.003,0,0.0,False,True,,0.07278300821781158,0.186916321516037,,,,,,
b2_learn_rates,0.7,1,12.304057121276855,5.428478240966797,21.5816650390625,10.102470397949219,17.483478546142578,19.014223098754883,100,22.2,STGAT,cases,orig,linear1,mass,repeat,implicit,open,flow,mse,0.09999999999999999,0.14285714285714285,0.09090909090909091,0.31799999999999995,0.14285714285714285,100,0.003,0,0.0,False,True,,0.07350172847509384,0.1854894459247589,,,,,,
b2_learn_rates,0.7,2,12.305359840393066,5.4224114418029785,21.561281204223633,10.098701477050781,17.422765731811523,19.014223098754883,100,22.1,STGAT,cases,orig,linear1,mass,repeat,implicit,open,flow,mse,0.09999999999999999,0.14285714285714285,0.09090909090909091,0.31799999999999995,0.14285714285714285,100,0.003,0,0.0,False,True,,0.07280155271291733,0.186916321516037,,,,,,
b2_learn_rates,0.85,0,21.64006233215332,13.027517318725586,46.19893264770508,20.57655143737793,45.82579040527344,50.54822540283203,100,23.8,STGAT,cases,orig,linear1,mass,repeat,implicit,open,flow,mse,0.09999999999999999,0.14285714285714285,0.09090909090909091,0.31799999999999995,0.14285714285714285,100,0.003,0,0.0,False,True,,0.07278017699718475,0.186916321516037,,,,,,
b2_learn_rates,0.85,1,21.634897232055664,13.028345108032227,46.20111846923828,20.570051193237305,45.7431640625,50.54822540283203,100,23.9,STGAT,cases,orig,linear1,mass,repeat,implicit,open,flow,mse,0.09999999999999999,0.14285714285714285,0.09090909090909091,0.31799999999999995,0.14285714285714285,100,0.003,0,0.0,False,True,,0.072782002389431,0.186916321516037,,,,,,
b2_learn_rates,0.85,2,21.640615463256836,13.028109550476074,46.19989013671875,20.576658248901367,45.816871643066406,50.54822540283203,100,23.8,STGAT,cases,orig,linear1,mass,repeat,implicit,open,flow,mse,0.09999999999999999,0.14285714285714285,0.09090909090909091,0.31799999999999995,0.14285714285714285,100,0.003,0,0.0,False,True,,0.07279983907938004,0.186916321516037,,,,,,
b2_closed,0.55,0,23.614473342895508,12.70319652557373,46.79375457763672,20.20624542236328,53.11294174194336,51.89012145996094,88,19.8,STGAT,cases,orig,linear1,mass,repeat,implicit,closed,flow,mse,0.09999999999999999,0.14285714285714285,0.09090909090909091,0.31799999999999995,0.14285714285714285,100,0.003,0,0.0,False,False,,,,,,,,,
b2_closed,0.55,1,23.624061584472656,12.69991397857666,46.83481216430664,20.246023178100586,53.682369232177734,51.89012145996094,85,19.0,STGAT,cases,orig,linear1,mass,repeat,implicit,closed,flow,mse,0.09999999999999999,0.14285714285714285,0.09090909090909091,0.31799999999999995,0.14285714285714285,100,0.003,0,0.0,False,False,,,,,,,,,
b2_closed,0.55,2,23.590036392211914,12.682718276977539,46.750083923339844,20.18370819091797,53.267391204833984,51.89012145996094,85,18.8,STGAT,cases,orig,linear1,mass,repeat,implicit,closed,flow,mse,0.09999999999999999,0.14285714285714285,0.09090909090909091,0.31799999999999995,0.14285714285714285,100,0.003,0,0.0,False,False,,,,,,,,,
b2_closed,0.7,1,13.443916320800781,6.019591808319092,23.304744720458984,10.882624626159668,19.355510711669922,19.014223098754883,82,20.3,STGAT,cases,orig,linear1,mass,repeat,implicit,closed,flow,mse,0.09999999999999999,0.14285714285714285,0.09090909090909091,0.31799999999999995,0.14285714285714285,100,0.003,0,0.0,False,False,,,,,,,,,
b2_closed,0.7,0,13.488158226013184,6.032043933868408,23.337759017944336,10.865097045898438,19.084936141967773,19.014223098754883,88,21.7,STGAT,cases,orig,linear1,mass,repeat,implicit,closed,flow,mse,0.09999999999999999,0.14285714285714285,0.09090909090909091,0.31799999999999995,0.14285714285714285,100,0.003,0,0.0,False,False,,,,,,,,,
b2_closed,0.7,2,13.477546691894531,5.962209224700928,23.226163864135742,10.838115692138672,18.62789535522461,19.014223098754883,97,24.1,STGAT,cases,orig,linear1,mass,repeat,implicit,closed,flow,mse,0.09999999999999999,0.14285714285714285,0.09090909090909091,0.31799999999999995,0.14285714285714285,100,0.003,0,0.0,False,False,,,,,,,,,
b2_closed,0.85,0,23.670087814331055,14.197507858276367,51.19182586669922,23.038860321044922,46.06260681152344,50.54822540283203,79,21.7,STGAT,cases,orig,linear1,mass,repeat,implicit,closed,flow,mse,0.09999999999999999,0.14285714285714285,0.09090909090909091,0.31799999999999995,0.14285714285714285,100,0.003,0,0.0,False,False,,,,,,,,,
b2_closed,0.85,1,23.766530990600586,14.182868003845215,50.99628829956055,23.055021286010742,47.49367904663086,50.54822540283203,79,21.9,STGAT,cases,orig,linear1,mass,repeat,implicit,closed,flow,mse,0.09999999999999999,0.14285714285714285,0.09090909090909091,0.31799999999999995,0.14285714285714285,100,0.003,0,0.0,False,False,,,,,,,,,
b2_closed,0.85,2,23.751222610473633,14.195954322814941,51.03912353515625,22.9696044921875,46.36747360229492,50.54822540283203,79,22.1,STGAT,cases,orig,linear1,mass,repeat,implicit,closed,flow,mse,0.09999999999999999,0.14285714285714285,0.09090909090909091,0.31799999999999995,0.14285714285714285,100,0.003,0,0.0,False,False,,,,,,,,,
b2_s0_high,0.55,1,22.170148849487305,12.107559204101562,44.2597541809082,19.274585723876953,53.65399169921875,51.89012145996094,91,17.4,STGAT,cases,orig,linear1,mass,repeat,implicit,open,flow,mse,0.09999999999999999,0.14285714285714285,0.09090909090909091,0.486,0.14285714285714285,100,0.003,0,0.0,False,False,,,,,,,,,
b2_s0_high,0.55,0,22.212318420410156,12.12617015838623,44.16686248779297,19.116519927978516,51.9994010925293,51.89012145996094,94,17.7,STGAT,cases,orig,linear1,mass,repeat,implicit,open,flow,mse,0.09999999999999999,0.14285714285714285,0.09090909090909091,0.486,0.14285714285714285,100,0.003,0,0.0,False,False,,,,,,,,,
b2_s0_high,0.55,2,22.22579002380371,12.144281387329102,44.164756774902344,19.07561492919922,52.00312423706055,51.89012145996094,94,17.8,STGAT,cases,orig,linear1,mass,repeat,implicit,open,flow,mse,0.09999999999999999,0.14285714285714285,0.09090909090909091,0.486,0.14285714285714285,100,0.003,0,0.0,False,False,,,,,,,,,
b2_s0_high,0.7,0,12.785104751586914,5.743818759918213,22.523082733154297,10.459585189819336,18.53426742553711,19.014223098754883,100,20.8,STGAT,cases,orig,linear1,mass,repeat,implicit,open,flow,mse,0.09999999999999999,0.14285714285714285,0.09090909090909091,0.486,0.14285714285714285,100,0.003,0,0.0,False,False,,,,,,,,,
b2_s0_high,0.7,2,12.758929252624512,5.735675811767578,22.641666412353516,10.503920555114746,18.59126853942871,19.014223098754883,94,19.9,STGAT,cases,orig,linear1,mass,repeat,implicit,open,flow,mse,0.09999999999999999,0.14285714285714285,0.09090909090909091,0.486,0.14285714285714285,100,0.003,0,0.0,False,False,,,,,,,,,
b2_s0_high,0.7,1,12.774368286132812,5.728732585906982,22.5255184173584,10.475128173828125,18.544342041015625,19.014223098754883,100,21.0,STGAT,cases,orig,linear1,mass,repeat,implicit,open,flow,mse,0.09999999999999999,0.14285714285714285,0.09090909090909091,0.486,0.14285714285714285,100,0.003,0,0.0,False,False,,,,,,,,,
b2_s0_high,0.85,0,22.919055938720703,13.560224533081055,48.27835464477539,21.850833892822266,47.99457931518555,50.54822540283203,100,22.9,STGAT,cases,orig,linear1,mass,repeat,implicit,open,flow,mse,0.09999999999999999,0.14285714285714285,0.09090909090909091,0.486,0.14285714285714285,100,0.003,0,0.0,False,False,,,,,,,,,
b2_s0_high,0.85,1,22.926359176635742,13.579550743103027,48.32209396362305,21.845434188842773,47.442787170410156,50.54822540283203,100,23.0,STGAT,cases,orig,linear1,mass,repeat,implicit,open,flow,mse,0.09999999999999999,0.14285714285714285,0.09090909090909091,0.486,0.14285714285714285,100,0.003,0,0.0,False,False,,,,,,,,,
b2_s0_high,0.85,2,22.910999298095703,13.600835800170898,48.36560821533203,21.8238525390625,46.84797668457031,50.54822540283203,97,22.0,STGAT,cases,orig,linear1,mass,repeat,implicit,open,flow,mse,0.09999999999999999,0.14285714285714285,0.09090909090909091,0.486,0.14285714285714285,100,0.003,0,0.0,False,False,,,,,,,,,
b2_s0_low,0.55,0,22.17401695251465,12.044387817382812,44.15092468261719,19.092287063598633,52.85795593261719,51.89012145996094,82,15.5,STGAT,cases,orig,linear1,mass,repeat,implicit,open,flow,mse,0.09999999999999999,0.14285714285714285,0.09090909090909091,0.09199999999999997,0.14285714285714285,100,0.003,0,0.0,False,False,,,,,,,,,
b2_s0_low,0.55,2,22.171850204467773,12.097610473632812,44.0196418762207,19.050886154174805,52.58211898803711,51.89012145996094,94,17.9,STGAT,cases,orig,linear1,mass,repeat,implicit,open,flow,mse,0.09999999999999999,0.14285714285714285,0.09090909090909091,0.09199999999999997,0.14285714285714285,100,0.003,0,0.0,False,False,,,,,,,,,
b2_s0_low,0.55,1,22.206628799438477,12.133275985717773,44.056739807128906,19.123241424560547,53.2599983215332,51.89012145996094,94,18.0,STGAT,cases,orig,linear1,mass,repeat,implicit,open,flow,mse,0.09999999999999999,0.14285714285714285,0.09090909090909091,0.09199999999999997,0.14285714285714285,100,0.003,0,0.0,False,False,,,,,,,,,
b2_s0_low,0.7,1,12.747734069824219,5.817508697509766,22.755102157592773,10.520535469055176,19.26457977294922,19.014223098754883,94,19.6,STGAT,cases,orig,linear1,mass,repeat,implicit,open,flow,mse,0.09999999999999999,0.14285714285714285,0.09090909090909091,0.09199999999999997,0.14285714285714285,100,0.003,0,0.0,False,False,,,,,,,,,
b2_s0_low,0.7,0,12.755887985229492,5.77619743347168,22.664155960083008,10.491296768188477,18.94816017150879,19.014223098754883,97,20.2,STGAT,cases,orig,linear1,mass,repeat,implicit,open,flow,mse,0.09999999999999999,0.14285714285714285,0.09090909090909091,0.09199999999999997,0.14285714285714285,100,0.003,0,0.0,False,False,,,,,,,,,
b2_s0_low,0.7,2,12.7685546875,5.87843132019043,23.00497817993164,10.549638748168945,19.463590621948242,19.014223098754883,79,16.4,STGAT,cases,orig,linear1,mass,repeat,implicit,open,flow,mse,0.09999999999999999,0.14285714285714285,0.09090909090909091,0.09199999999999997,0.14285714285714285,100,0.003,0,0.0,False,False,,,,,,,,,
b2_s0_low,0.85,0,22.917598724365234,13.567281723022461,48.28361511230469,21.814973831176758,47.452144622802734,50.54822540283203,88,20.3,STGAT,cases,orig,linear1,mass,repeat,implicit,open,flow,mse,0.09999999999999999,0.14285714285714285,0.09090909090909091,0.09199999999999997,0.14285714285714285,100,0.003,0,0.0,False,False,,,,,,,,,
b2_s0_low,0.85,2,22.922595977783203,13.632553100585938,48.422245025634766,21.883712768554688,46.08375549316406,50.54822540283203,73,16.8,STGAT,cases,orig,linear1,mass,repeat,implicit,open,flow,mse,0.09999999999999999,0.14285714285714285,0.09090909090909091,0.09199999999999997,0.14285714285714285,100,0.003,0,0.0,False,False,,,,,,,,,
b2_s0_low,0.85,1,22.88783836364746,13.570748329162598,48.260841369628906,21.80320930480957,47.02769470214844,50.54822540283203,85,19.3,STGAT,cases,orig,linear1,mass,repeat,implicit,open,flow,mse,0.09999999999999999,0.14285714285714285,0.09090909090909091,0.09199999999999997,0.14285714285714285,100,0.003,0,0.0,False,False,,,,,,,,,
b2_dep10,0.55,1,22.188814163208008,12.110335350036621,43.910888671875,18.991790771484375,52.98562240600586,51.89012145996094,85,16.5,STGAT,cases,orig,linear1,mass,repeat,implicit,open,flow,mse,0.09999999999999999,0.14285714285714285,0.09090909090909091,0.31799999999999995,0.14285714285714285,100,0.003,0,0.1,False,False,,,,,,,,,
b2_dep10,0.55,0,22.174468994140625,12.09712028503418,43.889652252197266,18.95314598083496,52.37264633178711,51.89012145996094,88,17.0,STGAT,cases,orig,linear1,mass,repeat,implicit,open,flow,mse,0.09999999999999999,0.14285714285714285,0.09090909090909091,0.31799999999999995,0.14285714285714285,100,0.003,0,0.1,False,False,,,,,,,,,
b2_dep10,0.55,2,22.144758224487305,12.079380989074707,43.85935592651367,18.93941307067871,52.51410675048828,51.89012145996094,85,16.3,STGAT,cases,orig,linear1,mass,repeat,implicit,open,flow,mse,0.09999999999999999,0.14285714285714285,0.09090909090909091,0.31799999999999995,0.14285714285714285,100,0.003,0,0.1,False,False,,,,,,,,,
b2_dep10,0.7,0,12.859137535095215,5.751762866973877,22.47902488708496,10.499388694763184,18.605424880981445,19.014223098754883,88,18.2,STGAT,cases,orig,linear1,mass,repeat,implicit,open,flow,mse,0.09999999999999999,0.14285714285714285,0.09090909090909091,0.31799999999999995,0.14285714285714285,100,0.003,0,0.1,False,False,,,,,,,,,
b2_dep10,0.7,1,12.802928924560547,5.801602840423584,22.593111038208008,10.521568298339844,19.1335391998291,19.014223098754883,85,17.4,STGAT,cases,orig,linear1,mass,repeat,implicit,open,flow,mse,0.09999999999999999,0.14285714285714285,0.09090909090909091,0.31799999999999995,0.14285714285714285,100,0.003,0,0.1,False,False,,,,,,,,,
b2_dep10,0.7,2,12.839649200439453,5.7655463218688965,22.539854049682617,10.504827499389648,18.804107666015625,19.014223098754883,85,17.6,STGAT,cases,orig,linear1,mass,repeat,implicit,open,flow,mse,0.09999999999999999,0.14285714285714285,0.09090909090909091,0.31799999999999995,0.14285714285714285,100,0.003,0,0.1,False,False,,,,,,,,,
b2_dep50,0.55,0,23.194101333618164,13.046231269836426,46.03754425048828,20.137361526489258,56.17528533935547,51.89012145996094,67,13.1,STGAT,cases,orig,linear1,mass,repeat,implicit,open,flow,mse,0.09999999999999999,0.14285714285714285,0.09090909090909091,0.31799999999999995,0.14285714285714285,100,0.003,0,0.5,False,False,,,,,,,,,
b2_dep10,0.85,0,22.8764591217041,13.562726974487305,48.34623718261719,21.791757583618164,46.87551498413086,50.54822540283203,100,22.5,STGAT,cases,orig,linear1,mass,repeat,implicit,open,flow,mse,0.09999999999999999,0.14285714285714285,0.09090909090909091,0.31799999999999995,0.14285714285714285,100,0.003,0,0.1,False,False,,,,,,,,,
b2_dep10,0.85,1,22.894899368286133,13.568903923034668,48.32795715332031,21.795059204101562,47.14253234863281,50.54822540283203,100,22.8,STGAT,cases,orig,linear1,mass,repeat,implicit,open,flow,mse,0.09999999999999999,0.14285714285714285,0.09090909090909091,0.31799999999999995,0.14285714285714285,100,0.003,0,0.1,False,False,,,,,,,,,
b2_dep10,0.85,2,22.890583038330078,13.565296173095703,48.282169342041016,21.793670654296875,47.02354431152344,50.54822540283203,100,23.0,STGAT,cases,orig,linear1,mass,repeat,implicit,open,flow,mse,0.09999999999999999,0.14285714285714285,0.09090909090909091,0.31799999999999995,0.14285714285714285,100,0.003,0,0.1,False,False,,,,,,,,,
b2_dep50,0.55,1,23.235929489135742,13.036227226257324,46.11219787597656,20.110618591308594,55.92216873168945,51.89012145996094,67,13.0,STGAT,cases,orig,linear1,mass,repeat,implicit,open,flow,mse,0.09999999999999999,0.14285714285714285,0.09090909090909091,0.31799999999999995,0.14285714285714285,100,0.003,0,0.5,False,False,,,,,,,,,
b2_dep50,0.55,2,23.17740249633789,12.995841026306152,46.03914260864258,20.067800521850586,55.80987548828125,51.89012145996094,67,12.9,STGAT,cases,orig,linear1,mass,repeat,implicit,open,flow,mse,0.09999999999999999,0.14285714285714285,0.09090909090909091,0.31799999999999995,0.14285714285714285,100,0.003,0,0.5,False,False,,,,,,,,,
b2_dep50,0.7,0,13.414510726928711,6.052967548370361,22.620615005493164,10.790346145629883,19.042463302612305,19.014223098754883,70,14.7,STGAT,cases,orig,linear1,mass,repeat,implicit,open,flow,mse,0.09999999999999999,0.14285714285714285,0.09090909090909091,0.31799999999999995,0.14285714285714285,100,0.003,0,0.5,False,False,,,,,,,,,
b2_dep50,0.7,1,13.364446640014648,6.0331268310546875,22.58135986328125,10.775571823120117,18.931316375732422,19.014223098754883,70,14.8,STGAT,cases,orig,linear1,mass,repeat,implicit,open,flow,mse,0.09999999999999999,0.14285714285714285,0.09090909090909091,0.31799999999999995,0.14285714285714285,100,0.003,0,0.5,False,False,,,,,,,,,
b2_dep50,0.7,2,13.371065139770508,5.999484539031982,22.609790802001953,10.774256706237793,18.754772186279297,19.014223098754883,70,14.8,STGAT,cases,orig,linear1,mass,repeat,implicit,open,flow,mse,0.09999999999999999,0.14285714285714285,0.09090909090909091,0.31799999999999995,0.14285714285714285,100,0.003,0,0.5,False,False,,,,,,,,,
b2_dep50,0.85,1,22.966014862060547,13.827731132507324,54.57332229614258,23.511062622070312,41.67365646362305,50.54822540283203,82,18.7,STGAT,cases,orig,linear1,mass,repeat,implicit,open,flow,mse,0.09999999999999999,0.14285714285714285,0.09090909090909091,0.31799999999999995,0.14285714285714285,100,0.003,0,0.5,False,False,,,,,,,,,
b2_dep50,0.85,0,22.9511775970459,13.810532569885254,54.570674896240234,23.494705200195312,41.197662353515625,50.54822540283203,85,19.3,STGAT,cases,orig,linear1,mass,repeat,implicit,open,flow,mse,0.09999999999999999,0.14285714285714285,0.09090909090909091,0.31799999999999995,0.14285714285714285,100,0.003,0,0.5,False,False,,,,,,,,,
b2_dep50,0.85,2,22.984651565551758,13.82758903503418,54.485233306884766,23.47472381591797,41.69183349609375,50.54822540283203,82,18.8,STGAT,cases,orig,linear1,mass,repeat,implicit,open,flow,mse,0.09999999999999999,0.14285714285714285,0.09090909090909091,0.31799999999999995,0.14285714285714285,100,0.003,0,0.5,False,False,,,,,,,,,
b2_smape,0.55,0,22.190628051757812,12.103200912475586,44.07756805419922,19.06149673461914,53.10417556762695,51.89012145996094,88,16.8,STGAT,cases,orig,linear1,mass,repeat,implicit,open,flow,smape,0.09999999999999999,0.14285714285714285,0.09090909090909091,0.31799999999999995,0.14285714285714285,100,0.003,0,0.0,False,False,,,,,,,,,
b2_smape,0.55,1,22.16126823425293,12.139444351196289,44.30268096923828,19.34922981262207,54.89478302001953,51.89012145996094,88,17.1,STGAT,cases,orig,linear1,mass,repeat,implicit,open,flow,smape,0.09999999999999999,0.14285714285714285,0.09090909090909091,0.31799999999999995,0.14285714285714285,100,0.003,0,0.0,False,False,,,,,,,,,
b2_smape,0.55,2,22.20819854736328,12.140588760375977,44.371280670166016,19.36548614501953,54.84602355957031,51.89012145996094,100,19.0,STGAT,cases,orig,linear1,mass,repeat,implicit,open,flow,smape,0.09999999999999999,0.14285714285714285,0.09090909090909091,0.31799999999999995,0.14285714285714285,100,0.003,0,0.0,False,False,,,,,,,,,
b2_smape,0.7,0,12.816186904907227,5.7591962814331055,22.490821838378906,10.519144058227539,18.80755043029785,19.014223098754883,82,17.0,STGAT,cases,orig,linear1,mass,repeat,implicit,open,flow,smape,0.09999999999999999,0.14285714285714285,0.09090909090909091,0.31799999999999995,0.14285714285714285,100,0.003,0,0.0,False,False,,,,,,,,,
b2_smape,0.7,1,12.838953971862793,5.902828216552734,22.830862045288086,10.582000732421875,19.705503463745117,19.014223098754883,88,18.3,STGAT,cases,orig,linear1,mass,repeat,implicit,open,flow,smape,0.09999999999999999,0.14285714285714285,0.09090909090909091,0.31799999999999995,0.14285714285714285,100,0.003,0,0.0,False,False,,,,,,,,,
b2_smape,0.7,2,12.83671760559082,5.915544033050537,22.89359474182129,10.611072540283203,19.87470245361328,19.014223098754883,88,18.4,STGAT,cases,orig,linear1,mass,repeat,implicit,open,flow,smape,0.09999999999999999,0.14285714285714285,0.09090909090909091,0.31799999999999995,0.14285714285714285,100,0.003,0,0.0,False,False,,,,,,,,,
b2_smape,0.85,0,22.900026321411133,13.664600372314453,48.47593307495117,21.850189208984375,46.89845275878906,50.54822540283203,85,19.4,STGAT,cases,orig,linear1,mass,repeat,implicit,open,flow,smape,0.09999999999999999,0.14285714285714285,0.09090909090909091,0.31799999999999995,0.14285714285714285,100,0.003,0,0.0,False,False,,,,,,,,,
b2_smape,0.85,1,22.942123413085938,13.638541221618652,48.63824462890625,21.90611457824707,47.470314025878906,50.54822540283203,82,19.3,STGAT,cases,orig,linear1,mass,repeat,implicit,open,flow,smape,0.09999999999999999,0.14285714285714285,0.09090909090909091,0.31799999999999995,0.14285714285714285,100,0.003,0,0.0,False,False,,,,,,,,,
b2_smape,0.85,2,22.91649055480957,13.644027709960938,48.66800308227539,21.9608154296875,47.02963638305664,50.54822540283203,82,18.7,STGAT,cases,orig,linear1,mass,repeat,implicit,open,flow,smape,0.09999999999999999,0.14285714285714285,0.09090909090909091,0.31799999999999995,0.14285714285714285,100,0.003,0,0.0,False,False,,,,,,,,,
b2_poisson,0.55,0,22.18235206604004,12.078766822814941,44.08473205566406,19.125572204589844,53.63364028930664,51.89012145996094,82,15.8,STGAT,cases,orig,linear1,mass,repeat,implicit,open,flow,poisson,0.09999999999999999,0.14285714285714285,0.09090909090909091,0.31799999999999995,0.14285714285714285,100,0.003,0,0.0,False,False,,,,,,,,,
b2_poisson,0.55,1,22.303831100463867,12.219260215759277,44.73192596435547,19.631389617919922,56.24972915649414,51.89012145996094,100,19.2,STGAT,cases,orig,linear1,mass,repeat,implicit,open,flow,poisson,0.09999999999999999,0.14285714285714285,0.09090909090909091,0.31799999999999995,0.14285714285714285,100,0.003,0,0.0,False,False,,,,,,,,,
b2_poisson,0.55,2,22.225515365600586,12.09727668762207,44.50985336303711,19.425317764282227,55.2723274230957,51.89012145996094,97,18.5,STGAT,cases,orig,linear1,mass,repeat,implicit,open,flow,poisson,0.09999999999999999,0.14285714285714285,0.09090909090909091,0.31799999999999995,0.14285714285714285,100,0.003,0,0.0,False,False,,,,,,,,,
b2_poisson,0.7,0,12.841415405273438,5.798154830932617,22.56711769104004,10.51595401763916,19.07896614074707,19.014223098754883,82,17.0,STGAT,cases,orig,linear1,mass,repeat,implicit,open,flow,poisson,0.09999999999999999,0.14285714285714285,0.09090909090909091,0.31799999999999995,0.14285714285714285,100,0.003,0,0.0,False,False,,,,,,,,,
b2_poisson,0.7,1,12.854674339294434,5.7760844230651855,22.479644775390625,10.504847526550293,18.987382888793945,19.014223098754883,79,16.7,STGAT,cases,orig,linear1,mass,repeat,implicit,open,flow,poisson,0.09999999999999999,0.14285714285714285,0.09090909090909091,0.31799999999999995,0.14285714285714285,100,0.003,0,0.0,False,False,,,,,,,,,
b2_poisson,0.85,0,22.901031494140625,13.639444351196289,48.54617691040039,21.933122634887695,47.93293380737305,50.54822540283203,79,17.0,STGAT,cases,orig,linear1,mass,repeat,implicit,open,flow,poisson,0.09999999999999999,0.14285714285714285,0.09090909090909091,0.31799999999999995,0.14285714285714285,100,0.003,0,0.0,False,False,,,,,,,,,
b2_poisson,0.7,2,12.845988273620605,5.912948131561279,22.952917098999023,10.565157890319824,19.65774154663086,19.014223098754883,94,18.6,STGAT,cases,orig,linear1,mass,repeat,implicit,open,flow,poisson,0.09999999999999999,0.14285714285714285,0.09090909090909091,0.31799999999999995,0.14285714285714285,100,0.003,0,0.0,False,False,,,,,,,,,
b2_poisson,0.85,1,23.06641387939453,13.633334159851074,48.74140167236328,22.09374237060547,49.104896545410156,50.54822540283203,79,15.4,STGAT,cases,orig,linear1,mass,repeat,implicit,open,flow,poisson,0.09999999999999999,0.14285714285714285,0.09090909090909091,0.31799999999999995,0.14285714285714285,100,0.003,0,0.0,False,False,,,,,,,,,
b2_poisson,0.85,2,23.043054580688477,13.638043403625488,48.507755279541016,22.03374671936035,49.28220748901367,50.54822540283203,79,14.7,STGAT,cases,orig,linear1,mass,repeat,implicit,open,flow,poisson,0.09999999999999999,0.14285714285714285,0.09090909090909091,0.31799999999999995,0.14285714285714285,100,0.003,0,0.0,False,False,,,,,,,,,
b3_rates,0.55,0,20.40822982788086,11.208125114440918,40.259307861328125,17.30983543395996,47.8610725402832,51.89012145996094,100,23.0,STGAT,cases,orig,linear1,mass,repeat,implicit,open,flow,mse,0.09999999999999999,0.14285714285714285,0.09090909090909091,0.31799999999999995,0.14285714285714285,100,0.003,0,0.0,True,True,0.73993980884552,0.09313838183879852,0.186916321516037,,,,,,
b3_rates,0.55,2,20.392980575561523,11.203241348266602,40.23926544189453,17.310104370117188,47.93129348754883,51.89012145996094,100,23.3,STGAT,cases,orig,linear1,mass,repeat,implicit,open,flow,mse,0.09999999999999999,0.14285714285714285,0.09090909090909091,0.31799999999999995,0.14285714285714285,100,0.003,0,0.0,True,True,0.7388940453529358,0.09333372861146927,0.186916321516037,,,,,,
b3_rates,0.55,1,20.400390625,11.203986167907715,40.2462272644043,17.306997299194336,47.905513763427734,51.89012145996094,100,23.3,STGAT,cases,orig,linear1,mass,repeat,implicit,open,flow,mse,0.09999999999999999,0.14285714285714285,0.09090909090909091,0.31799999999999995,0.14285714285714285,100,0.003,0,0.0,True,True,0.7386581897735596,0.09331230819225311,0.186916321516037,,,,,,
b3_rates,0.7,0,12.076481819152832,5.329463481903076,21.363971710205078,9.988545417785645,17.245527267456055,19.014223098754883,100,24.5,STGAT,cases,orig,linear1,mass,repeat,implicit,open,flow,mse,0.09999999999999999,0.14285714285714285,0.09090909090909091,0.31799999999999995,0.14285714285714285,100,0.003,0,0.0,True,True,0.7419690489768982,0.09378094971179962,0.186916321516037,,,,,,
b3_rates,0.7,1,12.072405815124512,5.33092737197876,21.367061614990234,9.988459587097168,17.269826889038086,19.014223098754883,100,24.7,STGAT,cases,orig,linear1,mass,repeat,implicit,open,flow,mse,0.09999999999999999,0.14285714285714285,0.09090909090909091,0.31799999999999995,0.14285714285714285,100,0.003,0,0.0,True,True,0.7402210831642151,0.0940241888165474,0.186916321516037,,,,,,
b3_rates,0.7,2,12.073580741882324,5.330352306365967,21.367603302001953,9.988025665283203,17.25745391845703,19.014223098754883,100,24.7,STGAT,cases,orig,linear1,mass,repeat,implicit,open,flow,mse,0.09999999999999999,0.14285714285714285,0.09090909090909091,0.31799999999999995,0.14285714285714285,100,0.003,0,0.0,True,True,0.7408784031867981,0.09396977722644806,0.186916321516037,,,,,,
b3_per_week,0.55,0,20.329097747802734,11.175508499145508,40.15697479248047,17.293964385986328,48.55325698852539,51.89012145996094,100,19.0,STGAT,cases,orig,linear1,mass,per_week,implicit,open,flow,mse,0.09999999999999999,0.14285714285714285,0.09090909090909091,0.31799999999999995,0.14285714285714285,100,0.003,0,0.0,True,False,0.7394044995307922,,,,,,,,
b3_per_week,0.55,1,20.33817481994629,11.174995422363281,40.1781120300293,17.29789924621582,48.68251037597656,51.89012145996094,100,18.8,STGAT,cases,orig,linear1,mass,per_week,implicit,open,flow,mse,0.09999999999999999,0.14285714285714285,0.09090909090909091,0.31799999999999995,0.14285714285714285,100,0.003,0,0.0,True,False,0.741723358631134,,,,,,,,
b3_per_week,0.55,2,20.32024383544922,11.167724609375,40.15925598144531,17.30550765991211,48.647972106933594,51.89012145996094,100,19.0,STGAT,cases,orig,linear1,mass,per_week,implicit,open,flow,mse,0.09999999999999999,0.14285714285714285,0.09090909090909091,0.31799999999999995,0.14285714285714285,100,0.003,0,0.0,True,False,0.741395890712738,,,,,,,,
b3_rates,0.85,2,21.25566864013672,12.857029914855957,45.584922790527344,20.306081771850586,45.41865921020508,50.54822540283203,100,23.1,STGAT,cases,orig,linear1,mass,repeat,implicit,open,flow,mse,0.09999999999999999,0.14285714285714285,0.09090909090909091,0.31799999999999995,0.14285714285714285,100,0.003,0,0.0,True,True,0.7410111427307129,0.09394854307174683,0.186916321516037,,,,,,
b3_rates,0.85,0,21.25389862060547,12.858137130737305,45.589969635009766,20.30415916442871,45.38008117675781,50.54822540283203,100,23.7,STGAT,cases,orig,linear1,mass,repeat,implicit,open,flow,mse,0.09999999999999999,0.14285714285714285,0.09090909090909091,0.31799999999999995,0.14285714285714285,100,0.003,0,0.0,True,True,0.7421035170555115,0.09375123679637909,0.186916321516037,,,,,,
b3_rates,0.85,1,21.255754470825195,12.85806655883789,45.58613204956055,20.30889129638672,45.45431900024414,50.54822540283203,100,23.6,STGAT,cases,orig,linear1,mass,repeat,implicit,open,flow,mse,0.09999999999999999,0.14285714285714285,0.09090909090909091,0.31799999999999995,0.14285714285714285,100,0.003,0,0.0,True,True,0.7403549551963806,0.0940004214644432,0.186916321516037,,,,,,
b3_per_week,0.7,0,12.070249557495117,5.334725379943848,21.393455505371094,9.986128807067871,17.442901611328125,19.014223098754883,100,21.6,STGAT,cases,orig,linear1,mass,per_week,implicit,open,flow,mse,0.09999999999999999,0.14285714285714285,0.09090909090909091,0.31799999999999995,0.14285714285714285,100,0.003,0,0.0,True,False,0.7400826811790466,,,,,,,,
b3_per_week,0.7,1,12.07835578918457,5.338775634765625,21.405073165893555,9.987602233886719,17.49942970275879,19.014223098754883,100,21.6,STGAT,cases,orig,linear1,mass,per_week,implicit,open,flow,mse,0.09999999999999999,0.14285714285714285,0.09090909090909091,0.31799999999999995,0.14285714285714285,100,0.003,0,0.0,True,False,0.742920458316803,,,,,,,,
b3_per_week,0.7,2,12.065690040588379,5.335834503173828,21.40508270263672,9.985689163208008,17.471887588500977,19.014223098754883,100,21.6,STGAT,cases,orig,linear1,mass,per_week,implicit,open,flow,mse,0.09999999999999999,0.14285714285714285,0.09090909090909091,0.31799999999999995,0.14285714285714285,100,0.003,0,0.0,True,False,0.7425346970558167,,,,,,,,
b3_per_week,0.85,0,21.33760643005371,12.860136985778809,45.558631896972656,20.309127807617188,45.9042854309082,50.54822540283203,100,22.7,STGAT,cases,orig,linear1,mass,per_week,implicit,open,flow,mse,0.09999999999999999,0.14285714285714285,0.09090909090909091,0.31799999999999995,0.14285714285714285,100,0.003,0,0.0,True,False,0.7401075959205627,,,,,,,,
b3_per_week,0.85,1,21.35784339904785,12.864128112792969,45.57521057128906,20.325698852539062,46.0647087097168,50.54822540283203,100,22.8,STGAT,cases,orig,linear1,mass,per_week,implicit,open,flow,mse,0.09999999999999999,0.14285714285714285,0.09090909090909091,0.31799999999999995,0.14285714285714285,100,0.003,0,0.0,True,False,0.7429758310317993,,,,,,,,
b3_per_week,0.85,2,21.355316162109375,12.864830017089844,45.54818344116211,20.317399978637695,45.99516677856445,50.54822540283203,100,22.7,STGAT,cases,orig,linear1,mass,per_week,implicit,open,flow,mse,0.09999999999999999,0.14285714285714285,0.09090909090909091,0.31799999999999995,0.14285714285714285,100,0.003,0,0.0,True,False,0.7425472140312195,,,,,,,,
b3_era5,0.55,0,21.247100830078125,11.710543632507324,42.600711822509766,18.632244110107422,52.12627410888672,51.89012145996094,91,17.3,STGAT,cases+era5,train_only,linear1,mass,repeat,implicit,open,flow,mse,0.09999999999999999,0.14285714285714285,0.09090909090909091,0.31799999999999995,0.14285714285714285,100,0.003,0,0.0,True,False,0.9167225956916809,,,,,,,,
b3_era5,0.55,1,17.844585418701172,10.330018043518066,41.12019348144531,17.69727325439453,55.6196174621582,51.89012145996094,100,18.9,STGAT,cases+era5,train_only,linear1,mass,repeat,implicit,open,flow,mse,0.09999999999999999,0.14285714285714285,0.09090909090909091,0.31799999999999995,0.14285714285714285,100,0.003,0,0.0,True,False,0.8703181743621826,,,,,,,,
b3_era5,0.55,2,18.138042449951172,10.468706130981445,45.59505081176758,18.80177879333496,55.67675018310547,51.89012145996094,100,19.0,STGAT,cases+era5,train_only,linear1,mass,repeat,implicit,open,flow,mse,0.09999999999999999,0.14285714285714285,0.09090909090909091,0.31799999999999995,0.14285714285714285,100,0.003,0,0.0,True,False,0.8918001651763916,,,,,,,,
b3_era5,0.7,1,12.014369010925293,5.59036922454834,21.788244247436523,10.104046821594238,18.59828758239746,19.014223098754883,97,19.8,STGAT,cases+era5,train_only,linear1,mass,repeat,implicit,open,flow,mse,0.09999999999999999,0.14285714285714285,0.09090909090909091,0.31799999999999995,0.14285714285714285,100,0.003,0,0.0,True,False,0.9012656211853027,,,,,,,,
b3_era5,0.7,0,11.80160140991211,5.492982864379883,21.60975456237793,10.067082405090332,18.641265869140625,19.014223098754883,100,20.4,STGAT,cases+era5,train_only,linear1,mass,repeat,implicit,open,flow,mse,0.09999999999999999,0.14285714285714285,0.09090909090909091,0.31799999999999995,0.14285714285714285,100,0.003,0,0.0,True,False,0.8695330619812012,,,,,,,,
b3_era5,0.7,2,11.718470573425293,5.5525336265563965,22.088157653808594,10.170448303222656,19.064786911010742,19.014223098754883,100,20.3,STGAT,cases+era5,train_only,linear1,mass,repeat,implicit,open,flow,mse,0.09999999999999999,0.14285714285714285,0.09090909090909091,0.31799999999999995,0.14285714285714285,100,0.003,0,0.0,True,False,0.8748065233230591,,,,,,,,
b3_era5,0.85,0,22.161338806152344,13.136994361877441,45.79839324951172,20.76540184020996,48.619571685791016,50.54822540283203,100,22.3,STGAT,cases+era5,train_only,linear1,mass,repeat,implicit,open,flow,mse,0.09999999999999999,0.14285714285714285,0.09090909090909091,0.31799999999999995,0.14285714285714285,100,0.003,0,0.0,True,False,0.8773180842399597,,,,,,,,
b3_era5,0.85,2,22.250534057617188,13.235637664794922,47.302207946777344,21.373825073242188,48.08652114868164,50.54822540283203,100,22.1,STGAT,cases+era5,train_only,linear1,mass,repeat,implicit,open,flow,mse,0.09999999999999999,0.14285714285714285,0.09090909090909091,0.31799999999999995,0.14285714285714285,100,0.003,0,0.0,True,False,0.7985788583755493,,,,,,,,
b3_era5,0.85,1,22.172161102294922,13.13869571685791,48.2480354309082,22.03324317932129,50.35274887084961,50.54822540283203,100,22.3,STGAT,cases+era5,train_only,linear1,mass,repeat,implicit,open,flow,mse,0.09999999999999999,0.14285714285714285,0.09090909090909091,0.31799999999999995,0.14285714285714285,100,0.003,0,0.0,True,False,0.799471378326416,,,,,,,,
b3_rates_pw,0.55,1,20.14028549194336,11.047871589660645,39.76224136352539,17.09033966064453,48.43978500366211,51.89012145996094,100,20.0,STGAT,cases,orig,linear1,mass,per_week,implicit,open,flow,mse,0.09999999999999999,0.14285714285714285,0.09090909090909091,0.31799999999999995,0.14285714285714285,100,0.003,0,0.0,True,True,0.7414734959602356,0.0775299221277237,0.186916321516037,,,,,,
b3_rates_pw,0.55,0,20.175289154052734,11.06660270690918,39.83639144897461,17.112106323242188,48.324790954589844,51.89012145996094,100,20.6,STGAT,cases,orig,linear1,mass,per_week,implicit,open,flow,mse,0.09999999999999999,0.14285714285714285,0.09090909090909091,0.31799999999999995,0.14285714285714285,100,0.003,0,0.0,True,True,0.7383556962013245,0.07945270091295242,0.186916321516037,,,,,,
b3_rates_pw,0.55,2,20.14799690246582,11.050145149230957,39.76560592651367,17.086822509765625,48.461326599121094,51.89012145996094,100,20.4,STGAT,cases,orig,linear1,mass,per_week,implicit,open,flow,mse,0.09999999999999999,0.14285714285714285,0.09090909090909091,0.31799999999999995,0.14285714285714285,100,0.003,0,0.0,True,True,0.7407205700874329,0.07741609960794449,0.186916321516037,,,,,,
b3_rates_pw,0.7,0,11.969727516174316,5.279224395751953,21.192920684814453,9.887885093688965,17.38433074951172,19.014223098754883,100,22.3,STGAT,cases,orig,linear1,mass,per_week,implicit,open,flow,mse,0.09999999999999999,0.14285714285714285,0.09090909090909091,0.31799999999999995,0.14285714285714285,100,0.003,0,0.0,True,True,0.7390222549438477,0.08018653839826584,0.186916321516037,,,,,,
b3_rates_pw,0.7,2,11.952441215515137,5.268454551696777,21.15148162841797,9.867999076843262,17.453174591064453,19.014223098754883,100,22.2,STGAT,cases,orig,linear1,mass,per_week,implicit,open,flow,mse,0.09999999999999999,0.14285714285714285,0.09090909090909091,0.31799999999999995,0.14285714285714285,100,0.003,0,0.0,True,True,0.7419577836990356,0.07778944820165634,0.186916321516037,,,,,,
b3_rates_pw,0.7,1,11.974617958068848,5.270846843719482,21.15118408203125,9.870506286621094,17.426639556884766,19.014223098754883,100,22.5,STGAT,cases,orig,linear1,mass,per_week,implicit,open,flow,mse,0.09999999999999999,0.14285714285714285,0.09090909090909091,0.31799999999999995,0.14285714285714285,100,0.003,0,0.0,True,True,0.7424120903015137,0.07807113230228424,0.186916321516037,,,,,,
b3_rates_pw,0.85,0,20.97913932800293,12.707807540893555,45.161415100097656,20.126794815063477,45.784080505371094,50.54822540283203,100,24.0,STGAT,cases,orig,linear1,mass,per_week,implicit,open,flow,mse,0.09999999999999999,0.14285714285714285,0.09090909090909091,0.31799999999999995,0.14285714285714285,100,0.003,0,0.0,True,True,0.7390798926353455,0.08016327023506165,0.186916321516037,,,,,,
b3_rates_pw,0.85,1,20.93075180053711,12.677397727966309,45.09260177612305,20.10051918029785,45.91339874267578,50.54822540283203,100,23.8,STGAT,cases,orig,linear1,mass,per_week,implicit,open,flow,mse,0.09999999999999999,0.14285714285714285,0.09090909090909091,0.31799999999999995,0.14285714285714285,100,0.003,0,0.0,True,True,0.7425165772438049,0.07801297307014465,0.186916321516037,,,,,,
b3_rates_pw,0.85,2,20.930692672729492,12.676185607910156,45.083961486816406,20.09678840637207,45.98640823364258,50.54822540283203,100,23.9,STGAT,cases,orig,linear1,mass,per_week,implicit,open,flow,mse,0.09999999999999999,0.14285714285714285,0.09090909090909091,0.31799999999999995,0.14285714285714285,100,0.003,0,0.0,True,True,0.7420290112495422,0.07772336155176163,0.186916321516037,,,,,,
b3_rates_era5,0.55,0,20.785106658935547,11.458748817443848,41.69337844848633,18.23979377746582,50.93086242675781,51.89012145996094,91,17.7,STGAT,cases+era5,train_only,linear1,mass,repeat,implicit,open,flow,mse,0.09999999999999999,0.14285714285714285,0.09090909090909091,0.31799999999999995,0.14285714285714285,100,0.003,0,0.0,True,True,0.9178940653800964,0.09157722443342209,0.15568923950195312,,,,,,
b3_rates_era5,0.55,2,17.79024314880371,10.277199745178223,44.20391082763672,18.152603149414062,53.995323181152344,51.89012145996094,100,19.3,STGAT,cases+era5,train_only,linear1,mass,repeat,implicit,open,flow,mse,0.09999999999999999,0.14285714285714285,0.09090909090909091,0.31799999999999995,0.14285714285714285,100,0.003,0,0.0,True,True,0.8949393033981323,0.08911978453397751,0.15956617891788483,,,,,,
b3_rates_era5,0.55,1,17.55849838256836,10.176297187805176,39.6424560546875,17.135448455810547,53.47800064086914,51.89012145996094,100,20.2,STGAT,cases+era5,train_only,linear1,mass,repeat,implicit,open,flow,mse,0.09999999999999999,0.14285714285714285,0.09090909090909091,0.31799999999999995,0.14285714285714285,100,0.003,0,0.0,True,True,0.8813064694404602,0.08774775266647339,0.16218508780002594,,,,,,
b3_rates_era5,0.7,1,11.891660690307617,5.550436496734619,21.659635543823242,10.028775215148926,18.599872589111328,19.014223098754883,97,21.0,STGAT,cases+era5,train_only,linear1,mass,repeat,implicit,open,flow,mse,0.09999999999999999,0.14285714285714285,0.09090909090909091,0.31799999999999995,0.14285714285714285,100,0.003,0,0.0,True,True,0.9032462239265442,0.0899515375494957,0.15826691687107086,,,,,,
b3_rates_era5,0.7,0,11.731460571289062,5.36407470703125,21.294950485229492,9.966500282287598,17.997814178466797,19.014223098754883,100,21.6,STGAT,cases+era5,train_only,linear1,mass,repeat,implicit,open,flow,mse,0.09999999999999999,0.14285714285714285,0.09090909090909091,0.31799999999999995,0.14285714285714285,100,0.003,0,0.0,True,True,0.88101726770401,0.08760564774274826,0.16218508780002594,,,,,,
b3_rates_era5,0.7,2,11.583696365356445,5.398773193359375,21.670656204223633,10.025582313537598,18.46196746826172,19.014223098754883,100,21.7,STGAT,cases+era5,train_only,linear1,mass,repeat,implicit,open,flow,mse,0.09999999999999999,0.14285714285714285,0.09090909090909091,0.31799999999999995,0.14285714285714285,100,0.003,0,0.0,True,True,0.8858909010887146,0.08821604400873184,0.16087225079536438,,,,,,
b3_rates_era5,0.85,0,21.790599822998047,12.972235679626465,45.18531799316406,20.39011573791504,47.674774169921875,50.54822540283203,100,23.6,STGAT,cases+era5,train_only,linear1,mass,repeat,implicit,open,flow,mse,0.09999999999999999,0.14285714285714285,0.09090909090909091,0.31799999999999995,0.14285714285714285,100,0.003,0,0.0,True,True,0.8810586333274841,0.08760109543800354,0.16218508780002594,,,,,,
b3_rates_era5,0.85,1,21.90986442565918,13.109710693359375,45.62657928466797,20.523841857910156,47.244850158691406,50.54822540283203,94,22.2,STGAT,cases+era5,train_only,linear1,mass,repeat,implicit,open,flow,mse,0.09999999999999999,0.14285714285714285,0.09090909090909091,0.31799999999999995,0.14285714285714285,100,0.003,0,0.0,True,True,0.9104748368263245,0.090754933655262,0.15697455406188965,,,,,,
b3_rates_era5,0.85,2,21.938947677612305,13.184706687927246,45.52985763549805,20.550357818603516,46.84560775756836,50.54822540283203,91,21.9,STGAT,cases+era5,train_only,linear1,mass,repeat,implicit,open,flow,mse,0.09999999999999999,0.14285714285714285,0.09090909090909091,0.31799999999999995,0.14285714285714285,100,0.003,0,0.0,True,True,0.916345477104187,0.09137946367263794,0.15568923950195312,,,,,,
b3_all,0.55,0,20.701641082763672,11.526291847229004,44.06378936767578,18.707075119018555,55.75113296508789,51.89012145996094,100,20.3,STGAT,cases+era5,train_only,linear1,mass,per_week,implicit,open,flow,mse,0.09999999999999999,0.14285714285714285,0.09090909090909091,0.31799999999999995,0.14285714285714285,100,0.003,0,0.0,True,True,0.841536819934845,0.08528774976730347,0.17984282970428467,,,,,,
b3_all,0.55,1,17.304866790771484,10.074663162231445,39.722415924072266,17.068035125732422,53.567359924316406,51.89012145996094,100,20.0,STGAT,cases+era5,train_only,linear1,mass,per_week,implicit,open,flow,mse,0.09999999999999999,0.14285714285714285,0.09090909090909091,0.31799999999999995,0.14285714285714285,100,0.003,0,0.0,True,True,0.87058424949646,0.08687775582075119,0.16350460052490234,,,,,,
b3_all,0.55,2,17.584915161132812,10.23563003540039,42.396270751953125,18.07349967956543,52.366188049316406,51.89012145996094,100,19.9,STGAT,cases+era5,train_only,linear1,mass,per_week,implicit,open,flow,mse,0.09999999999999999,0.14285714285714285,0.09090909090909091,0.31799999999999995,0.14285714285714285,100,0.003,0,0.0,True,True,0.900660514831543,0.09110639244318008,0.16087225079536438,,,,,,
b3_all,0.7,0,11.71130084991455,5.39181661605835,21.36461639404297,9.971368789672852,18.137516021728516,19.014223098754883,100,22.8,STGAT,cases+era5,train_only,linear1,mass,per_week,implicit,open,flow,mse,0.09999999999999999,0.14285714285714285,0.09090909090909091,0.31799999999999995,0.14285714285714285,100,0.003,0,0.0,True,True,0.8697611689567566,0.08678831905126572,0.16350460052490234,,,,,,
b3_all,0.7,2,11.778497695922852,5.518460273742676,21.74132537841797,10.035648345947266,18.709365844726562,19.014223098754883,100,22.3,STGAT,cases+era5,train_only,linear1,mass,per_week,implicit,open,flow,mse,0.09999999999999999,0.14285714285714285,0.09090909090909091,0.31799999999999995,0.14285714285714285,100,0.003,0,0.0,True,True,0.8805083632469177,0.08917148411273956,0.16483072936534882,,,,,,
b3_all,0.7,1,11.831474304199219,5.556362152099609,21.669963836669922,10.017022132873535,18.64238929748535,19.014223098754883,100,22.7,STGAT,cases+era5,train_only,linear1,mass,per_week,implicit,open,flow,mse,0.09999999999999999,0.14285714285714285,0.09090909090909091,0.31799999999999995,0.14285714285714285,100,0.003,0,0.0,True,True,0.8924871683120728,0.08884376287460327,0.15956617891788483,,,,,,
b3_all,0.85,1,21.817771911621094,13.0586576461792,45.29728317260742,20.425012588500977,47.501888275146484,50.54822540283203,97,22.1,STGAT,cases+era5,train_only,linear1,mass,per_week,implicit,open,flow,mse,0.09999999999999999,0.14285714285714285,0.09090909090909091,0.31799999999999995,0.14285714285714285,100,0.003,0,0.0,True,True,0.9000122547149658,0.08961258828639984,0.15826691687107086,,,,,,
b3_all,0.85,0,21.727550506591797,12.961304664611816,45.366477966308594,20.414613723754883,47.57027053833008,50.54822540283203,100,22.5,STGAT,cases+era5,train_only,linear1,mass,per_week,implicit,open,flow,mse,0.09999999999999999,0.14285714285714285,0.09090909090909091,0.31799999999999995,0.14285714285714285,100,0.003,0,0.0,True,True,0.8768376111984253,0.08737590909004211,0.16218508780002594,,,,,,
b3_all,0.85,2,21.867660522460938,13.119307518005371,45.327247619628906,20.411209106445312,47.210853576660156,50.54822540283203,100,22.0,STGAT,cases+era5,train_only,linear1,mass,per_week,implicit,open,flow,mse,0.09999999999999999,0.14285714285714285,0.09090909090909091,0.31799999999999995,0.14285714285714285,100,0.003,0,0.0,True,True,0.9029437899589539,0.09132777899503708,0.16087225079536438,,,,,,
b2_constbeta,0.55,2,20.1827335357666,11.133233070373535,40.12388229370117,17.486351013183594,50.691932678222656,51.89012145996094,100,8.0,STGAT,cases,orig,linear1,const,repeat,implicit,open,flow,mse,0.09999999999999999,0.14285714285714285,0.09090909090909091,0.31799999999999995,0.14285714285714285,100,0.003,0,0.0,True,False,0.7599059343338013,,,,,,,,
b2_constbeta,0.55,0,20.1827335357666,11.133233070373535,40.12388229370117,17.486351013183594,50.691932678222656,51.89012145996094,100,8.1,STGAT,cases,orig,linear1,const,repeat,implicit,open,flow,mse,0.09999999999999999,0.14285714285714285,0.09090909090909091,0.31799999999999995,0.14285714285714285,100,0.003,0,0.0,True,False,0.7599059343338013,,,,,,,,
b2_constbeta,0.55,1,20.1827335357666,11.133233070373535,40.12388229370117,17.486351013183594,50.691932678222656,51.89012145996094,100,8.1,STGAT,cases,orig,linear1,const,repeat,implicit,open,flow,mse,0.09999999999999999,0.14285714285714285,0.09090909090909091,0.31799999999999995,0.14285714285714285,100,0.003,0,0.0,True,False,0.7599059343338013,,,,,,,,
b2_constbeta,0.7,0,12.094212532043457,5.400939464569092,21.478836059570312,10.03114128112793,17.94979476928711,19.014223098754883,100,8.1,STGAT,cases,orig,linear1,const,repeat,implicit,open,flow,mse,0.09999999999999999,0.14285714285714285,0.09090909090909091,0.31799999999999995,0.14285714285714285,100,0.003,0,0.0,True,False,0.7528809309005737,,,,,,,,
b2_constbeta,0.7,1,12.094212532043457,5.400939464569092,21.478836059570312,10.03114128112793,17.94979476928711,19.014223098754883,100,8.2,STGAT,cases,orig,linear1,const,repeat,implicit,open,flow,mse,0.09999999999999999,0.14285714285714285,0.09090909090909091,0.31799999999999995,0.14285714285714285,100,0.003,0,0.0,True,False,0.7528809309005737,,,,,,,,
b2_constbeta,0.7,2,12.094212532043457,5.400939464569092,21.478836059570312,10.03114128112793,17.94979476928711,19.014223098754883,100,8.2,STGAT,cases,orig,linear1,const,repeat,implicit,open,flow,mse,0.09999999999999999,0.14285714285714285,0.09090909090909091,0.31799999999999995,0.14285714285714285,100,0.003,0,0.0,True,False,0.7528809309005737,,,,,,,,
b2_constbeta,0.85,0,21.312862396240234,12.873583793640137,45.623191833496094,20.35145378112793,45.932098388671875,50.54822540283203,100,4.2,STGAT,cases,orig,linear1,const,repeat,implicit,open,flow,mse,0.09999999999999999,0.14285714285714285,0.09090909090909091,0.31799999999999995,0.14285714285714285,100,0.003,0,0.0,True,False,0.7389336228370667,,,,,,,,
b2_constbeta,0.85,1,21.312862396240234,12.873583793640137,45.623191833496094,20.35145378112793,45.932098388671875,50.54822540283203,100,4.2,STGAT,cases,orig,linear1,const,repeat,implicit,open,flow,mse,0.09999999999999999,0.14285714285714285,0.09090909090909091,0.31799999999999995,0.14285714285714285,100,0.003,0,0.0,True,False,0.7389336228370667,,,,,,,,
b2_constbeta,0.85,2,21.312862396240234,12.873583793640137,45.623191833496094,20.35145378112793,45.932098388671875,50.54822540283203,100,4.2,STGAT,cases,orig,linear1,const,repeat,implicit,open,flow,mse,0.09999999999999999,0.14285714285714285,0.09090909090909091,0.31799999999999995,0.14285714285714285,100,0.003,0,0.0,True,False,0.7389336228370667,,,,,,,,
b2_constbeta_pw,0.55,1,20.180435180664062,11.1336669921875,40.12814712524414,17.49591064453125,50.765411376953125,51.89012145996094,100,4.0,STGAT,cases,orig,linear1,const,per_week,implicit,open,flow,mse,0.09999999999999999,0.14285714285714285,0.09090909090909091,0.31799999999999995,0.14285714285714285,100,0.003,0,0.0,True,False,0.7605602145195007,,,,,,,,
b2_constbeta_pw,0.55,0,20.180435180664062,11.1336669921875,40.12814712524414,17.49591064453125,50.765411376953125,51.89012145996094,100,4.1,STGAT,cases,orig,linear1,const,per_week,implicit,open,flow,mse,0.09999999999999999,0.14285714285714285,0.09090909090909091,0.31799999999999995,0.14285714285714285,100,0.003,0,0.0,True,False,0.7605602145195007,,,,,,,,
b2_constbeta_pw,0.55,2,20.180435180664062,11.1336669921875,40.12814712524414,17.49591064453125,50.765411376953125,51.89012145996094,100,4.1,STGAT,cases,orig,linear1,const,per_week,implicit,open,flow,mse,0.09999999999999999,0.14285714285714285,0.09090909090909091,0.31799999999999995,0.14285714285714285,100,0.003,0,0.0,True,False,0.7605602145195007,,,,,,,,
b2_constbeta_pw,0.7,0,12.093143463134766,5.404078006744385,21.486160278320312,10.032212257385254,17.98015022277832,19.014223098754883,100,4.1,STGAT,cases,orig,linear1,const,per_week,implicit,open,flow,mse,0.09999999999999999,0.14285714285714285,0.09090909090909091,0.31799999999999995,0.14285714285714285,100,0.003,0,0.0,True,False,0.7536552548408508,,,,,,,,
b2_constbeta_pw,0.7,1,12.093143463134766,5.404078006744385,21.486160278320312,10.032212257385254,17.98015022277832,19.014223098754883,100,4.1,STGAT,cases,orig,linear1,const,per_week,implicit,open,flow,mse,0.09999999999999999,0.14285714285714285,0.09090909090909091,0.31799999999999995,0.14285714285714285,100,0.003,0,0.0,True,False,0.7536552548408508,,,,,,,,
b2_constbeta_pw,0.7,2,12.093143463134766,5.404078006744385,21.486160278320312,10.032212257385254,17.98015022277832,19.014223098754883,100,4.1,STGAT,cases,orig,linear1,const,per_week,implicit,open,flow,mse,0.09999999999999999,0.14285714285714285,0.09090909090909091,0.31799999999999995,0.14285714285714285,100,0.003,0,0.0,True,False,0.7536552548408508,,,,,,,,
b2_constbeta_pw,0.85,0,21.321374893188477,12.87308120727539,45.6184196472168,20.3560791015625,46.0399284362793,50.54822540283203,100,4.4,STGAT,cases,orig,linear1,const,per_week,implicit,open,flow,mse,0.09999999999999999,0.14285714285714285,0.09090909090909091,0.31799999999999995,0.14285714285714285,100,0.003,0,0.0,True,False,0.7400072813034058,,,,,,,,
b2_constbeta_pw,0.85,1,21.321374893188477,12.87308120727539,45.6184196472168,20.3560791015625,46.0399284362793,50.54822540283203,100,4.7,STGAT,cases,orig,linear1,const,per_week,implicit,open,flow,mse,0.09999999999999999,0.14285714285714285,0.09090909090909091,0.31799999999999995,0.14285714285714285,100,0.003,0,0.0,True,False,0.7400072813034058,,,,,,,,
b2_constbeta_pw,0.85,2,21.321374893188477,12.87308120727539,45.6184196472168,20.3560791015625,46.0399284362793,50.54822540283203,100,4.5,STGAT,cases,orig,linear1,const,per_week,implicit,open,flow,mse,0.09999999999999999,0.14285714285714285,0.09090909090909091,0.31799999999999995,0.14285714285714285,100,0.003,0,0.0,True,False,0.7400072813034058,,,,,,,,
b3_norm,0.55,2,21.165449142456055,11.837961196899414,43.11884307861328,18.931106567382812,53.723426818847656,51.89012145996094,82,15.5,STGAT,cases,train_only,linear1,mass,repeat,implicit,open,flow,mse,0.09999999999999999,0.14285714285714285,0.09090909090909091,0.31799999999999995,0.14285714285714285,100,0.003,0,0.0,True,False,0.9388810396194458,,,,,,,,
b3_norm,0.7,2,12.498542785644531,5.736999988555908,22.278894424438477,10.425586700439453,19.459678649902344,19.014223098754883,82,16.8,STGAT,cases,train_only,linear1,mass,repeat,implicit,open,flow,mse,0.09999999999999999,0.14285714285714285,0.09090909090909091,0.31799999999999995,0.14285714285714285,100,0.003,0,0.0,True,False,0.9378414750099182,,,,,,,,
b3_norm,0.55,0,20.038841247558594,11.162775993347168,40.06819534301758,17.57649803161621,51.130638122558594,51.89012145996094,100,18.6,STGAT,cases,train_only,linear1,mass,repeat,implicit,open,flow,mse,0.09999999999999999,0.14285714285714285,0.09090909090909091,0.31799999999999995,0.14285714285714285,100,0.003,0,0.0,True,False,0.8035171627998352,,,,,,,,
b3_norm,0.55,1,20.6854190826416,11.282115936279297,46.92717742919922,19.717702865600586,54.90413284301758,51.89012145996094,100,19.2,STGAT,cases,train_only,linear1,mass,repeat,implicit,open,flow,mse,0.09999999999999999,0.14285714285714285,0.09090909090909091,0.31799999999999995,0.14285714285714285,100,0.003,0,0.0,True,False,0.7950006127357483,,,,,,,,
b3_norm,0.7,0,12.084697723388672,5.568865776062012,21.854509353637695,10.118788719177246,18.74944496154785,19.014223098754883,100,20.0,STGAT,cases,train_only,linear1,mass,repeat,implicit,open,flow,mse,0.09999999999999999,0.14285714285714285,0.09090909090909091,0.31799999999999995,0.14285714285714285,100,0.003,0,0.0,True,False,0.8112443089485168,,,,,,,,
b3_norm,0.7,1,12.35290241241455,5.501023292541504,21.725736618041992,10.088556289672852,18.15886116027832,19.014223098754883,100,20.4,STGAT,cases,train_only,linear1,mass,repeat,implicit,open,flow,mse,0.09999999999999999,0.14285714285714285,0.09090909090909091,0.31799999999999995,0.14285714285714285,100,0.003,0,0.0,True,False,0.8015114068984985,,,,,,,,
b3_norm,0.85,2,22.871925354003906,13.605375289916992,47.78293991088867,21.612625122070312,48.677127838134766,50.54822540283203,79,17.8,STGAT,cases,train_only,linear1,mass,repeat,implicit,open,flow,mse,0.09999999999999999,0.14285714285714285,0.09090909090909091,0.31799999999999995,0.14285714285714285,100,0.003,0,0.0,True,False,0.9451941251754761,,,,,,,,
b3_norm,0.85,0,21.76744270324707,13.008100509643555,45.99311447143555,20.63043785095215,47.14353942871094,50.54822540283203,100,22.3,STGAT,cases,train_only,linear1,mass,repeat,implicit,open,flow,mse,0.09999999999999999,0.14285714285714285,0.09090909090909091,0.31799999999999995,0.14285714285714285,100,0.003,0,0.0,True,False,0.8271998763084412,,,,,,,,
b3_norm,0.85,1,21.803377151489258,13.026993751525879,46.34769058227539,21.097707748413086,47.78467559814453,50.54822540283203,100,22.2,STGAT,cases,train_only,linear1,mass,repeat,implicit,open,flow,mse,0.09999999999999999,0.14285714285714285,0.09090909090909091,0.31799999999999995,0.14285714285714285,100,0.003,0,0.0,True,False,0.7964712381362915,,,,,,,,
b3_rates_pw_norm,0.55,0,19.931934356689453,11.05490779876709,39.786949157714844,17.323009490966797,49.801109313964844,51.89012145996094,100,20.5,STGAT,cases,train_only,linear1,mass,per_week,implicit,open,flow,mse,0.09999999999999999,0.14285714285714285,0.09090909090909091,0.31799999999999995,0.14285714285714285,100,0.003,0,0.0,True,True,0.8176935911178589,0.08411528170108795,0.17292390763759613,,,,,,
b3_rates_pw_norm,0.55,2,20.313623428344727,11.396985054016113,40.341915130615234,18.059770584106445,52.59028244018555,51.89012145996094,97,19.7,STGAT,cases,train_only,linear1,mass,per_week,implicit,open,flow,mse,0.09999999999999999,0.14285714285714285,0.09090909090909091,0.31799999999999995,0.14285714285714285,100,0.003,0,0.0,True,True,0.9073333740234375,0.09095791727304459,0.15826691687107086,,,,,,
b3_rates_pw_norm,0.55,1,20.03592300415039,11.250547409057617,39.92482376098633,17.771047592163086,51.934913635253906,51.89012145996094,100,20.8,STGAT,cases,train_only,linear1,mass,per_week,implicit,open,flow,mse,0.09999999999999999,0.14285714285714285,0.09090909090909091,0.31799999999999995,0.14285714285714285,100,0.003,0,0.0,True,True,0.8972883224487305,0.08971474319696426,0.15956617891788483,,,,,,
b3_rates_pw_norm,0.7,1,12.178253173828125,5.8642964363098145,22.61521339416504,10.52573299407959,20.153488159179688,19.014223098754883,82,18.5,STGAT,cases,train_only,linear1,mass,per_week,implicit,open,flow,mse,0.09999999999999999,0.14285714285714285,0.09090909090909091,0.31799999999999995,0.14285714285714285,100,0.003,0,0.0,True,True,0.9366680979728699,0.09393086284399033,0.15187662839889526,,,,,,
b3_rates_pw_norm,0.7,2,12.096541404724121,5.676822662353516,22.115049362182617,10.367183685302734,19.34785270690918,19.014223098754883,82,18.5,STGAT,cases,train_only,linear1,mass,per_week,implicit,open,flow,mse,0.09999999999999999,0.14285714285714285,0.09090909090909091,0.31799999999999995,0.14285714285714285,100,0.003,0,0.0,True,True,0.9370080232620239,0.09396425634622574,0.15187662839889526,,,,,,
b3_rates_pw_norm,0.7,0,12.045023918151855,5.489595413208008,21.655853271484375,10.06003475189209,18.33124351501465,19.014223098754883,100,21.9,STGAT,cases,train_only,linear1,mass,per_week,implicit,open,flow,mse,0.09999999999999999,0.14285714285714285,0.09090909090909091,0.31799999999999995,0.14285714285714285,100,0.003,0,0.0,True,True,0.8340353965759277,0.08508417010307312,0.17020049691200256,,,,,,
b3_rates_pw_norm,0.85,1,22.42073631286621,13.369309425354004,46.77223205566406,21.049869537353516,48.01643753051758,50.54822540283203,85,19.6,STGAT,cases,train_only,linear1,mass,per_week,implicit,open,flow,mse,0.09999999999999999,0.14285714285714285,0.09090909090909091,0.31799999999999995,0.14285714285714285,100,0.003,0,0.0,True,True,0.9299842119216919,0.09321179240942001,0.1531401127576828,,,,,,
b3_rates_pw_norm,0.85,2,22.300630569458008,13.3165864944458,46.4797248840332,20.902559280395508,47.58322525024414,50.54822540283203,85,19.4,STGAT,cases,train_only,linear1,mass,per_week,implicit,open,flow,mse,0.09999999999999999,0.14285714285714285,0.09090909090909091,0.31799999999999995,0.14285714285714285,100,0.003,0,0.0,True,True,0.9312270283699036,0.09334442764520645,0.1531401127576828,,,,,,
b3_rates_pw_norm,0.85,0,21.433992385864258,12.904594421386719,45.65106964111328,20.37150001525879,46.07460403442383,50.54822540283203,100,22.0,STGAT,cases,train_only,linear1,mass,per_week,implicit,open,flow,mse,0.09999999999999999,0.14285714285714285,0.09090909090909091,0.31799999999999995,0.14285714285714285,100,0.003,0,0.0,True,True,0.8420378565788269,0.08552904427051544,0.16884835064411163,,,,,,
const_district_season,0.55,1,23.886367797851562,12.890416145324707,45.41840744018555,19.456668853759766,49.070003509521484,51.89012145996094,100,5.7,STGAT,cases,orig,linear1,const,per_week,implicit,open,flow,mse,0.09999999999999999,0.14285714285714285,0.09090909090909091,0.31799999999999995,0.14285714285714285,100,0.003,0,0.0,True,True,0.8005488514900208,0.082410529255867,0.17567266523838043,False,True,2.0,,,
const_district_season,0.55,0,23.886367797851562,12.890416145324707,45.41840744018555,19.456668853759766,49.070003509521484,51.89012145996094,100,5.7,STGAT,cases,orig,linear1,const,per_week,implicit,open,flow,mse,0.09999999999999999,0.14285714285714285,0.09090909090909091,0.31799999999999995,0.14285714285714285,100,0.003,0,0.0,True,True,0.8005488514900208,0.082410529255867,0.17567266523838043,False,True,2.0,,,
const_district_season,0.55,2,23.886367797851562,12.890416145324707,45.41840744018555,19.456668853759766,49.070003509521484,51.89012145996094,100,5.6,STGAT,cases,orig,linear1,const,per_week,implicit,open,flow,mse,0.09999999999999999,0.14285714285714285,0.09090909090909091,0.31799999999999995,0.14285714285714285,100,0.003,0,0.0,True,True,0.8005488514900208,0.082410529255867,0.17567266523838043,False,True,2.0,,,
const_district_season,0.7,0,11.678985595703125,5.288276672363281,22.7099609375,10.508917808532715,20.008811950683594,19.014223098754883,100,5.3,STGAT,cases,orig,linear1,const,per_week,implicit,open,flow,mse,0.09999999999999999,0.14285714285714285,0.09090909090909091,0.31799999999999995,0.14285714285714285,100,0.003,0,0.0,True,True,0.8322431445121765,0.08407028019428253,0.16884835064411163,False,True,2.0,,,
const_district_season,0.7,1,11.678985595703125,5.288276672363281,22.7099609375,10.508917808532715,20.008811950683594,19.014223098754883,100,5.4,STGAT,cases,orig,linear1,const,per_week,implicit,open,flow,mse,0.09999999999999999,0.14285714285714285,0.09090909090909091,0.31799999999999995,0.14285714285714285,100,0.003,0,0.0,True,True,0.8322431445121765,0.08407028019428253,0.16884835064411163,False,True,2.0,,,
const_district_season,0.7,2,11.678985595703125,5.288276672363281,22.7099609375,10.508917808532715,20.008811950683594,19.014223098754883,100,5.3,STGAT,cases,orig,linear1,const,per_week,implicit,open,flow,mse,0.09999999999999999,0.14285714285714285,0.09090909090909091,0.31799999999999995,0.14285714285714285,100,0.003,0,0.0,True,True,0.8322431445121765,0.08407028019428253,0.16884835064411163,False,True,2.0,,,
const_district_season,0.85,1,22.000263214111328,13.265742301940918,46.149261474609375,20.496986389160156,46.680763244628906,50.54822540283203,100,7.5,STGAT,cases,orig,linear1,const,per_week,implicit,open,flow,mse,0.09999999999999999,0.14285714285714285,0.09090909090909091,0.31799999999999995,0.14285714285714285,100,0.003,0,0.0,True,True,0.7916901707649231,0.0820099264383316,0.17705652117729187,False,True,2.0,,,
const_district_season,0.85,0,22.000263214111328,13.265742301940918,46.149261474609375,20.496986389160156,46.680763244628906,50.54822540283203,100,7.5,STGAT,cases,orig,linear1,const,per_week,implicit,open,flow,mse,0.09999999999999999,0.14285714285714285,0.09090909090909091,0.31799999999999995,0.14285714285714285,100,0.003,0,0.0,True,True,0.7916901707649231,0.0820099264383316,0.17705652117729187,False,True,2.0,,,
const_district_season,0.85,2,22.000263214111328,13.265742301940918,46.149261474609375,20.496986389160156,46.680763244628906,50.54822540283203,100,7.6,STGAT,cases,orig,linear1,const,per_week,implicit,open,flow,mse,0.09999999999999999,0.14285714285714285,0.09090909090909091,0.31799999999999995,0.14285714285714285,100,0.003,0,0.0,True,True,0.7916901707649231,0.0820099264383316,0.17705652117729187,False,True,2.0,,,
mod,0.55,0,20.118587493896484,11.051318168640137,39.77475357055664,17.16696548461914,49.201045989990234,51.89012145996094,100,23.3,STGAT,cases,orig,linear1,mod,per_week,implicit,open,flow,mse,0.09999999999999999,0.14285714285714285,0.09090909090909091,0.31799999999999995,0.14285714285714285,100,0.003,0,0.0,True,True,0.74578458070755,0.07991248369216919,0.1854894459247589,False,False,2.0,,,
mod,0.55,1,20.123485565185547,11.050300598144531,39.764495849609375,17.127201080322266,48.85464859008789,51.89012145996094,100,23.4,STGAT,cases,orig,linear1,mod,per_week,implicit,open,flow,mse,0.09999999999999999,0.14285714285714285,0.09090909090909091,0.31799999999999995,0.14285714285714285,100,0.003,0,0.0,True,True,0.7440531849861145,0.07962998002767563,0.1854894459247589,False,False,2.0,,,
mod,0.55,2,20.13315200805664,11.056082725524902,39.783931732177734,17.13509178161621,48.879127502441406,51.89012145996094,100,23.4,STGAT,cases,orig,linear1,mod,per_week,implicit,open,flow,mse,0.09999999999999999,0.14285714285714285,0.09090909090909091,0.31799999999999995,0.14285714285714285,100,0.003,0,0.0,True,True,0.7452960014343262,0.08052902668714523,0.1854894459247589,False,False,2.0,,,
mod,0.7,0,11.968135833740234,5.284053802490234,21.170612335205078,9.874894142150879,17.536489486694336,19.014223098754883,100,24.8,STGAT,cases,orig,linear1,mod,per_week,implicit,open,flow,mse,0.09999999999999999,0.14285714285714285,0.09090909090909091,0.31799999999999995,0.14285714285714285,100,0.003,0,0.0,True,True,0.7459186315536499,0.08020024001598358,0.1854894459247589,False,False,2.0,,,
mod,0.7,2,11.968047142028809,5.291729927062988,21.213382720947266,9.886798858642578,17.536474227905273,19.014223098754883,100,25.1,STGAT,cases,orig,linear1,mod,per_week,implicit,open,flow,mse,0.09999999999999999,0.14285714285714285,0.09090909090909091,0.31799999999999995,0.14285714285714285,100,0.003,0,0.0,True,True,0.7441360950469971,0.0804980918765068,0.186916321516037,False,False,2.0,,,
mod,0.7,1,11.959376335144043,5.303109169006348,21.246877670288086,9.897390365600586,17.655275344848633,19.014223098754883,100,25.3,STGAT,cases,orig,linear1,mod,per_week,implicit,open,flow,mse,0.09999999999999999,0.14285714285714285,0.09090909090909091,0.31799999999999995,0.14285714285714285,100,0.003,0,0.0,True,True,0.7515816688537598,0.08033683151006699,0.18406863510608673,False,False,2.0,,,
mod_district,0.55,0,20.103343963623047,11.047141075134277,39.74056625366211,17.143932342529297,49.12455749511719,51.89012145996094,100,20.2,STGAT,cases,orig,linear1,mod,per_week,implicit,open,flow,mse,0.09999999999999999,0.14285714285714285,0.09090909090909091,0.31799999999999995,0.14285714285714285,100,0.003,0,0.0,True,True,0.7454813122749329,0.0798516720533371,0.1854894459247589,True,False,2.0,,,
mod_district,0.55,2,20.12017059326172,11.035755157470703,39.75700378417969,17.11661720275879,48.82362365722656,51.89012145996094,100,20.0,STGAT,cases,orig,linear1,mod,per_week,implicit,open,flow,mse,0.09999999999999999,0.14285714285714285,0.09090909090909091,0.31799999999999995,0.14285714285714285,100,0.003,0,0.0,True,True,0.7462387681007385,0.08017384260892868,0.1854894459247589,True,False,2.0,,,
mod_district,0.55,1,20.114791870117188,11.047296524047852,39.752960205078125,17.13074493408203,48.952293395996094,51.89012145996094,100,20.3,STGAT,cases,orig,linear1,mod,per_week,implicit,open,flow,mse,0.09999999999999999,0.14285714285714285,0.09090909090909091,0.31799999999999995,0.14285714285714285,100,0.003,0,0.0,True,True,0.7436733245849609,0.0796356275677681,0.1854894459247589,True,False,2.0,,,
mod,0.85,0,20.876867294311523,12.67131233215332,45.075286865234375,20.044694900512695,45.300743103027344,50.54822540283203,100,22.7,STGAT,cases,orig,linear1,mod,per_week,implicit,open,flow,mse,0.09999999999999999,0.14285714285714285,0.09090909090909091,0.31799999999999995,0.14285714285714285,100,0.003,0,0.0,True,True,0.7405825257301331,0.07964961975812912,0.186916321516037,False,False,2.0,,,
mod,0.85,1,20.926076889038086,12.687714576721191,45.1037712097168,20.066020965576172,45.486968994140625,50.54822540283203,100,23.0,STGAT,cases,orig,linear1,mod,per_week,implicit,open,flow,mse,0.09999999999999999,0.14285714285714285,0.09090909090909091,0.31799999999999995,0.14285714285714285,100,0.003,0,0.0,True,True,0.7446230053901672,0.07987594604492188,0.1854894459247589,False,False,2.0,,,
mod,0.85,2,20.931447982788086,12.688722610473633,45.13069534301758,20.088157653808594,45.54335021972656,50.54822540283203,100,23.0,STGAT,cases,orig,linear1,mod,per_week,implicit,open,flow,mse,0.09999999999999999,0.14285714285714285,0.09090909090909091,0.31799999999999995,0.14285714285714285,100,0.003,0,0.0,True,True,0.7404004335403442,0.08007624000310898,0.186916321516037,False,False,2.0,,,
mod_district,0.7,0,11.9592924118042,5.281605243682861,21.17120933532715,9.873514175415039,17.542369842529297,19.014223098754883,100,22.7,STGAT,cases,orig,linear1,mod,per_week,implicit,open,flow,mse,0.09999999999999999,0.14285714285714285,0.09090909090909091,0.31799999999999995,0.14285714285714285,100,0.003,0,0.0,True,True,0.7458308339118958,0.08016541600227356,0.1854894459247589,True,False,2.0,,,
mod_district,0.7,1,11.948647499084473,5.310948371887207,21.260913848876953,9.895187377929688,17.722339630126953,19.014223098754883,100,22.7,STGAT,cases,orig,linear1,mod,per_week,implicit,open,flow,mse,0.09999999999999999,0.14285714285714285,0.09090909090909091,0.31799999999999995,0.14285714285714285,100,0.003,0,0.0,True,True,0.747340977191925,0.08015435934066772,0.1854894459247589,True,False,2.0,,,
mod_district,0.7,2,11.953265190124512,5.295721530914307,21.22245979309082,9.88667106628418,17.602991104125977,19.014223098754883,100,22.8,STGAT,cases,orig,linear1,mod,per_week,implicit,open,flow,mse,0.09999999999999999,0.14285714285714285,0.09090909090909091,0.31799999999999995,0.14285714285714285,100,0.003,0,0.0,True,True,0.7459497451782227,0.08032502979040146,0.1854894459247589,True,False,2.0,,,
mod_district,0.85,0,20.936664581298828,12.679725646972656,45.0817756652832,20.081117630004883,45.86967468261719,50.54822540283203,100,24.3,STGAT,cases,orig,linear1,mod,per_week,implicit,open,flow,mse,0.09999999999999999,0.14285714285714285,0.09090909090909091,0.31799999999999995,0.14285714285714285,100,0.003,0,0.0,True,True,0.7446279525756836,0.07985641807317734,0.1854894459247589,True,False,2.0,,,
mod_district,0.85,2,20.972387313842773,12.695887565612793,45.14320755004883,20.1185359954834,46.000064849853516,50.54822540283203,100,23.8,STGAT,cases,orig,linear1,mod,per_week,implicit,open,flow,mse,0.09999999999999999,0.14285714285714285,0.09090909090909091,0.31799999999999995,0.14285714285714285,100,0.003,0,0.0,True,True,0.7402530908584595,0.08007431030273438,0.186916321516037,True,False,2.0,,,
mod_district,0.85,1,20.93327522277832,12.691571235656738,45.11027908325195,20.070451736450195,45.48528289794922,50.54822540283203,100,24.4,STGAT,cases,orig,linear1,mod,per_week,implicit,open,flow,mse,0.09999999999999999,0.14285714285714285,0.09090909090909091,0.31799999999999995,0.14285714285714285,100,0.003,0,0.0,True,True,0.7442831993103027,0.07988685369491577,0.1854894459247589,True,False,2.0,,,
mod_season,0.55,0,21.33439064025879,11.67967414855957,42.425506591796875,18.347450256347656,49.69121170043945,51.89012145996094,79,15.6,STGAT,cases,orig,linear1,mod,per_week,implicit,open,flow,mse,0.09999999999999999,0.14285714285714285,0.09090909090909091,0.31799999999999995,0.14285714285714285,100,0.003,0,0.0,True,True,0.9453135132789612,0.09469323605298996,0.15062075853347778,False,True,2.0,,,
mod_season,0.55,1,21.376989364624023,11.669663429260254,42.15169143676758,18.220165252685547,49.287139892578125,51.89012145996094,88,17.5,STGAT,cases,orig,linear1,mod,per_week,implicit,open,flow,mse,0.09999999999999999,0.14285714285714285,0.09090909090909091,0.31799999999999995,0.14285714285714285,100,0.003,0,0.0,True,True,0.9221258759498596,0.09233077615499496,0.15441101789474487,False,True,2.0,,,
mod_season,0.55,2,21.557558059692383,11.682695388793945,42.32809066772461,18.13385772705078,48.666175842285156,51.89012145996094,91,17.8,STGAT,cases,orig,linear1,mod,per_week,implicit,open,flow,mse,0.09999999999999999,0.14285714285714285,0.09090909090909091,0.31799999999999995,0.14285714285714285,100,0.003,0,0.0,True,True,0.9136897921562195,0.09153538942337036,0.15568923950195312,False,True,2.0,,,
mod_season,0.7,0,11.99240779876709,5.1104207038879395,22.00611114501953,10.294244766235352,18.922847747802734,19.014223098754883,100,21.5,STGAT,cases,orig,linear1,mod,per_week,implicit,open,flow,mse,0.09999999999999999,0.14285714285714285,0.09090909090909091,0.31799999999999995,0.14285714285714285,100,0.003,0,0.0,True,True,0.7559513449668884,0.08102324604988098,0.1854894459247589,False,True,2.0,,,
mod_season,0.7,1,12.00305461883545,5.09861946105957,21.852828979492188,10.231892585754395,18.592676162719727,19.014223098754883,100,21.5,STGAT,cases,orig,linear1,mod,per_week,implicit,open,flow,mse,0.09999999999999999,0.14285714285714285,0.09090909090909091,0.31799999999999995,0.14285714285714285,100,0.003,0,0.0,True,True,0.7597918510437012,0.08092208206653595,0.18406863510608673,False,True,2.0,,,
mod_season,0.7,2,11.987983703613281,5.080726623535156,21.887292861938477,10.256834983825684,18.64153289794922,19.014223098754883,100,21.3,STGAT,cases,orig,linear1,mod,per_week,implicit,open,flow,mse,0.09999999999999999,0.14285714285714285,0.09090909090909091,0.31799999999999995,0.14285714285714285,100,0.003,0,0.0,True,True,0.7468422651290894,0.08053011447191238,0.186916321516037,False,True,2.0,,,
mod_season,0.85,0,21.781314849853516,13.008991241455078,45.828704833984375,20.287277221679688,46.08620071411133,50.54822540283203,100,23.5,STGAT,cases,orig,linear1,mod,per_week,implicit,open,flow,mse,0.09999999999999999,0.14285714285714285,0.09090909090909091,0.31799999999999995,0.14285714285714285,100,0.003,0,0.0,True,True,0.8015581965446472,0.08385831862688065,0.17567266523838043,False,True,2.0,,,
mod_district_season,0.55,0,21.339014053344727,11.68283462524414,42.43431854248047,18.349491119384766,49.6442756652832,51.89012145996094,79,16.0,STGAT,cases,orig,linear1,mod,per_week,implicit,open,flow,mse,0.09999999999999999,0.14285714285714285,0.09090909090909091,0.31799999999999995,0.14285714285714285,100,0.003,0,0.0,True,True,0.9453474879264832,0.09469685703516006,0.15062075853347778,True,True,2.0,,,
mod_season,0.85,1,21.796194076538086,13.019570350646973,45.96727752685547,20.424972534179688,46.146602630615234,50.54822540283203,100,23.5,STGAT,cases,orig,linear1,mod,per_week,implicit,open,flow,mse,0.09999999999999999,0.14285714285714285,0.09090909090909091,0.31799999999999995,0.14285714285714285,100,0.003,0,0.0,True,True,0.8584592342376709,0.08733291178941727,0.16483072936534882,False,True,2.0,,,
mod_district_season,0.55,1,21.38614273071289,11.674729347229004,42.18080520629883,18.222946166992188,49.1441650390625,51.89012145996094,88,17.6,STGAT,cases,orig,linear1,mod,per_week,implicit,open,flow,mse,0.09999999999999999,0.14285714285714285,0.09090909090909091,0.31799999999999995,0.14285714285714285,100,0.003,0,0.0,True,True,0.922120213508606,0.0923323780298233,0.15441101789474487,True,True,2.0,,,
mod_season,0.85,2,21.80218505859375,13.01169490814209,45.94327163696289,20.408456802368164,46.3868293762207,50.54822540283203,100,23.4,STGAT,cases,orig,linear1,mod,per_week,implicit,open,flow,mse,0.09999999999999999,0.14285714285714285,0.09090909090909091,0.31799999999999995,0.14285714285714285,100,0.003,0,0.0,True,True,0.8426931500434875,0.08598633110523224,0.16750265657901764,False,True,2.0,,,
mod_district_season,0.55,2,21.575611114501953,11.685441017150879,42.37562942504883,18.134376525878906,48.41888427734375,51.89012145996094,91,18.7,STGAT,cases,orig,linear1,mod,per_week,implicit,open,flow,mse,0.09999999999999999,0.14285714285714285,0.09090909090909091,0.31799999999999995,0.14285714285714285,100,0.003,0,0.0,True,True,0.9137744307518005,0.09154234081506729,0.15568923950195312,True,True,2.0,,,
mod_district_season,0.7,0,11.987774848937988,5.113179683685303,22.025516510009766,10.300646781921387,18.961334228515625,19.014223098754883,100,22.9,STGAT,cases,orig,linear1,mod,per_week,implicit,open,flow,mse,0.09999999999999999,0.14285714285714285,0.09090909090909091,0.31799999999999995,0.14285714285714285,100,0.003,0,0.0,True,True,0.7560741901397705,0.08098875731229782,0.1854894459247589,True,True,2.0,,,
mod_district_season,0.7,1,11.993727684020996,5.08583927154541,21.8875789642334,10.255456924438477,18.69098663330078,19.014223098754883,100,22.7,STGAT,cases,orig,linear1,mod,per_week,implicit,open,flow,mse,0.09999999999999999,0.14285714285714285,0.09090909090909091,0.31799999999999995,0.14285714285714285,100,0.003,0,0.0,True,True,0.7481379508972168,0.08034319430589676,0.186916321516037,True,True,2.0,,,
mod_district_season,0.7,2,11.98463249206543,5.082023620605469,21.9086856842041,10.266005516052246,18.694852828979492,19.014223098754883,100,22.7,STGAT,cases,orig,linear1,mod,per_week,implicit,open,flow,mse,0.09999999999999999,0.14285714285714285,0.09090909090909091,0.31799999999999995,0.14285714285714285,100,0.003,0,0.0,True,True,0.746069073677063,0.080386221408844,0.186916321516037,True,True,2.0,,,
mod_district_season,0.85,0,21.78797149658203,13.010775566101074,45.83354949951172,20.288549423217773,46.10004806518555,50.54822540283203,100,24.1,STGAT,cases,orig,linear1,mod,per_week,implicit,open,flow,mse,0.09999999999999999,0.14285714285714285,0.09090909090909091,0.31799999999999995,0.14285714285714285,100,0.003,0,0.0,True,True,0.8017954230308533,0.08385340869426727,0.17567266523838043,True,True,2.0,,,
mod_district_season,0.85,1,21.800201416015625,13.018316268920898,45.97431182861328,20.429513931274414,46.17997741699219,50.54822540283203,100,24.2,STGAT,cases,orig,linear1,mod,per_week,implicit,open,flow,mse,0.09999999999999999,0.14285714285714285,0.09090909090909091,0.31799999999999995,0.14285714285714285,100,0.003,0,0.0,True,True,0.8585377931594849,0.08732004463672638,0.16483072936534882,True,True,2.0,,,
mod_district_season,0.85,2,21.791658401489258,13.009210586547852,45.93477249145508,20.395015716552734,46.31362533569336,50.54822540283203,100,24.5,STGAT,cases,orig,linear1,mod,per_week,implicit,open,flow,mse,0.09999999999999999,0.14285714285714285,0.09090909090909091,0.31799999999999995,0.14285714285714285,100,0.003,0,0.0,True,True,0.8428947925567627,0.0859270915389061,0.16750265657901764,True,True,2.0,,,
mod_norm,0.55,2,20.886964797973633,11.463616371154785,41.089515686035156,17.89030647277832,51.2617073059082,51.89012145996094,82,16.1,STGAT,cases,train_only,linear1,mod,per_week,implicit,open,flow,mse,0.09999999999999999,0.14285714285714285,0.09090909090909091,0.31799999999999995,0.14285714285714285,100,0.003,0,0.0,True,True,0.9402080774307251,0.09383869171142578,0.15187662839889526,False,False,2.0,,,
mod_norm,0.55,0,20.093469619750977,11.12139892578125,39.86881637573242,17.37873077392578,49.79093551635742,51.89012145996094,100,19.9,STGAT,cases,train_only,linear1,mod,per_week,implicit,open,flow,mse,0.09999999999999999,0.14285714285714285,0.09090909090909091,0.31799999999999995,0.14285714285714285,100,0.003,0,0.0,True,True,0.837993323802948,0.08630263060331345,0.16750265657901764,False,False,2.0,,,
mod_norm,0.55,1,20.440277099609375,11.15866470336914,48.550594329833984,20.238630294799805,52.62382507324219,51.89012145996094,100,19.6,STGAT,cases,train_only,linear1,mod,per_week,implicit,open,flow,mse,0.09999999999999999,0.14285714285714285,0.09090909090909091,0.31799999999999995,0.14285714285714285,100,0.003,0,0.0,True,True,0.8556327223777771,0.08508621156215668,0.186916321516037,False,False,2.0,,,
mod_norm,0.7,2,12.516792297363281,5.588850021362305,21.994741439819336,10.259247779846191,18.26053810119629,19.014223098754883,76,16.3,STGAT,cases,train_only,linear1,mod,per_week,implicit,open,flow,mse,0.09999999999999999,0.14285714285714285,0.09090909090909091,0.31799999999999995,0.14285714285714285,100,0.003,0,0.0,True,True,0.9536318182945251,0.09545239806175232,0.1493726670742035,False,False,2.0,,,
mod_norm,0.7,0,12.184266090393066,5.477675914764404,21.67591667175293,10.060674667358398,17.951622009277344,19.014223098754883,100,21.0,STGAT,cases,train_only,linear1,mod,per_week,implicit,open,flow,mse,0.09999999999999999,0.14285714285714285,0.09090909090909091,0.31799999999999995,0.14285714285714285,100,0.003,0,0.0,True,True,0.8535518050193787,0.0873521938920021,0.16483072936534882,False,False,2.0,,,
mod_norm,0.7,1,12.40872573852539,5.493154525756836,21.561643600463867,10.058531761169434,17.8533992767334,19.014223098754883,100,21.0,STGAT,cases,train_only,linear1,mod,per_week,implicit,open,flow,mse,0.09999999999999999,0.14285714285714285,0.09090909090909091,0.31799999999999995,0.14285714285714285,100,0.003,0,0.0,True,True,0.8649923801422119,0.08655893802642822,0.17705652117729187,False,False,2.0,,,
mod_norm,0.85,0,21.583988189697266,12.964423179626465,45.89724349975586,20.48777961730957,46.09835433959961,50.54822540283203,100,23.8,STGAT,cases,train_only,linear1,mod,per_week,implicit,open,flow,mse,0.09999999999999999,0.14285714285714285,0.09090909090909091,0.31799999999999995,0.14285714285714285,100,0.003,0,0.0,True,True,0.8614539504051208,0.08784187585115433,0.16350460052490234,False,False,2.0,,,
mod_tight,0.55,0,20.375375747680664,11.188265800476074,40.348388671875,17.44196319580078,48.80764389038086,51.89012145996094,100,20.3,STGAT,cases,orig,linear1,mod,per_week,implicit,open,flow,mse,0.09999999999999999,0.14285714285714285,0.09090909090909091,0.31799999999999995,0.14285714285714285,100,0.003,0,0.0,True,True,0.8247210383415222,0.08456379175186157,0.17020049691200256,False,False,0.5,,,
mod_norm,0.85,1,21.57419204711914,12.957440376281738,45.789649963378906,20.542713165283203,46.789161682128906,50.54822540283203,100,23.2,STGAT,cases,train_only,linear1,mod,per_week,implicit,open,flow,mse,0.09999999999999999,0.14285714285714285,0.09090909090909091,0.31799999999999995,0.14285714285714285,100,0.003,0,0.0,True,True,0.8562551736831665,0.08580265194177628,0.17705652117729187,False,False,2.0,,,
mod_norm,0.85,2,21.697418212890625,12.998678207397461,47.646697998046875,21.525022506713867,49.116146087646484,50.54822540283203,100,23.5,STGAT,cases,train_only,linear1,mod,per_week,implicit,open,flow,mse,0.09999999999999999,0.14285714285714285,0.09090909090909091,0.31799999999999995,0.14285714285714285,100,0.003,0,0.0,True,True,0.8653463125228882,0.08665048331022263,0.186916321516037,False,False,2.0,,,
mod_tight,0.55,1,20.338788986206055,11.158626556396484,40.24714660644531,17.38301658630371,48.79937744140625,51.89012145996094,100,20.0,STGAT,cases,orig,linear1,mod,per_week,implicit,open,flow,mse,0.09999999999999999,0.14285714285714285,0.09090909090909091,0.31799999999999995,0.14285714285714285,100,0.003,0,0.0,True,True,0.807192325592041,0.08497675508260727,0.17429514229297638,False,False,0.5,,,
mod_tight,0.55,2,20.348783493041992,11.176307678222656,40.27378463745117,17.403026580810547,48.69890594482422,51.89012145996094,100,20.5,STGAT,cases,orig,linear1,mod,per_week,implicit,open,flow,mse,0.09999999999999999,0.14285714285714285,0.09090909090909091,0.31799999999999995,0.14285714285714285,100,0.003,0,0.0,True,True,0.8095899820327759,0.08563483506441116,0.17429514229297638,False,False,0.5,,,
mod_tight,0.7,0,12.100953102111816,5.349715709686279,21.367088317871094,9.976797103881836,17.48027801513672,19.014223098754883,100,22.4,STGAT,cases,orig,linear1,mod,per_week,implicit,open,flow,mse,0.09999999999999999,0.14285714285714285,0.09090909090909091,0.31799999999999995,0.14285714285714285,100,0.003,0,0.0,True,True,0.8030486106872559,0.08403356373310089,0.17429514229297638,False,False,0.5,,,
mod_tight,0.7,1,12.09853744506836,5.337286472320557,21.334976196289062,9.962616920471191,17.457990646362305,19.014223098754883,100,22.8,STGAT,cases,orig,linear1,mod,per_week,implicit,open,flow,mse,0.09999999999999999,0.14285714285714285,0.09090909090909091,0.31799999999999995,0.14285714285714285,100,0.003,0,0.0,True,True,0.7895481586456299,0.08503253012895584,0.17844656109809875,False,False,0.5,,,
mod_tight,0.7,2,12.109075546264648,5.314024448394775,21.231637954711914,9.918205261230469,17.244321823120117,19.014223098754883,100,22.1,STGAT,cases,orig,linear1,mod,per_week,implicit,open,flow,mse,0.09999999999999999,0.14285714285714285,0.09090909090909091,0.31799999999999995,0.14285714285714285,100,0.003,0,0.0,True,True,0.7383935451507568,0.08072710037231445,0.186916321516037,False,False,0.5,,,
mod_tight,0.85,0,21.10311508178711,12.791099548339844,45.33831787109375,20.206819534301758,45.22636795043945,50.54822540283203,100,23.5,STGAT,cases,orig,linear1,mod,per_week,implicit,open,flow,mse,0.09999999999999999,0.14285714285714285,0.09090909090909091,0.31799999999999995,0.14285714285714285,100,0.003,0,0.0,True,True,0.751335084438324,0.08179553598165512,0.18406863510608673,False,False,0.5,,,
mod_tight,0.85,1,21.086397171020508,12.778646469116211,45.332618713378906,20.19834327697754,45.19431686401367,50.54822540283203,100,23.4,STGAT,cases,orig,linear1,mod,per_week,implicit,open,flow,mse,0.09999999999999999,0.14285714285714285,0.09090909090909091,0.31799999999999995,0.14285714285714285,100,0.003,0,0.0,True,True,0.7435296773910522,0.08272488415241241,0.186916321516037,False,False,0.5,,,
mod_tight,0.85,2,21.054237365722656,12.75994873046875,45.317874908447266,20.20220184326172,45.42735290527344,50.54822540283203,100,22.9,STGAT,cases,orig,linear1,mod,per_week,implicit,open,flow,mse,0.09999999999999999,0.14285714285714285,0.09090909090909091,0.31799999999999995,0.14285714285714285,100,0.003,0,0.0,True,True,0.7381408214569092,0.08065439015626907,0.186916321516037,False,False,0.5,,,
e400_const,0.55,1,20.376911163330078,11.209824562072754,40.56077575683594,17.67317771911621,50.757476806640625,51.89012145996094,130,9.6,STGAT,cases,orig,linear1,const,per_week,implicit,open,flow,mse,0.09999999999999999,0.14285714285714285,0.09090909090909091,0.31799999999999995,0.14285714285714285,400,0.003,0,0.0,True,True,0.8100807070732117,0.08214743435382843,0.17292390763759613,False,False,2.0,,,
e400_const,0.55,0,20.376911163330078,11.209824562072754,40.56077575683594,17.67317771911621,50.757476806640625,51.89012145996094,130,9.8,STGAT,cases,orig,linear1,const,per_week,implicit,open,flow,mse,0.09999999999999999,0.14285714285714285,0.09090909090909091,0.31799999999999995,0.14285714285714285,400,0.003,0,0.0,True,True,0.8100807070732117,0.08214743435382843,0.17292390763759613,False,False,2.0,,,
e400_const,0.55,2,20.376911163330078,11.209824562072754,40.56077575683594,17.67317771911621,50.757476806640625,51.89012145996094,130,9.8,STGAT,cases,orig,linear1,const,per_week,implicit,open,flow,mse,0.09999999999999999,0.14285714285714285,0.09090909090909091,0.31799999999999995,0.14285714285714285,400,0.003,0,0.0,True,True,0.8100807070732117,0.08214743435382843,0.17292390763759613,False,False,2.0,,,
e400_const,0.7,0,11.70848274230957,5.287848949432373,21.318387985229492,9.863232612609863,17.900009155273438,19.014223098754883,400,22.6,STGAT,cases,orig,linear1,const,per_week,implicit,open,flow,mse,0.09999999999999999,0.14285714285714285,0.09090909090909091,0.31799999999999995,0.14285714285714285,400,0.003,0,0.0,True,True,0.35010308027267456,0.1980147361755371,0.35195794701576233,False,False,2.0,,,
e400_const,0.7,2,11.70848274230957,5.287848949432373,21.318387985229492,9.863232612609863,17.900009155273438,19.014223098754883,400,22.7,STGAT,cases,orig,linear1,const,per_week,implicit,open,flow,mse,0.09999999999999999,0.14285714285714285,0.09090909090909091,0.31799999999999995,0.14285714285714285,400,0.003,0,0.0,True,True,0.35010308027267456,0.1980147361755371,0.35195794701576233,False,False,2.0,,,
e400_const,0.7,1,11.70848274230957,5.287848949432373,21.318387985229492,9.863232612609863,17.900009155273438,19.014223098754883,400,22.8,STGAT,cases,orig,linear1,const,per_week,implicit,open,flow,mse,0.09999999999999999,0.14285714285714285,0.09090909090909091,0.31799999999999995,0.14285714285714285,400,0.003,0,0.0,True,True,0.35010308027267456,0.1980147361755371,0.35195794701576233,False,False,2.0,,,
e400_const,0.85,1,20.966848373413086,12.670663833618164,44.9664421081543,20.036991119384766,46.077457427978516,50.54822540283203,316,16.9,STGAT,cases,orig,linear1,const,per_week,implicit,open,flow,mse,0.09999999999999999,0.14285714285714285,0.09090909090909091,0.31799999999999995,0.14285714285714285,400,0.003,0,0.0,True,True,0.5065640211105347,0.13273487985134125,0.268448144197464,False,False,2.0,,,
e400_const,0.85,2,20.966848373413086,12.670663833618164,44.9664421081543,20.036991119384766,46.077457427978516,50.54822540283203,316,17.2,STGAT,cases,orig,linear1,const,per_week,implicit,open,flow,mse,0.09999999999999999,0.14285714285714285,0.09090909090909091,0.31799999999999995,0.14285714285714285,400,0.003,0,0.0,True,True,0.5065640211105347,0.13273487985134125,0.268448144197464,False,False,2.0,,,
e400_const,0.85,0,20.966848373413086,12.670663833618164,44.9664421081543,20.036991119384766,46.077457427978516,50.54822540283203,316,18.0,STGAT,cases,orig,linear1,const,per_week,implicit,open,flow,mse,0.09999999999999999,0.14285714285714285,0.09090909090909091,0.31799999999999995,0.14285714285714285,400,0.003,0,0.0,True,True,0.5065640211105347,0.13273487985134125,0.268448144197464,False,False,2.0,,,
e400_mod,0.55,1,19.625808715820312,10.937912940979004,38.68588638305664,16.761550903320312,49.79860305786133,51.89012145996094,400,75.6,STGAT,cases,orig,linear1,mod,per_week,implicit,open,flow,mse,0.09999999999999999,0.14285714285714285,0.09090909090909091,0.31799999999999995,0.14285714285714285,400,0.003,0,0.0,True,True,0.4763473868370056,0.10019561648368835,0.34135201573371887,False,False,2.0,,,
e400_mod,0.55,0,19.50395393371582,10.89419937133789,38.19011688232422,16.4403133392334,48.81792068481445,51.89012145996094,400,76.0,STGAT,cases,orig,linear1,mod,per_week,implicit,open,flow,mse,0.09999999999999999,0.14285714285714285,0.09090909090909091,0.31799999999999995,0.14285714285714285,400,0.003,0,0.0,True,True,0.3515007495880127,0.12516914308071136,0.35195794701576233,False,False,2.0,,,
e400_mod,0.55,2,19.28092384338379,10.785412788391113,38.07508087158203,16.380266189575195,49.13161087036133,51.89012145996094,400,76.2,STGAT,cases,orig,linear1,mod,per_week,implicit,open,flow,mse,0.09999999999999999,0.14285714285714285,0.09090909090909091,0.31799999999999995,0.14285714285714285,400,0.003,0,0.0,True,True,0.446256160736084,0.10573697090148926,0.35195794701576233,False,False,2.0,,,
e400_mod,0.7,1,11.684613227844238,5.244734764099121,21.182941436767578,9.789583206176758,17.814895629882812,19.014223098754883,400,81.8,STGAT,cases,orig,linear1,mod,per_week,implicit,open,flow,mse,0.09999999999999999,0.14285714285714285,0.09090909090909091,0.31799999999999995,0.14285714285714285,400,0.003,0,0.0,True,True,0.4850105047225952,0.10021797567605972,0.34842193126678467,False,False,2.0,,,
e400_mod,0.7,0,11.631820678710938,5.227115631103516,21.234447479248047,9.777122497558594,17.795948028564453,19.014223098754883,400,82.5,STGAT,cases,orig,linear1,mod,per_week,implicit,open,flow,mse,0.09999999999999999,0.14285714285714285,0.09090909090909091,0.31799999999999995,0.14285714285714285,400,0.003,0,0.0,True,True,0.40528085827827454,0.11484727263450623,0.3325248956680298,False,False,2.0,,,
e400_mod,0.7,2,11.682650566101074,5.257843971252441,21.212360382080078,9.782175064086914,17.822031021118164,19.014223098754883,400,82.5,STGAT,cases,orig,linear1,mod,per_week,implicit,open,flow,mse,0.09999999999999999,0.14285714285714285,0.09090909090909091,0.31799999999999995,0.14285714285714285,400,0.003,0,0.0,True,True,0.4779788553714752,0.10117953270673752,0.3501899242401123,False,False,2.0,,,
e400_mod_norm,0.55,2,20.886964797973633,11.463616371154785,41.089515686035156,17.89030647277832,51.2617073059082,51.89012145996094,82,16.6,STGAT,cases,train_only,linear1,mod,per_week,implicit,open,flow,mse,0.09999999999999999,0.14285714285714285,0.09090909090909091,0.31799999999999995,0.14285714285714285,400,0.003,0,0.0,True,True,0.9402080774307251,0.09383869171142578,0.15187662839889526,False,False,2.0,,,
e400_mod_norm,0.55,0,20.093469619750977,11.12139892578125,39.86881637573242,17.37873077392578,49.79093551635742,51.89012145996094,118,24.1,STGAT,cases,train_only,linear1,mod,per_week,implicit,open,flow,mse,0.09999999999999999,0.14285714285714285,0.09090909090909091,0.31799999999999995,0.14285714285714285,400,0.003,0,0.0,True,True,0.837993323802948,0.08630263060331345,0.16750265657901764,False,False,2.0,,,
e400_mod_norm,0.7,0,12.184266090393066,5.477675914764404,21.67591667175293,10.060674667358398,17.951622009277344,19.014223098754883,112,25.2,STGAT,cases,train_only,linear1,mod,per_week,implicit,open,flow,mse,0.09999999999999999,0.14285714285714285,0.09090909090909091,0.31799999999999995,0.14285714285714285,400,0.003,0,0.0,True,True,0.8535518050193787,0.0873521938920021,0.16483072936534882,False,False,2.0,,,
e400_mod,0.85,1,20.674541473388672,12.574518203735352,44.79575729370117,19.910518646240234,45.01015853881836,50.54822540283203,238,56.3,STGAT,cases,orig,linear1,mod,per_week,implicit,open,flow,mse,0.09999999999999999,0.14285714285714285,0.09090909090909091,0.31799999999999995,0.14285714285714285,400,0.003,0,0.0,True,True,0.6329103112220764,0.07985057681798935,0.22602124512195587,False,False,2.0,,,
e400_mod,0.85,2,20.684518814086914,12.57315444946289,44.77329635620117,19.90170669555664,45.12623596191406,50.54822540283203,235,55.9,STGAT,cases,orig,linear1,mod,per_week,implicit,open,flow,mse,0.09999999999999999,0.14285714285714285,0.09090909090909091,0.31799999999999995,0.14285714285714285,400,0.003,0,0.0,True,True,0.6213887929916382,0.08078764379024506,0.22445015609264374,False,False,2.0,,,
e400_mod_norm,0.7,1,12.40872573852539,5.493154525756836,21.561643600463867,10.058531761169434,17.8533992767334,19.014223098754883,139,31.7,STGAT,cases,train_only,linear1,mod,per_week,implicit,open,flow,mse,0.09999999999999999,0.14285714285714285,0.09090909090909091,0.31799999999999995,0.14285714285714285,400,0.003,0,0.0,True,True,0.8649923801422119,0.08655893802642822,0.17705652117729187,False,False,2.0,,,
e400_mod_norm,0.7,2,12.516792297363281,5.588850021362305,21.994741439819336,10.259247779846191,18.26053810119629,19.014223098754883,76,17.5,STGAT,cases,train_only,linear1,mod,per_week,implicit,open,flow,mse,0.09999999999999999,0.14285714285714285,0.09090909090909091,0.31799999999999995,0.14285714285714285,400,0.003,0,0.0,True,True,0.9536318182945251,0.09545239806175232,0.1493726670742035,False,False,2.0,,,
e400_mod,0.85,0,20.666996002197266,12.523268699645996,44.59064865112305,19.836925506591797,45.35055923461914,50.54822540283203,316,74.4,STGAT,cases,orig,linear1,mod,per_week,implicit,open,flow,mse,0.09999999999999999,0.14285714285714285,0.09090909090909091,0.31799999999999995,0.14285714285714285,400,0.003,0,0.0,True,True,0.5191425085067749,0.09494359791278839,0.268448144197464,False,False,2.0,,,
e400_mod_norm,0.85,0,21.583988189697266,12.964423179626465,45.89724349975586,20.48777961730957,46.09835433959961,50.54822540283203,109,25.6,STGAT,cases,train_only,linear1,mod,per_week,implicit,open,flow,mse,0.09999999999999999,0.14285714285714285,0.09090909090909091,0.31799999999999995,0.14285714285714285,400,0.003,0,0.0,True,True,0.8614539504051208,0.08784187585115433,0.16350460052490234,False,False,2.0,,,
e400_mod_norm,0.85,1,21.57419204711914,12.957440376281738,45.789649963378906,20.542713165283203,46.789161682128906,50.54822540283203,139,32.7,STGAT,cases,train_only,linear1,mod,per_week,implicit,open,flow,mse,0.09999999999999999,0.14285714285714285,0.09090909090909091,0.31799999999999995,0.14285714285714285,400,0.003,0,0.0,True,True,0.8562551736831665,0.08580265194177628,0.17705652117729187,False,False,2.0,,,
e400_mod_norm,0.55,1,19.26856231689453,10.796730041503906,48.85726547241211,20.80162811279297,50.84937286376953,51.89012145996094,400,81.7,STGAT,cases,train_only,linear1,mod,per_week,implicit,open,flow,mse,0.09999999999999999,0.14285714285714285,0.09090909090909091,0.31799999999999995,0.14285714285714285,400,0.003,0,0.0,True,True,0.7536551356315613,0.08576957136392593,0.32547736167907715,False,False,2.0,,,
e400_mod_norm,0.85,2,21.246505737304688,12.86241626739502,45.73972702026367,20.406702041625977,45.71951675415039,50.54822540283203,262,59.9,STGAT,cases,train_only,linear1,mod,per_week,implicit,open,flow,mse,0.09999999999999999,0.14285714285714285,0.09090909090909091,0.31799999999999995,0.14285714285714285,400,0.003,0,0.0,True,True,0.8102529644966125,0.08428213745355606,0.23876354098320007,False,False,2.0,,,
e400_mass_pw,0.55,0,19.43550682067871,10.900614738464355,37.97419738769531,16.368600845336914,49.21998977661133,51.89012145996094,400,77.9,STGAT,cases,orig,linear1,mass,per_week,implicit,open,flow,mse,0.09999999999999999,0.14285714285714285,0.09090909090909091,0.31799999999999995,0.14285714285714285,400,0.003,0,0.0,True,True,0.3026283383369446,0.13416363298892975,0.35195794701576233,False,False,2.0,,,
e400_mass_pw,0.55,1,19.505939483642578,10.899012565612793,38.21994400024414,16.483610153198242,48.94099426269531,51.89012145996094,400,78.0,STGAT,cases,orig,linear1,mass,per_week,implicit,open,flow,mse,0.09999999999999999,0.14285714285714285,0.09090909090909091,0.31799999999999995,0.14285714285714285,400,0.003,0,0.0,True,True,0.3705674707889557,0.11859212815761566,0.34842193126678467,False,False,2.0,,,
e400_mass_pw,0.55,2,19.466161727905273,10.886558532714844,38.184051513671875,16.494373321533203,49.30204391479492,51.89012145996094,400,77.1,STGAT,cases,orig,linear1,mass,per_week,implicit,open,flow,mse,0.09999999999999999,0.14285714285714285,0.09090909090909091,0.31799999999999995,0.14285714285714285,400,0.003,0,0.0,True,True,0.38889825344085693,0.11552392691373825,0.3360538184642792,False,False,2.0,,,
e400_mass_pw,0.7,0,11.61155891418457,5.248307704925537,21.33421516418457,9.767970085144043,17.859413146972656,19.014223098754883,400,84.3,STGAT,cases,orig,linear1,mass,per_week,implicit,open,flow,mse,0.09999999999999999,0.14285714285714285,0.09090909090909091,0.31799999999999995,0.14285714285714285,400,0.003,0,0.0,True,True,0.3149791657924652,0.1318020224571228,0.35195794701576233,False,False,2.0,,,
e400_mass_pw,0.7,1,11.63574504852295,5.24989128112793,21.28277015686035,9.776371955871582,17.910982131958008,19.014223098754883,400,85.9,STGAT,cases,orig,linear1,mass,per_week,implicit,open,flow,mse,0.09999999999999999,0.14285714285714285,0.09090909090909091,0.31799999999999995,0.14285714285714285,400,0.003,0,0.0,True,True,0.40284764766693115,0.11309725791215897,0.34135201573371887,False,False,2.0,,,
epochs400_baseline,0.55,0,41.64271545410156,19.39754867553711,84.6260757446289,33.79499435424805,21.443262100219727,51.89012145996094,109,21.1,STGAT,cases,orig,linear1,sigmoid,repeat,implicit,open,orig,smape,0.09999999999999999,0.14285714285714285,0.09090909090909091,0.31799999999999995,0.14285714285714285,400,0.003,0,1.0,False,False,,,,False,False,2.0,,,
epochs400_baseline,0.55,1,42.05537414550781,19.159364700317383,84.77980041503906,33.70164489746094,21.746368408203125,51.89012145996094,121,23.1,STGAT,cases,orig,linear1,sigmoid,repeat,implicit,open,orig,smape,0.09999999999999999,0.14285714285714285,0.09090909090909091,0.31799999999999995,0.14285714285714285,400,0.003,0,1.0,False,False,,,,False,False,2.0,,,
e400_mass_pw,0.7,2,11.635401725769043,5.220098495483398,21.205692291259766,9.76243782043457,17.70026969909668,19.014223098754883,400,86.3,STGAT,cases,orig,linear1,mass,per_week,implicit,open,flow,mse,0.09999999999999999,0.14285714285714285,0.09090909090909091,0.31799999999999995,0.14285714285714285,400,0.003,0,0.0,True,True,0.3895755112171173,0.11575056612491608,0.3501899242401123,False,False,2.0,,,
e400_mass_pw,0.85,0,20.687522888183594,12.50374984741211,44.54185485839844,19.84347152709961,45.84463882446289,50.54822540283203,289,69.2,STGAT,cases,orig,linear1,mass,per_week,implicit,open,flow,mse,0.09999999999999999,0.14285714285714285,0.09090909090909091,0.31799999999999995,0.14285714285714285,400,0.003,0,0.0,True,True,0.5059946775436401,0.09571611881256104,0.25344347953796387,False,False,2.0,,,
epochs400_baseline,0.55,2,42.26701736450195,19.092697143554688,84.90592193603516,33.70869827270508,21.688142776489258,51.89012145996094,121,23.7,STGAT,cases,orig,linear1,sigmoid,repeat,implicit,open,orig,smape,0.09999999999999999,0.14285714285714285,0.09090909090909091,0.31799999999999995,0.14285714285714285,400,0.003,0,1.0,False,False,,,,False,False,2.0,,,
epochs400_baseline,0.7,0,18.48281478881836,8.77597427368164,26.207456588745117,12.339592933654785,11.885411262512207,19.014223098754883,109,23.1,STGAT,cases,orig,linear1,sigmoid,repeat,implicit,open,orig,smape,0.09999999999999999,0.14285714285714285,0.09090909090909091,0.31799999999999995,0.14285714285714285,400,0.003,0,1.0,False,False,,,,False,False,2.0,,,
epochs400_baseline,0.7,1,18.280132293701172,8.061219215393066,26.468063354492188,12.2620267868042,10.738933563232422,19.014223098754883,118,25.5,STGAT,cases,orig,linear1,sigmoid,repeat,implicit,open,orig,smape,0.09999999999999999,0.14285714285714285,0.09090909090909091,0.31799999999999995,0.14285714285714285,400,0.003,0,1.0,False,False,,,,False,False,2.0,,,
epochs400_baseline,0.7,2,18.257389068603516,7.9248576164245605,26.574024200439453,12.249436378479004,10.494905471801758,19.014223098754883,118,25.9,STGAT,cases,orig,linear1,sigmoid,repeat,implicit,open,orig,smape,0.09999999999999999,0.14285714285714285,0.09090909090909091,0.31799999999999995,0.14285714285714285,400,0.003,0,1.0,False,False,,,,False,False,2.0,,,
epochs400_baseline,0.85,0,24.19520378112793,15.45718765258789,71.6575698852539,33.532535552978516,19.65631675720215,50.54822540283203,112,26.6,STGAT,cases,orig,linear1,sigmoid,repeat,implicit,open,orig,smape,0.09999999999999999,0.14285714285714285,0.09090909090909091,0.31799999999999995,0.14285714285714285,400,0.003,0,1.0,False,False,,,,False,False,2.0,,,
e400_mass_pw,0.85,1,20.478919982910156,12.44787311553955,44.49078369140625,19.695762634277344,43.30583953857422,50.54822540283203,400,95.6,STGAT,cases,orig,linear1,mass,per_week,implicit,open,flow,mse,0.09999999999999999,0.14285714285714285,0.09090909090909091,0.31799999999999995,0.14285714285714285,400,0.003,0,0.0,True,True,0.42054232954978943,0.11018519103527069,0.32020315527915955,False,False,2.0,,,
epochs400_baseline,0.85,1,24.134796142578125,15.358081817626953,72.27313995361328,33.666324615478516,19.475555419921875,50.54822540283203,124,27.1,STGAT,cases,orig,linear1,sigmoid,repeat,implicit,open,orig,smape,0.09999999999999999,0.14285714285714285,0.09090909090909091,0.31799999999999995,0.14285714285714285,400,0.003,0,1.0,False,False,,,,False,False,2.0,,,
e400_mass_pw,0.85,2,20.65576171875,12.456494331359863,44.348419189453125,19.745853424072266,45.578819274902344,50.54822540283203,400,93.9,STGAT,cases,orig,linear1,mass,per_week,implicit,open,flow,mse,0.09999999999999999,0.14285714285714285,0.09090909090909091,0.31799999999999995,0.14285714285714285,400,0.003,0,0.0,True,True,0.4076823592185974,0.11241929978132248,0.31844764947891235,False,False,2.0,,,
epochs400_baseline,0.85,2,24.09821128845215,15.322310447692871,72.583740234375,33.71553421020508,19.512672424316406,50.54822540283203,124,21.3,STGAT,cases,orig,linear1,sigmoid,repeat,implicit,open,orig,smape,0.09999999999999999,0.14285714285714285,0.09090909090909091,0.31799999999999995,0.14285714285714285,400,0.003,0,1.0,False,False,,,,False,False,2.0,,,
e800_mass_pw,0.55,0,19.42024040222168,10.91602611541748,37.866512298583984,16.296228408813477,49.284305572509766,51.89012145996094,517,103.2,STGAT,cases,orig,linear1,mass,per_week,implicit,open,flow,mse,0.09999999999999999,0.14285714285714285,0.09090909090909091,0.31799999999999995,0.14285714285714285,800,0.003,0,0.0,True,True,0.25229325890541077,0.14612773060798645,0.38545823097229004,False,False,2.0,,,
e800_mass_pw,0.7,1,11.620682716369629,5.250313758850098,21.288999557495117,9.773200035095215,17.91598129272461,19.014223098754883,490,105.1,STGAT,cases,orig,linear1,mass,per_week,implicit,open,flow,mse,0.09999999999999999,0.14285714285714285,0.09090909090909091,0.31799999999999995,0.14285714285714285,800,0.003,0,0.0,True,True,0.38727426528930664,0.11622711271047592,0.36962413787841797,False,False,2.0,,,
e800_mass_pw,0.7,0,11.599574089050293,5.265559673309326,21.414432525634766,9.772150039672852,17.864559173583984,19.014223098754883,523,112.2,STGAT,cases,orig,linear1,mass,per_week,implicit,open,flow,mse,0.09999999999999999,0.14285714285714285,0.09090909090909091,0.31799999999999995,0.14285714285714285,800,0.003,0,0.0,True,True,0.25784608721733093,0.1451074779033661,0.3889627158641815,False,False,2.0,,,
e800_mass_pw,0.55,2,18.9737548828125,10.67381477355957,38.29021072387695,16.151037216186523,47.35085678100586,51.89012145996094,568,114.1,STGAT,cases,orig,linear1,mass,per_week,implicit,open,flow,mse,0.09999999999999999,0.14285714285714285,0.09090909090909091,0.31799999999999995,0.14285714285714285,800,0.003,0,0.0,True,True,0.360409677028656,0.12227825075387955,0.41499924659729004,False,False,2.0,,,
e800_mass_pw,0.7,2,11.589062690734863,5.159196376800537,20.96186637878418,9.696961402893066,17.0496883392334,19.014223098754883,574,121.3,STGAT,cases,orig,linear1,mass,per_week,implicit,open,flow,mse,0.09999999999999999,0.14285714285714285,0.09090909090909091,0.31799999999999995,0.14285714285714285,800,0.003,0,0.0,True,True,0.3276830315589905,0.1296834498643875,0.4184301197528839,False,False,2.0,,,
e800_const,0.55,0,20.376911163330078,11.209824562072754,40.56077575683594,17.67317771911621,50.757476806640625,51.89012145996094,130,10.8,STGAT,cases,orig,linear1,const,per_week,implicit,open,flow,mse,0.09999999999999999,0.14285714285714285,0.09090909090909091,0.31799999999999995,0.14285714285714285,800,0.003,0,0.0,True,True,0.8100807070732117,0.08214743435382843,0.17292390763759613,False,False,2.0,,,
e800_const,0.55,1,20.376911163330078,11.209824562072754,40.56077575683594,17.67317771911621,50.757476806640625,51.89012145996094,130,10.9,STGAT,cases,orig,linear1,const,per_week,implicit,open,flow,mse,0.09999999999999999,0.14285714285714285,0.09090909090909091,0.31799999999999995,0.14285714285714285,800,0.003,0,0.0,True,True,0.8100807070732117,0.08214743435382843,0.17292390763759613,False,False,2.0,,,
e800_const,0.55,2,20.376911163330078,11.209824562072754,40.56077575683594,17.67317771911621,50.757476806640625,51.89012145996094,130,10.5,STGAT,cases,orig,linear1,const,per_week,implicit,open,flow,mse,0.09999999999999999,0.14285714285714285,0.09090909090909091,0.31799999999999995,0.14285714285714285,800,0.003,0,0.0,True,True,0.8100807070732117,0.08214743435382843,0.17292390763759613,False,False,2.0,,,
e800_mass_pw,0.55,1,19.174753189086914,10.737732887268066,38.70066833496094,16.224050521850586,46.64714813232422,51.89012145996094,709,138.0,STGAT,cases,orig,linear1,mass,per_week,implicit,open,flow,mse,0.09999999999999999,0.14285714285714285,0.09090909090909091,0.31799999999999995,0.14285714285714285,800,0.003,0,0.0,True,True,0.2729688584804535,0.14218884706497192,0.44999998807907104,False,False,2.0,,,
e800_mass_pw,0.85,0,20.687522888183594,12.50374984741211,44.54185485839844,19.84347152709961,45.84463882446289,50.54822540283203,289,59.6,STGAT,cases,orig,linear1,mass,per_week,implicit,open,flow,mse,0.09999999999999999,0.14285714285714285,0.09090909090909091,0.31799999999999995,0.14285714285714285,800,0.003,0,0.0,True,True,0.5059946775436401,0.09571611881256104,0.25344347953796387,False,False,2.0,,,
e800_const,0.7,0,11.662054061889648,5.328771591186523,21.534259796142578,9.895843505859375,18.281692504882812,19.014223098754883,598,43.1,STGAT,cases,orig,linear1,const,per_week,implicit,open,flow,mse,0.09999999999999999,0.14285714285714285,0.09090909090909091,0.31799999999999995,0.14285714285714285,800,0.003,0,0.0,True,True,0.25472456216812134,0.28116685152053833,0.4320344924926758,False,False,2.0,,,
e800_const,0.7,1,11.662054061889648,5.328771591186523,21.534259796142578,9.895843505859375,18.281692504882812,19.014223098754883,598,42.3,STGAT,cases,orig,linear1,const,per_week,implicit,open,flow,mse,0.09999999999999999,0.14285714285714285,0.09090909090909091,0.31799999999999995,0.14285714285714285,800,0.003,0,0.0,True,True,0.25472456216812134,0.28116685152053833,0.4320344924926758,False,False,2.0,,,
e800_const,0.7,2,11.662054061889648,5.328771591186523,21.534259796142578,9.895843505859375,18.281692504882812,19.014223098754883,598,42.1,STGAT,cases,orig,linear1,const,per_week,implicit,open,flow,mse,0.09999999999999999,0.14285714285714285,0.09090909090909091,0.31799999999999995,0.14285714285714285,800,0.003,0,0.0,True,True,0.25472456216812134,0.28116685152053833,0.4320344924926758,False,False,2.0,,,
e800_mass_pw,0.85,1,20.478919982910156,12.44787311553955,44.49078369140625,19.695762634277344,43.30583953857422,50.54822540283203,406,80.3,STGAT,cases,orig,linear1,mass,per_week,implicit,open,flow,mse,0.09999999999999999,0.14285714285714285,0.09090909090909091,0.31799999999999995,0.14285714285714285,800,0.003,0,0.0,True,True,0.42054232954978943,0.11018519103527069,0.32020315527915955,False,False,2.0,,,
e800_const,0.85,0,20.966848373413086,12.670663833618164,44.9664421081543,20.036991119384766,46.077457427978516,50.54822540283203,316,22.9,STGAT,cases,orig,linear1,const,per_week,implicit,open,flow,mse,0.09999999999999999,0.14285714285714285,0.09090909090909091,0.31799999999999995,0.14285714285714285,800,0.003,0,0.0,True,True,0.5065640211105347,0.13273487985134125,0.268448144197464,False,False,2.0,,,
e800_mass_pw,0.85,2,20.65576171875,12.456494331359863,44.348419189453125,19.745853424072266,45.578819274902344,50.54822540283203,403,78.5,STGAT,cases,orig,linear1,mass,per_week,implicit,open,flow,mse,0.09999999999999999,0.14285714285714285,0.09090909090909091,0.31799999999999995,0.14285714285714285,800,0.003,0,0.0,True,True,0.4076823592185974,0.11241929978132248,0.31844764947891235,False,False,2.0,,,
e800_mass_pw_norm,0.55,0,19.931934356689453,11.05490779876709,39.786949157714844,17.323009490966797,49.801109313964844,51.89012145996094,130,21.5,STGAT,cases,train_only,linear1,mass,per_week,implicit,open,flow,mse,0.09999999999999999,0.14285714285714285,0.09090909090909091,0.31799999999999995,0.14285714285714285,800,0.003,0,0.0,True,True,0.8176935911178589,0.08411528170108795,0.17292390763759613,False,False,2.0,,,
e800_const,0.85,1,20.966848373413086,12.670663833618164,44.9664421081543,20.036991119384766,46.077457427978516,50.54822540283203,316,26.2,STGAT,cases,orig,linear1,const,per_week,implicit,open,flow,mse,0.09999999999999999,0.14285714285714285,0.09090909090909091,0.31799999999999995,0.14285714285714285,800,0.003,0,0.0,True,True,0.5065640211105347,0.13273487985134125,0.268448144197464,False,False,2.0,,,
e800_mass_pw_norm,0.55,2,20.313623428344727,11.396985054016113,40.341915130615234,18.059770584106445,52.59028244018555,51.89012145996094,97,16.3,STGAT,cases,train_only,linear1,mass,per_week,implicit,open,flow,mse,0.09999999999999999,0.14285714285714285,0.09090909090909091,0.31799999999999995,0.14285714285714285,800,0.003,0,0.0,True,True,0.9073333740234375,0.09095791727304459,0.15826691687107086,False,False,2.0,,,
e800_mass_pw_norm,0.55,1,20.03592300415039,11.250547409057617,39.92482376098633,17.771047592163086,51.934913635253906,51.89012145996094,100,16.8,STGAT,cases,train_only,linear1,mass,per_week,implicit,open,flow,mse,0.09999999999999999,0.14285714285714285,0.09090909090909091,0.31799999999999995,0.14285714285714285,800,0.003,0,0.0,True,True,0.8972883224487305,0.08971474319696426,0.15956617891788483,False,False,2.0,,,
e800_const,0.85,2,20.966848373413086,12.670663833618164,44.9664421081543,20.036991119384766,46.077457427978516,50.54822540283203,316,26.6,STGAT,cases,orig,linear1,const,per_week,implicit,open,flow,mse,0.09999999999999999,0.14285714285714285,0.09090909090909091,0.31799999999999995,0.14285714285714285,800,0.003,0,0.0,True,True,0.5065640211105347,0.13273487985134125,0.268448144197464,False,False,2.0,,,
e800_mass_pw_norm,0.7,0,12.045023918151855,5.489595413208008,21.655853271484375,10.06003475189209,18.33124351501465,19.014223098754883,124,24.7,STGAT,cases,train_only,linear1,mass,per_week,implicit,open,flow,mse,0.09999999999999999,0.14285714285714285,0.09090909090909091,0.31799999999999995,0.14285714285714285,800,0.003,0,0.0,True,True,0.8340353965759277,0.08508417010307312,0.17020049691200256,False,False,2.0,,,
e800_mass_pw_norm,0.7,1,12.178253173828125,5.8642964363098145,22.61521339416504,10.52573299407959,20.153488159179688,19.014223098754883,82,18.2,STGAT,cases,train_only,linear1,mass,per_week,implicit,open,flow,mse,0.09999999999999999,0.14285714285714285,0.09090909090909091,0.31799999999999995,0.14285714285714285,800,0.003,0,0.0,True,True,0.9366680979728699,0.09393086284399033,0.15187662839889526,False,False,2.0,,,
e800_mass_pw_norm,0.7,2,12.096541404724121,5.676822662353516,22.115049362182617,10.367183685302734,19.34785270690918,19.014223098754883,82,18.3,STGAT,cases,train_only,linear1,mass,per_week,implicit,open,flow,mse,0.09999999999999999,0.14285714285714285,0.09090909090909091,0.31799999999999995,0.14285714285714285,800,0.003,0,0.0,True,True,0.9370080232620239,0.09396425634622574,0.15187662839889526,False,False,2.0,,,
e800_mass_pw_norm,0.85,1,22.42073631286621,13.369309425354004,46.77223205566406,21.049869537353516,48.01643753051758,50.54822540283203,85,19.9,STGAT,cases,train_only,linear1,mass,per_week,implicit,open,flow,mse,0.09999999999999999,0.14285714285714285,0.09090909090909091,0.31799999999999995,0.14285714285714285,800,0.003,0,0.0,True,True,0.9299842119216919,0.09321179240942001,0.1531401127576828,False,False,2.0,,,
e800_mass_pw_norm,0.85,2,22.300630569458008,13.3165864944458,46.4797248840332,20.902559280395508,47.58322525024414,50.54822540283203,85,20.5,STGAT,cases,train_only,linear1,mass,per_week,implicit,open,flow,mse,0.09999999999999999,0.14285714285714285,0.09090909090909091,0.31799999999999995,0.14285714285714285,800,0.003,0,0.0,True,True,0.9312270283699036,0.09334442764520645,0.1531401127576828,False,False,2.0,,,
e800_mass_pw_norm,0.85,0,21.433992385864258,12.904594421386719,45.65106964111328,20.37150001525879,46.07460403442383,50.54822540283203,121,28.5,STGAT,cases,train_only,linear1,mass,per_week,implicit,open,flow,mse,0.09999999999999999,0.14285714285714285,0.09090909090909091,0.31799999999999995,0.14285714285714285,800,0.003,0,0.0,True,True,0.8420378565788269,0.08552904427051544,0.16884835064411163,False,False,2.0,,,
e800_mass_pw_era5,0.55,2,17.584915161132812,10.23563003540039,42.396270751953125,18.07349967956543,52.366188049316406,51.89012145996094,103,20.0,STGAT,cases+era5,train_only,linear1,mass,per_week,implicit,open,flow,mse,0.09999999999999999,0.14285714285714285,0.09090909090909091,0.31799999999999995,0.14285714285714285,800,0.003,0,0.0,True,True,0.900660514831543,0.09110639244318008,0.16087225079536438,False,False,2.0,,,
e800_mass_pw_era5,0.55,1,17.304866790771484,10.074663162231445,39.722415924072266,17.068035125732422,53.567359924316406,51.89012145996094,109,21.7,STGAT,cases+era5,train_only,linear1,mass,per_week,implicit,open,flow,mse,0.09999999999999999,0.14285714285714285,0.09090909090909091,0.31799999999999995,0.14285714285714285,800,0.003,0,0.0,True,True,0.87058424949646,0.08687775582075119,0.16350460052490234,False,False,2.0,,,
e800_mass_pw_era5,0.55,0,20.701641082763672,11.526291847229004,44.06378936767578,18.707075119018555,55.75113296508789,51.89012145996094,145,28.5,STGAT,cases+era5,train_only,linear1,mass,per_week,implicit,open,flow,mse,0.09999999999999999,0.14285714285714285,0.09090909090909091,0.31799999999999995,0.14285714285714285,800,0.003,0,0.0,True,True,0.841536819934845,0.08528774976730347,0.17984282970428467,False,False,2.0,,,
e800_mass_pw_era5,0.7,0,11.71130084991455,5.39181661605835,21.36461639404297,9.971368789672852,18.137516021728516,19.014223098754883,109,23.0,STGAT,cases+era5,train_only,linear1,mass,per_week,implicit,open,flow,mse,0.09999999999999999,0.14285714285714285,0.09090909090909091,0.31799999999999995,0.14285714285714285,800,0.003,0,0.0,True,True,0.8697611689567566,0.08678831905126572,0.16350460052490234,False,False,2.0,,,
e800_mass_pw_era5,0.7,1,11.831474304199219,5.556362152099609,21.669963836669922,10.017022132873535,18.64238929748535,19.014223098754883,100,21.5,STGAT,cases+era5,train_only,linear1,mass,per_week,implicit,open,flow,mse,0.09999999999999999,0.14285714285714285,0.09090909090909091,0.31799999999999995,0.14285714285714285,800,0.003,0,0.0,True,True,0.8924871683120728,0.08884376287460327,0.15956617891788483,False,False,2.0,,,
e800_mass_pw_era5,0.7,2,11.778497695922852,5.518460273742676,21.74132537841797,10.035648345947266,18.709365844726562,19.014223098754883,112,22.4,STGAT,cases+era5,train_only,linear1,mass,per_week,implicit,open,flow,mse,0.09999999999999999,0.14285714285714285,0.09090909090909091,0.31799999999999995,0.14285714285714285,800,0.003,0,0.0,True,True,0.8805083632469177,0.08917148411273956,0.16483072936534882,False,False,2.0,,,
e800_mass_pw_era5,0.85,1,21.817771911621094,13.0586576461792,45.29728317260742,20.425012588500977,47.501888275146484,50.54822540283203,97,19.2,STGAT,cases+era5,train_only,linear1,mass,per_week,implicit,open,flow,mse,0.09999999999999999,0.14285714285714285,0.09090909090909091,0.31799999999999995,0.14285714285714285,800,0.003,0,0.0,True,True,0.9000122547149658,0.08961258828639984,0.15826691687107086,False,False,2.0,,,
e800_mass_pw_era5,0.85,0,21.727550506591797,12.961304664611816,45.366477966308594,20.414613723754883,47.57027053833008,50.54822540283203,106,21.2,STGAT,cases+era5,train_only,linear1,mass,per_week,implicit,open,flow,mse,0.09999999999999999,0.14285714285714285,0.09090909090909091,0.31799999999999995,0.14285714285714285,800,0.003,0,0.0,True,True,0.8768376111984253,0.08737590909004211,0.16218508780002594,False,False,2.0,,,
e800_mass_pw_era5,0.85,2,21.867660522460938,13.119307518005371,45.327247619628906,20.411209106445312,47.210853576660156,50.54822540283203,103,18.6,STGAT,cases+era5,train_only,linear1,mass,per_week,implicit,open,flow,mse,0.09999999999999999,0.14285714285714285,0.09090909090909091,0.31799999999999995,0.14285714285714285,800,0.003,0,0.0,True,True,0.9029437899589539,0.09132777899503708,0.16087225079536438,False,False,2.0,,,
baseline,0.55,5,42.44542694091797,19.03818130493164,84.94348907470703,33.75702667236328,22.09967041015625,51.89012145996094,100,22.5,STGAT,cases,orig,linear1,sigmoid,repeat,implicit,open,orig,smape,0.09999999999999999,0.14285714285714285,0.09090909090909091,0.31799999999999995,0.14285714285714285,100,0.003,0,1.0,False,False,,,,False,False,2.0,,,
baseline,0.55,4,41.53603744506836,19.1550235748291,84.55016326904297,33.70433044433594,21.52372169494629,51.89012145996094,100,22.7,STGAT,cases,orig,linear1,sigmoid,repeat,implicit,open,orig,smape,0.09999999999999999,0.14285714285714285,0.09090909090909091,0.31799999999999995,0.14285714285714285,100,0.003,0,1.0,False,False,,,,False,False,2.0,,,
baseline,0.55,3,41.35040283203125,19.084192276000977,84.44990539550781,33.65233612060547,21.507448196411133,51.89012145996094,100,22.8,STGAT,cases,orig,linear1,sigmoid,repeat,implicit,open,orig,smape,0.09999999999999999,0.14285714285714285,0.09090909090909091,0.31799999999999995,0.14285714285714285,100,0.003,0,1.0,False,False,,,,False,False,2.0,,,
baseline,0.7,4,18.298830032348633,8.640466690063477,26.217491149902344,12.297673225402832,11.793277740478516,19.014223098754883,100,23.9,STGAT,cases,orig,linear1,sigmoid,repeat,implicit,open,orig,smape,0.09999999999999999,0.14285714285714285,0.09090909090909091,0.31799999999999995,0.14285714285714285,100,0.003,0,1.0,False,False,,,,False,False,2.0,,,
baseline,0.7,3,18.150972366333008,7.781803131103516,26.378490447998047,12.194581985473633,10.40473747253418,19.014223098754883,100,24.1,STGAT,cases,orig,linear1,sigmoid,repeat,implicit,open,orig,smape,0.09999999999999999,0.14285714285714285,0.09090909090909091,0.31799999999999995,0.14285714285714285,100,0.003,0,1.0,False,False,,,,False,False,2.0,,,
baseline,0.7,5,18.562946319580078,8.483759880065918,26.513965606689453,12.372550010681152,11.196120262145996,19.014223098754883,100,24.2,STGAT,cases,orig,linear1,sigmoid,repeat,implicit,open,orig,smape,0.09999999999999999,0.14285714285714285,0.09090909090909091,0.31799999999999995,0.14285714285714285,100,0.003,0,1.0,False,False,,,,False,False,2.0,,,
e400_const,0.55,3,20.376911163330078,11.209824562072754,40.56077575683594,17.67317771911621,50.757476806640625,51.89012145996094,130,10.0,STGAT,cases,orig,linear1,const,per_week,implicit,open,flow,mse,0.09999999999999999,0.14285714285714285,0.09090909090909091,0.31799999999999995,0.14285714285714285,400,0.003,0,0.0,True,True,0.8100807070732117,0.08214743435382843,0.17292390763759613,False,False,2.0,,,
e400_const,0.55,5,20.376911163330078,11.209824562072754,40.56077575683594,17.67317771911621,50.757476806640625,51.89012145996094,130,9.8,STGAT,cases,orig,linear1,const,per_week,implicit,open,flow,mse,0.09999999999999999,0.14285714285714285,0.09090909090909091,0.31799999999999995,0.14285714285714285,400,0.003,0,0.0,True,True,0.8100807070732117,0.08214743435382843,0.17292390763759613,False,False,2.0,,,
e400_const,0.55,4,20.376911163330078,11.209824562072754,40.56077575683594,17.67317771911621,50.757476806640625,51.89012145996094,130,10.0,STGAT,cases,orig,linear1,const,per_week,implicit,open,flow,mse,0.09999999999999999,0.14285714285714285,0.09090909090909091,0.31799999999999995,0.14285714285714285,400,0.003,0,0.0,True,True,0.8100807070732117,0.08214743435382843,0.17292390763759613,False,False,2.0,,,
baseline,0.85,3,24.026763916015625,15.2682466506958,71.8396987915039,33.554176330566406,19.615570068359375,50.54822540283203,100,19.7,STGAT,cases,orig,linear1,sigmoid,repeat,implicit,open,orig,smape,0.09999999999999999,0.14285714285714285,0.09090909090909091,0.31799999999999995,0.14285714285714285,100,0.003,0,1.0,False,False,,,,False,False,2.0,,,
baseline,0.85,4,24.0406494140625,15.297024726867676,72.01567077636719,33.579105377197266,19.664161682128906,50.54822540283203,100,19.6,STGAT,cases,orig,linear1,sigmoid,repeat,implicit,open,orig,smape,0.09999999999999999,0.14285714285714285,0.09090909090909091,0.31799999999999995,0.14285714285714285,100,0.003,0,1.0,False,False,,,,False,False,2.0,,,
baseline,0.85,5,23.970813751220703,15.238347053527832,72.59600830078125,33.731605529785156,19.468334197998047,50.54822540283203,100,19.6,STGAT,cases,orig,linear1,sigmoid,repeat,implicit,open,orig,smape,0.09999999999999999,0.14285714285714285,0.09090909090909091,0.31799999999999995,0.14285714285714285,100,0.003,0,1.0,False,False,,,,False,False,2.0,,,
e400_const,0.7,4,11.70848274230957,5.287848949432373,21.318387985229492,9.863232612609863,17.900009155273438,19.014223098754883,400,23.0,STGAT,cases,orig,linear1,const,per_week,implicit,open,flow,mse,0.09999999999999999,0.14285714285714285,0.09090909090909091,0.31799999999999995,0.14285714285714285,400,0.003,0,0.0,True,True,0.35010308027267456,0.1980147361755371,0.35195794701576233,False,False,2.0,,,
e400_const,0.7,3,11.70848274230957,5.287848949432373,21.318387985229492,9.863232612609863,17.900009155273438,19.014223098754883,400,23.2,STGAT,cases,orig,linear1,const,per_week,implicit,open,flow,mse,0.09999999999999999,0.14285714285714285,0.09090909090909091,0.31799999999999995,0.14285714285714285,400,0.003,0,0.0,True,True,0.35010308027267456,0.1980147361755371,0.35195794701576233,False,False,2.0,,,
e400_const,0.7,5,11.70848274230957,5.287848949432373,21.318387985229492,9.863232612609863,17.900009155273438,19.014223098754883,400,23.1,STGAT,cases,orig,linear1,const,per_week,implicit,open,flow,mse,0.09999999999999999,0.14285714285714285,0.09090909090909091,0.31799999999999995,0.14285714285714285,400,0.003,0,0.0,True,True,0.35010308027267456,0.1980147361755371,0.35195794701576233,False,False,2.0,,,
e400_const,0.85,4,20.966848373413086,12.670663833618164,44.9664421081543,20.036991119384766,46.077457427978516,50.54822540283203,316,17.5,STGAT,cases,orig,linear1,const,per_week,implicit,open,flow,mse,0.09999999999999999,0.14285714285714285,0.09090909090909091,0.31799999999999995,0.14285714285714285,400,0.003,0,0.0,True,True,0.5065640211105347,0.13273487985134125,0.268448144197464,False,False,2.0,,,
e400_const,0.85,3,20.966848373413086,12.670663833618164,44.9664421081543,20.036991119384766,46.077457427978516,50.54822540283203,316,17.6,STGAT,cases,orig,linear1,const,per_week,implicit,open,flow,mse,0.09999999999999999,0.14285714285714285,0.09090909090909091,0.31799999999999995,0.14285714285714285,400,0.003,0,0.0,True,True,0.5065640211105347,0.13273487985134125,0.268448144197464,False,False,2.0,,,
e400_const,0.85,5,20.966848373413086,12.670663833618164,44.9664421081543,20.036991119384766,46.077457427978516,50.54822540283203,316,17.7,STGAT,cases,orig,linear1,const,per_week,implicit,open,flow,mse,0.09999999999999999,0.14285714285714285,0.09090909090909091,0.31799999999999995,0.14285714285714285,400,0.003,0,0.0,True,True,0.5065640211105347,0.13273487985134125,0.268448144197464,False,False,2.0,,,
e400_mass_pw,0.7,3,11.68254280090332,5.178698539733887,20.987459182739258,9.756245613098145,17.352035522460938,19.014223098754883,340,69.6,STGAT,cases,orig,linear1,mass,per_week,implicit,open,flow,mse,0.09999999999999999,0.14285714285714285,0.09090909090909091,0.31799999999999995,0.14285714285714285,400,0.003,0,0.0,True,True,0.48780012130737305,0.09765022993087769,0.28202152252197266,False,False,2.0,,,
e400_mass_pw,0.55,3,18.93033790588379,10.585074424743652,39.725341796875,16.534578323364258,45.40157699584961,51.89012145996094,400,76.4,STGAT,cases,orig,linear1,mass,per_week,implicit,open,flow,mse,0.09999999999999999,0.14285714285714285,0.09090909090909091,0.31799999999999995,0.14285714285714285,400,0.003,0,0.0,True,True,0.423568457365036,0.10783819854259491,0.35195794701576233,False,False,2.0,,,
e400_mass_pw,0.55,5,19.514423370361328,10.912100791931152,38.26616668701172,16.538862228393555,49.40534210205078,51.89012145996094,400,76.5,STGAT,cases,orig,linear1,mass,per_week,implicit,open,flow,mse,0.09999999999999999,0.14285714285714285,0.09090909090909091,0.31799999999999995,0.14285714285714285,400,0.003,0,0.0,True,True,0.3902009427547455,0.11443913727998734,0.35195794701576233,False,False,2.0,,,
e400_mass_pw,0.55,4,19.431652069091797,10.903014183044434,37.95734405517578,16.364078521728516,49.28657531738281,51.89012145996094,400,76.8,STGAT,cases,orig,linear1,mass,per_week,implicit,open,flow,mse,0.09999999999999999,0.14285714285714285,0.09090909090909091,0.31799999999999995,0.14285714285714285,400,0.003,0,0.0,True,True,0.29695165157318115,0.13584280014038086,0.35195794701576233,False,False,2.0,,,
e400_mass_pw,0.7,5,11.643877983093262,5.257633209228516,21.302885055541992,9.792520523071289,17.981678009033203,19.014223098754883,388,79.1,STGAT,cases,orig,linear1,mass,per_week,implicit,open,flow,mse,0.09999999999999999,0.14285714285714285,0.09090909090909091,0.31799999999999995,0.14285714285714285,400,0.003,0,0.0,True,True,0.4364805221557617,0.10658502578735352,0.3096928298473358,False,False,2.0,,,
e400_mass_pw,0.7,4,11.603178024291992,5.241053104400635,21.312063217163086,9.76319694519043,17.808116912841797,19.014223098754883,400,82.5,STGAT,cases,orig,linear1,mass,per_week,implicit,open,flow,mse,0.09999999999999999,0.14285714285714285,0.09090909090909091,0.31799999999999995,0.14285714285714285,400,0.003,0,0.0,True,True,0.3112717866897583,0.132829949259758,0.3501899242401123,False,False,2.0,,,
e400_mass_pw,0.85,3,20.680986404418945,12.527892112731934,44.622249603271484,19.86981773376465,45.690914154052734,50.54822540283203,262,60.6,STGAT,cases,orig,linear1,mass,per_week,implicit,open,flow,mse,0.09999999999999999,0.14285714285714285,0.09090909090909091,0.31799999999999995,0.14285714285714285,400,0.003,0,0.0,True,True,0.5486499071121216,0.08846050500869751,0.23876354098320007,False,False,2.0,,,
e400_mass_pw,0.85,5,20.652610778808594,12.518732070922852,44.618934631347656,19.837167739868164,45.40897750854492,50.54822540283203,265,61.7,STGAT,cases,orig,linear1,mass,per_week,implicit,open,flow,mse,0.09999999999999999,0.14285714285714285,0.09090909090909091,0.31799999999999995,0.14285714285714285,400,0.003,0,0.0,True,True,0.5483137965202332,0.08868861943483353,0.2403772622346878,False,False,2.0,,,
e400_mass_pw,0.85,4,20.720558166503906,12.513164520263672,44.569759368896484,19.875717163085938,46.13103485107422,50.54822540283203,277,64.4,STGAT,cases,orig,linear1,mass,per_week,implicit,open,flow,mse,0.09999999999999999,0.14285714285714285,0.09090909090909091,0.31799999999999995,0.14285714285714285,400,0.003,0,0.0,True,True,0.5110744833946228,0.09506075829267502,0.24687640368938446,False,False,2.0,,,
e400_mod,0.55,4,19.20014762878418,10.750884056091309,38.423770904541016,16.60124969482422,49.074928283691406,51.89012145996094,343,68.9,STGAT,cases,orig,linear1,mod,per_week,implicit,open,flow,mse,0.09999999999999999,0.14285714285714285,0.09090909090909091,0.31799999999999995,0.14285714285714285,400,0.003,0,0.0,True,True,0.5255441665649414,0.09266067296266556,0.28373199701309204,False,False,2.0,,,
e400_mod,0.55,3,18.98314666748047,10.662418365478516,38.38147735595703,16.26144027709961,47.08860397338867,51.89012145996094,400,80.0,STGAT,cases,orig,linear1,mod,per_week,implicit,open,flow,mse,0.09999999999999999,0.14285714285714285,0.09090909090909091,0.31799999999999995,0.14285714285714285,400,0.003,0,0.0,True,True,0.4512881934642792,0.10580914467573166,0.35195794701576233,False,False,2.0,,,
e400_mod,0.55,5,19.541927337646484,10.91013240814209,38.401607513427734,16.59341049194336,49.31696319580078,51.89012145996094,400,80.5,STGAT,cases,orig,linear1,mod,per_week,implicit,open,flow,mse,0.09999999999999999,0.14285714285714285,0.09090909090909091,0.31799999999999995,0.14285714285714285,400,0.003,0,0.0,True,True,0.4156684875488281,0.11153209209442139,0.3431190550327301,False,False,2.0,,,
e400_mod,0.7,4,11.722124099731445,5.252824783325195,20.983665466308594,9.761089324951172,17.455350875854492,19.014223098754883,301,64.5,STGAT,cases,orig,linear1,mod,per_week,implicit,open,flow,mse,0.09999999999999999,0.14285714285714285,0.09090909090909091,0.31799999999999995,0.14285714285714285,400,0.003,0,0.0,True,True,0.5596435070037842,0.08891680836677551,0.2600747346878052,False,False,2.0,,,
e400_mod,0.7,3,11.776034355163574,5.317158222198486,21.171968460083008,9.793062210083008,17.838964462280273,19.014223098754883,322,70.8,STGAT,cases,orig,linear1,mod,per_week,implicit,open,flow,mse,0.09999999999999999,0.14285714285714285,0.09090909090909091,0.31799999999999995,0.14285714285714285,400,0.003,0,0.0,True,True,0.6004083156585693,0.08389084786176682,0.27182212471961975,False,False,2.0,,,
e400_mod,0.85,5,20.6947021484375,12.593369483947754,44.83820724487305,19.926429748535156,44.87892150878906,50.54822540283203,223,51.0,STGAT,cases,orig,linear1,mod,per_week,implicit,open,flow,mse,0.09999999999999999,0.14285714285714285,0.09090909090909091,0.31799999999999995,0.14285714285714285,400,0.003,0,0.0,True,True,0.6561468243598938,0.0783136785030365,0.21821646392345428,False,False,2.0,,,
e400_mod,0.85,3,20.582719802856445,12.51203727722168,44.53247833251953,19.714494705200195,43.4440803527832,50.54822540283203,319,70.7,STGAT,cases,orig,linear1,mod,per_week,implicit,open,flow,mse,0.09999999999999999,0.14285714285714285,0.09090909090909091,0.31799999999999995,0.14285714285714285,400,0.003,0,0.0,True,True,0.5796974897384644,0.08638972043991089,0.27013343572616577,False,False,2.0,,,
e400_mod,0.7,5,11.65004825592041,5.247532367706299,21.233482360839844,9.80455493927002,17.90410614013672,19.014223098754883,397,80.9,STGAT,cases,orig,linear1,mod,per_week,implicit,open,flow,mse,0.09999999999999999,0.14285714285714285,0.09090909090909091,0.31799999999999995,0.14285714285714285,400,0.003,0,0.0,True,True,0.4765174388885498,0.10158348083496094,0.3149409592151642,False,False,2.0,,,
e400_mod,0.85,4,20.542510986328125,12.476938247680664,45.32879638671875,19.861427307128906,41.62131881713867,50.54822540283203,322,68.8,STGAT,cases,orig,linear1,mod,per_week,implicit,open,flow,mse,0.09999999999999999,0.14285714285714285,0.09090909090909091,0.31799999999999995,0.14285714285714285,400,0.003,0,0.0,True,True,0.5667744874954224,0.08812316507101059,0.27182212471961975,False,False,2.0,,,
baseline@9,0.5,0,41.133975982666016,18.640867233276367,43.27793502807617,20.452238082885742,18.092388153076172,37.34714126586914,100,21.2,STGAT,cases,orig,linear1,sigmoid,repeat,implicit,open,orig,smape,0.09999999999999999,0.14285714285714285,0.09090909090909091,0.31799999999999995,0.14285714285714285,100,0.003,0,1.0,False,False,,,,False,False,2.0,,,
baseline@9,0.5,2,41.6143913269043,18.54106903076172,43.85783767700195,20.249387741088867,18.397544860839844,37.34714126586914,100,21.3,STGAT,cases,orig,linear1,sigmoid,repeat,implicit,open,orig,smape,0.09999999999999999,0.14285714285714285,0.09090909090909091,0.31799999999999995,0.14285714285714285,100,0.003,0,1.0,False,False,,,,False,False,2.0,,,
baseline@9,0.5,1,41.569095611572266,18.587635040283203,43.72148513793945,20.307470321655273,18.376564025878906,37.34714126586914,100,21.5,STGAT,cases,orig,linear1,sigmoid,repeat,implicit,open,orig,smape,0.09999999999999999,0.14285714285714285,0.09090909090909091,0.31799999999999995,0.14285714285714285,100,0.003,0,1.0,False,False,,,,False,False,2.0,,,
baseline@9,0.55,1,42.05537414550781,19.159364700317383,110.96324157714844,53.02369689941406,26.54157829284668,78.3367919921875,100,21.6,STGAT,cases,orig,linear1,sigmoid,repeat,implicit,open,orig,smape,0.09999999999999999,0.14285714285714285,0.09090909090909091,0.31799999999999995,0.14285714285714285,100,0.003,0,1.0,False,False,,,,False,False,2.0,,,
baseline@9,0.55,2,42.26701736450195,19.092697143554688,111.16377258300781,53.03057861328125,26.57271385192871,78.3367919921875,100,21.7,STGAT,cases,orig,linear1,sigmoid,repeat,implicit,open,orig,smape,0.09999999999999999,0.14285714285714285,0.09090909090909091,0.31799999999999995,0.14285714285714285,100,0.003,0,1.0,False,False,,,,False,False,2.0,,,
baseline@9,0.55,0,41.64271545410156,19.39754867553711,110.7786636352539,53.3455696105957,26.157697677612305,78.3367919921875,100,21.8,STGAT,cases,orig,linear1,sigmoid,repeat,implicit,open,orig,smape,0.09999999999999999,0.14285714285714285,0.09090909090909091,0.31799999999999995,0.14285714285714285,100,0.003,0,1.0,False,False,,,,False,False,2.0,,,
baseline@9,0.6,0,104.80696868896484,48.42417526245117,94.78487396240234,40.34959411621094,30.6741886138916,65.65380859375,100,19.5,STGAT,cases,orig,linear1,sigmoid,repeat,implicit,open,orig,smape,0.09999999999999999,0.14285714285714285,0.09090909090909091,0.31799999999999995,0.14285714285714285,100,0.003,0,1.0,False,False,,,,False,False,2.0,,,
baseline@9,0.6,1,105.08462524414062,48.56016540527344,95.028564453125,40.29789733886719,30.228073120117188,65.65380859375,100,19.7,STGAT,cases,orig,linear1,sigmoid,repeat,implicit,open,orig,smape,0.09999999999999999,0.14285714285714285,0.09090909090909091,0.31799999999999995,0.14285714285714285,100,0.003,0,1.0,False,False,,,,False,False,2.0,,,
baseline@9,0.6,2,105.26753234863281,48.68449783325195,95.10270690917969,40.30736541748047,29.99510955810547,65.65380859375,100,19.7,STGAT,cases,orig,linear1,sigmoid,repeat,implicit,open,orig,smape,0.09999999999999999,0.14285714285714285,0.09090909090909091,0.31799999999999995,0.14285714285714285,100,0.003,0,1.0,False,False,,,,False,False,2.0,,,
baseline@9,0.65,1,104.34762573242188,44.91590118408203,18.56041717529297,8.783171653747559,10.554780960083008,12.624285697937012,100,20.3,STGAT,cases,orig,linear1,sigmoid,repeat,implicit,open,orig,smape,0.09999999999999999,0.14285714285714285,0.09090909090909091,0.31799999999999995,0.14285714285714285,100,0.003,0,1.0,False,False,,,,False,False,2.0,,,
baseline@9,0.65,2,104.39720916748047,44.9111328125,18.59221649169922,8.647096633911133,10.303436279296875,12.624285697937012,100,20.5,STGAT,cases,orig,linear1,sigmoid,repeat,implicit,open,orig,smape,0.09999999999999999,0.14285714285714285,0.09090909090909091,0.31799999999999995,0.14285714285714285,100,0.003,0,1.0,False,False,,,,False,False,2.0,,,
baseline@9,0.65,0,104.03211975097656,45.02531814575195,18.51838493347168,8.570331573486328,10.29244327545166,12.624285697937012,100,20.8,STGAT,cases,orig,linear1,sigmoid,repeat,implicit,open,orig,smape,0.09999999999999999,0.14285714285714285,0.09090909090909091,0.31799999999999995,0.14285714285714285,100,0.003,0,1.0,False,False,,,,False,False,2.0,,,
baseline@9,0.7,0,18.48281478881836,8.77597427368164,27.19392967224121,9.33465576171875,10.723297119140625,14.039505958557129,100,21.6,STGAT,cases,orig,linear1,sigmoid,repeat,implicit,open,orig,smape,0.09999999999999999,0.14285714285714285,0.09090909090909091,0.31799999999999995,0.14285714285714285,100,0.003,0,1.0,False,False,,,,False,False,2.0,,,
baseline@9,0.7,1,18.280132293701172,8.061219215393066,27.149139404296875,8.875412940979004,9.555614471435547,14.039505958557129,100,21.8,STGAT,cases,orig,linear1,sigmoid,repeat,implicit,open,orig,smape,0.09999999999999999,0.14285714285714285,0.09090909090909091,0.31799999999999995,0.14285714285714285,100,0.003,0,1.0,False,False,,,,False,False,2.0,,,
baseline@9,0.7,2,18.257389068603516,7.9248576164245605,27.228578567504883,8.783146858215332,9.313178062438965,14.039505958557129,100,21.9,STGAT,cases,orig,linear1,sigmoid,repeat,implicit,open,orig,smape,0.09999999999999999,0.14285714285714285,0.09090909090909091,0.31799999999999995,0.14285714285714285,100,0.003,0,1.0,False,False,,,,False,False,2.0,,,
baseline@9,0.75,0,27.040109634399414,8.548654556274414,27.922813415527344,12.404396057128906,9.540925979614258,17.37733268737793,100,22.6,STGAT,cases,orig,linear1,sigmoid,repeat,implicit,open,orig,smape,0.09999999999999999,0.14285714285714285,0.09090909090909091,0.31799999999999995,0.14285714285714285,100,0.003,0,1.0,False,False,,,,False,False,2.0,,,
baseline@9,0.75,1,27.10919761657715,8.312110900878906,28.362197875976562,12.491883277893066,8.481698036193848,17.37733268737793,100,22.6,STGAT,cases,orig,linear1,sigmoid,repeat,implicit,open,orig,smape,0.09999999999999999,0.14285714285714285,0.09090909090909091,0.31799999999999995,0.14285714285714285,100,0.003,0,1.0,False,False,,,,False,False,2.0,,,
baseline@9,0.75,2,27.153175354003906,8.279834747314453,28.53804588317871,12.57883071899414,8.207727432250977,17.37733268737793,100,22.7,STGAT,cases,orig,linear1,sigmoid,repeat,implicit,open,orig,smape,0.09999999999999999,0.14285714285714285,0.09090909090909091,0.31799999999999995,0.14285714285714285,100,0.003,0,1.0,False,False,,,,False,False,2.0,,,
baseline@9,0.8,0,26.9964656829834,11.914331436157227,23.90521812438965,15.201051712036133,13.52737808227539,24.98047637939453,100,24.6,STGAT,cases,orig,linear1,sigmoid,repeat,implicit,open,orig,smape,0.09999999999999999,0.14285714285714285,0.09090909090909091,0.31799999999999995,0.14285714285714285,100,0.003,0,1.0,False,False,,,,False,False,2.0,,,
baseline@9,0.8,1,27.385910034179688,11.938480377197266,23.78098487854004,15.032352447509766,13.497575759887695,24.98047637939453,100,24.2,STGAT,cases,orig,linear1,sigmoid,repeat,implicit,open,orig,smape,0.09999999999999999,0.14285714285714285,0.09090909090909091,0.31799999999999995,0.14285714285714285,100,0.003,0,1.0,False,False,,,,False,False,2.0,,,
baseline@9,0.8,2,27.573434829711914,12.026151657104492,23.700998306274414,14.962961196899414,13.558345794677734,24.98047637939453,100,24.0,STGAT,cases,orig,linear1,sigmoid,repeat,implicit,open,orig,smape,0.09999999999999999,0.14285714285714285,0.09090909090909091,0.31799999999999995,0.14285714285714285,100,0.003,0,1.0,False,False,,,,False,False,2.0,,,
baseline@9,0.85,0,24.19520378112793,15.45718765258789,34.43394088745117,17.063207626342773,12.684563636779785,25.6247615814209,100,24.9,STGAT,cases,orig,linear1,sigmoid,repeat,implicit,open,orig,smape,0.09999999999999999,0.14285714285714285,0.09090909090909091,0.31799999999999995,0.14285714285714285,100,0.003,0,1.0,False,False,,,,False,False,2.0,,,
baseline@9,0.85,1,24.134796142578125,15.358081817626953,34.713626861572266,16.980533599853516,12.53995132446289,25.6247615814209,100,25.0,STGAT,cases,orig,linear1,sigmoid,repeat,implicit,open,orig,smape,0.09999999999999999,0.14285714285714285,0.09090909090909091,0.31799999999999995,0.14285714285714285,100,0.003,0,1.0,False,False,,,,False,False,2.0,,,
baseline@9,0.85,2,24.09821128845215,15.322310447692871,34.86091613769531,16.999431610107422,12.613181114196777,25.6247615814209,100,24.9,STGAT,cases,orig,linear1,sigmoid,repeat,implicit,open,orig,smape,0.09999999999999999,0.14285714285714285,0.09090909090909091,0.31799999999999995,0.14285714285714285,100,0.003,0,1.0,False,False,,,,False,False,2.0,,,
baseline@9,0.9,1,33.44352340698242,16.86648178100586,69.1318588256836,36.78839111328125,21.80047607421875,57.54190444946289,100,20.9,STGAT,cases,orig,linear1,sigmoid,repeat,implicit,open,orig,smape,0.09999999999999999,0.14285714285714285,0.09090909090909091,0.31799999999999995,0.14285714285714285,100,0.003,0,1.0,False,False,,,,False,False,2.0,,,
baseline@9,0.9,2,33.5516357421875,16.851360321044922,69.57078552246094,36.81245803833008,21.845094680786133,57.54190444946289,100,20.9,STGAT,cases,orig,linear1,sigmoid,repeat,implicit,open,orig,smape,0.09999999999999999,0.14285714285714285,0.09090909090909091,0.31799999999999995,0.14285714285714285,100,0.003,0,1.0,False,False,,,,False,False,2.0,,,
baseline@9,0.9,0,33.274051666259766,16.79673194885254,68.63043212890625,36.383384704589844,22.322303771972656,57.54190444946289,100,21.0,STGAT,cases,orig,linear1,sigmoid,repeat,implicit,open,orig,smape,0.09999999999999999,0.14285714285714285,0.09090909090909091,0.31799999999999995,0.14285714285714285,100,0.003,0,1.0,False,False,,,,False,False,2.0,,,
e400_const@9,0.55,2,20.376911163330078,11.209824562072754,47.52103805541992,23.06044578552246,64.85201263427734,78.3367919921875,130,6.4,STGAT,cases,orig,linear1,const,per_week,implicit,open,flow,mse,0.09999999999999999,0.14285714285714285,0.09090909090909091,0.31799999999999995,0.14285714285714285,400,0.003,0,0.0,True,True,0.8100807070732117,0.08214743435382843,0.17292390763759613,False,False,2.0,,,
e400_const@9,0.55,0,20.376911163330078,11.209824562072754,47.52103805541992,23.06044578552246,64.85201263427734,78.3367919921875,130,6.5,STGAT,cases,orig,linear1,const,per_week,implicit,open,flow,mse,0.09999999999999999,0.14285714285714285,0.09090909090909091,0.31799999999999995,0.14285714285714285,400,0.003,0,0.0,True,True,0.8100807070732117,0.08214743435382843,0.17292390763759613,False,False,2.0,,,
e400_const@9,0.55,1,20.376911163330078,11.209824562072754,47.52103805541992,23.06044578552246,64.85201263427734,78.3367919921875,130,6.5,STGAT,cases,orig,linear1,const,per_week,implicit,open,flow,mse,0.09999999999999999,0.14285714285714285,0.09090909090909091,0.31799999999999995,0.14285714285714285,400,0.003,0,0.0,True,True,0.8100807070732117,0.08214743435382843,0.17292390763759613,False,False,2.0,,,
e400_const@9,0.5,0,22.51085090637207,12.318103790283203,19.99980926513672,11.197526931762695,34.87637710571289,37.34714126586914,400,25.4,STGAT,cases,orig,linear1,const,per_week,implicit,open,flow,mse,0.09999999999999999,0.14285714285714285,0.09090909090909091,0.31799999999999995,0.14285714285714285,400,0.003,0,0.0,True,True,0.3489334285259247,0.19864347577095032,0.35195794701576233,False,False,2.0,,,
e400_const@9,0.5,2,22.51085090637207,12.318103790283203,19.99980926513672,11.197526931762695,34.87637710571289,37.34714126586914,400,25.5,STGAT,cases,orig,linear1,const,per_week,implicit,open,flow,mse,0.09999999999999999,0.14285714285714285,0.09090909090909091,0.31799999999999995,0.14285714285714285,400,0.003,0,0.0,True,True,0.3489334285259247,0.19864347577095032,0.35195794701576233,False,False,2.0,,,
e400_const@9,0.5,1,22.51085090637207,12.318103790283203,19.99980926513672,11.197526931762695,34.87637710571289,37.34714126586914,400,25.6,STGAT,cases,orig,linear1,const,per_week,implicit,open,flow,mse,0.09999999999999999,0.14285714285714285,0.09090909090909091,0.31799999999999995,0.14285714285714285,400,0.003,0,0.0,True,True,0.3489334285259247,0.19864347577095032,0.35195794701576233,False,False,2.0,,,
e400_const@9,0.6,1,41.516151428222656,20.52618408203125,64.546630859375,32.39432144165039,87.68577575683594,65.65380859375,103,5.8,STGAT,cases,orig,linear1,const,per_week,implicit,open,flow,mse,0.09999999999999999,0.14285714285714285,0.09090909090909091,0.31799999999999995,0.14285714285714285,400,0.003,0,0.0,True,True,0.8789472579956055,0.08841045200824738,0.16087225079536438,False,False,2.0,,,
e400_const@9,0.6,2,41.516151428222656,20.52618408203125,64.546630859375,32.39432144165039,87.68577575683594,65.65380859375,103,5.8,STGAT,cases,orig,linear1,const,per_week,implicit,open,flow,mse,0.09999999999999999,0.14285714285714285,0.09090909090909091,0.31799999999999995,0.14285714285714285,400,0.003,0,0.0,True,True,0.8789472579956055,0.08841045200824738,0.16087225079536438,False,False,2.0,,,
e400_const@9,0.6,0,41.516151428222656,20.52618408203125,64.546630859375,32.39432144165039,87.68577575683594,65.65380859375,103,5.9,STGAT,cases,orig,linear1,const,per_week,implicit,open,flow,mse,0.09999999999999999,0.14285714285714285,0.09090909090909091,0.31799999999999995,0.14285714285714285,400,0.003,0,0.0,True,True,0.8789472579956055,0.08841045200824738,0.16087225079536438,False,False,2.0,,,
e400_const@9,0.65,0,46.81427764892578,23.18092155456543,11.280879974365234,5.092480659484863,12.472721099853516,12.624285697937012,400,22.5,STGAT,cases,orig,linear1,const,per_week,implicit,open,flow,mse,0.09999999999999999,0.14285714285714285,0.09090909090909091,0.31799999999999995,0.14285714285714285,400,0.003,0,0.0,True,True,0.349142849445343,0.20018671452999115,0.35195794701576233,False,False,2.0,,,
e400_const@9,0.65,1,46.81427764892578,23.18092155456543,11.280879974365234,5.092480659484863,12.472721099853516,12.624285697937012,400,22.5,STGAT,cases,orig,linear1,const,per_week,implicit,open,flow,mse,0.09999999999999999,0.14285714285714285,0.09090909090909091,0.31799999999999995,0.14285714285714285,400,0.003,0,0.0,True,True,0.349142849445343,0.20018671452999115,0.35195794701576233,False,False,2.0,,,
e400_const@9,0.65,2,46.81427764892578,23.18092155456543,11.280879974365234,5.092480659484863,12.472721099853516,12.624285697937012,400,22.5,STGAT,cases,orig,linear1,const,per_week,implicit,open,flow,mse,0.09999999999999999,0.14285714285714285,0.09090909090909091,0.31799999999999995,0.14285714285714285,400,0.003,0,0.0,True,True,0.349142849445343,0.20018671452999115,0.35195794701576233,False,False,2.0,,,
e400_const@9,0.7,2,11.70848274230957,5.287848949432373,15.154644012451172,6.264328479766846,13.169636726379395,14.039505958557129,400,20.0,STGAT,cases,orig,linear1,const,per_week,implicit,open,flow,mse,0.09999999999999999,0.14285714285714285,0.09090909090909091,0.31799999999999995,0.14285714285714285,400,0.003,0,0.0,True,True,0.35010308027267456,0.1980147361755371,0.35195794701576233,False,False,2.0,,,
e400_const@9,0.7,1,11.70848274230957,5.287848949432373,15.154644012451172,6.264328479766846,13.169636726379395,14.039505958557129,400,20.1,STGAT,cases,orig,linear1,const,per_week,implicit,open,flow,mse,0.09999999999999999,0.14285714285714285,0.09090909090909091,0.31799999999999995,0.14285714285714285,400,0.003,0,0.0,True,True,0.35010308027267456,0.1980147361755371,0.35195794701576233,False,False,2.0,,,
e400_const@9,0.7,0,11.70848274230957,5.287848949432373,15.154644012451172,6.264328479766846,13.169636726379395,14.039505958557129,400,20.3,STGAT,cases,orig,linear1,const,per_week,implicit,open,flow,mse,0.09999999999999999,0.14285714285714285,0.09090909090909091,0.31799999999999995,0.14285714285714285,400,0.003,0,0.0,True,True,0.35010308027267456,0.1980147361755371,0.35195794701576233,False,False,2.0,,,
e400_const@9,0.8,1,27.342763900756836,11.165264129638672,20.370948791503906,12.319063186645508,23.688615798950195,24.98047637939453,265,13.6,STGAT,cases,orig,linear1,const,per_week,implicit,open,flow,mse,0.09999999999999999,0.14285714285714285,0.09090909090909091,0.31799999999999995,0.14285714285714285,400,0.003,0,0.0,True,True,0.5807830691337585,0.11530876159667969,0.2403772622346878,False,False,2.0,,,
e400_const@9,0.8,2,27.342763900756836,11.165264129638672,20.370948791503906,12.319063186645508,23.688615798950195,24.98047637939453,265,13.5,STGAT,cases,orig,linear1,const,per_week,implicit,open,flow,mse,0.09999999999999999,0.14285714285714285,0.09090909090909091,0.31799999999999995,0.14285714285714285,400,0.003,0,0.0,True,True,0.5807830691337585,0.11530876159667969,0.2403772622346878,False,False,2.0,,,
e400_const@9,0.8,0,27.342763900756836,11.165264129638672,20.370948791503906,12.319063186645508,23.688615798950195,24.98047637939453,265,14.0,STGAT,cases,orig,linear1,const,per_week,implicit,open,flow,mse,0.09999999999999999,0.14285714285714285,0.09090909090909091,0.31799999999999995,0.14285714285714285,400,0.003,0,0.0,True,True,0.5807830691337585,0.11530876159667969,0.2403772622346878,False,False,2.0,,,
e400_const@9,0.75,0,15.533327102661133,6.217517375946045,28.17205047607422,11.202279090881348,15.417729377746582,17.37733268737793,400,20.0,STGAT,cases,orig,linear1,const,per_week,implicit,open,flow,mse,0.09999999999999999,0.14285714285714285,0.09090909090909091,0.31799999999999995,0.14285714285714285,400,0.003,0,0.0,True,True,0.3501209020614624,0.19797369837760925,0.35195794701576233,False,False,2.0,,,
e400_const@9,0.75,2,15.533327102661133,6.217517375946045,28.17205047607422,11.202279090881348,15.417729377746582,17.37733268737793,400,19.9,STGAT,cases,orig,linear1,const,per_week,implicit,open,flow,mse,0.09999999999999999,0.14285714285714285,0.09090909090909091,0.31799999999999995,0.14285714285714285,400,0.003,0,0.0,True,True,0.3501209020614624,0.19797369837760925,0.35195794701576233,False,False,2.0,,,
e400_const@9,0.75,1,15.533327102661133,6.217517375946045,28.17205047607422,11.202279090881348,15.417729377746582,17.37733268737793,400,20.0,STGAT,cases,orig,linear1,const,per_week,implicit,open,flow,mse,0.09999999999999999,0.14285714285714285,0.09090909090909091,0.31799999999999995,0.14285714285714285,400,0.003,0,0.0,True,True,0.3501209020614624,0.19797369837760925,0.35195794701576233,False,False,2.0,,,
e400_const@9,0.85,1,20.966848373413086,12.670663833618164,30.312747955322266,14.621783256530762,21.466081619262695,25.6247615814209,316,17.0,STGAT,cases,orig,linear1,const,per_week,implicit,open,flow,mse,0.09999999999999999,0.14285714285714285,0.09090909090909091,0.31799999999999995,0.14285714285714285,400,0.003,0,0.0,True,True,0.5065640211105347,0.13273487985134125,0.268448144197464,False,False,2.0,,,
e400_const@9,0.85,0,20.966848373413086,12.670663833618164,30.312747955322266,14.621783256530762,21.466081619262695,25.6247615814209,316,17.1,STGAT,cases,orig,linear1,const,per_week,implicit,open,flow,mse,0.09999999999999999,0.14285714285714285,0.09090909090909091,0.31799999999999995,0.14285714285714285,400,0.003,0,0.0,True,True,0.5065640211105347,0.13273487985134125,0.268448144197464,False,False,2.0,,,
e400_const@9,0.85,2,20.966848373413086,12.670663833618164,30.312747955322266,14.621783256530762,21.466081619262695,25.6247615814209,316,17.1,STGAT,cases,orig,linear1,const,per_week,implicit,open,flow,mse,0.09999999999999999,0.14285714285714285,0.09090909090909091,0.31799999999999995,0.14285714285714285,400,0.003,0,0.0,True,True,0.5065640211105347,0.13273487985134125,0.268448144197464,False,False,2.0,,,
e400_const@9,0.9,0,29.18448829650879,14.30888557434082,31.75641441345215,16.219131469726562,53.99854278564453,57.54190444946289,388,23.8,STGAT,cases,orig,linear1,const,per_week,implicit,open,flow,mse,0.09999999999999999,0.14285714285714285,0.09090909090909091,0.31799999999999995,0.14285714285714285,400,0.003,0,0.0,True,True,0.4199239909648895,0.16194680333137512,0.3096928298473358,False,False,2.0,,,
e400_const@9,0.9,1,29.18448829650879,14.30888557434082,31.75641441345215,16.219131469726562,53.99854278564453,57.54190444946289,388,23.7,STGAT,cases,orig,linear1,const,per_week,implicit,open,flow,mse,0.09999999999999999,0.14285714285714285,0.09090909090909091,0.31799999999999995,0.14285714285714285,400,0.003,0,0.0,True,True,0.4199239909648895,0.16194680333137512,0.3096928298473358,False,False,2.0,,,
e400_const@9,0.9,2,29.18448829650879,14.30888557434082,31.75641441345215,16.219131469726562,53.99854278564453,57.54190444946289,388,24.0,STGAT,cases,orig,linear1,const,per_week,implicit,open,flow,mse,0.09999999999999999,0.14285714285714285,0.09090909090909091,0.31799999999999995,0.14285714285714285,400,0.003,0,0.0,True,True,0.4199239909648895,0.16194680333137512,0.3096928298473358,False,False,2.0,,,
e400_mass_pw@9,0.5,0,22.275115966796875,12.166765213012695,19.8056640625,11.139243125915527,35.16557312011719,37.34714126586914,400,66.2,STGAT,cases,orig,linear1,mass,per_week,implicit,open,flow,mse,0.09999999999999999,0.14285714285714285,0.09090909090909091,0.31799999999999995,0.14285714285714285,400,0.003,0,0.0,True,True,0.30689576268196106,0.13307492434978485,0.3501899242401123,False,False,2.0,,,
e400_mass_pw@9,0.5,1,22.319236755371094,12.126163482666016,19.92440414428711,11.134527206420898,34.338958740234375,37.34714126586914,400,66.5,STGAT,cases,orig,linear1,mass,per_week,implicit,open,flow,mse,0.09999999999999999,0.14285714285714285,0.09090909090909091,0.31799999999999995,0.14285714285714285,400,0.003,0,0.0,True,True,0.37381353974342346,0.11763983219861984,0.35195794701576233,False,False,2.0,,,
e400_mass_pw@9,0.5,2,22.201351165771484,12.060667991638184,19.821001052856445,11.056092262268066,34.213863372802734,37.34714126586914,400,66.7,STGAT,cases,orig,linear1,mass,per_week,implicit,open,flow,mse,0.09999999999999999,0.14285714285714285,0.09090909090909091,0.31799999999999995,0.14285714285714285,400,0.003,0,0.0,True,True,0.3956860601902008,0.11416768282651901,0.3501899242401123,False,False,2.0,,,
e400_mass_pw@9,0.6,0,43.15446090698242,21.463205337524414,70.51409912109375,36.60396957397461,94.2967300415039,65.65380859375,73,14.1,STGAT,cases,orig,linear1,mass,per_week,implicit,open,flow,mse,0.09999999999999999,0.14285714285714285,0.09090909090909091,0.31799999999999995,0.14285714285714285,400,0.003,0,0.0,True,True,0.9618058204650879,0.09635584056377411,0.1481325775384903,False,False,2.0,,,
e400_mass_pw@9,0.6,1,42.34746551513672,21.23531150817871,69.5592269897461,35.993961334228516,93.42730712890625,65.65380859375,76,14.7,STGAT,cases,orig,linear1,mass,per_week,implicit,open,flow,mse,0.09999999999999999,0.14285714285714285,0.09090909090909091,0.31799999999999995,0.14285714285714285,400,0.003,0,0.0,True,True,0.9532246589660645,0.09553658962249756,0.1493726670742035,False,False,2.0,,,
e400_mass_pw@9,0.6,2,43.35169982910156,21.209688186645508,62.550865173339844,32.80320358276367,88.58975219726562,65.65380859375,76,14.7,STGAT,cases,orig,linear1,mass,per_week,implicit,open,flow,mse,0.09999999999999999,0.14285714285714285,0.09090909090909091,0.31799999999999995,0.14285714285714285,400,0.003,0,0.0,True,True,0.9533025622367859,0.09554500877857208,0.1493726670742035,False,False,2.0,,,
e400_mass_pw@9,0.55,0,19.43550682067871,10.900614738464355,46.59666061401367,22.611770629882812,64.39066314697266,78.3367919921875,400,72.5,STGAT,cases,orig,linear1,mass,per_week,implicit,open,flow,mse,0.09999999999999999,0.14285714285714285,0.09090909090909091,0.31799999999999995,0.14285714285714285,400,0.003,0,0.0,True,True,0.3026283383369446,0.13416363298892975,0.35195794701576233,False,False,2.0,,,
e400_mass_pw@9,0.55,2,19.466161727905273,10.886558532714844,46.71873092651367,22.664966583251953,64.30143737792969,78.3367919921875,400,73.0,STGAT,cases,orig,linear1,mass,per_week,implicit,open,flow,mse,0.09999999999999999,0.14285714285714285,0.09090909090909091,0.31799999999999995,0.14285714285714285,400,0.003,0,0.0,True,True,0.38889825344085693,0.11552392691373825,0.3360538184642792,False,False,2.0,,,
e400_mass_pw@9,0.55,1,19.505939483642578,10.899012565612793,47.00067138671875,22.850435256958008,63.703269958496094,78.3367919921875,400,73.4,STGAT,cases,orig,linear1,mass,per_week,implicit,open,flow,mse,0.09999999999999999,0.14285714285714285,0.09090909090909091,0.31799999999999995,0.14285714285714285,400,0.003,0,0.0,True,True,0.3705674707889557,0.11859212815761566,0.34842193126678467,False,False,2.0,,,
e400_mass_pw@9,0.65,2,46.94013977050781,22.57474136352539,11.297661781311035,4.931765556335449,11.89614486694336,12.624285697937012,358,76.8,STGAT,cases,orig,linear1,mass,per_week,implicit,open,flow,mse,0.09999999999999999,0.14285714285714285,0.09090909090909091,0.31799999999999995,0.14285714285714285,400,0.003,0,0.0,True,True,0.4615365266799927,0.10190562903881073,0.29232609272003174,False,False,2.0,,,
e400_mass_pw@9,0.65,0,47.31293869018555,23.213687896728516,11.24750804901123,5.083381175994873,12.57237720489502,12.624285697937012,400,85.5,STGAT,cases,orig,linear1,mass,per_week,implicit,open,flow,mse,0.09999999999999999,0.14285714285714285,0.09090909090909091,0.31799999999999995,0.14285714285714285,400,0.003,0,0.0,True,True,0.304413378238678,0.13326917588710785,0.3501899242401123,False,False,2.0,,,
e400_mass_pw@9,0.65,1,46.537872314453125,21.76425552368164,11.345067024230957,4.870074272155762,11.434720039367676,12.624285697937012,400,86.0,STGAT,cases,orig,linear1,mass,per_week,implicit,open,flow,mse,0.09999999999999999,0.14285714285714285,0.09090909090909091,0.31799999999999995,0.14285714285714285,400,0.003,0,0.0,True,True,0.41536444425582886,0.1104881539940834,0.32020315527915955,False,False,2.0,,,
e400_mass_pw@9,0.7,0,11.61155891418457,5.248307704925537,15.063275337219238,6.236589431762695,13.282087326049805,14.039505958557129,400,85.9,STGAT,cases,orig,linear1,mass,per_week,implicit,open,flow,mse,0.09999999999999999,0.14285714285714285,0.09090909090909091,0.31799999999999995,0.14285714285714285,400,0.003,0,0.0,True,True,0.3149791657924652,0.1318020224571228,0.35195794701576233,False,False,2.0,,,
e400_mass_pw@9,0.7,1,11.63574504852295,5.24989128112793,15.189787864685059,6.234042167663574,13.405060768127441,14.039505958557129,400,86.3,STGAT,cases,orig,linear1,mass,per_week,implicit,open,flow,mse,0.09999999999999999,0.14285714285714285,0.09090909090909091,0.31799999999999995,0.14285714285714285,400,0.003,0,0.0,True,True,0.40284764766693115,0.11309725791215897,0.34135201573371887,False,False,2.0,,,
e400_mass_pw@9,0.7,2,11.635401725769043,5.220098495483398,15.129876136779785,6.221027374267578,13.220193862915039,14.039505958557129,400,86.1,STGAT,cases,orig,linear1,mass,per_week,implicit,open,flow,mse,0.09999999999999999,0.14285714285714285,0.09090909090909091,0.31799999999999995,0.14285714285714285,400,0.003,0,0.0,True,True,0.3895755112171173,0.11575056612491608,0.3501899242401123,False,False,2.0,,,
e400_mass_pw@9,0.8,1,27.237499237060547,11.063426971435547,20.214969635009766,12.190313339233398,23.36252212524414,24.98047637939453,223,53.4,STGAT,cases,orig,linear1,mass,per_week,implicit,open,flow,mse,0.09999999999999999,0.14285714285714285,0.09090909090909091,0.31799999999999995,0.14285714285714285,400,0.003,0,0.0,True,True,0.6227218508720398,0.07892804592847824,0.21821646392345428,False,False,2.0,,,
e400_mass_pw@9,0.8,2,27.20468521118164,11.048906326293945,20.20383644104004,12.182326316833496,23.284208297729492,24.98047637939453,232,55.3,STGAT,cases,orig,linear1,mass,per_week,implicit,open,flow,mse,0.09999999999999999,0.14285714285714285,0.09090909090909091,0.31799999999999995,0.14285714285714285,400,0.003,0,0.0,True,True,0.5981142520904541,0.08229546248912811,0.2228841483592987,False,False,2.0,,,
e400_mass_pw@9,0.8,0,27.21187400817871,11.021795272827148,20.227876663208008,12.177557945251465,23.315837860107422,24.98047637939453,250,59.5,STGAT,cases,orig,linear1,mass,per_week,implicit,open,flow,mse,0.09999999999999999,0.14285714285714285,0.09090909090909091,0.31799999999999995,0.14285714285714285,400,0.003,0,0.0,True,True,0.5603387951850891,0.08769968897104263,0.23235443234443665,False,False,2.0,,,
e400_mass_pw@9,0.75,0,15.409379005432129,6.182895660400391,28.318836212158203,11.046700477600098,15.41069507598877,17.37733268737793,400,93.0,STGAT,cases,orig,linear1,mass,per_week,implicit,open,flow,mse,0.09999999999999999,0.14285714285714285,0.09090909090909091,0.31799999999999995,0.14285714285714285,400,0.003,0,0.0,True,True,0.31453248858451843,0.13187962770462036,0.35195794701576233,False,False,2.0,,,
e400_mass_pw@9,0.75,1,15.470948219299316,6.170638561248779,28.105087280273438,11.096579551696777,15.248903274536133,17.37733268737793,400,94.1,STGAT,cases,orig,linear1,mass,per_week,implicit,open,flow,mse,0.09999999999999999,0.14285714285714285,0.09090909090909091,0.31799999999999995,0.14285714285714285,400,0.003,0,0.0,True,True,0.3772619366645813,0.11793818324804306,0.3501899242401123,False,False,2.0,,,
e400_mass_pw@9,0.75,2,15.46657943725586,6.167901992797852,28.09926414489746,11.102535247802734,15.24573040008545,17.37733268737793,400,94.2,STGAT,cases,orig,linear1,mass,per_week,implicit,open,flow,mse,0.09999999999999999,0.14285714285714285,0.09090909090909091,0.31799999999999995,0.14285714285714285,400,0.003,0,0.0,True,True,0.3828037679195404,0.11733933538198471,0.3448864221572876,False,False,2.0,,,
e400_mass_pw@9,0.85,0,20.687522888183594,12.50374984741211,29.98494529724121,14.478453636169434,21.197599411010742,25.6247615814209,289,72.4,STGAT,cases,orig,linear1,mass,per_week,implicit,open,flow,mse,0.09999999999999999,0.14285714285714285,0.09090909090909091,0.31799999999999995,0.14285714285714285,400,0.003,0,0.0,True,True,0.5059946775436401,0.09571611881256104,0.25344347953796387,False,False,2.0,,,
e400_mass_pw@9,0.85,1,20.478919982910156,12.44787311553955,30.050893783569336,14.496041297912598,20.086992263793945,25.6247615814209,400,97.4,STGAT,cases,orig,linear1,mass,per_week,implicit,open,flow,mse,0.09999999999999999,0.14285714285714285,0.09090909090909091,0.31799999999999995,0.14285714285714285,400,0.003,0,0.0,True,True,0.42054232954978943,0.11018519103527069,0.32020315527915955,False,False,2.0,,,
e400_mass_pw@9,0.85,2,20.65576171875,12.456494331359863,29.980636596679688,14.513532638549805,21.14818000793457,25.6247615814209,400,96.4,STGAT,cases,orig,linear1,mass,per_week,implicit,open,flow,mse,0.09999999999999999,0.14285714285714285,0.09090909090909091,0.31799999999999995,0.14285714285714285,400,0.003,0,0.0,True,True,0.4076823592185974,0.11241929978132248,0.31844764947891235,False,False,2.0,,,
e400_mass_pw@9,0.9,0,28.877878189086914,14.16452407836914,31.368305206298828,16.031789779663086,53.96842575073242,57.54190444946289,334,80.4,STGAT,cases,orig,linear1,mass,per_week,implicit,open,flow,mse,0.09999999999999999,0.14285714285714285,0.09090909090909091,0.31799999999999995,0.14285714285714285,400,0.003,0,0.0,True,True,0.4463581442832947,0.10543929040431976,0.27860933542251587,False,False,2.0,,,
e400_mass_pw@9,0.9,2,28.87640953063965,14.180088996887207,31.35667610168457,16.080232620239258,54.52199172973633,57.54190444946289,343,77.4,STGAT,cases,orig,linear1,mass,per_week,implicit,open,flow,mse,0.09999999999999999,0.14285714285714285,0.09090909090909091,0.31799999999999995,0.14285714285714285,400,0.003,0,0.0,True,True,0.45301246643066406,0.10410203039646149,0.28373199701309204,False,False,2.0,,,
e400_mass_pw@9,0.9,1,28.875965118408203,14.153185844421387,31.401012420654297,16.0196533203125,53.7027473449707,57.54190444946289,352,79.6,STGAT,cases,orig,linear1,mass,per_week,implicit,open,flow,mse,0.09999999999999999,0.14285714285714285,0.09090909090909091,0.31799999999999995,0.14285714285714285,400,0.003,0,0.0,True,True,0.4627588987350464,0.1021454781293869,0.28888043761253357,False,False,2.0,,,
n400_mass,0.7,2,12.096541404724121,5.676822662353516,22.115049362182617,10.367183685302734,19.34785270690918,19.014223098754883,82,21.7,STGAT,cases,train_only,linear1,mass,per_week,implicit,open,flow,mse,0.09999999999999999,0.14285714285714285,0.09090909090909091,0.31799999999999995,0.14285714285714285,400,0.003,0,0.0,True,True,0.9370080232620239,0.09396425634622574,0.15187662839889526,False,False,2.0,,,
n400_mass,0.7,1,12.178253173828125,5.8642964363098145,22.61521339416504,10.52573299407959,20.153488159179688,19.014223098754883,82,21.7,STGAT,cases,train_only,linear1,mass,per_week,implicit,open,flow,mse,0.09999999999999999,0.14285714285714285,0.09090909090909091,0.31799999999999995,0.14285714285714285,400,0.003,0,0.0,True,True,0.9366680979728699,0.09393086284399033,0.15187662839889526,False,False,2.0,,,
n400_mass,0.55,2,20.313623428344727,11.396985054016113,40.341915130615234,18.059770584106445,52.59028244018555,51.89012145996094,97,23.5,STGAT,cases,train_only,linear1,mass,per_week,implicit,open,flow,mse,0.09999999999999999,0.14285714285714285,0.09090909090909091,0.31799999999999995,0.14285714285714285,400,0.003,0,0.0,True,True,0.9073333740234375,0.09095791727304459,0.15826691687107086,False,False,2.0,,,
n400_mass,0.55,1,20.03592300415039,11.250547409057617,39.92482376098633,17.771047592163086,51.934913635253906,51.89012145996094,100,23.8,STGAT,cases,train_only,linear1,mass,per_week,implicit,open,flow,mse,0.09999999999999999,0.14285714285714285,0.09090909090909091,0.31799999999999995,0.14285714285714285,400,0.003,0,0.0,True,True,0.8972883224487305,0.08971474319696426,0.15956617891788483,False,False,2.0,,,
n400_mass,0.55,0,19.931934356689453,11.05490779876709,39.786949157714844,17.323009490966797,49.801109313964844,51.89012145996094,130,30.1,STGAT,cases,train_only,linear1,mass,per_week,implicit,open,flow,mse,0.09999999999999999,0.14285714285714285,0.09090909090909091,0.31799999999999995,0.14285714285714285,400,0.003,0,0.0,True,True,0.8176935911178589,0.08411528170108795,0.17292390763759613,False,False,2.0,,,
n400_mass,0.7,0,12.045023918151855,5.489595413208008,21.655853271484375,10.06003475189209,18.33124351501465,19.014223098754883,124,31.1,STGAT,cases,train_only,linear1,mass,per_week,implicit,open,flow,mse,0.09999999999999999,0.14285714285714285,0.09090909090909091,0.31799999999999995,0.14285714285714285,400,0.003,0,0.0,True,True,0.8340353965759277,0.08508417010307312,0.17020049691200256,False,False,2.0,,,
n400_mass,0.85,1,22.42073631286621,13.369309425354004,46.77223205566406,21.049869537353516,48.01643753051758,50.54822540283203,85,20.0,STGAT,cases,train_only,linear1,mass,per_week,implicit,open,flow,mse,0.09999999999999999,0.14285714285714285,0.09090909090909091,0.31799999999999995,0.14285714285714285,400,0.003,0,0.0,True,True,0.9299842119216919,0.09321179240942001,0.1531401127576828,False,False,2.0,,,
n400_mass,0.85,2,22.300630569458008,13.3165864944458,46.4797248840332,20.902559280395508,47.58322525024414,50.54822540283203,85,20.1,STGAT,cases,train_only,linear1,mass,per_week,implicit,open,flow,mse,0.09999999999999999,0.14285714285714285,0.09090909090909091,0.31799999999999995,0.14285714285714285,400,0.003,0,0.0,True,True,0.9312270283699036,0.09334442764520645,0.1531401127576828,False,False,2.0,,,
n400_mod05,0.55,0,20.004117965698242,11.073509216308594,39.677528381347656,17.431297302246094,50.499351501464844,51.89012145996094,127,25.5,STGAT,cases,train_only,linear1,mod,per_week,implicit,open,flow,mse,0.09999999999999999,0.14285714285714285,0.09090909090909091,0.31799999999999995,0.14285714285714285,400,0.003,0,0.0,True,True,0.8174180388450623,0.08406706899404526,0.17155902087688446,False,False,0.5,,,
n400_mass,0.85,0,21.433992385864258,12.904594421386719,45.65106964111328,20.37150001525879,46.07460403442383,50.54822540283203,121,27.8,STGAT,cases,train_only,linear1,mass,per_week,implicit,open,flow,mse,0.09999999999999999,0.14285714285714285,0.09090909090909091,0.31799999999999995,0.14285714285714285,400,0.003,0,0.0,True,True,0.8420378565788269,0.08552904427051544,0.16884835064411163,False,False,2.0,,,
n400_mod05,0.55,1,20.20370101928711,11.155848503112793,40.09686279296875,17.403051376342773,49.01477813720703,51.89012145996094,115,23.4,STGAT,cases,train_only,linear1,mod,per_week,implicit,open,flow,mse,0.09999999999999999,0.14285714285714285,0.09090909090909091,0.31799999999999995,0.14285714285714285,400,0.003,0,0.0,True,True,0.8524273037910461,0.0861126109957695,0.16616342961788177,False,False,0.5,,,
n400_mod05,0.55,2,20.357200622558594,11.254276275634766,39.846519470214844,17.423303604125977,49.590702056884766,51.89012145996094,118,24.3,STGAT,cases,train_only,linear1,mod,per_week,implicit,open,flow,mse,0.09999999999999999,0.14285714285714285,0.09090909090909091,0.31799999999999995,0.14285714285714285,400,0.003,0,0.0,True,True,0.8463884592056274,0.08580990135669708,0.16750265657901764,False,False,0.5,,,
n400_mod05,0.7,0,12.129353523254395,5.41195821762085,21.542184829711914,10.04694652557373,17.66464614868164,19.014223098754883,115,24.9,STGAT,cases,train_only,linear1,mod,per_week,implicit,open,flow,mse,0.09999999999999999,0.14285714285714285,0.09090909090909091,0.31799999999999995,0.14285714285714285,400,0.003,0,0.0,True,True,0.8495793342590332,0.08570762723684311,0.16616342961788177,False,False,0.5,,,
n400_mod05,0.7,1,12.231488227844238,5.450183391571045,21.687551498413086,10.100915908813477,17.71521759033203,19.014223098754883,109,24.3,STGAT,cases,train_only,linear1,mod,per_week,implicit,open,flow,mse,0.09999999999999999,0.14285714285714285,0.09090909090909091,0.31799999999999995,0.14285714285714285,400,0.003,0,0.0,True,True,0.8701665997505188,0.08700566738843918,0.16350460052490234,False,False,0.5,,,
n400_mod05,0.7,2,12.159653663635254,5.47048282623291,21.645280838012695,10.04768180847168,17.98005485534668,19.014223098754883,112,25.1,STGAT,cases,train_only,linear1,mod,per_week,implicit,open,flow,mse,0.09999999999999999,0.14285714285714285,0.09090909090909091,0.31799999999999995,0.14285714285714285,400,0.003,0,0.0,True,True,0.8591928482055664,0.08603056520223618,0.16483072936534882,False,False,0.5,,,
n400_mod05,0.85,0,21.392133712768555,12.903180122375488,45.70533752441406,20.380762100219727,45.80661392211914,50.54822540283203,121,28.8,STGAT,cases,train_only,linear1,mod,per_week,implicit,open,flow,mse,0.09999999999999999,0.14285714285714285,0.09090909090909091,0.31799999999999995,0.14285714285714285,400,0.003,0,0.0,True,True,0.8338553309440613,0.08488517999649048,0.16884835064411163,False,False,0.5,,,
n400_mod05,0.85,1,21.525014877319336,12.987492561340332,46.04340362548828,20.4669132232666,45.23681640625,50.54822540283203,106,26.1,STGAT,cases,train_only,linear1,mod,per_week,implicit,open,flow,mse,0.09999999999999999,0.14285714285714285,0.09090909090909091,0.31799999999999995,0.14285714285714285,400,0.003,0,0.0,True,True,0.8760246634483337,0.08751704543828964,0.16218508780002594,False,False,0.5,,,
n400_mod05,0.85,2,21.55246353149414,12.981407165527344,46.060848236083984,20.492202758789062,45.467628479003906,50.54822540283203,103,24.8,STGAT,cases,train_only,linear1,mod,per_week,implicit,open,flow,mse,0.09999999999999999,0.14285714285714285,0.09090909090909091,0.31799999999999995,0.14285714285714285,400,0.003,0,0.0,True,True,0.8809844851493835,0.08810439705848694,0.16087225079536438,False,False,0.5,,,
n400_mod10,0.55,0,20.079519271850586,11.119527816772461,39.84168243408203,17.380630493164062,49.85813903808594,51.89012145996094,118,23.5,STGAT,cases,train_only,linear1,mod,per_week,implicit,open,flow,mse,0.09999999999999999,0.14285714285714285,0.09090909090909091,0.31799999999999995,0.14285714285714285,400,0.003,0,0.0,True,True,0.8380207419395447,0.08630271255970001,0.16750265657901764,False,False,1.0,,,
n400_mod10,0.55,2,20.779720306396484,11.425835609436035,41.598724365234375,18.280115127563477,52.97597885131836,51.89012145996094,88,17.5,STGAT,cases,train_only,linear1,mod,per_week,implicit,open,flow,mse,0.09999999999999999,0.14285714285714285,0.09090909090909091,0.31799999999999995,0.14285714285714285,400,0.003,0,0.0,True,True,0.9262696504592896,0.09234505146741867,0.15441101789474487,False,False,1.0,,,
n400_mod10,0.7,0,12.186638832092285,5.434586048126221,21.60968780517578,10.060687065124512,17.700136184692383,19.014223098754883,109,22.9,STGAT,cases,train_only,linear1,mod,per_week,implicit,open,flow,mse,0.09999999999999999,0.14285714285714285,0.09090909090909091,0.31799999999999995,0.14285714285714285,400,0.003,0,0.0,True,True,0.8614367246627808,0.08802653849124908,0.16350460052490234,False,False,1.0,,,
n400_mod10,0.7,1,12.393197059631348,5.452672004699707,21.458332061767578,10.023783683776855,17.578275680541992,19.014223098754883,130,27.7,STGAT,cases,train_only,linear1,mod,per_week,implicit,open,flow,mse,0.09999999999999999,0.14285714285714285,0.09090909090909091,0.31799999999999995,0.14285714285714285,400,0.003,0,0.0,True,True,0.8420549631118774,0.08597223460674286,0.17292390763759613,False,False,1.0,,,
n400_mod10,0.85,1,21.447778701782227,12.91197395324707,46.06744384765625,20.582256317138672,46.42343521118164,50.54822540283203,133,31.9,STGAT,cases,train_only,linear1,mod,per_week,implicit,open,flow,mse,0.09999999999999999,0.14285714285714285,0.09090909090909091,0.31799999999999995,0.14285714285714285,400,0.003,0,0.0,True,True,0.8403497934341431,0.08575767278671265,0.17429514229297638,False,False,1.0,,,
n400_mod10,0.55,1,19.71761131286621,10.94658088684082,47.036556243896484,19.787193298339844,50.96163558959961,51.89012145996094,298,60.4,STGAT,cases,train_only,linear1,mod,per_week,implicit,open,flow,mse,0.09999999999999999,0.14285714285714285,0.09090909090909091,0.31799999999999995,0.14285714285714285,400,0.003,0,0.0,True,True,0.7262864112854004,0.08560827374458313,0.25841113924980164,False,False,1.0,,,
n400_mod10,0.7,2,12.031854629516602,5.325161457061768,21.33510971069336,9.964902877807617,17.20014762878418,19.014223098754883,223,47.8,STGAT,cases,train_only,linear1,mod,per_week,implicit,open,flow,mse,0.09999999999999999,0.14285714285714285,0.09090909090909091,0.31799999999999995,0.14285714285714285,400,0.003,0,0.0,True,True,0.7863990664482117,0.08377757668495178,0.21821646392345428,False,False,1.0,,,
n400_mod02,0.55,0,20.31095314025879,11.16981315612793,40.44025421142578,17.608699798583984,50.592132568359375,51.89012145996094,112,23.7,STGAT,cases,train_only,linear1,mod,per_week,implicit,open,flow,mse,0.09999999999999999,0.14285714285714285,0.09090909090909091,0.31799999999999995,0.14285714285714285,400,0.003,0,0.0,True,True,0.8550801873207092,0.08623870462179184,0.16483072936534882,False,False,0.2,,,
n400_mod02,0.55,1,20.31095314025879,11.16981315612793,40.44025421142578,17.608699798583984,50.592132568359375,51.89012145996094,112,23.3,STGAT,cases,train_only,linear1,mod,per_week,implicit,open,flow,mse,0.09999999999999999,0.14285714285714285,0.09090909090909091,0.31799999999999995,0.14285714285714285,400,0.003,0,0.0,True,True,0.8550801873207092,0.08623870462179184,0.16483072936534882,False,False,0.2,,,
n400_mod10,0.85,0,20.95615577697754,12.708850860595703,45.422733306884766,20.233423233032227,45.7253303527832,50.54822540283203,244,57.0,STGAT,cases,train_only,linear1,mod,per_week,implicit,open,flow,mse,0.09999999999999999,0.14285714285714285,0.09090909090909091,0.31799999999999995,0.14285714285714285,400,0.003,0,0.0,True,True,0.7568514943122864,0.08217629790306091,0.22917813062667847,False,False,1.0,,,
n400_mod02,0.55,2,20.31095314025879,11.16981315612793,40.44025421142578,17.608699798583984,50.592132568359375,51.89012145996094,112,23.8,STGAT,cases,train_only,linear1,mod,per_week,implicit,open,flow,mse,0.09999999999999999,0.14285714285714285,0.09090909090909091,0.31799999999999995,0.14285714285714285,400,0.003,0,0.0,True,True,0.8550801873207092,0.08623870462179184,0.16483072936534882,False,False,0.2,,,
n400_mod10,0.85,2,21.10519027709961,12.792853355407715,45.57175064086914,20.287273406982422,45.413429260253906,50.54822540283203,217,51.0,STGAT,cases,train_only,linear1,mod,per_week,implicit,open,flow,mse,0.09999999999999999,0.14285714285714285,0.09090909090909091,0.31799999999999995,0.14285714285714285,400,0.003,0,0.0,True,True,0.7731526494026184,0.08340610563755035,0.21513061225414276,False,False,1.0,,,
n400_mod02,0.7,0,11.903050422668457,5.30747127532959,21.328371047973633,9.902142524719238,17.676002502441406,19.014223098754883,253,56.9,STGAT,cases,train_only,linear1,mod,per_week,implicit,open,flow,mse,0.09999999999999999,0.14285714285714285,0.09090909090909091,0.31799999999999995,0.14285714285714285,400,0.003,0,0.0,True,True,0.5856400728225708,0.11732394248247147,0.2339497208595276,False,False,0.2,,,
n400_mod02,0.7,1,11.913969993591309,5.340402603149414,21.411705017089844,9.934456825256348,17.797019958496094,19.014223098754883,244,58.8,STGAT,cases,train_only,linear1,mod,per_week,implicit,open,flow,mse,0.09999999999999999,0.14285714285714285,0.09090909090909091,0.31799999999999995,0.14285714285714285,400,0.003,0,0.0,True,True,0.6045213937759399,0.11730148643255234,0.22917813062667847,False,False,0.2,,,
n400_const,0.55,0,20.376911163330078,11.209824562072754,40.56077575683594,17.67317771911621,50.757476806640625,51.89012145996094,130,11.3,STGAT,cases,train_only,linear1,const,per_week,implicit,open,flow,mse,0.09999999999999999,0.14285714285714285,0.09090909090909091,0.31799999999999995,0.14285714285714285,400,0.003,0,0.0,True,True,0.8100807070732117,0.08214743435382843,0.17292390763759613,False,False,2.0,,,
n400_const,0.55,1,20.376911163330078,11.209824562072754,40.56077575683594,17.67317771911621,50.757476806640625,51.89012145996094,130,10.9,STGAT,cases,train_only,linear1,const,per_week,implicit,open,flow,mse,0.09999999999999999,0.14285714285714285,0.09090909090909091,0.31799999999999995,0.14285714285714285,400,0.003,0,0.0,True,True,0.8100807070732117,0.08214743435382843,0.17292390763759613,False,False,2.0,,,
n400_mod02,0.7,2,11.881211280822754,5.317219257354736,21.401546478271484,9.918588638305664,17.860794067382812,19.014223098754883,262,59.6,STGAT,cases,train_only,linear1,mod,per_week,implicit,open,flow,mse,0.09999999999999999,0.14285714285714285,0.09090909090909091,0.31799999999999995,0.14285714285714285,400,0.003,0,0.0,True,True,0.5673062205314636,0.11705470830202103,0.23876354098320007,False,False,0.2,,,
n400_const,0.55,2,20.376911163330078,11.209824562072754,40.56077575683594,17.67317771911621,50.757476806640625,51.89012145996094,130,11.0,STGAT,cases,train_only,linear1,const,per_week,implicit,open,flow,mse,0.09999999999999999,0.14285714285714285,0.09090909090909091,0.31799999999999995,0.14285714285714285,400,0.003,0,0.0,True,True,0.8100807070732117,0.08214743435382843,0.17292390763759613,False,False,2.0,,,
n400_mod02,0.85,1,21.16047477722168,12.773959159851074,45.20045471191406,20.183263778686523,46.18002700805664,50.54822540283203,241,58.3,STGAT,cases,train_only,linear1,mod,per_week,implicit,open,flow,mse,0.09999999999999999,0.14285714285714285,0.09090909090909091,0.31799999999999995,0.14285714285714285,400,0.003,0,0.0,True,True,0.6109985709190369,0.11700709909200668,0.22759723663330078,False,False,0.2,,,
n400_mod02,0.85,0,20.944629669189453,12.671804428100586,45.005218505859375,20.026222229003906,45.329288482666016,50.54822540283203,292,67.3,STGAT,cases,train_only,linear1,mod,per_week,implicit,open,flow,mse,0.09999999999999999,0.14285714285714285,0.09090909090909091,0.31799999999999995,0.14285714285714285,400,0.003,0,0.0,True,True,0.5474451184272766,0.11699865013360977,0.2550954520702362,False,False,0.2,,,
n400_mod02,0.85,2,20.94393539428711,12.664978981018066,45.02679443359375,20.037832260131836,45.56458282470703,50.54822540283203,271,63.5,STGAT,cases,train_only,linear1,mod,per_week,implicit,open,flow,mse,0.09999999999999999,0.14285714285714285,0.09090909090909091,0.31799999999999995,0.14285714285714285,400,0.003,0,0.0,True,True,0.553370475769043,0.11691880971193314,0.24361811578273773,False,False,0.2,,,
n400_const,0.7,0,11.70848274230957,5.287848949432373,21.318387985229492,9.863232612609863,17.900009155273438,19.014223098754883,400,25.6,STGAT,cases,train_only,linear1,const,per_week,implicit,open,flow,mse,0.09999999999999999,0.14285714285714285,0.09090909090909091,0.31799999999999995,0.14285714285714285,400,0.003,0,0.0,True,True,0.35010308027267456,0.1980147361755371,0.35195794701576233,False,False,2.0,,,
n400_const,0.85,0,20.966848373413086,12.670663833618164,44.9664421081543,20.036991119384766,46.077457427978516,50.54822540283203,316,19.6,STGAT,cases,train_only,linear1,const,per_week,implicit,open,flow,mse,0.09999999999999999,0.14285714285714285,0.09090909090909091,0.31799999999999995,0.14285714285714285,400,0.003,0,0.0,True,True,0.5065640211105347,0.13273487985134125,0.268448144197464,False,False,2.0,,,
n400_const,0.7,1,11.70848274230957,5.287848949432373,21.318387985229492,9.863232612609863,17.900009155273438,19.014223098754883,400,23.5,STGAT,cases,train_only,linear1,const,per_week,implicit,open,flow,mse,0.09999999999999999,0.14285714285714285,0.09090909090909091,0.31799999999999995,0.14285714285714285,400,0.003,0,0.0,True,True,0.35010308027267456,0.1980147361755371,0.35195794701576233,False,False,2.0,,,
n400_const,0.7,2,11.70848274230957,5.287848949432373,21.318387985229492,9.863232612609863,17.900009155273438,19.014223098754883,400,23.5,STGAT,cases,train_only,linear1,const,per_week,implicit,open,flow,mse,0.09999999999999999,0.14285714285714285,0.09090909090909091,0.31799999999999995,0.14285714285714285,400,0.003,0,0.0,True,True,0.35010308027267456,0.1980147361755371,0.35195794701576233,False,False,2.0,,,
n400_const,0.85,1,20.966848373413086,12.670663833618164,44.9664421081543,20.036991119384766,46.077457427978516,50.54822540283203,316,20.3,STGAT,cases,train_only,linear1,const,per_week,implicit,open,flow,mse,0.09999999999999999,0.14285714285714285,0.09090909090909091,0.31799999999999995,0.14285714285714285,400,0.003,0,0.0,True,True,0.5065640211105347,0.13273487985134125,0.268448144197464,False,False,2.0,,,
n400_const,0.85,2,20.966848373413086,12.670663833618164,44.9664421081543,20.036991119384766,46.077457427978516,50.54822540283203,316,21.0,STGAT,cases,train_only,linear1,const,per_week,implicit,open,flow,mse,0.09999999999999999,0.14285714285714285,0.09090909090909091,0.31799999999999995,0.14285714285714285,400,0.003,0,0.0,True,True,0.5065640211105347,0.13273487985134125,0.268448144197464,False,False,2.0,,,
n400_mod05_era5,0.55,0,20.396650314331055,11.216591835021973,40.661563873291016,17.5698299407959,48.787620544433594,51.89012145996094,115,19.6,STGAT,cases+era5,train_only,linear1,mod,per_week,implicit,open,flow,mse,0.09999999999999999,0.14285714285714285,0.09090909090909091,0.31799999999999995,0.14285714285714285,400,0.003,0,0.0,True,True,0.849087119102478,0.08562654256820679,0.16616342961788177,False,False,0.5,,,
n400_mod05_era5,0.55,1,18.95570182800293,10.785120010375977,39.91075897216797,17.501916885375977,50.390541076660156,51.89012145996094,118,22.1,STGAT,cases+era5,train_only,linear1,mod,per_week,implicit,open,flow,mse,0.09999999999999999,0.14285714285714285,0.09090909090909091,0.31799999999999995,0.14285714285714285,400,0.003,0,0.0,True,True,0.8418371677398682,0.08513440936803818,0.16750265657901764,False,False,0.5,,,
n400_mod05_era5,0.55,2,19.915868759155273,11.041178703308105,40.940589904785156,17.766191482543945,50.76129913330078,51.89012145996094,127,24.3,STGAT,cases+era5,train_only,linear1,mod,per_week,implicit,open,flow,mse,0.09999999999999999,0.14285714285714285,0.09090909090909091,0.31799999999999995,0.14285714285714285,400,0.003,0,0.0,True,True,0.8186895251274109,0.08404171466827393,0.17155902087688446,False,False,0.5,,,
n400_mod05_era5,0.7,0,11.911185264587402,5.441188335418701,21.978195190429688,10.088116645812988,18.574735641479492,19.014223098754883,121,25.0,STGAT,cases+era5,train_only,linear1,mod,per_week,implicit,open,flow,mse,0.09999999999999999,0.14285714285714285,0.09090909090909091,0.31799999999999995,0.14285714285714285,400,0.003,0,0.0,True,True,0.8355608582496643,0.08473409712314606,0.16884835064411163,False,False,0.5,,,
n400_mod05_era5,0.7,1,11.906067848205566,5.582387924194336,22.174829483032227,10.069759368896484,18.814714431762695,19.014223098754883,118,24.6,STGAT,cases+era5,train_only,linear1,mod,per_week,implicit,open,flow,mse,0.09999999999999999,0.14285714285714285,0.09090909090909091,0.31799999999999995,0.14285714285714285,400,0.003,0,0.0,True,True,0.8439825177192688,0.08507847040891647,0.16750265657901764,False,False,0.5,,,
n400_mod05_era5,0.7,2,11.954060554504395,5.404914855957031,21.623502731323242,9.9857816696167,18.184232711791992,19.014223098754883,127,26.0,STGAT,cases+era5,train_only,linear1,mod,per_week,implicit,open,flow,mse,0.09999999999999999,0.14285714285714285,0.09090909090909091,0.31799999999999995,0.14285714285714285,400,0.003,0,0.0,True,True,0.8209354281425476,0.08413329720497131,0.17155902087688446,False,False,0.5,,,
n400_mod05_era5,0.85,1,21.473508834838867,12.92566967010498,45.37101364135742,20.318632125854492,46.25545883178711,50.54822540283203,115,22.4,STGAT,cases+era5,train_only,linear1,mod,per_week,implicit,open,flow,mse,0.09999999999999999,0.14285714285714285,0.09090909090909091,0.31799999999999995,0.14285714285714285,400,0.003,0,0.0,True,True,0.8513821959495544,0.08552578836679459,0.16616342961788177,False,False,0.5,,,
n400_mod05_era5,0.85,2,21.399845123291016,12.88996410369873,45.58614730834961,20.357385635375977,46.200687408447266,50.54822540283203,124,22.4,STGAT,cases+era5,train_only,linear1,mod,per_week,implicit,open,flow,mse,0.09999999999999999,0.14285714285714285,0.09090909090909091,0.31799999999999995,0.14285714285714285,400,0.003,0,0.0,True,True,0.828522264957428,0.08444522321224213,0.17020049691200256,False,False,0.5,,,
n400_mod05_era5,0.85,0,21.246318817138672,12.831195831298828,46.605628967285156,20.87722396850586,47.2681770324707,50.54822540283203,193,35.1,STGAT,cases+era5,train_only,linear1,mod,per_week,implicit,open,flow,mse,0.09999999999999999,0.14285714285714285,0.09090909090909091,0.31799999999999995,0.14285714285714285,400,0.003,0,0.0,True,True,0.7515974044799805,0.08329922705888748,0.20300190150737762,False,False,0.5,,,
ls_const,0.55,1,19.447694778442383,11.047992706298828,37.63157653808594,16.2340030670166,50.00154113769531,51.89012145996094,400,23.3,STGAT,cases,train_only,linear1,const,per_week,implicit,open,flow,mse,0.09999999999999999,0.14285714285714285,0.09090909090909091,0.31799999999999995,0.14285714285714285,400,0.003,0,0.0,True,True,0.3455580770969391,0.24482308328151703,0.35195794701576233,False,False,2.0,0.6282559037208557,2.9005162715911865,True
ls_const,0.55,2,19.447694778442383,11.047992706298828,37.63157653808594,16.2340030670166,50.00154113769531,51.89012145996094,400,23.3,STGAT,cases,train_only,linear1,const,per_week,implicit,open,flow,mse,0.09999999999999999,0.14285714285714285,0.09090909090909091,0.31799999999999995,0.14285714285714285,400,0.003,0,0.0,True,True,0.3455580770969391,0.24482308328151703,0.35195794701576233,False,False,2.0,0.6282559037208557,2.9005162715911865,True
ls_const,0.7,2,11.600113868713379,5.278293609619141,21.4490966796875,9.831900596618652,18.027257919311523,19.014223098754883,400,23.3,STGAT,cases,train_only,linear1,const,per_week,implicit,open,flow,mse,0.09999999999999999,0.14285714285714285,0.09090909090909091,0.31799999999999995,0.14285714285714285,400,0.003,0,0.0,True,True,0.4316973388195038,0.2226962149143219,0.32020315527915955,False,False,2.0,0.7386804819107056,2.3969318866729736,True
ls_const,0.55,0,19.447694778442383,11.047992706298828,37.63157653808594,16.2340030670166,50.00154113769531,51.89012145996094,400,23.6,STGAT,cases,train_only,linear1,const,per_week,implicit,open,flow,mse,0.09999999999999999,0.14285714285714285,0.09090909090909091,0.31799999999999995,0.14285714285714285,400,0.003,0,0.0,True,True,0.3455580770969391,0.24482308328151703,0.35195794701576233,False,False,2.0,0.6282559037208557,2.9005162715911865,True
ls_const,0.7,1,11.600113868713379,5.278293609619141,21.4490966796875,9.831900596618652,18.027257919311523,19.014223098754883,400,23.6,STGAT,cases,train_only,linear1,const,per_week,implicit,open,flow,mse,0.09999999999999999,0.14285714285714285,0.09090909090909091,0.31799999999999995,0.14285714285714285,400,0.003,0,0.0,True,True,0.4316973388195038,0.2226962149143219,0.32020315527915955,False,False,2.0,0.7386804819107056,2.3969318866729736,True
ls_const,0.7,0,11.600113868713379,5.278293609619141,21.4490966796875,9.831900596618652,18.027257919311523,19.014223098754883,400,23.9,STGAT,cases,train_only,linear1,const,per_week,implicit,open,flow,mse,0.09999999999999999,0.14285714285714285,0.09090909090909091,0.31799999999999995,0.14285714285714285,400,0.003,0,0.0,True,True,0.4316973388195038,0.2226962149143219,0.32020315527915955,False,False,2.0,0.7386804819107056,2.3969318866729736,True
ls_mass,0.55,2,20.066179275512695,11.233915328979492,40.7255859375,17.88812255859375,51.25484848022461,51.89012145996094,85,13.5,STGAT,cases,train_only,linear1,mass,per_week,implicit,open,flow,mse,0.09999999999999999,0.14285714285714285,0.09090909090909091,0.31799999999999995,0.14285714285714285,400,0.003,0,0.0,True,True,0.9326068162918091,0.09361445903778076,0.1531401127576828,False,False,2.0,1.8440812826156616,1.482410192489624,True
ls_mass,0.55,1,20.10163688659668,11.293160438537598,40.09148025512695,17.846317291259766,52.73992156982422,51.89012145996094,88,14.0,STGAT,cases,train_only,linear1,mass,per_week,implicit,open,flow,mse,0.09999999999999999,0.14285714285714285,0.09090909090909091,0.31799999999999995,0.14285714285714285,400,0.003,0,0.0,True,True,0.9253778457641602,0.09274120628833771,0.15441101789474487,False,False,2.0,1.8244620561599731,1.4769998788833618,True
ls_mass,0.55,0,19.846805572509766,11.031575202941895,39.48461151123047,17.126541137695312,49.378700256347656,51.89012145996094,124,20.9,STGAT,cases,train_only,linear1,mass,per_week,implicit,open,flow,mse,0.09999999999999999,0.14285714285714285,0.09090909090909091,0.31799999999999995,0.14285714285714285,400,0.003,0,0.0,True,True,0.8475965261459351,0.09256403893232346,0.17020049691200256,False,False,2.0,1.6122410297393799,1.509836196899414,True
ls_const,0.85,1,20.824121475219727,12.551456451416016,44.79759216308594,19.950220108032227,46.1553955078125,50.54822540283203,265,21.2,STGAT,cases,train_only,linear1,const,per_week,implicit,open,flow,mse,0.09999999999999999,0.14285714285714285,0.09090909090909091,0.31799999999999995,0.14285714285714285,400,0.003,0,0.0,True,True,0.6618584990501404,0.14866875112056732,0.2403772622346878,False,False,2.0,1.097817063331604,1.693814992904663,True
ls_const,0.85,0,20.824121475219727,12.551456451416016,44.79759216308594,19.950220108032227,46.1553955078125,50.54822540283203,265,21.4,STGAT,cases,train_only,linear1,const,per_week,implicit,open,flow,mse,0.09999999999999999,0.14285714285714285,0.09090909090909091,0.31799999999999995,0.14285714285714285,400,0.003,0,0.0,True,True,0.6618584990501404,0.14866875112056732,0.2403772622346878,False,False,2.0,1.097817063331604,1.693814992904663,True
ls_const,0.85,2,20.824121475219727,12.551456451416016,44.79759216308594,19.950220108032227,46.1553955078125,50.54822540283203,265,21.4,STGAT,cases,train_only,linear1,const,per_week,implicit,open,flow,mse,0.09999999999999999,0.14285714285714285,0.09090909090909091,0.31799999999999995,0.14285714285714285,400,0.003,0,0.0,True,True,0.6618584990501404,0.14866875112056732,0.2403772622346878,False,False,2.0,1.097817063331604,1.693814992904663,True
ls_mass,0.7,1,12.036287307739258,5.713551044464111,22.14377784729004,10.326608657836914,19.573055267333984,19.014223098754883,82,18.0,STGAT,cases,train_only,linear1,mass,per_week,implicit,open,flow,mse,0.09999999999999999,0.14285714285714285,0.09090909090909091,0.31799999999999995,0.14285714285714285,400,0.003,0,0.0,True,True,0.9367077350616455,0.09394551068544388,0.15187662839889526,False,False,2.0,1.857893943786621,1.4841617345809937,True
ls_mass,0.7,0,11.917073249816895,5.405733585357666,21.480737686157227,9.988432884216309,18.065593719482422,19.014223098754883,118,26.4,STGAT,cases,train_only,linear1,mass,per_week,implicit,open,flow,mse,0.09999999999999999,0.14285714285714285,0.09090909090909091,0.31799999999999995,0.14285714285714285,400,0.003,0,0.0,True,True,0.8601540923118591,0.09183301031589508,0.16750265657901764,False,False,2.0,1.6467901468276978,1.4909254312515259,True
ls_mass,0.7,2,12.008360862731934,5.592123985290527,21.846193313598633,10.23908805847168,18.987070083618164,19.014223098754883,82,19.4,STGAT,cases,train_only,linear1,mass,per_week,implicit,open,flow,mse,0.09999999999999999,0.14285714285714285,0.09090909090909091,0.31799999999999995,0.14285714285714285,400,0.003,0,0.0,True,True,0.9373708963394165,0.09403388202190399,0.15187662839889526,False,False,2.0,1.8586064577102661,1.4856679439544678,True
ls_mass,0.85,2,22.03687858581543,13.222609519958496,46.35854721069336,20.791372299194336,47.068809509277344,50.54822540283203,82,20.6,STGAT,cases,train_only,linear1,mass,per_week,implicit,open,flow,mse,0.09999999999999999,0.14285714285714285,0.09090909090909091,0.31799999999999995,0.14285714285714285,400,0.003,0,0.0,True,True,0.9374195337295532,0.09403668344020844,0.15187662839889526,False,False,2.0,1.8586111068725586,1.485841155052185,True
ls_mass,0.85,1,22.164493560791016,13.233298301696777,46.053550720214844,20.788166046142578,48.341064453125,50.54822540283203,85,20.9,STGAT,cases,train_only,linear1,mass,per_week,implicit,open,flow,mse,0.09999999999999999,0.14285714285714285,0.09090909090909091,0.31799999999999995,0.14285714285714285,400,0.003,0,0.0,True,True,0.9308121204376221,0.09331962466239929,0.1531401127576828,False,False,2.0,1.841912865638733,1.478517770767212,True
ls_mass,0.85,0,21.175212860107422,12.80311393737793,45.30928421020508,20.20194435119629,45.87397766113281,50.54822540283203,115,28.1,STGAT,cases,train_only,linear1,mass,per_week,implicit,open,flow,mse,0.09999999999999999,0.14285714285714285,0.09090909090909091,0.31799999999999995,0.14285714285714285,400,0.003,0,0.0,True,True,0.8656752705574036,0.09121158719062805,0.16616342961788177,False,False,2.0,1.6629916429519653,1.4851808547973633,True
ls_mod02,0.55,0,20.260860443115234,11.151082992553711,40.31006622314453,17.540828704833984,50.495662689208984,51.89012145996094,94,20.5,STGAT,cases,train_only,linear1,mod,per_week,implicit,open,flow,mse,0.09999999999999999,0.14285714285714285,0.09090909090909091,0.31799999999999995,0.14285714285714285,400,0.003,0,0.0,True,True,0.9028539061546326,0.09080784022808075,0.15697455406188965,False,False,0.2,1.7909986972808838,1.4306012392044067,True
ls_mod02,0.55,2,20.260860443115234,11.151082992553711,40.31006622314453,17.540828704833984,50.495662689208984,51.89012145996094,94,19.6,STGAT,cases,train_only,linear1,mod,per_week,implicit,open,flow,mse,0.09999999999999999,0.14285714285714285,0.09090909090909091,0.31799999999999995,0.14285714285714285,400,0.003,0,0.0,True,True,0.9028539061546326,0.09080784022808075,0.15697455406188965,False,False,0.2,1.7909986972808838,1.4306012392044067,True
ls_mod02,0.55,1,20.260860443115234,11.151082992553711,40.31006622314453,17.540828704833984,50.495662689208984,51.89012145996094,94,19.7,STGAT,cases,train_only,linear1,mod,per_week,implicit,open,flow,mse,0.09999999999999999,0.14285714285714285,0.09090909090909091,0.31799999999999995,0.14285714285714285,400,0.003,0,0.0,True,True,0.9028539061546326,0.09080784022808075,0.15697455406188965,False,False,0.2,1.7909986972808838,1.4306012392044067,True
ls_mod02,0.7,1,11.770705223083496,5.296849727630615,21.379859924316406,9.874049186706543,18.011611938476562,19.014223098754883,280,67.3,STGAT,cases,train_only,linear1,mod,per_week,implicit,open,flow,mse,0.09999999999999999,0.14285714285714285,0.09090909090909091,0.31799999999999995,0.14285714285714285,400,0.003,0,0.0,True,True,0.6674786806106567,0.15166136622428894,0.24851194024085999,False,False,0.2,1.187437653541565,1.6030547618865967,True
ls_mod02,0.7,0,11.764992713928223,5.3449625968933105,21.632999420166016,9.947846412658691,18.48480224609375,19.014223098754883,283,68.4,STGAT,cases,train_only,linear1,mod,per_week,implicit,open,flow,mse,0.09999999999999999,0.14285714285714285,0.09090909090909091,0.31799999999999995,0.14285714285714285,400,0.003,0,0.0,True,True,0.675301194190979,0.1509769707918167,0.250151664018631,False,False,0.2,1.2007933855056763,1.622951865196228,True
ls_mod02,0.7,2,11.768292427062988,5.294418811798096,21.476573944091797,9.908907890319824,18.06000518798828,19.014223098754883,271,64.0,STGAT,cases,train_only,linear1,mod,per_week,implicit,open,flow,mse,0.09999999999999999,0.14285714285714285,0.09090909090909091,0.31799999999999995,0.14285714285714285,400,0.003,0,0.0,True,True,0.6762282252311707,0.15000340342521667,0.24361811578273773,False,False,0.2,1.2123383283615112,1.5993680953979492,True
ls_mod02,0.85,0,20.89976692199707,12.616167068481445,44.81619644165039,19.93818473815918,45.20582962036133,50.54822540283203,253,63.7,STGAT,cases,train_only,linear1,mod,per_week,implicit,open,flow,mse,0.09999999999999999,0.14285714285714285,0.09090909090909091,0.31799999999999995,0.14285714285714285,400,0.003,0,0.0,True,True,0.6796922087669373,0.14780406653881073,0.2339497208595276,False,False,0.2,1.241687297821045,1.5433759689331055,True
ls_mod02,0.85,1,20.994653701782227,12.629793167114258,44.9484977722168,20.04304313659668,46.24326705932617,50.54822540283203,253,61.4,STGAT,cases,train_only,linear1,mod,per_week,implicit,open,flow,mse,0.09999999999999999,0.14285714285714285,0.09090909090909091,0.31799999999999995,0.14285714285714285,400,0.003,0,0.0,True,True,0.6862156987190247,0.14722216129302979,0.2339497208595276,False,False,0.2,1.2555341720581055,1.5420198440551758,True
ls_mod02,0.85,2,20.842601776123047,12.611137390136719,44.85015869140625,19.908042907714844,44.6921501159668,50.54822540283203,253,61.4,STGAT,cases,train_only,linear1,mod,per_week,implicit,open,flow,mse,0.09999999999999999,0.14285714285714285,0.09090909090909091,0.31799999999999995,0.14285714285714285,400,0.003,0,0.0,True,True,0.6794698238372803,0.14777871966362,0.2339497208595276,False,False,0.2,1.241483211517334,1.542614459991455,True
ls_const@9,0.5,1,22.096752166748047,12.24349594116211,19.801809310913086,11.265663146972656,35.643985748291016,37.34714126586914,400,22.4,STGAT,cases,train_only,linear1,const,per_week,implicit,open,flow,mse,0.09999999999999999,0.14285714285714285,0.09090909090909091,0.31799999999999995,0.14285714285714285,400,0.003,0,0.0,True,True,0.3680233061313629,0.23941297829151154,0.3431190550327301,False,False,2.0,0.6548384428024292,2.757322311401367,True
ls_const@9,0.5,0,22.096752166748047,12.24349594116211,19.801809310913086,11.265663146972656,35.643985748291016,37.34714126586914,400,22.5,STGAT,cases,train_only,linear1,const,per_week,implicit,open,flow,mse,0.09999999999999999,0.14285714285714285,0.09090909090909091,0.31799999999999995,0.14285714285714285,400,0.003,0,0.0,True,True,0.3680233061313629,0.23941297829151154,0.3431190550327301,False,False,2.0,0.6548384428024292,2.757322311401367,True
ls_const@9,0.5,2,22.096752166748047,12.24349594116211,19.801809310913086,11.265663146972656,35.643985748291016,37.34714126586914,400,22.6,STGAT,cases,train_only,linear1,const,per_week,implicit,open,flow,mse,0.09999999999999999,0.14285714285714285,0.09090909090909091,0.31799999999999995,0.14285714285714285,400,0.003,0,0.0,True,True,0.3680233061313629,0.23941297829151154,0.3431190550327301,False,False,2.0,0.6548384428024292,2.757322311401367,True
ls_const@9,0.55,0,19.447694778442383,11.047992706298828,47.04684829711914,22.444690704345703,65.95421600341797,78.3367919921875,400,23.1,STGAT,cases,train_only,linear1,const,per_week,implicit,open,flow,mse,0.09999999999999999,0.14285714285714285,0.09090909090909091,0.31799999999999995,0.14285714285714285,400,0.003,0,0.0,True,True,0.3455580770969391,0.24482308328151703,0.35195794701576233,False,False,2.0,0.6282559037208557,2.9005162715911865,True
ls_const@9,0.55,2,19.447694778442383,11.047992706298828,47.04684829711914,22.444690704345703,65.95421600341797,78.3367919921875,400,23.3,STGAT,cases,train_only,linear1,const,per_week,implicit,open,flow,mse,0.09999999999999999,0.14285714285714285,0.09090909090909091,0.31799999999999995,0.14285714285714285,400,0.003,0,0.0,True,True,0.3455580770969391,0.24482308328151703,0.35195794701576233,False,False,2.0,0.6282559037208557,2.9005162715911865,True
ls_const@9,0.55,1,19.447694778442383,11.047992706298828,47.04684829711914,22.444690704345703,65.95421600341797,78.3367919921875,400,23.3,STGAT,cases,train_only,linear1,const,per_week,implicit,open,flow,mse,0.09999999999999999,0.14285714285714285,0.09090909090909091,0.31799999999999995,0.14285714285714285,400,0.003,0,0.0,True,True,0.3455580770969391,0.24482308328151703,0.35195794701576233,False,False,2.0,0.6282559037208557,2.9005162715911865,True
ls_const@9,0.6,0,41.49565887451172,20.513504028320312,64.63510131835938,32.4163703918457,87.79447937011719,65.65380859375,88,4.6,STGAT,cases,train_only,linear1,const,per_week,implicit,open,flow,mse,0.09999999999999999,0.14285714285714285,0.09090909090909091,0.31799999999999995,0.14285714285714285,400,0.003,0,0.0,True,True,0.9194018840789795,0.09231860190629959,0.15441101789474487,False,False,2.0,1.8259395360946655,1.4546945095062256,True
ls_const@9,0.6,1,41.49565887451172,20.513504028320312,64.63510131835938,32.4163703918457,87.79447937011719,65.65380859375,88,4.6,STGAT,cases,train_only,linear1,const,per_week,implicit,open,flow,mse,0.09999999999999999,0.14285714285714285,0.09090909090909091,0.31799999999999995,0.14285714285714285,400,0.003,0,0.0,True,True,0.9194018840789795,0.09231860190629959,0.15441101789474487,False,False,2.0,1.8259395360946655,1.4546945095062256,True
ls_const@9,0.6,2,41.49565887451172,20.513504028320312,64.63510131835938,32.4163703918457,87.79447937011719,65.65380859375,88,4.7,STGAT,cases,train_only,linear1,const,per_week,implicit,open,flow,mse,0.09999999999999999,0.14285714285714285,0.09090909090909091,0.31799999999999995,0.14285714285714285,400,0.003,0,0.0,True,True,0.9194018840789795,0.09231860190629959,0.15441101789474487,False,False,2.0,1.8259395360946655,1.4546945095062256,True
ls_const@9,0.65,0,45.83732604980469,22.648324966430664,11.206544876098633,5.120776653289795,12.667236328125,12.624285697937012,400,21.1,STGAT,cases,train_only,linear1,const,per_week,implicit,open,flow,mse,0.09999999999999999,0.14285714285714285,0.09090909090909091,0.31799999999999995,0.14285714285714285,400,0.003,0,0.0,True,True,0.3842211067676544,0.23265570402145386,0.334289014339447,False,False,2.0,0.6942320466041565,2.6702065467834473,True
ls_const@9,0.65,2,45.83732604980469,22.648324966430664,11.206544876098633,5.120776653289795,12.667236328125,12.624285697937012,400,20.9,STGAT,cases,train_only,linear1,const,per_week,implicit,open,flow,mse,0.09999999999999999,0.14285714285714285,0.09090909090909091,0.31799999999999995,0.14285714285714285,400,0.003,0,0.0,True,True,0.3842211067676544,0.23265570402145386,0.334289014339447,False,False,2.0,0.6942320466041565,2.6702065467834473,True
ls_const@9,0.65,1,45.83732604980469,22.648324966430664,11.206544876098633,5.120776653289795,12.667236328125,12.624285697937012,400,21.4,STGAT,cases,train_only,linear1,const,per_week,implicit,open,flow,mse,0.09999999999999999,0.14285714285714285,0.09090909090909091,0.31799999999999995,0.14285714285714285,400,0.003,0,0.0,True,True,0.3842211067676544,0.23265570402145386,0.334289014339447,False,False,2.0,0.6942320466041565,2.6702065467834473,True
ls_const@9,0.7,0,11.600113868713379,5.278293609619141,15.072691917419434,6.313591480255127,13.242015838623047,14.039505958557129,400,19.1,STGAT,cases,train_only,linear1,const,per_week,implicit,open,flow,mse,0.09999999999999999,0.14285714285714285,0.09090909090909091,0.31799999999999995,0.14285714285714285,400,0.003,0,0.0,True,True,0.4316973388195038,0.2226962149143219,0.32020315527915955,False,False,2.0,0.7386804819107056,2.3969318866729736,True
ls_const@9,0.7,1,11.600113868713379,5.278293609619141,15.072691917419434,6.313591480255127,13.242015838623047,14.039505958557129,400,19.3,STGAT,cases,train_only,linear1,const,per_week,implicit,open,flow,mse,0.09999999999999999,0.14285714285714285,0.09090909090909091,0.31799999999999995,0.14285714285714285,400,0.003,0,0.0,True,True,0.4316973388195038,0.2226962149143219,0.32020315527915955,False,False,2.0,0.7386804819107056,2.3969318866729736,True
ls_const@9,0.7,2,11.600113868713379,5.278293609619141,15.072691917419434,6.313591480255127,13.242015838623047,14.039505958557129,400,19.1,STGAT,cases,train_only,linear1,const,per_week,implicit,open,flow,mse,0.09999999999999999,0.14285714285714285,0.09090909090909091,0.31799999999999995,0.14285714285714285,400,0.003,0,0.0,True,True,0.4316973388195038,0.2226962149143219,0.32020315527915955,False,False,2.0,0.7386804819107056,2.3969318866729736,True
ls_const@9,0.8,0,27.266124725341797,11.032411575317383,20.431251525878906,12.312276840209961,23.679248809814453,24.98047637939453,220,12.0,STGAT,cases,train_only,linear1,const,per_week,implicit,open,flow,mse,0.09999999999999999,0.14285714285714285,0.09090909090909091,0.31799999999999995,0.14285714285714285,400,0.003,0,0.0,True,True,0.7284184098243713,0.12705989181995392,0.2166709154844284,False,False,2.0,1.2473698854446411,1.558154582977295,True
ls_const@9,0.8,1,27.266124725341797,11.032411575317383,20.431251525878906,12.312276840209961,23.679248809814453,24.98047637939453,220,11.8,STGAT,cases,train_only,linear1,const,per_week,implicit,open,flow,mse,0.09999999999999999,0.14285714285714285,0.09090909090909091,0.31799999999999995,0.14285714285714285,400,0.003,0,0.0,True,True,0.7284184098243713,0.12705989181995392,0.2166709154844284,False,False,2.0,1.2473698854446411,1.558154582977295,True
ls_const@9,0.8,2,27.266124725341797,11.032411575317383,20.431251525878906,12.312276840209961,23.679248809814453,24.98047637939453,220,11.9,STGAT,cases,train_only,linear1,const,per_week,implicit,open,flow,mse,0.09999999999999999,0.14285714285714285,0.09090909090909091,0.31799999999999995,0.14285714285714285,400,0.003,0,0.0,True,True,0.7284184098243713,0.12705989181995392,0.2166709154844284,False,False,2.0,1.2473698854446411,1.558154582977295,True
ls_const@9,0.75,1,15.389022827148438,6.296278953552246,28.617870330810547,10.90651798248291,15.809139251708984,17.37733268737793,400,20.5,STGAT,cases,train_only,linear1,const,per_week,implicit,open,flow,mse,0.09999999999999999,0.14285714285714285,0.09090909090909091,0.31799999999999995,0.14285714285714285,400,0.003,0,0.0,True,True,0.34462830424308777,0.24428558349609375,0.35195794701576233,False,False,2.0,0.6351178884506226,2.8827688694000244,True
ls_const@9,0.75,0,15.389022827148438,6.296278953552246,28.617870330810547,10.90651798248291,15.809139251708984,17.37733268737793,400,20.7,STGAT,cases,train_only,linear1,const,per_week,implicit,open,flow,mse,0.09999999999999999,0.14285714285714285,0.09090909090909091,0.31799999999999995,0.14285714285714285,400,0.003,0,0.0,True,True,0.34462830424308777,0.24428558349609375,0.35195794701576233,False,False,2.0,0.6351178884506226,2.8827688694000244,True
ls_const@9,0.75,2,15.389022827148438,6.296278953552246,28.617870330810547,10.90651798248291,15.809139251708984,17.37733268737793,400,20.8,STGAT,cases,train_only,linear1,const,per_week,implicit,open,flow,mse,0.09999999999999999,0.14285714285714285,0.09090909090909091,0.31799999999999995,0.14285714285714285,400,0.003,0,0.0,True,True,0.34462830424308777,0.24428558349609375,0.35195794701576233,False,False,2.0,0.6351178884506226,2.8827688694000244,True
ls_const@9,0.85,0,20.824121475219727,12.551456451416016,30.20343780517578,14.614659309387207,21.555522918701172,25.6247615814209,265,14.3,STGAT,cases,train_only,linear1,const,per_week,implicit,open,flow,mse,0.09999999999999999,0.14285714285714285,0.09090909090909091,0.31799999999999995,0.14285714285714285,400,0.003,0,0.0,True,True,0.6618584990501404,0.14866875112056732,0.2403772622346878,False,False,2.0,1.097817063331604,1.693814992904663,True
ls_const@9,0.85,1,20.824121475219727,12.551456451416016,30.20343780517578,14.614659309387207,21.555522918701172,25.6247615814209,265,14.4,STGAT,cases,train_only,linear1,const,per_week,implicit,open,flow,mse,0.09999999999999999,0.14285714285714285,0.09090909090909091,0.31799999999999995,0.14285714285714285,400,0.003,0,0.0,True,True,0.6618584990501404,0.14866875112056732,0.2403772622346878,False,False,2.0,1.097817063331604,1.693814992904663,True
ls_const@9,0.85,2,20.824121475219727,12.551456451416016,30.20343780517578,14.614659309387207,21.555522918701172,25.6247615814209,265,14.4,STGAT,cases,train_only,linear1,const,per_week,implicit,open,flow,mse,0.09999999999999999,0.14285714285714285,0.09090909090909091,0.31799999999999995,0.14285714285714285,400,0.003,0,0.0,True,True,0.6618584990501404,0.14866875112056732,0.2403772622346878,False,False,2.0,1.097817063331604,1.693814992904663,True
ls_const@9,0.9,0,29.08335304260254,14.270069122314453,31.755958557128906,16.221145629882812,53.86258316040039,57.54190444946289,295,19.5,STGAT,cases,train_only,linear1,const,per_week,implicit,open,flow,mse,0.09999999999999999,0.14285714285714285,0.09090909090909091,0.31799999999999995,0.14285714285714285,400,0.003,0,0.0,True,True,0.6168376207351685,0.16416843235492706,0.25675132870674133,False,False,2.0,1.0136138200759888,1.7946935892105103,True
ls_const@9,0.9,1,29.08335304260254,14.270069122314453,31.755958557128906,16.221145629882812,53.86258316040039,57.54190444946289,295,19.7,STGAT,cases,train_only,linear1,const,per_week,implicit,open,flow,mse,0.09999999999999999,0.14285714285714285,0.09090909090909091,0.31799999999999995,0.14285714285714285,400,0.003,0,0.0,True,True,0.6168376207351685,0.16416843235492706,0.25675132870674133,False,False,2.0,1.0136138200759888,1.7946935892105103,True
ls_const@9,0.9,2,29.08335304260254,14.270069122314453,31.755958557128906,16.221145629882812,53.86258316040039,57.54190444946289,295,19.9,STGAT,cases,train_only,linear1,const,per_week,implicit,open,flow,mse,0.09999999999999999,0.14285714285714285,0.09090909090909091,0.31799999999999995,0.14285714285714285,400,0.003,0,0.0,True,True,0.6168376207351685,0.16416843235492706,0.25675132870674133,False,False,2.0,1.0136138200759888,1.7946935892105103,True
ls_mod02@9,0.55,0,20.260860443115234,11.151082992553711,48.15562438964844,23.145111083984375,64.40025329589844,78.3367919921875,94,17.9,STGAT,cases,train_only,linear1,mod,per_week,implicit,open,flow,mse,0.09999999999999999,0.14285714285714285,0.09090909090909091,0.31799999999999995,0.14285714285714285,400,0.003,0,0.0,True,True,0.9028539061546326,0.09080784022808075,0.15697455406188965,False,False,0.2,1.7909986972808838,1.4306012392044067,True
ls_mod02@9,0.55,1,20.260860443115234,11.151082992553711,48.15562438964844,23.145111083984375,64.40025329589844,78.3367919921875,94,17.9,STGAT,cases,train_only,linear1,mod,per_week,implicit,open,flow,mse,0.09999999999999999,0.14285714285714285,0.09090909090909091,0.31799999999999995,0.14285714285714285,400,0.003,0,0.0,True,True,0.9028539061546326,0.09080784022808075,0.15697455406188965,False,False,0.2,1.7909986972808838,1.4306012392044067,True
ls_mod02@9,0.55,2,20.260860443115234,11.151082992553711,48.15562438964844,23.145111083984375,64.40025329589844,78.3367919921875,94,17.6,STGAT,cases,train_only,linear1,mod,per_week,implicit,open,flow,mse,0.09999999999999999,0.14285714285714285,0.09090909090909091,0.31799999999999995,0.14285714285714285,400,0.003,0,0.0,True,True,0.9028539061546326,0.09080784022808075,0.15697455406188965,False,False,0.2,1.7909986972808838,1.4306012392044067,True
ls_mod02@9,0.5,0,22.640783309936523,12.211522102355957,20.41706085205078,11.250606536865234,33.29010009765625,37.34714126586914,256,44.1,STGAT,cases,train_only,linear1,mod,per_week,implicit,open,flow,mse,0.09999999999999999,0.14285714285714285,0.09090909090909091,0.31799999999999995,0.14285714285714285,400,0.003,0,0.0,True,True,0.6714094877243042,0.14809609949588776,0.2355497181415558,False,False,0.2,1.2327073812484741,1.5426921844482422,True
ls_mod02@9,0.5,2,22.5627498626709,12.244020462036133,20.25606346130371,11.219971656799316,33.87043762207031,37.34714126586914,262,44.9,STGAT,cases,train_only,linear1,mod,per_week,implicit,open,flow,mse,0.09999999999999999,0.14285714285714285,0.09090909090909091,0.31799999999999995,0.14285714285714285,400,0.003,0,0.0,True,True,0.6642366647720337,0.1495986133813858,0.23876354098320007,False,False,0.2,1.2024949789047241,1.577049970626831,True
ls_mod02@9,0.6,0,41.829471588134766,20.587804794311523,63.3510856628418,32.158790588378906,87.44049072265625,65.65380859375,76,16.0,STGAT,cases,train_only,linear1,mod,per_week,implicit,open,flow,mse,0.09999999999999999,0.14285714285714285,0.09090909090909091,0.31799999999999995,0.14285714285714285,400,0.003,0,0.0,True,True,0.9531242251396179,0.09553053975105286,0.1493726670742035,False,False,0.2,1.8931090831756592,1.5079914331436157,True
ls_mod02@9,0.6,1,41.829471588134766,20.587804794311523,63.3510856628418,32.158790588378906,87.44049072265625,65.65380859375,76,15.9,STGAT,cases,train_only,linear1,mod,per_week,implicit,open,flow,mse,0.09999999999999999,0.14285714285714285,0.09090909090909091,0.31799999999999995,0.14285714285714285,400,0.003,0,0.0,True,True,0.9531242251396179,0.09553053975105286,0.1493726670742035,False,False,0.2,1.8931090831756592,1.5079914331436157,True
ls_mod02@9,0.6,2,41.829471588134766,20.587804794311523,63.3510856628418,32.158790588378906,87.44049072265625,65.65380859375,76,16.0,STGAT,cases,train_only,linear1,mod,per_week,implicit,open,flow,mse,0.09999999999999999,0.14285714285714285,0.09090909090909091,0.31799999999999995,0.14285714285714285,400,0.003,0,0.0,True,True,0.9531242251396179,0.09553053975105286,0.1493726670742035,False,False,0.2,1.8931090831756592,1.5079914331436157,True
ls_mod02@9,0.5,1,22.561450958251953,12.257131576538086,20.220218658447266,11.2434663772583,34.4891471862793,37.34714126586914,397,71.1,STGAT,cases,train_only,linear1,mod,per_week,implicit,open,flow,mse,0.09999999999999999,0.14285714285714285,0.09090909090909091,0.31799999999999995,0.14285714285714285,400,0.003,0,0.0,True,True,0.5696731805801392,0.19386699795722961,0.3149409592151642,False,False,0.2,1.0084511041641235,1.7316453456878662,True
ls_mod02@9,0.65,1,47.97751235961914,23.60860252380371,11.379138946533203,5.052591800689697,12.211174964904785,12.624285697937012,241,55.9,STGAT,cases,train_only,linear1,mod,per_week,implicit,open,flow,mse,0.09999999999999999,0.14285714285714285,0.09090909090909091,0.31799999999999995,0.14285714285714285,400,0.003,0,0.0,True,True,0.7021029591560364,0.14616571366786957,0.22759723663330078,False,False,0.2,1.3013536930084229,1.5789759159088135,True
ls_mod02@9,0.65,0,46.639259338378906,22.55426025390625,11.334778785705566,4.9824724197387695,11.937286376953125,12.624285697937012,256,59.4,STGAT,cases,train_only,linear1,mod,per_week,implicit,open,flow,mse,0.09999999999999999,0.14285714285714285,0.09090909090909091,0.31799999999999995,0.14285714285714285,400,0.003,0,0.0,True,True,0.6680974960327148,0.14899155497550964,0.2355497181415558,False,False,0.2,1.2334964275360107,1.5682003498077393,True
ls_mod02@9,0.65,2,46.79601287841797,23.34611701965332,11.32436466217041,5.074296951293945,12.394624710083008,12.624285697937012,271,62.7,STGAT,cases,train_only,linear1,mod,per_week,implicit,open,flow,mse,0.09999999999999999,0.14285714285714285,0.09090909090909091,0.31799999999999995,0.14285714285714285,400,0.003,0,0.0,True,True,0.6679155826568604,0.15048255026340485,0.24361811578273773,False,False,0.2,1.2144960165023804,1.6143728494644165,True
ls_mod02@9,0.7,0,11.764992713928223,5.3449625968933105,15.476133346557617,6.341340065002441,13.70051097869873,14.039505958557129,283,65.1,STGAT,cases,train_only,linear1,mod,per_week,implicit,open,flow,mse,0.09999999999999999,0.14285714285714285,0.09090909090909091,0.31799999999999995,0.14285714285714285,400,0.003,0,0.0,True,True,0.675301194190979,0.1509769707918167,0.250151664018631,False,False,0.2,1.2007933855056763,1.622951865196228,True
ls_mod02@9,0.7,1,11.770705223083496,5.296849727630615,15.332982063293457,6.281900882720947,13.33523941040039,14.039505958557129,280,64.6,STGAT,cases,train_only,linear1,mod,per_week,implicit,open,flow,mse,0.09999999999999999,0.14285714285714285,0.09090909090909091,0.31799999999999995,0.14285714285714285,400,0.003,0,0.0,True,True,0.6674786806106567,0.15166136622428894,0.24851194024085999,False,False,0.2,1.187437653541565,1.6030547618865967,True
ls_mod02@9,0.7,2,11.768292427062988,5.294418811798096,15.380755424499512,6.2994160652160645,13.443723678588867,14.039505958557129,271,64.2,STGAT,cases,train_only,linear1,mod,per_week,implicit,open,flow,mse,0.09999999999999999,0.14285714285714285,0.09090909090909091,0.31799999999999995,0.14285714285714285,400,0.003,0,0.0,True,True,0.6762282252311707,0.15000340342521667,0.24361811578273773,False,False,0.2,1.2123383283615112,1.5993680953979492,True
ls_mod02@9,0.8,0,27.426050186157227,11.41306209564209,20.304668426513672,12.369874000549316,22.92192268371582,24.98047637939453,106,26.9,STGAT,cases,train_only,linear1,mod,per_week,implicit,open,flow,mse,0.09999999999999999,0.14285714285714285,0.09090909090909091,0.31799999999999995,0.14285714285714285,400,0.003,0,0.0,True,True,0.8769192695617676,0.08995760977268219,0.16218508780002594,False,False,0.2,1.724257469177246,1.4092074632644653,True
ls_mod02@9,0.8,1,27.426050186157227,11.41306209564209,20.304668426513672,12.369874000549316,22.92192268371582,24.98047637939453,106,27.9,STGAT,cases,train_only,linear1,mod,per_week,implicit,open,flow,mse,0.09999999999999999,0.14285714285714285,0.09090909090909091,0.31799999999999995,0.14285714285714285,400,0.003,0,0.0,True,True,0.8769192695617676,0.08995760977268219,0.16218508780002594,False,False,0.2,1.724257469177246,1.4092074632644653,True
ls_mod02@9,0.8,2,27.426050186157227,11.41306209564209,20.304668426513672,12.369874000549316,22.92192268371582,24.98047637939453,106,28.3,STGAT,cases,train_only,linear1,mod,per_week,implicit,open,flow,mse,0.09999999999999999,0.14285714285714285,0.09090909090909091,0.31799999999999995,0.14285714285714285,400,0.003,0,0.0,True,True,0.8769192695617676,0.08995760977268219,0.16218508780002594,False,False,0.2,1.724257469177246,1.4092074632644653,True
ls_mod02@9,0.75,0,15.669317245483398,6.201651096343994,28.052570343017578,11.270289421081543,15.022098541259766,17.37733268737793,259,65.1,STGAT,cases,train_only,linear1,mod,per_week,implicit,open,flow,mse,0.09999999999999999,0.14285714285714285,0.09090909090909091,0.31799999999999995,0.14285714285714285,400,0.003,0,0.0,True,True,0.6732238531112671,0.1489122360944748,0.23715433478355408,False,False,0.2,1.2192139625549316,1.5664408206939697,True
ls_mod02@9,0.75,2,15.671180725097656,6.202192306518555,28.059368133544922,11.272400856018066,15.037510871887207,17.37733268737793,259,65.7,STGAT,cases,train_only,linear1,mod,per_week,implicit,open,flow,mse,0.09999999999999999,0.14285714285714285,0.09090909090909091,0.31799999999999995,0.14285714285714285,400,0.003,0,0.0,True,True,0.6750112771987915,0.1488354504108429,0.23715433478355408,False,False,0.2,1.2246983051300049,1.5632364749908447,True
ls_mod02@9,0.75,1,15.625457763671875,6.210171699523926,28.03684425354004,11.15488052368164,15.202922821044922,17.37733268737793,319,80.8,STGAT,cases,train_only,linear1,mod,per_week,implicit,open,flow,mse,0.09999999999999999,0.14285714285714285,0.09090909090909091,0.31799999999999995,0.14285714285714285,400,0.003,0,0.0,True,True,0.6189098358154297,0.16901490092277527,0.27013343572616577,False,False,0.2,1.1020814180374146,1.6546498537063599,True
ls_mod02@9,0.85,0,20.89976692199707,12.616167068481445,30.21759605407715,14.603578567504883,20.944669723510742,25.6247615814209,253,67.5,STGAT,cases,train_only,linear1,mod,per_week,implicit,open,flow,mse,0.09999999999999999,0.14285714285714285,0.09090909090909091,0.31799999999999995,0.14285714285714285,400,0.003,0,0.0,True,True,0.6796922087669373,0.14780406653881073,0.2339497208595276,False,False,0.2,1.241687297821045,1.5433759689331055,True
ls_mod02@9,0.85,1,20.994653701782227,12.629793167114258,30.23775863647461,14.623764038085938,21.434627532958984,25.6247615814209,253,66.8,STGAT,cases,train_only,linear1,mod,per_week,implicit,open,flow,mse,0.09999999999999999,0.14285714285714285,0.09090909090909091,0.31799999999999995,0.14285714285714285,400,0.003,0,0.0,True,True,0.6862156987190247,0.14722216129302979,0.2339497208595276,False,False,0.2,1.2555341720581055,1.5420198440551758,True
ls_mod02@9,0.85,2,20.842601776123047,12.611137390136719,30.246322631835938,14.602887153625488,20.661441802978516,25.6247615814209,253,62.9,STGAT,cases,train_only,linear1,mod,per_week,implicit,open,flow,mse,0.09999999999999999,0.14285714285714285,0.09090909090909091,0.31799999999999995,0.14285714285714285,400,0.003,0,0.0,True,True,0.6794698238372803,0.14777871966362,0.2339497208595276,False,False,0.2,1.241483211517334,1.542614459991455,True
ls_mod02@9,0.9,0,29.118244171142578,14.264894485473633,31.902385711669922,16.296707153320312,53.27206802368164,57.54190444946289,250,63.8,STGAT,cases,train_only,linear1,mod,per_week,implicit,open,flow,mse,0.09999999999999999,0.14285714285714285,0.09090909090909091,0.31799999999999995,0.14285714285714285,400,0.003,0,0.0,True,True,0.6866036057472229,0.1472381204366684,0.23235443234443665,False,False,0.2,1.2569366693496704,1.5423345565795898,True
ls_mod02@9,0.9,2,29.10783576965332,14.279932022094727,31.889610290527344,16.27627182006836,52.729576110839844,57.54190444946289,262,57.8,STGAT,cases,train_only,linear1,mod,per_week,implicit,open,flow,mse,0.09999999999999999,0.14285714285714285,0.09090909090909091,0.31799999999999995,0.14285714285714285,400,0.003,0,0.0,True,True,0.669648289680481,0.14953535795211792,0.23876354098320007,False,False,0.2,1.202713131904602,1.580712080001831,True
ls_mod02@9,0.9,1,29.11253547668457,14.269303321838379,32.00068283081055,16.371505737304688,53.32560348510742,57.54190444946289,334,72.7,STGAT,cases,train_only,linear1,mod,per_week,implicit,open,flow,mse,0.09999999999999999,0.14285714285714285,0.09090909090909091,0.31799999999999995,0.14285714285714285,400,0.003,0,0.0,True,True,0.6308196187019348,0.1650288850069046,0.27860933542251587,False,False,0.2,1.1129937171936035,1.6318490505218506,True
