label,fold,origin,seed,model,lambda_phys,gate_sigma,shrink_gamma,temporal,spatial,window,hidden,lr,augment,n_train_windows,n_real_windows,n_test_weeks,n_params,train_seconds,infer_ms_per_window,horizon,rmse,mae,smape,mape,peak_week_err,n_obs
X_a3tgcn,1,0.4,0,AdaptiveGCN,0.0,0.736591100692749,1.0,gru_attn,gcn,3,64,0.001,none,151,151,34,23865,78.664,1.5327,0,91.01362599892967,37.29023738738711,60.781481426840564,57.67336220001674,nan,2550
X_a3tgcn,1,0.4,0,AdaptiveGCN,0.0,0.736591100692749,1.0,gru_attn,gcn,3,64,0.001,none,151,151,34,23865,78.664,1.5327,1,63.59452861163314,28.288576882557038,54.81072266838694,53.60050544876389,2.36,850
X_a3tgcn,1,0.4,0,AdaptiveGCN,0.0,0.736591100692749,1.0,gru_attn,gcn,3,64,0.001,none,151,151,34,23865,78.664,1.5327,2,77.57228536905278,34.82438622845501,59.84161050049273,59.30952901424503,2.88,850
X_a3tgcn,1,0.4,0,AdaptiveGCN,0.0,0.736591100692749,1.0,gru_attn,gcn,3,64,0.001,none,151,151,34,23865,78.664,1.5327,3,121.60886820337386,48.757749051149275,67.69211111164205,60.08151344681632,6.16,850
X_a3tgcn,1,0.4,1,AdaptiveGCN,0.0,0.6240968704223633,1.0,gru_attn,gcn,3,64,0.001,none,151,151,34,23865,42.321,1.692,0,105.42774175879467,42.04820463229318,64.13816911508067,58.35574912622662,nan,2550
X_a3tgcn,1,0.4,1,AdaptiveGCN,0.0,0.6240968704223633,1.0,gru_attn,gcn,3,64,0.001,none,151,151,34,23865,42.321,1.692,1,71.53415136547798,30.95775413166403,56.42707014802589,53.45415285837532,2.76,850
X_a3tgcn,1,0.4,1,AdaptiveGCN,0.0,0.6240968704223633,1.0,gru_attn,gcn,3,64,0.001,none,151,151,34,23865,42.321,1.692,2,88.55512310187598,38.52859998173738,62.35888951855362,59.814344904011726,3.28,850
X_a3tgcn,1,0.4,1,AdaptiveGCN,0.0,0.6240968704223633,1.0,gru_attn,gcn,3,64,0.001,none,151,151,34,23865,42.321,1.692,3,142.7791355832839,56.65825978347812,73.6285476786625,61.76255205094624,7.36,850
X_a3tgcn,1,0.4,2,AdaptiveGCN,0.0,0.7722921967506409,1.0,gru_attn,gcn,3,64,0.001,none,151,151,34,23865,61.812,1.5877,0,90.00544119264846,36.64311488164889,60.14084987614338,57.80275420680423,nan,2550
X_a3tgcn,1,0.4,2,AdaptiveGCN,0.0,0.7722921967506409,1.0,gru_attn,gcn,3,64,0.001,none,151,151,34,23865,61.812,1.5877,1,53.890015547734315,25.454299196425605,52.687151385692474,54.01752058773282,2.52,850
X_a3tgcn,1,0.4,2,AdaptiveGCN,0.0,0.7722921967506409,1.0,gru_attn,gcn,3,64,0.001,none,151,151,34,23865,61.812,1.5877,2,80.77869477492659,35.72560811280437,60.00136853650111,59.37881617193411,2.96,850
X_a3tgcn,1,0.4,2,AdaptiveGCN,0.0,0.7722921967506409,1.0,gru_attn,gcn,3,64,0.001,none,151,151,34,23865,61.812,1.5877,3,121.95739841261828,48.74943733571669,67.73402970623656,59.98560367279158,6.16,850
X_a3tgcn,2,0.475,0,AdaptiveGCN,0.0,0.7902559638023376,1.0,gru_attn,gcn,3,64,0.001,none,185,185,34,23865,35.881,1.3783,0,116.4590159552663,42.69261888996643,43.95033172691575,53.04062212004324,nan,2550
X_a3tgcn,2,0.475,0,AdaptiveGCN,0.0,0.7902559638023376,1.0,gru_attn,gcn,3,64,0.001,none,185,185,34,23865,35.881,1.3783,1,83.29368518200737,33.44521527989822,39.98564626822198,45.86050507217728,1.0,850
X_a3tgcn,2,0.475,0,AdaptiveGCN,0.0,0.7902559638023376,1.0,gru_attn,gcn,3,64,0.001,none,185,185,34,23865,35.881,1.3783,2,119.91243462166895,44.36169813962544,42.52292623914618,51.0936783627249,2.0,850
X_a3tgcn,2,0.475,0,AdaptiveGCN,0.0,0.7902559638023376,1.0,gru_attn,gcn,3,64,0.001,none,185,185,34,23865,35.881,1.3783,3,139.18073582113124,50.27094325037564,49.3424226733791,62.16768292522753,3.24,850
X_a3tgcn,2,0.475,1,AdaptiveGCN,0.0,0.7906652688980103,1.0,gru_attn,gcn,3,64,0.001,none,185,185,34,23865,61.572,1.0174,0,119.23754797672316,44.17577422099362,44.88797837372544,55.64034818909577,nan,2550
X_a3tgcn,2,0.475,1,AdaptiveGCN,0.0,0.7906652688980103,1.0,gru_attn,gcn,3,64,0.001,none,185,185,34,23865,61.572,1.0174,1,81.88630843855505,32.29761317855596,39.09381183798934,43.84329775520669,1.0,850
X_a3tgcn,2,0.475,1,AdaptiveGCN,0.0,0.7906652688980103,1.0,gru_attn,gcn,3,64,0.001,none,185,185,34,23865,61.572,1.0174,2,127.31367393020996,48.07572341030902,44.75215910925909,55.59014612467676,2.04,850
X_a3tgcn,2,0.475,1,AdaptiveGCN,0.0,0.7906652688980103,1.0,gru_attn,gcn,3,64,0.001,none,185,185,34,23865,61.572,1.0174,3,140.49426843541372,52.15398607411586,50.81796417392789,67.48760068740386,3.24,850
X_a3tgcn,2,0.475,2,AdaptiveGCN,0.0,0.7639012336730957,1.0,gru_attn,gcn,3,64,0.001,none,185,185,34,23865,54.213,0.9998,0,116.05289990835175,41.92919388689503,43.13156461066838,51.806945315576925,nan,2550
X_a3tgcn,2,0.475,2,AdaptiveGCN,0.0,0.7639012336730957,1.0,gru_attn,gcn,3,64,0.001,none,185,185,34,23865,54.213,0.9998,1,93.54220469246235,35.92993457468336,38.03089688332584,44.39998698114353,1.08,850
X_a3tgcn,2,0.475,2,AdaptiveGCN,0.0,0.7639012336730957,1.0,gru_attn,gcn,3,64,0.001,none,185,185,34,23865,54.213,0.9998,2,116.50035516233459,42.8209936200674,42.8630298095622,51.114736268129924,2.0,850
X_a3tgcn,2,0.475,2,AdaptiveGCN,0.0,0.7639012336730957,1.0,gru_attn,gcn,3,64,0.001,none,185,185,34,23865,54.213,0.9998,3,134.47062846486998,47.036653465934315,48.5007671391171,59.90611269745732,3.64,850
X_a3tgcn,3,0.55,0,AdaptiveGCN,0.0,0.7203253507614136,1.0,gru_attn,gcn,3,64,0.001,none,219,219,34,23865,88.698,1.1691,0,22.191389166757002,12.292173980734876,55.64100737258292,64.47382757815706,nan,2550
X_a3tgcn,3,0.55,0,AdaptiveGCN,0.0,0.7203253507614136,1.0,gru_attn,gcn,3,64,0.001,none,219,219,34,23865,88.698,1.1691,1,15.736606531139598,9.462601044598747,49.880702466537144,55.37983796085179,1.0416666666666667,850
X_a3tgcn,3,0.55,0,AdaptiveGCN,0.0,0.7203253507614136,1.0,gru_attn,gcn,3,64,0.001,none,219,219,34,23865,88.698,1.1691,2,21.866466758327693,12.24101308710435,57.01466378418263,65.46586966162522,2.625,850
X_a3tgcn,3,0.55,0,AdaptiveGCN,0.0,0.7203253507614136,1.0,gru_attn,gcn,3,64,0.001,none,219,219,34,23865,88.698,1.1691,3,27.415143731930797,15.172907810501535,60.027655867029,72.59656826453481,3.5416666666666665,850
X_a3tgcn,3,0.55,1,AdaptiveGCN,0.0,0.7859074473381042,1.0,gru_attn,gcn,3,64,0.001,none,219,219,34,23865,77.392,1.3936,0,22.15261538880026,12.312073945175456,55.82464031473877,65.21801531310096,nan,2550
X_a3tgcn,3,0.55,1,AdaptiveGCN,0.0,0.7859074473381042,1.0,gru_attn,gcn,3,64,0.001,none,219,219,34,23865,77.392,1.3936,1,15.633309729912874,9.52369056099115,50.022201846997596,56.917514780272235,1.0,850
X_a3tgcn,3,0.55,1,AdaptiveGCN,0.0,0.7859074473381042,1.0,gru_attn,gcn,3,64,0.001,none,219,219,34,23865,77.392,1.3936,2,21.54827760616495,12.118915468594608,56.74055952648464,65.58547009180764,2.5833333333333335,850
X_a3tgcn,3,0.55,1,AdaptiveGCN,0.0,0.7859074473381042,1.0,gru_attn,gcn,3,64,0.001,none,219,219,34,23865,77.392,1.3936,3,27.63125883467113,15.29361580594061,60.71115957073406,73.17069050650593,3.5416666666666665,850
X_a3tgcn,3,0.55,2,AdaptiveGCN,0.0,0.7842987179756165,1.0,gru_attn,gcn,3,64,0.001,none,219,219,34,23865,70.151,1.5507,0,21.859159735952414,12.137592781831923,55.62080908900593,63.61160464751019,nan,2550
X_a3tgcn,3,0.55,2,AdaptiveGCN,0.0,0.7842987179756165,1.0,gru_attn,gcn,3,64,0.001,none,219,219,34,23865,70.151,1.5507,1,15.61406834517965,9.328463368485956,49.98303729946619,54.13846907073404,1.0416666666666667,850
X_a3tgcn,3,0.55,2,AdaptiveGCN,0.0,0.7842987179756165,1.0,gru_attn,gcn,3,64,0.001,none,219,219,34,23865,70.151,1.5507,2,21.715751879439924,12.284026579024468,56.50278923477312,67.80339267383422,2.625,850
X_a3tgcn,3,0.55,2,AdaptiveGCN,0.0,0.7842987179756165,1.0,gru_attn,gcn,3,64,0.001,none,219,219,34,23865,70.151,1.5507,3,26.797305519553827,14.800288397985346,60.37660073277846,68.9107931690956,3.5416666666666665,850
X_a3tgcn,4,0.625,0,AdaptiveGCN,0.0,0.5938159227371216,1.0,gru_attn,gcn,3,64,0.001,none,253,253,34,23865,107.609,4.496,0,31.219532921322898,14.19773274295718,50.709614396630485,52.47533971763823,nan,2550
X_a3tgcn,4,0.625,0,AdaptiveGCN,0.0,0.5938159227371216,1.0,gru_attn,gcn,3,64,0.001,none,253,253,34,23865,107.609,4.496,1,26.45605165926316,12.389787637671928,49.04440305119006,52.44880146470354,2.5,850
X_a3tgcn,4,0.625,0,AdaptiveGCN,0.0,0.5938159227371216,1.0,gru_attn,gcn,3,64,0.001,none,253,253,34,23865,107.609,4.496,2,29.501671533856783,13.791441221096937,49.8270048677867,52.02434005728986,3.1666666666666665,850
X_a3tgcn,4,0.625,0,AdaptiveGCN,0.0,0.5938159227371216,1.0,gru_attn,gcn,3,64,0.001,none,253,253,34,23865,107.609,4.496,3,36.7927494866518,16.411969370102675,53.2574352709147,52.95287763092126,3.8333333333333335,850
X_a3tgcn,4,0.625,1,AdaptiveGCN,0.0,0.5925776958465576,1.0,gru_attn,gcn,3,64,0.001,none,253,253,34,23865,109.105,1.8905,0,30.980470484957596,14.13314726832511,50.79087204150326,52.87916247757835,nan,2550
X_a3tgcn,4,0.625,1,AdaptiveGCN,0.0,0.5925776958465576,1.0,gru_attn,gcn,3,64,0.001,none,253,253,34,23865,109.105,1.8905,1,26.50179373856245,12.349490310234183,48.9942374052899,52.43980334902388,2.5,850
X_a3tgcn,4,0.625,1,AdaptiveGCN,0.0,0.5925776958465576,1.0,gru_attn,gcn,3,64,0.001,none,253,253,34,23865,109.105,1.8905,2,29.14490619411819,13.657036429304931,49.800010557161144,52.55134376766233,3.3333333333333335,850
X_a3tgcn,4,0.625,1,AdaptiveGCN,0.0,0.5925776958465576,1.0,gru_attn,gcn,3,64,0.001,none,253,253,34,23865,109.105,1.8905,3,36.43621860158831,16.39291506543622,53.57836816205872,53.64634031604886,3.8333333333333335,850
X_a3tgcn,4,0.625,2,AdaptiveGCN,0.0,0.4777507781982422,1.0,gru_attn,gcn,3,64,0.001,none,253,253,34,23865,313.043,3.446,0,30.249932249035126,13.961098350229873,51.95061948958002,55.6075619898528,nan,2550
X_a3tgcn,4,0.625,2,AdaptiveGCN,0.0,0.4777507781982422,1.0,gru_attn,gcn,3,64,0.001,none,253,253,34,23865,313.043,3.446,1,26.585087314970366,12.47531974241028,50.91422700294127,54.4056410842332,2.5,850
X_a3tgcn,4,0.625,2,AdaptiveGCN,0.0,0.4777507781982422,1.0,gru_attn,gcn,3,64,0.001,none,253,253,34,23865,313.043,3.446,2,28.132123103129253,13.291470609511084,51.29578480410375,55.16258796012728,3.2916666666666665,850
X_a3tgcn,4,0.625,2,AdaptiveGCN,0.0,0.4777507781982422,1.0,gru_attn,gcn,3,64,0.001,none,253,253,34,23865,313.043,3.446,3,35.31277368572779,16.116504698768257,53.641846661695034,57.25445692519787,3.75,850
X_a3tgcn,5,0.7,0,AdaptiveGCN,0.0,0.533964991569519,1.0,gru_attn,gcn,3,64,0.001,none,287,287,34,23865,392.832,3.525,0,57.41558530653186,30.11878261796701,48.858221455846554,58.32175419524268,nan,2550
X_a3tgcn,5,0.7,0,AdaptiveGCN,0.0,0.533964991569519,1.0,gru_attn,gcn,3,64,0.001,none,287,287,34,23865,392.832,3.525,1,40.55610252522637,21.782130578261224,40.36060042865344,41.114866510936665,1.52,850
X_a3tgcn,5,0.7,0,AdaptiveGCN,0.0,0.533964991569519,1.0,gru_attn,gcn,3,64,0.001,none,287,287,34,23865,392.832,3.525,2,55.872234031306014,30.0248670901165,47.651306088061645,53.30658746690696,3.32,850
X_a3tgcn,5,0.7,0,AdaptiveGCN,0.0,0.533964991569519,1.0,gru_attn,gcn,3,64,0.001,none,287,287,34,23865,392.832,3.525,3,71.57614351576373,38.5493501855233,58.56275785082457,80.84395235318839,3.875,850
X_a3tgcn,5,0.7,1,AdaptiveGCN,0.0,0.6527987122535706,1.0,gru_attn,gcn,3,64,0.001,none,287,287,34,23865,111.31,1.3751,0,53.120575208732824,28.741349718547724,50.56906522968511,59.54264735570235,nan,2550
X_a3tgcn,5,0.7,1,AdaptiveGCN,0.0,0.6527987122535706,1.0,gru_attn,gcn,3,64,0.001,none,287,287,34,23865,111.31,1.3751,1,38.91127361177057,21.152950829008102,39.70158243281344,41.391551783295334,1.28,850
X_a3tgcn,5,0.7,1,AdaptiveGCN,0.0,0.6527987122535706,1.0,gru_attn,gcn,3,64,0.001,none,287,287,34,23865,111.31,1.3751,2,52.49272531850946,29.104436010018688,52.185220619230286,55.78336900909683,2.16,850
X_a3tgcn,5,0.7,1,AdaptiveGCN,0.0,0.6527987122535706,1.0,gru_attn,gcn,3,64,0.001,none,287,287,34,23865,111.31,1.3751,3,64.77509634161392,35.96666231661638,59.82039263701159,81.7519912573217,3.0,850
X_a3tgcn,5,0.7,2,AdaptiveGCN,0.0,0.5418888926506042,1.0,gru_attn,gcn,3,64,0.001,none,287,287,34,23865,314.442,2.2192,0,58.47416890693445,30.607586153269537,49.123423903091734,57.19403201433497,nan,2550
X_a3tgcn,5,0.7,2,AdaptiveGCN,0.0,0.5418888926506042,1.0,gru_attn,gcn,3,64,0.001,none,287,287,34,23865,314.442,2.2192,1,40.484837727973535,21.78639946189312,40.48526663442344,40.71952326956744,2.4,850
X_a3tgcn,5,0.7,2,AdaptiveGCN,0.0,0.5418888926506042,1.0,gru_attn,gcn,3,64,0.001,none,287,287,34,23865,314.442,2.2192,2,56.58525031932575,30.54409727262826,47.73764158632656,52.54218660379942,3.32,850
X_a3tgcn,5,0.7,2,AdaptiveGCN,0.0,0.5418888926506042,1.0,gru_attn,gcn,3,64,0.001,none,287,287,34,23865,314.442,2.2192,3,73.59872722071351,39.49226172528723,59.14736348852521,78.60602791725299,5.0,850
X_a3tgcn,6,0.775,0,AdaptiveGCN,0.0,0.5379226803779602,1.0,gru_attn,gcn,3,64,0.001,none,321,321,34,23865,259.131,4.535,0,10.733071164827058,5.399123825740483,91.345304313324,87.72986171592459,nan,2550
X_a3tgcn,6,0.775,0,AdaptiveGCN,0.0,0.5379226803779602,1.0,gru_attn,gcn,3,64,0.001,none,321,321,34,23865,259.131,4.535,1,8.604871134928942,4.513092734369001,95.7053080427364,73.15782837134049,2.5,850
X_a3tgcn,6,0.775,0,AdaptiveGCN,0.0,0.5379226803779602,1.0,gru_attn,gcn,3,64,0.001,none,321,321,34,23865,259.131,4.535,2,10.445229805656753,5.301048760768129,86.64363402754829,87.60543565497393,5.642857142857143,850
X_a3tgcn,6,0.775,0,AdaptiveGCN,0.0,0.5379226803779602,1.0,gru_attn,gcn,3,64,0.001,none,321,321,34,23865,259.131,4.535,3,12.745580290673807,6.383229982084321,91.68697086968727,102.47073408649089,6.071428571428571,850
X_a3tgcn,6,0.775,1,AdaptiveGCN,0.0,0.5595659017562866,1.0,gru_attn,gcn,3,64,0.001,none,321,321,34,23865,227.987,6.6218,0,10.76239781528732,5.410236947566982,91.00560840495103,88.07813883953656,nan,2550
X_a3tgcn,6,0.775,1,AdaptiveGCN,0.0,0.5595659017562866,1.0,gru_attn,gcn,3,64,0.001,none,321,321,34,23865,227.987,6.6218,1,8.563645181971932,4.484120546073057,89.16859448021903,72.60858476620871,2.5,850
X_a3tgcn,6,0.775,1,AdaptiveGCN,0.0,0.5595659017562866,1.0,gru_attn,gcn,3,64,0.001,none,321,321,34,23865,227.987,6.6218,2,10.476778332796458,5.312226546297196,89.37208970455268,87.99724530557496,5.428571428571429,850
X_a3tgcn,6,0.775,1,AdaptiveGCN,0.0,0.5595659017562866,1.0,gru_attn,gcn,3,64,0.001,none,321,321,34,23865,227.987,6.6218,3,12.821416347901636,6.434363750330693,94.47614103008141,103.67605239102882,5.857142857142857,850
X_a3tgcn,6,0.775,2,AdaptiveGCN,0.0,0.6177782416343689,1.0,gru_attn,gcn,3,64,0.001,none,321,321,34,23865,156.768,7.9242,0,10.901511900968499,5.476127975587941,95.02855020492532,89.26397267630787,nan,2550
X_a3tgcn,6,0.775,2,AdaptiveGCN,0.0,0.6177782416343689,1.0,gru_attn,gcn,3,64,0.001,none,321,321,34,23865,156.768,7.9242,1,8.577211813107171,4.485376340751185,89.19788435257279,72.5776111038385,2.2142857142857144,850
X_a3tgcn,6,0.775,2,AdaptiveGCN,0.0,0.6177782416343689,1.0,gru_attn,gcn,3,64,0.001,none,321,321,34,23865,156.768,7.9242,2,10.693308055257875,5.409716446907414,98.54963734248946,90.10630428199403,4.142857142857143,850
X_a3tgcn,6,0.775,2,AdaptiveGCN,0.0,0.6177782416343689,1.0,gru_attn,gcn,3,64,0.001,none,321,321,34,23865,156.768,7.9242,3,12.985125549232295,6.533291139105225,97.33812891971372,105.1649670610255,5.857142857142857,850
X_a3tgcn,7,0.85,0,AdaptiveGCN,0.0,0.7286202907562256,1.0,gru_attn,gcn,3,64,0.001,none,355,355,34,23865,162.345,1.4148,0,91.00513296177276,21.93573970751386,90.76433018339002,417.3834180464554,nan,2550
X_a3tgcn,7,0.85,0,AdaptiveGCN,0.0,0.7286202907562256,1.0,gru_attn,gcn,3,64,0.001,none,355,355,34,23865,162.345,1.4148,1,91.60816982541655,20.99469451589847,90.92884757124934,440.7730937489543,2.76,850
X_a3tgcn,7,0.85,0,AdaptiveGCN,0.0,0.7286202907562256,1.0,gru_attn,gcn,3,64,0.001,none,355,355,34,23865,162.345,1.4148,2,91.44180698381288,21.95948065777246,92.89692498504137,339.54914641572316,3.52,850
X_a3tgcn,7,0.85,0,AdaptiveGCN,0.0,0.7286202907562256,1.0,gru_attn,gcn,3,64,0.001,none,355,355,34,23865,162.345,1.4148,3,89.95633292293856,22.853043948870653,88.46721799387933,471.8058920568726,4.36,850
X_a3tgcn,7,0.85,1,AdaptiveGCN,0.0,0.6111586093902588,1.0,gru_attn,gcn,3,64,0.001,none,355,355,34,23865,135.963,7.6503,0,88.30300613862667,21.42316562274496,89.05140261416925,394.5518920122082,nan,2550
X_a3tgcn,7,0.85,1,AdaptiveGCN,0.0,0.6111586093902588,1.0,gru_attn,gcn,3,64,0.001,none,355,355,34,23865,135.963,7.6503,1,88.905286445291,20.489774967081406,82.25793358111528,416.501029798991,2.76,850
X_a3tgcn,7,0.85,1,AdaptiveGCN,0.0,0.6111586093902588,1.0,gru_attn,gcn,3,64,0.001,none,355,355,34,23865,135.963,7.6503,2,88.38863469142989,21.377404424222735,90.25719782447204,318.5682453702675,3.52,850
X_a3tgcn,7,0.85,1,AdaptiveGCN,0.0,0.6111586093902588,1.0,gru_attn,gcn,3,64,0.001,none,355,355,34,23865,135.963,7.6503,3,87.610284663507,22.40231747693074,94.6390764369204,448.5571476688622,4.36,850
X_a3tgcn,7,0.85,2,AdaptiveGCN,0.0,0.6424511671066284,1.0,gru_attn,gcn,3,64,0.001,none,355,355,34,23865,149.729,3.6467,0,89.8226510365978,21.76072001594614,94.4363867489693,408.8019508487183,nan,2550
X_a3tgcn,7,0.85,2,AdaptiveGCN,0.0,0.6424511671066284,1.0,gru_attn,gcn,3,64,0.001,none,355,355,34,23865,149.729,3.6467,1,89.95622940385543,20.687101902088,83.91032495365812,426.58316907882875,2.76,850
X_a3tgcn,7,0.85,2,AdaptiveGCN,0.0,0.6424511671066284,1.0,gru_attn,gcn,3,64,0.001,none,355,355,34,23865,149.729,3.6467,2,90.33800902023415,21.80220645009225,99.1365452193573,333.6705617891992,3.52,850
X_a3tgcn,7,0.85,2,AdaptiveGCN,0.0,0.6424511671066284,1.0,gru_attn,gcn,3,64,0.001,none,355,355,34,23865,149.729,3.6467,3,89.16976413240253,22.79285169565817,100.26229007389243,466.089242213858,4.36,850
X_a3tgcn,8,0.925,0,AdaptiveGCN,0.0,0.5558257699012756,1.0,gru_attn,gcn,3,64,0.001,none,389,389,34,23865,180.114,1.0711,0,27.243032874353062,11.022413046719032,76.79856983123503,92.99800639961025,nan,2550
X_a3tgcn,8,0.925,0,AdaptiveGCN,0.0,0.5558257699012756,1.0,gru_attn,gcn,3,64,0.001,none,389,389,34,23865,180.114,1.0711,1,25.035068260602372,9.366015791963129,64.31232245865431,78.27005368594591,1.1904761904761905,850
X_a3tgcn,8,0.925,0,AdaptiveGCN,0.0,0.5558257699012756,1.0,gru_attn,gcn,3,64,0.001,none,389,389,34,23865,180.114,1.0711,2,26.80223646670904,10.78698035371709,78.86611580239094,91.95891667558864,3.0952380952380953,850
X_a3tgcn,8,0.925,0,AdaptiveGCN,0.0,0.5558257699012756,1.0,gru_attn,gcn,3,64,0.001,none,389,389,34,23865,180.114,1.0711,3,29.688954143735632,12.914242994476878,87.21727123265988,108.66061750023448,5.190476190476191,850
X_a3tgcn,8,0.925,1,AdaptiveGCN,0.0,0.566822350025177,1.0,gru_attn,gcn,3,64,0.001,none,389,389,34,23865,170.454,1.3726,0,27.10757717213921,10.986769872201874,77.43648565856294,92.50126562207666,nan,2550
X_a3tgcn,8,0.925,1,AdaptiveGCN,0.0,0.566822350025177,1.0,gru_attn,gcn,3,64,0.001,none,389,389,34,23865,170.454,1.3726,1,25.165563765824846,9.420978700154023,69.92920478656576,79.14130337273751,1.2380952380952381,850
X_a3tgcn,8,0.925,1,AdaptiveGCN,0.0,0.566822350025177,1.0,gru_attn,gcn,3,64,0.001,none,389,389,34,23865,170.454,1.3726,2,26.90712170159558,10.818432420400683,78.39270836959885,92.58480512862275,3.1904761904761907,850
X_a3tgcn,8,0.925,1,AdaptiveGCN,0.0,0.566822350025177,1.0,gru_attn,gcn,3,64,0.001,none,389,389,34,23865,170.454,1.3726,3,29.106071918315873,12.720898496050914,83.98754381952425,105.68714524551316,5.285714285714286,850
X_a3tgcn,8,0.925,2,AdaptiveGCN,0.0,0.5901182889938354,1.0,gru_attn,gcn,3,64,0.001,none,389,389,34,23865,126.746,1.0054,0,26.893815486964318,10.917453033730533,74.49549664844486,89.73807432942009,nan,2550
X_a3tgcn,8,0.925,2,AdaptiveGCN,0.0,0.5901182889938354,1.0,gru_attn,gcn,3,64,0.001,none,389,389,34,23865,126.746,1.0054,1,24.888971698628566,9.353041926482145,64.66812804690801,77.5179805153385,1.2380952380952381,850
X_a3tgcn,8,0.925,2,AdaptiveGCN,0.0,0.5901182889938354,1.0,gru_attn,gcn,3,64,0.001,none,389,389,34,23865,126.746,1.0054,2,26.740094742369845,10.753818511807305,75.6110441365685,90.07381759781305,3.1904761904761907,850
X_a3tgcn,8,0.925,2,AdaptiveGCN,0.0,0.5901182889938354,1.0,gru_attn,gcn,3,64,0.001,none,389,389,34,23865,126.746,1.0054,3,28.902220594525193,12.645498662902153,83.20731776185806,101.54066536590432,5.142857142857143,850
X_gat,1,0.4,0,AdaptiveGCN,0.0,0.8175744414329529,1.0,none,gat,3,64,0.001,none,151,151,34,52408,104.816,4.3342,0,135.28173079662525,54.18455243939132,81.30743893243667,63.55246859215426,nan,2550
X_gat,1,0.4,0,AdaptiveGCN,0.0,0.8175744414329529,1.0,none,gat,3,64,0.001,none,151,151,34,52408,104.816,4.3342,1,79.75145867746878,34.109791706931944,60.54091149389147,54.11186741490225,3.72,850
X_gat,1,0.4,0,AdaptiveGCN,0.0,0.8175744414329529,1.0,none,gat,3,64,0.001,none,151,151,34,52408,104.816,4.3342,2,131.69549901106765,55.6521266182775,84.82678467960754,66.02372044053567,5.8,850
X_gat,1,0.4,0,AdaptiveGCN,0.0,0.8175744414329529,1.0,none,gat,3,64,0.001,none,151,151,34,52408,104.816,4.3342,3,176.63363338003785,72.79173899296453,98.55462062381098,70.45087420555252,11.0,850
X_gat,1,0.4,1,AdaptiveGCN,0.0,0.8175744414329529,1.0,none,gat,3,64,0.001,none,151,151,34,52408,137.0,4.1385,0,84.85450801176705,35.61533578012778,60.74255105131825,58.02240562348051,nan,2550
X_gat,1,0.4,1,AdaptiveGCN,0.0,0.8175744414329529,1.0,none,gat,3,64,0.001,none,151,151,34,52408,137.0,4.1385,1,56.81921410245755,26.22487788419239,54.58102359113815,54.28133118123388,2.52,850
X_gat,1,0.4,1,AdaptiveGCN,0.0,0.8175744414329529,1.0,none,gat,3,64,0.001,none,151,151,34,52408,137.0,4.1385,2,77.74671063775752,35.18060219373992,61.54290113306976,59.800328843713146,3.2,850
X_gat,1,0.4,1,AdaptiveGCN,0.0,0.8175744414329529,1.0,none,gat,3,64,0.001,none,151,151,34,52408,137.0,4.1385,3,111.03102486938057,45.44052726245102,66.10372842974685,59.96034070107486,6.32,850
X_gat,1,0.4,2,AdaptiveGCN,0.0,0.8175744414329529,1.0,none,gat,3,64,0.001,none,151,151,34,52408,73.622,4.6589,0,123.27195518731247,48.85237778915202,72.61046132231196,60.79336480485749,nan,2550
X_gat,1,0.4,2,AdaptiveGCN,0.0,0.8175744414329529,1.0,none,gat,3,64,0.001,none,151,151,34,52408,73.622,4.6589,1,79.4856122955814,33.69072171673179,60.048042163681444,54.72191092363968,4.44,850
X_gat,1,0.4,2,AdaptiveGCN,0.0,0.8175744414329529,1.0,none,gat,3,64,0.001,none,151,151,34,52408,73.622,4.6589,2,122.47525417399521,50.909201849335254,76.92632182852583,64.26959285771854,5.88,850
X_gat,1,0.4,2,AdaptiveGCN,0.0,0.8175744414329529,1.0,none,gat,3,64,0.001,none,151,151,34,52408,73.622,4.6589,3,155.78759372979644,61.95720980138901,80.8570199747286,63.349810109622986,9.48,850
X_gat,2,0.475,0,AdaptiveGCN,0.0,0.8175744414329529,1.0,none,gat,3,64,0.001,none,185,185,34,52408,88.222,4.4073,0,143.36258532369428,49.15617614033468,49.15891116827676,51.77301989080283,nan,2550
X_gat,2,0.475,0,AdaptiveGCN,0.0,0.8175744414329529,1.0,none,gat,3,64,0.001,none,185,185,34,52408,88.222,4.4073,1,83.10272712927176,32.426147254845674,37.121731768931376,42.779573332142846,1.0,850
X_gat,2,0.475,0,AdaptiveGCN,0.0,0.8175744414329529,1.0,none,gat,3,64,0.001,none,185,185,34,52408,88.222,4.4073,2,152.2489893667295,53.76248705676373,49.379388401477776,52.12446885437987,7.24,850
X_gat,2,0.475,0,AdaptiveGCN,0.0,0.8175744414329529,1.0,none,gat,3,64,0.001,none,185,185,34,52408,88.222,4.4073,3,177.6870130104276,61.27989410939462,60.975613334421105,60.415017485885784,7.16,850
X_gat,2,0.475,1,AdaptiveGCN,0.0,0.8175744414329529,1.0,none,gat,3,64,0.001,none,185,185,34,52408,97.901,5.1251,0,132.70230177136656,46.611576859072656,44.73823318871052,56.506700356861394,nan,2550
X_gat,2,0.475,1,AdaptiveGCN,0.0,0.8175744414329529,1.0,none,gat,3,64,0.001,none,185,185,34,52408,97.901,5.1251,1,81.78492927175404,32.3168877029419,37.115055261006546,42.66185981297673,1.04,850
X_gat,2,0.475,1,AdaptiveGCN,0.0,0.8175744414329529,1.0,none,gat,3,64,0.001,none,185,185,34,52408,97.901,5.1251,2,126.31191898166277,47.02907754903878,44.60862736071975,54.295978737368756,2.04,850
X_gat,2,0.475,1,AdaptiveGCN,0.0,0.8175744414329529,1.0,none,gat,3,64,0.001,none,185,185,34,52408,97.901,5.1251,3,173.74184053773737,60.48876532523728,52.49101694440525,72.56226252023868,3.4,850
X_gat,2,0.475,2,AdaptiveGCN,0.0,0.8175744414329529,1.0,none,gat,3,64,0.001,none,185,185,34,52408,88.792,4.8483,0,107.7600552263053,41.3782788075567,44.41857046093631,53.462209368670834,nan,2550
X_gat,2,0.475,2,AdaptiveGCN,0.0,0.8175744414329529,1.0,none,gat,3,64,0.001,none,185,185,34,52408,88.792,4.8483,1,79.75664264171714,32.424811545302546,39.277302607348766,43.934906441581965,1.24,850
X_gat,2,0.475,2,AdaptiveGCN,0.0,0.8175744414329529,1.0,none,gat,3,64,0.001,none,185,185,34,52408,88.792,4.8483,2,109.32569391007748,43.03411180137437,44.517677708603934,53.67272664216679,3.72,850
X_gat,2,0.475,2,AdaptiveGCN,0.0,0.8175744414329529,1.0,none,gat,3,64,0.001,none,185,185,34,52408,88.792,4.8483,3,128.54360782524577,48.675913075993165,49.46073106685621,62.77899502226373,4.48,850
X_gat,3,0.55,0,AdaptiveGCN,0.0,0.8175744414329529,1.0,none,gat,3,64,0.001,none,219,219,34,52408,137.007,2.3366,0,21.935132876699985,12.13164148087837,55.826622886092515,63.6284536931938,nan,2550
X_gat,3,0.55,0,AdaptiveGCN,0.0,0.8175744414329529,1.0,none,gat,3,64,0.001,none,219,219,34,52408,137.007,2.3366,1,15.679966732179368,9.391189165999155,49.95027885748463,55.29424697525873,1.3333333333333333,850
X_gat,3,0.55,0,AdaptiveGCN,0.0,0.8175744414329529,1.0,none,gat,3,64,0.001,none,219,219,34,52408,137.007,2.3366,2,22.067541094097752,12.217386801481686,57.06131683720823,65.37837508420019,2.9166666666666665,850
X_gat,3,0.55,0,AdaptiveGCN,0.0,0.8175744414329529,1.0,none,gat,3,64,0.001,none,219,219,34,52408,137.007,2.3366,3,26.657314874036153,14.78634847515427,60.46827296358469,70.2307783091731,3.8333333333333335,850
X_gat,3,0.55,1,AdaptiveGCN,0.0,0.8175744414329529,1.0,none,gat,3,64,0.001,none,219,219,34,52408,97.381,1.6834,0,22.129442592233254,12.297337675573779,55.78636711461874,65.08648171394091,nan,2550
X_gat,3,0.55,1,AdaptiveGCN,0.0,0.8175744414329529,1.0,none,gat,3,64,0.001,none,219,219,34,52408,97.381,1.6834,1,15.555509845978406,9.503693735351895,50.3654934462684,57.180866011439235,1.0,850
X_gat,3,0.55,1,AdaptiveGCN,0.0,0.8175744414329529,1.0,none,gat,3,64,0.001,none,219,219,34,52408,97.381,1.6834,2,21.693846756561666,12.184380466236787,56.722152121187996,65.93753047048068,2.625,850
X_gat,3,0.55,1,AdaptiveGCN,0.0,0.8175744414329529,1.0,none,gat,3,64,0.001,none,219,219,34,52408,97.381,1.6834,3,27.50526885277309,15.203938825132655,60.27145577639983,72.15913836080784,3.5416666666666665,850
X_gat,3,0.55,2,AdaptiveGCN,0.0,0.8175744414329529,1.0,none,gat,3,64,0.001,none,219,219,34,52408,99.161,2.0856,0,22.069858441987872,12.323949139518481,55.579190489845246,67.13488043884448,nan,2550
X_gat,3,0.55,2,AdaptiveGCN,0.0,0.8175744414329529,1.0,none,gat,3,64,0.001,none,219,219,34,52408,99.161,2.0856,1,15.586050769190622,9.512257658371373,50.17662718523256,57.50454837360772,1.0833333333333333,850
X_gat,3,0.55,2,AdaptiveGCN,0.0,0.8175744414329529,1.0,none,gat,3,64,0.001,none,219,219,34,52408,99.161,2.0856,2,21.851790272440105,12.35525302701438,56.51391435503509,69.29797017690717,2.6666666666666665,850
X_gat,3,0.55,2,AdaptiveGCN,0.0,0.8175744414329529,1.0,none,gat,3,64,0.001,none,219,219,34,52408,99.161,2.0856,3,27.217829418556768,15.104336733169689,60.04702992926807,74.62279697931044,3.5833333333333335,850
X_gat,4,0.625,0,AdaptiveGCN,0.0,0.8175744414329529,1.0,none,gat,3,64,0.001,none,253,253,34,52408,84.857,2.2417,0,30.672913905247192,14.175975652230246,51.86265425680369,54.38844994071622,nan,2550
X_gat,4,0.625,0,AdaptiveGCN,0.0,0.8175744414329529,1.0,none,gat,3,64,0.001,none,253,253,34,52408,84.857,2.2417,1,26.46225668905578,12.427230979135699,49.96121578205942,53.22437802668467,2.0833333333333335,850
X_gat,4,0.625,0,AdaptiveGCN,0.0,0.8175744414329529,1.0,none,gat,3,64,0.001,none,253,253,34,52408,84.857,2.2417,2,28.805447542008153,13.668113487268634,51.19661993885778,54.15841319629687,3.3333333333333335,850
X_gat,4,0.625,0,AdaptiveGCN,0.0,0.8175744414329529,1.0,none,gat,3,64,0.001,none,253,253,34,52408,84.857,2.2417,3,35.95105151651698,16.432582490286407,54.43012704949388,55.78255859916713,3.75,850
X_gat,4,0.625,1,AdaptiveGCN,0.0,0.8175744414329529,1.0,none,gat,3,64,0.001,none,253,253,34,52408,196.072,2.5053,0,30.732882459024836,13.968801047237699,51.215877359267544,52.61015202184747,nan,2550
X_gat,4,0.625,1,AdaptiveGCN,0.0,0.8175744414329529,1.0,none,gat,3,64,0.001,none,253,253,34,52408,196.072,2.5053,1,26.516028516512286,12.40689418898238,49.95851166804102,52.38311033001655,2.6666666666666665,850
X_gat,4,0.625,1,AdaptiveGCN,0.0,0.8175744414329529,1.0,none,gat,3,64,0.001,none,253,253,34,52408,196.072,2.5053,2,29.331701502909397,13.4798939201937,50.30637485577781,51.966374250149414,3.0416666666666665,850
X_gat,4,0.625,1,AdaptiveGCN,0.0,0.8175744414329529,1.0,none,gat,3,64,0.001,none,253,253,34,52408,196.072,2.5053,3,35.63820578222814,16.01961503253702,53.382745553983824,53.48097148537645,4.416666666666667,850
X_gat,4,0.625,2,AdaptiveGCN,0.0,0.8175744414329529,1.0,none,gat,3,64,0.001,none,253,253,34,52408,185.367,2.4507,0,31.6976180262196,14.966769731915125,52.5575236286786,60.31768975501562,nan,2550
X_gat,4,0.625,2,AdaptiveGCN,0.0,0.8175744414329529,1.0,none,gat,3,64,0.001,none,253,253,34,52408,185.367,2.4507,1,27.211052535218794,12.954240400492948,50.88644709200019,56.84493318027486,2.6666666666666665,850
X_gat,4,0.625,2,AdaptiveGCN,0.0,0.8175744414329529,1.0,none,gat,3,64,0.001,none,253,253,34,52408,185.367,2.4507,2,29.88176883378586,14.459191861566813,51.8941758575727,60.45421036738418,3.25,850
X_gat,4,0.625,2,AdaptiveGCN,0.0,0.8175744414329529,1.0,none,gat,3,64,0.001,none,253,253,34,52408,185.367,2.4507,3,37.15986379009095,17.486876933685615,54.89194793646291,63.65392571738783,3.7916666666666665,850
X_gat,5,0.7,0,AdaptiveGCN,0.0,0.8175744414329529,1.0,none,gat,3,64,0.001,none,287,287,34,52408,153.66,1.9624,0,56.85164204879035,29.57254366713043,47.538265724662686,55.828138924659534,nan,2550
X_gat,5,0.7,0,AdaptiveGCN,0.0,0.8175744414329529,1.0,none,gat,3,64,0.001,none,287,287,34,52408,153.66,1.9624,1,40.82659589173901,21.703163376058836,39.323459644939504,40.02143613240536,1.6,850
X_gat,5,0.7,0,AdaptiveGCN,0.0,0.8175744414329529,1.0,none,gat,3,64,0.001,none,287,287,34,52408,153.66,1.9624,2,55.67293807156265,29.620185660212574,46.61181611265598,51.89000361965995,2.48,850
X_gat,5,0.7,0,AdaptiveGCN,0.0,0.8175744414329529,1.0,none,gat,3,64,0.001,none,287,287,34,52408,153.66,1.9624,3,70.21424816448547,37.39428196511988,56.67952141639259,75.84098847960827,3.25,850
X_gat,5,0.7,1,AdaptiveGCN,0.0,0.8175744414329529,1.0,none,gat,3,64,0.001,none,287,287,34,52408,140.845,2.0699,0,56.02878770381973,29.521916601446677,47.83214665614738,55.796805498208435,nan,2550
X_gat,5,0.7,1,AdaptiveGCN,0.0,0.8175744414329529,1.0,none,gat,3,64,0.001,none,287,287,34,52408,140.845,2.0699,1,40.5586159005771,21.670513493279543,39.63858424027762,39.93622658413795,1.64,850
X_gat,5,0.7,1,AdaptiveGCN,0.0,0.8175744414329529,1.0,none,gat,3,64,0.001,none,287,287,34,52408,140.845,2.0699,2,54.580295132699966,29.399234881084137,46.94411649724686,51.3177258156571,2.32,850
X_gat,5,0.7,1,AdaptiveGCN,0.0,0.8175744414329529,1.0,none,gat,3,64,0.001,none,287,287,34,52408,140.845,2.0699,3,69.23629982990083,37.496001429976346,56.91373923091765,76.41146804514743,3.9583333333333335,850
X_gat,5,0.7,2,AdaptiveGCN,0.0,0.8175744414329529,1.0,none,gat,3,64,0.001,none,287,287,34,52408,308.373,1.9207,0,59.7740078326343,30.026376907091915,48.629669071036865,54.6704190486064,nan,2550
X_gat,5,0.7,2,AdaptiveGCN,0.0,0.8175744414329529,1.0,none,gat,3,64,0.001,none,287,287,34,52408,308.373,1.9207,1,43.5338526099609,22.505141813935275,39.736740748243975,39.17509151473934,1.2,850
X_gat,5,0.7,2,AdaptiveGCN,0.0,0.8175744414329529,1.0,none,gat,3,64,0.001,none,287,287,34,52408,308.373,1.9207,2,60.22606581713585,30.764928704711664,48.220594139616075,51.13289764205254,2.04,850
X_gat,5,0.7,2,AdaptiveGCN,0.0,0.8175744414329529,1.0,none,gat,3,64,0.001,none,287,287,34,52408,308.373,1.9207,3,72.08620332804122,36.809060202628814,57.93167232525055,73.96227733029689,3.0833333333333335,850
X_gat,6,0.775,0,AdaptiveGCN,0.0,0.8175744414329529,1.0,none,gat,3,64,0.001,none,321,321,34,52408,126.301,2.6312,0,10.752440068464542,5.386609266727396,88.51207433979866,88.13831812762366,nan,2550
X_gat,6,0.775,0,AdaptiveGCN,0.0,0.8175744414329529,1.0,none,gat,3,64,0.001,none,321,321,34,52408,126.301,2.6312,1,8.564609510033177,4.463068979815854,84.92192988223182,72.57170325907929,2.7142857142857144,850
X_gat,6,0.775,0,AdaptiveGCN,0.0,0.8175744414329529,1.0,none,gat,3,64,0.001,none,321,321,34,52408,126.301,2.6312,2,10.512197864219821,5.33783700266853,88.38756778489181,88.45695447770947,4.714285714285714,850
X_gat,6,0.775,0,AdaptiveGCN,0.0,0.8175744414329529,1.0,none,gat,3,64,0.001,none,321,321,34,52408,126.301,2.6312,3,12.766599479967514,6.358921817697804,92.22672535227235,103.43654125869844,5.0,850
X_gat,6,0.775,1,AdaptiveGCN,0.0,0.8175744414329529,1.0,none,gat,3,64,0.001,none,321,321,34,52408,145.492,2.0304,0,10.507900480762164,5.245658003909915,72.52878620894998,84.41665372912165,nan,2550
X_gat,6,0.775,1,AdaptiveGCN,0.0,0.8175744414329529,1.0,none,gat,3,64,0.001,none,321,321,34,52408,145.492,2.0304,1,8.444759781112664,4.404459883745979,70.59630460777043,70.89439010096669,2.2142857142857144,850
X_gat,6,0.775,1,AdaptiveGCN,0.0,0.8175744414329529,1.0,none,gat,3,64,0.001,none,321,321,34,52408,145.492,2.0304,2,10.244241021424603,5.172349726242178,70.87584050308503,84.22725521895266,4.0,850
X_gat,6,0.775,1,AdaptiveGCN,0.0,0.8175744414329529,1.0,none,gat,3,64,0.001,none,321,321,34,52408,145.492,2.0304,3,12.449476923753403,6.160164401741588,76.11421351599449,98.16907080266361,4.571428571428571,850
X_gat,6,0.775,2,AdaptiveGCN,0.0,0.8175744414329529,1.0,none,gat,3,64,0.001,none,321,321,34,52408,96.43,2.4792,0,10.752549907460256,5.382513790032929,88.47625901681579,87.41354465774516,nan,2550
X_gat,6,0.775,2,AdaptiveGCN,0.0,0.8175744414329529,1.0,none,gat,3,64,0.001,none,321,321,34,52408,96.43,2.4792,1,8.513126882021282,4.439892756816664,73.30671363634809,71.5840193836536,2.2142857142857144,850
X_gat,6,0.775,2,AdaptiveGCN,0.0,0.8175744414329529,1.0,none,gat,3,64,0.001,none,321,321,34,52408,96.43,2.4792,2,10.517694661565768,5.314429318553166,90.48469153248433,87.76575443019303,4.0,850
X_gat,6,0.775,2,AdaptiveGCN,0.0,0.8175744414329529,1.0,none,gat,3,64,0.001,none,321,321,34,52408,96.43,2.4792,3,12.796747955396647,6.393219294728958,101.63737188161501,102.94212820533922,4.571428571428571,850
X_gat,7,0.85,0,AdaptiveGCN,0.0,0.8175744414329529,1.0,none,gat,3,64,0.001,none,355,355,34,52408,124.323,1.9816,0,89.51833629451322,21.68811515851677,96.79591489134553,405.8099806092953,nan,2550
X_gat,7,0.85,0,AdaptiveGCN,0.0,0.8175744414329529,1.0,none,gat,3,64,0.001,none,355,355,34,52408,124.323,1.9816,1,90.69726996788361,20.870298454021924,94.99914284559134,433.21078635175985,2.76,850
X_gat,7,0.85,0,AdaptiveGCN,0.0,0.8175744414329529,1.0,none,gat,3,64,0.001,none,355,355,34,52408,124.323,1.9816,2,89.56501513886585,21.610159354433417,97.39421560128092,327.79026876921813,3.32,850
X_gat,7,0.85,0,AdaptiveGCN,0.0,0.8175744414329529,1.0,none,gat,3,64,0.001,none,355,355,34,52408,124.323,1.9816,3,88.2763325153478,22.58388766709496,97.99438622716437,456.4409580067268,4.16,850
X_gat,7,0.85,1,AdaptiveGCN,0.0,0.8175744414329529,1.0,none,gat,3,64,0.001,none,355,355,34,52408,109.051,2.0023,0,90.40293840914997,21.78154432224152,92.12122211651567,412.14798958512614,nan,2550
X_gat,7,0.85,1,AdaptiveGCN,0.0,0.8175744414329529,1.0,none,gat,3,64,0.001,none,355,355,34,52408,109.051,2.0023,1,90.86183510813547,20.837765559971313,90.58147991578191,433.64034601161194,2.76,850
X_gat,7,0.85,1,AdaptiveGCN,0.0,0.8175744414329529,1.0,none,gat,3,64,0.001,none,355,355,34,52408,109.051,2.0023,2,90.59763035237425,21.743946771824405,92.23290206056821,333.43410823023294,3.32,850
X_gat,7,0.85,1,AdaptiveGCN,0.0,0.8175744414329529,1.0,none,gat,3,64,0.001,none,355,355,34,52408,109.051,2.0023,3,89.74558548665357,22.762920634928843,93.5492843731969,469.3284270327962,4.16,850
X_gat,7,0.85,2,AdaptiveGCN,0.0,0.8175744414329529,1.0,none,gat,3,64,0.001,none,355,355,34,52408,117.145,1.8285,0,87.60758502231587,21.368235653492647,95.10402944227185,388.795883466844,nan,2550
X_gat,7,0.85,2,AdaptiveGCN,0.0,0.8175744414329529,1.0,none,gat,3,64,0.001,none,355,355,34,52408,117.145,1.8285,1,88.59850851024589,20.51142324816624,89.42124944556856,414.2996900830989,2.76,850
X_gat,7,0.85,2,AdaptiveGCN,0.0,0.8175744414329529,1.0,none,gat,3,64,0.001,none,355,355,34,52408,117.145,1.8285,2,87.83575541590606,21.32795036166742,97.15406926223523,316.19436524784714,3.52,850
X_gat,7,0.85,2,AdaptiveGCN,0.0,0.8175744414329529,1.0,none,gat,3,64,0.001,none,355,355,34,52408,117.145,1.8285,3,86.37390358553867,22.265333350644283,98.7367696190118,435.9048790569735,4.36,850
X_gat,8,0.925,0,AdaptiveGCN,0.0,0.8175744414329529,1.0,none,gat,3,64,0.001,none,389,389,34,52408,119.501,2.0564,0,26.939223676813224,10.918923649948967,76.77867671467644,91.19137523990474,nan,2550
X_gat,8,0.925,0,AdaptiveGCN,0.0,0.8175744414329529,1.0,none,gat,3,64,0.001,none,389,389,34,52408,119.501,2.0564,1,25.176366967402203,9.435630152361357,70.18554661298427,78.92042931120538,1.3333333333333333,850
X_gat,8,0.925,0,AdaptiveGCN,0.0,0.8175744414329529,1.0,none,gat,3,64,0.001,none,389,389,34,52408,119.501,2.0564,2,26.643566720766525,10.713221784596715,76.27549458105823,90.48351698319735,2.238095238095238,850
X_gat,8,0.925,0,AdaptiveGCN,0.0,0.8175744414329529,1.0,none,gat,3,64,0.001,none,389,389,34,52408,119.501,2.0564,3,28.869295378427317,12.607919012888829,83.87498894998677,104.083814385293,4.333333333333333,850
X_gat,8,0.925,1,AdaptiveGCN,0.0,0.8175744414329529,1.0,none,gat,3,64,0.001,none,389,389,34,52408,171.005,1.8133,0,26.771631861333134,10.868279511248328,76.7832016011233,90.5927360617154,nan,2550
X_gat,8,0.925,1,AdaptiveGCN,0.0,0.8175744414329529,1.0,none,gat,3,64,0.001,none,389,389,34,52408,171.005,1.8133,1,25.10805554663994,9.426606569546001,71.10450412751096,78.92424760248986,1.2857142857142858,850
X_gat,8,0.925,1,AdaptiveGCN,0.0,0.8175744414329529,1.0,none,gat,3,64,0.001,none,389,389,34,52408,171.005,1.8133,2,26.503795724756934,10.667801289779737,75.7273981147822,90.2442374718184,2.1904761904761907,850
X_gat,8,0.925,1,AdaptiveGCN,0.0,0.8175744414329529,1.0,none,gat,3,64,0.001,none,389,389,34,52408,171.005,1.8133,3,28.588374847189925,12.510430674419245,83.51770256107672,102.52892319510214,5.333333333333333,850
X_gat,8,0.925,2,AdaptiveGCN,0.0,0.8175744414329529,1.0,none,gat,3,64,0.001,none,389,389,34,52408,153.645,1.3753,0,27.310890729562153,11.023624490610525,77.36247116764432,92.6066556994521,nan,2550
X_gat,8,0.925,2,AdaptiveGCN,0.0,0.8175744414329529,1.0,none,gat,3,64,0.001,none,389,389,34,52408,153.645,1.3753,1,25.40324559540624,9.525324491867249,72.06572201987352,79.98913463498863,1.1428571428571428,850
X_gat,8,0.925,2,AdaptiveGCN,0.0,0.8175744414329529,1.0,none,gat,3,64,0.001,none,389,389,34,52408,153.645,1.3753,2,26.988469443353484,10.794385348470772,76.21975493759876,91.75965150538839,2.3333333333333335,850
X_gat,8,0.925,2,AdaptiveGCN,0.0,0.8175744414329529,1.0,none,gat,3,64,0.001,none,389,389,34,52408,153.645,1.3753,3,29.39305849432653,12.751163631493554,83.80193654546062,105.98189032137451,4.428571428571429,850
X_gcn,1,0.4,0,AdaptiveGCN,0.0,0.7877589464187622,1.0,none,gcn,3,64,0.001,none,151,151,34,7032,20.486,0.4694,0,92.75198405783877,37.38276134237507,60.84247561783912,58.76655757812378,nan,2550
X_gcn,1,0.4,0,AdaptiveGCN,0.0,0.7877589464187622,1.0,none,gcn,3,64,0.001,none,151,151,34,7032,20.486,0.4694,1,55.210400944324704,25.936384048229904,53.47339728676263,56.18787598526922,2.56,850
X_gcn,1,0.4,0,AdaptiveGCN,0.0,0.7877589464187622,1.0,none,gcn,3,64,0.001,none,151,151,34,7032,20.486,0.4694,2,78.66053535286336,35.207588105989956,60.262070103340136,60.31975739704857,3.12,850
X_gcn,1,0.4,0,AdaptiveGCN,0.0,0.7877589464187622,1.0,none,gcn,3,64,0.001,none,151,151,34,7032,20.486,0.4694,3,128.73664375602064,51.00431187290534,68.79195946341457,59.77584688325888,6.12,850
X_gcn,1,0.4,1,AdaptiveGCN,0.0,0.8055638670921326,1.0,none,gcn,3,64,0.001,none,151,151,34,7032,19.624,0.504,0,91.90912870782495,37.3837908503169,60.80804610340419,60.10395369589002,nan,2550
X_gcn,1,0.4,1,AdaptiveGCN,0.0,0.8055638670921326,1.0,none,gcn,3,64,0.001,none,151,151,34,7032,19.624,0.504,1,56.58798054692682,26.456597256458856,55.12102743431569,58.581394458733804,3.04,850
X_gcn,1,0.4,1,AdaptiveGCN,0.0,0.8055638670921326,1.0,none,gcn,3,64,0.001,none,151,151,34,7032,19.624,0.504,2,90.01601572348045,38.109792934486315,60.76861462097085,61.923280932983836,3.72,850
X_gcn,1,0.4,1,AdaptiveGCN,0.0,0.8055638670921326,1.0,none,gcn,3,64,0.001,none,151,151,34,7032,19.624,0.504,3,118.4769226068324,47.58498236000552,66.53449625492604,59.80089798984747,6.76,850
X_gcn,1,0.4,2,AdaptiveGCN,0.0,0.739835262298584,1.0,none,gcn,3,64,0.001,none,151,151,34,7032,24.188,0.6974,0,119.05058894117506,45.70389825673822,65.1535202227742,59.03948695473805,nan,2550
X_gcn,1,0.4,2,AdaptiveGCN,0.0,0.739835262298584,1.0,none,gcn,3,64,0.001,none,151,151,34,7032,24.188,0.6974,1,84.82569533333226,34.08959542839624,57.495212054921176,54.91069830159084,3.96,850
X_gcn,1,0.4,2,AdaptiveGCN,0.0,0.739835262298584,1.0,none,gcn,3,64,0.001,none,151,151,34,7032,24.188,0.6974,2,106.87349554257825,43.55827898971333,64.87049936766444,59.82086579530189,3.8,850
X_gcn,1,0.4,2,AdaptiveGCN,0.0,0.739835262298584,1.0,none,gcn,3,64,0.001,none,151,151,34,7032,24.188,0.6974,3,154.6020230897678,59.463820352105095,73.09484924573702,62.35478384827624,8.64,850
X_gcn,2,0.475,0,AdaptiveGCN,0.0,0.8029313683509827,1.0,none,gcn,3,64,0.001,none,185,185,34,7032,24.736,0.8118,0,121.39343425155337,43.47365714659289,43.1393509724548,51.811399989469386,nan,2550
X_gcn,2,0.475,0,AdaptiveGCN,0.0,0.8029313683509827,1.0,none,gcn,3,64,0.001,none,185,185,34,7032,24.736,0.8118,1,107.28851044737618,38.08372628398938,38.06556235346553,44.112252093278045,1.24,850
X_gcn,2,0.475,0,AdaptiveGCN,0.0,0.8029313683509827,1.0,none,gcn,3,64,0.001,none,185,185,34,7032,24.736,0.8118,2,122.63905789583667,45.04921813285252,42.496967161063466,51.235658220416305,2.04,850
X_gcn,2,0.475,0,AdaptiveGCN,0.0,0.8029313683509827,1.0,none,gcn,3,64,0.001,none,185,185,34,7032,24.736,0.8118,3,132.88316162164227,47.28802702293677,48.855523402835374,60.08628965471382,4.04,850
X_gcn,2,0.475,1,AdaptiveGCN,0.0,0.5437830090522766,1.0,none,gcn,3,64,0.001,none,185,185,34,7032,50.307,0.4718,0,153.4148147321086,49.20655297914244,46.610393004181994,53.13416453847808,nan,2550
X_gcn,2,0.475,1,AdaptiveGCN,0.0,0.5437830090522766,1.0,none,gcn,3,64,0.001,none,185,185,34,7032,50.307,0.4718,1,109.2492617486692,39.15989143776105,40.806949358931064,43.292468519726,2.96,850
X_gcn,2,0.475,1,AdaptiveGCN,0.0,0.5437830090522766,1.0,none,gcn,3,64,0.001,none,185,185,34,7032,50.307,0.4718,2,129.81184613584406,48.56653748580138,47.180538175089374,52.82233355192971,3.96,850
X_gcn,2,0.475,1,AdaptiveGCN,0.0,0.5437830090522766,1.0,none,gcn,3,64,0.001,none,185,185,34,7032,50.307,0.4718,3,204.50378859091177,59.89323001386488,51.84369147852556,63.287691543778536,3.6,850
X_gcn,2,0.475,2,AdaptiveGCN,0.0,0.5728679299354553,1.0,none,gcn,3,64,0.001,none,185,185,34,7032,87.155,2.6692,0,147.39690938624705,51.373466970584005,47.82826942036832,55.25413935956113,nan,2550
X_gcn,2,0.475,2,AdaptiveGCN,0.0,0.5728679299354553,1.0,none,gcn,3,64,0.001,none,185,185,34,7032,87.155,2.6692,1,117.55424749556724,41.82880216928089,41.2417914762552,46.884421566640974,1.68,850
X_gcn,2,0.475,2,AdaptiveGCN,0.0,0.5728679299354553,1.0,none,gcn,3,64,0.001,none,185,185,34,7032,87.155,2.6692,2,166.40913649551007,55.76817422161043,49.28828550540917,56.42770035396839,2.36,850
X_gcn,2,0.475,2,AdaptiveGCN,0.0,0.5728679299354553,1.0,none,gcn,3,64,0.001,none,185,185,34,7032,87.155,2.6692,3,153.83934762089382,56.5234245208607,52.95473127944056,62.45029615807404,3.84,850
X_gcn,3,0.55,0,AdaptiveGCN,0.0,0.47386959195137024,1.0,none,gcn,3,64,0.001,none,219,219,34,7032,58.643,1.3604,0,23.918154305669244,12.928801353886431,57.99689703575077,65.27560335718145,nan,2550
X_gcn,3,0.55,0,AdaptiveGCN,0.0,0.47386959195137024,1.0,none,gcn,3,64,0.001,none,219,219,34,7032,58.643,1.3604,1,18.25297964774085,10.195643367004745,51.453935257203256,58.1107343508907,2.0,850
X_gcn,3,0.55,0,AdaptiveGCN,0.0,0.47386959195137024,1.0,none,gcn,3,64,0.001,none,219,219,34,7032,58.643,1.3604,2,23.63559655752451,13.018390815012594,58.57166089861923,67.92254251892224,3.4583333333333335,850
X_gcn,3,0.55,0,AdaptiveGCN,0.0,0.47386959195137024,1.0,none,gcn,3,64,0.001,none,219,219,34,7032,58.643,1.3604,3,28.712743260066713,15.572369879641954,63.96509495142985,69.80765992343741,4.208333333333333,850
X_gcn,3,0.55,1,AdaptiveGCN,0.0,0.5767888426780701,1.0,none,gcn,3,64,0.001,none,219,219,34,7032,39.191,0.4728,0,21.560877250979306,12.09642908091205,56.50260707126652,62.93721969277924,nan,2550
X_gcn,3,0.55,1,AdaptiveGCN,0.0,0.5767888426780701,1.0,none,gcn,3,64,0.001,none,219,219,34,7032,39.191,0.4728,1,16.608033584486698,9.700159503721139,50.69349042094784,54.52196774559657,1.375,850
X_gcn,3,0.55,1,AdaptiveGCN,0.0,0.5767888426780701,1.0,none,gcn,3,64,0.001,none,219,219,34,7032,39.191,0.4728,2,22.24044559130394,12.445972184267251,57.879204138934085,65.02379939051039,3.25,850
X_gcn,3,0.55,1,AdaptiveGCN,0.0,0.5767888426780701,1.0,none,gcn,3,64,0.001,none,219,219,34,7032,39.191,0.4728,3,24.98299589425179,14.143155554747757,60.935126653917635,69.28372014561242,4.083333333333333,850
X_gcn,3,0.55,2,AdaptiveGCN,0.0,0.593041181564331,1.0,none,gcn,3,64,0.001,none,219,219,34,7032,41.342,1.2891,0,20.894213961445374,11.594270078771538,55.74770819366122,60.130968398966345,nan,2550
X_gcn,3,0.55,2,AdaptiveGCN,0.0,0.593041181564331,1.0,none,gcn,3,64,0.001,none,219,219,34,7032,41.342,1.2891,1,16.267519593552194,9.422972129897817,50.33690454264268,53.58039647110966,1.7916666666666667,850
X_gcn,3,0.55,2,AdaptiveGCN,0.0,0.593041181564331,1.0,none,gcn,3,64,0.001,none,219,219,34,7032,41.342,1.2891,2,20.97146688061649,11.670161815616028,56.51778438155659,63.29746433539074,3.5416666666666665,850
X_gcn,3,0.55,2,AdaptiveGCN,0.0,0.593041181564331,1.0,none,gcn,3,64,0.001,none,219,219,34,7032,41.342,1.2891,3,24.602233930043376,13.689676290800767,60.38843565678441,63.52705726575451,4.625,850
X_gcn,4,0.625,0,AdaptiveGCN,0.0,0.6214057207107544,1.0,none,gcn,3,64,0.001,none,253,253,34,7032,40.283,0.7056,0,30.687794067808255,14.283762986690682,52.24431863221044,56.85129597286355,nan,2550
X_gcn,4,0.625,0,AdaptiveGCN,0.0,0.6214057207107544,1.0,none,gcn,3,64,0.001,none,253,253,34,7032,40.283,0.7056,1,27.102686512706,12.718473125420621,51.024711325009896,54.729513881270734,2.6666666666666665,850
X_gcn,4,0.625,0,AdaptiveGCN,0.0,0.6214057207107544,1.0,none,gcn,3,64,0.001,none,253,253,34,7032,40.283,0.7056,2,28.32698309857879,13.578050359431106,51.43312535310947,57.038438105672995,3.3333333333333335,850
X_gcn,4,0.625,0,AdaptiveGCN,0.0,0.6214057207107544,1.0,none,gcn,3,64,0.001,none,253,253,34,7032,40.283,0.7056,3,35.8921791839314,16.55476547522032,54.275119218511946,58.785935931646925,3.7916666666666665,850
X_gcn,4,0.625,1,AdaptiveGCN,0.0,0.6802629232406616,1.0,none,gcn,3,64,0.001,none,253,253,34,7032,37.99,0.6402,0,30.716629022154642,14.398461031564603,51.816455942513706,58.83610603415157,nan,2550
X_gcn,4,0.625,1,AdaptiveGCN,0.0,0.6802629232406616,1.0,none,gcn,3,64,0.001,none,253,253,34,7032,37.99,0.6402,1,27.516844642541045,13.257310108428491,51.150371475222734,59.83427055384016,3.25,850
X_gcn,4,0.625,1,AdaptiveGCN,0.0,0.6802629232406616,1.0,none,gcn,3,64,0.001,none,253,253,34,7032,37.99,0.6402,2,28.727762810667535,13.934939029015162,51.568260930039436,60.2737481373306,4.041666666666667,850
X_gcn,4,0.625,1,AdaptiveGCN,0.0,0.6802629232406616,1.0,none,gcn,3,64,0.001,none,253,253,34,7032,37.99,0.6402,3,35.32807382615569,16.003133957250153,52.73073542227894,56.400299411283974,4.291666666666667,850
X_gcn,4,0.625,2,AdaptiveGCN,0.0,0.4469342529773712,1.0,none,gcn,3,64,0.001,none,253,253,34,7032,72.777,1.4884,0,34.104022475278555,15.903215124409318,53.436791161115785,61.44946846181518,nan,2550
X_gcn,4,0.625,2,AdaptiveGCN,0.0,0.4469342529773712,1.0,none,gcn,3,64,0.001,none,253,253,34,7032,72.777,1.4884,1,29.089484070600356,13.650812274495907,51.21940502375417,58.20458464335948,2.875,850
X_gcn,4,0.625,2,AdaptiveGCN,0.0,0.4469342529773712,1.0,none,gcn,3,64,0.001,none,253,253,34,7032,72.777,1.4884,2,31.545476979266756,15.156214843532071,52.934008276649394,60.07608441018337,3.4583333333333335,850
X_gcn,4,0.625,2,AdaptiveGCN,0.0,0.4469342529773712,1.0,none,gcn,3,64,0.001,none,253,253,34,7032,72.777,1.4884,3,40.59480072176429,18.902618255199975,56.15696018294379,66.06773633190267,5.625,850
X_gcn,5,0.7,0,AdaptiveGCN,0.0,0.6029998064041138,1.0,none,gcn,3,64,0.001,none,287,287,34,7032,42.982,0.5575,0,55.89418251089165,28.45487019975542,44.90738714368552,52.287615793872554,nan,2550
X_gcn,5,0.7,0,AdaptiveGCN,0.0,0.6029998064041138,1.0,none,gcn,3,64,0.001,none,287,287,34,7032,42.982,0.5575,1,40.40121822392722,21.6896289402115,38.04550035562785,40.51858264031682,1.24,850
X_gcn,5,0.7,0,AdaptiveGCN,0.0,0.6029998064041138,1.0,none,gcn,3,64,0.001,none,287,287,34,7032,42.982,0.5575,2,54.85418779286602,28.593037065828547,43.41393349143887,47.515919571936024,2.92,850
X_gcn,5,0.7,0,AdaptiveGCN,0.0,0.6029998064041138,1.0,none,gcn,3,64,0.001,none,287,287,34,7032,42.982,0.5575,3,68.78399932608018,35.08194459322621,53.26272758398984,69.04909373618497,4.0,850
X_gcn,5,0.7,1,AdaptiveGCN,0.0,0.6174805760383606,1.0,none,gcn,3,64,0.001,none,287,287,34,7032,42.439,0.9917,0,57.02958669392702,29.549444422305324,46.84824577875118,54.59883405520266,nan,2550
X_gcn,5,0.7,1,AdaptiveGCN,0.0,0.6174805760383606,1.0,none,gcn,3,64,0.001,none,287,287,34,7032,42.439,0.9917,1,40.80796539437881,21.502524494093787,39.01376804002033,39.71024087775736,1.2,850
X_gcn,5,0.7,1,AdaptiveGCN,0.0,0.6174805760383606,1.0,none,gcn,3,64,0.001,none,287,287,34,7032,42.439,0.9917,2,56.07710567537471,29.878217659193805,45.89699813151575,49.817580655339036,3.84,850
X_gcn,5,0.7,1,AdaptiveGCN,0.0,0.6174805760383606,1.0,none,gcn,3,64,0.001,none,287,287,34,7032,42.439,0.9917,3,70.33625988694915,37.267591113628384,55.633971164717465,74.53347679838957,4.166666666666667,850
X_gcn,5,0.7,2,AdaptiveGCN,0.0,0.5639709234237671,1.0,none,gcn,3,64,0.001,none,287,287,34,7032,52.023,0.5651,0,59.04899383305783,29.506136275788624,46.538940391405944,52.51855837434858,nan,2550
X_gcn,5,0.7,2,AdaptiveGCN,0.0,0.5639709234237671,1.0,none,gcn,3,64,0.001,none,287,287,34,7032,52.023,0.5651,1,42.71596521696955,22.30111398888204,38.89762749045645,39.53150808378879,1.24,850
X_gcn,5,0.7,2,AdaptiveGCN,0.0,0.5639709234237671,1.0,none,gcn,3,64,0.001,none,287,287,34,7032,52.023,0.5651,2,58.093927907195955,29.737865655762967,45.228277064222645,47.56874448489279,3.16,850
X_gcn,5,0.7,2,AdaptiveGCN,0.0,0.5639709234237671,1.0,none,gcn,3,64,0.001,none,287,287,34,7032,52.023,0.5651,3,72.53132339883004,36.479429182720864,55.49091661953871,70.695378864481,3.9583333333333335,850
X_gcn,6,0.775,0,AdaptiveGCN,0.0,0.7076786756515503,1.0,none,gcn,3,64,0.001,none,321,321,34,7032,40.521,0.4883,0,10.726723092988905,5.325487685016466,79.8447744706706,84.92495372948652,nan,2550
X_gcn,6,0.775,0,AdaptiveGCN,0.0,0.7076786756515503,1.0,none,gcn,3,64,0.001,none,321,321,34,7032,40.521,0.4883,1,8.323372925725112,4.300127668878584,71.2435884996462,67.91351405517817,2.5714285714285716,850
X_gcn,6,0.775,0,AdaptiveGCN,0.0,0.7076786756515503,1.0,none,gcn,3,64,0.001,none,321,321,34,7032,40.521,0.4883,2,10.506378866551833,5.2936373788822335,80.90138668894554,85.39401925232436,4.0,850
X_gcn,6,0.775,0,AdaptiveGCN,0.0,0.7076786756515503,1.0,none,gcn,3,64,0.001,none,321,321,34,7032,40.521,0.4883,3,12.865660931050668,6.382698007288581,87.38934822342007,101.52298546458489,4.642857142857143,850
X_gcn,6,0.775,1,AdaptiveGCN,0.0,0.5864567756652832,1.0,none,gcn,3,64,0.001,none,321,321,34,7032,55.302,0.512,0,11.943697982492111,5.928852557173734,94.48569940439722,96.53688558402297,nan,2550
X_gcn,6,0.775,1,AdaptiveGCN,0.0,0.5864567756652832,1.0,none,gcn,3,64,0.001,none,321,321,34,7032,55.302,0.512,1,9.106817885412593,4.728744816117755,92.40333069413971,76.3383481899714,3.357142857142857,850
X_gcn,6,0.775,1,AdaptiveGCN,0.0,0.5864567756652832,1.0,none,gcn,3,64,0.001,none,321,321,34,7032,55.302,0.512,2,11.842266605617343,5.95938625916373,94.73181711559032,97.41725324050286,5.428571428571429,850
X_gcn,6,0.775,1,AdaptiveGCN,0.0,0.5864567756652832,1.0,none,gcn,3,64,0.001,none,321,321,34,7032,55.302,0.512,3,14.31021852154494,7.098426596239716,96.32195040346161,115.92314608967844,5.785714285714286,850
X_gcn,6,0.775,2,AdaptiveGCN,0.0,0.785916268825531,1.0,none,gcn,3,64,0.001,none,321,321,34,7032,43.305,0.6731,0,10.629258759041331,5.321729518413606,86.77833933266135,86.24986996005741,nan,2550
X_gcn,6,0.775,2,AdaptiveGCN,0.0,0.785916268825531,1.0,none,gcn,3,64,0.001,none,321,321,34,7032,43.305,0.6731,1,8.741284258969866,4.571524216887363,94.84299993455765,75.42442301588443,2.7857142857142856,850
X_gcn,6,0.775,2,AdaptiveGCN,0.0,0.785916268825531,1.0,none,gcn,3,64,0.001,none,321,321,34,7032,43.305,0.6731,2,10.211438581168421,5.166365139064592,80.17130839662894,84.00382132836589,3.142857142857143,850
X_gcn,6,0.775,2,AdaptiveGCN,0.0,0.785916268825531,1.0,none,gcn,3,64,0.001,none,321,321,34,7032,43.305,0.6731,3,12.580138985992217,6.227299199288861,85.32070966679747,99.3410038295058,4.571428571428571,850
X_gcn,7,0.85,0,AdaptiveGCN,0.0,0.7578955292701721,1.0,none,gcn,3,64,0.001,none,355,355,34,7032,47.785,0.8557,0,88.26669474143176,21.403269400070542,88.52498488814705,394.5322996174686,nan,2550
X_gcn,7,0.85,0,AdaptiveGCN,0.0,0.7578955292701721,1.0,none,gcn,3,64,0.001,none,355,355,34,7032,47.785,0.8557,1,89.88505388128699,20.74785000258531,85.62367344474984,424.9017413871093,2.76,850
X_gcn,7,0.85,0,AdaptiveGCN,0.0,0.7578955292701721,1.0,none,gcn,3,64,0.001,none,355,355,34,7032,47.785,0.8557,2,87.44987475048461,21.114523795452723,86.93805038050624,310.13329040964067,3.52,850
X_gcn,7,0.85,0,AdaptiveGCN,0.0,0.7578955292701721,1.0,none,gcn,3,64,0.001,none,355,355,34,7032,47.785,0.8557,3,87.44269378635349,22.34743440217359,93.013230839185,448.58123016128684,4.36,850
X_gcn,7,0.85,1,AdaptiveGCN,0.0,0.7554380893707275,1.0,none,gcn,3,64,0.001,none,355,355,34,7032,53.173,0.7916,0,90.56114866584679,21.867779574227605,96.84265377721582,414.00629657585546,nan,2550
X_gcn,7,0.85,1,AdaptiveGCN,0.0,0.7554380893707275,1.0,none,gcn,3,64,0.001,none,355,355,34,7032,53.173,0.7916,1,90.47505534816408,20.781197533764576,96.49795914462817,431.7780774333346,2.56,850
X_gcn,7,0.85,1,AdaptiveGCN,0.0,0.7554380893707275,1.0,none,gcn,3,64,0.001,none,355,355,34,7032,53.173,0.7916,2,92.42705622331736,22.19333928154867,96.49201521567767,345.2799612358559,3.32,850
X_gcn,7,0.85,1,AdaptiveGCN,0.0,0.7554380893707275,1.0,none,gcn,3,64,0.001,none,355,355,34,7032,53.173,0.7916,3,88.74383686020788,22.628801907369567,97.53798697134161,464.9163748887727,4.36,850
X_gcn,7,0.85,2,AdaptiveGCN,0.0,0.663027822971344,1.0,none,gcn,3,64,0.001,none,355,355,34,7032,100.365,0.753,0,85.5202218723249,20.94111081549928,95.57529080391004,372.13017178735106,nan,2550
X_gcn,7,0.85,2,AdaptiveGCN,0.0,0.663027822971344,1.0,none,gcn,3,64,0.001,none,355,355,34,7032,100.365,0.753,1,87.00518289862492,20.235932306140278,91.06051482561608,400.69272835248466,2.76,850
X_gcn,7,0.85,2,AdaptiveGCN,0.0,0.663027822971344,1.0,none,gcn,3,64,0.001,none,355,355,34,7032,100.365,0.753,2,85.48635792146067,20.8720545214933,96.14696414592572,299.63285514088227,3.32,850
X_gcn,7,0.85,2,AdaptiveGCN,0.0,0.663027822971344,1.0,none,gcn,3,64,0.001,none,355,355,34,7032,100.365,0.753,3,84.04347568595543,21.71534561886426,99.51839344018829,416.10299926565284,4.6,850
X_gcn,8,0.925,0,AdaptiveGCN,0.0,0.40433433651924133,1.0,none,gcn,3,64,0.001,none,389,389,34,7032,157.845,6.2338,0,28.928614346385572,12.898392689304401,82.05306416474406,113.46816944406739,nan,2550
X_gcn,8,0.925,0,AdaptiveGCN,0.0,0.40433433651924133,1.0,none,gcn,3,64,0.001,none,389,389,34,7032,157.845,6.2338,1,25.526253415384453,10.188620947327959,74.40890719171443,86.27809584548083,2.857142857142857,850
X_gcn,8,0.925,0,AdaptiveGCN,0.0,0.40433433651924133,1.0,none,gcn,3,64,0.001,none,389,389,34,7032,157.845,6.2338,2,28.93964940471389,13.118216162447215,83.5246997043375,117.3759072903945,5.142857142857143,850
X_gcn,8,0.925,0,AdaptiveGCN,0.0,0.40433433651924133,1.0,none,gcn,3,64,0.001,none,389,389,34,7032,157.845,6.2338,3,31.960933386112668,15.38834095813803,88.22558559818023,136.58148865965472,5.0476190476190474,850
X_gcn,8,0.925,1,AdaptiveGCN,0.0,0.4943855106830597,1.0,none,gcn,3,64,0.001,none,389,389,34,7032,105.623,0.6201,0,28.014935602031482,12.028521938425781,81.53340033831078,101.30565030653922,nan,2550
X_gcn,8,0.925,1,AdaptiveGCN,0.0,0.4943855106830597,1.0,none,gcn,3,64,0.001,none,389,389,34,7032,105.623,0.6201,1,26.238186948222726,10.459193469117231,77.8534940535275,88.14403552578207,2.9047619047619047,850
X_gcn,8,0.925,1,AdaptiveGCN,0.0,0.4943855106830597,1.0,none,gcn,3,64,0.001,none,389,389,34,7032,105.623,0.6201,2,28.159664490698496,12.070229728974347,79.83050009022303,103.49492595138778,3.7142857142857144,850
X_gcn,8,0.925,1,AdaptiveGCN,0.0,0.4943855106830597,1.0,none,gcn,3,64,0.001,none,389,389,34,7032,105.623,0.6201,3,29.548277306796106,13.556142617185765,86.91620687118179,112.19739046697939,5.857142857142857,850
X_gcn,8,0.925,2,AdaptiveGCN,0.0,0.6529404520988464,1.0,none,gcn,3,64,0.001,none,389,389,34,7032,83.668,0.4946,0,27.57239964998521,11.110544825790207,76.76064454044455,93.46663254909576,nan,2550
X_gcn,8,0.925,2,AdaptiveGCN,0.0,0.6529404520988464,1.0,none,gcn,3,64,0.001,none,389,389,34,7032,83.668,0.4946,1,25.404113618559926,9.563812319844796,70.86724317588927,80.29565761520556,2.1904761904761907,850
X_gcn,8,0.925,2,AdaptiveGCN,0.0,0.6529404520988464,1.0,none,gcn,3,64,0.001,none,389,389,34,7032,83.668,0.4946,2,27.065120541116986,10.816024215553103,76.31840122256038,91.65637367983773,3.380952380952381,850
X_gcn,8,0.925,2,AdaptiveGCN,0.0,0.6529404520988464,1.0,none,gcn,3,64,0.001,none,389,389,34,7032,83.668,0.4946,3,30.04699533606678,12.951797941972721,83.09628922288397,108.35087907159473,5.095238095238095,850
X_gcn_gtcn,1,0.4,0,AdaptiveGCN,0.0,0.6470293998718262,1.0,gtcn,gcn,3,64,0.001,none,151,151,34,11960,92.393,1.7303,0,98.21952838219649,39.75859837724389,61.936652926032686,58.441283571745764,nan,2550
X_gcn_gtcn,1,0.4,0,AdaptiveGCN,0.0,0.6470293998718262,1.0,gtcn,gcn,3,64,0.001,none,151,151,34,11960,92.393,1.7303,1,70.84484243799676,30.302813887144712,55.83757785204922,55.343007001656794,3.68,850
X_gcn_gtcn,1,0.4,0,AdaptiveGCN,0.0,0.6470293998718262,1.0,gtcn,gcn,3,64,0.001,none,151,151,34,11960,92.393,1.7303,2,88.78969128311124,38.36337694523473,61.963951431050035,59.49773493259899,4.04,850
X_gcn_gtcn,1,0.4,0,AdaptiveGCN,0.0,0.6470293998718262,1.0,gtcn,gcn,3,64,0.001,none,151,151,34,11960,92.393,1.7303,3,126.64369817976934,50.60960429935223,68.00842949499875,60.46071629983514,7.88,850
X_gcn_gtcn,1,0.4,1,AdaptiveGCN,0.0,0.602651059627533,1.0,gtcn,gcn,3,64,0.001,none,151,151,34,11960,180.776,13.9962,0,95.38198769394967,38.88359328639894,61.83453724733757,58.92026163438414,nan,2550
X_gcn_gtcn,1,0.4,1,AdaptiveGCN,0.0,0.602651059627533,1.0,gtcn,gcn,3,64,0.001,none,151,151,34,11960,180.776,13.9962,1,63.803797005872546,28.2275068811382,55.09848967363789,56.246823556810945,3.68,850
X_gcn_gtcn,1,0.4,1,AdaptiveGCN,0.0,0.602651059627533,1.0,gtcn,gcn,3,64,0.001,none,151,151,34,11960,180.776,13.9962,2,90.68385653273221,38.98953673809959,62.665195566591514,60.464648006665065,4.36,850
X_gcn_gtcn,1,0.4,1,AdaptiveGCN,0.0,0.602651059627533,1.0,gtcn,gcn,3,64,0.001,none,151,151,34,11960,180.776,13.9962,3,122.46911603065712,49.433736239959046,67.7399265017833,60.03228684943921,7.56,850
X_gcn_gtcn,1,0.4,2,AdaptiveGCN,0.0,0.5866152048110962,1.0,gtcn,gcn,3,64,0.001,none,151,151,34,11960,164.428,16.3926,0,99.36007797477686,40.35655198163773,63.01452605495278,57.69289365064287,nan,2550
X_gcn_gtcn,1,0.4,2,AdaptiveGCN,0.0,0.5866152048110962,1.0,gtcn,gcn,3,64,0.001,none,151,151,34,11960,164.428,16.3926,1,64.25998872212566,28.55555655887022,55.47987547717922,54.41128647162093,2.36,850
X_gcn_gtcn,1,0.4,2,AdaptiveGCN,0.0,0.5866152048110962,1.0,gtcn,gcn,3,64,0.001,none,151,151,34,11960,164.428,16.3926,2,101.98296645677912,42.80768639602863,65.14875195631599,59.145779975510685,4.48,850
X_gcn_gtcn,1,0.4,2,AdaptiveGCN,0.0,0.5866152048110962,1.0,gtcn,gcn,3,64,0.001,none,151,151,34,11960,164.428,16.3926,3,122.83079291272594,49.70641299001434,68.41495073136316,59.49910834847471,7.64,850
X_gcn_gtcn,2,0.475,0,AdaptiveGCN,0.0,0.768410325050354,1.0,gtcn,gcn,3,64,0.001,none,185,185,34,11960,84.806,1.5685,0,119.14892729335322,43.55196178105432,44.808872441341435,54.173431929672475,nan,2550
X_gcn_gtcn,2,0.475,0,AdaptiveGCN,0.0,0.768410325050354,1.0,gtcn,gcn,3,64,0.001,none,185,185,34,11960,84.806,1.5685,1,87.5580025022681,33.257069381133874,39.00154662247978,43.025613813252775,1.72,850
X_gcn_gtcn,2,0.475,0,AdaptiveGCN,0.0,0.768410325050354,1.0,gtcn,gcn,3,64,0.001,none,185,185,34,11960,84.806,1.5685,2,125.13423134842941,46.86620400144883,44.597971592675854,54.55786867183918,2.0,850
X_gcn_gtcn,2,0.475,0,AdaptiveGCN,0.0,0.768410325050354,1.0,gtcn,gcn,3,64,0.001,none,185,185,34,11960,84.806,1.5685,3,138.7963290873389,50.53261196058024,50.82709910886866,64.9368133039255,3.8,850
X_gcn_gtcn,2,0.475,1,AdaptiveGCN,0.0,0.7904764413833618,1.0,gtcn,gcn,3,64,0.001,none,185,185,34,11960,83.475,1.4684,0,125.16483548828506,45.58831245790316,44.923043672860295,56.731218952316844,nan,2550
X_gcn_gtcn,2,0.475,1,AdaptiveGCN,0.0,0.7904764413833618,1.0,gtcn,gcn,3,64,0.001,none,185,185,34,11960,83.475,1.4684,1,83.3867266544298,33.01979372954708,38.95189544520773,44.389282560208834,1.08,850
X_gcn_gtcn,2,0.475,1,AdaptiveGCN,0.0,0.7904764413833618,1.0,gtcn,gcn,3,64,0.001,none,185,185,34,11960,83.475,1.4684,2,124.99484598265842,46.75790318440509,43.52957763282569,53.96940172249553,2.12,850
X_gcn_gtcn,2,0.475,1,AdaptiveGCN,0.0,0.7904764413833618,1.0,gtcn,gcn,3,64,0.001,none,185,185,34,11960,83.475,1.4684,3,156.27427947061315,56.987240459757295,52.28765794054746,71.83497257424612,3.32,850
X_gcn_gtcn,2,0.475,2,AdaptiveGCN,0.0,0.7909888029098511,1.0,gtcn,gcn,3,64,0.001,none,185,185,34,11960,90.213,1.5532,0,120.21315316841653,43.26551231657758,43.21348644657449,52.27261092706155,nan,2550
X_gcn_gtcn,2,0.475,2,AdaptiveGCN,0.0,0.7909888029098511,1.0,gtcn,gcn,3,64,0.001,none,185,185,34,11960,90.213,1.5532,1,83.7138613667635,32.011975437192355,37.06579655955798,40.82485713615322,1.08,850
X_gcn_gtcn,2,0.475,2,AdaptiveGCN,0.0,0.7909888029098511,1.0,gtcn,gcn,3,64,0.001,none,185,185,34,11960,90.213,1.5532,2,119.81325179910233,44.39434510336203,42.44322091475153,51.350192570910345,2.04,850
X_gcn_gtcn,2,0.475,2,AdaptiveGCN,0.0,0.7909888029098511,1.0,gtcn,gcn,3,64,0.001,none,185,185,34,11960,90.213,1.5532,3,148.29153951750155,53.39021640917834,50.13144186541398,64.64278307412107,3.16,850
X_gcn_gtcn,3,0.55,0,AdaptiveGCN,0.0,0.593427300453186,1.0,gtcn,gcn,3,64,0.001,none,219,219,34,11960,203.522,11.0585,0,22.186567847071007,12.330812281854314,56.42787365901595,64.04433405021193,nan,2550
X_gcn_gtcn,3,0.55,0,AdaptiveGCN,0.0,0.593427300453186,1.0,gtcn,gcn,3,64,0.001,none,219,219,34,11960,203.522,11.0585,1,16.117210616076797,9.55949950637734,50.317615576962716,55.55579482216416,1.4166666666666667,850
X_gcn_gtcn,3,0.55,0,AdaptiveGCN,0.0,0.593427300453186,1.0,gtcn,gcn,3,64,0.001,none,219,219,34,11960,203.522,11.0585,2,21.999596463908276,12.324047256248647,57.508609821182766,65.93806383604132,2.9583333333333335,850
X_gcn_gtcn,3,0.55,0,AdaptiveGCN,0.0,0.593427300453186,1.0,gtcn,gcn,3,64,0.001,none,219,219,34,11960,203.522,11.0585,3,27.07368936588198,15.108890082936954,61.457395578902364,70.6573821244379,3.9166666666666665,850
X_gcn_gtcn,3,0.55,1,AdaptiveGCN,0.0,0.7208332419395447,1.0,gtcn,gcn,3,64,0.001,none,219,219,34,11960,172.14,3.6633,0,22.222282406821478,12.322086753204298,55.85889258297523,64.60359078092561,nan,2550
X_gcn_gtcn,3,0.55,1,AdaptiveGCN,0.0,0.7208332419395447,1.0,gtcn,gcn,3,64,0.001,none,219,219,34,11960,172.14,3.6633,1,15.719721932973705,9.528060528501365,50.04896320501406,56.80080288963833,1.0416666666666667,850
X_gcn_gtcn,3,0.55,1,AdaptiveGCN,0.0,0.7208332419395447,1.0,gtcn,gcn,3,64,0.001,none,219,219,34,11960,172.14,3.6633,2,22.174568405915746,12.378502910838408,57.204811238351596,65.86602306807356,2.625,850
X_gcn_gtcn,3,0.55,1,AdaptiveGCN,0.0,0.7208332419395447,1.0,gtcn,gcn,3,64,0.001,none,219,219,34,11960,172.14,3.6633,3,27.251942398055427,15.05969682027312,60.32290330556002,71.16128996849352,3.5,850
X_gcn_gtcn,3,0.55,2,AdaptiveGCN,0.0,0.5505530834197998,1.0,gtcn,gcn,3,64,0.001,none,219,219,34,11960,241.674,13.6513,0,22.03720021410597,12.195694007382674,56.05915811882628,62.99160984491632,nan,2550
X_gcn_gtcn,3,0.55,2,AdaptiveGCN,0.0,0.5505530834197998,1.0,gtcn,gcn,3,64,0.001,none,219,219,34,11960,241.674,13.6513,1,15.587252067544883,9.371952710432165,49.937394865414895,54.75435470638327,1.0416666666666667,850
X_gcn_gtcn,3,0.55,2,AdaptiveGCN,0.0,0.5505530834197998,1.0,gtcn,gcn,3,64,0.001,none,219,219,34,11960,241.674,13.6513,2,21.497533521249665,12.030900749809602,57.31829298678064,63.680879103053634,2.75,850
X_gcn_gtcn,3,0.55,2,AdaptiveGCN,0.0,0.5505530834197998,1.0,gtcn,gcn,3,64,0.001,none,219,219,34,11960,241.674,13.6513,3,27.41912116234474,15.184228561906254,60.92178650428329,70.55868307841841,3.5,850
X_gcn_gtcn,4,0.625,0,AdaptiveGCN,0.0,0.46333202719688416,1.0,gtcn,gcn,3,64,0.001,none,253,253,34,11960,462.908,19.2994,0,31.293373469580317,14.298488765933081,51.75289174632686,54.01936201859419,nan,2550
X_gcn_gtcn,4,0.625,0,AdaptiveGCN,0.0,0.46333202719688416,1.0,gtcn,gcn,3,64,0.001,none,253,253,34,11960,462.908,19.2994,1,26.87867573585479,12.580394028367214,50.22697809914393,53.61174914111832,2.125,850
X_gcn_gtcn,4,0.625,0,AdaptiveGCN,0.0,0.46333202719688416,1.0,gtcn,gcn,3,64,0.001,none,253,253,34,11960,462.908,19.2994,2,29.789044800481676,13.85956012939596,50.93348276534931,53.44318864620797,2.375,850
X_gcn_gtcn,4,0.625,0,AdaptiveGCN,0.0,0.46333202719688416,1.0,gtcn,gcn,3,64,0.001,none,253,253,34,11960,462.908,19.2994,3,36.44139500460385,16.455512140036067,54.09821437448732,55.00314826845623,3.7083333333333335,850
X_gcn_gtcn,4,0.625,1,AdaptiveGCN,0.0,0.48261526226997375,1.0,gtcn,gcn,3,64,0.001,none,253,253,34,11960,436.522,18.2692,0,32.687352277381365,14.96671306520285,52.55942719074006,56.33145200141606,nan,2550
X_gcn_gtcn,4,0.625,1,AdaptiveGCN,0.0,0.48261526226997375,1.0,gtcn,gcn,3,64,0.001,none,253,253,34,11960,436.522,18.2692,1,27.38433507278776,12.776627715637579,50.0728287554002,54.54869771663778,2.5,850
X_gcn_gtcn,4,0.625,1,AdaptiveGCN,0.0,0.48261526226997375,1.0,gtcn,gcn,3,64,0.001,none,253,253,34,11960,436.522,18.2692,2,31.259033890568364,14.634949858363527,51.766453124275344,55.86698872936267,3.25,850
X_gcn_gtcn,4,0.625,1,AdaptiveGCN,0.0,0.48261526226997375,1.0,gtcn,gcn,3,64,0.001,none,253,253,34,11960,436.522,18.2692,3,38.449447194549755,17.488561621607445,55.83899969254463,58.57866955824771,3.7083333333333335,850
X_gcn_gtcn,4,0.625,2,AdaptiveGCN,0.0,0.6193361878395081,1.0,gtcn,gcn,3,64,0.001,none,253,253,34,11960,265.793,3.5544,0,30.956971736910333,14.350846723134119,51.69265967163437,55.082155202246916,nan,2550
X_gcn_gtcn,4,0.625,2,AdaptiveGCN,0.0,0.6193361878395081,1.0,gtcn,gcn,3,64,0.001,none,253,253,34,11960,265.793,3.5544,1,26.522661811012473,12.470736730365624,49.25967068519596,53.043013479252984,2.0833333333333335,850
X_gcn_gtcn,4,0.625,2,AdaptiveGCN,0.0,0.6193361878395081,1.0,gtcn,gcn,3,64,0.001,none,253,253,34,11960,265.793,3.5544,2,29.215980705068414,13.852941248199958,50.98600973915842,54.32288024496897,2.75,850
X_gcn_gtcn,4,0.625,2,AdaptiveGCN,0.0,0.6193361878395081,1.0,gtcn,gcn,3,64,0.001,none,253,253,34,11960,265.793,3.5544,3,36.303955421679966,16.728862190836775,54.832298590548746,57.88057188251877,3.7083333333333335,850
X_gcn_gtcn,5,0.7,0,AdaptiveGCN,0.0,0.5442796349525452,1.0,gtcn,gcn,3,64,0.001,none,287,287,34,11960,400.724,2.438,0,52.86859114908038,28.14784608035569,46.87263749546097,57.2694916328906,nan,2550
X_gcn_gtcn,5,0.7,0,AdaptiveGCN,0.0,0.5442796349525452,1.0,gtcn,gcn,3,64,0.001,none,287,287,34,11960,400.724,2.438,1,38.86175197911172,21.073734764416756,39.60817553785227,40.937554418449274,1.24,850
X_gcn_gtcn,5,0.7,0,AdaptiveGCN,0.0,0.5442796349525452,1.0,gtcn,gcn,3,64,0.001,none,287,287,34,11960,400.724,2.438,2,51.38007704754927,27.792724795454397,44.963317964725924,51.82727435288571,2.2,850
X_gcn_gtcn,5,0.7,0,AdaptiveGCN,0.0,0.5442796349525452,1.0,gtcn,gcn,3,64,0.001,none,287,287,34,11960,400.724,2.438,3,65.07776660248697,35.57707868119592,56.04641898380473,79.33638782372466,3.9583333333333335,850
X_gcn_gtcn,5,0.7,1,AdaptiveGCN,0.0,0.7372816205024719,1.0,gtcn,gcn,3,64,0.001,none,287,287,34,11960,276.132,4.2127,0,53.753888899388784,28.665921782857712,46.1401293258138,56.448343745367865,nan,2550
X_gcn_gtcn,5,0.7,1,AdaptiveGCN,0.0,0.7372816205024719,1.0,gtcn,gcn,3,64,0.001,none,287,287,34,11960,276.132,4.2127,1,39.20172108776844,21.200202281194574,36.356644880535534,40.80754898895471,1.2,850
X_gcn_gtcn,5,0.7,1,AdaptiveGCN,0.0,0.7372816205024719,1.0,gtcn,gcn,3,64,0.001,none,287,287,34,11960,276.132,4.2127,2,52.37474741533644,28.57977268696629,46.111488436135595,52.186422803204444,1.96,850
X_gcn_gtcn,5,0.7,1,AdaptiveGCN,0.0,0.7372816205024719,1.0,gtcn,gcn,3,64,0.001,none,287,287,34,11960,276.132,4.2127,3,66.24615167962602,36.217790380412275,55.952254660770265,76.62046537326586,3.125,850
X_gcn_gtcn,5,0.7,2,AdaptiveGCN,0.0,0.6740230321884155,1.0,gtcn,gcn,3,64,0.001,none,287,287,34,11960,301.135,3.5514,0,54.350758369613324,29.21800206751852,48.44101817977723,58.4802531582624,nan,2550
X_gcn_gtcn,5,0.7,2,AdaptiveGCN,0.0,0.6740230321884155,1.0,gtcn,gcn,3,64,0.001,none,287,287,34,11960,301.135,3.5514,1,39.02304521439732,21.15778057549731,38.620317313036715,41.21099353072955,1.24,850
X_gcn_gtcn,5,0.7,2,AdaptiveGCN,0.0,0.6740230321884155,1.0,gtcn,gcn,3,64,0.001,none,287,287,34,11960,301.135,3.5514,2,53.933095241498094,29.675829398807476,49.437219558146246,54.96304790754526,2.2,850
X_gcn_gtcn,5,0.7,2,AdaptiveGCN,0.0,0.6740230321884155,1.0,gtcn,gcn,3,64,0.001,none,287,287,34,11960,301.135,3.5514,3,66.56153533327546,36.82039622825077,57.26551766814871,79.55047821981492,3.125,850
X_gcn_gtcn,6,0.775,0,AdaptiveGCN,0.0,0.5763866305351257,1.0,gtcn,gcn,3,64,0.001,none,321,321,34,11960,329.626,7.2134,0,10.611430223954134,5.3298818370623815,91.0821599253834,86.62768779874769,nan,2550
X_gcn_gtcn,6,0.775,0,AdaptiveGCN,0.0,0.5763866305351257,1.0,gtcn,gcn,3,64,0.001,none,321,321,34,11960,329.626,7.2134,1,8.518396135229619,4.445186847823104,86.9305016857203,72.07395457235381,3.7142857142857144,850
X_gcn_gtcn,6,0.775,0,AdaptiveGCN,0.0,0.5763866305351257,1.0,gtcn,gcn,3,64,0.001,none,321,321,34,11960,329.626,7.2134,2,10.334476566425616,5.244404682131528,89.23030192856135,86.74604066737281,5.5,850
X_gcn_gtcn,6,0.775,0,AdaptiveGCN,0.0,0.5763866305351257,1.0,gtcn,gcn,3,64,0.001,none,321,321,34,11960,329.626,7.2134,3,12.58740940681786,6.300053981232511,97.08567616186853,101.10892998276032,6.0,850
X_gcn_gtcn,6,0.775,1,AdaptiveGCN,0.0,0.6538304090499878,1.0,gtcn,gcn,3,64,0.001,none,321,321,34,11960,312.126,1.8235,0,10.463643258536203,5.240892878668735,86.17027608041955,85.05706520297623,nan,2550
X_gcn_gtcn,6,0.775,1,AdaptiveGCN,0.0,0.6538304090499878,1.0,gtcn,gcn,3,64,0.001,none,321,321,34,11960,312.126,1.8235,1,8.54269592254375,4.4639385993765694,89.10742843787126,72.84193172021075,2.5,850
X_gcn_gtcn,6,0.775,1,AdaptiveGCN,0.0,0.6538304090499878,1.0,gtcn,gcn,3,64,0.001,none,321,321,34,11960,312.126,1.8235,2,10.21122348817877,5.179033858929299,81.87970532816881,85.1073577059134,4.428571428571429,850
X_gcn_gtcn,6,0.775,1,AdaptiveGCN,0.0,0.6538304090499878,1.0,gtcn,gcn,3,64,0.001,none,321,321,34,11960,312.126,1.8235,3,12.297022077525554,6.079706177700335,87.5236944752186,97.26009445718795,4.857142857142857,850
X_gcn_gtcn,6,0.775,2,AdaptiveGCN,0.0,0.5735888481140137,1.0,gtcn,gcn,3,64,0.001,none,321,321,34,11960,275.204,2.3693,0,10.727636097691356,5.387854623553968,91.27952890142242,87.64455490648247,nan,2550
X_gcn_gtcn,6,0.775,2,AdaptiveGCN,0.0,0.5735888481140137,1.0,gtcn,gcn,3,64,0.001,none,321,321,34,11960,275.204,2.3693,1,8.615735259279248,4.493761549613739,90.28334389592587,72.94586936203042,3.7857142857142856,850
X_gcn_gtcn,6,0.775,2,AdaptiveGCN,0.0,0.5735888481140137,1.0,gtcn,gcn,3,64,0.001,none,321,321,34,11960,275.204,2.3693,2,10.445785298822944,5.288309582358993,88.71391504493573,87.56849211605032,5.5,850
X_gcn_gtcn,6,0.775,2,AdaptiveGCN,0.0,0.5735888481140137,1.0,gtcn,gcn,3,64,0.001,none,321,321,34,11960,275.204,2.3693,3,12.724040402575694,6.381492738689173,94.84132776340569,102.46440885365682,6.0,850
X_gcn_gtcn,7,0.85,0,AdaptiveGCN,0.0,0.5583402514457703,1.0,gtcn,gcn,3,64,0.001,none,355,355,34,11960,457.55,5.5858,0,83.93306052779671,20.548987354059502,95.17565940577843,356.4957758461942,nan,2550
X_gcn_gtcn,7,0.85,0,AdaptiveGCN,0.0,0.5583402514457703,1.0,gtcn,gcn,3,64,0.001,none,355,355,34,11960,457.55,5.5858,1,85.98361217291422,19.938879570766243,91.87174936366206,392.5118357886173,2.76,850
X_gcn_gtcn,7,0.85,0,AdaptiveGCN,0.0,0.5583402514457703,1.0,gtcn,gcn,3,64,0.001,none,355,355,34,11960,457.55,5.5858,2,84.32494318444976,20.557713287862786,95.9886263682838,292.66622314428326,2.56,850
X_gcn_gtcn,7,0.85,0,AdaptiveGCN,0.0,0.5583402514457703,1.0,gtcn,gcn,3,64,0.001,none,355,355,34,11960,457.55,5.5858,3,81.42725798727082,21.15036920354948,97.66660248538943,384.4368836911807,3.4,850
X_gcn_gtcn,7,0.85,1,AdaptiveGCN,0.0,0.7220096588134766,1.0,gtcn,gcn,3,64,0.001,none,355,355,34,11960,225.286,3.2555,0,88.88525686157898,21.506345334556027,85.98799770133915,397.7605510328637,nan,2550
X_gcn_gtcn,7,0.85,1,AdaptiveGCN,0.0,0.7220096588134766,1.0,gtcn,gcn,3,64,0.001,none,355,355,34,11960,225.286,3.2555,1,90.09626601517489,20.7142240848962,82.07238174066534,426.2745363621246,2.76,850
X_gcn_gtcn,7,0.85,1,AdaptiveGCN,0.0,0.7220096588134766,1.0,gtcn,gcn,3,64,0.001,none,355,355,34,11960,225.286,3.2555,2,89.23656646554062,21.510536587730353,87.66941361266652,324.05786095696175,3.52,850
X_gcn_gtcn,7,0.85,1,AdaptiveGCN,0.0,0.7220096588134766,1.0,gtcn,gcn,3,64,0.001,none,355,355,34,11960,225.286,3.2555,3,87.29985519810789,22.29427533104153,88.2221977506856,442.9834239350946,4.36,850
X_gcn_gtcn,7,0.85,2,AdaptiveGCN,0.0,0.6836175918579102,1.0,gtcn,gcn,3,64,0.001,none,355,355,34,11960,297.423,3.5,0,87.60183626259396,21.253317091035857,85.83478238074235,384.7002534560235,nan,2550
X_gcn_gtcn,7,0.85,2,AdaptiveGCN,0.0,0.6836175918579102,1.0,gtcn,gcn,3,64,0.001,none,355,355,34,11960,297.423,3.5,1,90.51423149535215,20.799467425486622,82.08418645128305,429.8294510801984,2.76,850
X_gcn_gtcn,7,0.85,2,AdaptiveGCN,0.0,0.6836175918579102,1.0,gtcn,gcn,3,64,0.001,none,355,355,34,11960,297.423,3.5,2,87.21415532959011,21.164865551415613,87.39608602895747,307.74216749629255,3.52,850
X_gcn_gtcn,7,0.85,2,AdaptiveGCN,0.0,0.6836175918579102,1.0,gtcn,gcn,3,64,0.001,none,355,355,34,11960,297.423,3.5,3,84.9888825475832,21.79561829620534,88.02407466198659,416.6977695171577,4.36,850
X_gcn_gtcn,8,0.925,0,AdaptiveGCN,0.0,0.5417132377624512,1.0,gtcn,gcn,3,64,0.001,none,389,389,34,11960,490.02,12.251,0,27.04063222429963,10.881243746148504,78.13494546571334,91.04062969994972,nan,2550
X_gcn_gtcn,8,0.925,0,AdaptiveGCN,0.0,0.5417132377624512,1.0,gtcn,gcn,3,64,0.001,none,389,389,34,11960,490.02,12.251,1,25.004964716879424,9.371836343445569,72.06084064980082,77.7895500402796,2.0476190476190474,850
X_gcn_gtcn,8,0.925,0,AdaptiveGCN,0.0,0.5417132377624512,1.0,gtcn,gcn,3,64,0.001,none,389,389,34,11960,490.02,12.251,2,26.72238564679492,10.706385000061573,77.58732771610104,90.20994259057642,3.238095238095238,850
X_gcn_gtcn,8,0.925,0,AdaptiveGCN,0.0,0.5417132377624512,1.0,gtcn,gcn,3,64,0.001,none,389,389,34,11960,490.02,12.251,3,29.227610544159756,12.565509894938373,84.75666803123819,105.02886251031767,5.238095238095238,850
X_gcn_gtcn,8,0.925,1,AdaptiveGCN,0.0,0.5122486352920532,1.0,gtcn,gcn,3,64,0.001,none,389,389,34,11960,530.324,4.5385,0,26.656134249810904,11.192087012469317,79.39667018891603,94.09071631078774,nan,2550
X_gcn_gtcn,8,0.925,1,AdaptiveGCN,0.0,0.5122486352920532,1.0,gtcn,gcn,3,64,0.001,none,389,389,34,11960,530.324,4.5385,1,24.860523749586733,9.72298517604831,74.50198910481244,80.79261402969438,2.4761904761904763,850
X_gcn_gtcn,8,0.925,1,AdaptiveGCN,0.0,0.5122486352920532,1.0,gtcn,gcn,3,64,0.001,none,389,389,34,11960,530.324,4.5385,2,26.575003574407308,11.215958886308705,78.17504693832245,95.44952962477575,3.1904761904761907,850
X_gcn_gtcn,8,0.925,1,AdaptiveGCN,0.0,0.5122486352920532,1.0,gtcn,gcn,3,64,0.001,none,389,389,34,11960,530.324,4.5385,3,28.414292589263926,12.637316975050934,85.51297452361322,105.94508817386115,5.095238095238095,850
X_gcn_gtcn,8,0.925,2,AdaptiveGCN,0.0,0.5130507946014404,1.0,gtcn,gcn,3,64,0.001,none,389,389,34,11960,482.67,2.5485,0,27.51468447796991,11.006661555207833,79.84474240564748,92.42167188484545,nan,2550
X_gcn_gtcn,8,0.925,2,AdaptiveGCN,0.0,0.5130507946014404,1.0,gtcn,gcn,3,64,0.001,none,389,389,34,11960,482.67,2.5485,1,25.16287546248117,9.420157117079944,74.2025607701889,78.36138181550999,2.0476190476190474,850
X_gcn_gtcn,8,0.925,2,AdaptiveGCN,0.0,0.5130507946014404,1.0,gtcn,gcn,3,64,0.001,none,389,389,34,11960,482.67,2.5485,2,27.354472294596718,10.910731721925275,79.24830191912015,92.67810463092712,2.9523809523809526,850
X_gcn_gtcn,8,0.925,2,AdaptiveGCN,0.0,0.5130507946014404,1.0,gtcn,gcn,3,64,0.001,none,389,389,34,11960,482.67,2.5485,3,29.828444976406647,12.689095826618278,86.08336452763339,106.1309276406048,5.095238095238095,850
X_stgat,1,0.4,0,AdaptiveGCN,0.0,0.8175744414329529,1.0,lstm,gat,3,64,0.001,none,151,151,34,87992,748.286,58.0788,0,74.77306589657506,32.73139600059565,57.32151599635083,58.706371997622156,nan,2550
X_stgat,1,0.4,0,AdaptiveGCN,0.0,0.8175744414329529,1.0,lstm,gat,3,64,0.001,none,151,151,34,87992,748.286,58.0788,1,53.59139275305879,25.373983860366486,52.22420023372004,55.376215066820855,2.52,850
X_stgat,1,0.4,0,AdaptiveGCN,0.0,0.8175744414329529,1.0,lstm,gat,3,64,0.001,none,151,151,34,87992,748.286,58.0788,2,65.5055431463238,31.10767587388263,56.6138885223497,59.80252275825233,3.12,850
X_stgat,1,0.4,0,AdaptiveGCN,0.0,0.8175744414329529,1.0,lstm,gat,3,64,0.001,none,151,151,34,87992,748.286,58.0788,3,98.030712486512,41.71252826753785,63.12645923298277,60.91616698734137,6.32,850
X_stgat,1,0.4,1,AdaptiveGCN,0.0,0.8175744414329529,1.0,lstm,gat,3,64,0.001,none,151,151,34,87992,672.546,6.7593,0,74.77243707304339,32.727968046034086,57.30544972919067,58.75042299896794,nan,2550
X_stgat,1,0.4,1,AdaptiveGCN,0.0,0.8175744414329529,1.0,lstm,gat,3,64,0.001,none,151,151,34,87992,672.546,6.7593,1,53.52674612327136,25.362690025287517,52.19136039729704,55.4876380739166,2.52,850
X_stgat,1,0.4,1,AdaptiveGCN,0.0,0.8175744414329529,1.0,lstm,gat,3,64,0.001,none,151,151,34,87992,672.546,6.7593,2,65.38377924877486,31.085347786230198,56.56719489872935,59.88364961334558,3.12,850
X_stgat,1,0.4,1,AdaptiveGCN,0.0,0.8175744414329529,1.0,lstm,gat,3,64,0.001,none,151,151,34,87992,672.546,6.7593,3,98.14581447076095,41.735866326584535,63.15779389154562,60.85647488324236,6.32,850
X_stgat,1,0.4,2,AdaptiveGCN,0.0,0.8175744414329529,1.0,lstm,gat,3,64,0.001,none,151,151,34,87992,435.187,5.5001,0,74.71478919193768,32.71643351617981,57.28064204906369,58.80405916833254,nan,2550
X_stgat,1,0.4,2,AdaptiveGCN,0.0,0.8175744414329529,1.0,lstm,gat,3,64,0.001,none,151,151,34,87992,435.187,5.5001,1,53.49434967469686,25.357543370863972,52.17468093388876,55.54617965313102,2.52,850
X_stgat,1,0.4,2,AdaptiveGCN,0.0,0.8175744414329529,1.0,lstm,gat,3,64,0.001,none,151,151,34,87992,435.187,5.5001,2,65.25365962075499,31.06145652343245,56.516939512201894,59.97200466626653,3.12,850
X_stgat,1,0.4,2,AdaptiveGCN,0.0,0.8175744414329529,1.0,lstm,gat,3,64,0.001,none,151,151,34,87992,435.187,5.5001,3,98.11836541120614,41.730300654243024,63.15030570110041,60.87065422536716,6.32,850
X_stgat,2,0.475,0,AdaptiveGCN,0.0,0.8175744414329529,1.0,lstm,gat,3,64,0.001,none,185,185,34,87992,689.616,31.087,0,128.89878529156636,46.50784361051114,44.64274592222237,56.582396666575306,nan,2550
X_stgat,2,0.475,0,AdaptiveGCN,0.0,0.8175744414329529,1.0,lstm,gat,3,64,0.001,none,185,185,34,87992,689.616,31.087,1,85.2224553475377,33.450438713873226,39.527854784056885,44.03223025110222,1.0,850
X_stgat,2,0.475,0,AdaptiveGCN,0.0,0.8175744414329529,1.0,lstm,gat,3,64,0.001,none,185,185,34,87992,689.616,31.087,2,127.78574090720903,47.92868448159274,43.22821052071606,54.697911325542314,2.0,850
X_stgat,2,0.475,0,AdaptiveGCN,0.0,0.8175744414329529,1.0,lstm,gat,3,64,0.001,none,185,185,34,87992,689.616,31.087,3,162.02662767044356,58.14440763606745,51.17217246189415,71.01704842308139,3.24,850
X_stgat,2,0.475,1,AdaptiveGCN,0.0,0.8175744414329529,1.0,lstm,gat,3,64,0.001,none,185,185,34,87992,272.257,3.3054,0,128.39525549251616,46.237700311833734,43.853741026570766,56.17180319764669,nan,2550
X_stgat,2,0.475,1,AdaptiveGCN,0.0,0.8175744414329529,1.0,lstm,gat,3,64,0.001,none,185,185,34,87992,272.257,3.3054,1,85.05132922361149,33.33647581934929,37.38598330937834,43.886208083827825,1.0,850
X_stgat,2,0.475,1,AdaptiveGCN,0.0,0.8175744414329529,1.0,lstm,gat,3,64,0.001,none,185,185,34,87992,272.257,3.3054,2,126.40330091283815,47.24223502790227,43.00687616574345,53.62948707001922,2.0,850
X_stgat,2,0.475,1,AdaptiveGCN,0.0,0.8175744414329529,1.0,lstm,gat,3,64,0.001,none,185,185,34,87992,272.257,3.3054,3,162.00154880309273,58.13439008824965,51.168363604590525,70.99971443909303,3.24,850
X_stgat,2,0.475,2,AdaptiveGCN,0.0,0.8175744414329529,1.0,lstm,gat,3,64,0.001,none,185,185,34,87992,347.156,4.6832,0,128.65811727386952,46.3927144009693,43.90098624055536,56.404704523434624,nan,2550
X_stgat,2,0.475,2,AdaptiveGCN,0.0,0.8175744414329529,1.0,lstm,gat,3,64,0.001,none,185,185,34,87992,347.156,4.6832,1,85.14306426803854,33.39768000581685,37.40065323033515,43.9635012898497,1.0,850
X_stgat,2,0.475,2,AdaptiveGCN,0.0,0.8175744414329529,1.0,lstm,gat,3,64,0.001,none,185,185,34,87992,347.156,4.6832,2,127.32484207488993,47.703863489066855,43.15595138907206,54.35097798654399,2.0,850
X_stgat,2,0.475,2,AdaptiveGCN,0.0,0.8175744414329529,1.0,lstm,gat,3,64,0.001,none,185,185,34,87992,347.156,4.6832,3,161.85727236989786,58.07659970802419,51.1463541022589,70.8996342939102,3.24,850
X_stgat,3,0.55,0,AdaptiveGCN,0.0,0.8175744414329529,1.0,lstm,gat,3,64,0.001,none,219,219,34,87992,438.117,5.4889,0,22.051829800383008,12.313535263809722,55.623810011182485,66.04569276841278,nan,2550
X_stgat,3,0.55,0,AdaptiveGCN,0.0,0.8175744414329529,1.0,lstm,gat,3,64,0.001,none,219,219,34,87992,438.117,5.4889,1,15.621635364701238,9.497403528269599,49.492807273817654,56.651059098423005,1.0,850
X_stgat,3,0.55,0,AdaptiveGCN,0.0,0.8175744414329529,1.0,lstm,gat,3,64,0.001,none,219,219,34,87992,438.117,5.4889,2,21.798837283640218,12.342320836622488,56.75893872508231,68.19402589191763,2.5833333333333335,850
X_stgat,3,0.55,0,AdaptiveGCN,0.0,0.8175744414329529,1.0,lstm,gat,3,64,0.001,none,219,219,34,87992,438.117,5.4889,3,27.19604372420505,15.10088142653708,60.619684034647456,73.31211536352703,3.5,850
X_stgat,3,0.55,1,AdaptiveGCN,0.0,0.8175744414329529,1.0,lstm,gat,3,64,0.001,none,219,219,34,87992,329.369,2.6274,0,22.06300471963509,12.29473817903978,55.80777029322503,65.86866786936396,nan,2550
X_stgat,3,0.55,1,AdaptiveGCN,0.0,0.8175744414329529,1.0,lstm,gat,3,64,0.001,none,219,219,34,87992,329.369,2.6274,1,15.631870997017748,9.504744907547181,50.276254412087965,56.7290794137541,1.0,850
X_stgat,3,0.55,1,AdaptiveGCN,0.0,0.8175744414329529,1.0,lstm,gat,3,64,0.001,none,219,219,34,87992,329.369,2.6274,2,21.595239747881173,12.167269866466523,56.512313212723974,66.41358227320879,2.5833333333333335,850
X_stgat,3,0.55,1,AdaptiveGCN,0.0,0.8175744414329529,1.0,lstm,gat,3,64,0.001,none,219,219,34,87992,329.369,2.6274,3,27.379166553057253,15.212199763105634,60.63474325486317,74.48478601122257,3.5,850
X_stgat,3,0.55,2,AdaptiveGCN,0.0,0.8175744414329529,1.0,lstm,gat,3,64,0.001,none,219,219,34,87992,143.828,2.296,0,22.124342978733313,12.388344887894048,55.95934880950666,66.73745850016074,nan,2550
X_stgat,3,0.55,2,AdaptiveGCN,0.0,0.8175744414329529,1.0,lstm,gat,3,64,0.001,none,219,219,34,87992,143.828,2.296,1,15.918770927778924,9.710227543433362,50.502825225817574,58.639513063956606,1.0,850
X_stgat,3,0.55,2,AdaptiveGCN,0.0,0.8175744414329529,1.0,lstm,gat,3,64,0.001,none,219,219,34,87992,143.828,2.296,2,21.824223246075874,12.36380907193648,56.75637200200937,68.38849890678831,2.5833333333333335,850
X_stgat,3,0.55,2,AdaptiveGCN,0.0,0.8175744414329529,1.0,lstm,gat,3,64,0.001,none,219,219,34,87992,143.828,2.296,3,27.180060128267193,15.090998048312304,60.618849200693056,73.20195101518568,3.5,850
X_stgat,4,0.625,0,AdaptiveGCN,0.0,0.8175744414329529,1.0,lstm,gat,3,64,0.001,none,253,253,34,87992,716.747,19.432,0,31.06988818904848,14.325925556397905,50.72105145605966,53.53015727326456,nan,2550
X_stgat,4,0.625,0,AdaptiveGCN,0.0,0.8175744414329529,1.0,lstm,gat,3,64,0.001,none,253,253,34,87992,716.747,19.432,1,26.466579202111532,12.444727866649627,49.10962526839683,52.53455151679156,2.0833333333333335,850
X_stgat,4,0.625,0,AdaptiveGCN,0.0,0.8175744414329529,1.0,lstm,gat,3,64,0.001,none,253,253,34,87992,716.747,19.432,2,29.249837678457016,13.838742000285317,49.69488968338367,53.31599569743094,2.75,850
X_stgat,4,0.625,0,AdaptiveGCN,0.0,0.8175744414329529,1.0,lstm,gat,3,64,0.001,none,253,253,34,87992,716.747,19.432,3,36.60575142463539,16.694306802258772,53.358639416398454,54.73992460557117,3.2916666666666665,850
X_stgat,4,0.625,1,AdaptiveGCN,0.0,0.8175744414329529,1.0,lstm,gat,3,64,0.001,none,253,253,34,87992,237.16,2.2445,0,31.089722980912246,14.326337882560843,50.74293563676102,53.45819455790058,nan,2550
X_stgat,4,0.625,1,AdaptiveGCN,0.0,0.8175744414329529,1.0,lstm,gat,3,64,0.001,none,253,253,34,87992,237.16,2.2445,1,26.464221877937863,12.446676363874884,49.08331912762132,52.64523583587163,2.0833333333333335,850
X_stgat,4,0.625,1,AdaptiveGCN,0.0,0.8175744414329529,1.0,lstm,gat,3,64,0.001,none,253,253,34,87992,237.16,2.2445,2,29.29132489422277,13.845181121195063,49.75988062426312,53.120408439676204,2.75,850
X_stgat,4,0.625,1,AdaptiveGCN,0.0,0.8175744414329529,1.0,lstm,gat,3,64,0.001,none,253,253,34,87992,237.16,2.2445,3,36.62479858546596,16.687156162612578,53.38560715839862,54.60893939815392,3.2916666666666665,850
X_stgat,4,0.625,2,AdaptiveGCN,0.0,0.8175744414329529,1.0,lstm,gat,3,64,0.001,none,253,253,34,87992,749.225,4.4728,0,31.08806103612912,14.323918808277915,50.74520213730233,53.435690507521706,nan,2550
X_stgat,4,0.625,2,AdaptiveGCN,0.0,0.8175744414329529,1.0,lstm,gat,3,64,0.001,none,253,253,34,87992,749.225,4.4728,1,26.46610827508014,12.445014210939407,49.10524586817744,52.55272452581208,2.0833333333333335,850
X_stgat,4,0.625,2,AdaptiveGCN,0.0,0.8175744414329529,1.0,lstm,gat,3,64,0.001,none,253,253,34,87992,749.225,4.4728,2,29.274432400857638,13.84243744317223,49.734018539348185,53.19763727517635,2.75,850
X_stgat,4,0.625,2,AdaptiveGCN,0.0,0.8175744414329529,1.0,lstm,gat,3,64,0.001,none,253,253,34,87992,749.225,4.4728,3,36.63270857222572,16.684304770722107,53.396342004381346,54.55670972157667,3.2916666666666665,850
X_stgat,5,0.7,0,AdaptiveGCN,0.0,0.8175744414329529,1.0,lstm,gat,3,64,0.001,none,287,287,34,87992,493.578,9.3362,0,53.708536488867786,28.81689265676573,43.74203317007819,58.11676150054741,nan,2550
X_stgat,5,0.7,0,AdaptiveGCN,0.0,0.8175744414329529,1.0,lstm,gat,3,64,0.001,none,287,287,34,87992,493.578,9.3362,1,39.167236632351404,21.22814672224662,36.34688805934411,41.376881662554204,1.0,850
X_stgat,5,0.7,0,AdaptiveGCN,0.0,0.8175744414329529,1.0,lstm,gat,3,64,0.001,none,287,287,34,87992,493.578,9.3362,2,52.503788819287074,28.759945068569746,42.549812687310904,53.552333891274664,1.96,850
X_stgat,5,0.7,0,AdaptiveGCN,0.0,0.8175744414329529,1.0,lstm,gat,3,64,0.001,none,287,287,34,87992,493.578,9.3362,3,66.05376907893465,36.46258617948083,52.329398763579526,79.70944094102896,2.875,850
X_stgat,5,0.7,1,AdaptiveGCN,0.0,0.8175744414329529,1.0,lstm,gat,3,64,0.001,none,287,287,34,87992,964.02,17.2923,0,53.80756852058581,28.871101181436988,43.75468385949904,58.25300719006453,nan,2550
X_stgat,5,0.7,1,AdaptiveGCN,0.0,0.8175744414329529,1.0,lstm,gat,3,64,0.001,none,287,287,34,87992,964.02,17.2923,1,39.090167092854635,21.174096417216692,36.330551869069936,41.19346181067496,1.0,850
X_stgat,5,0.7,1,AdaptiveGCN,0.0,0.8175744414329529,1.0,lstm,gat,3,64,0.001,none,287,287,34,87992,964.02,17.2923,2,52.58118832529668,28.814260854791193,42.56647945887054,53.68742042789475,1.96,850
X_stgat,5,0.7,1,AdaptiveGCN,0.0,0.8175744414329529,1.0,lstm,gat,3,64,0.001,none,287,287,34,87992,964.02,17.2923,3,66.27926343318099,36.62494627230308,52.36702025055662,80.17102701412428,2.875,850
X_stgat,5,0.7,2,AdaptiveGCN,0.0,0.8175744414329529,1.0,lstm,gat,3,64,0.001,none,287,287,34,87992,575.247,140.8143,0,53.711240589684294,28.81050143421865,43.73928181879245,58.08362210782001,nan,2550
X_stgat,5,0.7,2,AdaptiveGCN,0.0,0.8175744414329529,1.0,lstm,gat,3,64,0.001,none,287,287,34,87992,575.247,140.8143,1,39.072370246316076,21.161976511127808,36.32679564886457,41.14706154175642,1.0,850
X_stgat,5,0.7,2,AdaptiveGCN,0.0,0.8175744414329529,1.0,lstm,gat,3,64,0.001,none,287,287,34,87992,575.247,140.8143,2,52.520395950949734,28.771748242588604,42.55344322140094,53.58168798333146,1.96,850
X_stgat,5,0.7,2,AdaptiveGCN,0.0,0.8175744414329529,1.0,lstm,gat,3,64,0.001,none,287,287,34,87992,575.247,140.8143,3,66.10332812755426,36.49777954893953,52.33760658611184,79.81253878729291,2.875,850
X_stgat,6,0.775,0,AdaptiveGCN,0.0,0.8175744414329529,1.0,lstm,gat,3,64,0.001,none,321,321,34,87992,669.222,3.2559,0,10.581559079711779,5.299661039500406,82.06392417635567,85.48964931308028,nan,2550
X_stgat,6,0.775,0,AdaptiveGCN,0.0,0.8175744414329529,1.0,lstm,gat,3,64,0.001,none,321,321,34,87992,669.222,3.2559,1,8.678758038353685,4.555369486074675,98.9528958512465,74.0811999422139,2.2142857142857144,850
X_stgat,6,0.775,0,AdaptiveGCN,0.0,0.8175744414329529,1.0,lstm,gat,3,64,0.001,none,321,321,34,87992,669.222,3.2559,2,10.205112815756832,5.141951158186969,71.0830661699939,83.26429845479191,4.071428571428571,850
X_stgat,6,0.775,0,AdaptiveGCN,0.0,0.8175744414329529,1.0,lstm,gat,3,64,0.001,none,321,321,34,87992,669.222,3.2559,3,12.507717977380178,6.201662474239574,76.15581050782664,99.14502395356618,4.571428571428571,850
X_stgat,6,0.775,1,AdaptiveGCN,0.0,0.8175744414329529,1.0,lstm,gat,3,64,0.001,none,321,321,34,87992,158.056,4.2368,0,10.60624686702362,5.303592897910698,72.40470096758068,85.80323469112957,nan,2550
X_stgat,6,0.775,1,AdaptiveGCN,0.0,0.8175744414329529,1.0,lstm,gat,3,64,0.001,none,321,321,34,87992,158.056,4.2368,1,8.517324140571061,4.450434819810531,70.4879373618209,71.84557633087886,2.2142857142857144,850
X_stgat,6,0.775,1,AdaptiveGCN,0.0,0.8175744414329529,1.0,lstm,gat,3,64,0.001,none,321,321,34,87992,158.056,4.2368,2,10.353052768402252,5.224691198994131,70.68540467301119,85.73262853115371,4.0,850
X_stgat,6,0.775,1,AdaptiveGCN,0.0,0.8175744414329529,1.0,lstm,gat,3,64,0.001,none,321,321,34,87992,158.056,4.2368,3,12.559733503218489,6.235652674927431,76.04076086790992,99.87434090450445,4.571428571428571,850
X_stgat,6,0.775,2,AdaptiveGCN,0.0,0.8175744414329529,1.0,lstm,gat,3,64,0.001,none,321,321,34,87992,744.076,36.7929,0,10.603383313976355,5.300481833289651,72.41721035371394,85.71907889296423,nan,2550
X_stgat,6,0.775,2,AdaptiveGCN,0.0,0.8175744414329529,1.0,lstm,gat,3,64,0.001,none,321,321,34,87992,744.076,36.7929,1,8.482690085240812,4.430661274966072,70.5565185124667,71.39187416779768,2.2142857142857144,850
X_stgat,6,0.775,2,AdaptiveGCN,0.0,0.8175744414329529,1.0,lstm,gat,3,64,0.001,none,321,321,34,87992,744.076,36.7929,2,10.348210715352774,5.222313682612251,70.69611218616747,85.66433794205753,4.0,850
X_stgat,6,0.775,2,AdaptiveGCN,0.0,0.8175744414329529,1.0,lstm,gat,3,64,0.001,none,321,321,34,87992,744.076,36.7929,3,12.579893362733719,6.248470542290631,75.99900036250764,100.14511053128044,4.571428571428571,850
X_stgat,7,0.85,0,AdaptiveGCN,0.0,0.8175744414329529,1.0,lstm,gat,3,64,0.001,none,355,355,34,87992,416.967,5.211,0,92.06000061987434,22.171281059606404,84.78956246448698,425.9359444641103,nan,2550
X_stgat,7,0.85,0,AdaptiveGCN,0.0,0.8175744414329529,1.0,lstm,gat,3,64,0.001,none,355,355,34,87992,416.967,5.211,1,91.78769858820833,21.042326128693187,81.79366146485393,441.3121241017339,2.76,850
X_stgat,7,0.85,0,AdaptiveGCN,0.0,0.8175744414329529,1.0,lstm,gat,3,64,0.001,none,355,355,34,87992,416.967,5.211,2,92.10680060200394,22.1058486150994,86.32804689845746,342.3773908266467,3.52,850
X_stgat,7,0.85,0,AdaptiveGCN,0.0,0.8175744414329529,1.0,lstm,gat,3,64,0.001,none,355,355,34,87992,416.967,5.211,3,92.2848135563848,23.365668435026617,86.24697903014952,494.0102953334322,4.36,850
X_stgat,7,0.85,1,AdaptiveGCN,0.0,0.8175744414329529,1.0,lstm,gat,3,64,0.001,none,355,355,34,87992,684.442,18.6634,0,91.95692375788384,22.151713641531327,84.82489365700296,425.14491406237596,nan,2550
X_stgat,7,0.85,1,AdaptiveGCN,0.0,0.8175744414329529,1.0,lstm,gat,3,64,0.001,none,355,355,34,87992,684.442,18.6634,1,91.61789681961926,21.011519639071295,81.85432322977847,439.7110053300133,2.76,850
X_stgat,7,0.85,1,AdaptiveGCN,0.0,0.8175744414329529,1.0,lstm,gat,3,64,0.001,none,355,355,34,87992,684.442,18.6634,2,91.89825469847251,22.063670124657015,86.40698399386858,340.8525309748754,3.52,850
X_stgat,7,0.85,1,AdaptiveGCN,0.0,0.8175744414329529,1.0,lstm,gat,3,64,0.001,none,355,355,34,87992,684.442,18.6634,3,92.35312256098362,23.379951160865673,86.21337374736177,494.7540511656892,4.36,850
X_stgat,7,0.85,2,AdaptiveGCN,0.0,0.8175744414329529,1.0,lstm,gat,3,64,0.001,none,355,355,34,87992,750.762,22.7438,0,92.13832865412583,22.189310707835592,84.74774523867961,426.6679307212698,nan,2550
X_stgat,7,0.85,2,AdaptiveGCN,0.0,0.8175744414329529,1.0,lstm,gat,3,64,0.001,none,355,355,34,87992,750.762,22.7438,1,91.52690458286955,20.994970173905877,81.88694261053449,438.85085920676977,2.76,850
X_stgat,7,0.85,2,AdaptiveGCN,0.0,0.8175744414329529,1.0,lstm,gat,3,64,0.001,none,355,355,34,87992,750.762,22.7438,2,92.30970961422665,22.146719274030012,86.2516627250261,343.8549349880341,3.52,850
X_stgat,7,0.85,2,AdaptiveGCN,0.0,0.8175744414329529,1.0,lstm,gat,3,64,0.001,none,355,355,34,87992,750.762,22.7438,3,92.57514823073502,23.42624267557088,86.10463038047823,497.1644793246286,4.36,850
X_stgat,8,0.925,0,AdaptiveGCN,0.0,0.8175744414329529,1.0,lstm,gat,3,64,0.001,none,389,389,34,87992,418.108,7.082,0,26.628649476407123,10.911969937576966,71.20657620720034,91.2674327590132,nan,2550
X_stgat,8,0.925,0,AdaptiveGCN,0.0,0.8175744414329529,1.0,lstm,gat,3,64,0.001,none,389,389,34,87992,418.108,7.082,1,24.94965172299272,9.407778236515382,64.27186595081523,78.64183351843896,1.0,850
X_stgat,8,0.925,0,AdaptiveGCN,0.0,0.8175744414329529,1.0,lstm,gat,3,64,0.001,none,389,389,34,87992,418.108,7.082,2,26.395940769903557,10.729347398000606,70.79039695756447,90.69666737372924,1.9047619047619047,850
X_stgat,8,0.925,0,AdaptiveGCN,0.0,0.8175744414329529,1.0,lstm,gat,3,64,0.001,none,389,389,34,87992,418.108,7.082,3,28.425764872474083,12.598784178214915,78.55746571322138,104.37557930002961,4.0,850
X_stgat,8,0.925,1,AdaptiveGCN,0.0,0.8175744414329529,1.0,lstm,gat,3,64,0.001,none,389,389,34,87992,586.333,145.6066,0,26.69681959134358,10.925617642168906,71.09467728546588,91.59181210996704,nan,2550
X_stgat,8,0.925,1,AdaptiveGCN,0.0,0.8175744414329529,1.0,lstm,gat,3,64,0.001,none,389,389,34,87992,586.333,145.6066,1,25.096096590534852,9.427769358087989,63.99546113921451,79.26410362356643,1.0,850
X_stgat,8,0.925,1,AdaptiveGCN,0.0,0.8175744414329529,1.0,lstm,gat,3,64,0.001,none,389,389,34,87992,586.333,145.6066,2,26.3856191672859,10.727373182422975,70.80673791858649,90.64653721702054,1.9047619047619047,850
X_stgat,8,0.925,1,AdaptiveGCN,0.0,0.8175744414329529,1.0,lstm,gat,3,64,0.001,none,389,389,34,87992,586.333,145.6066,3,28.498167764888656,12.621710385995753,78.4818327985966,104.77707526195242,4.0,850
X_stgat,8,0.925,2,AdaptiveGCN,0.0,0.8175744414329529,1.0,lstm,gat,3,64,0.001,none,389,389,34,87992,771.673,4.5402,0,26.65752664300532,10.914603982135361,71.13970555643874,91.39346045939301,nan,2550
X_stgat,8,0.925,2,AdaptiveGCN,0.0,0.8175744414329529,1.0,lstm,gat,3,64,0.001,none,389,389,34,87992,771.673,4.5402,1,25.034099139991493,9.41922381422099,64.11072687040831,79.00299689119909,1.0,850
X_stgat,8,0.925,2,AdaptiveGCN,0.0,0.8175744414329529,1.0,lstm,gat,3,64,0.001,none,389,389,34,87992,771.673,4.5402,2,26.450074964342797,10.739644845233244,70.7052535990891,90.95814261559828,1.9047619047619047,850
X_stgat,8,0.925,2,AdaptiveGCN,0.0,0.8175744414329529,1.0,lstm,gat,3,64,0.001,none,389,389,34,87992,771.673,4.5402,3,28.382364150953652,12.58494328695185,78.60313619981883,104.13317619604516,4.0,850
persistence,1,0.4,0,Persistence,0.0,nan,0.0,none,none,3,0,0.0,none,0,0,34,0,0.0,0.0,0,73.5201586334673,32.512549019607846,56.92076398350993,59.570052410688376,nan,2550
persistence,1,0.4,0,Persistence,0.0,nan,0.0,none,none,3,0,0.0,none,0,0,34,0,0.0,0.0,1,53.27343450097254,25.331764705882353,52.04820153998707,56.003322914535744,2.52,850
persistence,1,0.4,0,Persistence,0.0,nan,0.0,none,none,3,0,0.0,none,0,0,34,0,0.0,0.0,2,64.20278535280868,30.863529411764706,56.09017636034833,60.756974553725954,3.12,850
persistence,1,0.4,0,Persistence,0.0,nan,0.0,none,none,3,0,0.0,none,0,0,34,0,0.0,0.0,3,96.20594943080367,41.34235294117647,62.62391405019437,61.923975434850654,6.32,850
persistence,2,0.475,0,Persistence,0.0,nan,0.0,none,none,3,0,0.0,none,0,0,34,0,0.0,0.0,0,129.58545670033845,46.742745098039215,44.023604399543075,56.97793978106264,nan,2550
persistence,2,0.475,0,Persistence,0.0,nan,0.0,none,none,3,0,0.0,none,0,0,34,0,0.0,0.0,1,85.1948562379899,33.43176470588235,37.408803898948875,44.00656892100401,1.0,850
persistence,2,0.475,0,Persistence,0.0,nan,0.0,none,none,3,0,0.0,none,0,0,34,0,0.0,0.0,2,128.20830476909327,48.129411764705885,43.2921151920175,55.00767482624587,2.0,850
persistence,2,0.475,0,Persistence,0.0,nan,0.0,none,none,3,0,0.0,none,0,0,34,0,0.0,0.0,3,163.34515243351854,58.66705882352941,51.36989410766286,71.91957559593801,3.24,850
persistence,3,0.55,0,Persistence,0.0,nan,0.0,none,none,3,0,0.0,none,0,0,34,0,0.0,0.0,0,21.993100522396457,12.27843137254902,55.149097501207876,65.67583110011772,nan,2550
persistence,3,0.55,0,Persistence,0.0,nan,0.0,none,none,3,0,0.0,none,0,0,34,0,0.0,0.0,1,15.631830271822261,9.50470588235294,49.48022300843049,56.72869017332414,1.0,850
persistence,3,0.55,0,Persistence,0.0,nan,0.0,none,none,3,0,0.0,none,0,0,34,0,0.0,0.0,2,21.750780919043695,12.298823529411765,56.29332570818066,67.80034117763428,2.5833333333333335,850
persistence,3,0.55,0,Persistence,0.0,nan,0.0,none,none,3,0,0.0,none,0,0,34,0,0.0,0.0,3,27.08576791470775,15.031764705882352,59.67374378701251,72.51753059724976,3.5,850
persistence,4,0.625,0,Persistence,0.0,nan,0.0,none,none,3,0,0.0,none,0,0,34,0,0.0,0.0,0,31.00985927973585,14.347058823529412,50.567734519365146,54.16594941393969,nan,2550
persistence,4,0.625,0,Persistence,0.0,nan,0.0,none,none,3,0,0.0,none,0,0,34,0,0.0,0.0,1,26.47040522812555,12.470588235294118,48.96059400899452,53.197712837648794,2.0833333333333335,850
persistence,4,0.625,0,Persistence,0.0,nan,0.0,none,none,3,0,0.0,none,0,0,34,0,0.0,0.0,2,29.16407943707061,13.828235294117647,49.53569569228292,53.80531561587003,2.75,850
persistence,4,0.625,0,Persistence,0.0,nan,0.0,none,none,3,0,0.0,none,0,0,34,0,0.0,0.0,3,36.51860122313172,16.74235294117647,53.20691385681802,55.49481978830029,3.2916666666666665,850
persistence,5,0.7,0,Persistence,0.0,nan,0.0,none,none,3,0,0.0,none,0,0,34,0,0.0,0.0,0,53.94683657519307,28.974901960784315,43.7844504351759,58.564547112253265,nan,2550
persistence,5,0.7,0,Persistence,0.0,nan,0.0,none,none,3,0,0.0,none,0,0,34,0,0.0,0.0,1,39.370577249275584,21.35058823529412,36.38352292948993,41.770220528229686,1.0,850
persistence,5,0.7,0,Persistence,0.0,nan,0.0,none,none,3,0,0.0,none,0,0,34,0,0.0,0.0,2,52.68707844713083,28.885882352941177,42.58830076596147,53.86556324112117,1.96,850
persistence,5,0.7,0,Persistence,0.0,nan,0.0,none,none,3,0,0.0,none,0,0,34,0,0.0,0.0,3,66.36876480074396,36.688235294117646,52.3815276100763,80.34854700052605,2.875,850
persistence,6,0.775,0,Persistence,0.0,nan,0.0,none,none,3,0,0.0,none,0,0,34,0,0.0,0.0,0,10.671291889374748,5.33764705882353,72.2814990501309,86.60236722438475,nan,2550
persistence,6,0.775,0,Persistence,0.0,nan,0.0,none,none,3,0,0.0,none,0,0,34,0,0.0,0.0,1,8.540078522851566,4.46235294117647,70.4466173025324,72.11903616673888,2.2142857142857144,850
persistence,6,0.775,0,Persistence,0.0,nan,0.0,none,none,3,0,0.0,none,0,0,34,0,0.0,0.0,2,10.430441872090503,5.26,70.52648951740231,86.74668301341792,4.0,850
persistence,6,0.775,0,Persistence,0.0,nan,0.0,none,none,3,0,0.0,none,0,0,34,0,0.0,0.0,3,12.645250212675764,6.290588235294118,75.87139033045803,100.98718702830196,4.571428571428571,850
persistence,7,0.85,0,Persistence,0.0,nan,0.0,none,none,3,0,0.0,none,0,0,34,0,0.0,0.0,0,93.21324066512288,22.40078431372549,84.30944525147098,436.62126157854016,nan,2550
persistence,7,0.85,0,Persistence,0.0,nan,0.0,none,none,3,0,0.0,none,0,0,34,0,0.0,0.0,1,92.48094239291873,21.167058823529413,81.54886467885923,447.7949590304546,2.76,850
persistence,7,0.85,0,Persistence,0.0,nan,0.0,none,none,3,0,0.0,none,0,0,34,0,0.0,0.0,2,93.27423198794605,22.341176470588234,85.89823639925514,350.80484888259724,3.52,850
persistence,7,0.85,0,Persistence,0.0,nan,0.0,none,none,3,0,0.0,none,0,0,34,0,0.0,0.0,3,93.87927165811857,23.694117647058825,85.48123467629857,511.11305237714254,4.36,850
persistence,8,0.925,0,Persistence,0.0,nan,0.0,none,none,3,0,0.0,none,0,0,34,0,0.0,0.0,0,26.986292816909845,10.992549019607843,70.71305272493106,92.99962474795123,nan,2550
persistence,8,0.925,0,Persistence,0.0,nan,0.0,none,none,3,0,0.0,none,0,0,34,0,0.0,0.0,1,25.22165269576683,9.444705882352942,63.76796952938193,79.78157289457334,1.0,850
persistence,8,0.925,0,Persistence,0.0,nan,0.0,none,none,3,0,0.0,none,0,0,34,0,0.0,0.0,2,26.738427953261663,10.795294117647058,70.27159713686022,92.31713755959544,1.9047619047619047,850
persistence,8,0.925,0,Persistence,0.0,nan,0.0,none,none,3,0,0.0,none,0,0,34,0,0.0,0.0,3,28.873945104234597,12.73764705882353,78.09959150855104,106.80745940760066,4.0,850
