label,fold,origin,seed,model,lambda_phys,gate_sigma,n_test_weeks,n_params,train_seconds,infer_ms_per_window,horizon,rmse,mae,smape,mape,peak_week_err,n_obs
adaptive,1,0.4,0,AdaptiveGCN,0.0,0.7877589464187622,34,7032,33.061,0.5738,0,92.75198405783877,37.38276134237507,60.84247561783912,58.76655757812378,nan,2550
adaptive,1,0.4,0,AdaptiveGCN,0.0,0.7877589464187622,34,7032,33.061,0.5738,1,55.210400944324704,25.936384048229904,53.47339728676263,56.18787598526922,2.56,850
adaptive,1,0.4,0,AdaptiveGCN,0.0,0.7877589464187622,34,7032,33.061,0.5738,2,78.66053535286336,35.207588105989956,60.262070103340136,60.31975739704857,3.12,850
adaptive,1,0.4,0,AdaptiveGCN,0.0,0.7877589464187622,34,7032,33.061,0.5738,3,128.73664375602064,51.00431187290534,68.79195946341457,59.77584688325888,6.12,850
adaptive,1,0.4,1,AdaptiveGCN,0.0,0.8055638670921326,34,7032,36.583,0.9746,0,91.90912870782495,37.3837908503169,60.80804610340419,60.10395369589002,nan,2550
adaptive,1,0.4,1,AdaptiveGCN,0.0,0.8055638670921326,34,7032,36.583,0.9746,1,56.58798054692682,26.456597256458856,55.12102743431569,58.581394458733804,3.04,850
adaptive,1,0.4,1,AdaptiveGCN,0.0,0.8055638670921326,34,7032,36.583,0.9746,2,90.01601572348045,38.109792934486315,60.76861462097085,61.923280932983836,3.72,850
adaptive,1,0.4,1,AdaptiveGCN,0.0,0.8055638670921326,34,7032,36.583,0.9746,3,118.4769226068324,47.58498236000552,66.53449625492604,59.80089798984747,6.76,850
adaptive,1,0.4,2,AdaptiveGCN,0.0,0.739835262298584,34,7032,19.91,0.4051,0,119.05058894117506,45.70389825673822,65.1535202227742,59.03948695473805,nan,2550
adaptive,1,0.4,2,AdaptiveGCN,0.0,0.739835262298584,34,7032,19.91,0.4051,1,84.82569533333226,34.08959542839624,57.495212054921176,54.91069830159084,3.96,850
adaptive,1,0.4,2,AdaptiveGCN,0.0,0.739835262298584,34,7032,19.91,0.4051,2,106.87349554257825,43.55827898971333,64.87049936766444,59.82086579530189,3.8,850
adaptive,1,0.4,2,AdaptiveGCN,0.0,0.739835262298584,34,7032,19.91,0.4051,3,154.6020230897678,59.463820352105095,73.09484924573702,62.35478384827624,8.64,850
adaptive,2,0.475,0,AdaptiveGCN,0.0,0.8029313683509827,34,7032,45.487,1.0746,0,121.39343425155337,43.47365714659289,43.1393509724548,51.811399989469386,nan,2550
adaptive,2,0.475,0,AdaptiveGCN,0.0,0.8029313683509827,34,7032,45.487,1.0746,1,107.28851044737618,38.08372628398938,38.06556235346553,44.112252093278045,1.24,850
adaptive,2,0.475,0,AdaptiveGCN,0.0,0.8029313683509827,34,7032,45.487,1.0746,2,122.63905789583667,45.04921813285252,42.496967161063466,51.235658220416305,2.04,850
adaptive,2,0.475,0,AdaptiveGCN,0.0,0.8029313683509827,34,7032,45.487,1.0746,3,132.88316162164227,47.28802702293677,48.855523402835374,60.08628965471382,4.04,850
adaptive,2,0.475,1,AdaptiveGCN,0.0,0.5437830090522766,34,7032,56.479,0.5054,0,153.4148147321086,49.20655297914244,46.610393004181994,53.13416453847808,nan,2550
adaptive,2,0.475,1,AdaptiveGCN,0.0,0.5437830090522766,34,7032,56.479,0.5054,1,109.2492617486692,39.15989143776105,40.806949358931064,43.292468519726,2.96,850
adaptive,2,0.475,1,AdaptiveGCN,0.0,0.5437830090522766,34,7032,56.479,0.5054,2,129.81184613584406,48.56653748580138,47.180538175089374,52.82233355192971,3.96,850
adaptive,2,0.475,1,AdaptiveGCN,0.0,0.5437830090522766,34,7032,56.479,0.5054,3,204.50378859091177,59.89323001386488,51.84369147852556,63.287691543778536,3.6,850
adaptive,2,0.475,2,AdaptiveGCN,0.0,0.5728679299354553,34,7032,129.647,0.7244,0,147.39690938624705,51.373466970584005,47.82826942036832,55.25413935956113,nan,2550
adaptive,2,0.475,2,AdaptiveGCN,0.0,0.5728679299354553,34,7032,129.647,0.7244,1,117.55424749556724,41.82880216928089,41.2417914762552,46.884421566640974,1.68,850
adaptive,2,0.475,2,AdaptiveGCN,0.0,0.5728679299354553,34,7032,129.647,0.7244,2,166.40913649551007,55.76817422161043,49.28828550540917,56.42770035396839,2.36,850
adaptive,2,0.475,2,AdaptiveGCN,0.0,0.5728679299354553,34,7032,129.647,0.7244,3,153.83934762089382,56.5234245208607,52.95473127944056,62.45029615807404,3.84,850
adaptive,3,0.55,0,AdaptiveGCN,0.0,0.47386959195137024,34,7032,83.821,1.7812,0,23.918154305669244,12.928801353886431,57.99689703575077,65.27560335718145,nan,2550
adaptive,3,0.55,0,AdaptiveGCN,0.0,0.47386959195137024,34,7032,83.821,1.7812,1,18.25297964774085,10.195643367004745,51.453935257203256,58.1107343508907,2.0,850
adaptive,3,0.55,0,AdaptiveGCN,0.0,0.47386959195137024,34,7032,83.821,1.7812,2,23.63559655752451,13.018390815012594,58.57166089861923,67.92254251892224,3.4583333333333335,850
adaptive,3,0.55,0,AdaptiveGCN,0.0,0.47386959195137024,34,7032,83.821,1.7812,3,28.712743260066713,15.572369879641954,63.96509495142985,69.80765992343741,4.208333333333333,850
adaptive,3,0.55,1,AdaptiveGCN,0.0,0.5767888426780701,34,7032,63.665,1.3398,0,21.560877250979306,12.09642908091205,56.50260707126652,62.93721969277924,nan,2550
adaptive,3,0.55,1,AdaptiveGCN,0.0,0.5767888426780701,34,7032,63.665,1.3398,1,16.608033584486698,9.700159503721139,50.69349042094784,54.52196774559657,1.375,850
adaptive,3,0.55,1,AdaptiveGCN,0.0,0.5767888426780701,34,7032,63.665,1.3398,2,22.24044559130394,12.445972184267251,57.879204138934085,65.02379939051039,3.25,850
adaptive,3,0.55,1,AdaptiveGCN,0.0,0.5767888426780701,34,7032,63.665,1.3398,3,24.98299589425179,14.143155554747757,60.935126653917635,69.28372014561242,4.083333333333333,850
adaptive,3,0.55,2,AdaptiveGCN,0.0,0.593041181564331,34,7032,67.063,1.697,0,20.894213961445374,11.594270078771538,55.74770819366122,60.130968398966345,nan,2550
adaptive,3,0.55,2,AdaptiveGCN,0.0,0.593041181564331,34,7032,67.063,1.697,1,16.267519593552194,9.422972129897817,50.33690454264268,53.58039647110966,1.7916666666666667,850
adaptive,3,0.55,2,AdaptiveGCN,0.0,0.593041181564331,34,7032,67.063,1.697,2,20.97146688061649,11.670161815616028,56.51778438155659,63.29746433539074,3.5416666666666665,850
adaptive,3,0.55,2,AdaptiveGCN,0.0,0.593041181564331,34,7032,67.063,1.697,3,24.602233930043376,13.689676290800767,60.38843565678441,63.52705726575451,4.625,850
adaptive,4,0.625,0,AdaptiveGCN,0.0,0.6214057207107544,34,7032,66.064,0.9882,0,30.687794067808255,14.283762986690682,52.24431863221044,56.85129597286355,nan,2550
adaptive,4,0.625,0,AdaptiveGCN,0.0,0.6214057207107544,34,7032,66.064,0.9882,1,27.102686512706,12.718473125420621,51.024711325009896,54.729513881270734,2.6666666666666665,850
adaptive,4,0.625,0,AdaptiveGCN,0.0,0.6214057207107544,34,7032,66.064,0.9882,2,28.32698309857879,13.578050359431106,51.43312535310947,57.038438105672995,3.3333333333333335,850
adaptive,4,0.625,0,AdaptiveGCN,0.0,0.6214057207107544,34,7032,66.064,0.9882,3,35.8921791839314,16.55476547522032,54.275119218511946,58.785935931646925,3.7916666666666665,850
adaptive,4,0.625,1,AdaptiveGCN,0.0,0.6802629232406616,34,7032,33.326,0.5021,0,30.716629022154642,14.398461031564603,51.816455942513706,58.83610603415157,nan,2550
adaptive,4,0.625,1,AdaptiveGCN,0.0,0.6802629232406616,34,7032,33.326,0.5021,1,27.516844642541045,13.257310108428491,51.150371475222734,59.83427055384016,3.25,850
adaptive,4,0.625,1,AdaptiveGCN,0.0,0.6802629232406616,34,7032,33.326,0.5021,2,28.727762810667535,13.934939029015162,51.568260930039436,60.2737481373306,4.041666666666667,850
adaptive,4,0.625,1,AdaptiveGCN,0.0,0.6802629232406616,34,7032,33.326,0.5021,3,35.32807382615569,16.003133957250153,52.73073542227894,56.400299411283974,4.291666666666667,850
adaptive,4,0.625,2,AdaptiveGCN,0.0,0.4469342529773712,34,7032,134.755,4.2503,0,34.104022475278555,15.903215124409318,53.436791161115785,61.44946846181518,nan,2550
adaptive,4,0.625,2,AdaptiveGCN,0.0,0.4469342529773712,34,7032,134.755,4.2503,1,29.089484070600356,13.650812274495907,51.21940502375417,58.20458464335948,2.875,850
adaptive,4,0.625,2,AdaptiveGCN,0.0,0.4469342529773712,34,7032,134.755,4.2503,2,31.545476979266756,15.156214843532071,52.934008276649394,60.07608441018337,3.4583333333333335,850
adaptive,4,0.625,2,AdaptiveGCN,0.0,0.4469342529773712,34,7032,134.755,4.2503,3,40.59480072176429,18.902618255199975,56.15696018294379,66.06773633190267,5.625,850
adaptive,5,0.7,0,AdaptiveGCN,0.0,0.6029998064041138,34,7032,36.164,0.5301,0,55.89418251089165,28.45487019975542,44.90738714368552,52.287615793872554,nan,2550
adaptive,5,0.7,0,AdaptiveGCN,0.0,0.6029998064041138,34,7032,36.164,0.5301,1,40.40121822392722,21.6896289402115,38.04550035562785,40.51858264031682,1.24,850
adaptive,5,0.7,0,AdaptiveGCN,0.0,0.6029998064041138,34,7032,36.164,0.5301,2,54.85418779286602,28.593037065828547,43.41393349143887,47.515919571936024,2.92,850
adaptive,5,0.7,0,AdaptiveGCN,0.0,0.6029998064041138,34,7032,36.164,0.5301,3,68.78399932608018,35.08194459322621,53.26272758398984,69.04909373618497,4.0,850
adaptive,5,0.7,1,AdaptiveGCN,0.0,0.6174805760383606,34,7032,36.657,0.9848,0,57.02958669392702,29.549444422305324,46.84824577875118,54.59883405520266,nan,2550
adaptive,5,0.7,1,AdaptiveGCN,0.0,0.6174805760383606,34,7032,36.657,0.9848,1,40.80796539437881,21.502524494093787,39.01376804002033,39.71024087775736,1.2,850
adaptive,5,0.7,1,AdaptiveGCN,0.0,0.6174805760383606,34,7032,36.657,0.9848,2,56.07710567537471,29.878217659193805,45.89699813151575,49.817580655339036,3.84,850
adaptive,5,0.7,1,AdaptiveGCN,0.0,0.6174805760383606,34,7032,36.657,0.9848,3,70.33625988694915,37.267591113628384,55.633971164717465,74.53347679838957,4.166666666666667,850
adaptive,5,0.7,2,AdaptiveGCN,0.0,0.5639709234237671,34,7032,96.234,1.653,0,59.04899383305783,29.506136275788624,46.538940391405944,52.51855837434858,nan,2550
adaptive,5,0.7,2,AdaptiveGCN,0.0,0.5639709234237671,34,7032,96.234,1.653,1,42.71596521696955,22.30111398888204,38.89762749045645,39.53150808378879,1.24,850
adaptive,5,0.7,2,AdaptiveGCN,0.0,0.5639709234237671,34,7032,96.234,1.653,2,58.093927907195955,29.737865655762967,45.228277064222645,47.56874448489279,3.16,850
adaptive,5,0.7,2,AdaptiveGCN,0.0,0.5639709234237671,34,7032,96.234,1.653,3,72.53132339883004,36.479429182720864,55.49091661953871,70.695378864481,3.9583333333333335,850
adaptive,6,0.775,0,AdaptiveGCN,0.0,0.7076786756515503,34,7032,81.98,1.1108,0,10.726723092988905,5.325487685016466,79.8447744706706,84.92495372948652,nan,2550
adaptive,6,0.775,0,AdaptiveGCN,0.0,0.7076786756515503,34,7032,81.98,1.1108,1,8.323372925725112,4.300127668878584,71.2435884996462,67.91351405517817,2.5714285714285716,850
adaptive,6,0.775,0,AdaptiveGCN,0.0,0.7076786756515503,34,7032,81.98,1.1108,2,10.506378866551833,5.2936373788822335,80.90138668894554,85.39401925232436,4.0,850
adaptive,6,0.775,0,AdaptiveGCN,0.0,0.7076786756515503,34,7032,81.98,1.1108,3,12.865660931050668,6.382698007288581,87.38934822342007,101.52298546458489,4.642857142857143,850
adaptive,6,0.775,1,AdaptiveGCN,0.0,0.5864567756652832,34,7032,75.978,0.4952,0,11.943697982492111,5.928852557173734,94.48569940439722,96.53688558402297,nan,2550
adaptive,6,0.775,1,AdaptiveGCN,0.0,0.5864567756652832,34,7032,75.978,0.4952,1,9.106817885412593,4.728744816117755,92.40333069413971,76.3383481899714,3.357142857142857,850
adaptive,6,0.775,1,AdaptiveGCN,0.0,0.5864567756652832,34,7032,75.978,0.4952,2,11.842266605617343,5.95938625916373,94.73181711559032,97.41725324050286,5.428571428571429,850
adaptive,6,0.775,1,AdaptiveGCN,0.0,0.5864567756652832,34,7032,75.978,0.4952,3,14.31021852154494,7.098426596239716,96.32195040346161,115.92314608967844,5.785714285714286,850
adaptive,6,0.775,2,AdaptiveGCN,0.0,0.785916268825531,34,7032,48.182,0.4895,0,10.629258759041331,5.321729518413606,86.77833933266135,86.24986996005741,nan,2550
adaptive,6,0.775,2,AdaptiveGCN,0.0,0.785916268825531,34,7032,48.182,0.4895,1,8.741284258969866,4.571524216887363,94.84299993455765,75.42442301588443,2.7857142857142856,850
adaptive,6,0.775,2,AdaptiveGCN,0.0,0.785916268825531,34,7032,48.182,0.4895,2,10.211438581168421,5.166365139064592,80.17130839662894,84.00382132836589,3.142857142857143,850
adaptive,6,0.775,2,AdaptiveGCN,0.0,0.785916268825531,34,7032,48.182,0.4895,3,12.580138985992217,6.227299199288861,85.32070966679747,99.3410038295058,4.571428571428571,850
adaptive,7,0.85,0,AdaptiveGCN,0.0,0.7578955292701721,34,7032,43.481,0.4919,0,88.26669474143176,21.403269400070542,88.52498488814705,394.5322996174686,nan,2550
adaptive,7,0.85,0,AdaptiveGCN,0.0,0.7578955292701721,34,7032,43.481,0.4919,1,89.88505388128699,20.74785000258531,85.62367344474984,424.9017413871093,2.76,850
adaptive,7,0.85,0,AdaptiveGCN,0.0,0.7578955292701721,34,7032,43.481,0.4919,2,87.44987475048461,21.114523795452723,86.93805038050624,310.13329040964067,3.52,850
adaptive,7,0.85,0,AdaptiveGCN,0.0,0.7578955292701721,34,7032,43.481,0.4919,3,87.44269378635349,22.34743440217359,93.013230839185,448.58123016128684,4.36,850
adaptive,7,0.85,1,AdaptiveGCN,0.0,0.7554380893707275,34,7032,46.203,0.8859,0,90.56114866584679,21.867779574227605,96.84265377721582,414.00629657585546,nan,2550
adaptive,7,0.85,1,AdaptiveGCN,0.0,0.7554380893707275,34,7032,46.203,0.8859,1,90.47505534816408,20.781197533764576,96.49795914462817,431.7780774333346,2.56,850
adaptive,7,0.85,1,AdaptiveGCN,0.0,0.7554380893707275,34,7032,46.203,0.8859,2,92.42705622331736,22.19333928154867,96.49201521567767,345.2799612358559,3.32,850
adaptive,7,0.85,1,AdaptiveGCN,0.0,0.7554380893707275,34,7032,46.203,0.8859,3,88.74383686020788,22.628801907369567,97.53798697134161,464.9163748887727,4.36,850
adaptive,7,0.85,2,AdaptiveGCN,0.0,0.663027822971344,34,7032,47.489,0.5454,0,85.5202218723249,20.94111081549928,95.57529080391004,372.13017178735106,nan,2550
adaptive,7,0.85,2,AdaptiveGCN,0.0,0.663027822971344,34,7032,47.489,0.5454,1,87.00518289862492,20.235932306140278,91.06051482561608,400.69272835248466,2.76,850
adaptive,7,0.85,2,AdaptiveGCN,0.0,0.663027822971344,34,7032,47.489,0.5454,2,85.48635792146067,20.8720545214933,96.14696414592572,299.63285514088227,3.32,850
adaptive,7,0.85,2,AdaptiveGCN,0.0,0.663027822971344,34,7032,47.489,0.5454,3,84.04347568595543,21.71534561886426,99.51839344018829,416.10299926565284,4.6,850
adaptive,8,0.925,0,AdaptiveGCN,0.0,0.40433433651924133,34,7032,256.496,3.7085,0,28.928614346385572,12.898392689304401,82.05306416474406,113.46816944406739,nan,2550
adaptive,8,0.925,0,AdaptiveGCN,0.0,0.40433433651924133,34,7032,256.496,3.7085,1,25.526253415384453,10.188620947327959,74.40890719171443,86.27809584548083,2.857142857142857,850
adaptive,8,0.925,0,AdaptiveGCN,0.0,0.40433433651924133,34,7032,256.496,3.7085,2,28.93964940471389,13.118216162447215,83.5246997043375,117.3759072903945,5.142857142857143,850
adaptive,8,0.925,0,AdaptiveGCN,0.0,0.40433433651924133,34,7032,256.496,3.7085,3,31.960933386112668,15.38834095813803,88.22558559818023,136.58148865965472,5.0476190476190474,850
adaptive,8,0.925,1,AdaptiveGCN,0.0,0.4943855106830597,34,7032,158.831,1.6604,0,28.014935602031482,12.028521938425781,81.53340033831078,101.30565030653922,nan,2550
adaptive,8,0.925,1,AdaptiveGCN,0.0,0.4943855106830597,34,7032,158.831,1.6604,1,26.238186948222726,10.459193469117231,77.8534940535275,88.14403552578207,2.9047619047619047,850
adaptive,8,0.925,1,AdaptiveGCN,0.0,0.4943855106830597,34,7032,158.831,1.6604,2,28.159664490698496,12.070229728974347,79.83050009022303,103.49492595138778,3.7142857142857144,850
adaptive,8,0.925,1,AdaptiveGCN,0.0,0.4943855106830597,34,7032,158.831,1.6604,3,29.548277306796106,13.556142617185765,86.91620687118179,112.19739046697939,5.857142857142857,850
adaptive,8,0.925,2,AdaptiveGCN,0.0,0.6529404520988464,34,7032,46.516,0.6235,0,27.57239964998521,11.110544825790207,76.76064454044455,93.46663254909576,nan,2550
adaptive,8,0.925,2,AdaptiveGCN,0.0,0.6529404520988464,34,7032,46.516,0.6235,1,25.404113618559926,9.563812319844796,70.86724317588927,80.29565761520556,2.1904761904761907,850
adaptive,8,0.925,2,AdaptiveGCN,0.0,0.6529404520988464,34,7032,46.516,0.6235,2,27.065120541116986,10.816024215553103,76.31840122256038,91.65637367983773,3.380952380952381,850
adaptive,8,0.925,2,AdaptiveGCN,0.0,0.6529404520988464,34,7032,46.516,0.6235,3,30.04699533606678,12.951797941972721,83.09628922288397,108.35087907159473,5.095238095238095,850
adaptive_d20,1,0.4,0,AdaptiveGCN,0.0,0.804765522480011,34,7532,28.031,0.972,0,91.9957744449613,37.04014101457238,60.20554706890092,57.99615883664116,nan,2550
adaptive_d20,1,0.4,0,AdaptiveGCN,0.0,0.804765522480011,34,7532,28.031,0.972,1,54.58827805173494,25.70056388236048,54.243538426850954,54.94480434602421,2.28,850
adaptive_d20,1,0.4,0,AdaptiveGCN,0.0,0.804765522480011,34,7532,28.031,0.972,2,81.42229104800045,35.878079020831436,59.521528034238436,59.08455896410133,3.16,850
adaptive_d20,1,0.4,0,AdaptiveGCN,0.0,0.804765522480011,34,7532,28.031,0.972,3,125.61925794648587,49.54178014052522,66.85157474561339,59.93723377893707,6.2,850
adaptive_d20,1,0.4,1,AdaptiveGCN,0.0,0.7593520283699036,34,7532,25.773,0.5407,0,121.06271079519816,46.331531475225425,65.45836631687703,58.62551190138553,nan,2550
adaptive_d20,1,0.4,1,AdaptiveGCN,0.0,0.7593520283699036,34,7532,25.773,0.5407,1,79.39273312918739,32.516594119947406,56.204623272928345,54.00694176814056,2.52,850
adaptive_d20,1,0.4,1,AdaptiveGCN,0.0,0.7593520283699036,34,7532,25.773,0.5407,2,112.81101126370844,45.92027203919585,65.892529146298,59.63315962296561,4.52,850
adaptive_d20,1,0.4,1,AdaptiveGCN,0.0,0.7593520283699036,34,7532,25.773,0.5407,3,157.92089633478668,60.557728266533026,74.27794653140475,62.200996528566776,8.32,850
adaptive_d20,1,0.4,2,AdaptiveGCN,0.0,0.7889962196350098,34,7532,31.1,0.9788,0,94.42955062826456,37.43336754399514,60.95728666843602,58.93762302553708,nan,2550
adaptive_d20,1,0.4,2,AdaptiveGCN,0.0,0.7889962196350098,34,7532,31.1,0.9788,1,57.307587672621466,26.540109423886477,54.77715322934738,56.30672724518292,2.6,850
adaptive_d20,1,0.4,2,AdaptiveGCN,0.0,0.7889962196350098,34,7532,31.1,0.9788,2,72.37222771568663,33.04787510952967,59.254768853319696,59.2253241396567,3.04,850
adaptive_d20,1,0.4,2,AdaptiveGCN,0.0,0.7889962196350098,34,7532,31.1,0.9788,3,135.01452198256877,52.71211809856927,68.83993792264098,61.2595925803809,6.84,850
adaptive_d20,2,0.475,0,AdaptiveGCN,0.0,0.5354201793670654,34,7532,49.764,0.7305,0,193.93775612318618,59.7498255393172,49.91009608646529,55.366172565995775,nan,2550
adaptive_d20,2,0.475,0,AdaptiveGCN,0.0,0.5354201793670654,34,7532,49.764,0.7305,1,219.3145856426929,62.64033188776058,44.74798657755879,53.38596542009593,2.32,850
adaptive_d20,2,0.475,0,AdaptiveGCN,0.0,0.5354201793670654,34,7532,49.764,0.7305,2,191.50743638983263,61.96607086469145,51.197084946843916,56.35833132391238,3.4,850
adaptive_d20,2,0.475,0,AdaptiveGCN,0.0,0.5354201793670654,34,7532,49.764,0.7305,3,167.5158920283608,54.64307386549957,53.78521673499315,56.35422095397903,5.28,850
adaptive_d20,2,0.475,1,AdaptiveGCN,0.0,0.5197984576225281,34,7532,39.939,0.6528,0,173.60301630017406,60.21215223397375,51.45386323344682,57.40946842922152,nan,2550
adaptive_d20,2,0.475,1,AdaptiveGCN,0.0,0.5197984576225281,34,7532,39.939,0.6528,1,144.67769792519536,48.803414827024234,43.23291643749032,45.72558882712846,4.32,850
adaptive_d20,2,0.475,1,AdaptiveGCN,0.0,0.5197984576225281,34,7532,39.939,0.6528,2,195.0677817245985,69.21597022195785,54.032389964911644,61.876486950077734,5.12,850
adaptive_d20,2,0.475,1,AdaptiveGCN,0.0,0.5197984576225281,34,7532,39.939,0.6528,3,177.2877493276561,62.61707165293916,57.0962832979385,64.62632951045835,5.56,850
adaptive_d20,2,0.475,2,AdaptiveGCN,0.0,0.7996154427528381,34,7532,36.084,0.8361,0,125.979059370453,41.94099236587455,43.13318585004497,48.227860043297355,nan,2550
adaptive_d20,2,0.475,2,AdaptiveGCN,0.0,0.7996154427528381,34,7532,36.084,0.8361,1,88.7276097359602,32.70466481786632,38.020493451502034,41.060809798473855,1.76,850
adaptive_d20,2,0.475,2,AdaptiveGCN,0.0,0.7996154427528381,34,7532,36.084,0.8361,2,126.54453229306601,45.240576425019434,42.85609439119561,49.22425406472997,2.72,850
adaptive_d20,2,0.475,2,AdaptiveGCN,0.0,0.7996154427528381,34,7532,36.084,0.8361,3,154.03266801839368,47.8777358547379,48.522969707437234,54.39851626668823,5.04,850
adaptive_d20,3,0.55,0,AdaptiveGCN,0.0,0.4964085817337036,34,7532,56.502,2.9987,0,22.8751970914897,12.526958352660067,57.64598015206255,65.36887768732691,nan,2550
adaptive_d20,3,0.55,0,AdaptiveGCN,0.0,0.4964085817337036,34,7532,56.502,2.9987,1,18.098609457453104,10.185004774529268,51.628922412481096,60.1084520289543,2.1666666666666665,850
adaptive_d20,3,0.55,0,AdaptiveGCN,0.0,0.4964085817337036,34,7532,56.502,2.9987,2,23.24199164318195,12.547748687234433,58.36170715151714,66.15978415000147,4.416666666666667,850
adaptive_d20,3,0.55,0,AdaptiveGCN,0.0,0.4964085817337036,34,7532,56.502,2.9987,3,26.496680661704513,14.848121596216497,62.94731089218939,69.85016223351363,4.875,850
adaptive_d20,3,0.55,1,AdaptiveGCN,0.0,0.6853299736976624,34,7532,25.12,0.4875,0,21.46683536993919,12.03890036200794,56.14102711204683,63.79175084841183,nan,2550
adaptive_d20,3,0.55,1,AdaptiveGCN,0.0,0.6853299736976624,34,7532,25.12,0.4875,1,15.98305299023138,9.631745997717166,50.36407658177426,57.52585613116863,1.2916666666666667,850
adaptive_d20,3,0.55,1,AdaptiveGCN,0.0,0.6853299736976624,34,7532,25.12,0.4875,2,20.947419844861717,11.760834126317436,56.042760147065664,64.87002841860749,3.25,850
adaptive_d20,3,0.55,1,AdaptiveGCN,0.0,0.6853299736976624,34,7532,25.12,0.4875,3,26.233998577318822,14.724120961989222,62.01624460730055,68.99321746567014,4.166666666666667,850
adaptive_d20,3,0.55,2,AdaptiveGCN,0.0,0.7954209446907043,34,7532,44.145,0.8917,0,22.412953528997566,12.515846881053031,56.165752440477334,67.2199943217635,nan,2550
adaptive_d20,3,0.55,2,AdaptiveGCN,0.0,0.7954209446907043,34,7532,44.145,0.8917,1,15.811878306671248,9.564706647965426,50.59281709057076,56.981289481157596,1.0833333333333333,850
adaptive_d20,3,0.55,2,AdaptiveGCN,0.0,0.7954209446907043,34,7532,44.145,0.8917,2,21.48524942135517,12.318445590381469,56.43672477335041,69.40426945091819,3.0416666666666665,850
adaptive_d20,3,0.55,2,AdaptiveGCN,0.0,0.7954209446907043,34,7532,44.145,0.8917,3,28.202659792937787,15.664388404812199,61.467715457510806,75.29654390570813,3.875,850
adaptive_d20,4,0.625,0,AdaptiveGCN,0.0,0.6088387370109558,34,7532,80.674,1.8228,0,31.60197394836565,14.56688282549687,51.76238043836623,56.24795102069871,nan,2550
adaptive_d20,4,0.625,0,AdaptiveGCN,0.0,0.6088387370109558,34,7532,80.674,1.8228,1,27.424639077504814,12.76206386984819,49.779684842473706,53.927827301468554,3.5833333333333335,850
adaptive_d20,4,0.625,0,AdaptiveGCN,0.0,0.6088387370109558,34,7532,80.674,1.8228,2,29.89876326994368,14.081002872711569,50.964229242414746,56.276776721627485,4.625,850
adaptive_d20,4,0.625,0,AdaptiveGCN,0.0,0.6088387370109558,34,7532,80.674,1.8228,3,36.742446825109596,16.857581733930857,54.543227230210235,58.53924903900006,5.041666666666667,850
adaptive_d20,4,0.625,1,AdaptiveGCN,0.0,0.6785829067230225,34,7532,67.88,0.8905,0,31.028405200012806,14.355588240296964,52.39659774556347,57.44996200646633,nan,2550
adaptive_d20,4,0.625,1,AdaptiveGCN,0.0,0.6785829067230225,34,7532,67.88,0.8905,1,27.14208183808677,12.73646999507485,50.880424812992494,56.336768108422234,2.5,850
adaptive_d20,4,0.625,1,AdaptiveGCN,0.0,0.6785829067230225,34,7532,67.88,0.8905,2,29.178145419742023,13.77963774731054,51.8688496957535,56.9015155664457,3.2916666666666665,850
adaptive_d20,4,0.625,1,AdaptiveGCN,0.0,0.6785829067230225,34,7532,67.88,0.8905,3,36.05868842772202,16.5506569785055,54.44051872794443,59.11160234453101,3.75,850
adaptive_d20,4,0.625,2,AdaptiveGCN,0.0,0.46200281381607056,34,7532,47.481,0.7734,0,33.70856121304726,15.736019258646696,53.099151410527,59.423884095185805,nan,2550
adaptive_d20,4,0.625,2,AdaptiveGCN,0.0,0.46200281381607056,34,7532,47.481,0.7734,1,28.783801482783172,13.551867912994588,50.78299021735351,56.91429071565908,2.5416666666666665,850
adaptive_d20,4,0.625,2,AdaptiveGCN,0.0,0.46200281381607056,34,7532,47.481,0.7734,2,31.46767956060019,15.110372815712848,51.378042448337915,58.215380645261604,4.208333333333333,850
adaptive_d20,4,0.625,2,AdaptiveGCN,0.0,0.46200281381607056,34,7532,47.481,0.7734,3,39.87579732660374,18.545817047232653,57.136421565889584,63.141980924636734,4.916666666666667,850
adaptive_d20,5,0.7,0,AdaptiveGCN,0.0,0.5089855194091797,34,7532,43.657,0.678,0,60.250091480779496,30.505046535322407,47.25974109836935,54.41285785971355,nan,2550
adaptive_d20,5,0.7,0,AdaptiveGCN,0.0,0.5089855194091797,34,7532,43.657,0.678,1,44.63705236359958,22.718524558570454,39.0423737984895,39.520812039163765,1.4,850
adaptive_d20,5,0.7,0,AdaptiveGCN,0.0,0.5089855194091797,34,7532,43.657,0.678,2,60.64729386801373,31.716677998222192,47.62605536951598,51.59185580757642,3.4,850
adaptive_d20,5,0.7,0,AdaptiveGCN,0.0,0.5089855194091797,34,7532,43.657,0.678,3,72.24721360096144,37.079937049174575,55.110794127102544,72.36816120294503,4.333333333333333,850
adaptive_d20,5,0.7,1,AdaptiveGCN,0.0,0.54443359375,34,7532,54.814,2.5999,0,59.50483109949185,30.1936601056437,47.02415591205729,53.35635666598015,nan,2550
adaptive_d20,5,0.7,1,AdaptiveGCN,0.0,0.54443359375,34,7532,54.814,2.5999,1,42.441044771582476,22.36944219678668,39.30743674814525,40.47242077341152,1.4,850
adaptive_d20,5,0.7,1,AdaptiveGCN,0.0,0.54443359375,34,7532,54.814,2.5999,2,59.931780114622356,31.294856987071825,46.889507218231365,49.33598142854556,3.44,850
adaptive_d20,5,0.7,1,AdaptiveGCN,0.0,0.54443359375,34,7532,54.814,2.5999,3,72.31468885037292,36.91668113307261,54.87552376979529,70.48846122998488,4.25,850
adaptive_d20,5,0.7,2,AdaptiveGCN,0.0,0.5305445790290833,34,7532,42.381,0.5414,0,56.967229966629006,28.863723558359506,45.62517903298066,52.387804947664975,nan,2550
adaptive_d20,5,0.7,2,AdaptiveGCN,0.0,0.5305445790290833,34,7532,42.381,0.5414,1,41.92309479747367,21.766029737705693,38.32691159632777,38.900205399779416,2.2,850
adaptive_d20,5,0.7,2,AdaptiveGCN,0.0,0.5305445790290833,34,7532,42.381,0.5414,2,56.64951522671078,29.33777028894819,44.343341348811144,47.80920949311664,3.6,850
adaptive_d20,5,0.7,2,AdaptiveGCN,0.0,0.5305445790290833,34,7532,42.381,0.5414,3,69.05854340625119,35.48737064842464,54.20528415380307,70.69672844448768,4.416666666666667,850
adaptive_d20,6,0.775,0,AdaptiveGCN,0.0,0.7022696733474731,34,7532,83.619,0.8556,0,11.524454582494013,5.788367251484893,94.69154382771234,97.12958699255861,nan,2550
adaptive_d20,6,0.775,0,AdaptiveGCN,0.0,0.7022696733474731,34,7532,83.619,0.8556,1,8.791712065800098,4.598511101825536,86.46702889814519,74.23934214020927,4.642857142857143,850
adaptive_d20,6,0.775,0,AdaptiveGCN,0.0,0.7022696733474731,34,7532,83.619,0.8556,2,11.326287653990738,5.741208113706055,97.70267994195399,98.55070330196224,5.5,850
adaptive_d20,6,0.775,0,AdaptiveGCN,0.0,0.7022696733474731,34,7532,83.619,0.8556,3,13.88741038505825,7.02538253892309,99.90492264303778,118.67850616332186,6.0,850
adaptive_d20,6,0.775,1,AdaptiveGCN,0.0,0.7851680517196655,34,7532,76.432,1.0456,0,10.560991433657684,5.292527373207913,81.85681375646043,85.11861880751722,nan,2550
adaptive_d20,6,0.775,1,AdaptiveGCN,0.0,0.7851680517196655,34,7532,76.432,1.0456,1,8.550210887330916,4.465421625441334,79.7783150641287,71.76942241280061,2.2142857142857144,850
adaptive_d20,6,0.775,1,AdaptiveGCN,0.0,0.7851680517196655,34,7532,76.432,1.0456,2,10.103831929515778,5.103043342811493,72.39665582682116,82.40259441000872,5.428571428571429,850
adaptive_d20,6,0.775,1,AdaptiveGCN,0.0,0.7851680517196655,34,7532,76.432,1.0456,3,12.625771038144096,6.309117151370913,93.3954703784314,101.20838889462516,6.0,850
adaptive_d20,6,0.775,2,AdaptiveGCN,0.0,0.5820589661598206,34,7532,44.843,0.68,0,12.022820219142654,5.974797721244369,96.08172976295569,97.32520737486172,nan,2550
adaptive_d20,6,0.775,2,AdaptiveGCN,0.0,0.5820589661598206,34,7532,44.843,0.68,1,9.316406223618083,4.745333191546584,89.0888991939206,76.58530221817092,2.5,850
adaptive_d20,6,0.775,2,AdaptiveGCN,0.0,0.5820589661598206,34,7532,44.843,0.68,2,11.890538407734367,5.963510076202348,96.75599447911158,98.20648663598492,4.785714285714286,850
adaptive_d20,6,0.775,2,AdaptiveGCN,0.0,0.5820589661598206,34,7532,44.843,0.68,3,14.334025586561522,7.215549895984175,102.4002956158349,117.25360835160437,5.0,850
adaptive_d20,7,0.85,0,AdaptiveGCN,0.0,0.7890909314155579,34,7532,45.154,0.5088,0,90.61706124422808,21.879015076349248,92.5387739418133,416.1094763207525,nan,2550
adaptive_d20,7,0.85,0,AdaptiveGCN,0.0,0.7890909314155579,34,7532,45.154,0.5088,1,91.96694202359839,21.04737126813406,93.27735734160434,444.2539623537101,2.56,850
adaptive_d20,7,0.85,0,AdaptiveGCN,0.0,0.7890909314155579,34,7532,45.154,0.5088,2,89.1531138704627,21.535201793163022,94.37572790427906,325.06273384070295,3.32,850
adaptive_d20,7,0.85,0,AdaptiveGCN,0.0,0.7890909314155579,34,7532,45.154,0.5088,3,90.7092014497369,23.054472167750664,89.96323657955651,478.9926468100343,4.36,850
adaptive_d20,7,0.85,1,AdaptiveGCN,0.0,0.784436821937561,34,7532,35.565,0.4804,0,91.15456304606445,21.967196392092173,96.13585957723012,421.6891224190645,nan,2550
adaptive_d20,7,0.85,1,AdaptiveGCN,0.0,0.784436821937561,34,7532,35.565,0.4804,1,90.29123214512357,20.792570166546195,98.5287974504304,432.0416559351096,2.76,850
adaptive_d20,7,0.85,1,AdaptiveGCN,0.0,0.784436821937561,34,7532,35.565,0.4804,2,91.59166209276347,21.93067565643424,93.7666643307771,341.78956131069754,3.32,850
adaptive_d20,7,0.85,1,AdaptiveGCN,0.0,0.784436821937561,34,7532,35.565,0.4804,3,91.57469041802574,23.178343353296086,96.11211695048286,491.0951919722515,4.36,850
adaptive_d20,7,0.85,2,AdaptiveGCN,0.0,0.6919445991516113,34,7532,105.905,0.869,0,90.33763917561983,21.879057082169172,95.32289587793443,416.16932169474603,nan,2550
adaptive_d20,7,0.85,2,AdaptiveGCN,0.0,0.6919445991516113,34,7532,105.905,0.869,1,89.55186663128381,20.659832916272126,87.60558263741609,423.03226954425634,2.76,850
adaptive_d20,7,0.85,2,AdaptiveGCN,0.0,0.6919445991516113,34,7532,105.905,0.869,2,89.53790206489185,21.6714575805815,96.85703835618365,326.44548813039,3.52,850
adaptive_d20,7,0.85,2,AdaptiveGCN,0.0,0.6919445991516113,34,7532,105.905,0.869,3,91.9026356104331,23.305880749653888,101.50606664020351,498.83068362888235,4.36,850
adaptive_d20,8,0.925,0,AdaptiveGCN,0.0,0.5867602229118347,34,7532,129.534,0.5866,0,26.846246002671208,10.875015010595249,76.35524855751895,89.1563050190371,nan,2550
adaptive_d20,8,0.925,0,AdaptiveGCN,0.0,0.5867602229118347,34,7532,129.534,0.5866,1,25.171767625783716,9.463620651961469,70.10014437117565,79.18252847599031,2.380952380952381,850
adaptive_d20,8,0.925,0,AdaptiveGCN,0.0,0.5867602229118347,34,7532,129.534,0.5866,2,26.356352607865198,10.710422412256765,76.00295025064388,88.67620841997014,3.3333333333333335,850
adaptive_d20,8,0.925,0,AdaptiveGCN,0.0,0.5867602229118347,34,7532,129.534,0.5866,3,28.877111439879915,12.451001967567512,82.9626510507373,99.54036976317477,5.285714285714286,850
adaptive_d20,8,0.925,1,AdaptiveGCN,0.0,0.583328902721405,34,7532,48.9,0.5031,0,27.302878422761292,11.177900858643515,79.49085277110672,95.49136183380243,nan,2550
adaptive_d20,8,0.925,1,AdaptiveGCN,0.0,0.583328902721405,34,7532,48.9,0.5031,1,25.283082578134746,9.614207336054019,74.48814922108345,81.27974757559076,2.3333333333333335,850
adaptive_d20,8,0.925,1,AdaptiveGCN,0.0,0.583328902721405,34,7532,48.9,0.5031,2,26.31707061003264,10.900015586570987,77.98101864005488,93.62030411087859,3.1904761904761907,850
adaptive_d20,8,0.925,1,AdaptiveGCN,0.0,0.583328902721405,34,7532,48.9,0.5031,3,30.07522303089419,13.019479653305538,86.00339045218182,111.46971919662522,5.095238095238095,850
adaptive_d20,8,0.925,2,AdaptiveGCN,0.0,0.5390070676803589,34,7532,106.511,0.5927,0,27.140339156229793,11.196251953708114,79.47179620344454,92.52010580192902,nan,2550
adaptive_d20,8,0.925,2,AdaptiveGCN,0.0,0.5390070676803589,34,7532,106.511,0.5927,1,24.8002422887919,9.539674447326757,71.39082151714322,78.843157903875,2.761904761904762,850
adaptive_d20,8,0.925,2,AdaptiveGCN,0.0,0.5390070676803589,34,7532,106.511,0.5927,2,26.712058740915555,11.055014491161428,79.10932840949688,93.14714504962964,3.5714285714285716,850
adaptive_d20,8,0.925,2,AdaptiveGCN,0.0,0.5390070676803589,34,7532,106.511,0.5927,3,29.68514660204048,12.994066922636154,87.91523868369347,105.47953333425907,5.095238095238095,850
adaptive_d4,1,0.4,0,AdaptiveGCN,0.0,0.7867593765258789,34,6732,27.332,0.8919,0,122.24390727607366,46.119736167681495,65.38423639520639,59.92915190666225,nan,2550
adaptive_d4,1,0.4,0,AdaptiveGCN,0.0,0.7867593765258789,34,6732,27.332,0.8919,1,77.64566603781944,31.733646640452722,56.6718691881577,55.95641242835416,3.16,850
adaptive_d4,1,0.4,0,AdaptiveGCN,0.0,0.7867593765258789,34,6732,27.332,0.8919,2,112.39740290603217,44.960555952655916,64.81793379598409,61.063821362525175,5.04,850
adaptive_d4,1,0.4,0,AdaptiveGCN,0.0,0.7867593765258789,34,6732,27.332,0.8919,3,161.76740389796197,61.66500590993584,74.66290620147737,62.73771144787334,9.32,850
adaptive_d4,1,0.4,1,AdaptiveGCN,0.0,0.7761462926864624,34,6732,26.629,0.8642,0,102.78271956327954,40.47918262943164,61.358461523342726,58.12289973861121,nan,2550
adaptive_d4,1,0.4,1,AdaptiveGCN,0.0,0.7761462926864624,34,6732,26.629,0.8642,1,61.4954084335108,27.48311953198973,53.31892815925907,53.97254285100954,2.44,850
adaptive_d4,1,0.4,1,AdaptiveGCN,0.0,0.7761462926864624,34,6732,26.629,0.8642,2,103.46326925278433,42.15818941812305,62.129407335781,60.46276302489416,4.68,850
adaptive_d4,1,0.4,1,AdaptiveGCN,0.0,0.7761462926864624,34,6732,26.629,0.8642,3,131.17365962567658,51.79623893818216,68.6270490749881,59.906751370940384,6.24,850
adaptive_d4,1,0.4,2,AdaptiveGCN,0.0,0.7701802849769592,34,6732,26.98,0.4957,0,102.80756558270318,40.95233066897707,61.867516249330066,57.8308978898504,nan,2550
adaptive_d4,1,0.4,2,AdaptiveGCN,0.0,0.7701802849769592,34,6732,26.98,0.4957,1,75.78337016484575,31.236251600701223,55.164567482619745,54.0457248691817,2.64,850
adaptive_d4,1,0.4,2,AdaptiveGCN,0.0,0.7701802849769592,34,6732,26.98,0.4957,2,93.45729780926524,39.9813896307278,62.15807649257804,59.17024774892589,3.28,850
adaptive_d4,1,0.4,2,AdaptiveGCN,0.0,0.7701802849769592,34,6732,26.98,0.4957,3,131.26614535276684,51.63935077550219,68.27990477279243,60.249540686791306,6.84,850
adaptive_d4,2,0.475,0,AdaptiveGCN,0.0,0.5874276757240295,34,6732,96.445,0.5765,0,160.9557188645142,55.571165236577976,49.028570247543975,58.7999171185675,nan,2550
adaptive_d4,2,0.475,0,AdaptiveGCN,0.0,0.5874276757240295,34,6732,96.445,0.5765,1,125.17290656115355,43.552543551234855,41.80247965517137,47.03868026557993,4.4,850
adaptive_d4,2,0.475,0,AdaptiveGCN,0.0,0.5874276757240295,34,6732,96.445,0.5765,2,173.5601940614342,57.008456840760566,50.49046090457788,53.6788902138938,4.72,850
adaptive_d4,2,0.475,0,AdaptiveGCN,0.0,0.5874276757240295,34,6732,96.445,0.5765,3,178.68640912494618,66.1524953177385,54.79277018288269,75.68218087622877,4.24,850
adaptive_d4,2,0.475,1,AdaptiveGCN,0.0,0.5513677597045898,34,6732,61.684,0.7087,0,401.5471616516741,78.6842717903794,48.8816882455002,62.681587480703506,nan,2550
adaptive_d4,2,0.475,1,AdaptiveGCN,0.0,0.5513677597045898,34,6732,61.684,0.7087,1,176.6078672500803,56.870441718311874,42.94346790626069,50.775982364203955,1.88,850
adaptive_d4,2,0.475,1,AdaptiveGCN,0.0,0.5513677597045898,34,6732,61.684,0.7087,2,125.0179766832325,43.25446296258008,44.798385279300604,50.187303893701554,2.44,850
adaptive_d4,2,0.475,1,AdaptiveGCN,0.0,0.5513677597045898,34,6732,61.684,0.7087,3,660.9845201084181,135.92791069024625,58.903211550939304,87.08147618420503,3.88,850
adaptive_d4,2,0.475,2,AdaptiveGCN,0.0,0.5738013386726379,34,6732,110.752,2.8314,0,156.81277269449348,51.104879269354484,46.1891540572515,54.23580636393211,nan,2550
adaptive_d4,2,0.475,2,AdaptiveGCN,0.0,0.5738013386726379,34,6732,110.752,2.8314,1,114.92252196970237,38.84683748965316,38.91857148010177,44.40731049159193,2.4,850
adaptive_d4,2,0.475,2,AdaptiveGCN,0.0,0.5738013386726379,34,6732,110.752,2.8314,2,154.13066781782015,54.39602656836457,47.09954222075817,56.46455430079788,3.56,850
adaptive_d4,2,0.475,2,AdaptiveGCN,0.0,0.5738013386726379,34,6732,110.752,2.8314,3,191.85225623526216,60.07177375004572,52.549348470894564,61.835554299406546,2.56,850
adaptive_d4,3,0.55,0,AdaptiveGCN,0.0,0.8011453747749329,34,6732,39.106,0.9225,0,22.890677614032622,12.713066379135798,56.531149670153404,67.31266951350221,nan,2550
adaptive_d4,3,0.55,0,AdaptiveGCN,0.0,0.8011453747749329,34,6732,39.106,0.9225,1,17.1366312146212,10.15586333304534,50.990520642744194,60.293021786554505,1.125,850
adaptive_d4,3,0.55,0,AdaptiveGCN,0.0,0.8011453747749329,34,6732,39.106,0.9225,2,21.44332889560438,12.204140773124116,56.407594320834974,67.73273431259337,2.8333333333333335,850
adaptive_d4,3,0.55,0,AdaptiveGCN,0.0,0.8011453747749329,34,6732,39.106,0.9225,3,28.608895144303133,15.77919503123794,62.19533404688104,73.9287206767334,3.75,850
adaptive_d4,3,0.55,1,AdaptiveGCN,0.0,0.797519326210022,34,6732,27.11,0.9277,0,20.902719320763943,11.788405858425369,55.45288991562537,62.714285640508635,nan,2550
adaptive_d4,3,0.55,1,AdaptiveGCN,0.0,0.797519326210022,34,6732,27.11,0.9277,1,15.271800283113404,9.390326866372488,50.28417026081286,56.79858895988632,1.5833333333333333,850
adaptive_d4,3,0.55,1,AdaptiveGCN,0.0,0.797519326210022,34,6732,27.11,0.9277,2,20.829143128422885,12.01340982512297,56.21273990563927,67.93244864107463,3.4166666666666665,850
adaptive_d4,3,0.55,1,AdaptiveGCN,0.0,0.797519326210022,34,6732,27.11,0.9277,3,25.37104526140548,13.961480883780649,59.86175958042399,63.419815971545205,4.166666666666667,850
adaptive_d4,3,0.55,2,AdaptiveGCN,0.0,0.798255205154419,34,6732,40.897,0.8168,0,21.3756821324453,11.923585150615477,55.351521639832555,63.48194593051414,nan,2550
adaptive_d4,3,0.55,2,AdaptiveGCN,0.0,0.798255205154419,34,6732,40.897,0.8168,1,15.032050600270068,9.169488625650787,49.55115225327066,55.20512463366358,1.125,850
adaptive_d4,3,0.55,2,AdaptiveGCN,0.0,0.798255205154419,34,6732,40.897,0.8168,2,20.902710975696866,11.85232469867915,56.31424586584327,65.48420998922565,2.5833333333333335,850
adaptive_d4,3,0.55,2,AdaptiveGCN,0.0,0.798255205154419,34,6732,40.897,0.8168,3,26.605891988419135,14.748942127516493,60.18916680038377,69.77409854777652,3.875,850
adaptive_d4,4,0.625,0,AdaptiveGCN,0.0,0.5311217904090881,34,6732,47.66,1.9738,0,32.45914921765649,14.833826950269057,52.2190433038749,54.05932660860348,nan,2550
adaptive_d4,4,0.625,0,AdaptiveGCN,0.0,0.5311217904090881,34,6732,47.66,1.9738,1,26.85896225442767,12.58883057976799,49.45898530104629,52.39485519320961,2.125,850
adaptive_d4,4,0.625,0,AdaptiveGCN,0.0,0.5311217904090881,34,6732,47.66,1.9738,2,31.895690944108974,14.788362550016712,51.73891235940806,53.833369670862155,5.125,850
adaptive_d4,4,0.625,0,AdaptiveGCN,0.0,0.5311217904090881,34,6732,47.66,1.9738,3,37.71008021226399,17.12428772102247,55.45923225117034,55.94975496173868,6.291666666666667,850
adaptive_d4,4,0.625,1,AdaptiveGCN,0.0,0.5670750737190247,34,6732,34.467,0.5319,0,31.921266721824036,14.74988402109099,52.274696166586786,57.2853090701433,nan,2550
adaptive_d4,4,0.625,1,AdaptiveGCN,0.0,0.5670750737190247,34,6732,34.467,0.5319,1,27.864864572411484,12.866288256662186,49.703701569014754,53.513598103167716,2.75,850
adaptive_d4,4,0.625,1,AdaptiveGCN,0.0,0.5670750737190247,34,6732,34.467,0.5319,2,30.331755534920408,14.368053039087716,52.00406036237101,57.561693798777924,3.25,850
adaptive_d4,4,0.625,1,AdaptiveGCN,0.0,0.5670750737190247,34,6732,34.467,0.5319,3,36.88408513042562,17.01531076752307,55.11632656837458,60.78063530848426,4.375,850
adaptive_d4,4,0.625,2,AdaptiveGCN,0.0,0.6425057053565979,34,6732,61.343,1.2261,0,31.827256671722402,14.471333070257495,51.86606684197742,53.985980242799194,nan,2550
adaptive_d4,4,0.625,2,AdaptiveGCN,0.0,0.6425057053565979,34,6732,61.343,1.2261,1,27.106325647354275,12.675634736156859,51.3021657212704,54.11312930837284,2.6666666666666665,850
adaptive_d4,4,0.625,2,AdaptiveGCN,0.0,0.6425057053565979,34,6732,61.343,1.2261,2,30.155139016709953,14.024924839031609,50.41900664462594,53.71207233059039,4.208333333333333,850
adaptive_d4,4,0.625,2,AdaptiveGCN,0.0,0.6425057053565979,34,6732,61.343,1.2261,3,37.3475233787406,16.71343963558402,53.87702816003589,54.13273908943436,3.75,850
adaptive_d4,5,0.7,0,AdaptiveGCN,0.0,0.5461596250534058,34,6732,81.72,0.5225,0,59.11860326058548,29.164056760334116,46.753358520069725,52.29680156031872,nan,2550
adaptive_d4,5,0.7,0,AdaptiveGCN,0.0,0.5461596250534058,34,6732,81.72,0.5225,1,42.275829147466915,21.862850728238495,39.408604195635746,39.57395317645264,2.6,850
adaptive_d4,5,0.7,0,AdaptiveGCN,0.0,0.5461596250534058,34,6732,81.72,0.5225,2,58.218488696341225,29.711926651611268,45.44870020355389,49.13993024365122,3.56,850
adaptive_d4,5,0.7,0,AdaptiveGCN,0.0,0.5461596250534058,34,6732,81.72,0.5225,3,72.85869610592616,35.91739290115259,55.40277116101954,68.39209510729599,4.375,850
adaptive_d4,5,0.7,1,AdaptiveGCN,0.0,0.6579424142837524,34,6732,66.941,0.9853,0,56.36595239627842,28.59612043434882,46.99530456825003,54.94353718999325,nan,2550
adaptive_d4,5,0.7,1,AdaptiveGCN,0.0,0.6579424142837524,34,6732,66.941,0.9853,1,41.46302757206451,22.108984986367116,39.96385814618142,40.934886452293554,1.16,850
adaptive_d4,5,0.7,1,AdaptiveGCN,0.0,0.6579424142837524,34,6732,66.941,0.9853,2,54.89766073766258,28.780834184611518,46.33393470513257,51.36069676933974,2.2,850
adaptive_d4,5,0.7,1,AdaptiveGCN,0.0,0.6579424142837524,34,6732,66.941,0.9853,3,69.2706717067858,34.898542132067824,54.6881208534361,72.7736208219708,2.875,850
adaptive_d4,5,0.7,2,AdaptiveGCN,0.0,0.5555480122566223,34,6732,87.465,2.075,0,57.603927684608685,29.412309281411215,46.35980595452774,54.161824630856216,nan,2550
adaptive_d4,5,0.7,2,AdaptiveGCN,0.0,0.5555480122566223,34,6732,87.465,2.075,1,41.39578464204291,22.150998517575346,40.72211687583541,41.657420330033325,1.16,850
adaptive_d4,5,0.7,2,AdaptiveGCN,0.0,0.5555480122566223,34,6732,87.465,2.075,2,56.54494683849651,29.291495898679337,43.86215003185131,47.88416631142878,2.4,850
adaptive_d4,5,0.7,2,AdaptiveGCN,0.0,0.5555480122566223,34,6732,87.465,2.075,3,71.01897954055724,36.794433427978966,54.49515095589651,73.19234739474788,2.8333333333333335,850
adaptive_d4,6,0.775,0,AdaptiveGCN,0.0,0.6608114838600159,34,6732,89.796,1.2999,0,11.919597842550807,5.957704826619627,96.88789027327317,97.54311148614411,nan,2550
adaptive_d4,6,0.775,0,AdaptiveGCN,0.0,0.6608114838600159,34,6732,89.796,1.2999,1,9.179485901458092,4.7693944102738,92.78193484739681,77.17714927635984,3.357142857142857,850
adaptive_d4,6,0.775,0,AdaptiveGCN,0.0,0.6608114838600159,34,6732,89.796,1.2999,2,11.870810220087971,6.009241711575579,97.96441948599228,99.89023362125947,5.428571428571429,850
adaptive_d4,6,0.775,0,AdaptiveGCN,0.0,0.6608114838600159,34,6732,89.796,1.2999,3,14.179257437821374,7.094478358009502,99.91731648643041,115.63965762741776,5.285714285714286,850
adaptive_d4,6,0.775,1,AdaptiveGCN,0.0,0.7230274081230164,34,6732,33.802,0.8429,0,10.783876359637752,5.3687472916822925,84.33970526144624,87.09549222849385,nan,2550
adaptive_d4,6,0.775,1,AdaptiveGCN,0.0,0.7230274081230164,34,6732,33.802,0.8429,1,8.57636829235245,4.469739844653043,81.01922140033933,72.0278076301923,2.5,850
adaptive_d4,6,0.775,1,AdaptiveGCN,0.0,0.7230274081230164,34,6732,33.802,0.8429,2,10.783541355316377,5.440929800361012,90.5045130913965,89.87788005300528,4.142857142857143,850
adaptive_d4,6,0.775,1,AdaptiveGCN,0.0,0.7230274081230164,34,6732,33.802,0.8429,3,12.610991664891973,6.195572230032823,81.49538129260289,99.44476562320591,5.428571428571429,850
adaptive_d4,6,0.775,2,AdaptiveGCN,0.0,0.7828473448753357,34,6732,31.467,0.491,0,10.726937354816402,5.369055369029172,89.45747317256468,86.58341928971768,nan,2550
adaptive_d4,6,0.775,2,AdaptiveGCN,0.0,0.7828473448753357,34,6732,31.467,0.491,1,8.606963930060797,4.481952010554481,90.18040481122553,72.766188861765,2.5,850
adaptive_d4,6,0.775,2,AdaptiveGCN,0.0,0.7828473448753357,34,6732,31.467,0.491,2,10.301853573954151,5.215647551387682,80.59649111388474,84.52394506428337,3.2857142857142856,850
adaptive_d4,6,0.775,2,AdaptiveGCN,0.0,0.7828473448753357,34,6732,31.467,0.491,3,12.844981116759458,6.409566545145354,97.59552359258366,102.49019613528165,4.071428571428571,850
adaptive_d4,7,0.85,0,AdaptiveGCN,0.0,0.792495608329773,34,6732,69.994,0.6131,0,89.86854573806693,21.839139768982154,97.63851717944164,410.2839154124168,nan,2550
adaptive_d4,7,0.85,0,AdaptiveGCN,0.0,0.792495608329773,34,6732,69.994,0.6131,1,87.14625843353512,20.22358710464866,96.33240771916334,401.7597771086348,2.76,850
adaptive_d4,7,0.85,0,AdaptiveGCN,0.0,0.792495608329773,34,6732,69.994,0.6131,2,91.4570699254794,22.055396545539878,96.71643848118613,342.2291761580829,3.52,850
adaptive_d4,7,0.85,0,AdaptiveGCN,0.0,0.792495608329773,34,6732,69.994,0.6131,3,90.94064295410806,23.23843565675793,99.86670533797547,486.59258473340225,4.36,850
adaptive_d4,7,0.85,1,AdaptiveGCN,0.0,0.7845225930213928,34,6732,33.874,0.497,0,92.07482343203615,22.195797111802293,93.63330468903015,430.3673159279315,nan,2550
adaptive_d4,7,0.85,1,AdaptiveGCN,0.0,0.7845225930213928,34,6732,33.874,0.497,1,93.25951962707816,21.33580926262159,88.94292144291988,454.9236747076429,2.76,850
adaptive_d4,7,0.85,1,AdaptiveGCN,0.0,0.7845225930213928,34,6732,33.874,0.497,2,90.81100903696016,21.938155480790474,99.68534293109728,340.41469437836747,3.32,850
adaptive_d4,7,0.85,1,AdaptiveGCN,0.0,0.7845225930213928,34,6732,33.874,0.497,3,92.13762514161992,23.313426591994816,92.27164969307334,495.7165843393123,4.16,850
adaptive_d4,7,0.85,2,AdaptiveGCN,0.0,0.7533580660820007,34,6732,82.278,0.4882,0,89.33353655607701,21.6361512859014,95.48351735504319,407.52362499514305,nan,2550
adaptive_d4,7,0.85,2,AdaptiveGCN,0.0,0.7533580660820007,34,6732,82.278,0.4882,1,91.37840683393385,20.97886326783145,93.95613465464702,438.9001908665703,2.76,850
adaptive_d4,7,0.85,2,AdaptiveGCN,0.0,0.7533580660820007,34,6732,82.278,0.4882,2,88.14265872376237,21.337994952362052,94.29662144697629,320.3267404217701,3.32,850
adaptive_d4,7,0.85,2,AdaptiveGCN,0.0,0.7533580660820007,34,6732,82.278,0.4882,3,88.44377162042713,22.591595637510697,98.19779596350627,463.3639518155327,3.2,850
adaptive_d4,8,0.925,0,AdaptiveGCN,0.0,0.7002898454666138,34,6732,42.622,0.5815,0,26.524325528351323,10.798434159152755,75.74383505546429,89.14449478651655,nan,2550
adaptive_d4,8,0.925,0,AdaptiveGCN,0.0,0.7002898454666138,34,6732,42.622,0.5815,1,25.07227779090829,9.37294048102035,68.65790655683807,77.72113555126884,2.3333333333333335,850
adaptive_d4,8,0.925,0,AdaptiveGCN,0.0,0.7002898454666138,34,6732,42.622,0.5815,2,26.14972904104644,10.610261370959583,75.11191236942923,88.69702783702509,3.4761904761904763,850
adaptive_d4,8,0.925,0,AdaptiveGCN,0.0,0.7002898454666138,34,6732,42.622,0.5815,3,28.252293564544964,12.412100625478335,83.46168624012557,100.93578464877308,5.619047619047619,850
adaptive_d4,8,0.925,1,AdaptiveGCN,0.0,0.42220887541770935,34,6732,128.347,3.5441,0,26.939564366609453,11.573456347815592,79.98748047518298,96.50546469887878,nan,2550
adaptive_d4,8,0.925,1,AdaptiveGCN,0.0,0.42220887541770935,34,6732,128.347,3.5441,1,24.877472387274395,9.7184994770077,71.85595205974474,81.36311910662504,2.761904761904762,850
adaptive_d4,8,0.925,1,AdaptiveGCN,0.0,0.42220887541770935,34,6732,128.347,3.5441,2,26.078985232427314,11.328660923748771,79.22430341753224,94.68159027113155,3.5238095238095237,850
adaptive_d4,8,0.925,1,AdaptiveGCN,0.0,0.42220887541770935,34,6732,128.347,3.5441,3,29.634747875683352,13.673208642690305,88.88218594827197,113.36123117977156,5.333333333333333,850
adaptive_d4,8,0.925,2,AdaptiveGCN,0.0,0.4909096360206604,34,6732,101.788,3.3417,0,27.5378830095394,11.660789124051465,80.27172136002491,101.88706205233744,nan,2550
adaptive_d4,8,0.925,2,AdaptiveGCN,0.0,0.4909096360206604,34,6732,101.788,3.3417,1,25.18024759882368,9.774223797872716,75.54630412863557,82.77932178637734,2.857142857142857,850
adaptive_d4,8,0.925,2,AdaptiveGCN,0.0,0.4909096360206604,34,6732,101.788,3.3417,2,26.80647577686681,11.451554307765875,78.35890982232908,101.18156169029828,3.761904761904762,850
adaptive_d4,8,0.925,2,AdaptiveGCN,0.0,0.4909096360206604,34,6732,101.788,3.3417,3,30.370594153348794,13.756589266515803,86.90995012911009,121.56743845936269,5.666666666666667,850
adaptive_h128,1,0.4,0,AdaptiveGCN,0.0,0.7529520988464355,34,21752,50.423,1.0765,0,94.9130778436086,38.33495338113291,60.38711129868671,58.09077149984543,nan,2550
adaptive_h128,1,0.4,0,AdaptiveGCN,0.0,0.7529520988464355,34,21752,50.423,1.0765,1,73.72840992912002,30.699310267126076,54.40932273925399,54.06708983814894,2.68,850
adaptive_h128,1,0.4,0,AdaptiveGCN,0.0,0.7529520988464355,34,21752,50.423,1.0765,2,77.88335499634773,34.87957410856924,59.55863896851877,59.98824111868395,3.2,850
adaptive_h128,1,0.4,0,AdaptiveGCN,0.0,0.7529520988464355,34,21752,50.423,1.0765,3,124.59446866164339,49.42597576770343,67.19337218828736,60.189808980701756,6.2,850
adaptive_h128,1,0.4,1,AdaptiveGCN,0.0,0.7270872592926025,34,21752,19.466,0.52,0,102.66168124320217,40.43144593970585,61.95650967960075,58.382159708164295,nan,2550
adaptive_h128,1,0.4,1,AdaptiveGCN,0.0,0.7270872592926025,34,21752,19.466,0.52,1,62.03401836296407,27.54042662678944,54.557040753650874,56.270329614882975,3.08,850
adaptive_h128,1,0.4,1,AdaptiveGCN,0.0,0.7270872592926025,34,21752,19.466,0.52,2,92.11633523705925,39.11681627214037,61.447057647753645,58.940958087671405,3.56,850
adaptive_h128,1,0.4,1,AdaptiveGCN,0.0,0.7270872592926025,34,21752,19.466,0.52,3,138.86908848004904,54.63709492018775,69.86543063739774,59.91934327742284,7.16,850
adaptive_h128,1,0.4,2,AdaptiveGCN,0.0,0.7139909267425537,34,21752,44.481,1.0594,0,125.57320677199505,48.43101700166989,67.08162988536515,58.62842847502665,nan,2550
adaptive_h128,1,0.4,2,AdaptiveGCN,0.0,0.7139909267425537,34,21752,44.481,1.0594,1,89.35757134344716,35.714592973377336,57.94698505093029,54.39517673573435,4.04,850
adaptive_h128,1,0.4,2,AdaptiveGCN,0.0,0.7139909267425537,34,21752,44.481,1.0594,2,122.57262533394649,48.854989484802765,68.4271264964527,60.58735815505637,5.28,850
adaptive_h128,1,0.4,2,AdaptiveGCN,0.0,0.7139909267425537,34,21752,44.481,1.0594,3,155.8751639593409,60.72346854682957,74.87077810871246,60.87402505286848,8.2,850
adaptive_h128,2,0.475,0,AdaptiveGCN,0.0,0.5719133019447327,34,21752,99.79,1.737,0,191.18906228490732,50.83437773241881,46.226198918638595,58.57569617548898,nan,2550
adaptive_h128,2,0.475,0,AdaptiveGCN,0.0,0.5719133019447327,34,21752,99.79,1.737,1,76.85253504590308,31.10193896350067,39.77787248292862,45.849354840163684,1.92,850
adaptive_h128,2,0.475,0,AdaptiveGCN,0.0,0.5719133019447327,34,21752,99.79,1.737,2,112.20004104864245,38.09632094276521,43.78064564117315,49.941475159108315,1.76,850
adaptive_h128,2,0.475,0,AdaptiveGCN,0.0,0.5719133019447327,34,21752,99.79,1.737,3,301.9347798082356,83.30487329099053,55.12007863181402,79.93625852719491,3.84,850
adaptive_h128,2,0.475,1,AdaptiveGCN,0.0,0.6291715502738953,34,21752,195.801,1.7004,0,250.42413922054612,65.53179510252149,49.68009840525307,65.63492687081889,nan,2550
adaptive_h128,2,0.475,1,AdaptiveGCN,0.0,0.6291715502738953,34,21752,195.801,1.7004,1,124.87715423911794,44.67963206677752,43.0515981470618,52.17041008297365,2.84,850
adaptive_h128,2,0.475,1,AdaptiveGCN,0.0,0.6291715502738953,34,21752,195.801,1.7004,2,129.3671751936822,49.83383432676687,48.27234260589645,57.653927123935404,4.44,850
adaptive_h128,2,0.475,1,AdaptiveGCN,0.0,0.6291715502738953,34,21752,195.801,1.7004,3,394.7234206942896,102.08191891402006,57.71635446280096,87.08044340554764,3.4,850
adaptive_h128,2,0.475,2,AdaptiveGCN,0.0,0.5437117218971252,34,21752,143.439,1.1416,0,123.86579952345845,43.54405177069499,44.38214888681355,49.454593469254945,nan,2550
adaptive_h128,2,0.475,2,AdaptiveGCN,0.0,0.5437117218971252,34,21752,143.439,1.1416,1,115.81583662422949,40.83140371719923,40.47710067455641,44.96367757770898,3.52,850
adaptive_h128,2,0.475,2,AdaptiveGCN,0.0,0.5437117218971252,34,21752,143.439,1.1416,2,128.91938558460356,45.260364780035964,44.15642967342236,49.473050638123226,3.36,850
adaptive_h128,2,0.475,2,AdaptiveGCN,0.0,0.5437117218971252,34,21752,143.439,1.1416,3,126.47012644207682,44.54038681484978,48.512916312461876,53.927052191932624,2.72,850
adaptive_h128,3,0.55,0,AdaptiveGCN,0.0,0.682041347026825,34,21752,39.839,0.9486,0,21.242891666707536,11.702357927409238,55.31603270982782,61.15090816982924,nan,2550
adaptive_h128,3,0.55,0,AdaptiveGCN,0.0,0.682041347026825,34,21752,39.839,0.9486,1,16.93201476488956,9.749698858829763,50.45597637547004,55.90030033830624,1.5,850
adaptive_h128,3,0.55,0,AdaptiveGCN,0.0,0.682041347026825,34,21752,39.839,0.9486,2,21.323004423033144,11.74889089184868,56.14999799679998,63.708121981682595,3.125,850
adaptive_h128,3,0.55,0,AdaptiveGCN,0.0,0.682041347026825,34,21752,39.839,0.9486,3,24.74707452341161,13.60848403154927,59.34212375721347,63.853907995848594,3.625,850
adaptive_h128,3,0.55,1,AdaptiveGCN,0.0,0.49003487825393677,34,21752,48.161,1.0803,0,22.85394319874288,12.45659370504758,57.36981377309775,62.02676211445664,nan,2550
adaptive_h128,3,0.55,1,AdaptiveGCN,0.0,0.49003487825393677,34,21752,48.161,1.0803,1,17.05013577109005,9.880704694793504,50.51032788416558,56.91351929801477,1.625,850
adaptive_h128,3,0.55,1,AdaptiveGCN,0.0,0.49003487825393677,34,21752,48.161,1.0803,2,23.400734772767652,12.780939344904002,59.52476214122656,62.872665290967,3.0,850
adaptive_h128,3,0.55,1,AdaptiveGCN,0.0,0.49003487825393677,34,21752,48.161,1.0803,3,26.992714599981905,14.708137075445231,62.07435129390112,66.305444659414,3.7083333333333335,850
adaptive_h128,3,0.55,2,AdaptiveGCN,0.0,0.6883620023727417,34,21752,91.134,0.9897,0,21.427186332280947,12.057788840255748,55.69310040088591,64.7781574993256,nan,2550
adaptive_h128,3,0.55,2,AdaptiveGCN,0.0,0.6883620023727417,34,21752,91.134,0.9897,1,15.840196085663703,9.616675177533727,50.046965700053484,58.08994259371419,1.1666666666666667,850
adaptive_h128,3,0.55,2,AdaptiveGCN,0.0,0.6883620023727417,34,21752,91.134,0.9897,2,21.434404138261268,12.02823461289384,56.773480495810055,65.50661397004556,2.7916666666666665,850
adaptive_h128,3,0.55,2,AdaptiveGCN,0.0,0.6883620023727417,34,21752,91.134,0.9897,3,25.82687456043171,14.528456730339677,60.25885500679421,70.75320973511245,4.125,850
adaptive_h128,4,0.625,0,AdaptiveGCN,0.0,0.6978844404220581,34,21752,34.3,0.4942,0,31.285277316419315,14.915598285252265,52.404629762503774,62.01657423881384,nan,2550
adaptive_h128,4,0.625,0,AdaptiveGCN,0.0,0.6978844404220581,34,21752,34.3,0.4942,1,27.258343017439866,12.890597595318276,50.23454317714532,55.94692480123913,2.6666666666666665,850
adaptive_h128,4,0.625,0,AdaptiveGCN,0.0,0.6978844404220581,34,21752,34.3,0.4942,2,29.307918046723753,14.431576614520129,52.12781703667565,62.70364876522159,5.083333333333333,850
adaptive_h128,4,0.625,0,AdaptiveGCN,0.0,0.6978844404220581,34,21752,34.3,0.4942,3,36.5285423471276,17.42462064591839,54.85152907369035,67.39914914998077,5.041666666666667,850
adaptive_h128,4,0.625,1,AdaptiveGCN,0.0,0.6299582123756409,34,21752,108.811,0.6456,0,31.30375054559979,14.485874181104432,51.209745566195,56.543791865176686,nan,2550
adaptive_h128,4,0.625,1,AdaptiveGCN,0.0,0.6299582123756409,34,21752,108.811,0.6456,1,27.26967922358655,12.882398029850275,50.15985038549867,56.58874211179572,2.6666666666666665,850
adaptive_h128,4,0.625,1,AdaptiveGCN,0.0,0.6299582123756409,34,21752,108.811,0.6456,2,29.502349394591125,13.885801233292064,50.1287033419207,54.74049966892331,4.5,850
adaptive_h128,4,0.625,1,AdaptiveGCN,0.0,0.6299582123756409,34,21752,108.811,0.6456,3,36.41085511088113,16.689423280170953,53.340682971165634,58.30213381481101,4.708333333333333,850
adaptive_h128,4,0.625,2,AdaptiveGCN,0.0,0.5915706157684326,34,21752,41.661,0.8079,0,31.81290706408385,15.052396131031438,53.09717663897383,60.88186813127664,nan,2550
adaptive_h128,4,0.625,2,AdaptiveGCN,0.0,0.5915706157684326,34,21752,41.661,0.8079,1,27.593200072901972,12.962635595322697,50.97841165737565,56.173914277929484,2.5,850
adaptive_h128,4,0.625,2,AdaptiveGCN,0.0,0.5915706157684326,34,21752,41.661,0.8079,2,29.960980437373248,14.661584236191256,53.00868732562433,61.45721019149517,4.75,850
adaptive_h128,4,0.625,2,AdaptiveGCN,0.0,0.5915706157684326,34,21752,41.661,0.8079,3,37.10981175608747,17.532968561580365,55.30443093392151,65.0144799244053,5.25,850
adaptive_h128,5,0.7,0,AdaptiveGCN,0.0,0.5736381411552429,34,21752,122.213,0.5174,0,61.089371096209355,29.99853250654661,46.614865704166284,52.33941557272958,nan,2550
adaptive_h128,5,0.7,0,AdaptiveGCN,0.0,0.5736381411552429,34,21752,122.213,0.5174,1,43.87511391167697,22.884777669887715,39.146936600610815,40.16009199367327,1.4,850
adaptive_h128,5,0.7,0,AdaptiveGCN,0.0,0.5736381411552429,34,21752,122.213,0.5174,2,60.98343473768727,30.497968580372195,45.580999537304386,47.71247716891814,3.36,850
adaptive_h128,5,0.7,0,AdaptiveGCN,0.0,0.5736381411552429,34,21752,122.213,0.5174,3,74.50992450420777,36.61285126937992,55.11666097458367,69.37053671693396,4.333333333333333,850
adaptive_h128,5,0.7,1,AdaptiveGCN,0.0,0.5009640455245972,34,21752,125.291,0.8633,0,59.87649950141164,29.906643591888578,46.23815430368584,52.645059828964136,nan,2550
adaptive_h128,5,0.7,1,AdaptiveGCN,0.0,0.5009640455245972,34,21752,125.291,0.8633,1,44.608220484069236,22.825947263845627,39.146093864429865,39.54088826028227,1.6,850
adaptive_h128,5,0.7,1,AdaptiveGCN,0.0,0.5009640455245972,34,21752,125.291,0.8633,2,59.68847134227958,30.46984373338685,45.458879134278426,47.980995001931994,3.44,850
adaptive_h128,5,0.7,1,AdaptiveGCN,0.0,0.5009640455245972,34,21752,125.291,0.8633,3,72.13167564734773,36.42413977843326,54.109489912349204,70.65160924733985,4.166666666666667,850
adaptive_h128,5,0.7,2,AdaptiveGCN,0.0,0.6437565088272095,34,21752,40.037,0.7694,0,56.464676835307415,29.163862258451214,47.178296431673076,54.031390923952415,nan,2550
adaptive_h128,5,0.7,2,AdaptiveGCN,0.0,0.6437565088272095,34,21752,40.037,0.7694,1,41.49521370355315,22.280207170562218,41.93744111074338,41.50310598130878,2.0,850
adaptive_h128,5,0.7,2,AdaptiveGCN,0.0,0.6437565088272095,34,21752,40.037,0.7694,2,54.60494641627418,28.990080517648774,45.07128288954676,50.42830864914284,2.88,850
adaptive_h128,5,0.7,2,AdaptiveGCN,0.0,0.6437565088272095,34,21752,40.037,0.7694,3,69.72249462633553,36.221299087142654,54.526165294729104,70.38073365336767,3.7083333333333335,850
adaptive_h128,6,0.775,0,AdaptiveGCN,0.0,0.789574146270752,34,21752,101.023,0.7112,0,10.788469466885505,5.36213741460835,85.20612280713496,86.60183396434942,nan,2550
adaptive_h128,6,0.775,0,AdaptiveGCN,0.0,0.789574146270752,34,21752,101.023,0.7112,1,8.43997634263362,4.375776619804348,75.7727008307376,71.02780857786973,2.4285714285714284,850
adaptive_h128,6,0.775,0,AdaptiveGCN,0.0,0.789574146270752,34,21752,101.023,0.7112,2,10.803600285096888,5.4815443264375965,90.41607424126198,89.32894158266008,4.142857142857143,850
adaptive_h128,6,0.775,0,AdaptiveGCN,0.0,0.789574146270752,34,21752,101.023,0.7112,3,12.697332024067176,6.229091297583107,89.42959334940531,99.51395557941177,4.642857142857143,850
adaptive_h128,6,0.775,1,AdaptiveGCN,0.0,0.7894025444984436,34,21752,35.932,0.4956,0,10.552728005764088,5.253283322715057,77.69012930489912,84.36477459670337,nan,2550
adaptive_h128,6,0.775,1,AdaptiveGCN,0.0,0.7894025444984436,34,21752,35.932,0.4956,1,8.291506989123135,4.283782675897374,70.90110660554798,68.7090732569242,2.5,850
adaptive_h128,6,0.775,1,AdaptiveGCN,0.0,0.7894025444984436,34,21752,35.932,0.4956,2,10.224478640381763,5.164599414379473,75.30336284522124,83.60341580980514,4.142857142857143,850
adaptive_h128,6,0.775,1,AdaptiveGCN,0.0,0.7894025444984436,34,21752,35.932,0.4956,3,12.680345163780537,6.311467877868323,86.86591846392815,100.82565792885663,4.642857142857143,850
adaptive_h128,6,0.775,2,AdaptiveGCN,0.0,0.7659565806388855,34,21752,37.815,0.5048,0,10.52625812067576,5.22496014538826,79.924994896238,84.38073312967987,nan,2550
adaptive_h128,6,0.775,2,AdaptiveGCN,0.0,0.7659565806388855,34,21752,37.815,0.5048,1,8.429907983978948,4.370366801268709,82.28885476045149,71.0000046493679,2.2142857142857144,850
adaptive_h128,6,0.775,2,AdaptiveGCN,0.0,0.7659565806388855,34,21752,37.815,0.5048,2,10.302957857826156,5.191887902977246,75.57555164311005,84.62592177513051,4.0,850
adaptive_h128,6,0.775,2,AdaptiveGCN,0.0,0.7659565806388855,34,21752,37.815,0.5048,3,12.457609755919604,6.112625731918824,81.91057828515245,97.55928414522712,4.571428571428571,850
adaptive_h128,7,0.85,0,AdaptiveGCN,0.0,0.7879717946052551,34,21752,40.091,0.5453,0,90.88129352948778,21.96331520728279,94.1926042060128,419.4976780787695,nan,2550
adaptive_h128,7,0.85,0,AdaptiveGCN,0.0,0.7879717946052551,34,21752,40.091,0.5453,1,90.68860432603375,20.873838156276634,91.75039508301604,432.5889720627316,2.76,850
adaptive_h128,7,0.85,0,AdaptiveGCN,0.0,0.7879717946052551,34,21752,40.091,0.5453,2,90.24097932047043,21.770134160226036,91.60638692031871,332.62397828158095,3.52,850
adaptive_h128,7,0.85,0,AdaptiveGCN,0.0,0.7879717946052551,34,21752,40.091,0.5453,3,91.70807618447391,23.245973305345704,99.22103061470371,493.1427106803214,4.36,850
adaptive_h128,7,0.85,1,AdaptiveGCN,0.0,0.762967050075531,34,21752,41.575,0.4842,0,86.97540387873376,21.19367770526826,92.00298681034216,384.16801892556236,nan,2550
adaptive_h128,7,0.85,1,AdaptiveGCN,0.0,0.762967050075531,34,21752,41.575,0.4842,1,88.14115077354937,20.392370760974284,93.35942067736795,411.7402008458514,2.56,850
adaptive_h128,7,0.85,1,AdaptiveGCN,0.0,0.762967050075531,34,21752,41.575,0.4842,2,86.70394474666345,21.079476397436878,89.98769766526806,306.25877253499505,3.32,850
adaptive_h128,7,0.85,1,AdaptiveGCN,0.0,0.762967050075531,34,21752,41.575,0.4842,3,86.0681482622261,22.10918595739362,92.66184208839053,434.5189572756972,4.16,850
adaptive_h128,7,0.85,2,AdaptiveGCN,0.0,0.7851150631904602,34,21752,39.694,0.5716,0,93.20200739843763,22.385504494890316,98.02661189252242,440.28057831278534,nan,2550
adaptive_h128,7,0.85,2,AdaptiveGCN,0.0,0.7851150631904602,34,21752,39.694,0.5716,1,96.9514293856606,22.068059018981806,98.61941332605944,488.5170365381942,2.76,850
adaptive_h128,7,0.85,2,AdaptiveGCN,0.0,0.7851150631904602,34,21752,39.694,0.5716,2,90.3725371099007,21.77899689480717,97.98149128160624,335.38491728261846,3.32,850
adaptive_h128,7,0.85,2,AdaptiveGCN,0.0,0.7851150631904602,34,21752,39.694,0.5716,3,92.15783974080638,23.309457570881968,97.47893106990163,497.0546836100286,4.16,850
adaptive_h128,8,0.925,0,AdaptiveGCN,0.0,0.5778632164001465,34,21752,86.211,0.4353,0,27.875683320502176,11.745696687882152,78.80932600447078,98.64594325969529,nan,2550
adaptive_h128,8,0.925,0,AdaptiveGCN,0.0,0.5778632164001465,34,21752,86.211,0.4353,1,25.1257753503661,9.563336542105842,72.03435173611348,79.18572169016409,2.5238095238095237,850
adaptive_h128,8,0.925,0,AdaptiveGCN,0.0,0.5778632164001465,34,21752,86.211,0.4353,2,26.889523720369667,11.438690515809748,77.63828648306439,96.94578487662035,3.4761904761904763,850
adaptive_h128,8,0.925,0,AdaptiveGCN,0.0,0.5778632164001465,34,21752,86.211,0.4353,3,31.25396117117608,14.235063005730867,86.75533979423444,119.66700133067295,5.238095238095238,850
adaptive_h128,8,0.925,1,AdaptiveGCN,0.0,0.43157678842544556,34,21752,99.299,0.7883,0,28.25258958748075,12.330835963045795,79.90144421018135,104.86504543802995,nan,2550
adaptive_h128,8,0.925,1,AdaptiveGCN,0.0,0.43157678842544556,34,21752,99.299,0.7883,1,25.9517995662808,10.307905451919446,72.49130442116592,85.98498609805561,2.9523809523809526,850
adaptive_h128,8,0.925,1,AdaptiveGCN,0.0,0.43157678842544556,34,21752,99.299,0.7883,2,28.15757983070418,12.47185788021149,80.10499652128105,108.05583134906946,3.857142857142857,850
adaptive_h128,8,0.925,1,AdaptiveGCN,0.0,0.43157678842544556,34,21752,99.299,0.7883,3,30.467708357291755,14.212744557006449,87.10803168809709,120.4389067051052,5.571428571428571,850
adaptive_h128,8,0.925,2,AdaptiveGCN,0.0,0.4192689061164856,34,21752,96.441,0.6668,0,27.872298202476905,11.913994699897069,78.29794118069437,97.27593048655564,nan,2550
adaptive_h128,8,0.925,2,AdaptiveGCN,0.0,0.4192689061164856,34,21752,96.441,0.6668,1,24.671245294219187,9.759684903934454,70.58575444081676,78.76156954073022,2.7142857142857144,850
adaptive_h128,8,0.925,2,AdaptiveGCN,0.0,0.4192689061164856,34,21752,96.441,0.6668,2,26.868175013059147,11.731232391357805,77.6855478537172,94.08113816302978,3.4761904761904763,850
adaptive_h128,8,0.925,2,AdaptiveGCN,0.0,0.4192689061164856,34,21752,96.441,0.6668,3,31.623185297554762,14.251066804398947,86.62252124754912,118.8460957535944,4.904761904761905,850
adaptive_h32,1,0.4,0,AdaptiveGCN,0.0,0.8051438927650452,34,2744,25.118,0.8632,0,87.08143299580453,35.38952356867205,59.049765007199184,58.21748788634361,nan,2550
adaptive_h32,1,0.4,0,AdaptiveGCN,0.0,0.8051438927650452,34,2744,25.118,0.8632,1,51.97658478647399,24.663491357819122,52.5808352126189,54.56245265122662,2.4,850
adaptive_h32,1,0.4,0,AdaptiveGCN,0.0,0.8051438927650452,34,2744,25.118,0.8632,2,80.97787874205757,35.21104919769979,58.93015225330286,59.78496765839262,3.24,850
adaptive_h32,1,0.4,0,AdaptiveGCN,0.0,0.8051438927650452,34,2744,25.118,0.8632,3,116.14880845785497,46.29403015049722,65.63830755567578,60.279792070899276,6.76,850
adaptive_h32,1,0.4,1,AdaptiveGCN,0.0,0.7587454915046692,34,2744,28.766,0.9432,0,95.5248725010967,38.427266370122965,61.19552697095586,58.27244665783052,nan,2550
adaptive_h32,1,0.4,1,AdaptiveGCN,0.0,0.7587454915046692,34,2744,28.766,0.9432,1,53.863754165695404,25.306149585719652,53.755053810933305,54.90392454703361,2.44,850
adaptive_h32,1,0.4,1,AdaptiveGCN,0.0,0.7587454915046692,34,2744,28.766,0.9432,2,97.63682787259586,40.924227106457245,62.43261889030125,59.60492685538149,3.8,850
adaptive_h32,1,0.4,1,AdaptiveGCN,0.0,0.7587454915046692,34,2744,28.766,0.9432,3,122.23235917385773,49.051422418192004,67.39890821163303,60.28480995658684,6.08,850
adaptive_h32,1,0.4,2,AdaptiveGCN,0.0,0.8018590807914734,34,2744,13.601,0.4949,0,81.64480825116001,34.04796286860591,59.07427178504785,58.64295113316658,nan,2550
adaptive_h32,1,0.4,2,AdaptiveGCN,0.0,0.8018590807914734,34,2744,13.601,0.4949,1,55.312901303070184,25.72629552867861,53.79360945402533,54.96388532742799,2.36,850
adaptive_h32,1,0.4,2,AdaptiveGCN,0.0,0.8018590807914734,34,2744,13.601,0.4949,2,62.515426232080216,30.7031904228991,58.00260856960641,60.645400267836756,2.88,850
adaptive_h32,1,0.4,2,AdaptiveGCN,0.0,0.8018590807914734,34,2744,13.601,0.4949,3,114.14871254448828,45.71440265424002,65.42659733151181,60.295691004674936,6.28,850
adaptive_h32,2,0.475,0,AdaptiveGCN,0.0,0.8042293190956116,34,2744,16.672,0.4788,0,155.4337623220548,50.92030180741467,45.07356184627465,55.52104394087918,nan,2550
adaptive_h32,2,0.475,0,AdaptiveGCN,0.0,0.8042293190956116,34,2744,16.672,0.4788,1,189.10123093698374,56.501510782778155,40.611043396344705,49.30458084508526,1.32,850
adaptive_h32,2,0.475,0,AdaptiveGCN,0.0,0.8042293190956116,34,2744,16.672,0.4788,2,131.1143846331945,43.87964767840033,43.618537110388175,49.933270349730606,3.72,850
adaptive_h32,2,0.475,0,AdaptiveGCN,0.0,0.8042293190956116,34,2744,16.672,0.4788,3,139.7451466389561,52.379746961065514,50.99110503209109,67.32528062782166,3.84,850
adaptive_h32,2,0.475,1,AdaptiveGCN,0.0,0.8017074465751648,34,2744,16.621,0.5559,0,208.5597025770992,62.51810373962738,46.862759990872824,60.90149097516813,nan,2550
adaptive_h32,2,0.475,1,AdaptiveGCN,0.0,0.8017074465751648,34,2744,16.621,0.5559,1,250.71114325588837,68.34550301434719,42.24262891576828,51.71241004904722,1.24,850
adaptive_h32,2,0.475,1,AdaptiveGCN,0.0,0.8017074465751648,34,2744,16.621,0.5559,2,129.53005878979423,48.342762459061824,45.60470191712488,56.35806702450047,2.92,850
adaptive_h32,2,0.475,1,AdaptiveGCN,0.0,0.8017074465751648,34,2744,16.621,0.5559,3,225.51570928514514,70.86604574547313,52.74094913972532,74.63399585195671,3.56,850
adaptive_h32,2,0.475,2,AdaptiveGCN,0.0,0.49912694096565247,34,2744,117.455,1.4377,0,300.7296206899565,78.54385817355605,52.52878746612647,76.70449750267265,nan,2550
adaptive_h32,2,0.475,2,AdaptiveGCN,0.0,0.49912694096565247,34,2744,117.455,1.4377,1,125.89059634470371,46.05301456417669,44.05298993891564,52.37853021789984,1.96,850
adaptive_h32,2,0.475,2,AdaptiveGCN,0.0,0.49912694096565247,34,2744,117.455,1.4377,2,149.38450547663172,56.83094029111897,49.79386038716357,66.10403428285687,3.44,850
adaptive_h32,2,0.475,2,AdaptiveGCN,0.0,0.49912694096565247,34,2744,117.455,1.4377,3,482.856854105285,132.74761966537247,63.73951207230023,111.63092800726118,4.28,850
adaptive_h32,3,0.55,0,AdaptiveGCN,0.0,0.7126337289810181,34,2744,26.736,0.4787,0,21.61202226379968,12.081791451729757,55.44646622938959,64.08853049839438,nan,2550
adaptive_h32,3,0.55,0,AdaptiveGCN,0.0,0.7126337289810181,34,2744,26.736,0.4787,1,16.068443227815028,9.534224995865541,49.98147536321181,55.303339320063806,1.0416666666666667,850
adaptive_h32,3,0.55,0,AdaptiveGCN,0.0,0.7126337289810181,34,2744,26.736,0.4787,2,20.990499335570515,11.975659981614513,56.3605629882317,67.20073007340788,2.6666666666666665,850
adaptive_h32,3,0.55,0,AdaptiveGCN,0.0,0.7126337289810181,34,2744,26.736,0.4787,3,26.503633503178744,14.735489377709214,59.99736033672524,69.7790047894764,4.0,850
adaptive_h32,3,0.55,1,AdaptiveGCN,0.0,0.5919333100318909,34,2744,27.357,0.4696,0,20.8950827322192,11.823786102955905,55.65449492486444,62.29854375254018,nan,2550
adaptive_h32,3,0.55,1,AdaptiveGCN,0.0,0.5919333100318909,34,2744,27.357,0.4696,1,15.839029466491821,9.438343295738758,50.39070885759013,54.811232568179946,1.1666666666666667,850
adaptive_h32,3,0.55,1,AdaptiveGCN,0.0,0.5919333100318909,34,2744,27.357,0.4696,2,21.473525151745214,12.058135967020165,56.713096906520775,65.9404615086911,3.25,850
adaptive_h32,3,0.55,1,AdaptiveGCN,0.0,0.5919333100318909,34,2744,27.357,0.4696,3,24.450486912857674,13.974879046108793,59.85967901048242,66.15764057205851,4.125,850
adaptive_h32,3,0.55,2,AdaptiveGCN,0.0,0.7222240567207336,34,2744,22.117,0.4582,0,21.799806336782893,12.160428871048076,55.80037604051675,64.9694846170769,nan,2550
adaptive_h32,3,0.55,2,AdaptiveGCN,0.0,0.7222240567207336,34,2744,22.117,0.4582,1,15.312582669228227,9.345388961127576,50.403250952522185,56.21490213039637,1.0,850
adaptive_h32,3,0.55,2,AdaptiveGCN,0.0,0.7222240567207336,34,2744,22.117,0.4582,2,21.34533163111886,12.008979226968197,56.474159252862876,65.45253710761513,2.5416666666666665,850
adaptive_h32,3,0.55,2,AdaptiveGCN,0.0,0.7222240567207336,34,2744,22.117,0.4582,3,27.12187859495221,15.126918425048455,60.52371791616522,73.26160241549589,3.875,850
adaptive_h32,4,0.625,0,AdaptiveGCN,0.0,0.36902233958244324,34,2744,112.964,1.0892,0,35.74012381197308,16.443630373418586,55.612620747177196,55.18428655184785,nan,2550
adaptive_h32,4,0.625,0,AdaptiveGCN,0.0,0.36902233958244324,34,2744,112.964,1.0892,1,28.430905124661795,13.323405923703138,51.13099593584967,51.136924780653935,6.916666666666667,850
adaptive_h32,4,0.625,0,AdaptiveGCN,0.0,0.36902233958244324,34,2744,112.964,1.0892,2,36.15288854014032,16.804040354946082,57.090881997321134,54.2766131127822,9.791666666666666,850
adaptive_h32,4,0.625,0,AdaptiveGCN,0.0,0.36902233958244324,34,2744,112.964,1.0892,3,41.43333964674059,19.203444841606544,58.61598430836084,60.139321762107436,9.125,850
adaptive_h32,4,0.625,1,AdaptiveGCN,0.0,0.560386061668396,34,2744,65.246,1.5963,0,31.01441753156315,14.115229124121377,51.49795671004529,53.05566070508434,nan,2550
adaptive_h32,4,0.625,1,AdaptiveGCN,0.0,0.560386061668396,34,2744,65.246,1.5963,1,26.647680228393327,12.316593634774087,49.09945534452968,51.50428312181139,2.6666666666666665,850
adaptive_h32,4,0.625,1,AdaptiveGCN,0.0,0.560386061668396,34,2744,65.246,1.5963,2,29.37401069903032,13.695194332159042,51.334653408604815,53.1436529716029,3.4166666666666665,850
adaptive_h32,4,0.625,1,AdaptiveGCN,0.0,0.560386061668396,34,2744,65.246,1.5963,3,36.23190470241584,16.333899405431,54.059761377001394,54.519046021838726,3.375,850
adaptive_h32,4,0.625,2,AdaptiveGCN,0.0,0.5810418725013733,34,2744,64.291,1.2922,0,31.597977507468936,14.417617537533904,51.636039850023984,54.7520371474228,nan,2550
adaptive_h32,4,0.625,2,AdaptiveGCN,0.0,0.5810418725013733,34,2744,64.291,1.2922,1,27.245066968527496,12.581001862195656,49.96873064718568,53.02609463253939,2.7083333333333335,850
adaptive_h32,4,0.625,2,AdaptiveGCN,0.0,0.5810418725013733,34,2744,64.291,1.2922,2,30.083980819057793,13.983704513584483,50.07617694900597,54.0998712318,3.25,850
adaptive_h32,4,0.625,2,AdaptiveGCN,0.0,0.5810418725013733,34,2744,64.291,1.2922,3,36.71453352075378,16.68814623682157,54.863211953880295,57.13014557792898,3.6666666666666665,850
adaptive_h32,5,0.7,0,AdaptiveGCN,0.0,0.5492756962776184,34,2744,36.25,0.458,0,57.014953667912486,29.014497781821603,46.368081221934446,51.565960441354086,nan,2550
adaptive_h32,5,0.7,0,AdaptiveGCN,0.0,0.5492756962776184,34,2744,36.25,0.458,1,42.3984960293191,22.423189838746534,41.47544045645394,40.82607314864271,2.0,850
adaptive_h32,5,0.7,0,AdaptiveGCN,0.0,0.5492756962776184,34,2744,36.25,0.458,2,54.47351983442933,28.559283122339984,43.636347295344805,48.19699728948537,2.88,850
adaptive_h32,5,0.7,0,AdaptiveGCN,0.0,0.5492756962776184,34,2744,36.25,0.458,3,70.61952985231824,36.061020384378295,53.99245591400458,65.86489978297215,4.166666666666667,850
adaptive_h32,5,0.7,1,AdaptiveGCN,0.0,0.6188304424285889,34,2744,40.556,1.6472,0,56.24906491029253,29.115077982014366,46.84584858456401,53.87854388459918,nan,2550
adaptive_h32,5,0.7,1,AdaptiveGCN,0.0,0.6188304424285889,34,2744,40.556,1.6472,1,40.52057882420538,21.38760252155802,39.23230878439175,39.88992190482307,1.4,850
adaptive_h32,5,0.7,1,AdaptiveGCN,0.0,0.6188304424285889,34,2744,40.556,1.6472,2,54.72994952237714,29.426229165858615,46.18192952862914,50.64386047375488,3.12,850
adaptive_h32,5,0.7,1,AdaptiveGCN,0.0,0.6188304424285889,34,2744,40.556,1.6472,3,69.67486797171786,36.53140225862646,55.123307440671134,71.33614760105205,3.8333333333333335,850
adaptive_h32,5,0.7,2,AdaptiveGCN,0.0,0.6030945777893066,34,2744,35.08,0.5223,0,57.94722629180618,30.005398756692806,47.57309168573246,53.48728806269379,nan,2550
adaptive_h32,5,0.7,2,AdaptiveGCN,0.0,0.6030945777893066,34,2744,35.08,0.5223,1,41.42772043934576,21.831021509021248,39.416191633462795,39.23430383181293,2.04,850
adaptive_h32,5,0.7,2,AdaptiveGCN,0.0,0.6030945777893066,34,2744,35.08,0.5223,2,56.20610926453336,29.85671841157929,45.900758126018395,48.447995743881236,3.64,850
adaptive_h32,5,0.7,2,AdaptiveGCN,0.0,0.6030945777893066,34,2744,35.08,0.5223,3,72.09896230379555,38.328456349477875,57.402325297716196,73.03838209946659,4.541666666666667,850
adaptive_h32,6,0.775,0,AdaptiveGCN,0.0,0.6174229383468628,34,2744,35.287,0.5191,0,11.543629453574471,5.8065387045630645,91.46400144852383,94.75043278529324,nan,2550
adaptive_h32,6,0.775,0,AdaptiveGCN,0.0,0.6174229383468628,34,2744,35.287,0.5191,1,8.729832305410715,4.545354963273618,85.77281470030087,73.13194809069745,3.9285714285714284,850
adaptive_h32,6,0.775,0,AdaptiveGCN,0.0,0.6174229383468628,34,2744,35.287,0.5191,2,11.69613359274642,5.9516622292425705,92.34241023959979,97.89537722846569,6.714285714285714,850
adaptive_h32,6,0.775,0,AdaptiveGCN,0.0,0.6174229383468628,34,2744,35.287,0.5191,3,13.665892937687323,6.922598921173005,96.27677940567088,113.31051062921564,7.071428571428571,850
adaptive_h32,6,0.775,1,AdaptiveGCN,0.0,0.6098162531852722,34,2744,37.355,0.7037,0,11.392873970433234,5.6964797355929,88.50075467624372,92.58295677978649,nan,2550
adaptive_h32,6,0.775,1,AdaptiveGCN,0.0,0.6098162531852722,34,2744,37.355,0.7037,1,8.645985175964752,4.490201749949278,79.92072401973014,71.8240226320119,3.357142857142857,850
adaptive_h32,6,0.775,1,AdaptiveGCN,0.0,0.6098162531852722,34,2744,37.355,0.7037,2,11.464131680875246,5.793442143686458,92.1107734118668,95.96501325740834,5.0,850
adaptive_h32,6,0.775,1,AdaptiveGCN,0.0,0.6098162531852722,34,2744,37.355,0.7037,3,13.535632865111097,6.805795313142966,93.47076659713419,110.045177231654,5.5,850
adaptive_h32,6,0.775,2,AdaptiveGCN,0.0,0.7513177990913391,34,2744,31.177,0.5329,0,10.984695441473729,5.503980655670063,92.35806475310699,89.83774161487995,nan,2550
adaptive_h32,6,0.775,2,AdaptiveGCN,0.0,0.7513177990913391,34,2744,31.177,0.5329,1,8.563901714208695,4.466888766437801,88.38381417675613,72.28776604041298,2.2142857142857144,850
adaptive_h32,6,0.775,2,AdaptiveGCN,0.0,0.7513177990913391,34,2744,31.177,0.5329,2,10.426971429563611,5.290832830676741,83.74946366600935,87.39057223166982,4.214285714285714,850
adaptive_h32,6,0.775,2,AdaptiveGCN,0.0,0.7513177990913391,34,2744,31.177,0.5329,3,13.413741314869569,6.754220369895647,104.9409164165555,109.87412885723322,4.857142857142857,850
adaptive_h32,7,0.85,0,AdaptiveGCN,0.0,0.7870211601257324,34,2744,32.864,0.5306,0,90.87823730989446,21.967559331155122,96.19672513150657,419.3043930324932,nan,2550
adaptive_h32,7,0.85,0,AdaptiveGCN,0.0,0.7870211601257324,34,2744,32.864,0.5306,1,89.88144433546859,20.704581621264875,90.58121117984389,425.8377314871107,2.56,850
adaptive_h32,7,0.85,0,AdaptiveGCN,0.0,0.7870211601257324,34,2744,32.864,0.5306,2,92.12977603876092,22.141455310676793,99.81673091011764,347.8136070840546,3.52,850
adaptive_h32,7,0.85,0,AdaptiveGCN,0.0,0.7870211601257324,34,2744,32.864,0.5306,3,90.60900827665148,23.056641061523695,98.19223330455817,484.1120836126502,4.36,850
adaptive_h32,7,0.85,1,AdaptiveGCN,0.0,0.7803362011909485,34,2744,52.455,0.528,0,89.9730421480486,21.735211368560513,90.23965157143036,412.0931741742129,nan,2550
adaptive_h32,7,0.85,1,AdaptiveGCN,0.0,0.7803362011909485,34,2744,52.455,0.528,1,91.92105296238356,20.987792178775997,91.50054954608343,445.04565385984966,2.56,850
adaptive_h32,7,0.85,1,AdaptiveGCN,0.0,0.7803362011909485,34,2744,52.455,0.528,2,88.84998018750898,21.499578188903467,87.66453369840995,325.3330179809295,3.32,850
adaptive_h32,7,0.85,1,AdaptiveGCN,0.0,0.7803362011909485,34,2744,52.455,0.528,3,89.11591318664435,22.718263738002072,91.55387146979767,465.9357634751169,4.16,850
adaptive_h32,7,0.85,2,AdaptiveGCN,0.0,0.7805769443511963,34,2744,57.582,0.5718,0,92.26410623237007,22.131315204934495,95.36517922024498,421.30092542835814,nan,2550
adaptive_h32,7,0.85,2,AdaptiveGCN,0.0,0.7805769443511963,34,2744,57.582,0.5718,1,92.84994729420494,21.247157846766896,98.98230437159282,453.2843673250094,2.76,850
adaptive_h32,7,0.85,2,AdaptiveGCN,0.0,0.7805769443511963,34,2744,57.582,0.5718,2,96.73309134884894,22.899459465373006,95.15397159440828,369.9521518481876,3.32,850
adaptive_h32,7,0.85,2,AdaptiveGCN,0.0,0.7805769443511963,34,2744,57.582,0.5718,3,86.94591549999814,22.247328302663586,91.9592616947339,440.7949773199865,4.36,850
adaptive_h32,8,0.925,0,AdaptiveGCN,0.0,0.6220666170120239,34,2744,77.406,0.4747,0,27.45170440159395,11.02870940779184,77.44681940688474,92.50700225004441,nan,2550
adaptive_h32,8,0.925,0,AdaptiveGCN,0.0,0.6220666170120239,34,2744,77.406,0.4747,1,25.14069223514294,9.419882266424487,68.34556155140235,78.30356603377281,2.4285714285714284,850
adaptive_h32,8,0.925,0,AdaptiveGCN,0.0,0.6220666170120239,34,2744,77.406,0.4747,2,27.205099561466685,10.896259654416319,79.33100184087252,93.80337347618459,3.5238095238095237,850
adaptive_h32,8,0.925,0,AdaptiveGCN,0.0,0.6220666170120239,34,2744,77.406,0.4747,3,29.809669160290706,12.769986302534715,84.66389482837937,105.32273653622633,5.238095238095238,850
adaptive_h32,8,0.925,1,AdaptiveGCN,0.0,0.6510655283927917,34,2744,41.732,0.5036,0,27.28506603164077,10.962299570361308,76.52865556913511,92.06975680693124,nan,2550
adaptive_h32,8,0.925,1,AdaptiveGCN,0.0,0.6510655283927917,34,2744,41.732,0.5036,1,25.1312649658014,9.45454542088925,69.42479005455334,79.14656441670668,2.1904761904761907,850
adaptive_h32,8,0.925,1,AdaptiveGCN,0.0,0.6510655283927917,34,2744,41.732,0.5036,2,26.47423731739705,10.643912267474978,76.8583688067642,90.04186630458095,3.238095238095238,850
adaptive_h32,8,0.925,1,AdaptiveGCN,0.0,0.6510655283927917,34,2744,41.732,0.5036,3,30.015975158801954,12.788441022719695,83.3028078460878,106.92464972201195,5.333333333333333,850
adaptive_h32,8,0.925,2,AdaptiveGCN,0.0,0.613839328289032,34,2744,86.988,1.4249,0,27.12832619833409,10.971372576520485,78.36920161722578,91.71437527753523,nan,2550
adaptive_h32,8,0.925,2,AdaptiveGCN,0.0,0.613839328289032,34,2744,86.988,1.4249,1,25.06598569768193,9.416161258990742,71.63316986933489,78.2743373391409,2.3333333333333335,850
adaptive_h32,8,0.925,2,AdaptiveGCN,0.0,0.613839328289032,34,2744,86.988,1.4249,2,26.555841852688616,10.77489720012414,79.14737666796783,91.58051477823388,3.5238095238095237,850
adaptive_h32,8,0.925,2,AdaptiveGCN,0.0,0.613839328289032,34,2744,86.988,1.4249,3,29.568934229495923,12.723059270446573,84.32705831437458,105.19629851633316,5.333333333333333,850
adaptive_lam0.01,1,0.4,0,AdaptiveGCN,0.01,0.8558412790298462,34,7032,42.762,0.9318,0,102.94045354331342,40.661535124426855,62.151930513526786,58.754249365955324,nan,2550
adaptive_lam0.01,1,0.4,0,AdaptiveGCN,0.01,0.8558412790298462,34,7032,42.762,0.9318,1,72.28742215317689,30.386187341917196,55.47381545499898,54.175650773764815,2.56,850
adaptive_lam0.01,1,0.4,0,AdaptiveGCN,0.01,0.8558412790298462,34,7032,42.762,0.9318,2,88.2264450407853,38.12451334313873,61.34527979171306,60.96288364680934,3.48,850
adaptive_lam0.01,1,0.4,0,AdaptiveGCN,0.01,0.8558412790298462,34,7032,42.762,0.9318,3,137.0431826871475,53.473904688224636,69.63669629386834,61.09347088732473,6.96,850
adaptive_lam0.01,1,0.4,1,AdaptiveGCN,0.01,0.8302111625671387,34,7032,33.016,1.0063,0,95.81179562594244,38.471795958982476,61.19334761726498,60.06278259300778,nan,2550
adaptive_lam0.01,1,0.4,1,AdaptiveGCN,0.01,0.8302111625671387,34,7032,33.016,1.0063,1,58.136967051952354,26.91846184695345,55.23726936385096,58.32211216672108,3.12,850
adaptive_lam0.01,1,0.4,1,AdaptiveGCN,0.01,0.8302111625671387,34,7032,33.016,1.0063,2,93.66439698757563,39.13598184049458,61.22337380214239,61.88535347159346,3.64,850
adaptive_lam0.01,1,0.4,1,AdaptiveGCN,0.01,0.8302111625671387,34,7032,33.016,1.0063,3,124.04343731998132,49.360944189499406,67.11939968580161,59.9727600362974,7.32,850
adaptive_lam0.01,1,0.4,2,AdaptiveGCN,0.01,0.866286039352417,34,7032,25.074,0.6187,0,123.13556266252517,46.82554802094482,65.32628124098262,59.36450686215582,nan,2550
adaptive_lam0.01,1,0.4,2,AdaptiveGCN,0.01,0.866286039352417,34,7032,25.074,0.6187,1,87.73585511379588,34.904769185085726,57.82881654076084,55.27105702180989,4.12,850
adaptive_lam0.01,1,0.4,2,AdaptiveGCN,0.01,0.866286039352417,34,7032,25.074,0.6187,2,112.47002145981037,45.00840596680875,65.09001465982686,60.0865746234803,4.12,850
adaptive_lam0.01,1,0.4,2,AdaptiveGCN,0.01,0.866286039352417,34,7032,25.074,0.6187,3,158.55602914090272,60.56346891093999,73.06001252236014,62.70385998640287,8.64,850
adaptive_lam0.01,2,0.475,0,AdaptiveGCN,0.01,0.8340590596199036,34,7032,61.63,0.4929,0,119.95122748123754,42.65619919808819,42.92658381879779,51.15100295688894,nan,2550
adaptive_lam0.01,2,0.475,0,AdaptiveGCN,0.01,0.8340590596199036,34,7032,61.63,0.4929,1,101.21635630973942,36.74895334963577,37.63764277429414,43.53210088529785,1.24,850
adaptive_lam0.01,2,0.475,0,AdaptiveGCN,0.01,0.8340590596199036,34,7032,61.63,0.4929,2,120.88800128097725,44.525890618913316,42.418020832547185,50.87446938975304,2.04,850
adaptive_lam0.01,2,0.475,0,AdaptiveGCN,0.01,0.8340590596199036,34,7032,61.63,0.4929,3,135.30052211442901,46.69375362571548,48.724087849552035,59.04643859561591,4.12,850
adaptive_lam0.01,2,0.475,1,AdaptiveGCN,0.01,0.8351971507072449,34,7032,44.899,0.4554,0,149.03064064386564,49.344451870632874,45.89087047537534,53.340476716959,nan,2550
adaptive_lam0.01,2,0.475,1,AdaptiveGCN,0.01,0.8351971507072449,34,7032,44.899,0.4554,1,126.36378893471843,41.13335504204911,40.33765067614059,43.64551844750435,2.64,850
adaptive_lam0.01,2,0.475,1,AdaptiveGCN,0.01,0.8351971507072449,34,7032,44.899,0.4554,2,169.90366370275578,52.20922704261954,45.3953357844629,48.1686210558092,3.24,850
adaptive_lam0.01,2,0.475,1,AdaptiveGCN,0.01,0.8351971507072449,34,7032,44.899,0.4554,3,147.63242685333688,54.69077352722997,51.93962496552253,68.20729064756348,3.64,850
adaptive_lam0.01,2,0.475,2,AdaptiveGCN,0.01,0.8500779867172241,34,7032,74.036,0.7704,0,142.21375820875573,50.93728545261583,47.83537386658763,58.51921971630269,nan,2550
adaptive_lam0.01,2,0.475,2,AdaptiveGCN,0.01,0.8500779867172241,34,7032,74.036,0.7704,1,107.47006058098384,39.48931851734133,41.685391780006555,48.720409822894275,3.24,850
adaptive_lam0.01,2,0.475,2,AdaptiveGCN,0.01,0.8500779867172241,34,7032,74.036,0.7704,2,164.29728981600655,56.978683417316745,48.175903552569125,58.360039062560574,5.64,850
adaptive_lam0.01,2,0.475,2,AdaptiveGCN,0.01,0.8500779867172241,34,7032,74.036,0.7704,3,148.76439664587133,56.34385442318943,53.6448262671872,68.47721026345326,4.68,850
adaptive_lam0.01,3,0.55,0,AdaptiveGCN,0.01,0.8500134944915771,34,7032,140.271,1.5518,0,24.5881912309446,13.025477948706671,58.46089275294344,64.29222680809723,nan,2550
adaptive_lam0.01,3,0.55,0,AdaptiveGCN,0.01,0.8500134944915771,34,7032,140.271,1.5518,1,18.05765331684232,10.088601715810158,51.60790207277544,57.69747796374445,1.2083333333333333,850
adaptive_lam0.01,3,0.55,0,AdaptiveGCN,0.01,0.8500134944915771,34,7032,140.271,1.5518,2,25.210620512559615,13.526749902630554,60.339654880383286,66.7000907163702,2.7916666666666665,850
adaptive_lam0.01,3,0.55,0,AdaptiveGCN,0.01,0.8500134944915771,34,7032,140.271,1.5518,3,29.19046443770542,15.461082227679299,63.43512130567157,68.49214878623316,3.625,850
adaptive_lam0.01,3,0.55,1,AdaptiveGCN,0.01,0.8751895427703857,34,7032,61.714,0.4839,0,22.92547472950642,12.553326964780378,56.56773423082022,63.959193954978325,nan,2550
adaptive_lam0.01,3,0.55,1,AdaptiveGCN,0.01,0.8751895427703857,34,7032,61.714,0.4839,1,16.91931574322108,9.675388448308496,50.89193545417784,53.124615774791295,1.3333333333333333,850
adaptive_lam0.01,3,0.55,1,AdaptiveGCN,0.01,0.8751895427703857,34,7032,61.714,0.4839,2,23.53993339464045,12.872628476321697,57.66689557154179,67.13378141014016,3.3333333333333335,850
adaptive_lam0.01,3,0.55,1,AdaptiveGCN,0.01,0.8751895427703857,34,7032,61.714,0.4839,3,27.13559406530093,15.11196396971094,61.144371666741016,71.64154812487075,4.125,850
adaptive_lam0.01,3,0.55,2,AdaptiveGCN,0.01,0.8645839691162109,34,7032,144.19,4.1743,0,21.682940297466104,11.798410178102351,56.919998086804746,59.46231809726111,nan,2550
adaptive_lam0.01,3,0.55,2,AdaptiveGCN,0.01,0.8645839691162109,34,7032,144.19,4.1743,1,16.568923031509364,9.499901837877765,50.794095276738005,53.87043274009237,1.9583333333333333,850
adaptive_lam0.01,3,0.55,2,AdaptiveGCN,0.01,0.8645839691162109,34,7032,144.19,4.1743,2,21.754083430498206,11.814969826568575,57.38621055597459,62.366173338155285,3.125,850
adaptive_lam0.01,3,0.55,2,AdaptiveGCN,0.01,0.8645839691162109,34,7032,144.19,4.1743,3,25.742578416026635,14.080358869860715,62.57968842770162,62.16036020322545,3.7083333333333335,850
adaptive_lam0.01,4,0.625,0,AdaptiveGCN,0.01,0.8968279957771301,34,7032,103.717,0.9939,0,30.375181773532773,14.21653768785307,52.13259362260453,57.370839977777734,nan,2550
adaptive_lam0.01,4,0.625,0,AdaptiveGCN,0.01,0.8968279957771301,34,7032,103.717,0.9939,1,26.84252009014593,12.651220705901437,50.765361872523954,54.91409137924717,2.6666666666666665,850
adaptive_lam0.01,4,0.625,0,AdaptiveGCN,0.01,0.8968279957771301,34,7032,103.717,0.9939,2,28.01894162220023,13.515693235761377,51.45066913377888,57.26759527981857,3.3333333333333335,850
adaptive_lam0.01,4,0.625,0,AdaptiveGCN,0.01,0.8968279957771301,34,7032,103.717,0.9939,3,35.52988923297286,16.482699121896395,54.181749861510774,59.93083327426745,3.7916666666666665,850
adaptive_lam0.01,4,0.625,1,AdaptiveGCN,0.01,0.8940072655677795,34,7032,69.149,0.5132,0,30.59191237695794,14.330090430090934,51.84456429210959,59.18123632508866,nan,2550
adaptive_lam0.01,4,0.625,1,AdaptiveGCN,0.01,0.8940072655677795,34,7032,69.149,0.5132,1,27.357408604898485,13.241504918880322,51.24468328751348,60.27079362494546,3.6666666666666665,850
adaptive_lam0.01,4,0.625,1,AdaptiveGCN,0.01,0.8940072655677795,34,7032,69.149,0.5132,2,28.295601846493383,13.694215988157426,51.43348595221022,60.26413672403672,4.041666666666667,850
adaptive_lam0.01,4,0.625,1,AdaptiveGCN,0.01,0.8940072655677795,34,7032,69.149,0.5132,3,35.475715908319074,16.054550383235053,52.85552363660504,57.00877862628377,7.291666666666667,850
adaptive_lam0.01,4,0.625,2,AdaptiveGCN,0.01,0.8819937109947205,34,7032,73.216,1.3222,0,31.109615511851725,14.36635143941277,52.18653498876957,56.36899395136441,nan,2550
adaptive_lam0.01,4,0.625,2,AdaptiveGCN,0.01,0.8819937109947205,34,7032,73.216,1.3222,1,27.059976501944632,12.682072622126555,50.54005972419512,55.1172550762533,2.6666666666666665,850
adaptive_lam0.01,4,0.625,2,AdaptiveGCN,0.01,0.8819937109947205,34,7032,73.216,1.3222,2,29.53560901944075,13.948059548853951,51.75867010472278,56.05889512402834,5.0,850
adaptive_lam0.01,4,0.625,2,AdaptiveGCN,0.01,0.8819937109947205,34,7032,73.216,1.3222,3,36.03928416950967,16.4689221472578,54.260875137390855,57.93083165381161,4.0,850
adaptive_lam0.01,5,0.7,0,AdaptiveGCN,0.01,0.8978725075721741,34,7032,88.5,1.143,0,57.39855804486777,28.58805639284606,45.67174517477885,52.169959023287106,nan,2550
adaptive_lam0.01,5,0.7,0,AdaptiveGCN,0.01,0.8978725075721741,34,7032,88.5,1.143,1,41.25587397813741,21.745595959012384,38.90518924666083,40.399355707895715,1.04,850
adaptive_lam0.01,5,0.7,0,AdaptiveGCN,0.01,0.8978725075721741,34,7032,88.5,1.143,2,56.276336795882095,28.830363336775232,44.3911617912514,47.93941875901733,2.72,850
adaptive_lam0.01,5,0.7,0,AdaptiveGCN,0.01,0.8978725075721741,34,7032,88.5,1.143,3,70.81461837803445,35.188209882750556,53.71888448642432,68.38563717253561,3.6666666666666665,850
adaptive_lam0.01,5,0.7,1,AdaptiveGCN,0.01,0.8583617210388184,34,7032,132.95,2.5,0,61.89639517529922,30.67189745627346,48.08051058044466,55.824184954077275,nan,2550
adaptive_lam0.01,5,0.7,1,AdaptiveGCN,0.01,0.8583617210388184,34,7032,132.95,2.5,1,45.757699944312414,23.143728716256412,40.04125203816748,39.728573073517936,1.16,850
adaptive_lam0.01,5,0.7,1,AdaptiveGCN,0.01,0.8583617210388184,34,7032,132.95,2.5,2,61.63436554563303,31.30037438032765,48.13939078707721,53.2223498866861,4.04,850
adaptive_lam0.01,5,0.7,1,AdaptiveGCN,0.01,0.8583617210388184,34,7032,132.95,2.5,3,74.83935519954703,37.57158927223632,56.060888916089304,74.77831339536031,4.666666666666667,850
adaptive_lam0.01,5,0.7,2,AdaptiveGCN,0.01,0.8746147155761719,34,7032,71.722,2.1303,0,62.114885856819,30.13940899581904,47.30789779676845,54.72398438240125,nan,2550
adaptive_lam0.01,5,0.7,2,AdaptiveGCN,0.01,0.8746147155761719,34,7032,71.722,2.1303,1,44.95727965636364,22.930695604039904,39.83679703574497,41.1253593174267,0.96,850
adaptive_lam0.01,5,0.7,2,AdaptiveGCN,0.01,0.8746147155761719,34,7032,71.722,2.1303,2,61.918791713936244,30.470166909024666,46.11047920373188,50.17659546560244,3.32,850
adaptive_lam0.01,5,0.7,2,AdaptiveGCN,0.01,0.8746147155761719,34,7032,71.722,2.1303,3,75.62858833538182,37.01736447439255,55.9764171508285,73.11393098384924,4.166666666666667,850
adaptive_lam0.01,6,0.775,0,AdaptiveGCN,0.01,0.8813682198524475,34,7032,67.261,1.4866,0,12.347176867800542,6.183704221168688,100.92617966267987,100.5070198994837,nan,2550
adaptive_lam0.01,6,0.775,0,AdaptiveGCN,0.01,0.8813682198524475,34,7032,67.261,1.4866,1,9.278561027809467,4.9053786265587105,98.6331261795156,79.78729764298363,4.642857142857143,850
adaptive_lam0.01,6,0.775,0,AdaptiveGCN,0.01,0.8813682198524475,34,7032,67.261,1.4866,2,11.970011572392552,6.039599929753253,99.58637473265506,98.67933467515864,4.142857142857143,850
adaptive_lam0.01,6,0.775,0,AdaptiveGCN,0.01,0.8813682198524475,34,7032,67.261,1.4866,3,15.09918732992773,7.6061341071941015,104.55903807586895,123.10734009909277,6.214285714285714,850
adaptive_lam0.01,6,0.775,1,AdaptiveGCN,0.01,0.8660101294517517,34,7032,45.494,0.5771,0,10.87926115981532,5.420431104768487,88.65064379814613,87.60967890881818,nan,2550
adaptive_lam0.01,6,0.775,1,AdaptiveGCN,0.01,0.8660101294517517,34,7032,45.494,0.5771,1,8.528026136437397,4.4261023974369085,83.4244200294777,71.35845348407311,2.2142857142857144,850
adaptive_lam0.01,6,0.775,1,AdaptiveGCN,0.01,0.8660101294517517,34,7032,45.494,0.5771,2,10.72905456608268,5.385683379581828,89.36894672846113,88.18882612960299,4.0,850
adaptive_lam0.01,6,0.775,1,AdaptiveGCN,0.01,0.8660101294517517,34,7032,45.494,0.5771,3,12.93194217759496,6.449507537286725,93.15856463649958,103.3357401201159,4.642857142857143,850
adaptive_lam0.01,6,0.775,2,AdaptiveGCN,0.01,0.8474328517913818,34,7032,57.504,0.7168,0,10.621398839750261,5.31293022827735,87.40522766334234,86.16423203124583,nan,2550
adaptive_lam0.01,6,0.775,2,AdaptiveGCN,0.01,0.8474328517913818,34,7032,57.504,0.7168,1,8.718442830084157,4.556632258050753,94.3665495769044,75.20938720741482,3.9285714285714284,850
adaptive_lam0.01,6,0.775,2,AdaptiveGCN,0.01,0.8474328517913818,34,7032,57.504,0.7168,2,10.219173180670923,5.168390519902494,82.27277187157902,84.13169913045775,3.142857142857143,850
adaptive_lam0.01,6,0.775,2,AdaptiveGCN,0.01,0.8474328517913818,34,7032,57.504,0.7168,3,12.569788942585905,6.213767906878801,85.57636154154366,99.17297341174782,4.571428571428571,850
adaptive_lam0.01,7,0.85,0,AdaptiveGCN,0.01,0.8709824681282043,34,7032,69.697,1.3286,0,87.89807944139282,21.330650784511224,88.00622754865928,391.45459060650745,nan,2550
adaptive_lam0.01,7,0.85,0,AdaptiveGCN,0.01,0.8709824681282043,34,7032,69.697,1.3286,1,89.12054204538184,20.59750228356618,85.88927089832963,418.12336999578076,2.76,850
adaptive_lam0.01,7,0.85,0,AdaptiveGCN,0.01,0.8709824681282043,34,7032,69.697,1.3286,2,87.37905918239267,21.09671806501115,86.91243560389564,309.3573440981203,3.52,850
adaptive_lam0.01,7,0.85,0,AdaptiveGCN,0.01,0.8709824681282043,34,7032,69.697,1.3286,3,87.18168448930923,22.29773200495634,91.21697614375253,446.8770233581159,4.36,850
adaptive_lam0.01,7,0.85,1,AdaptiveGCN,0.01,0.8472999334335327,34,7032,123.422,0.9876,0,91.93943213947696,22.09421258903508,95.31561058978275,426.3203700888384,nan,2550
adaptive_lam0.01,7,0.85,1,AdaptiveGCN,0.01,0.8472999334335327,34,7032,123.422,0.9876,1,92.19920726768699,21.089317370835857,94.75020679178846,449.90255701249697,1.6,850
adaptive_lam0.01,7,0.85,1,AdaptiveGCN,0.01,0.8472999334335327,34,7032,123.422,0.9876,2,93.4670253427428,22.31555155082462,95.45134961068922,348.82204298427433,2.36,850
adaptive_lam0.01,7,0.85,1,AdaptiveGCN,0.01,0.8472999334335327,34,7032,123.422,0.9876,3,90.12102362477712,22.877768845444763,95.74527536687053,480.21702465261916,3.2,850
adaptive_lam0.01,7,0.85,2,AdaptiveGCN,0.01,0.8991080522537231,34,7032,90.934,0.535,0,85.06275953758217,20.825017683109596,92.98146179508723,367.88319586404725,nan,2550
adaptive_lam0.01,7,0.85,2,AdaptiveGCN,0.01,0.8991080522537231,34,7032,90.934,0.535,1,86.3246925775509,20.084775605006726,89.55874448917803,394.6013321284306,2.56,850
adaptive_lam0.01,7,0.85,2,AdaptiveGCN,0.01,0.8991080522537231,34,7032,90.934,0.535,2,85.4923979627327,20.852106732069036,93.614324456492,299.8904767708554,3.32,850
adaptive_lam0.01,7,0.85,2,AdaptiveGCN,0.01,0.8991080522537231,34,7032,90.934,0.535,3,83.34336519734879,21.538170712253024,95.77131643959166,409.1928773644285,4.36,850
adaptive_lam0.01,8,0.925,0,AdaptiveGCN,0.01,0.8542312383651733,34,7032,353.88,0.7473,0,26.863647731371454,11.42572869273496,79.43971548201493,94.60224382516591,nan,2550
adaptive_lam0.01,8,0.925,0,AdaptiveGCN,0.01,0.8542312383651733,34,7032,353.88,0.7473,1,24.946514380435644,9.685568124609725,73.31759258411532,80.1608595734956,2.7142857142857144,850
adaptive_lam0.01,8,0.925,0,AdaptiveGCN,0.01,0.8542312383651733,34,7032,353.88,0.7473,2,26.614385452552416,11.398846838851185,80.03279148839015,95.23618842751364,3.5714285714285716,850
adaptive_lam0.01,8,0.925,0,AdaptiveGCN,0.01,0.8542312383651733,34,7032,353.88,0.7473,3,28.884470144964403,13.192771114743971,84.96876237353936,108.31403029428262,5.619047619047619,850
adaptive_lam0.01,8,0.925,1,AdaptiveGCN,0.01,0.8678197860717773,34,7032,305.569,4.2193,0,29.128253141357867,12.846214057451112,81.37249381774062,108.18374792368448,nan,2550
adaptive_lam0.01,8,0.925,1,AdaptiveGCN,0.01,0.8678197860717773,34,7032,305.569,4.2193,1,26.349082579503346,10.849309264484704,76.79646192739753,89.79008613110378,2.4285714285714284,850
adaptive_lam0.01,8,0.925,1,AdaptiveGCN,0.01,0.8678197860717773,34,7032,305.569,4.2193,2,28.647148145129854,12.820969749090864,79.69683269932362,108.07447528818766,3.5714285714285716,850
adaptive_lam0.01,8,0.925,1,AdaptiveGCN,0.01,0.8678197860717773,34,7032,305.569,4.2193,3,32.1003449135764,14.868363158777766,87.62418682650073,126.56110939003493,5.095238095238095,850
adaptive_lam0.01,8,0.925,2,AdaptiveGCN,0.01,0.8672152757644653,34,7032,146.016,0.8027,0,26.847426834865754,11.402315753988542,78.76252573896727,95.13606671366357,nan,2550
adaptive_lam0.01,8,0.925,2,AdaptiveGCN,0.01,0.8672152757644653,34,7032,146.016,0.8027,1,24.86110187016945,9.74208872286644,72.04311610767967,80.4292756040526,2.7142857142857144,850
adaptive_lam0.01,8,0.925,2,AdaptiveGCN,0.01,0.8672152757644653,34,7032,146.016,0.8027,2,26.368217125364215,11.248928831895704,78.15212736796755,93.71522635554153,3.761904761904762,850
adaptive_lam0.01,8,0.925,2,AdaptiveGCN,0.01,0.8672152757644653,34,7032,146.016,0.8027,3,29.13753116499606,13.215929707203484,86.09233374125463,111.1578526349715,5.285714285714286,850
adaptive_lam0.1,1,0.4,0,AdaptiveGCN,0.1,0.868881344795227,34,7032,32.683,0.6243,0,140.41769062878555,53.47223937352636,70.10928904877612,61.65485715928563,nan,2550
adaptive_lam0.1,1,0.4,0,AdaptiveGCN,0.1,0.868881344795227,34,7032,32.683,0.6243,1,113.3417077795758,43.406981634712395,63.10086275754896,56.89944830301893,5.2,850
adaptive_lam0.1,1,0.4,0,AdaptiveGCN,0.1,0.868881344795227,34,7032,32.683,0.6243,2,129.17279697309507,50.96074452463537,69.1526569521043,63.81745740724184,5.8,850
adaptive_lam0.1,1,0.4,0,AdaptiveGCN,0.1,0.868881344795227,34,7032,32.683,0.6243,3,172.10296140485434,66.0489919612313,78.07434743667507,64.21525940574607,9.52,850
adaptive_lam0.1,1,0.4,1,AdaptiveGCN,0.1,0.8379101753234863,34,7032,41.623,0.9046,0,119.74305218029524,45.853508605634445,65.01966888053602,60.110246199547376,nan,2550
adaptive_lam0.1,1,0.4,1,AdaptiveGCN,0.1,0.8379101753234863,34,7032,41.623,0.9046,1,78.91948660380642,32.28392991666052,57.45539982629202,56.759936467359616,3.4,850
adaptive_lam0.1,1,0.4,1,AdaptiveGCN,0.1,0.8379101753234863,34,7032,41.623,0.9046,2,122.65170065216572,47.858159777861744,65.76824182896294,62.38077260217949,5.08,850
adaptive_lam0.1,1,0.4,1,AdaptiveGCN,0.1,0.8379101753234863,34,7032,41.623,0.9046,3,147.45667362883876,57.418436122381074,71.8353649863531,61.16990789800576,8.04,850
adaptive_lam0.1,1,0.4,2,AdaptiveGCN,0.1,0.8915566802024841,34,7032,26.893,0.5063,0,146.26231989054355,55.34451890806814,71.56599944955882,62.438675224813636,nan,2550
adaptive_lam0.1,1,0.4,2,AdaptiveGCN,0.1,0.8915566802024841,34,7032,26.893,0.5063,1,116.70657834697826,44.47477062127279,64.16077427507733,58.8061825592723,5.44,850
adaptive_lam0.1,1,0.4,2,AdaptiveGCN,0.1,0.8915566802024841,34,7032,26.893,0.5063,2,139.61398992089258,54.30711379003218,72.32771831726596,63.53523320589824,6.04,850
adaptive_lam0.1,1,0.4,2,AdaptiveGCN,0.1,0.8915566802024841,34,7032,26.893,0.5063,3,176.2540979614392,67.25167231289944,78.20950575633312,64.94784113694203,9.52,850
adaptive_lam0.1,2,0.475,0,AdaptiveGCN,0.1,0.8418232798576355,34,7032,52.522,0.923,0,141.74637657929446,44.9890298502118,43.5185025089128,46.99447411156587,nan,2550
adaptive_lam0.1,2,0.475,0,AdaptiveGCN,0.1,0.8418232798576355,34,7032,52.522,0.923,1,116.34013357020861,38.76248266914312,38.240332054720234,40.14878677195502,2.48,850
adaptive_lam0.1,2,0.475,0,AdaptiveGCN,0.1,0.8418232798576355,34,7032,52.522,0.923,2,142.11491689925876,45.67312527130632,42.680082962184606,46.37807438464096,2.72,850
adaptive_lam0.1,2,0.475,0,AdaptiveGCN,0.1,0.8418232798576355,34,7032,52.522,0.923,3,162.9246130443779,50.531481610185956,49.63509250983357,54.45656117810166,4.0,850
adaptive_lam0.1,2,0.475,1,AdaptiveGCN,0.1,0.8422917723655701,34,7032,51.789,0.8725,0,207.5097127216303,63.67200718429232,50.8913264225916,49.838519885380926,nan,2550
adaptive_lam0.1,2,0.475,1,AdaptiveGCN,0.1,0.8422917723655701,34,7032,51.789,0.8725,1,212.8964594747513,64.71072265155394,47.833491186348894,44.10529484333335,3.6,850
adaptive_lam0.1,2,0.475,1,AdaptiveGCN,0.1,0.8422917723655701,34,7032,51.789,0.8725,2,229.18349924353018,71.71773645215174,53.45363338623663,48.80674896257396,7.04,850
adaptive_lam0.1,2,0.475,1,AdaptiveGCN,0.1,0.8422917723655701,34,7032,51.789,0.8725,3,177.00526500374778,54.587562449171266,51.38685469518926,56.603515850235496,4.8,850
adaptive_lam0.1,2,0.475,2,AdaptiveGCN,0.1,0.9534314274787903,34,7032,40.987,0.5389,0,212.79245137863262,65.79196402669683,53.13078597086529,55.42407322713016,nan,2550
adaptive_lam0.1,2,0.475,2,AdaptiveGCN,0.1,0.9534314274787903,34,7032,40.987,0.5389,1,208.88636241751658,62.17642808954067,47.2135225386806,47.05196583888057,4.16,850
adaptive_lam0.1,2,0.475,2,AdaptiveGCN,0.1,0.9534314274787903,34,7032,40.987,0.5389,2,219.8132308603761,68.51399457396391,53.334337699430115,55.43881777682038,5.52,850
adaptive_lam0.1,2,0.475,2,AdaptiveGCN,0.1,0.9534314274787903,34,7032,40.987,0.5389,3,209.50062822312518,66.68546941658592,58.844497674485154,63.7814360656895,5.6,850
adaptive_lam0.1,3,0.55,0,AdaptiveGCN,0.1,0.9616860151290894,34,7032,47.36,0.561,0,21.62300877031029,12.227472894240773,56.86483147399984,68.56442698396073,nan,2550
adaptive_lam0.1,3,0.55,0,AdaptiveGCN,0.1,0.9616860151290894,34,7032,47.36,0.561,1,17.13008144083865,10.138157800344532,51.75477078090369,64.16897857113631,2.0416666666666665,850
adaptive_lam0.1,3,0.55,0,AdaptiveGCN,0.1,0.9616860151290894,34,7032,47.36,0.561,2,21.87674464787509,12.30557240420158,57.68738138162905,70.08434132932727,3.9583333333333335,850
adaptive_lam0.1,3,0.55,0,AdaptiveGCN,0.1,0.9616860151290894,34,7032,47.36,0.561,3,25.112384958116802,14.238688478176208,61.152342259466785,71.44875304958099,5.25,850
adaptive_lam0.1,3,0.55,1,AdaptiveGCN,0.1,0.9843898415565491,34,7032,164.029,1.7367,0,24.86362033338079,13.381717095920033,61.24348672793122,68.3707445318518,nan,2550
adaptive_lam0.1,3,0.55,1,AdaptiveGCN,0.1,0.9843898415565491,34,7032,164.029,1.7367,1,18.81319526187003,10.7462694707027,53.8034836469552,65.51491753613345,1.7083333333333333,850
adaptive_lam0.1,3,0.55,1,AdaptiveGCN,0.1,0.9843898415565491,34,7032,164.029,1.7367,2,25.71232607463469,13.897098653834204,63.91252528988439,70.36849993413541,4.0,850
adaptive_lam0.1,3,0.55,1,AdaptiveGCN,0.1,0.9843898415565491,34,7032,164.029,1.7367,3,28.97479629122407,15.501783163223196,66.01445124695408,69.23330693373775,5.125,850
adaptive_lam0.1,3,0.55,2,AdaptiveGCN,0.1,0.9810765981674194,34,7032,133.546,3.2912,0,24.138460130648472,12.6681820575283,58.67893200485944,62.84658871330828,nan,2550
adaptive_lam0.1,3,0.55,2,AdaptiveGCN,0.1,0.9810765981674194,34,7032,133.546,3.2912,1,20.728519652642156,10.95883095450535,53.45868011552295,57.66296091862522,2.4166666666666665,850
adaptive_lam0.1,3,0.55,2,AdaptiveGCN,0.1,0.9810765981674194,34,7032,133.546,3.2912,2,23.869934497138477,12.584261739774442,59.18734629803984,65.26024623316808,3.6666666666666665,850
adaptive_lam0.1,3,0.55,2,AdaptiveGCN,0.1,0.9810765981674194,34,7032,133.546,3.2912,3,27.359650446397588,14.461453478305108,63.390769601015506,65.62617639813094,3.5,850
adaptive_lam0.1,4,0.625,0,AdaptiveGCN,0.1,0.9676814675331116,34,7032,51.614,0.3018,0,31.932833603812803,15.139849785731412,53.64742712924069,67.20925890875819,nan,2550
adaptive_lam0.1,4,0.625,0,AdaptiveGCN,0.1,0.9676814675331116,34,7032,51.614,0.3018,1,29.040891439074613,13.87840488707318,51.99628002348944,63.847880454964766,2.7083333333333335,850
adaptive_lam0.1,4,0.625,0,AdaptiveGCN,0.1,0.9676814675331116,34,7032,51.614,0.3018,2,29.998872407837016,14.546786626310032,53.42466168671264,66.54698193581335,3.2083333333333335,850
adaptive_lam0.1,4,0.625,0,AdaptiveGCN,0.1,0.9676814675331116,34,7032,51.614,0.3018,3,36.27412114150509,16.99435784381102,55.52133967751999,71.23291433549642,3.5833333333333335,850
adaptive_lam0.1,4,0.625,1,AdaptiveGCN,0.1,0.9705731868743896,34,7032,52.745,0.6328,0,32.530232129860536,16.19723585290944,55.168223085970546,76.80125015942184,nan,2550
adaptive_lam0.1,4,0.625,1,AdaptiveGCN,0.1,0.9705731868743896,34,7032,52.745,0.6328,1,30.02865002932275,15.277427380786223,53.87789041330241,75.42346659401979,5.041666666666667,850
adaptive_lam0.1,4,0.625,1,AdaptiveGCN,0.1,0.9705731868743896,34,7032,52.745,0.6328,2,30.761803319895776,15.807941275940221,55.02108729670173,77.84188305323669,6.541666666666667,850
adaptive_lam0.1,4,0.625,1,AdaptiveGCN,0.1,0.9705731868743896,34,7032,52.745,0.6328,3,36.42306468698559,17.506338902001872,56.60569154790753,77.13840083100905,5.166666666666667,850
adaptive_lam0.1,4,0.625,2,AdaptiveGCN,0.1,0.9085665941238403,34,7032,64.907,0.4953,0,32.42088755733897,14.862158626957852,53.25046809244236,60.34194584314415,nan,2550
adaptive_lam0.1,4,0.625,2,AdaptiveGCN,0.1,0.9085665941238403,34,7032,64.907,0.4953,1,28.26619825170141,13.223130246120341,51.38001503974442,58.84997927085925,2.5416666666666665,850
adaptive_lam0.1,4,0.625,2,AdaptiveGCN,0.1,0.9085665941238403,34,7032,64.907,0.4953,2,31.453720064010042,14.651157334416228,53.10614819858688,61.020213455857956,5.125,850
adaptive_lam0.1,4,0.625,2,AdaptiveGCN,0.1,0.9085665941238403,34,7032,64.907,0.4953,3,36.94627695109827,16.712188300336987,55.265241038995825,61.15564480271528,4.583333333333333,850
adaptive_lam0.1,5,0.7,0,AdaptiveGCN,0.1,0.9662942290306091,34,7032,76.243,1.7173,0,69.52650145254826,32.395555753067924,48.382644631594694,53.272208694190404,nan,2550
adaptive_lam0.1,5,0.7,0,AdaptiveGCN,0.1,0.9662942290306091,34,7032,76.243,1.7173,1,53.68043739218434,25.766906379045754,41.65813956510777,43.0253950295128,1.12,850
adaptive_lam0.1,5,0.7,0,AdaptiveGCN,0.1,0.9662942290306091,34,7032,76.243,1.7173,2,68.39379206367082,32.41191952017081,47.25272248431267,49.55091856160883,2.76,850
adaptive_lam0.1,5,0.7,0,AdaptiveGCN,0.1,0.9662942290306091,34,7032,76.243,1.7173,3,83.32168421982793,39.0078413599872,56.23707184536364,67.42751679555288,3.875,850
adaptive_lam0.1,5,0.7,1,AdaptiveGCN,0.1,0.8793354630470276,34,7032,84.656,0.9149,0,55.638903010832244,28.369377350693696,48.790699368152204,56.31742704465744,nan,2550
adaptive_lam0.1,5,0.7,1,AdaptiveGCN,0.1,0.8793354630470276,34,7032,84.656,0.9149,1,42.83627373349234,21.794585323106524,41.85493080662269,41.82608677039087,1.0,850
adaptive_lam0.1,5,0.7,1,AdaptiveGCN,0.1,0.8793354630470276,34,7032,84.656,0.9149,2,53.83976970172965,28.115970394375378,48.24846784600935,51.694762576348005,1.88,850
adaptive_lam0.1,5,0.7,1,AdaptiveGCN,0.1,0.8793354630470276,34,7032,84.656,0.9149,3,67.47885176735316,35.197576334599184,56.26869945182459,75.68880531249813,3.7916666666666665,850
adaptive_lam0.1,5,0.7,2,AdaptiveGCN,0.1,0.9759785532951355,34,7032,80.849,0.5812,0,57.98492225553334,28.50804719882305,46.98522625707183,54.68635746955084,nan,2550
adaptive_lam0.1,5,0.7,2,AdaptiveGCN,0.1,0.9759785532951355,34,7032,80.849,0.5812,1,44.59042944387533,22.08414452223217,39.65783880798342,40.41097002709543,1.76,850
adaptive_lam0.1,5,0.7,2,AdaptiveGCN,0.1,0.9759785532951355,34,7032,80.849,0.5812,2,57.1175530141237,28.69383850961595,45.23025306131061,50.88479863919001,2.88,850
adaptive_lam0.1,5,0.7,2,AdaptiveGCN,0.1,0.9759785532951355,34,7032,80.849,0.5812,3,69.54158731744828,34.746158564621034,56.06758690192144,73.00817351360939,3.4583333333333335,850
adaptive_lam0.1,6,0.775,0,AdaptiveGCN,0.1,0.8552555441856384,34,7032,44.633,0.5067,0,10.662211178297134,5.30831425921923,83.96300346858979,85.49473168355895,nan,2550
adaptive_lam0.1,6,0.775,0,AdaptiveGCN,0.1,0.8552555441856384,34,7032,44.633,0.5067,1,8.414874893662892,4.362847754992408,74.58748466919826,69.95194104618326,3.4285714285714284,850
adaptive_lam0.1,6,0.775,0,AdaptiveGCN,0.1,0.8552555441856384,34,7032,44.633,0.5067,2,10.596294484263158,5.371234391418642,89.17529649632827,88.17290788948868,4.142857142857143,850
adaptive_lam0.1,6,0.775,0,AdaptiveGCN,0.1,0.8552555441856384,34,7032,44.633,0.5067,3,12.56808121228492,6.1908606312466405,88.12622924024284,98.42414965934367,4.642857142857143,850
adaptive_lam0.1,6,0.775,1,AdaptiveGCN,0.1,0.8559156656265259,34,7032,88.822,1.4993,0,10.961251799960241,5.487581624554981,95.95063024554563,89.9775931843635,nan,2550
adaptive_lam0.1,6,0.775,1,AdaptiveGCN,0.1,0.8559156656265259,34,7032,88.822,1.4993,1,8.798263418461667,4.592347940835992,95.64744764451932,75.47182348265856,2.2142857142857144,850
adaptive_lam0.1,6,0.775,1,AdaptiveGCN,0.1,0.8559156656265259,34,7032,88.822,1.4993,2,10.887190050064763,5.49424561702482,96.51242272822202,91.74247788694404,3.142857142857143,850
adaptive_lam0.1,6,0.775,1,AdaptiveGCN,0.1,0.8559156656265259,34,7032,88.822,1.4993,3,12.826019518912517,6.37615131580413,95.69202036389558,102.77440233575727,4.857142857142857,850
adaptive_lam0.1,6,0.775,2,AdaptiveGCN,0.1,0.9733068943023682,34,7032,155.933,1.9949,0,11.809897921128202,5.874994150210975,97.67197494160133,96.33199915627843,nan,2550
adaptive_lam0.1,6,0.775,2,AdaptiveGCN,0.1,0.9733068943023682,34,7032,155.933,1.9949,1,9.353388144786242,4.7616321149154786,93.00645906364774,76.8463007968442,3.357142857142857,850
adaptive_lam0.1,6,0.775,2,AdaptiveGCN,0.1,0.9733068943023682,34,7032,155.933,1.9949,2,11.903504940887117,5.931335719908615,97.74515694386558,98.6059849667306,4.142857142857143,850
adaptive_lam0.1,6,0.775,2,AdaptiveGCN,0.1,0.9733068943023682,34,7032,155.933,1.9949,3,13.756517257563882,6.932014615808833,102.26430881729067,113.6182347129514,4.642857142857143,850
adaptive_lam0.1,7,0.85,0,AdaptiveGCN,0.1,0.8884256482124329,34,7032,51.96,0.6422,0,84.67126936270026,20.696023926039224,93.10727034458057,364.0101450774596,nan,2550
adaptive_lam0.1,7,0.85,0,AdaptiveGCN,0.1,0.8884256482124329,34,7032,51.96,0.6422,1,85.9840799421087,19.991005237571674,92.27958809795396,390.4473356603253,2.76,850
adaptive_lam0.1,7,0.85,0,AdaptiveGCN,0.1,0.8884256482124329,34,7032,51.96,0.6422,2,83.3203276620008,20.305033810672228,89.79485647184204,278.8616978931271,3.32,850
adaptive_lam0.1,7,0.85,0,AdaptiveGCN,0.1,0.8884256482124329,34,7032,51.96,0.6422,3,84.68844408346817,21.792032729873764,97.24736646394572,422.7045564395735,3.2,850
adaptive_lam0.1,7,0.85,1,AdaptiveGCN,0.1,0.9270161390304565,34,7032,111.909,0.4786,0,87.46179588712664,21.242691899798572,96.25271930856887,386.6917300608842,nan,2550
adaptive_lam0.1,7,0.85,1,AdaptiveGCN,0.1,0.9270161390304565,34,7032,111.909,0.4786,1,87.75090398141948,20.301060130945682,92.99789674350707,410.5375258017067,2.56,850
adaptive_lam0.1,7,0.85,1,AdaptiveGCN,0.1,0.9270161390304565,34,7032,111.909,0.4786,2,88.8430370567238,21.41202901899513,97.88258415786302,313.43288253349976,3.32,850
adaptive_lam0.1,7,0.85,1,AdaptiveGCN,0.1,0.9270161390304565,34,7032,111.909,0.4786,3,85.76357523089571,22.0149865494549,97.87767702433648,436.09981370803814,4.16,850
adaptive_lam0.1,7,0.85,2,AdaptiveGCN,0.1,0.9388155341148376,34,7032,64.188,0.5057,0,81.31176246896464,19.959650177182095,97.6667471907071,330.9242460156803,nan,2550
adaptive_lam0.1,7,0.85,2,AdaptiveGCN,0.1,0.9388155341148376,34,7032,64.188,0.5057,1,81.8169648394025,19.118506769743366,94.09832248751576,352.5652284275992,3.0,850
adaptive_lam0.1,7,0.85,2,AdaptiveGCN,0.1,0.9388155341148376,34,7032,64.188,0.5057,2,81.69671256336329,20.052687470968266,98.30303295328679,267.82391478150396,3.56,850
adaptive_lam0.1,7,0.85,2,AdaptiveGCN,0.1,0.9388155341148376,34,7032,64.188,0.5057,3,80.41417516977435,20.707756290834652,100.59888613131871,372.38885491297816,4.6,850
adaptive_lam0.1,8,0.925,0,AdaptiveGCN,0.1,0.9849004745483398,34,7032,190.25,5.0366,0,26.19203597931734,11.248360579933825,80.98056169371844,93.25204855035827,nan,2550
adaptive_lam0.1,8,0.925,0,AdaptiveGCN,0.1,0.9849004745483398,34,7032,190.25,5.0366,1,24.33535133497338,9.61063071451369,75.42679724602556,78.58925676388428,2.1904761904761907,850
adaptive_lam0.1,8,0.925,0,AdaptiveGCN,0.1,0.9849004745483398,34,7032,190.25,5.0366,2,25.72838427697917,11.067784653589513,80.64365892853287,92.43357134550999,4.0476190476190474,850
adaptive_lam0.1,8,0.925,0,AdaptiveGCN,0.1,0.9849004745483398,34,7032,190.25,5.0366,3,28.35329194511745,13.066666371698272,86.87122890659688,108.6302299354943,3.6666666666666665,850
adaptive_lam0.1,8,0.925,1,AdaptiveGCN,0.1,0.9839876890182495,34,7032,323.359,0.6127,0,28.466355990202892,12.842368441762439,85.71484780143393,108.64745620257506,nan,2550
adaptive_lam0.1,8,0.925,1,AdaptiveGCN,0.1,0.9839876890182495,34,7032,323.359,0.6127,1,25.434765815140285,11.050522943083745,80.85402170111091,89.08929097636661,4.666666666666667,850
adaptive_lam0.1,8,0.925,1,AdaptiveGCN,0.1,0.9839876890182495,34,7032,323.359,0.6127,2,28.403446993637154,12.814706903497195,85.64864959697205,110.06044129551698,5.333333333333333,850
adaptive_lam0.1,8,0.925,1,AdaptiveGCN,0.1,0.9839876890182495,34,7032,323.359,0.6127,3,31.26207217846405,14.661875478706378,90.64187210621884,126.66535487889985,7.0,850
adaptive_lam0.1,8,0.925,2,AdaptiveGCN,0.1,0.9844293594360352,34,7032,166.073,0.7751,0,25.721264962524277,11.723788658148385,84.5864762048546,98.59472894490705,nan,2550
adaptive_lam0.1,8,0.925,2,AdaptiveGCN,0.1,0.9844293594360352,34,7032,166.073,0.7751,1,23.768878645875464,10.008462374823935,79.32241312206752,82.3674207410452,2.9523809523809526,850
adaptive_lam0.1,8,0.925,2,AdaptiveGCN,0.1,0.9844293594360352,34,7032,166.073,0.7751,2,25.486370805092033,11.703172689370591,84.10775990181628,98.94843002170705,4.857142857142857,850
adaptive_lam0.1,8,0.925,2,AdaptiveGCN,0.1,0.9844293594360352,34,7032,166.073,0.7751,3,27.753120994225764,13.459730910250629,90.32925559068005,114.35938989810643,4.666666666666667,850
adaptive_lam1.0,1,0.4,0,AdaptiveGCN,1.0,0.836787223815918,34,7032,38.702,0.8944,0,183.753232939971,75.92402271070141,105.50062443449187,71.17296358085675,nan,2550
adaptive_lam1.0,1,0.4,0,AdaptiveGCN,1.0,0.836787223815918,34,7032,38.702,0.8944,1,161.80263016380303,67.39696921115083,99.53215873876987,69.34524696441378,10.2,850
adaptive_lam1.0,1,0.4,0,AdaptiveGCN,1.0,0.836787223815918,34,7032,38.702,0.8944,2,178.12607906389476,74.46497836425134,106.65681385654268,71.73810234434028,9.8,850
adaptive_lam1.0,1,0.4,0,AdaptiveGCN,1.0,0.836787223815918,34,7032,38.702,0.8944,3,208.2948887444731,85.91012055670204,110.31290070816301,72.422121119397,14.4,850
adaptive_lam1.0,1,0.4,1,AdaptiveGCN,1.0,0.8367692232131958,34,7032,35.671,0.9853,0,187.02672962860527,78.36967333503405,111.71179921701841,74.5501453126922,nan,2550
adaptive_lam1.0,1,0.4,1,AdaptiveGCN,1.0,0.8367692232131958,34,7032,35.671,0.9853,1,165.47479849381514,69.78394229039714,105.10925465174749,72.46674463543937,11.36,850
adaptive_lam1.0,1,0.4,1,AdaptiveGCN,1.0,0.8367692232131958,34,7032,35.671,0.9853,2,182.62480269140266,77.58679342428552,114.26451829337987,76.51280897461079,12.16,850
adaptive_lam1.0,1,0.4,1,AdaptiveGCN,1.0,0.8367692232131958,34,7032,35.671,0.9853,3,210.24572597813207,87.73828429041951,115.76162470592782,74.66036743835893,15.56,850
adaptive_lam1.0,1,0.4,2,AdaptiveGCN,1.0,0.8361065983772278,34,7032,35.11,1.1024,0,185.02040007539713,76.83481499697417,107.02677877665661,72.56054908701161,nan,2550
adaptive_lam1.0,1,0.4,2,AdaptiveGCN,1.0,0.8361065983772278,34,7032,35.11,1.1024,1,163.85127063502333,68.82628317873487,102.4398097240447,69.7050808419723,11.32,850
adaptive_lam1.0,1,0.4,2,AdaptiveGCN,1.0,0.8361065983772278,34,7032,35.11,1.1024,2,178.2886678955863,74.5286719676414,106.17916122408333,73.06034998564466,10.56,850
adaptive_lam1.0,1,0.4,2,AdaptiveGCN,1.0,0.8361065983772278,34,7032,35.11,1.1024,3,209.9132138372564,87.14948984454625,112.46136538184182,74.89385987353954,16.0,850
adaptive_lam1.0,2,0.475,0,AdaptiveGCN,1.0,0.8549763560295105,34,7032,39.298,0.5602,0,241.78622086920834,88.12031588978627,80.95372227883459,94.23166922805171,nan,2550
adaptive_lam1.0,2,0.475,0,AdaptiveGCN,1.0,0.8549763560295105,34,7032,39.298,0.5602,1,251.12867914522926,92.85745086960932,80.08569897026464,90.37695425934419,6.44,850
adaptive_lam1.0,2,0.475,0,AdaptiveGCN,1.0,0.8549763560295105,34,7032,39.298,0.5602,2,246.65377287916942,90.06322541114162,80.70049912000815,92.75684447307732,7.12,850
adaptive_lam1.0,2,0.475,0,AdaptiveGCN,1.0,0.8549763560295105,34,7032,39.298,0.5602,3,226.88770932310194,81.44027138860787,82.07496874623101,99.5612089517336,6.52,850
adaptive_lam1.0,2,0.475,1,AdaptiveGCN,1.0,0.8800083994865417,34,7032,93.063,1.0941,0,262.44480205117196,100.46426102500335,98.15494590500244,102.29420888572709,nan,2550
adaptive_lam1.0,2,0.475,1,AdaptiveGCN,1.0,0.8800083994865417,34,7032,93.063,1.0941,1,275.2527513287011,106.48361773615375,98.10045579549866,100.50507909584641,10.28,850
adaptive_lam1.0,2,0.475,1,AdaptiveGCN,1.0,0.8800083994865417,34,7032,93.063,1.0941,2,266.4001110937951,102.3561098051597,98.24224602130168,102.01800178488098,10.8,850
adaptive_lam1.0,2,0.475,1,AdaptiveGCN,1.0,0.8800083994865417,34,7032,93.063,1.0941,3,244.74216242043465,92.55305553369662,98.12213589820695,104.35954577645386,11.08,850
adaptive_lam1.0,2,0.475,2,AdaptiveGCN,1.0,0.851042628288269,34,7032,53.38,1.1472,0,209.97461892448993,81.57318352528647,87.14016804570855,91.53729967705291,nan,2550
adaptive_lam1.0,2,0.475,2,AdaptiveGCN,1.0,0.851042628288269,34,7032,53.38,1.1472,1,202.34188259851942,81.63671837792677,85.10038780853247,89.34907423809113,5.8,850
adaptive_lam1.0,2,0.475,2,AdaptiveGCN,1.0,0.851042628288269,34,7032,53.38,1.1472,2,216.1836182520825,83.50435995624346,86.99847294748773,89.35151350098774,6.36,850
adaptive_lam1.0,2,0.475,2,AdaptiveGCN,1.0,0.851042628288269,34,7032,53.38,1.1472,3,211.16445610798024,79.57847224168918,89.3216433811055,95.91131129207983,6.52,850
adaptive_lam1.0,3,0.55,0,AdaptiveGCN,1.0,0.8905476331710815,34,7032,191.66,0.6584,0,49.90997921666694,25.19849641107899,87.70018818125658,121.15458881563623,nan,2550
adaptive_lam1.0,3,0.55,0,AdaptiveGCN,1.0,0.8905476331710815,34,7032,191.66,0.6584,1,48.66058542716946,24.358339831509134,85.30712723874288,116.44228361031533,4.291666666666667,850
adaptive_lam1.0,3,0.55,0,AdaptiveGCN,1.0,0.8905476331710815,34,7032,191.66,0.6584,2,49.83752131259471,25.330075005345485,88.64486950972193,122.05937847299622,5.875,850
adaptive_lam1.0,3,0.55,0,AdaptiveGCN,1.0,0.8905476331710815,34,7032,191.66,0.6584,3,51.1994821411915,25.90707439638236,89.14856779530496,124.97240644431449,6.25,850
adaptive_lam1.0,3,0.55,1,AdaptiveGCN,1.0,0.8872053027153015,34,7032,106.88,0.6304,0,47.80969671083657,24.00677297721891,81.47745893470186,125.16284114048983,nan,2550
adaptive_lam1.0,3,0.55,1,AdaptiveGCN,1.0,0.8872053027153015,34,7032,106.88,0.6304,1,46.59909050540199,23.262318998925828,79.25134510163943,118.28393913488999,5.458333333333333,850
adaptive_lam1.0,3,0.55,1,AdaptiveGCN,1.0,0.8872053027153015,34,7032,106.88,0.6304,2,47.751369171917965,23.921316746823926,81.4814837500865,126.74891974859133,5.458333333333333,850
adaptive_lam1.0,3,0.55,1,AdaptiveGCN,1.0,0.8872053027153015,34,7032,106.88,0.6304,3,49.04725073868144,24.83668318590697,83.69954795237963,130.470382464715,6.125,850
adaptive_lam1.0,3,0.55,2,AdaptiveGCN,1.0,0.8491437435150146,34,7032,34.238,0.4903,0,43.95625432029248,22.13305442309847,75.7064367690668,123.97336556827238,nan,2550
adaptive_lam1.0,3,0.55,2,AdaptiveGCN,1.0,0.8491437435150146,34,7032,34.238,0.4903,1,43.27544237205655,21.383411279706394,73.09344088869805,116.80158651827135,4.875,850
adaptive_lam1.0,3,0.55,2,AdaptiveGCN,1.0,0.8491437435150146,34,7032,34.238,0.4903,2,43.81488467891832,22.071426874188816,75.7254788766257,126.54033848282008,4.583333333333333,850
adaptive_lam1.0,3,0.55,2,AdaptiveGCN,1.0,0.8491437435150146,34,7032,34.238,0.4903,3,44.76548726068548,22.9443251154002,78.30039054187662,128.59241183091487,4.958333333333333,850
adaptive_lam1.0,4,0.625,0,AdaptiveGCN,1.0,0.8473526239395142,34,7032,55.765,0.8908,0,44.90280035106864,19.897188675137254,62.28855569966913,52.319960038726634,nan,2550
adaptive_lam1.0,4,0.625,0,AdaptiveGCN,1.0,0.8473526239395142,34,7032,55.765,0.8908,1,40.20076865231288,18.16023429909173,60.54007928855268,51.69767228956433,3.0416666666666665,850
adaptive_lam1.0,4,0.625,0,AdaptiveGCN,1.0,0.8473526239395142,34,7032,55.765,0.8908,2,45.1055078247103,20.19271501866854,62.41912306733661,51.99168629264928,3.2916666666666665,850
adaptive_lam1.0,4,0.625,0,AdaptiveGCN,1.0,0.8473526239395142,34,7032,55.765,0.8908,3,48.971173170978936,21.338616707651493,63.90646474311811,53.27052153396625,5.833333333333333,850
adaptive_lam1.0,4,0.625,1,AdaptiveGCN,1.0,0.8473636507987976,34,7032,54.557,0.9042,0,43.907678879302274,19.76411775152619,63.9584202724653,61.2055730313366,nan,2550
adaptive_lam1.0,4,0.625,1,AdaptiveGCN,1.0,0.8473636507987976,34,7032,54.557,0.9042,1,38.67532786027415,17.940769261130516,60.5938232744,63.263008927711596,5.125,850
adaptive_lam1.0,4,0.625,1,AdaptiveGCN,1.0,0.8473636507987976,34,7032,54.557,0.9042,2,42.952025755805295,19.599753437576926,63.813443696931515,61.64505573283966,5.541666666666667,850
adaptive_lam1.0,4,0.625,1,AdaptiveGCN,1.0,0.8473636507987976,34,7032,54.557,0.9042,3,49.42666579971504,21.75183055587113,67.46799384606439,58.70865443345856,5.166666666666667,850
adaptive_lam1.0,4,0.625,2,AdaptiveGCN,1.0,0.8464637994766235,34,7032,33.641,0.4672,0,45.396814157953806,20.294465569026183,63.736462808135904,56.48855451384684,nan,2550
adaptive_lam1.0,4,0.625,2,AdaptiveGCN,1.0,0.8464637994766235,34,7032,33.641,0.4672,1,40.779166098018344,18.521240742973546,61.189708600178726,56.469907877594984,5.541666666666667,850
adaptive_lam1.0,4,0.625,2,AdaptiveGCN,1.0,0.8464637994766235,34,7032,33.641,0.4672,2,46.15360196119657,20.82231111030149,64.62424797910768,56.208592133295035,6.083333333333333,850
adaptive_lam1.0,4,0.625,2,AdaptiveGCN,1.0,0.8464637994766235,34,7032,33.641,0.4672,3,48.88268451540943,21.539844853803515,65.39543184512131,56.787163530650545,6.416666666666667,850
adaptive_lam1.0,5,0.7,0,AdaptiveGCN,1.0,0.8511962294578552,34,7032,37.953,0.5143,0,131.97685858940048,66.16188801335792,84.53090161413584,65.39969778949822,nan,2550
adaptive_lam1.0,5,0.7,0,AdaptiveGCN,1.0,0.8511962294578552,34,7032,37.953,0.5143,1,127.0413007079861,63.31949181372629,76.73049989868771,57.77783511604178,3.0,850
adaptive_lam1.0,5,0.7,0,AdaptiveGCN,1.0,0.8511962294578552,34,7032,37.953,0.5143,2,133.22521964792708,67.1106146800255,85.24692093363238,63.48764994403228,3.32,850
adaptive_lam1.0,5,0.7,0,AdaptiveGCN,1.0,0.8511962294578552,34,7032,37.953,0.5143,3,135.5183469998231,68.05555754632196,91.61528401008748,75.06299232892917,4.041666666666667,850
adaptive_lam1.0,5,0.7,1,AdaptiveGCN,1.0,0.8504028916358948,34,7032,57.017,0.8962,0,114.65646937447792,55.89308539697499,69.96575544108231,59.01992365150141,nan,2550
adaptive_lam1.0,5,0.7,1,AdaptiveGCN,1.0,0.8504028916358948,34,7032,57.017,0.8962,1,111.73929133382703,54.77956156203414,66.29377184668868,53.94819328562441,2.6,850
adaptive_lam1.0,5,0.7,1,AdaptiveGCN,1.0,0.8504028916358948,34,7032,57.017,0.8962,2,113.76933820025829,55.09641205051366,68.22445629518579,55.74425792662567,3.48,850
adaptive_lam1.0,5,0.7,1,AdaptiveGCN,1.0,0.8504028916358948,34,7032,57.017,0.8962,3,118.36040877739123,57.803282578377164,75.37903818137247,67.47650031273879,3.5833333333333335,850
adaptive_lam1.0,5,0.7,2,AdaptiveGCN,1.0,0.8509207963943481,34,7032,65.546,0.9203,0,118.62436261385716,58.18969809663208,72.08957617666634,60.62865747819084,nan,2550
adaptive_lam1.0,5,0.7,2,AdaptiveGCN,1.0,0.8509207963943481,34,7032,65.546,0.9203,1,122.13432777537123,60.831729448038864,73.10458089308408,57.21638409930607,2.36,850
adaptive_lam1.0,5,0.7,2,AdaptiveGCN,1.0,0.8509207963943481,34,7032,65.546,0.9203,2,119.00010170383769,58.43280238648109,72.04610656327705,57.5761693606817,2.48,850
adaptive_lam1.0,5,0.7,2,AdaptiveGCN,1.0,0.8509207963943481,34,7032,65.546,0.9203,3,114.61849759077322,55.304562455376285,71.1180410736379,67.17665508242762,2.875,850
adaptive_lam1.0,6,0.775,0,AdaptiveGCN,1.0,0.8487353920936584,34,7032,45.152,0.5544,0,10.993746261069466,6.275022611916065,100.4656731093106,127.6654367518629,nan,2550
adaptive_lam1.0,6,0.775,0,AdaptiveGCN,1.0,0.8487353920936584,34,7032,45.152,0.5544,1,9.532681497357956,5.856860800190446,98.83629071791168,125.21165185566016,4.642857142857143,850
adaptive_lam1.0,6,0.775,0,AdaptiveGCN,1.0,0.8487353920936584,34,7032,45.152,0.5544,2,10.901085632052295,6.183842275384814,100.7340054388749,123.44575916329768,8.928571428571429,850
adaptive_lam1.0,6,0.775,0,AdaptiveGCN,1.0,0.8487353920936584,34,7032,45.152,0.5544,3,12.36453339479209,6.784364760172937,101.82672317114529,134.32033932878312,7.928571428571429,850
adaptive_lam1.0,6,0.775,1,AdaptiveGCN,1.0,0.8539818525314331,34,7032,88.251,0.5133,0,14.791221275537326,7.343201298230583,101.41966423930945,111.63477544460977,nan,2550
adaptive_lam1.0,6,0.775,1,AdaptiveGCN,1.0,0.8539818525314331,34,7032,88.251,0.5133,1,14.344473984577409,7.019380428988267,99.6938759800997,99.33604416688503,5.428571428571429,850
adaptive_lam1.0,6,0.775,1,AdaptiveGCN,1.0,0.8539818525314331,34,7032,88.251,0.5133,2,14.868935470379196,7.2555822828601055,102.37041469041257,109.0887538639207,6.928571428571429,850
adaptive_lam1.0,6,0.775,1,AdaptiveGCN,1.0,0.8539818525314331,34,7032,88.251,0.5133,3,15.14897701329055,7.754641182843376,102.19470204741611,126.5018746227642,7.214285714285714,850
adaptive_lam1.0,6,0.775,2,AdaptiveGCN,1.0,0.8527724146842957,34,7032,74.902,0.9889,0,11.285073697286952,5.933786411332241,94.45839353336495,97.8944017059137,nan,2550
adaptive_lam1.0,6,0.775,2,AdaptiveGCN,1.0,0.8527724146842957,34,7032,74.902,0.9889,1,9.609401885915059,5.362765353462823,92.90369386915505,91.76294182552077,4.357142857142857,850
adaptive_lam1.0,6,0.775,2,AdaptiveGCN,1.0,0.8527724146842957,34,7032,74.902,0.9889,2,11.272736864792801,5.978317431723151,94.42320934234552,98.32112484117283,6.071428571428571,850
adaptive_lam1.0,6,0.775,2,AdaptiveGCN,1.0,0.8527724146842957,34,7032,74.902,0.9889,3,12.75317466483177,6.460276448810747,96.0482773885943,103.62079707477123,6.5,850
adaptive_lam1.0,7,0.85,0,AdaptiveGCN,1.0,0.854674220085144,34,7032,48.091,0.5602,0,78.86837914729809,19.862188791283955,99.66396437455086,306.51160795929485,nan,2550
adaptive_lam1.0,7,0.85,0,AdaptiveGCN,1.0,0.854674220085144,34,7032,48.091,0.5602,1,78.11336193730055,18.574057216830003,96.15344700369087,315.00731478974785,1.8,850
adaptive_lam1.0,7,0.85,0,AdaptiveGCN,1.0,0.854674220085144,34,7032,48.091,0.5602,2,78.57833485814045,19.715935532385757,100.02800082927533,225.3512281361103,2.32,850
adaptive_lam1.0,7,0.85,0,AdaptiveGCN,1.0,0.854674220085144,34,7032,48.091,0.5602,3,79.90251351328148,21.2965736246361,102.81044529068639,379.0156077649216,3.16,850
adaptive_lam1.0,7,0.85,1,AdaptiveGCN,1.0,0.8547260761260986,34,7032,74.654,1.3462,0,78.80726390219412,20.128421060935977,103.3844348202683,292.392252278642,nan,2550
adaptive_lam1.0,7,0.85,1,AdaptiveGCN,1.0,0.8547260761260986,34,7032,74.654,1.3462,1,78.83456607469053,19.355451409977807,100.91365919813629,323.78527515127035,1.92,850
adaptive_lam1.0,7,0.85,1,AdaptiveGCN,1.0,0.8547260761260986,34,7032,74.654,1.3462,2,79.98578876982737,20.292825953473393,102.60773677712389,235.9134328296545,2.6,850
adaptive_lam1.0,7,0.85,1,AdaptiveGCN,1.0,0.8547260761260986,34,7032,74.654,1.3462,3,77.58311232435845,20.736985819356736,106.63190848554468,317.5868518829055,3.36,850
adaptive_lam1.0,7,0.85,2,AdaptiveGCN,1.0,0.8517153859138489,34,7032,85.447,0.9183,0,97.95388136369115,22.636684880417764,101.35862788486003,448.92843178742953,nan,2550
adaptive_lam1.0,7,0.85,2,AdaptiveGCN,1.0,0.8517153859138489,34,7032,85.447,0.9183,1,98.45082782901815,22.010681912594283,99.81894618415716,479.45117435248426,2.88,850
adaptive_lam1.0,7,0.85,2,AdaptiveGCN,1.0,0.8517153859138489,34,7032,85.447,0.9183,2,95.45211555119948,22.31555933336837,100.18642996668345,270.36314387237286,3.64,850
adaptive_lam1.0,7,0.85,2,AdaptiveGCN,1.0,0.8517153859138489,34,7032,85.447,0.9183,3,99.90603965335491,23.583813395290637,104.07050750373944,596.719903370563,4.28,850
adaptive_lam1.0,8,0.925,0,AdaptiveGCN,1.0,0.85483318567276,34,7032,52.548,0.8571,0,25.000858437491758,11.578213771523213,89.15330644976794,82.75361633946879,nan,2550
adaptive_lam1.0,8,0.925,0,AdaptiveGCN,1.0,0.85483318567276,34,7032,52.548,0.8571,1,24.255054060584243,10.633443382416358,83.10266646137383,74.86519360939504,2.1904761904761907,850
adaptive_lam1.0,8,0.925,0,AdaptiveGCN,1.0,0.85483318567276,34,7032,52.548,0.8571,2,24.50489148039202,11.424439990179723,90.2142732436475,82.17029250398065,2.761904761904762,850
adaptive_lam1.0,8,0.925,0,AdaptiveGCN,1.0,0.85483318567276,34,7032,52.548,0.8571,3,26.197927663974777,12.67675794197356,94.14297964428248,91.1693192517561,4.428571428571429,850
adaptive_lam1.0,8,0.925,1,AdaptiveGCN,1.0,0.8550147414207458,34,7032,52.43,0.4834,0,24.56743264152217,11.525345563410356,86.61367278295374,77.27473196339713,nan,2550
adaptive_lam1.0,8,0.925,1,AdaptiveGCN,1.0,0.8550147414207458,34,7032,52.43,0.4834,1,23.822953124312953,10.76245627258959,82.64053815819474,71.27026503078065,3.0,850
adaptive_lam1.0,8,0.925,1,AdaptiveGCN,1.0,0.8550147414207458,34,7032,52.43,0.4834,2,24.440304380101644,11.401839975600733,86.51461797645482,78.00338047513634,3.9047619047619047,850
adaptive_lam1.0,8,0.925,1,AdaptiveGCN,1.0,0.8550147414207458,34,7032,52.43,0.4834,3,25.412883859018415,12.411740442040745,90.68586221421168,82.51267774600515,5.380952380952381,850
adaptive_lam1.0,8,0.925,2,AdaptiveGCN,1.0,0.8546139597892761,34,7032,94.645,0.9867,0,24.858044931408564,11.755645177563352,90.86621192454639,84.2916903426948,nan,2550
adaptive_lam1.0,8,0.925,2,AdaptiveGCN,1.0,0.8546139597892761,34,7032,94.645,0.9867,1,23.967048512000524,10.918921459602357,85.79250033168297,76.42549340949404,2.9523809523809526,850
adaptive_lam1.0,8,0.925,2,AdaptiveGCN,1.0,0.8546139597892761,34,7032,94.645,0.9867,2,24.553856904967507,11.645237222260878,90.6868697998473,83.74186582794164,3.5714285714285716,850
adaptive_lam1.0,8,0.925,2,AdaptiveGCN,1.0,0.8546139597892761,34,7032,94.645,0.9867,3,26.008765640636888,12.702776850826819,96.11926564210893,92.65195606519259,5.0,850
dense_fixed,1,0.4,0,DenseGCN,0.0,1.0,34,6531,23.29,0.3727,0,129.31269029194465,48.258670517726316,65.06283928989778,59.823221695419015,nan,2550
dense_fixed,1,0.4,0,DenseGCN,0.0,1.0,34,6531,23.29,0.3727,1,85.30587182228733,33.961209022653264,56.35541836250574,54.97371126063977,3.52,850
dense_fixed,1,0.4,0,DenseGCN,0.0,1.0,34,6531,23.29,0.3727,2,121.74719558769465,47.589265684388465,64.91356125063675,61.925774321027816,5.24,850
dense_fixed,1,0.4,0,DenseGCN,0.0,1.0,34,6531,23.29,0.3727,3,167.5286369872097,63.225536846137224,73.91953825655085,62.5367588091038,9.04,850
dense_fixed,1,0.4,1,DenseGCN,0.0,1.0,34,6531,30.384,0.7143,0,109.91285334567593,42.34290574334594,62.05897498353382,58.91689637184916,nan,2550
dense_fixed,1,0.4,1,DenseGCN,0.0,1.0,34,6531,30.384,0.7143,1,70.98454355220223,29.963536019408526,55.00234727510798,55.068494320876546,3.6,850
dense_fixed,1,0.4,1,DenseGCN,0.0,1.0,34,6531,30.384,0.7143,2,104.20380564084024,42.06298448957722,62.184484065022694,59.7725695650085,4.12,850
dense_fixed,1,0.4,1,DenseGCN,0.0,1.0,34,6531,30.384,0.7143,3,142.63683766270088,55.002196721052066,68.9900936104708,61.88015510296676,6.96,850
dense_fixed,1,0.4,2,DenseGCN,0.0,1.0,34,6531,28.63,0.9441,0,100.23434068811578,39.43817904962096,61.00212393546588,58.36233246726466,nan,2550
dense_fixed,1,0.4,2,DenseGCN,0.0,1.0,34,6531,28.63,0.9441,1,63.07608020615059,27.89057407658027,54.52948544764542,56.02870096096652,2.6,850
dense_fixed,1,0.4,2,DenseGCN,0.0,1.0,34,6531,28.63,0.9441,2,88.77149938393502,37.67564430162675,59.749327439969136,58.56131832931011,3.2,850
dense_fixed,1,0.4,2,DenseGCN,0.0,1.0,34,6531,28.63,0.9441,3,135.2101999203428,52.7483187706559,68.72755891878309,60.47794732196724,6.64,850
dense_fixed,2,0.475,0,DenseGCN,0.0,1.0,34,6531,85.854,2.077,0,156.57433756428642,54.42309262015327,47.298100108879154,55.072417549040765,nan,2550
dense_fixed,2,0.475,0,DenseGCN,0.0,1.0,34,6531,85.854,2.077,1,117.03739463263877,41.507211749851706,39.964613496446205,44.06266516471552,3.16,850
dense_fixed,2,0.475,0,DenseGCN,0.0,1.0,34,6531,85.854,2.077,2,170.70248996054238,58.17231612434173,47.82333840595604,52.936878829636655,3.64,850
dense_fixed,2,0.475,0,DenseGCN,0.0,1.0,34,6531,85.854,2.077,3,175.24119872324619,63.58974998626639,54.106348424235215,68.21770865277013,4.52,850
dense_fixed,2,0.475,1,DenseGCN,0.0,1.0,34,6531,51.453,0.9279,0,172.0854222211056,61.28045038181207,50.696124017519104,63.875249829334614,nan,2550
dense_fixed,2,0.475,1,DenseGCN,0.0,1.0,34,6531,51.453,0.9279,1,148.58175976448624,52.21693516463918,44.481409251308875,54.28357497539766,4.0,850
dense_fixed,2,0.475,1,DenseGCN,0.0,1.0,34,6531,51.453,0.9279,2,179.96150022194226,64.69274559792132,51.357305156834244,63.88275212979887,5.4,850
dense_fixed,2,0.475,1,DenseGCN,0.0,1.0,34,6531,51.453,0.9279,3,185.41169522499092,66.93167038287571,56.24965764441421,73.45942238280728,5.04,850
dense_fixed,2,0.475,2,DenseGCN,0.0,1.0,34,6531,43.653,1.1495,0,159.35279309114495,52.70196385707487,48.12623379501834,57.554233094636366,nan,2550
dense_fixed,2,0.475,2,DenseGCN,0.0,1.0,34,6531,43.653,1.1495,1,143.31726351019998,45.567742881735455,42.314159219130005,46.29406774157838,2.96,850
dense_fixed,2,0.475,2,DenseGCN,0.0,1.0,34,6531,43.653,1.1495,2,168.16468529502143,56.624387938292585,48.545471431646526,58.14945127183899,4.56,850
dense_fixed,2,0.475,2,DenseGCN,0.0,1.0,34,6531,43.653,1.1495,3,165.41081765538206,55.91376075119657,53.51907073427847,68.21918027049172,4.0,850
dense_fixed,3,0.55,0,DenseGCN,0.0,1.0,34,6531,65.108,1.8872,0,21.678126714540277,11.980377754898669,56.163509371714994,63.119682882060616,nan,2550
dense_fixed,3,0.55,0,DenseGCN,0.0,1.0,34,6531,65.108,1.8872,1,16.507772999304265,9.49266868582324,50.201905034663376,55.55549649415145,1.3333333333333333,850
dense_fixed,3,0.55,0,DenseGCN,0.0,1.0,34,6531,65.108,1.8872,2,21.86170696756565,12.097227405633449,57.34537221368474,63.95925572000822,3.2083333333333335,850
dense_fixed,3,0.55,0,DenseGCN,0.0,1.0,34,6531,65.108,1.8872,3,25.678448797050166,14.351237173239317,60.94325086679685,69.86157430377293,3.9166666666666665,850
dense_fixed,3,0.55,1,DenseGCN,0.0,1.0,34,6531,38.255,1.6794,0,21.546780356085268,12.128669374809697,55.43277453812784,66.19718064406801,nan,2550
dense_fixed,3,0.55,1,DenseGCN,0.0,1.0,34,6531,38.255,1.6794,1,15.380382828619027,9.408313695424072,49.88827413804191,57.34962556355227,1.125,850
dense_fixed,3,0.55,1,DenseGCN,0.0,1.0,34,6531,38.255,1.6794,2,20.704062425539103,11.830258856264887,56.0728185233851,66.56599053678812,3.25,850
dense_fixed,3,0.55,1,DenseGCN,0.0,1.0,34,6531,38.255,1.6794,3,26.973632574509637,15.147435572740129,60.337230952956524,74.69687661816144,3.75,850
dense_fixed,3,0.55,2,DenseGCN,0.0,1.0,34,6531,66.211,0.5976,0,21.359473809851245,11.849951754516566,55.949400107979244,62.23060273485671,nan,2550
dense_fixed,3,0.55,2,DenseGCN,0.0,1.0,34,6531,66.211,0.5976,1,16.52824468486057,9.465858254455961,50.167541498544544,54.823997656005574,2.4166666666666665,850
dense_fixed,3,0.55,2,DenseGCN,0.0,1.0,34,6531,66.211,0.5976,2,21.651943648816786,11.938838912004277,56.95555279118702,63.48005838876492,2.5416666666666665,850
dense_fixed,3,0.55,2,DenseGCN,0.0,1.0,34,6531,66.211,0.5976,3,25.03381369601932,14.14515809708946,60.725106034206156,68.4041533139759,4.625,850
dense_fixed,4,0.625,0,DenseGCN,0.0,1.0,34,6531,68.458,1.5715,0,31.022249476841154,14.14599079044262,51.289565093482956,54.43759655077402,nan,2550
dense_fixed,4,0.625,0,DenseGCN,0.0,1.0,34,6531,68.458,1.5715,1,26.86706705470295,12.535599916827152,49.895543610736844,53.657215347858575,2.5,850
dense_fixed,4,0.625,0,DenseGCN,0.0,1.0,34,6531,68.458,1.5715,2,29.652980901197072,13.753228796011603,50.12297808526562,53.43598114110585,4.75,850
dense_fixed,4,0.625,0,DenseGCN,0.0,1.0,34,6531,68.458,1.5715,3,35.860860549650106,16.1491436584891,53.850173584446416,56.21959316335759,3.7083333333333335,850
dense_fixed,4,0.625,1,DenseGCN,0.0,1.0,34,6531,61.646,0.4774,0,32.36445186481484,15.55507392430646,53.136862369507384,65.3526703611702,nan,2550
dense_fixed,4,0.625,1,DenseGCN,0.0,1.0,34,6531,61.646,0.4774,1,28.842164395913816,13.914315591966734,51.574609720695655,61.60044713021047,2.5,850
dense_fixed,4,0.625,1,DenseGCN,0.0,1.0,34,6531,61.646,0.4774,2,31.361809460439062,15.392047064621002,52.7994300511134,65.76830616604109,3.5416666666666665,850
dense_fixed,4,0.625,1,DenseGCN,0.0,1.0,34,6531,61.646,0.4774,3,36.427183446650744,17.358859116331647,55.03654733671313,68.68925778725902,3.9166666666666665,850
dense_fixed,4,0.625,2,DenseGCN,0.0,1.0,34,6531,85.092,1.6469,0,30.992347983534863,14.59390300380204,52.63266538198592,59.36694381329796,nan,2550
dense_fixed,4,0.625,2,DenseGCN,0.0,1.0,34,6531,85.092,1.6469,1,27.35728128852197,13.150880125322763,50.751886749544695,59.20014856188421,2.5416666666666665,850
dense_fixed,4,0.625,2,DenseGCN,0.0,1.0,34,6531,85.092,1.6469,2,29.07947206824669,14.0705747756099,52.18507999769909,58.9454533959688,5.0,850
dense_fixed,4,0.625,2,DenseGCN,0.0,1.0,34,6531,85.092,1.6469,3,35.882312708774755,16.560254110473462,54.96102939871397,59.95522948204085,4.0,850
dense_fixed,5,0.7,0,DenseGCN,0.0,1.0,34,6531,73.169,1.0309,0,58.801292670095606,29.657544592631748,47.869807577926856,55.34537378869987,nan,2550
dense_fixed,5,0.7,0,DenseGCN,0.0,1.0,34,6531,73.169,1.0309,1,42.63878898119925,22.182866991328165,40.054069711746614,40.24705883632793,0.96,850
dense_fixed,5,0.7,0,DenseGCN,0.0,1.0,34,6531,73.169,1.0309,2,56.394515145398856,29.404229286041605,46.14865015151414,50.76247368295505,2.76,850
dense_fixed,5,0.7,0,DenseGCN,0.0,1.0,34,6531,73.169,1.0309,3,73.31008385450707,37.38553750052548,57.4067028705198,75.29205307911855,3.5,850
dense_fixed,5,0.7,1,DenseGCN,0.0,1.0,34,6531,93.755,2.2791,0,61.87631602068912,30.747417437707423,49.93812760835397,55.40285675940032,nan,2550
dense_fixed,5,0.7,1,DenseGCN,0.0,1.0,34,6531,93.755,2.2791,1,44.23605199363031,23.1451543880825,42.71041076474181,42.536832972349714,1.2,850
dense_fixed,5,0.7,1,DenseGCN,0.0,1.0,34,6531,93.755,2.2791,2,60.67991915018012,31.028034133386306,48.63720204066885,51.35630672187996,3.04,850
dense_fixed,5,0.7,1,DenseGCN,0.0,1.0,34,6531,93.755,2.2791,3,76.46668927592593,38.06906379165347,58.46677001965127,72.54327336501515,3.9166666666666665,850
dense_fixed,5,0.7,2,DenseGCN,0.0,1.0,34,6531,58.315,0.5366,0,59.44846837328262,29.694707751892434,48.40257854394745,56.684679675109685,nan,2550
dense_fixed,5,0.7,2,DenseGCN,0.0,1.0,34,6531,58.315,0.5366,1,43.94409615691617,22.49848634422483,40.618138689813534,41.56087506875066,1.48,850
dense_fixed,5,0.7,2,DenseGCN,0.0,1.0,34,6531,58.315,0.5366,2,59.58414333189768,30.567959073256045,48.1530977132893,52.98182872829768,3.4,850
dense_fixed,5,0.7,2,DenseGCN,0.0,1.0,34,6531,58.315,0.5366,3,71.56121471958907,36.01767783819643,56.436499228739535,75.76701705823115,4.0,850
dense_fixed,6,0.775,0,DenseGCN,0.0,1.0,34,6531,38.569,0.5321,0,12.135323298630095,6.0526498247311205,91.13760558669723,98.51056242551353,nan,2550
dense_fixed,6,0.775,0,DenseGCN,0.0,1.0,34,6531,38.569,0.5321,1,9.62903903909455,4.912369766990682,87.44938915712464,77.61812665096967,3.0714285714285716,850
dense_fixed,6,0.775,0,DenseGCN,0.0,1.0,34,6531,38.569,0.5321,2,12.121401042113693,6.036678902710966,88.69891493637573,99.29968844223478,5.785714285714286,850
dense_fixed,6,0.775,0,DenseGCN,0.0,1.0,34,6531,38.569,0.5321,3,14.217997701739208,7.208900804491714,97.26451266659133,118.6835487346787,4.928571428571429,850
dense_fixed,6,0.775,1,DenseGCN,0.0,1.0,34,6531,54.034,0.3691,0,10.686131706092988,5.352225793028632,86.71676254124043,86.81641506952482,nan,2550
dense_fixed,6,0.775,1,DenseGCN,0.0,1.0,34,6531,54.034,0.3691,1,8.577134628398298,4.47393862401642,85.29988260913417,72.11115354952678,3.357142857142857,850
dense_fixed,6,0.775,1,DenseGCN,0.0,1.0,34,6531,54.034,0.3691,2,10.356690575400284,5.222519243320293,82.16686719168972,85.64662976295398,4.142857142857143,850
dense_fixed,6,0.775,1,DenseGCN,0.0,1.0,34,6531,54.034,0.3691,3,12.718174177594957,6.3602195117491815,92.68353782289739,102.72980512371186,4.642857142857143,850
dense_fixed,6,0.775,2,DenseGCN,0.0,1.0,34,6531,88.19,0.7232,0,11.310902031928878,5.67757111329149,95.02086841968405,93.6529298818511,nan,2550
dense_fixed,6,0.775,2,DenseGCN,0.0,1.0,34,6531,88.19,0.7232,1,9.080189948125684,4.735958536428961,96.99620156017588,77.23525585202815,3.357142857142857,850
dense_fixed,6,0.775,2,DenseGCN,0.0,1.0,34,6531,88.19,0.7232,2,10.813989921967254,5.477028005776562,89.42846857499215,91.13229714308085,5.071428571428571,850
dense_fixed,6,0.775,2,DenseGCN,0.0,1.0,34,6531,88.19,0.7232,3,13.580032650963192,6.819726797668948,98.63793512388415,112.62651233587775,5.785714285714286,850
dense_fixed,7,0.85,0,DenseGCN,0.0,1.0,34,6531,73.361,0.7136,0,88.75402603669137,21.538202855515443,91.19062394675231,398.4910933907082,nan,2550
dense_fixed,7,0.85,0,DenseGCN,0.0,1.0,34,6531,73.361,0.7136,1,90.80218749985424,20.9304060358651,92.23966437529319,435.1802746199916,2.56,850
dense_fixed,7,0.85,0,DenseGCN,0.0,1.0,34,6531,73.361,0.7136,2,88.50143276730338,21.412957167058416,87.69650136689651,316.3206095260935,3.32,850
dense_fixed,7,0.85,0,DenseGCN,0.0,1.0,34,6531,73.361,0.7136,3,86.91542185677326,22.271245363622814,93.63570609806726,444.0529070212005,4.16,850
dense_fixed,7,0.85,1,DenseGCN,0.0,1.0,34,6531,30.733,0.4626,0,88.75764712112358,21.579663088465512,89.29553967266209,401.7180847419084,nan,2550
dense_fixed,7,0.85,1,DenseGCN,0.0,1.0,34,6531,30.733,0.4626,1,88.72291175334297,20.480852819786,83.20538728813274,414.23650612133383,2.56,850
dense_fixed,7,0.85,1,DenseGCN,0.0,1.0,34,6531,30.733,0.4626,2,87.83592072736806,21.298579433616112,89.10920893576848,315.5063727676643,3.32,850
dense_fixed,7,0.85,1,DenseGCN,0.0,1.0,34,6531,30.733,0.4626,3,89.70426816722667,22.959557011994423,95.57202279408504,475.2709526878498,4.16,850
dense_fixed,7,0.85,2,DenseGCN,0.0,1.0,34,6531,83.589,0.9626,0,90.27451701776802,21.90039023399774,97.9768199655023,415.3739648578333,nan,2550
dense_fixed,7,0.85,2,DenseGCN,0.0,1.0,34,6531,83.589,0.9626,1,93.04385244319624,21.399130729439065,98.94104100367531,459.34412404144484,2.56,850
dense_fixed,7,0.85,2,DenseGCN,0.0,1.0,34,6531,83.589,0.9626,2,89.5838170418242,21.692544215545247,97.94757300152183,326.66240645585907,3.32,850
dense_fixed,7,0.85,2,DenseGCN,0.0,1.0,34,6531,83.589,0.9626,3,88.12517526291543,22.60949575700891,97.04184589130976,460.2400362815321,4.36,850
dense_fixed,8,0.925,0,DenseGCN,0.0,1.0,34,6531,137.939,0.6023,0,27.686097219584283,11.874823276509238,79.9233797905915,100.75919997817935,nan,2550
dense_fixed,8,0.925,0,DenseGCN,0.0,1.0,34,6531,137.939,0.6023,1,25.13928635782295,9.84716777257907,73.4341118252268,81.103439493381,2.7142857142857144,850
dense_fixed,8,0.925,0,DenseGCN,0.0,1.0,34,6531,137.939,0.6023,2,26.889737778113354,11.726432785262517,79.56303016301476,100.24393414446399,3.3333333333333335,850
dense_fixed,8,0.925,0,DenseGCN,0.0,1.0,34,6531,137.939,0.6023,3,30.733015169366286,14.050869271686123,86.77299738353294,120.79441051448201,5.476190476190476,850
dense_fixed,8,0.925,1,DenseGCN,0.0,1.0,34,6531,240.703,1.5815,0,28.19586902852265,12.182246198509866,83.04508612509578,101.0274480835446,nan,2550
dense_fixed,8,0.925,1,DenseGCN,0.0,1.0,34,6531,240.703,1.5815,1,25.552086848681018,10.657886999359778,79.15174950982286,85.5569880534907,2.761904761904762,850
dense_fixed,8,0.925,1,DenseGCN,0.0,1.0,34,6531,240.703,1.5815,2,28.35351972783409,12.058495044914102,81.2358103263539,100.78468762449415,4.0,850
dense_fixed,8,0.925,1,DenseGCN,0.0,1.0,34,6531,240.703,1.5815,3,30.466208617771823,13.830356551255715,88.74769853911059,116.6344364889382,5.428571428571429,850
dense_fixed,8,0.925,2,DenseGCN,0.0,1.0,34,6531,178.069,0.6455,0,27.837445546211676,11.868734886363757,83.54838313521854,99.85894665565424,nan,2550
dense_fixed,8,0.925,2,DenseGCN,0.0,1.0,34,6531,178.069,0.6455,1,25.638504822828676,10.143844806652941,78.07621016937355,85.11139322472128,2.4285714285714284,850
dense_fixed,8,0.925,2,DenseGCN,0.0,1.0,34,6531,178.069,0.6455,2,27.42576527082052,11.7890752713058,82.47119633241412,99.34763513601928,3.380952380952381,850
dense_fixed,8,0.925,2,DenseGCN,0.0,1.0,34,6531,178.069,0.6455,3,30.253340201943768,13.673284581132535,90.09774290386792,115.0154011277003,5.333333333333333,850
persistence,1,0.4,0,Persistence,0.0,nan,34,0,0.0,0.0,0,73.5201586334673,32.512549019607846,56.92076398350993,59.570052410688376,nan,2550
persistence,1,0.4,0,Persistence,0.0,nan,34,0,0.0,0.0,1,53.27343450097254,25.331764705882353,52.04820153998707,56.003322914535744,2.52,850
persistence,1,0.4,0,Persistence,0.0,nan,34,0,0.0,0.0,2,64.20278535280868,30.863529411764706,56.09017636034833,60.756974553725954,3.12,850
persistence,1,0.4,0,Persistence,0.0,nan,34,0,0.0,0.0,3,96.20594943080367,41.34235294117647,62.62391405019437,61.923975434850654,6.32,850
persistence,2,0.475,0,Persistence,0.0,nan,34,0,0.0,0.0,0,129.58545670033845,46.742745098039215,44.023604399543075,56.97793978106264,nan,2550
persistence,2,0.475,0,Persistence,0.0,nan,34,0,0.0,0.0,1,85.1948562379899,33.43176470588235,37.408803898948875,44.00656892100401,1.0,850
persistence,2,0.475,0,Persistence,0.0,nan,34,0,0.0,0.0,2,128.20830476909327,48.129411764705885,43.2921151920175,55.00767482624587,2.0,850
persistence,2,0.475,0,Persistence,0.0,nan,34,0,0.0,0.0,3,163.34515243351854,58.66705882352941,51.36989410766286,71.91957559593801,3.24,850
persistence,3,0.55,0,Persistence,0.0,nan,34,0,0.0,0.0,0,21.993100522396457,12.27843137254902,55.149097501207876,65.67583110011772,nan,2550
persistence,3,0.55,0,Persistence,0.0,nan,34,0,0.0,0.0,1,15.631830271822261,9.50470588235294,49.48022300843049,56.72869017332414,1.0,850
persistence,3,0.55,0,Persistence,0.0,nan,34,0,0.0,0.0,2,21.750780919043695,12.298823529411765,56.29332570818066,67.80034117763428,2.5833333333333335,850
persistence,3,0.55,0,Persistence,0.0,nan,34,0,0.0,0.0,3,27.08576791470775,15.031764705882352,59.67374378701251,72.51753059724976,3.5,850
persistence,4,0.625,0,Persistence,0.0,nan,34,0,0.0,0.0,0,31.00985927973585,14.347058823529412,50.567734519365146,54.16594941393969,nan,2550
persistence,4,0.625,0,Persistence,0.0,nan,34,0,0.0,0.0,1,26.47040522812555,12.470588235294118,48.96059400899452,53.197712837648794,2.0833333333333335,850
persistence,4,0.625,0,Persistence,0.0,nan,34,0,0.0,0.0,2,29.16407943707061,13.828235294117647,49.53569569228292,53.80531561587003,2.75,850
persistence,4,0.625,0,Persistence,0.0,nan,34,0,0.0,0.0,3,36.51860122313172,16.74235294117647,53.20691385681802,55.49481978830029,3.2916666666666665,850
persistence,5,0.7,0,Persistence,0.0,nan,34,0,0.0,0.0,0,53.94683657519307,28.974901960784315,43.7844504351759,58.564547112253265,nan,2550
persistence,5,0.7,0,Persistence,0.0,nan,34,0,0.0,0.0,1,39.370577249275584,21.35058823529412,36.38352292948993,41.770220528229686,1.0,850
persistence,5,0.7,0,Persistence,0.0,nan,34,0,0.0,0.0,2,52.68707844713083,28.885882352941177,42.58830076596147,53.86556324112117,1.96,850
persistence,5,0.7,0,Persistence,0.0,nan,34,0,0.0,0.0,3,66.36876480074396,36.688235294117646,52.3815276100763,80.34854700052605,2.875,850
persistence,6,0.775,0,Persistence,0.0,nan,34,0,0.0,0.0,0,10.671291889374748,5.33764705882353,72.2814990501309,86.60236722438475,nan,2550
persistence,6,0.775,0,Persistence,0.0,nan,34,0,0.0,0.0,1,8.540078522851566,4.46235294117647,70.4466173025324,72.11903616673888,2.2142857142857144,850
persistence,6,0.775,0,Persistence,0.0,nan,34,0,0.0,0.0,2,10.430441872090503,5.26,70.52648951740231,86.74668301341792,4.0,850
persistence,6,0.775,0,Persistence,0.0,nan,34,0,0.0,0.0,3,12.645250212675764,6.290588235294118,75.87139033045803,100.98718702830196,4.571428571428571,850
persistence,7,0.85,0,Persistence,0.0,nan,34,0,0.0,0.0,0,93.21324066512288,22.40078431372549,84.30944525147098,436.62126157854016,nan,2550
persistence,7,0.85,0,Persistence,0.0,nan,34,0,0.0,0.0,1,92.48094239291873,21.167058823529413,81.54886467885923,447.7949590304546,2.76,850
persistence,7,0.85,0,Persistence,0.0,nan,34,0,0.0,0.0,2,93.27423198794605,22.341176470588234,85.89823639925514,350.80484888259724,3.52,850
persistence,7,0.85,0,Persistence,0.0,nan,34,0,0.0,0.0,3,93.87927165811857,23.694117647058825,85.48123467629857,511.11305237714254,4.36,850
persistence,8,0.925,0,Persistence,0.0,nan,34,0,0.0,0.0,0,26.986292816909845,10.992549019607843,70.71305272493106,92.99962474795123,nan,2550
persistence,8,0.925,0,Persistence,0.0,nan,34,0,0.0,0.0,1,25.22165269576683,9.444705882352942,63.76796952938193,79.78157289457334,1.0,850
persistence,8,0.925,0,Persistence,0.0,nan,34,0,0.0,0.0,2,26.738427953261663,10.795294117647058,70.27159713686022,92.31713755959544,1.9047619047619047,850
persistence,8,0.925,0,Persistence,0.0,nan,34,0,0.0,0.0,3,28.873945104234597,12.73764705882353,78.09959150855104,106.80745940760066,4.0,850
