label,fold,origin,seed,model,lambda_phys,gate_sigma,shrink_gamma,resid_ratio,max_growth,temporal,spatial,window,hidden,lr,augment,n_train_windows,n_real_windows,n_test_weeks,n_params,train_seconds,infer_ms_per_window,horizon,rmse,mae,smape,mape,peak_week_err,n_obs
C_band0.3_new2.39,1,0.4,0,AdaptiveGCN,0.0,0.7877589464187622,1.0,0.3476,2.3884,none,gcn,3,64,0.001,none,151,151,34,7032,23.608,0.4329,0,92.75198405783877,37.38276134237507,60.84247561783912,58.76655757812378,nan,2550
C_band0.3_new2.39,1,0.4,0,AdaptiveGCN,0.0,0.7877589464187622,1.0,0.3476,2.3884,none,gcn,3,64,0.001,none,151,151,34,7032,23.608,0.4329,1,55.210400944324704,25.936384048229904,53.47339728676263,56.18787598526922,2.56,850
C_band0.3_new2.39,1,0.4,0,AdaptiveGCN,0.0,0.7877589464187622,1.0,0.3476,2.3884,none,gcn,3,64,0.001,none,151,151,34,7032,23.608,0.4329,2,78.66053535286336,35.207588105989956,60.262070103340136,60.31975739704857,3.12,850
C_band0.3_new2.39,1,0.4,0,AdaptiveGCN,0.0,0.7877589464187622,1.0,0.3476,2.3884,none,gcn,3,64,0.001,none,151,151,34,7032,23.608,0.4329,3,128.73664375602064,51.00431187290534,68.79195946341457,59.77584688325888,6.12,850
C_band0.3_new2.39,1,0.4,1,AdaptiveGCN,0.0,0.8055638670921326,1.0,0.3285,2.3884,none,gcn,3,64,0.001,none,151,151,34,7032,22.779,0.4382,0,91.90912870782495,37.3837908503169,60.80804610340419,60.10395369589002,nan,2550
C_band0.3_new2.39,1,0.4,1,AdaptiveGCN,0.0,0.8055638670921326,1.0,0.3285,2.3884,none,gcn,3,64,0.001,none,151,151,34,7032,22.779,0.4382,1,56.58798054692682,26.456597256458856,55.12102743431569,58.581394458733804,3.04,850
C_band0.3_new2.39,1,0.4,1,AdaptiveGCN,0.0,0.8055638670921326,1.0,0.3285,2.3884,none,gcn,3,64,0.001,none,151,151,34,7032,22.779,0.4382,2,90.01601572348045,38.109792934486315,60.76861462097085,61.923280932983836,3.72,850
C_band0.3_new2.39,1,0.4,1,AdaptiveGCN,0.0,0.8055638670921326,1.0,0.3285,2.3884,none,gcn,3,64,0.001,none,151,151,34,7032,22.779,0.4382,3,118.4769226068324,47.58498236000552,66.53449625492604,59.80089798984747,6.76,850
C_band0.3_new2.39,1,0.4,2,AdaptiveGCN,0.0,0.739835262298584,1.0,0.7519,2.3884,none,gcn,3,64,0.001,none,151,151,34,7032,28.122,0.5937,0,119.05058894117506,45.70389825673822,65.1535202227742,59.03948695473805,nan,2550
C_band0.3_new2.39,1,0.4,2,AdaptiveGCN,0.0,0.739835262298584,1.0,0.7519,2.3884,none,gcn,3,64,0.001,none,151,151,34,7032,28.122,0.5937,1,84.82569533333226,34.08959542839624,57.495212054921176,54.91069830159084,3.96,850
C_band0.3_new2.39,1,0.4,2,AdaptiveGCN,0.0,0.739835262298584,1.0,0.7519,2.3884,none,gcn,3,64,0.001,none,151,151,34,7032,28.122,0.5937,2,106.87349554257825,43.55827898971333,64.87049936766444,59.82086579530189,3.8,850
C_band0.3_new2.39,1,0.4,2,AdaptiveGCN,0.0,0.739835262298584,1.0,0.7519,2.3884,none,gcn,3,64,0.001,none,151,151,34,7032,28.122,0.5937,3,154.6020230897678,59.463820352105095,73.09484924573702,62.35478384827624,8.64,850
C_band0.3_new2.39,2,0.475,0,AdaptiveGCN,0.0,0.8029313683509827,1.0,0.3733,2.3884,none,gcn,3,64,0.001,none,185,185,34,7032,27.259,0.5079,0,121.39343425155337,43.47365714659289,43.1393509724548,51.811399989469386,nan,2550
C_band0.3_new2.39,2,0.475,0,AdaptiveGCN,0.0,0.8029313683509827,1.0,0.3733,2.3884,none,gcn,3,64,0.001,none,185,185,34,7032,27.259,0.5079,1,107.28851044737618,38.08372628398938,38.06556235346553,44.112252093278045,1.24,850
C_band0.3_new2.39,2,0.475,0,AdaptiveGCN,0.0,0.8029313683509827,1.0,0.3733,2.3884,none,gcn,3,64,0.001,none,185,185,34,7032,27.259,0.5079,2,122.63905789583667,45.04921813285252,42.496967161063466,51.235658220416305,2.04,850
C_band0.3_new2.39,2,0.475,0,AdaptiveGCN,0.0,0.8029313683509827,1.0,0.3733,2.3884,none,gcn,3,64,0.001,none,185,185,34,7032,27.259,0.5079,3,132.88316162164227,47.28802702293677,48.855523402835374,60.08628965471382,4.04,850
C_band0.3_new2.39,2,0.475,1,AdaptiveGCN,0.0,0.5437830090522766,1.0,0.5271,2.3884,none,gcn,3,64,0.001,none,185,185,34,7032,59.891,0.5859,0,153.4148147321086,49.20655297914244,46.610393004181994,53.13416453847808,nan,2550
C_band0.3_new2.39,2,0.475,1,AdaptiveGCN,0.0,0.5437830090522766,1.0,0.5271,2.3884,none,gcn,3,64,0.001,none,185,185,34,7032,59.891,0.5859,1,109.2492617486692,39.15989143776105,40.806949358931064,43.292468519726,2.96,850
C_band0.3_new2.39,2,0.475,1,AdaptiveGCN,0.0,0.5437830090522766,1.0,0.5271,2.3884,none,gcn,3,64,0.001,none,185,185,34,7032,59.891,0.5859,2,129.81184613584406,48.56653748580138,47.180538175089374,52.82233355192971,3.96,850
C_band0.3_new2.39,2,0.475,1,AdaptiveGCN,0.0,0.5437830090522766,1.0,0.5271,2.3884,none,gcn,3,64,0.001,none,185,185,34,7032,59.891,0.5859,3,204.50378859091177,59.89323001386488,51.84369147852556,63.287691543778536,3.6,850
C_band0.3_new2.39,2,0.475,2,AdaptiveGCN,0.0,0.5728679299354553,1.0,0.6106,2.3884,none,gcn,3,64,0.001,none,185,185,34,7032,131.985,0.8,0,147.39690938624705,51.373466970584005,47.82826942036832,55.25413935956113,nan,2550
C_band0.3_new2.39,2,0.475,2,AdaptiveGCN,0.0,0.5728679299354553,1.0,0.6106,2.3884,none,gcn,3,64,0.001,none,185,185,34,7032,131.985,0.8,1,117.55424749556724,41.82880216928089,41.2417914762552,46.884421566640974,1.68,850
C_band0.3_new2.39,2,0.475,2,AdaptiveGCN,0.0,0.5728679299354553,1.0,0.6106,2.3884,none,gcn,3,64,0.001,none,185,185,34,7032,131.985,0.8,2,166.40913649551007,55.76817422161043,49.28828550540917,56.42770035396839,2.36,850
C_band0.3_new2.39,2,0.475,2,AdaptiveGCN,0.0,0.5728679299354553,1.0,0.6106,2.3884,none,gcn,3,64,0.001,none,185,185,34,7032,131.985,0.8,3,153.83934762089382,56.5234245208607,52.95473127944056,62.45029615807404,3.84,850
C_band0.3_new2.39,3,0.55,0,AdaptiveGCN,0.0,0.47386959195137024,1.0,0.3353,2.3884,none,gcn,3,64,0.001,none,219,219,34,7032,78.941,0.5332,0,23.918154305669244,12.928801353886431,57.99689703575077,65.27560335718145,nan,2550
C_band0.3_new2.39,3,0.55,0,AdaptiveGCN,0.0,0.47386959195137024,1.0,0.3353,2.3884,none,gcn,3,64,0.001,none,219,219,34,7032,78.941,0.5332,1,18.25297964774085,10.195643367004745,51.453935257203256,58.1107343508907,2.0,850
C_band0.3_new2.39,3,0.55,0,AdaptiveGCN,0.0,0.47386959195137024,1.0,0.3353,2.3884,none,gcn,3,64,0.001,none,219,219,34,7032,78.941,0.5332,2,23.63559655752451,13.018390815012594,58.57166089861923,67.92254251892224,3.4583333333333335,850
C_band0.3_new2.39,3,0.55,0,AdaptiveGCN,0.0,0.47386959195137024,1.0,0.3353,2.3884,none,gcn,3,64,0.001,none,219,219,34,7032,78.941,0.5332,3,28.712743260066713,15.572369879641954,63.96509495142985,69.80765992343741,4.208333333333333,850
C_band0.3_new2.39,3,0.55,1,AdaptiveGCN,0.0,0.5767888426780701,1.0,0.3066,2.3884,none,gcn,3,64,0.001,none,219,219,34,7032,63.757,1.2567,0,21.560877250979306,12.09642908091205,56.50260707126652,62.93721969277924,nan,2550
C_band0.3_new2.39,3,0.55,1,AdaptiveGCN,0.0,0.5767888426780701,1.0,0.3066,2.3884,none,gcn,3,64,0.001,none,219,219,34,7032,63.757,1.2567,1,16.608033584486698,9.700159503721139,50.69349042094784,54.52196774559657,1.375,850
C_band0.3_new2.39,3,0.55,1,AdaptiveGCN,0.0,0.5767888426780701,1.0,0.3066,2.3884,none,gcn,3,64,0.001,none,219,219,34,7032,63.757,1.2567,2,22.24044559130394,12.445972184267251,57.879204138934085,65.02379939051039,3.25,850
C_band0.3_new2.39,3,0.55,1,AdaptiveGCN,0.0,0.5767888426780701,1.0,0.3066,2.3884,none,gcn,3,64,0.001,none,219,219,34,7032,63.757,1.2567,3,24.98299589425179,14.143155554747757,60.935126653917635,69.28372014561242,4.083333333333333,850
C_band0.3_new2.39,3,0.55,2,AdaptiveGCN,0.0,0.593041181564331,1.0,0.2872,2.3884,none,gcn,3,64,0.001,none,219,219,34,7032,62.323,0.7085,0,20.894213961445374,11.594270078771538,55.74770819366122,60.130968398966345,nan,2550
C_band0.3_new2.39,3,0.55,2,AdaptiveGCN,0.0,0.593041181564331,1.0,0.2872,2.3884,none,gcn,3,64,0.001,none,219,219,34,7032,62.323,0.7085,1,16.267519593552194,9.422972129897817,50.33690454264268,53.58039647110966,1.7916666666666667,850
C_band0.3_new2.39,3,0.55,2,AdaptiveGCN,0.0,0.593041181564331,1.0,0.2872,2.3884,none,gcn,3,64,0.001,none,219,219,34,7032,62.323,0.7085,2,20.97146688061649,11.670161815616028,56.51778438155659,63.29746433539074,3.5416666666666665,850
C_band0.3_new2.39,3,0.55,2,AdaptiveGCN,0.0,0.593041181564331,1.0,0.2872,2.3884,none,gcn,3,64,0.001,none,219,219,34,7032,62.323,0.7085,3,24.602233930043376,13.689676290800767,60.38843565678441,63.52705726575451,4.625,850
C_band0.3_new2.39,4,0.625,0,AdaptiveGCN,0.0,0.6214057207107544,1.0,0.2837,2.3884,none,gcn,3,64,0.001,none,253,253,34,7032,48.087,0.6177,0,30.687794067808255,14.283762986690682,52.24431863221044,56.85129597286355,nan,2550
C_band0.3_new2.39,4,0.625,0,AdaptiveGCN,0.0,0.6214057207107544,1.0,0.2837,2.3884,none,gcn,3,64,0.001,none,253,253,34,7032,48.087,0.6177,1,27.102686512706,12.718473125420621,51.024711325009896,54.729513881270734,2.6666666666666665,850
C_band0.3_new2.39,4,0.625,0,AdaptiveGCN,0.0,0.6214057207107544,1.0,0.2837,2.3884,none,gcn,3,64,0.001,none,253,253,34,7032,48.087,0.6177,2,28.32698309857879,13.578050359431106,51.43312535310947,57.038438105672995,3.3333333333333335,850
C_band0.3_new2.39,4,0.625,0,AdaptiveGCN,0.0,0.6214057207107544,1.0,0.2837,2.3884,none,gcn,3,64,0.001,none,253,253,34,7032,48.087,0.6177,3,35.8921791839314,16.55476547522032,54.275119218511946,58.785935931646925,3.7916666666666665,850
C_band0.3_new2.39,4,0.625,1,AdaptiveGCN,0.0,0.6802629232406616,1.0,0.2798,2.3884,none,gcn,3,64,0.001,none,253,253,34,7032,38.249,0.4768,0,30.716629022154642,14.398461031564603,51.816455942513706,58.83610603415157,nan,2550
C_band0.3_new2.39,4,0.625,1,AdaptiveGCN,0.0,0.6802629232406616,1.0,0.2798,2.3884,none,gcn,3,64,0.001,none,253,253,34,7032,38.249,0.4768,1,27.516844642541045,13.257310108428491,51.150371475222734,59.83427055384016,3.25,850
C_band0.3_new2.39,4,0.625,1,AdaptiveGCN,0.0,0.6802629232406616,1.0,0.2798,2.3884,none,gcn,3,64,0.001,none,253,253,34,7032,38.249,0.4768,2,28.727762810667535,13.934939029015162,51.568260930039436,60.2737481373306,4.041666666666667,850
C_band0.3_new2.39,4,0.625,1,AdaptiveGCN,0.0,0.6802629232406616,1.0,0.2798,2.3884,none,gcn,3,64,0.001,none,253,253,34,7032,38.249,0.4768,3,35.32807382615569,16.003133957250153,52.73073542227894,56.400299411283974,4.291666666666667,850
C_band0.3_new2.39,4,0.625,2,AdaptiveGCN,0.0,0.4469342529773712,1.0,0.4369,2.3884,none,gcn,3,64,0.001,none,253,253,34,7032,104.212,2.8806,0,34.104022475278555,15.903215124409318,53.436791161115785,61.44946846181518,nan,2550
C_band0.3_new2.39,4,0.625,2,AdaptiveGCN,0.0,0.4469342529773712,1.0,0.4369,2.3884,none,gcn,3,64,0.001,none,253,253,34,7032,104.212,2.8806,1,29.089484070600356,13.650812274495907,51.21940502375417,58.20458464335948,2.875,850
C_band0.3_new2.39,4,0.625,2,AdaptiveGCN,0.0,0.4469342529773712,1.0,0.4369,2.3884,none,gcn,3,64,0.001,none,253,253,34,7032,104.212,2.8806,2,31.545476979266756,15.156214843532071,52.934008276649394,60.07608441018337,3.4583333333333335,850
C_band0.3_new2.39,4,0.625,2,AdaptiveGCN,0.0,0.4469342529773712,1.0,0.4369,2.3884,none,gcn,3,64,0.001,none,253,253,34,7032,104.212,2.8806,3,40.59480072176429,18.902618255199975,56.15696018294379,66.06773633190267,5.625,850
C_band0.3_new2.39,5,0.7,0,AdaptiveGCN,0.0,0.6029998064041138,1.0,0.4066,2.3884,none,gcn,3,64,0.001,none,287,287,34,7032,62.153,1.0288,0,55.89418251089165,28.45487019975542,44.90738714368552,52.287615793872554,nan,2550
C_band0.3_new2.39,5,0.7,0,AdaptiveGCN,0.0,0.6029998064041138,1.0,0.4066,2.3884,none,gcn,3,64,0.001,none,287,287,34,7032,62.153,1.0288,1,40.40121822392722,21.6896289402115,38.04550035562785,40.51858264031682,1.24,850
C_band0.3_new2.39,5,0.7,0,AdaptiveGCN,0.0,0.6029998064041138,1.0,0.4066,2.3884,none,gcn,3,64,0.001,none,287,287,34,7032,62.153,1.0288,2,54.85418779286602,28.593037065828547,43.41393349143887,47.515919571936024,2.92,850
C_band0.3_new2.39,5,0.7,0,AdaptiveGCN,0.0,0.6029998064041138,1.0,0.4066,2.3884,none,gcn,3,64,0.001,none,287,287,34,7032,62.153,1.0288,3,68.78399932608018,35.08194459322621,53.26272758398984,69.04909373618497,4.0,850
C_band0.3_new2.39,5,0.7,1,AdaptiveGCN,0.0,0.6174805760383606,1.0,0.3477,2.3884,none,gcn,3,64,0.001,none,287,287,34,7032,60.124,0.6262,0,57.02958669392702,29.549444422305324,46.84824577875118,54.59883405520266,nan,2550
C_band0.3_new2.39,5,0.7,1,AdaptiveGCN,0.0,0.6174805760383606,1.0,0.3477,2.3884,none,gcn,3,64,0.001,none,287,287,34,7032,60.124,0.6262,1,40.80796539437881,21.502524494093787,39.01376804002033,39.71024087775736,1.2,850
C_band0.3_new2.39,5,0.7,1,AdaptiveGCN,0.0,0.6174805760383606,1.0,0.3477,2.3884,none,gcn,3,64,0.001,none,287,287,34,7032,60.124,0.6262,2,56.07710567537471,29.878217659193805,45.89699813151575,49.817580655339036,3.84,850
C_band0.3_new2.39,5,0.7,1,AdaptiveGCN,0.0,0.6174805760383606,1.0,0.3477,2.3884,none,gcn,3,64,0.001,none,287,287,34,7032,60.124,0.6262,3,70.33625988694915,37.267591113628384,55.633971164717465,74.53347679838957,4.166666666666667,850
C_band0.3_new2.39,5,0.7,2,AdaptiveGCN,0.0,0.5639709234237671,1.0,0.5223,2.3884,none,gcn,3,64,0.001,none,287,287,34,7032,67.318,1.0572,0,59.04899383305783,29.506136275788624,46.538940391405944,52.51855837434858,nan,2550
C_band0.3_new2.39,5,0.7,2,AdaptiveGCN,0.0,0.5639709234237671,1.0,0.5223,2.3884,none,gcn,3,64,0.001,none,287,287,34,7032,67.318,1.0572,1,42.71596521696955,22.30111398888204,38.89762749045645,39.53150808378879,1.24,850
C_band0.3_new2.39,5,0.7,2,AdaptiveGCN,0.0,0.5639709234237671,1.0,0.5223,2.3884,none,gcn,3,64,0.001,none,287,287,34,7032,67.318,1.0572,2,58.093927907195955,29.737865655762967,45.228277064222645,47.56874448489279,3.16,850
C_band0.3_new2.39,5,0.7,2,AdaptiveGCN,0.0,0.5639709234237671,1.0,0.5223,2.3884,none,gcn,3,64,0.001,none,287,287,34,7032,67.318,1.0572,3,72.53132339883004,36.479429182720864,55.49091661953871,70.695378864481,3.9583333333333335,850
C_band0.3_new2.39,6,0.775,0,AdaptiveGCN,0.0,0.7076786756515503,1.0,0.1328,2.3884,none,gcn,3,64,0.001,none,321,321,34,7032,61.661,0.4675,0,10.726723092988905,5.325487685016466,79.8447744706706,84.92495372948652,nan,2550
C_band0.3_new2.39,6,0.775,0,AdaptiveGCN,0.0,0.7076786756515503,1.0,0.1328,2.3884,none,gcn,3,64,0.001,none,321,321,34,7032,61.661,0.4675,1,8.323372925725112,4.300127668878584,71.2435884996462,67.91351405517817,2.5714285714285716,850
C_band0.3_new2.39,6,0.775,0,AdaptiveGCN,0.0,0.7076786756515503,1.0,0.1328,2.3884,none,gcn,3,64,0.001,none,321,321,34,7032,61.661,0.4675,2,10.506378866551833,5.2936373788822335,80.90138668894554,85.39401925232436,4.0,850
C_band0.3_new2.39,6,0.775,0,AdaptiveGCN,0.0,0.7076786756515503,1.0,0.1328,2.3884,none,gcn,3,64,0.001,none,321,321,34,7032,61.661,0.4675,3,12.865660931050668,6.382698007288581,87.38934822342007,101.52298546458489,4.642857142857143,850
C_band0.3_new2.39,6,0.775,1,AdaptiveGCN,0.0,0.5864567756652832,1.0,0.253,2.3884,none,gcn,3,64,0.001,none,321,321,34,7032,71.316,1.0992,0,11.943697982492111,5.928852557173734,94.48569940439722,96.53688558402297,nan,2550
C_band0.3_new2.39,6,0.775,1,AdaptiveGCN,0.0,0.5864567756652832,1.0,0.253,2.3884,none,gcn,3,64,0.001,none,321,321,34,7032,71.316,1.0992,1,9.106817885412593,4.728744816117755,92.40333069413971,76.3383481899714,3.357142857142857,850
C_band0.3_new2.39,6,0.775,1,AdaptiveGCN,0.0,0.5864567756652832,1.0,0.253,2.3884,none,gcn,3,64,0.001,none,321,321,34,7032,71.316,1.0992,2,11.842266605617343,5.95938625916373,94.73181711559032,97.41725324050286,5.428571428571429,850
C_band0.3_new2.39,6,0.775,1,AdaptiveGCN,0.0,0.5864567756652832,1.0,0.253,2.3884,none,gcn,3,64,0.001,none,321,321,34,7032,71.316,1.0992,3,14.31021852154494,7.098426596239716,96.32195040346161,115.92314608967844,5.785714285714286,850
C_band0.3_new2.39,6,0.775,2,AdaptiveGCN,0.0,0.785916268825531,1.0,0.0911,2.3884,none,gcn,3,64,0.001,none,321,321,34,7032,52.12,0.417,0,10.629258759041331,5.321729518413606,86.77833933266135,86.24986996005741,nan,2550
C_band0.3_new2.39,6,0.775,2,AdaptiveGCN,0.0,0.785916268825531,1.0,0.0911,2.3884,none,gcn,3,64,0.001,none,321,321,34,7032,52.12,0.417,1,8.741284258969866,4.571524216887363,94.84299993455765,75.42442301588443,2.7857142857142856,850
C_band0.3_new2.39,6,0.775,2,AdaptiveGCN,0.0,0.785916268825531,1.0,0.0911,2.3884,none,gcn,3,64,0.001,none,321,321,34,7032,52.12,0.417,2,10.211438581168421,5.166365139064592,80.17130839662894,84.00382132836589,3.142857142857143,850
C_band0.3_new2.39,6,0.775,2,AdaptiveGCN,0.0,0.785916268825531,1.0,0.0911,2.3884,none,gcn,3,64,0.001,none,321,321,34,7032,52.12,0.417,3,12.580138985992217,6.227299199288861,85.32070966679747,99.3410038295058,4.571428571428571,850
C_band0.3_new2.39,7,0.85,0,AdaptiveGCN,0.0,0.7578955292701721,1.0,0.0678,2.3884,none,gcn,3,64,0.001,none,355,355,34,7032,62.761,0.4972,0,88.26669474143176,21.403269400070542,88.52498488814705,394.5322996174686,nan,2550
C_band0.3_new2.39,7,0.85,0,AdaptiveGCN,0.0,0.7578955292701721,1.0,0.0678,2.3884,none,gcn,3,64,0.001,none,355,355,34,7032,62.761,0.4972,1,89.88505388128699,20.74785000258531,85.62367344474984,424.9017413871093,2.76,850
C_band0.3_new2.39,7,0.85,0,AdaptiveGCN,0.0,0.7578955292701721,1.0,0.0678,2.3884,none,gcn,3,64,0.001,none,355,355,34,7032,62.761,0.4972,2,87.44987475048461,21.114523795452723,86.93805038050624,310.13329040964067,3.52,850
C_band0.3_new2.39,7,0.85,0,AdaptiveGCN,0.0,0.7578955292701721,1.0,0.0678,2.3884,none,gcn,3,64,0.001,none,355,355,34,7032,62.761,0.4972,3,87.44269378635349,22.34743440217359,93.013230839185,448.58123016128684,4.36,850
C_band0.3_new2.39,7,0.85,1,AdaptiveGCN,0.0,0.7554380893707275,1.0,0.0467,2.3884,none,gcn,3,64,0.001,none,355,355,34,7032,62.158,0.4715,0,90.56114866584679,21.867779574227605,96.84265377721582,414.00629657585546,nan,2550
C_band0.3_new2.39,7,0.85,1,AdaptiveGCN,0.0,0.7554380893707275,1.0,0.0467,2.3884,none,gcn,3,64,0.001,none,355,355,34,7032,62.158,0.4715,1,90.47505534816408,20.781197533764576,96.49795914462817,431.7780774333346,2.56,850
C_band0.3_new2.39,7,0.85,1,AdaptiveGCN,0.0,0.7554380893707275,1.0,0.0467,2.3884,none,gcn,3,64,0.001,none,355,355,34,7032,62.158,0.4715,2,92.42705622331736,22.19333928154867,96.49201521567767,345.2799612358559,3.32,850
C_band0.3_new2.39,7,0.85,1,AdaptiveGCN,0.0,0.7554380893707275,1.0,0.0467,2.3884,none,gcn,3,64,0.001,none,355,355,34,7032,62.158,0.4715,3,88.74383686020788,22.628801907369567,97.53798697134161,464.9163748887727,4.36,850
C_band0.3_new2.39,7,0.85,2,AdaptiveGCN,0.0,0.663027822971344,1.0,0.1001,2.3884,none,gcn,3,64,0.001,none,355,355,34,7032,72.874,0.617,0,85.5202218723249,20.94111081549928,95.57529080391004,372.13017178735106,nan,2550
C_band0.3_new2.39,7,0.85,2,AdaptiveGCN,0.0,0.663027822971344,1.0,0.1001,2.3884,none,gcn,3,64,0.001,none,355,355,34,7032,72.874,0.617,1,87.00518289862492,20.235932306140278,91.06051482561608,400.69272835248466,2.76,850
C_band0.3_new2.39,7,0.85,2,AdaptiveGCN,0.0,0.663027822971344,1.0,0.1001,2.3884,none,gcn,3,64,0.001,none,355,355,34,7032,72.874,0.617,2,85.48635792146067,20.8720545214933,96.14696414592572,299.63285514088227,3.32,850
C_band0.3_new2.39,7,0.85,2,AdaptiveGCN,0.0,0.663027822971344,1.0,0.1001,2.3884,none,gcn,3,64,0.001,none,355,355,34,7032,72.874,0.617,3,84.04347568595543,21.71534561886426,99.51839344018829,416.10299926565284,4.6,850
C_band0.3_new2.39,8,0.925,0,AdaptiveGCN,0.0,0.40433433651924133,1.0,0.4314,2.3884,none,gcn,3,64,0.001,none,389,389,34,7032,436.511,14.276,0,28.928614346385572,12.898392689304401,82.05306416474406,113.46816944406739,nan,2550
C_band0.3_new2.39,8,0.925,0,AdaptiveGCN,0.0,0.40433433651924133,1.0,0.4314,2.3884,none,gcn,3,64,0.001,none,389,389,34,7032,436.511,14.276,1,25.526253415384453,10.188620947327959,74.40890719171443,86.27809584548083,2.857142857142857,850
C_band0.3_new2.39,8,0.925,0,AdaptiveGCN,0.0,0.40433433651924133,1.0,0.4314,2.3884,none,gcn,3,64,0.001,none,389,389,34,7032,436.511,14.276,2,28.93964940471389,13.118216162447215,83.5246997043375,117.3759072903945,5.142857142857143,850
C_band0.3_new2.39,8,0.925,0,AdaptiveGCN,0.0,0.40433433651924133,1.0,0.4314,2.3884,none,gcn,3,64,0.001,none,389,389,34,7032,436.511,14.276,3,31.960933386112668,15.38834095813803,88.22558559818023,136.58148865965472,5.0476190476190474,850
C_band0.3_new2.39,8,0.925,1,AdaptiveGCN,0.0,0.4943855106830597,1.0,0.2939,2.3884,none,gcn,3,64,0.001,none,389,389,34,7032,112.092,0.6388,0,28.014935602031482,12.028521938425781,81.53340033831078,101.30565030653922,nan,2550
C_band0.3_new2.39,8,0.925,1,AdaptiveGCN,0.0,0.4943855106830597,1.0,0.2939,2.3884,none,gcn,3,64,0.001,none,389,389,34,7032,112.092,0.6388,1,26.238186948222726,10.459193469117231,77.8534940535275,88.14403552578207,2.9047619047619047,850
C_band0.3_new2.39,8,0.925,1,AdaptiveGCN,0.0,0.4943855106830597,1.0,0.2939,2.3884,none,gcn,3,64,0.001,none,389,389,34,7032,112.092,0.6388,2,28.159664490698496,12.070229728974347,79.83050009022303,103.49492595138778,3.7142857142857144,850
C_band0.3_new2.39,8,0.925,1,AdaptiveGCN,0.0,0.4943855106830597,1.0,0.2939,2.3884,none,gcn,3,64,0.001,none,389,389,34,7032,112.092,0.6388,3,29.548277306796106,13.556142617185765,86.91620687118179,112.19739046697939,5.857142857142857,850
C_band0.3_new2.39,8,0.925,2,AdaptiveGCN,0.0,0.6529404520988464,1.0,0.1395,2.3884,none,gcn,3,64,0.001,none,389,389,34,7032,97.879,0.5599,0,27.57239964998521,11.110544825790207,76.76064454044455,93.46663254909576,nan,2550
C_band0.3_new2.39,8,0.925,2,AdaptiveGCN,0.0,0.6529404520988464,1.0,0.1395,2.3884,none,gcn,3,64,0.001,none,389,389,34,7032,97.879,0.5599,1,25.404113618559926,9.563812319844796,70.86724317588927,80.29565761520556,2.1904761904761907,850
C_band0.3_new2.39,8,0.925,2,AdaptiveGCN,0.0,0.6529404520988464,1.0,0.1395,2.3884,none,gcn,3,64,0.001,none,389,389,34,7032,97.879,0.5599,2,27.065120541116986,10.816024215553103,76.31840122256038,91.65637367983773,3.380952380952381,850
C_band0.3_new2.39,8,0.925,2,AdaptiveGCN,0.0,0.6529404520988464,1.0,0.1395,2.3884,none,gcn,3,64,0.001,none,389,389,34,7032,97.879,0.5599,3,30.04699533606678,12.951797941972721,83.09628922288397,108.35087907159473,5.095238095238095,850
C_band0.3_old0.70,1,0.4,0,AdaptiveGCN,0.0,0.7877589464187622,1.0,0.3476,0.7,none,gcn,3,64,0.001,none,151,151,34,7032,23.611,0.6908,0,92.75198405783877,37.38276134237507,60.84247561783912,58.76655757812378,nan,2550
C_band0.3_old0.70,1,0.4,0,AdaptiveGCN,0.0,0.7877589464187622,1.0,0.3476,0.7,none,gcn,3,64,0.001,none,151,151,34,7032,23.611,0.6908,1,55.210400944324704,25.936384048229904,53.47339728676263,56.18787598526922,2.56,850
C_band0.3_old0.70,1,0.4,0,AdaptiveGCN,0.0,0.7877589464187622,1.0,0.3476,0.7,none,gcn,3,64,0.001,none,151,151,34,7032,23.611,0.6908,2,78.66053535286336,35.207588105989956,60.262070103340136,60.31975739704857,3.12,850
C_band0.3_old0.70,1,0.4,0,AdaptiveGCN,0.0,0.7877589464187622,1.0,0.3476,0.7,none,gcn,3,64,0.001,none,151,151,34,7032,23.611,0.6908,3,128.73664375602064,51.00431187290534,68.79195946341457,59.77584688325888,6.12,850
C_band0.3_old0.70,1,0.4,1,AdaptiveGCN,0.0,0.8059937357902527,1.0,0.3246,0.7,none,gcn,3,64,0.001,none,151,151,34,7032,22.309,0.7325,0,91.62798327263579,37.31308871423552,60.780440220906705,60.14953467035525,nan,2550
C_band0.3_old0.70,1,0.4,1,AdaptiveGCN,0.0,0.8059937357902527,1.0,0.3246,0.7,none,gcn,3,64,0.001,none,151,151,34,7032,22.309,0.7325,1,56.29850469126285,26.38986033797045,55.090320079927366,58.712210990895365,3.04,850
C_band0.3_old0.70,1,0.4,1,AdaptiveGCN,0.0,0.8059937357902527,1.0,0.3246,0.7,none,gcn,3,64,0.001,none,151,151,34,7032,22.309,0.7325,2,90.67731893439844,38.28983366963618,60.839036905392355,61.92727640327167,3.72,850
C_band0.3_old0.70,1,0.4,1,AdaptiveGCN,0.0,0.8059937357902527,1.0,0.3246,0.7,none,gcn,3,64,0.001,none,151,151,34,7032,22.309,0.7325,3,117.45281672326348,47.25957213509992,66.4119636774004,59.80339951828023,6.76,850
C_band0.3_old0.70,1,0.4,2,AdaptiveGCN,0.0,0.739835262298584,1.0,0.7519,0.7,none,gcn,3,64,0.001,none,151,151,34,7032,27.463,0.4696,0,119.05058894117506,45.70389825673822,65.1535202227742,59.03948695473805,nan,2550
C_band0.3_old0.70,1,0.4,2,AdaptiveGCN,0.0,0.739835262298584,1.0,0.7519,0.7,none,gcn,3,64,0.001,none,151,151,34,7032,27.463,0.4696,1,84.82569533333226,34.08959542839624,57.495212054921176,54.91069830159084,3.96,850
C_band0.3_old0.70,1,0.4,2,AdaptiveGCN,0.0,0.739835262298584,1.0,0.7519,0.7,none,gcn,3,64,0.001,none,151,151,34,7032,27.463,0.4696,2,106.87349554257825,43.55827898971333,64.87049936766444,59.82086579530189,3.8,850
C_band0.3_old0.70,1,0.4,2,AdaptiveGCN,0.0,0.739835262298584,1.0,0.7519,0.7,none,gcn,3,64,0.001,none,151,151,34,7032,27.463,0.4696,3,154.6020230897678,59.463820352105095,73.09484924573702,62.35478384827624,8.64,850
C_band0.3_old0.70,2,0.475,0,AdaptiveGCN,0.0,0.8029313683509827,1.0,0.3733,0.7,none,gcn,3,64,0.001,none,185,185,34,7032,28.995,0.4377,0,121.39343425155337,43.47365714659289,43.1393509724548,51.811399989469386,nan,2550
C_band0.3_old0.70,2,0.475,0,AdaptiveGCN,0.0,0.8029313683509827,1.0,0.3733,0.7,none,gcn,3,64,0.001,none,185,185,34,7032,28.995,0.4377,1,107.28851044737618,38.08372628398938,38.06556235346553,44.112252093278045,1.24,850
C_band0.3_old0.70,2,0.475,0,AdaptiveGCN,0.0,0.8029313683509827,1.0,0.3733,0.7,none,gcn,3,64,0.001,none,185,185,34,7032,28.995,0.4377,2,122.63905789583667,45.04921813285252,42.496967161063466,51.235658220416305,2.04,850
C_band0.3_old0.70,2,0.475,0,AdaptiveGCN,0.0,0.8029313683509827,1.0,0.3733,0.7,none,gcn,3,64,0.001,none,185,185,34,7032,28.995,0.4377,3,132.88316162164227,47.28802702293677,48.855523402835374,60.08628965471382,4.04,850
C_band0.3_old0.70,2,0.475,1,AdaptiveGCN,0.0,0.531207263469696,1.0,0.7129,0.7,none,gcn,3,64,0.001,none,185,185,34,7032,64.653,1.0651,0,173.5980364545988,51.93282856268443,46.66077570655467,52.1393499357614,nan,2550
C_band0.3_old0.70,2,0.475,1,AdaptiveGCN,0.0,0.531207263469696,1.0,0.7129,0.7,none,gcn,3,64,0.001,none,185,185,34,7032,64.653,1.0651,1,119.34848707646366,40.487259055723385,40.54126305755643,41.79310359289489,2.48,850
C_band0.3_old0.70,2,0.475,1,AdaptiveGCN,0.0,0.531207263469696,1.0,0.7129,0.7,none,gcn,3,64,0.001,none,185,185,34,7032,64.653,1.0651,2,135.73204775392705,47.77044452475603,45.87625350678623,48.168467873066966,5.28,850
C_band0.3_old0.70,2,0.475,1,AdaptiveGCN,0.0,0.531207263469696,1.0,0.7129,0.7,none,gcn,3,64,0.001,none,185,185,34,7032,64.653,1.0651,3,240.2947869342186,67.54078210757388,53.56481055532139,66.45647834132234,3.36,850
C_band0.3_old0.70,2,0.475,2,AdaptiveGCN,0.0,0.5305076241493225,1.0,0.6758,0.7,none,gcn,3,64,0.001,none,185,185,34,7032,61.607,2.0102,0,157.97692951941892,53.203751288437076,48.038544591414784,55.999335859015034,nan,2550
C_band0.3_old0.70,2,0.475,2,AdaptiveGCN,0.0,0.5305076241493225,1.0,0.6758,0.7,none,gcn,3,64,0.001,none,185,185,34,7032,61.607,2.0102,1,146.3517000639577,48.83560135356315,43.858584849156905,52.04348982897263,2.28,850
C_band0.3_old0.70,2,0.475,2,AdaptiveGCN,0.0,0.5305076241493225,1.0,0.6758,0.7,none,gcn,3,64,0.001,none,185,185,34,7032,61.607,2.0102,2,175.57322954702948,58.24101843230796,48.3430816879309,57.5285930472636,4.72,850
C_band0.3_old0.70,2,0.475,2,AdaptiveGCN,0.0,0.5305076241493225,1.0,0.6758,0.7,none,gcn,3,64,0.001,none,185,185,34,7032,61.607,2.0102,3,150.41725877028145,52.53463407944011,51.913967237156534,58.42592470080885,4.52,850
C_band0.3_old0.70,3,0.55,0,AdaptiveGCN,0.0,0.7568336725234985,1.0,0.1837,0.7,none,gcn,3,64,0.001,none,219,219,34,7032,36.769,0.3667,0,22.10416304544547,12.199547886988697,56.210639454990975,62.405437961843646,nan,2550
C_band0.3_old0.70,3,0.55,0,AdaptiveGCN,0.0,0.7568336725234985,1.0,0.1837,0.7,none,gcn,3,64,0.001,none,219,219,34,7032,36.769,0.3667,1,16.74770296414834,9.747762925274232,50.3836388819722,55.26933402827283,1.3333333333333333,850
C_band0.3_old0.70,3,0.55,0,AdaptiveGCN,0.0,0.7568336725234985,1.0,0.1837,0.7,none,gcn,3,64,0.001,none,219,219,34,7032,36.769,0.3667,2,20.697662126753357,11.62148779041627,56.86600049596419,62.223018881259996,2.625,850
C_band0.3_old0.70,3,0.55,0,AdaptiveGCN,0.0,0.7568336725234985,1.0,0.1837,0.7,none,gcn,3,64,0.001,none,219,219,34,7032,36.769,0.3667,3,27.511875612730016,15.229392945275587,61.38227898703653,69.74143936408484,3.6666666666666665,850
C_band0.3_old0.70,3,0.55,1,AdaptiveGCN,0.0,0.5746549367904663,1.0,0.3309,0.7,none,gcn,3,64,0.001,none,219,219,34,7032,49.337,0.9377,0,21.53934905010769,12.104872317940508,56.480119909494256,63.505523719363374,nan,2550
C_band0.3_old0.70,3,0.55,1,AdaptiveGCN,0.0,0.5746549367904663,1.0,0.3309,0.7,none,gcn,3,64,0.001,none,219,219,34,7032,49.337,0.9377,1,16.52532673229612,9.685206206122084,50.73789247164672,54.87702577927247,1.25,850
C_band0.3_old0.70,3,0.55,1,AdaptiveGCN,0.0,0.5746549367904663,1.0,0.3309,0.7,none,gcn,3,64,0.001,none,219,219,34,7032,49.337,0.9377,2,22.123273031866773,12.39713202814188,57.61026791985488,65.94937014019597,3.2916666666666665,850
C_band0.3_old0.70,3,0.55,1,AdaptiveGCN,0.0,0.5746549367904663,1.0,0.3309,0.7,none,gcn,3,64,0.001,none,219,219,34,7032,49.337,0.9377,3,25.085953026653392,14.23227871955756,61.09219933698119,69.70808714848789,4.25,850
C_band0.3_old0.70,3,0.55,2,AdaptiveGCN,0.0,0.571142852306366,1.0,0.3113,0.7,none,gcn,3,64,0.001,none,219,219,34,7032,51.651,0.463,0,20.70772976721862,11.37705296876968,55.554453504923465,58.823548341901564,nan,2550
C_band0.3_old0.70,3,0.55,2,AdaptiveGCN,0.0,0.571142852306366,1.0,0.3113,0.7,none,gcn,3,64,0.001,none,219,219,34,7032,51.651,0.463,1,15.440529297412334,9.121258483680293,50.093696212288705,54.1512515270046,2.5416666666666665,850
C_band0.3_old0.70,3,0.55,2,AdaptiveGCN,0.0,0.571142852306366,1.0,0.3113,0.7,none,gcn,3,64,0.001,none,219,219,34,7032,51.651,0.463,2,21.248619239561243,11.638011312134125,57.00758192925911,60.54362315819407,3.875,850
C_band0.3_old0.70,3,0.55,2,AdaptiveGCN,0.0,0.571142852306366,1.0,0.3113,0.7,none,gcn,3,64,0.001,none,219,219,34,7032,51.651,0.463,3,24.42368628533284,13.371889110494624,59.56208237322258,61.784989831211604,4.708333333333333,850
C_band0.3_old0.70,4,0.625,0,AdaptiveGCN,0.0,0.6213691830635071,1.0,0.2804,0.7,none,gcn,3,64,0.001,none,253,253,34,7032,50.675,0.4735,0,30.667293980636117,14.27630088883023,52.31559249265002,56.78130052496475,nan,2550
C_band0.3_old0.70,4,0.625,0,AdaptiveGCN,0.0,0.6213691830635071,1.0,0.2804,0.7,none,gcn,3,64,0.001,none,253,253,34,7032,50.675,0.4735,1,27.098261188387085,12.713928442176103,51.28693764407748,54.6130094393203,2.7083333333333335,850
C_band0.3_old0.70,4,0.625,0,AdaptiveGCN,0.0,0.6213691830635071,1.0,0.2804,0.7,none,gcn,3,64,0.001,none,253,253,34,7032,50.675,0.4735,2,28.370536685401337,13.605786732250332,51.43960736323141,57.078658204910916,3.3333333333333335,850
C_band0.3_old0.70,4,0.625,0,AdaptiveGCN,0.0,0.6213691830635071,1.0,0.2804,0.7,none,gcn,3,64,0.001,none,253,253,34,7032,50.675,0.4735,3,35.80845778629026,16.509187492064257,54.22023247064119,58.65223393066301,3.7916666666666665,850
C_band0.3_old0.70,4,0.625,1,AdaptiveGCN,0.0,0.6802629232406616,1.0,0.2798,0.7,none,gcn,3,64,0.001,none,253,253,34,7032,46.551,0.6968,0,30.716629022154642,14.398461031564603,51.816455942513706,58.83610603415157,nan,2550
C_band0.3_old0.70,4,0.625,1,AdaptiveGCN,0.0,0.6802629232406616,1.0,0.2798,0.7,none,gcn,3,64,0.001,none,253,253,34,7032,46.551,0.6968,1,27.516844642541045,13.257310108428491,51.150371475222734,59.83427055384016,3.25,850
C_band0.3_old0.70,4,0.625,1,AdaptiveGCN,0.0,0.6802629232406616,1.0,0.2798,0.7,none,gcn,3,64,0.001,none,253,253,34,7032,46.551,0.6968,2,28.727762810667535,13.934939029015162,51.568260930039436,60.2737481373306,4.041666666666667,850
C_band0.3_old0.70,4,0.625,1,AdaptiveGCN,0.0,0.6802629232406616,1.0,0.2798,0.7,none,gcn,3,64,0.001,none,253,253,34,7032,46.551,0.6968,3,35.32807382615569,16.003133957250153,52.73073542227894,56.400299411283974,4.291666666666667,850
C_band0.3_old0.70,4,0.625,2,AdaptiveGCN,0.0,0.4646851718425751,1.0,0.3712,0.7,none,gcn,3,64,0.001,none,253,253,34,7032,81.822,2.6516,0,33.13561843150492,15.4512245373311,53.17704469286446,59.468803454947086,nan,2550
C_band0.3_old0.70,4,0.625,2,AdaptiveGCN,0.0,0.4646851718425751,1.0,0.3712,0.7,none,gcn,3,64,0.001,none,253,253,34,7032,81.822,2.6516,1,27.822536637542527,13.060195435048902,50.360085694487736,55.708237105515565,2.0833333333333335,850
C_band0.3_old0.70,4,0.625,2,AdaptiveGCN,0.0,0.4646851718425751,1.0,0.3712,0.7,none,gcn,3,64,0.001,none,253,253,34,7032,81.822,2.6516,2,30.778315502837952,14.825403877216226,52.718656456676236,59.18685548518191,4.416666666666667,850
C_band0.3_old0.70,4,0.625,2,AdaptiveGCN,0.0,0.4646851718425751,1.0,0.3712,0.7,none,gcn,3,64,0.001,none,253,253,34,7032,81.822,2.6516,3,39.65487834271132,18.46807429972817,56.452391927429424,63.51131777414377,4.083333333333333,850
C_band0.3_old0.70,5,0.7,0,AdaptiveGCN,0.0,0.6029617786407471,1.0,0.4052,0.7,none,gcn,3,64,0.001,none,287,287,34,7032,60.721,0.521,0,55.829754502614904,28.455644008385512,44.99421371286346,52.44031478662205,nan,2550
C_band0.3_old0.70,5,0.7,0,AdaptiveGCN,0.0,0.6029617786407471,1.0,0.4052,0.7,none,gcn,3,64,0.001,none,287,287,34,7032,60.721,0.521,1,40.37928703296438,21.667980772002654,38.02855771470357,40.46911046570532,1.24,850
C_band0.3_old0.70,5,0.7,0,AdaptiveGCN,0.0,0.6029617786407471,1.0,0.4052,0.7,none,gcn,3,64,0.001,none,287,287,34,7032,60.721,0.521,2,54.73244180478577,28.575768715230858,43.375739034947586,47.632470662422264,2.92,850
C_band0.3_old0.70,5,0.7,0,AdaptiveGCN,0.0,0.6029617786407471,1.0,0.4052,0.7,none,gcn,3,64,0.001,none,287,287,34,7032,60.721,0.521,3,68.73687115560296,35.12318253792302,53.57834438893919,69.4433758369215,4.083333333333333,850
C_band0.3_old0.70,5,0.7,1,AdaptiveGCN,0.0,0.6185407638549805,1.0,0.3591,0.7,none,gcn,3,64,0.001,none,287,287,34,7032,61.392,1.7317,0,56.76800312095697,29.358578077421967,46.564879487240276,53.71102920730615,nan,2550
C_band0.3_old0.70,5,0.7,1,AdaptiveGCN,0.0,0.6185407638549805,1.0,0.3591,0.7,none,gcn,3,64,0.001,none,287,287,34,7032,61.392,1.7317,1,41.0912792965323,21.62201830658185,39.020098685599564,39.71410345993922,1.2,850
C_band0.3_old0.70,5,0.7,1,AdaptiveGCN,0.0,0.6185407638549805,1.0,0.3591,0.7,none,gcn,3,64,0.001,none,287,287,34,7032,61.392,1.7317,2,55.47456142391578,29.470240905894897,45.41281428149098,48.91510203033203,3.92,850
C_band0.3_old0.70,5,0.7,1,AdaptiveGCN,0.0,0.6185407638549805,1.0,0.3591,0.7,none,gcn,3,64,0.001,none,287,287,34,7032,61.392,1.7317,3,70.01355822711419,36.983475019789154,55.26172549463028,72.7562886973499,3.875,850
C_band0.3_old0.70,5,0.7,2,AdaptiveGCN,0.0,0.5634980201721191,1.0,0.5076,0.7,none,gcn,3,64,0.001,none,287,287,34,7032,68.917,1.068,0,58.46213389355638,29.295850083966027,46.110069571134794,52.36120638998032,nan,2550
C_band0.3_old0.70,5,0.7,2,AdaptiveGCN,0.0,0.5634980201721191,1.0,0.5076,0.7,none,gcn,3,64,0.001,none,287,287,34,7032,68.917,1.068,1,42.30588491241702,22.090395616702736,38.54409035912564,39.32845714734612,1.4,850
C_band0.3_old0.70,5,0.7,2,AdaptiveGCN,0.0,0.5634980201721191,1.0,0.5076,0.7,none,gcn,3,64,0.001,none,287,287,34,7032,68.917,1.068,2,57.653284062104596,29.592074837509323,44.799574158465326,47.36839696683109,2.84,850
C_band0.3_old0.70,5,0.7,2,AdaptiveGCN,0.0,0.5634980201721191,1.0,0.5076,0.7,none,gcn,3,64,0.001,none,287,287,34,7032,68.917,1.068,3,71.69221880229361,36.205079797686025,54.98654419581344,70.62786048019053,3.9583333333333335,850
C_band0.3_old0.70,6,0.775,0,AdaptiveGCN,0.0,0.7076786756515503,1.0,0.1328,0.7,none,gcn,3,64,0.001,none,321,321,34,7032,59.37,0.7251,0,10.726723092988905,5.325487685016466,79.8447744706706,84.92495372948652,nan,2550
C_band0.3_old0.70,6,0.775,0,AdaptiveGCN,0.0,0.7076786756515503,1.0,0.1328,0.7,none,gcn,3,64,0.001,none,321,321,34,7032,59.37,0.7251,1,8.323372925725112,4.300127668878584,71.2435884996462,67.91351405517817,2.5714285714285716,850
C_band0.3_old0.70,6,0.775,0,AdaptiveGCN,0.0,0.7076786756515503,1.0,0.1328,0.7,none,gcn,3,64,0.001,none,321,321,34,7032,59.37,0.7251,2,10.506378866551833,5.2936373788822335,80.90138668894554,85.39401925232436,4.0,850
C_band0.3_old0.70,6,0.775,0,AdaptiveGCN,0.0,0.7076786756515503,1.0,0.1328,0.7,none,gcn,3,64,0.001,none,321,321,34,7032,59.37,0.7251,3,12.865660931050668,6.382698007288581,87.38934822342007,101.52298546458489,4.642857142857143,850
C_band0.3_old0.70,6,0.775,1,AdaptiveGCN,0.0,0.7594478726387024,1.0,0.1031,0.7,none,gcn,3,64,0.001,none,321,321,34,7032,51.4,0.4669,0,10.900940227834257,5.429284467849123,88.11824473403824,87.68963009277381,nan,2550
C_band0.3_old0.70,6,0.775,1,AdaptiveGCN,0.0,0.7594478726387024,1.0,0.1031,0.7,none,gcn,3,64,0.001,none,321,321,34,7032,51.4,0.4669,1,8.542301190545396,4.437767626000568,83.45258981727305,71.57587933380137,2.2142857142857144,850
C_band0.3_old0.70,6,0.775,1,AdaptiveGCN,0.0,0.7594478726387024,1.0,0.1031,0.7,none,gcn,3,64,0.001,none,321,321,34,7032,51.4,0.4669,2,10.75719029602799,5.398907365018694,89.677980344029,88.40028430836064,4.0,850
C_band0.3_old0.70,6,0.775,1,AdaptiveGCN,0.0,0.7594478726387024,1.0,0.1031,0.7,none,gcn,3,64,0.001,none,321,321,34,7032,51.4,0.4669,3,12.95389674412659,6.4511784125281055,91.22416404081271,103.14709891271801,4.642857142857143,850
C_band0.3_old0.70,6,0.775,2,AdaptiveGCN,0.0,0.5487805604934692,1.0,0.3008,0.7,none,gcn,3,64,0.001,none,321,321,34,7032,80.573,1.7445,0,12.379254825050305,6.060636771119237,93.86249901581098,98.14755187643132,nan,2550
C_band0.3_old0.70,6,0.775,2,AdaptiveGCN,0.0,0.5487805604934692,1.0,0.3008,0.7,none,gcn,3,64,0.001,none,321,321,34,7032,80.573,1.7445,1,9.217274303312662,4.71382592257441,88.92482340568289,76.04090738838435,3.357142857142857,850
C_band0.3_old0.70,6,0.775,2,AdaptiveGCN,0.0,0.5487805604934692,1.0,0.3008,0.7,none,gcn,3,64,0.001,none,321,321,34,7032,80.573,1.7445,2,12.086759523831288,6.022059662297971,93.83913264011922,98.3491230637189,4.428571428571429,850
C_band0.3_old0.70,6,0.775,2,AdaptiveGCN,0.0,0.5487805604934692,1.0,0.3008,0.7,none,gcn,3,64,0.001,none,321,321,34,7032,80.573,1.7445,3,15.122498097244364,7.4460247284853285,98.82354100163082,120.12242296591198,5.285714285714286,850
C_band0.3_old0.70,7,0.85,0,AdaptiveGCN,0.0,0.7575679421424866,1.0,0.0675,0.7,none,gcn,3,64,0.001,none,355,355,34,7032,61.418,0.7966,0,88.27912566561598,21.4112934125606,88.50714680482031,395.09045097866095,nan,2550
C_band0.3_old0.70,7,0.85,0,AdaptiveGCN,0.0,0.7575679421424866,1.0,0.0675,0.7,none,gcn,3,64,0.001,none,355,355,34,7032,61.418,0.7966,1,89.58159865477296,20.694311373521046,85.16632289161102,422.2669035440118,2.76,850
C_band0.3_old0.70,7,0.85,0,AdaptiveGCN,0.0,0.7575679421424866,1.0,0.0675,0.7,none,gcn,3,64,0.001,none,355,355,34,7032,61.418,0.7966,2,87.39146549569105,21.105093845593988,86.9113840058013,309.90356897562424,3.52,850
C_band0.3_old0.70,7,0.85,0,AdaptiveGCN,0.0,0.7575679421424866,1.0,0.0675,0.7,none,gcn,3,64,0.001,none,355,355,34,7032,61.418,0.7966,3,87.84919479327901,22.43447501856676,93.44373351704857,453.09032479064103,4.36,850
C_band0.3_old0.70,7,0.85,1,AdaptiveGCN,0.0,0.75632244348526,1.0,0.0457,0.7,none,gcn,3,64,0.001,none,355,355,34,7032,58.686,0.4496,0,90.83818804586221,21.918314773960464,97.08831026458127,415.4319150771819,nan,2550
C_band0.3_old0.70,7,0.85,1,AdaptiveGCN,0.0,0.75632244348526,1.0,0.0457,0.7,none,gcn,3,64,0.001,none,355,355,34,7032,58.686,0.4496,1,91.02593558853165,20.906860905557746,97.59858233442996,436.73344696111985,2.76,850
C_band0.3_old0.70,7,0.85,1,AdaptiveGCN,0.0,0.75632244348526,1.0,0.0457,0.7,none,gcn,3,64,0.001,none,355,355,34,7032,58.686,0.4496,2,93.15436321563458,22.318144323895137,97.0798079911593,349.64132635100486,3.32,850
C_band0.3_old0.70,7,0.85,1,AdaptiveGCN,0.0,0.75632244348526,1.0,0.0457,0.7,none,gcn,3,64,0.001,none,355,355,34,7032,58.686,0.4496,3,88.268187284482,22.529939092428506,96.58654046815455,459.9155289379657,4.36,850
C_band0.3_old0.70,7,0.85,2,AdaptiveGCN,0.0,0.6630207896232605,1.0,0.1007,0.7,none,gcn,3,64,0.001,none,355,355,34,7032,72.837,0.5659,0,85.46096980637964,20.93591127999022,95.72680175203614,371.6723444413453,nan,2550
C_band0.3_old0.70,7,0.85,2,AdaptiveGCN,0.0,0.6630207896232605,1.0,0.1007,0.7,none,gcn,3,64,0.001,none,355,355,34,7032,72.837,0.5659,1,86.96860735059477,20.230330479353263,91.25289346655089,400.5207944270687,2.76,850
C_band0.3_old0.70,7,0.85,2,AdaptiveGCN,0.0,0.6630207896232605,1.0,0.1007,0.7,none,gcn,3,64,0.001,none,355,355,34,7032,72.837,0.5659,2,85.46251713466422,20.877581508984782,96.20062305914814,299.7152908756244,3.32,850
C_band0.3_old0.70,7,0.85,2,AdaptiveGCN,0.0,0.6630207896232605,1.0,0.1007,0.7,none,gcn,3,64,0.001,none,355,355,34,7032,72.837,0.5659,3,83.92467802289204,21.699821851632613,99.72688873040939,414.82304988683,4.6,850
C_band0.3_old0.70,8,0.925,0,AdaptiveGCN,0.0,0.5328248143196106,1.0,0.2397,0.7,none,gcn,3,64,0.001,none,389,389,34,7032,117.481,1.9201,0,27.320606449429224,11.5331448900517,77.97918970875477,99.31412681962485,nan,2550
C_band0.3_old0.70,8,0.925,0,AdaptiveGCN,0.0,0.5328248143196106,1.0,0.2397,0.7,none,gcn,3,64,0.001,none,389,389,34,7032,117.481,1.9201,1,25.385744231586887,9.798814052686314,72.57931512788898,83.40176502702732,2.4285714285714284,850
C_band0.3_old0.70,8,0.925,0,AdaptiveGCN,0.0,0.5328248143196106,1.0,0.2397,0.7,none,gcn,3,64,0.001,none,389,389,34,7032,117.481,1.9201,2,26.77610148865757,11.274698861205732,77.02381321884035,98.69452519878222,3.4761904761904763,850
C_band0.3_old0.70,8,0.925,0,AdaptiveGCN,0.0,0.5328248143196106,1.0,0.2397,0.7,none,gcn,3,64,0.001,none,389,389,34,7032,117.481,1.9201,3,29.628550237420395,13.525921756263056,84.33444077953499,115.73531388772417,5.428571428571429,850
C_band0.3_old0.70,8,0.925,1,AdaptiveGCN,0.0,0.48764875531196594,1.0,0.3001,0.7,none,gcn,3,64,0.001,none,389,389,34,7032,85.97,0.548,0,28.089576283540612,12.115430641323226,81.4456687366069,102.34792379370529,nan,2550
C_band0.3_old0.70,8,0.925,1,AdaptiveGCN,0.0,0.48764875531196594,1.0,0.3001,0.7,none,gcn,3,64,0.001,none,389,389,34,7032,85.97,0.548,1,26.243568278652557,10.488647640060586,76.95320417548234,88.33432560328744,2.9047619047619047,850
C_band0.3_old0.70,8,0.925,1,AdaptiveGCN,0.0,0.48764875531196594,1.0,0.3001,0.7,none,gcn,3,64,0.001,none,389,389,34,7032,85.97,0.548,2,28.281285013087317,12.182077746059582,79.67191298767561,105.14417371183711,3.7142857142857144,850
C_band0.3_old0.70,8,0.925,1,AdaptiveGCN,0.0,0.48764875531196594,1.0,0.3001,0.7,none,gcn,3,64,0.001,none,389,389,34,7032,85.97,0.548,3,29.639786257305676,13.675566537849509,87.71188904666273,113.48135473102859,5.666666666666667,850
C_band0.3_old0.70,8,0.925,2,AdaptiveGCN,0.0,0.6556259393692017,1.0,0.1391,0.7,none,gcn,3,64,0.001,none,389,389,34,7032,98.725,0.8909,0,27.56898150503781,11.109051276310485,76.44370024374447,93.45293733668501,nan,2550
C_band0.3_old0.70,8,0.925,2,AdaptiveGCN,0.0,0.6556259393692017,1.0,0.1391,0.7,none,gcn,3,64,0.001,none,389,389,34,7032,98.725,0.8909,1,25.406401341467596,9.554530225723077,70.61858729745421,80.30299816203848,2.142857142857143,850
C_band0.3_old0.70,8,0.925,2,AdaptiveGCN,0.0,0.6556259393692017,1.0,0.1391,0.7,none,gcn,3,64,0.001,none,389,389,34,7032,98.725,0.8909,2,27.024340312606395,10.807910424842335,75.80767036832536,91.64030078115542,3.380952380952381,850
C_band0.3_old0.70,8,0.925,2,AdaptiveGCN,0.0,0.6556259393692017,1.0,0.1391,0.7,none,gcn,3,64,0.001,none,389,389,34,7032,98.725,0.8909,3,30.072346520018375,12.96471317836604,82.90484306545386,108.31865918177294,5.095238095238095,850
C_band1.5_new2.39,1,0.4,0,AdaptiveGCN,0.0,0.7877589464187622,1.0,0.3476,2.3884,none,gcn,3,64,0.001,none,151,151,34,7032,199.608,12.7745,0,92.75198405783877,37.38276134237507,60.84247561783912,58.76655757812378,nan,2550
C_band1.5_new2.39,1,0.4,0,AdaptiveGCN,0.0,0.7877589464187622,1.0,0.3476,2.3884,none,gcn,3,64,0.001,none,151,151,34,7032,199.608,12.7745,1,55.210400944324704,25.936384048229904,53.47339728676263,56.18787598526922,2.56,850
C_band1.5_new2.39,1,0.4,0,AdaptiveGCN,0.0,0.7877589464187622,1.0,0.3476,2.3884,none,gcn,3,64,0.001,none,151,151,34,7032,199.608,12.7745,2,78.66053535286336,35.207588105989956,60.262070103340136,60.31975739704857,3.12,850
C_band1.5_new2.39,1,0.4,0,AdaptiveGCN,0.0,0.7877589464187622,1.0,0.3476,2.3884,none,gcn,3,64,0.001,none,151,151,34,7032,199.608,12.7745,3,128.73664375602064,51.00431187290534,68.79195946341457,59.77584688325888,6.12,850
C_band1.5_new2.39,1,0.4,1,AdaptiveGCN,0.0,0.8055638670921326,1.0,0.3285,2.3884,none,gcn,3,64,0.001,none,151,151,34,7032,198.715,13.2819,0,91.90912870782495,37.3837908503169,60.80804610340419,60.10395369589002,nan,2550
C_band1.5_new2.39,1,0.4,1,AdaptiveGCN,0.0,0.8055638670921326,1.0,0.3285,2.3884,none,gcn,3,64,0.001,none,151,151,34,7032,198.715,13.2819,1,56.58798054692682,26.456597256458856,55.12102743431569,58.581394458733804,3.04,850
C_band1.5_new2.39,1,0.4,1,AdaptiveGCN,0.0,0.8055638670921326,1.0,0.3285,2.3884,none,gcn,3,64,0.001,none,151,151,34,7032,198.715,13.2819,2,90.01601572348045,38.109792934486315,60.76861462097085,61.923280932983836,3.72,850
C_band1.5_new2.39,1,0.4,1,AdaptiveGCN,0.0,0.8055638670921326,1.0,0.3285,2.3884,none,gcn,3,64,0.001,none,151,151,34,7032,198.715,13.2819,3,118.4769226068324,47.58498236000552,66.53449625492604,59.80089798984747,6.76,850
C_band1.5_new2.39,1,0.4,2,AdaptiveGCN,0.0,0.739835262298584,1.0,0.7519,2.3884,none,gcn,3,64,0.001,none,151,151,34,7032,162.366,1.1114,0,119.05058894117506,45.70389825673822,65.1535202227742,59.03948695473805,nan,2550
C_band1.5_new2.39,1,0.4,2,AdaptiveGCN,0.0,0.739835262298584,1.0,0.7519,2.3884,none,gcn,3,64,0.001,none,151,151,34,7032,162.366,1.1114,1,84.82569533333226,34.08959542839624,57.495212054921176,54.91069830159084,3.96,850
C_band1.5_new2.39,1,0.4,2,AdaptiveGCN,0.0,0.739835262298584,1.0,0.7519,2.3884,none,gcn,3,64,0.001,none,151,151,34,7032,162.366,1.1114,2,106.87349554257825,43.55827898971333,64.87049936766444,59.82086579530189,3.8,850
C_band1.5_new2.39,1,0.4,2,AdaptiveGCN,0.0,0.739835262298584,1.0,0.7519,2.3884,none,gcn,3,64,0.001,none,151,151,34,7032,162.366,1.1114,3,154.6020230897678,59.463820352105095,73.09484924573702,62.35478384827624,8.64,850
C_band1.5_new2.39,2,0.475,0,AdaptiveGCN,0.0,0.8029313683509827,1.0,0.3733,2.3884,none,gcn,3,64,0.001,none,185,185,34,7032,119.315,0.5238,0,121.39343425155337,43.47365714659289,43.1393509724548,51.811399989469386,nan,2550
C_band1.5_new2.39,2,0.475,0,AdaptiveGCN,0.0,0.8029313683509827,1.0,0.3733,2.3884,none,gcn,3,64,0.001,none,185,185,34,7032,119.315,0.5238,1,107.28851044737618,38.08372628398938,38.06556235346553,44.112252093278045,1.24,850
C_band1.5_new2.39,2,0.475,0,AdaptiveGCN,0.0,0.8029313683509827,1.0,0.3733,2.3884,none,gcn,3,64,0.001,none,185,185,34,7032,119.315,0.5238,2,122.63905789583667,45.04921813285252,42.496967161063466,51.235658220416305,2.04,850
C_band1.5_new2.39,2,0.475,0,AdaptiveGCN,0.0,0.8029313683509827,1.0,0.3733,2.3884,none,gcn,3,64,0.001,none,185,185,34,7032,119.315,0.5238,3,132.88316162164227,47.28802702293677,48.855523402835374,60.08628965471382,4.04,850
C_band1.5_new2.39,2,0.475,1,AdaptiveGCN,0.0,0.5437830090522766,1.0,0.5271,2.3884,none,gcn,3,64,0.001,none,185,185,34,7032,103.189,1.1759,0,153.4148147321086,49.20655297914244,46.610393004181994,53.13416453847808,nan,2550
C_band1.5_new2.39,2,0.475,1,AdaptiveGCN,0.0,0.5437830090522766,1.0,0.5271,2.3884,none,gcn,3,64,0.001,none,185,185,34,7032,103.189,1.1759,1,109.2492617486692,39.15989143776105,40.806949358931064,43.292468519726,2.96,850
C_band1.5_new2.39,2,0.475,1,AdaptiveGCN,0.0,0.5437830090522766,1.0,0.5271,2.3884,none,gcn,3,64,0.001,none,185,185,34,7032,103.189,1.1759,2,129.81184613584406,48.56653748580138,47.180538175089374,52.82233355192971,3.96,850
C_band1.5_new2.39,2,0.475,1,AdaptiveGCN,0.0,0.5437830090522766,1.0,0.5271,2.3884,none,gcn,3,64,0.001,none,185,185,34,7032,103.189,1.1759,3,204.50378859091177,59.89323001386488,51.84369147852556,63.287691543778536,3.6,850
C_band1.5_new2.39,2,0.475,2,AdaptiveGCN,0.0,0.5728679299354553,1.0,0.6106,2.3884,none,gcn,3,64,0.001,none,185,185,34,7032,157.387,2.1704,0,147.39690938624705,51.373466970584005,47.82826942036832,55.25413935956113,nan,2550
C_band1.5_new2.39,2,0.475,2,AdaptiveGCN,0.0,0.5728679299354553,1.0,0.6106,2.3884,none,gcn,3,64,0.001,none,185,185,34,7032,157.387,2.1704,1,117.55424749556724,41.82880216928089,41.2417914762552,46.884421566640974,1.68,850
C_band1.5_new2.39,2,0.475,2,AdaptiveGCN,0.0,0.5728679299354553,1.0,0.6106,2.3884,none,gcn,3,64,0.001,none,185,185,34,7032,157.387,2.1704,2,166.40913649551007,55.76817422161043,49.28828550540917,56.42770035396839,2.36,850
C_band1.5_new2.39,2,0.475,2,AdaptiveGCN,0.0,0.5728679299354553,1.0,0.6106,2.3884,none,gcn,3,64,0.001,none,185,185,34,7032,157.387,2.1704,3,153.83934762089382,56.5234245208607,52.95473127944056,62.45029615807404,3.84,850
C_band1.5_new2.39,3,0.55,0,AdaptiveGCN,0.0,0.47386959195137024,1.0,0.3353,2.3884,none,gcn,3,64,0.001,none,219,219,34,7032,110.418,1.5825,0,23.918154305669244,12.928801353886431,57.99689703575077,65.27560335718145,nan,2550
C_band1.5_new2.39,3,0.55,0,AdaptiveGCN,0.0,0.47386959195137024,1.0,0.3353,2.3884,none,gcn,3,64,0.001,none,219,219,34,7032,110.418,1.5825,1,18.25297964774085,10.195643367004745,51.453935257203256,58.1107343508907,2.0,850
C_band1.5_new2.39,3,0.55,0,AdaptiveGCN,0.0,0.47386959195137024,1.0,0.3353,2.3884,none,gcn,3,64,0.001,none,219,219,34,7032,110.418,1.5825,2,23.63559655752451,13.018390815012594,58.57166089861923,67.92254251892224,3.4583333333333335,850
C_band1.5_new2.39,3,0.55,0,AdaptiveGCN,0.0,0.47386959195137024,1.0,0.3353,2.3884,none,gcn,3,64,0.001,none,219,219,34,7032,110.418,1.5825,3,28.712743260066713,15.572369879641954,63.96509495142985,69.80765992343741,4.208333333333333,850
C_band1.5_new2.39,3,0.55,1,AdaptiveGCN,0.0,0.5767888426780701,1.0,0.3066,2.3884,none,gcn,3,64,0.001,none,219,219,34,7032,73.314,1.6293,0,21.560877250979306,12.09642908091205,56.50260707126652,62.93721969277924,nan,2550
C_band1.5_new2.39,3,0.55,1,AdaptiveGCN,0.0,0.5767888426780701,1.0,0.3066,2.3884,none,gcn,3,64,0.001,none,219,219,34,7032,73.314,1.6293,1,16.608033584486698,9.700159503721139,50.69349042094784,54.52196774559657,1.375,850
C_band1.5_new2.39,3,0.55,1,AdaptiveGCN,0.0,0.5767888426780701,1.0,0.3066,2.3884,none,gcn,3,64,0.001,none,219,219,34,7032,73.314,1.6293,2,22.24044559130394,12.445972184267251,57.879204138934085,65.02379939051039,3.25,850
C_band1.5_new2.39,3,0.55,1,AdaptiveGCN,0.0,0.5767888426780701,1.0,0.3066,2.3884,none,gcn,3,64,0.001,none,219,219,34,7032,73.314,1.6293,3,24.98299589425179,14.143155554747757,60.935126653917635,69.28372014561242,4.083333333333333,850
C_band1.5_new2.39,3,0.55,2,AdaptiveGCN,0.0,0.593041181564331,1.0,0.2872,2.3884,none,gcn,3,64,0.001,none,219,219,34,7032,71.64,1.9312,0,20.894213961445374,11.594270078771538,55.74770819366122,60.130968398966345,nan,2550
C_band1.5_new2.39,3,0.55,2,AdaptiveGCN,0.0,0.593041181564331,1.0,0.2872,2.3884,none,gcn,3,64,0.001,none,219,219,34,7032,71.64,1.9312,1,16.267519593552194,9.422972129897817,50.33690454264268,53.58039647110966,1.7916666666666667,850
C_band1.5_new2.39,3,0.55,2,AdaptiveGCN,0.0,0.593041181564331,1.0,0.2872,2.3884,none,gcn,3,64,0.001,none,219,219,34,7032,71.64,1.9312,2,20.97146688061649,11.670161815616028,56.51778438155659,63.29746433539074,3.5416666666666665,850
C_band1.5_new2.39,3,0.55,2,AdaptiveGCN,0.0,0.593041181564331,1.0,0.2872,2.3884,none,gcn,3,64,0.001,none,219,219,34,7032,71.64,1.9312,3,24.602233930043376,13.689676290800767,60.38843565678441,63.52705726575451,4.625,850
C_band1.5_new2.39,4,0.625,0,AdaptiveGCN,0.0,0.6214057207107544,1.0,0.2837,2.3884,none,gcn,3,64,0.001,none,253,253,34,7032,75.779,0.637,0,30.687794067808255,14.283762986690682,52.24431863221044,56.85129597286355,nan,2550
C_band1.5_new2.39,4,0.625,0,AdaptiveGCN,0.0,0.6214057207107544,1.0,0.2837,2.3884,none,gcn,3,64,0.001,none,253,253,34,7032,75.779,0.637,1,27.102686512706,12.718473125420621,51.024711325009896,54.729513881270734,2.6666666666666665,850
C_band1.5_new2.39,4,0.625,0,AdaptiveGCN,0.0,0.6214057207107544,1.0,0.2837,2.3884,none,gcn,3,64,0.001,none,253,253,34,7032,75.779,0.637,2,28.32698309857879,13.578050359431106,51.43312535310947,57.038438105672995,3.3333333333333335,850
C_band1.5_new2.39,4,0.625,0,AdaptiveGCN,0.0,0.6214057207107544,1.0,0.2837,2.3884,none,gcn,3,64,0.001,none,253,253,34,7032,75.779,0.637,3,35.8921791839314,16.55476547522032,54.275119218511946,58.785935931646925,3.7916666666666665,850
C_band1.5_new2.39,4,0.625,1,AdaptiveGCN,0.0,0.6802629232406616,1.0,0.2798,2.3884,none,gcn,3,64,0.001,none,253,253,34,7032,55.824,0.645,0,30.716629022154642,14.398461031564603,51.816455942513706,58.83610603415157,nan,2550
C_band1.5_new2.39,4,0.625,1,AdaptiveGCN,0.0,0.6802629232406616,1.0,0.2798,2.3884,none,gcn,3,64,0.001,none,253,253,34,7032,55.824,0.645,1,27.516844642541045,13.257310108428491,51.150371475222734,59.83427055384016,3.25,850
C_band1.5_new2.39,4,0.625,1,AdaptiveGCN,0.0,0.6802629232406616,1.0,0.2798,2.3884,none,gcn,3,64,0.001,none,253,253,34,7032,55.824,0.645,2,28.727762810667535,13.934939029015162,51.568260930039436,60.2737481373306,4.041666666666667,850
C_band1.5_new2.39,4,0.625,1,AdaptiveGCN,0.0,0.6802629232406616,1.0,0.2798,2.3884,none,gcn,3,64,0.001,none,253,253,34,7032,55.824,0.645,3,35.32807382615569,16.003133957250153,52.73073542227894,56.400299411283974,4.291666666666667,850
C_band1.5_new2.39,4,0.625,2,AdaptiveGCN,0.0,0.4469342529773712,1.0,0.4369,2.3884,none,gcn,3,64,0.001,none,253,253,34,7032,118.424,1.1889,0,34.104022475278555,15.903215124409318,53.436791161115785,61.44946846181518,nan,2550
C_band1.5_new2.39,4,0.625,2,AdaptiveGCN,0.0,0.4469342529773712,1.0,0.4369,2.3884,none,gcn,3,64,0.001,none,253,253,34,7032,118.424,1.1889,1,29.089484070600356,13.650812274495907,51.21940502375417,58.20458464335948,2.875,850
C_band1.5_new2.39,4,0.625,2,AdaptiveGCN,0.0,0.4469342529773712,1.0,0.4369,2.3884,none,gcn,3,64,0.001,none,253,253,34,7032,118.424,1.1889,2,31.545476979266756,15.156214843532071,52.934008276649394,60.07608441018337,3.4583333333333335,850
C_band1.5_new2.39,4,0.625,2,AdaptiveGCN,0.0,0.4469342529773712,1.0,0.4369,2.3884,none,gcn,3,64,0.001,none,253,253,34,7032,118.424,1.1889,3,40.59480072176429,18.902618255199975,56.15696018294379,66.06773633190267,5.625,850
C_band1.5_new2.39,5,0.7,0,AdaptiveGCN,0.0,0.6029998064041138,1.0,0.4066,2.3884,none,gcn,3,64,0.001,none,287,287,34,7032,79.391,0.6938,0,55.89418251089165,28.45487019975542,44.90738714368552,52.287615793872554,nan,2550
C_band1.5_new2.39,5,0.7,0,AdaptiveGCN,0.0,0.6029998064041138,1.0,0.4066,2.3884,none,gcn,3,64,0.001,none,287,287,34,7032,79.391,0.6938,1,40.40121822392722,21.6896289402115,38.04550035562785,40.51858264031682,1.24,850
C_band1.5_new2.39,5,0.7,0,AdaptiveGCN,0.0,0.6029998064041138,1.0,0.4066,2.3884,none,gcn,3,64,0.001,none,287,287,34,7032,79.391,0.6938,2,54.85418779286602,28.593037065828547,43.41393349143887,47.515919571936024,2.92,850
C_band1.5_new2.39,5,0.7,0,AdaptiveGCN,0.0,0.6029998064041138,1.0,0.4066,2.3884,none,gcn,3,64,0.001,none,287,287,34,7032,79.391,0.6938,3,68.78399932608018,35.08194459322621,53.26272758398984,69.04909373618497,4.0,850
C_band1.5_new2.39,5,0.7,1,AdaptiveGCN,0.0,0.6174805760383606,1.0,0.3477,2.3884,none,gcn,3,64,0.001,none,287,287,34,7032,77.995,1.4049,0,57.02958669392702,29.549444422305324,46.84824577875118,54.59883405520266,nan,2550
C_band1.5_new2.39,5,0.7,1,AdaptiveGCN,0.0,0.6174805760383606,1.0,0.3477,2.3884,none,gcn,3,64,0.001,none,287,287,34,7032,77.995,1.4049,1,40.80796539437881,21.502524494093787,39.01376804002033,39.71024087775736,1.2,850
C_band1.5_new2.39,5,0.7,1,AdaptiveGCN,0.0,0.6174805760383606,1.0,0.3477,2.3884,none,gcn,3,64,0.001,none,287,287,34,7032,77.995,1.4049,2,56.07710567537471,29.878217659193805,45.89699813151575,49.817580655339036,3.84,850
C_band1.5_new2.39,5,0.7,1,AdaptiveGCN,0.0,0.6174805760383606,1.0,0.3477,2.3884,none,gcn,3,64,0.001,none,287,287,34,7032,77.995,1.4049,3,70.33625988694915,37.267591113628384,55.633971164717465,74.53347679838957,4.166666666666667,850
C_band1.5_new2.39,5,0.7,2,AdaptiveGCN,0.0,0.5639709234237671,1.0,0.5223,2.3884,none,gcn,3,64,0.001,none,287,287,34,7032,84.962,1.4439,0,59.04899383305783,29.506136275788624,46.538940391405944,52.51855837434858,nan,2550
C_band1.5_new2.39,5,0.7,2,AdaptiveGCN,0.0,0.5639709234237671,1.0,0.5223,2.3884,none,gcn,3,64,0.001,none,287,287,34,7032,84.962,1.4439,1,42.71596521696955,22.30111398888204,38.89762749045645,39.53150808378879,1.24,850
C_band1.5_new2.39,5,0.7,2,AdaptiveGCN,0.0,0.5639709234237671,1.0,0.5223,2.3884,none,gcn,3,64,0.001,none,287,287,34,7032,84.962,1.4439,2,58.093927907195955,29.737865655762967,45.228277064222645,47.56874448489279,3.16,850
C_band1.5_new2.39,5,0.7,2,AdaptiveGCN,0.0,0.5639709234237671,1.0,0.5223,2.3884,none,gcn,3,64,0.001,none,287,287,34,7032,84.962,1.4439,3,72.53132339883004,36.479429182720864,55.49091661953871,70.695378864481,3.9583333333333335,850
C_band1.5_new2.39,6,0.775,0,AdaptiveGCN,0.0,0.7076786756515503,1.0,0.1328,2.3884,none,gcn,3,64,0.001,none,321,321,34,7032,74.31,0.8348,0,10.726723092988905,5.325487685016466,79.8447744706706,84.92495372948652,nan,2550
C_band1.5_new2.39,6,0.775,0,AdaptiveGCN,0.0,0.7076786756515503,1.0,0.1328,2.3884,none,gcn,3,64,0.001,none,321,321,34,7032,74.31,0.8348,1,8.323372925725112,4.300127668878584,71.2435884996462,67.91351405517817,2.5714285714285716,850
C_band1.5_new2.39,6,0.775,0,AdaptiveGCN,0.0,0.7076786756515503,1.0,0.1328,2.3884,none,gcn,3,64,0.001,none,321,321,34,7032,74.31,0.8348,2,10.506378866551833,5.2936373788822335,80.90138668894554,85.39401925232436,4.0,850
C_band1.5_new2.39,6,0.775,0,AdaptiveGCN,0.0,0.7076786756515503,1.0,0.1328,2.3884,none,gcn,3,64,0.001,none,321,321,34,7032,74.31,0.8348,3,12.865660931050668,6.382698007288581,87.38934822342007,101.52298546458489,4.642857142857143,850
C_band1.5_new2.39,6,0.775,1,AdaptiveGCN,0.0,0.5864567756652832,1.0,0.253,2.3884,none,gcn,3,64,0.001,none,321,321,34,7032,85.541,0.5163,0,11.943697982492111,5.928852557173734,94.48569940439722,96.53688558402297,nan,2550
C_band1.5_new2.39,6,0.775,1,AdaptiveGCN,0.0,0.5864567756652832,1.0,0.253,2.3884,none,gcn,3,64,0.001,none,321,321,34,7032,85.541,0.5163,1,9.106817885412593,4.728744816117755,92.40333069413971,76.3383481899714,3.357142857142857,850
C_band1.5_new2.39,6,0.775,1,AdaptiveGCN,0.0,0.5864567756652832,1.0,0.253,2.3884,none,gcn,3,64,0.001,none,321,321,34,7032,85.541,0.5163,2,11.842266605617343,5.95938625916373,94.73181711559032,97.41725324050286,5.428571428571429,850
C_band1.5_new2.39,6,0.775,1,AdaptiveGCN,0.0,0.5864567756652832,1.0,0.253,2.3884,none,gcn,3,64,0.001,none,321,321,34,7032,85.541,0.5163,3,14.31021852154494,7.098426596239716,96.32195040346161,115.92314608967844,5.785714285714286,850
C_band1.5_new2.39,6,0.775,2,AdaptiveGCN,0.0,0.785916268825531,1.0,0.0911,2.3884,none,gcn,3,64,0.001,none,321,321,34,7032,64.962,0.5633,0,10.629258759041331,5.321729518413606,86.77833933266135,86.24986996005741,nan,2550
C_band1.5_new2.39,6,0.775,2,AdaptiveGCN,0.0,0.785916268825531,1.0,0.0911,2.3884,none,gcn,3,64,0.001,none,321,321,34,7032,64.962,0.5633,1,8.741284258969866,4.571524216887363,94.84299993455765,75.42442301588443,2.7857142857142856,850
C_band1.5_new2.39,6,0.775,2,AdaptiveGCN,0.0,0.785916268825531,1.0,0.0911,2.3884,none,gcn,3,64,0.001,none,321,321,34,7032,64.962,0.5633,2,10.211438581168421,5.166365139064592,80.17130839662894,84.00382132836589,3.142857142857143,850
C_band1.5_new2.39,6,0.775,2,AdaptiveGCN,0.0,0.785916268825531,1.0,0.0911,2.3884,none,gcn,3,64,0.001,none,321,321,34,7032,64.962,0.5633,3,12.580138985992217,6.227299199288861,85.32070966679747,99.3410038295058,4.571428571428571,850
C_band1.5_new2.39,7,0.85,0,AdaptiveGCN,0.0,0.7578955292701721,1.0,0.0678,2.3884,none,gcn,3,64,0.001,none,355,355,34,7032,75.439,0.7519,0,88.26669474143176,21.403269400070542,88.52498488814705,394.5322996174686,nan,2550
C_band1.5_new2.39,7,0.85,0,AdaptiveGCN,0.0,0.7578955292701721,1.0,0.0678,2.3884,none,gcn,3,64,0.001,none,355,355,34,7032,75.439,0.7519,1,89.88505388128699,20.74785000258531,85.62367344474984,424.9017413871093,2.76,850
C_band1.5_new2.39,7,0.85,0,AdaptiveGCN,0.0,0.7578955292701721,1.0,0.0678,2.3884,none,gcn,3,64,0.001,none,355,355,34,7032,75.439,0.7519,2,87.44987475048461,21.114523795452723,86.93805038050624,310.13329040964067,3.52,850
C_band1.5_new2.39,7,0.85,0,AdaptiveGCN,0.0,0.7578955292701721,1.0,0.0678,2.3884,none,gcn,3,64,0.001,none,355,355,34,7032,75.439,0.7519,3,87.44269378635349,22.34743440217359,93.013230839185,448.58123016128684,4.36,850
C_band1.5_new2.39,7,0.85,1,AdaptiveGCN,0.0,0.7554380893707275,1.0,0.0467,2.3884,none,gcn,3,64,0.001,none,355,355,34,7032,58.801,0.6551,0,90.56114866584679,21.867779574227605,96.84265377721582,414.00629657585546,nan,2550
C_band1.5_new2.39,7,0.85,1,AdaptiveGCN,0.0,0.7554380893707275,1.0,0.0467,2.3884,none,gcn,3,64,0.001,none,355,355,34,7032,58.801,0.6551,1,90.47505534816408,20.781197533764576,96.49795914462817,431.7780774333346,2.56,850
C_band1.5_new2.39,7,0.85,1,AdaptiveGCN,0.0,0.7554380893707275,1.0,0.0467,2.3884,none,gcn,3,64,0.001,none,355,355,34,7032,58.801,0.6551,2,92.42705622331736,22.19333928154867,96.49201521567767,345.2799612358559,3.32,850
C_band1.5_new2.39,7,0.85,1,AdaptiveGCN,0.0,0.7554380893707275,1.0,0.0467,2.3884,none,gcn,3,64,0.001,none,355,355,34,7032,58.801,0.6551,3,88.74383686020788,22.628801907369567,97.53798697134161,464.9163748887727,4.36,850
C_band1.5_new2.39,7,0.85,2,AdaptiveGCN,0.0,0.663027822971344,1.0,0.1001,2.3884,none,gcn,3,64,0.001,none,355,355,34,7032,63.912,0.4122,0,85.5202218723249,20.94111081549928,95.57529080391004,372.13017178735106,nan,2550
C_band1.5_new2.39,7,0.85,2,AdaptiveGCN,0.0,0.663027822971344,1.0,0.1001,2.3884,none,gcn,3,64,0.001,none,355,355,34,7032,63.912,0.4122,1,87.00518289862492,20.235932306140278,91.06051482561608,400.69272835248466,2.76,850
C_band1.5_new2.39,7,0.85,2,AdaptiveGCN,0.0,0.663027822971344,1.0,0.1001,2.3884,none,gcn,3,64,0.001,none,355,355,34,7032,63.912,0.4122,2,85.48635792146067,20.8720545214933,96.14696414592572,299.63285514088227,3.32,850
C_band1.5_new2.39,7,0.85,2,AdaptiveGCN,0.0,0.663027822971344,1.0,0.1001,2.3884,none,gcn,3,64,0.001,none,355,355,34,7032,63.912,0.4122,3,84.04347568595543,21.71534561886426,99.51839344018829,416.10299926565284,4.6,850
C_band1.5_new2.39,8,0.925,0,AdaptiveGCN,0.0,0.40433433651924133,1.0,0.4314,2.3884,none,gcn,3,64,0.001,none,389,389,34,7032,98.525,0.5059,0,28.928614346385572,12.898392689304401,82.05306416474406,113.46816944406739,nan,2550
C_band1.5_new2.39,8,0.925,0,AdaptiveGCN,0.0,0.40433433651924133,1.0,0.4314,2.3884,none,gcn,3,64,0.001,none,389,389,34,7032,98.525,0.5059,1,25.526253415384453,10.188620947327959,74.40890719171443,86.27809584548083,2.857142857142857,850
C_band1.5_new2.39,8,0.925,0,AdaptiveGCN,0.0,0.40433433651924133,1.0,0.4314,2.3884,none,gcn,3,64,0.001,none,389,389,34,7032,98.525,0.5059,2,28.93964940471389,13.118216162447215,83.5246997043375,117.3759072903945,5.142857142857143,850
C_band1.5_new2.39,8,0.925,0,AdaptiveGCN,0.0,0.40433433651924133,1.0,0.4314,2.3884,none,gcn,3,64,0.001,none,389,389,34,7032,98.525,0.5059,3,31.960933386112668,15.38834095813803,88.22558559818023,136.58148865965472,5.0476190476190474,850
C_band1.5_new2.39,8,0.925,1,AdaptiveGCN,0.0,0.4943855106830597,1.0,0.2939,2.3884,none,gcn,3,64,0.001,none,389,389,34,7032,73.566,0.3774,0,28.014935602031482,12.028521938425781,81.53340033831078,101.30565030653922,nan,2550
C_band1.5_new2.39,8,0.925,1,AdaptiveGCN,0.0,0.4943855106830597,1.0,0.2939,2.3884,none,gcn,3,64,0.001,none,389,389,34,7032,73.566,0.3774,1,26.238186948222726,10.459193469117231,77.8534940535275,88.14403552578207,2.9047619047619047,850
C_band1.5_new2.39,8,0.925,1,AdaptiveGCN,0.0,0.4943855106830597,1.0,0.2939,2.3884,none,gcn,3,64,0.001,none,389,389,34,7032,73.566,0.3774,2,28.159664490698496,12.070229728974347,79.83050009022303,103.49492595138778,3.7142857142857144,850
C_band1.5_new2.39,8,0.925,1,AdaptiveGCN,0.0,0.4943855106830597,1.0,0.2939,2.3884,none,gcn,3,64,0.001,none,389,389,34,7032,73.566,0.3774,3,29.548277306796106,13.556142617185765,86.91620687118179,112.19739046697939,5.857142857142857,850
C_band1.5_new2.39,8,0.925,2,AdaptiveGCN,0.0,0.6529404520988464,1.0,0.1395,2.3884,none,gcn,3,64,0.001,none,389,389,34,7032,64.032,0.518,0,27.57239964998521,11.110544825790207,76.76064454044455,93.46663254909576,nan,2550
C_band1.5_new2.39,8,0.925,2,AdaptiveGCN,0.0,0.6529404520988464,1.0,0.1395,2.3884,none,gcn,3,64,0.001,none,389,389,34,7032,64.032,0.518,1,25.404113618559926,9.563812319844796,70.86724317588927,80.29565761520556,2.1904761904761907,850
C_band1.5_new2.39,8,0.925,2,AdaptiveGCN,0.0,0.6529404520988464,1.0,0.1395,2.3884,none,gcn,3,64,0.001,none,389,389,34,7032,64.032,0.518,2,27.065120541116986,10.816024215553103,76.31840122256038,91.65637367983773,3.380952380952381,850
C_band1.5_new2.39,8,0.925,2,AdaptiveGCN,0.0,0.6529404520988464,1.0,0.1395,2.3884,none,gcn,3,64,0.001,none,389,389,34,7032,64.032,0.518,3,30.04699533606678,12.951797941972721,83.09628922288397,108.35087907159473,5.095238095238095,850
C_band1.5_old0.70,1,0.4,0,AdaptiveGCN,0.0,0.7877589464187622,1.0,0.3476,0.7,none,gcn,3,64,0.001,none,151,151,34,7032,24.468,0.8885,0,92.75198405783877,37.38276134237507,60.84247561783912,58.76655757812378,nan,2550
C_band1.5_old0.70,1,0.4,0,AdaptiveGCN,0.0,0.7877589464187622,1.0,0.3476,0.7,none,gcn,3,64,0.001,none,151,151,34,7032,24.468,0.8885,1,55.210400944324704,25.936384048229904,53.47339728676263,56.18787598526922,2.56,850
C_band1.5_old0.70,1,0.4,0,AdaptiveGCN,0.0,0.7877589464187622,1.0,0.3476,0.7,none,gcn,3,64,0.001,none,151,151,34,7032,24.468,0.8885,2,78.66053535286336,35.207588105989956,60.262070103340136,60.31975739704857,3.12,850
C_band1.5_old0.70,1,0.4,0,AdaptiveGCN,0.0,0.7877589464187622,1.0,0.3476,0.7,none,gcn,3,64,0.001,none,151,151,34,7032,24.468,0.8885,3,128.73664375602064,51.00431187290534,68.79195946341457,59.77584688325888,6.12,850
C_band1.5_old0.70,1,0.4,1,AdaptiveGCN,0.0,0.8082548379898071,1.0,0.3393,0.7,none,gcn,3,64,0.001,none,151,151,34,7032,23.017,0.7885,0,92.76297699110702,37.64791040480119,61.000604512365875,60.11646720891463,nan,2550
C_band1.5_old0.70,1,0.4,1,AdaptiveGCN,0.0,0.8082548379898071,1.0,0.3393,0.7,none,gcn,3,64,0.001,none,151,151,34,7032,23.017,0.7885,1,56.637895882304136,26.51258988317212,55.15790005905554,58.59360729739067,3.12,850
C_band1.5_old0.70,1,0.4,1,AdaptiveGCN,0.0,0.8082548379898071,1.0,0.3393,0.7,none,gcn,3,64,0.001,none,151,151,34,7032,23.017,0.7885,2,93.33697497863804,39.04360787295901,61.22951659606799,61.85951856184142,3.72,850
C_band1.5_old0.70,1,0.4,1,AdaptiveGCN,0.0,0.8082548379898071,1.0,0.3393,0.7,none,gcn,3,64,0.001,none,151,151,34,7032,23.017,0.7885,3,117.87818946955508,47.387533458272436,66.61439688197406,59.88970882032694,6.2,850
C_band1.5_old0.70,1,0.4,2,AdaptiveGCN,0.0,0.739835262298584,1.0,0.7519,0.7,none,gcn,3,64,0.001,none,151,151,34,7032,27.825,0.4577,0,119.05058894117506,45.70389825673822,65.1535202227742,59.03948695473805,nan,2550
C_band1.5_old0.70,1,0.4,2,AdaptiveGCN,0.0,0.739835262298584,1.0,0.7519,0.7,none,gcn,3,64,0.001,none,151,151,34,7032,27.825,0.4577,1,84.82569533333226,34.08959542839624,57.495212054921176,54.91069830159084,3.96,850
C_band1.5_old0.70,1,0.4,2,AdaptiveGCN,0.0,0.739835262298584,1.0,0.7519,0.7,none,gcn,3,64,0.001,none,151,151,34,7032,27.825,0.4577,2,106.87349554257825,43.55827898971333,64.87049936766444,59.82086579530189,3.8,850
C_band1.5_old0.70,1,0.4,2,AdaptiveGCN,0.0,0.739835262298584,1.0,0.7519,0.7,none,gcn,3,64,0.001,none,151,151,34,7032,27.825,0.4577,3,154.6020230897678,59.463820352105095,73.09484924573702,62.35478384827624,8.64,850
C_band1.5_old0.70,2,0.475,0,AdaptiveGCN,0.0,0.8029313683509827,1.0,0.3733,0.7,none,gcn,3,64,0.001,none,185,185,34,7032,28.517,0.4826,0,121.39343425155337,43.47365714659289,43.1393509724548,51.811399989469386,nan,2550
C_band1.5_old0.70,2,0.475,0,AdaptiveGCN,0.0,0.8029313683509827,1.0,0.3733,0.7,none,gcn,3,64,0.001,none,185,185,34,7032,28.517,0.4826,1,107.28851044737618,38.08372628398938,38.06556235346553,44.112252093278045,1.24,850
C_band1.5_old0.70,2,0.475,0,AdaptiveGCN,0.0,0.8029313683509827,1.0,0.3733,0.7,none,gcn,3,64,0.001,none,185,185,34,7032,28.517,0.4826,2,122.63905789583667,45.04921813285252,42.496967161063466,51.235658220416305,2.04,850
C_band1.5_old0.70,2,0.475,0,AdaptiveGCN,0.0,0.8029313683509827,1.0,0.3733,0.7,none,gcn,3,64,0.001,none,185,185,34,7032,28.517,0.4826,3,132.88316162164227,47.28802702293677,48.855523402835374,60.08628965471382,4.04,850
C_band1.5_old0.70,2,0.475,1,AdaptiveGCN,0.0,0.587054967880249,1.0,1.0656,0.7,none,gcn,3,64,0.001,none,185,185,34,7032,115.073,1.0592,0,357.61848487842605,74.05232610961258,48.51159057016016,63.174216485492316,nan,2550
C_band1.5_old0.70,2,0.475,1,AdaptiveGCN,0.0,0.587054967880249,1.0,1.0656,0.7,none,gcn,3,64,0.001,none,185,185,34,7032,115.073,1.0592,1,79.53741005734312,31.572105555830742,38.41259740310101,43.17201299210987,1.88,850
C_band1.5_old0.70,2,0.475,1,AdaptiveGCN,0.0,0.587054967880249,1.0,1.0656,0.7,none,gcn,3,64,0.001,none,185,185,34,7032,115.073,1.0592,2,201.78700595712453,60.48866832438856,46.974603977742326,58.58040119661704,1.84,850
C_band1.5_old0.70,2,0.475,1,AdaptiveGCN,0.0,0.587054967880249,1.0,1.0656,0.7,none,gcn,3,64,0.001,none,185,185,34,7032,115.073,1.0592,3,580.1971620134422,130.09620444861844,60.14757032963713,87.77023526775008,2.92,850
C_band1.5_old0.70,2,0.475,2,AdaptiveGCN,0.0,0.5306591391563416,1.0,0.6791,0.7,none,gcn,3,64,0.001,none,185,185,34,7032,67.24,0.6729,0,159.88039006387913,53.748880026349795,48.34688164373118,56.63318682019308,nan,2550
C_band1.5_old0.70,2,0.475,2,AdaptiveGCN,0.0,0.5306591391563416,1.0,0.6791,0.7,none,gcn,3,64,0.001,none,185,185,34,7032,67.24,0.6729,1,145.1295756322287,48.36154125734506,43.80067441057781,51.11415984134216,2.68,850
C_band1.5_old0.70,2,0.475,2,AdaptiveGCN,0.0,0.5306591391563416,1.0,0.6791,0.7,none,gcn,3,64,0.001,none,185,185,34,7032,67.24,0.6729,2,181.2166123149834,59.57331456066054,48.745885719799574,58.65723654541566,4.6,850
C_band1.5_old0.70,2,0.475,2,AdaptiveGCN,0.0,0.5306591391563416,1.0,0.6791,0.7,none,gcn,3,64,0.001,none,185,185,34,7032,67.24,0.6729,3,150.9409257915979,53.31178426104378,52.49408480081614,60.12816407382145,4.92,850
C_band1.5_old0.70,3,0.55,0,AdaptiveGCN,0.0,0.7572552561759949,1.0,0.1737,0.7,none,gcn,3,64,0.001,none,219,219,34,7032,32.054,0.4963,0,22.157198681784728,12.244765715424483,56.22826882918503,62.74150549964338,nan,2550
C_band1.5_old0.70,3,0.55,0,AdaptiveGCN,0.0,0.7572552561759949,1.0,0.1737,0.7,none,gcn,3,64,0.001,none,219,219,34,7032,32.054,0.4963,1,16.76401005230105,9.751564110868117,50.3862909443835,55.32086795539073,1.3333333333333333,850
C_band1.5_old0.70,3,0.55,0,AdaptiveGCN,0.0,0.7572552561759949,1.0,0.1737,0.7,none,gcn,3,64,0.001,none,219,219,34,7032,32.054,0.4963,2,20.84040285900206,11.713466830253601,57.024347290062,62.530861323780314,2.6666666666666665,850
C_band1.5_old0.70,3,0.55,0,AdaptiveGCN,0.0,0.7572552561759949,1.0,0.1737,0.7,none,gcn,3,64,0.001,none,219,219,34,7032,32.054,0.4963,3,27.522171715057233,15.26926620515173,61.274168253109615,70.39098784764832,3.6666666666666665,850
C_band1.5_old0.70,3,0.55,1,AdaptiveGCN,0.0,0.7430768013000488,1.0,0.1984,0.7,none,gcn,3,64,0.001,none,219,219,34,7032,44.23,0.8188,0,23.41203175499655,12.728127842015386,56.848814639935476,64.05780277418593,nan,2550
C_band1.5_old0.70,3,0.55,1,AdaptiveGCN,0.0,0.7430768013000488,1.0,0.1984,0.7,none,gcn,3,64,0.001,none,219,219,34,7032,44.23,0.8188,1,17.49064509924447,9.82521943940836,51.323103316065485,52.40061329507414,1.4583333333333333,850
C_band1.5_old0.70,3,0.55,1,AdaptiveGCN,0.0,0.7430768013000488,1.0,0.1984,0.7,none,gcn,3,64,0.001,none,219,219,34,7032,44.23,0.8188,2,23.810746023638007,13.011638342168402,57.6845617523994,67.66439123871338,3.5416666666666665,850
C_band1.5_old0.70,3,0.55,1,AdaptiveGCN,0.0,0.7430768013000488,1.0,0.1984,0.7,none,gcn,3,64,0.001,none,219,219,34,7032,44.23,0.8188,3,27.775806027926226,15.347525744469397,61.53877885134155,72.1322342488594,4.125,850
C_band1.5_old0.70,3,0.55,2,AdaptiveGCN,0.0,0.5733754634857178,1.0,0.3012,0.7,none,gcn,3,64,0.001,none,219,219,34,7032,47.917,0.4755,0,20.85049113736145,11.429174410022691,55.59937253201912,59.11864674389389,nan,2550
C_band1.5_old0.70,3,0.55,2,AdaptiveGCN,0.0,0.5733754634857178,1.0,0.3012,0.7,none,gcn,3,64,0.001,none,219,219,34,7032,47.917,0.4755,1,15.56332544048841,9.182572115798248,50.19848336220512,54.40868309244061,2.2916666666666665,850
C_band1.5_old0.70,3,0.55,2,AdaptiveGCN,0.0,0.5733754634857178,1.0,0.3012,0.7,none,gcn,3,64,0.001,none,219,219,34,7032,47.917,0.4755,2,21.355895266631467,11.661602797788731,56.926912722125614,60.811685022758496,3.875,850
C_band1.5_old0.70,3,0.55,2,AdaptiveGCN,0.0,0.5733754634857178,1.0,0.3012,0.7,none,gcn,3,64,0.001,none,219,219,34,7032,47.917,0.4755,3,24.61579941016905,13.44334831648109,59.672721511726635,62.14491539220693,4.708333333333333,850
C_band1.5_old0.70,4,0.625,0,AdaptiveGCN,0.0,0.6210846900939941,1.0,0.2742,0.7,none,gcn,3,64,0.001,none,253,253,34,7032,69.035,0.9867,0,30.66628749653927,14.26612704879141,52.104571602850534,56.58207939131987,nan,2550
C_band1.5_old0.70,4,0.625,0,AdaptiveGCN,0.0,0.6210846900939941,1.0,0.2742,0.7,none,gcn,3,64,0.001,none,253,253,34,7032,69.035,0.9867,1,27.118679694619054,12.72393170092563,50.874954214789206,54.55299754107521,2.7083333333333335,850
C_band1.5_old0.70,4,0.625,0,AdaptiveGCN,0.0,0.6210846900939941,1.0,0.2742,0.7,none,gcn,3,64,0.001,none,253,253,34,7032,69.035,0.9867,2,28.367952155919273,13.580238837085883,51.217369515031166,56.73850651964661,3.3333333333333335,850
C_band1.5_old0.70,4,0.625,0,AdaptiveGCN,0.0,0.6210846900939941,1.0,0.2742,0.7,none,gcn,3,64,0.001,none,253,253,34,7032,69.035,0.9867,3,35.7924582637367,16.494210608362714,54.22139107873123,58.45473411323779,3.7916666666666665,850
C_band1.5_old0.70,4,0.625,1,AdaptiveGCN,0.0,0.6802629232406616,1.0,0.2798,0.7,none,gcn,3,64,0.001,none,253,253,34,7032,37.565,0.4416,0,30.716629022154642,14.398461031564603,51.816455942513706,58.83610603415157,nan,2550
C_band1.5_old0.70,4,0.625,1,AdaptiveGCN,0.0,0.6802629232406616,1.0,0.2798,0.7,none,gcn,3,64,0.001,none,253,253,34,7032,37.565,0.4416,1,27.516844642541045,13.257310108428491,51.150371475222734,59.83427055384016,3.25,850
C_band1.5_old0.70,4,0.625,1,AdaptiveGCN,0.0,0.6802629232406616,1.0,0.2798,0.7,none,gcn,3,64,0.001,none,253,253,34,7032,37.565,0.4416,2,28.727762810667535,13.934939029015162,51.568260930039436,60.2737481373306,4.041666666666667,850
C_band1.5_old0.70,4,0.625,1,AdaptiveGCN,0.0,0.6802629232406616,1.0,0.2798,0.7,none,gcn,3,64,0.001,none,253,253,34,7032,37.565,0.4416,3,35.32807382615569,16.003133957250153,52.73073542227894,56.400299411283974,4.291666666666667,850
C_band1.5_old0.70,4,0.625,2,AdaptiveGCN,0.0,0.46601197123527527,1.0,0.4175,0.7,none,gcn,3,64,0.001,none,253,253,34,7032,172.388,18.9686,0,33.810875040107824,15.702842791465422,53.86021950806441,61.34339410988683,nan,2550
C_band1.5_old0.70,4,0.625,2,AdaptiveGCN,0.0,0.46601197123527527,1.0,0.4175,0.7,none,gcn,3,64,0.001,none,253,253,34,7032,172.388,18.9686,1,28.38660332950005,13.24311853376272,50.99130137389237,57.02522596213701,2.5,850
C_band1.5_old0.70,4,0.625,2,AdaptiveGCN,0.0,0.46601197123527527,1.0,0.4175,0.7,none,gcn,3,64,0.001,none,253,253,34,7032,172.388,18.9686,2,30.87540296122978,14.901312798195901,53.19201574973482,60.56311780507598,4.208333333333333,850
C_band1.5_old0.70,4,0.625,2,AdaptiveGCN,0.0,0.46601197123527527,1.0,0.4175,0.7,none,gcn,3,64,0.001,none,253,253,34,7032,172.388,18.9686,3,40.870968380118654,18.964097042437643,57.39734140056605,66.44183856244747,5.125,850
C_band1.5_old0.70,5,0.7,0,AdaptiveGCN,0.0,0.6032343506813049,1.0,0.411,0.7,none,gcn,3,64,0.001,none,287,287,34,7032,76.553,1.0859,0,55.85142181277734,28.433697349493272,44.99294152375269,52.30777222804866,nan,2550
C_band1.5_old0.70,5,0.7,0,AdaptiveGCN,0.0,0.6032343506813049,1.0,0.411,0.7,none,gcn,3,64,0.001,none,287,287,34,7032,76.553,1.0859,1,40.49325900147848,21.703092760084854,38.06494120297514,40.35958606605514,1.24,850
C_band1.5_old0.70,5,0.7,0,AdaptiveGCN,0.0,0.6032343506813049,1.0,0.411,0.7,none,gcn,3,64,0.001,none,287,287,34,7032,76.553,1.0859,2,54.6545543737325,28.580074448778348,43.41396589061466,48.109057510323346,2.92,850
C_band1.5_old0.70,5,0.7,0,AdaptiveGCN,0.0,0.6032343506813049,1.0,0.411,0.7,none,gcn,3,64,0.001,none,287,287,34,7032,76.553,1.0859,3,68.78458851497362,35.01792483961662,53.49991747766827,68.67134209655299,3.5,850
C_band1.5_old0.70,5,0.7,1,AdaptiveGCN,0.0,0.6201530694961548,1.0,0.3872,0.7,none,gcn,3,64,0.001,none,287,287,34,7032,230.708,12.9911,0,57.80139597569577,29.88995911137347,47.310141300355006,54.44465916693409,nan,2550
C_band1.5_old0.70,5,0.7,1,AdaptiveGCN,0.0,0.6201530694961548,1.0,0.3872,0.7,none,gcn,3,64,0.001,none,287,287,34,7032,230.708,12.9911,1,41.50567050249809,21.7396289090352,39.13109943038373,39.74275968304589,1.2,850
C_band1.5_old0.70,5,0.7,1,AdaptiveGCN,0.0,0.6201530694961548,1.0,0.3872,0.7,none,gcn,3,64,0.001,none,287,287,34,7032,230.708,12.9911,2,56.36141572885989,30.014067531701944,46.29467196327611,49.766602978262064,3.92,850
C_band1.5_old0.70,5,0.7,1,AdaptiveGCN,0.0,0.6201530694961548,1.0,0.3872,0.7,none,gcn,3,64,0.001,none,287,287,34,7032,230.708,12.9911,3,71.57984537140483,37.91618089338326,56.50465250740518,74.08559230430969,4.875,850
C_band1.5_old0.70,5,0.7,2,AdaptiveGCN,0.0,0.5642743110656738,1.0,0.5214,0.7,none,gcn,3,64,0.001,none,287,287,34,7032,122.935,12.8803,0,58.60589043305323,29.3071830390601,46.29256270338284,52.60639133183278,nan,2550
C_band1.5_old0.70,5,0.7,2,AdaptiveGCN,0.0,0.5642743110656738,1.0,0.5214,0.7,none,gcn,3,64,0.001,none,287,287,34,7032,122.935,12.8803,1,42.46372413890678,22.231081204361775,38.62462855173507,39.50427126106189,1.2,850
C_band1.5_old0.70,5,0.7,2,AdaptiveGCN,0.0,0.5642743110656738,1.0,0.5214,0.7,none,gcn,3,64,0.001,none,287,287,34,7032,122.935,12.8803,2,58.00319507200999,29.586558479699853,45.22922856724945,47.82020778355943,2.92,850
C_band1.5_old0.70,5,0.7,2,AdaptiveGCN,0.0,0.5642743110656738,1.0,0.5214,0.7,none,gcn,3,64,0.001,none,287,287,34,7032,122.935,12.8803,3,71.66877056323976,36.10390943311867,55.02383099116401,70.73438633719321,3.9583333333333335,850
C_band1.5_old0.70,6,0.775,0,AdaptiveGCN,0.0,0.7076786756515503,1.0,0.1328,0.7,none,gcn,3,64,0.001,none,321,321,34,7032,165.337,9.5251,0,10.726723092988905,5.325487685016466,79.8447744706706,84.92495372948652,nan,2550
C_band1.5_old0.70,6,0.775,0,AdaptiveGCN,0.0,0.7076786756515503,1.0,0.1328,0.7,none,gcn,3,64,0.001,none,321,321,34,7032,165.337,9.5251,1,8.323372925725112,4.300127668878584,71.2435884996462,67.91351405517817,2.5714285714285716,850
C_band1.5_old0.70,6,0.775,0,AdaptiveGCN,0.0,0.7076786756515503,1.0,0.1328,0.7,none,gcn,3,64,0.001,none,321,321,34,7032,165.337,9.5251,2,10.506378866551833,5.2936373788822335,80.90138668894554,85.39401925232436,4.0,850
C_band1.5_old0.70,6,0.775,0,AdaptiveGCN,0.0,0.7076786756515503,1.0,0.1328,0.7,none,gcn,3,64,0.001,none,321,321,34,7032,165.337,9.5251,3,12.865660931050668,6.382698007288581,87.38934822342007,101.52298546458489,4.642857142857143,850
C_band1.5_old0.70,6,0.775,1,AdaptiveGCN,0.0,0.7593560814857483,1.0,0.1032,0.7,none,gcn,3,64,0.001,none,321,321,34,7032,154.484,10.3326,0,10.898553069682354,5.42631591407742,87.96361455064815,87.62877621384457,nan,2550
C_band1.5_old0.70,6,0.775,1,AdaptiveGCN,0.0,0.7593560814857483,1.0,0.1032,0.7,none,gcn,3,64,0.001,none,321,321,34,7032,154.484,10.3326,1,8.528284028921576,4.4289613222886866,83.6591087973097,71.40331166841999,2.2142857142857144,850
C_band1.5_old0.70,6,0.775,1,AdaptiveGCN,0.0,0.7593560814857483,1.0,0.1032,0.7,none,gcn,3,64,0.001,none,321,321,34,7032,154.484,10.3326,2,10.790810474391382,5.4109373961995795,89.6772536664661,88.59290812338992,4.0,850
C_band1.5_old0.70,6,0.775,1,AdaptiveGCN,0.0,0.7593560814857483,1.0,0.1032,0.7,none,gcn,3,64,0.001,none,321,321,34,7032,154.484,10.3326,3,12.929120537215763,6.439049023743992,90.55448118816867,102.94639948031146,4.642857142857143,850
C_band1.5_old0.70,6,0.775,2,AdaptiveGCN,0.0,0.7858802676200867,1.0,0.0905,0.7,none,gcn,3,64,0.001,none,321,321,34,7032,269.491,9.6301,0,10.62909607305216,5.32145595590342,86.72046526772469,86.22819151398127,nan,2550
C_band1.5_old0.70,6,0.775,2,AdaptiveGCN,0.0,0.7858802676200867,1.0,0.0905,0.7,none,gcn,3,64,0.001,none,321,321,34,7032,269.491,9.6301,1,8.738970224603696,4.570028610282632,94.86398625843752,75.37801903238788,2.7857142857142856,850
C_band1.5_old0.70,6,0.775,2,AdaptiveGCN,0.0,0.7858802676200867,1.0,0.0905,0.7,none,gcn,3,64,0.001,none,321,321,34,7032,269.491,9.6301,2,10.211796970178412,5.167339140656884,79.93848530869036,84.01018103382762,3.142857142857143,850
C_band1.5_old0.70,6,0.775,2,AdaptiveGCN,0.0,0.7858802676200867,1.0,0.0905,0.7,none,gcn,3,64,0.001,none,321,321,34,7032,269.491,9.6301,3,12.581043360701988,6.2270001167707445,85.35892423604624,99.3162633176548,4.571428571428571,850
C_band1.5_old0.70,7,0.85,0,AdaptiveGCN,0.0,0.757593035697937,1.0,0.0673,0.7,none,gcn,3,64,0.001,none,355,355,34,7032,354.722,0.9276,0,88.28189317805105,21.410430157430845,88.66037217887826,394.96987850091136,nan,2550
C_band1.5_old0.70,7,0.85,0,AdaptiveGCN,0.0,0.757593035697937,1.0,0.0673,0.7,none,gcn,3,64,0.001,none,355,355,34,7032,354.722,0.9276,1,89.67026471274015,20.705921713068992,85.61462113164848,422.95540054700564,2.76,850
C_band1.5_old0.70,7,0.85,0,AdaptiveGCN,0.0,0.757593035697937,1.0,0.0673,0.7,none,gcn,3,64,0.001,none,355,355,34,7032,354.722,0.9276,2,87.44619979265332,21.11939416636713,86.95632180423212,310.12242149252677,3.52,850
C_band1.5_old0.70,7,0.85,0,AdaptiveGCN,0.0,0.757593035697937,1.0,0.0673,0.7,none,gcn,3,64,0.001,none,355,355,34,7032,354.722,0.9276,3,87.71250627745692,22.405974592856417,93.4101736007542,451.82924234957926,4.36,850
C_band1.5_old0.70,7,0.85,1,AdaptiveGCN,0.0,0.7575942873954773,1.0,0.0479,0.7,none,gcn,3,64,0.001,none,355,355,34,7032,353.266,0.8735,0,90.54197499669156,21.865684456221903,96.63186515445227,413.2994395860675,nan,2550
C_band1.5_old0.70,7,0.85,1,AdaptiveGCN,0.0,0.7575942873954773,1.0,0.0479,0.7,none,gcn,3,64,0.001,none,355,355,34,7032,353.266,0.8735,1,90.20497063230235,20.75170699145768,96.95780879808392,430.08284013574416,2.56,850
C_band1.5_old0.70,7,0.85,1,AdaptiveGCN,0.0,0.7575942873954773,1.0,0.0479,0.7,none,gcn,3,64,0.001,none,355,355,34,7032,353.266,0.8735,2,92.90963507778814,22.28229766391436,96.37044743184534,348.07542679407504,3.32,850
C_band1.5_old0.70,7,0.85,1,AdaptiveGCN,0.0,0.7575942873954773,1.0,0.0479,0.7,none,gcn,3,64,0.001,none,355,355,34,7032,353.266,0.8735,3,88.45569903540571,22.563048713293668,96.56733923342755,461.69712596649856,4.16,850
C_band1.5_old0.70,7,0.85,2,AdaptiveGCN,0.0,0.6639987230300903,1.0,0.1022,0.7,none,gcn,3,64,0.001,none,355,355,34,7032,365.99,0.62,0,85.28609227390577,20.899005727689286,95.61156741959734,369.52594764979835,nan,2550
C_band1.5_old0.70,7,0.85,2,AdaptiveGCN,0.0,0.6639987230300903,1.0,0.1022,0.7,none,gcn,3,64,0.001,none,355,355,34,7032,365.99,0.62,1,86.64468094320252,20.174552361625384,90.85288129995901,397.4079930030137,2.76,850
C_band1.5_old0.70,7,0.85,2,AdaptiveGCN,0.0,0.6639987230300903,1.0,0.1022,0.7,none,gcn,3,64,0.001,none,355,355,34,7032,365.99,0.62,2,85.50361447162277,20.878178847428163,96.39490275695488,299.8305482912978,3.32,850
C_band1.5_old0.70,7,0.85,2,AdaptiveGCN,0.0,0.6639987230300903,1.0,0.1022,0.7,none,gcn,3,64,0.001,none,355,355,34,7032,365.99,0.62,3,83.68383226524851,21.644285974014306,99.58691820187812,411.3795635214651,4.6,850
C_band1.5_old0.70,8,0.925,0,AdaptiveGCN,0.0,0.4100433588027954,1.0,0.4042,0.7,none,gcn,3,64,0.001,none,389,389,34,7032,489.074,0.871,0,28.33765944111488,12.611096659814391,81.70599239557245,111.94477350359573,nan,2550
C_band1.5_old0.70,8,0.925,0,AdaptiveGCN,0.0,0.4100433588027954,1.0,0.4042,0.7,none,gcn,3,64,0.001,none,389,389,34,7032,489.074,0.871,1,25.11427738022443,9.937044702482902,73.26297680706692,83.77525546585584,2.6666666666666665,850
C_band1.5_old0.70,8,0.925,0,AdaptiveGCN,0.0,0.4100433588027954,1.0,0.4042,0.7,none,gcn,3,64,0.001,none,389,389,34,7032,489.074,0.871,2,28.57266472937692,13.00293674598448,83.2604379248853,117.70291999454574,4.0476190476190474,850
C_band1.5_old0.70,8,0.925,0,AdaptiveGCN,0.0,0.4100433588027954,1.0,0.4042,0.7,none,gcn,3,64,0.001,none,389,389,34,7032,489.074,0.871,3,31.015233833288917,14.89330853097579,88.59456245476515,134.18801831471777,6.238095238095238,850
C_band1.5_old0.70,8,0.925,1,AdaptiveGCN,0.0,0.34182101488113403,1.0,0.5146,0.7,none,gcn,3,64,0.001,none,389,389,34,7032,478.774,0.5096,0,30.813608527182623,13.641383422616613,83.03317363260099,109.21375307776687,nan,2550
C_band1.5_old0.70,8,0.925,1,AdaptiveGCN,0.0,0.34182101488113403,1.0,0.5146,0.7,none,gcn,3,64,0.001,none,389,389,34,7032,478.774,0.5096,1,25.976468236583692,10.646284956950968,75.8117781341118,85.34775130914689,3.857142857142857,850
C_band1.5_old0.70,8,0.925,1,AdaptiveGCN,0.0,0.34182101488113403,1.0,0.5146,0.7,none,gcn,3,64,0.001,none,389,389,34,7032,478.774,0.5096,2,29.665803748409697,13.62002367892467,82.39009690897309,108.78685014991325,4.523809523809524,850
C_band1.5_old0.70,8,0.925,1,AdaptiveGCN,0.0,0.34182101488113403,1.0,0.5146,0.7,none,gcn,3,64,0.001,none,389,389,34,7032,478.774,0.5096,3,35.96663172044311,16.657841631974204,90.89764585471809,133.34256155978244,4.190476190476191,850
C_band1.5_old0.70,8,0.925,2,AdaptiveGCN,0.0,0.6563242673873901,1.0,0.1407,0.7,none,gcn,3,64,0.001,none,389,389,34,7032,313.048,0.6288,0,27.556979124235735,11.125461156314248,76.92620665803719,93.69673160682915,nan,2550
C_band1.5_old0.70,8,0.925,2,AdaptiveGCN,0.0,0.6563242673873901,1.0,0.1407,0.7,none,gcn,3,64,0.001,none,389,389,34,7032,313.048,0.6288,1,25.393250788175504,9.581355958190363,71.74178497303969,80.59471612141877,2.1904761904761907,850
C_band1.5_old0.70,8,0.925,2,AdaptiveGCN,0.0,0.6563242673873901,1.0,0.1407,0.7,none,gcn,3,64,0.001,none,389,389,34,7032,313.048,0.6288,2,26.95281402937997,10.787731915375986,76.14607961201351,91.31376738446508,3.380952380952381,850
C_band1.5_old0.70,8,0.925,2,AdaptiveGCN,0.0,0.6563242673873901,1.0,0.1407,0.7,none,gcn,3,64,0.001,none,389,389,34,7032,313.048,0.6288,3,30.11461315818575,13.007295595376396,82.89075538905838,109.0828555729789,5.095238095238095,850
C_none,1,0.4,0,AdaptiveGCN,0.0,0.7877589464187622,1.0,0.3476,2.3884,none,gcn,3,64,0.001,none,151,151,34,7032,28.406,0.7789,0,92.75198405783877,37.38276134237507,60.84247561783912,58.76655757812378,nan,2550
C_none,1,0.4,0,AdaptiveGCN,0.0,0.7877589464187622,1.0,0.3476,2.3884,none,gcn,3,64,0.001,none,151,151,34,7032,28.406,0.7789,1,55.210400944324704,25.936384048229904,53.47339728676263,56.18787598526922,2.56,850
C_none,1,0.4,0,AdaptiveGCN,0.0,0.7877589464187622,1.0,0.3476,2.3884,none,gcn,3,64,0.001,none,151,151,34,7032,28.406,0.7789,2,78.66053535286336,35.207588105989956,60.262070103340136,60.31975739704857,3.12,850
C_none,1,0.4,0,AdaptiveGCN,0.0,0.7877589464187622,1.0,0.3476,2.3884,none,gcn,3,64,0.001,none,151,151,34,7032,28.406,0.7789,3,128.73664375602064,51.00431187290534,68.79195946341457,59.77584688325888,6.12,850
C_none,1,0.4,1,AdaptiveGCN,0.0,0.8055638670921326,1.0,0.3285,2.3884,none,gcn,3,64,0.001,none,151,151,34,7032,27.626,0.6503,0,91.90912870782495,37.3837908503169,60.80804610340419,60.10395369589002,nan,2550
C_none,1,0.4,1,AdaptiveGCN,0.0,0.8055638670921326,1.0,0.3285,2.3884,none,gcn,3,64,0.001,none,151,151,34,7032,27.626,0.6503,1,56.58798054692682,26.456597256458856,55.12102743431569,58.581394458733804,3.04,850
C_none,1,0.4,1,AdaptiveGCN,0.0,0.8055638670921326,1.0,0.3285,2.3884,none,gcn,3,64,0.001,none,151,151,34,7032,27.626,0.6503,2,90.01601572348045,38.109792934486315,60.76861462097085,61.923280932983836,3.72,850
C_none,1,0.4,1,AdaptiveGCN,0.0,0.8055638670921326,1.0,0.3285,2.3884,none,gcn,3,64,0.001,none,151,151,34,7032,27.626,0.6503,3,118.4769226068324,47.58498236000552,66.53449625492604,59.80089798984747,6.76,850
C_none,1,0.4,2,AdaptiveGCN,0.0,0.739835262298584,1.0,0.7519,2.3884,none,gcn,3,64,0.001,none,151,151,34,7032,31.518,0.7665,0,119.05058894117506,45.70389825673822,65.1535202227742,59.03948695473805,nan,2550
C_none,1,0.4,2,AdaptiveGCN,0.0,0.739835262298584,1.0,0.7519,2.3884,none,gcn,3,64,0.001,none,151,151,34,7032,31.518,0.7665,1,84.82569533333226,34.08959542839624,57.495212054921176,54.91069830159084,3.96,850
C_none,1,0.4,2,AdaptiveGCN,0.0,0.739835262298584,1.0,0.7519,2.3884,none,gcn,3,64,0.001,none,151,151,34,7032,31.518,0.7665,2,106.87349554257825,43.55827898971333,64.87049936766444,59.82086579530189,3.8,850
C_none,1,0.4,2,AdaptiveGCN,0.0,0.739835262298584,1.0,0.7519,2.3884,none,gcn,3,64,0.001,none,151,151,34,7032,31.518,0.7665,3,154.6020230897678,59.463820352105095,73.09484924573702,62.35478384827624,8.64,850
C_none,2,0.475,0,AdaptiveGCN,0.0,0.8029313683509827,1.0,0.3733,2.3884,none,gcn,3,64,0.001,none,185,185,34,7032,32.657,0.7917,0,121.39343425155337,43.47365714659289,43.1393509724548,51.811399989469386,nan,2550
C_none,2,0.475,0,AdaptiveGCN,0.0,0.8029313683509827,1.0,0.3733,2.3884,none,gcn,3,64,0.001,none,185,185,34,7032,32.657,0.7917,1,107.28851044737618,38.08372628398938,38.06556235346553,44.112252093278045,1.24,850
C_none,2,0.475,0,AdaptiveGCN,0.0,0.8029313683509827,1.0,0.3733,2.3884,none,gcn,3,64,0.001,none,185,185,34,7032,32.657,0.7917,2,122.63905789583667,45.04921813285252,42.496967161063466,51.235658220416305,2.04,850
C_none,2,0.475,0,AdaptiveGCN,0.0,0.8029313683509827,1.0,0.3733,2.3884,none,gcn,3,64,0.001,none,185,185,34,7032,32.657,0.7917,3,132.88316162164227,47.28802702293677,48.855523402835374,60.08628965471382,4.04,850
C_none,2,0.475,1,AdaptiveGCN,0.0,0.5437830090522766,1.0,0.5271,2.3884,none,gcn,3,64,0.001,none,185,185,34,7032,58.828,1.4724,0,153.4148147321086,49.20655297914244,46.610393004181994,53.13416453847808,nan,2550
C_none,2,0.475,1,AdaptiveGCN,0.0,0.5437830090522766,1.0,0.5271,2.3884,none,gcn,3,64,0.001,none,185,185,34,7032,58.828,1.4724,1,109.2492617486692,39.15989143776105,40.806949358931064,43.292468519726,2.96,850
C_none,2,0.475,1,AdaptiveGCN,0.0,0.5437830090522766,1.0,0.5271,2.3884,none,gcn,3,64,0.001,none,185,185,34,7032,58.828,1.4724,2,129.81184613584406,48.56653748580138,47.180538175089374,52.82233355192971,3.96,850
C_none,2,0.475,1,AdaptiveGCN,0.0,0.5437830090522766,1.0,0.5271,2.3884,none,gcn,3,64,0.001,none,185,185,34,7032,58.828,1.4724,3,204.50378859091177,59.89323001386488,51.84369147852556,63.287691543778536,3.6,850
C_none,2,0.475,2,AdaptiveGCN,0.0,0.5728679299354553,1.0,0.6106,2.3884,none,gcn,3,64,0.001,none,185,185,34,7032,101.353,2.699,0,147.39690938624705,51.373466970584005,47.82826942036832,55.25413935956113,nan,2550
C_none,2,0.475,2,AdaptiveGCN,0.0,0.5728679299354553,1.0,0.6106,2.3884,none,gcn,3,64,0.001,none,185,185,34,7032,101.353,2.699,1,117.55424749556724,41.82880216928089,41.2417914762552,46.884421566640974,1.68,850
C_none,2,0.475,2,AdaptiveGCN,0.0,0.5728679299354553,1.0,0.6106,2.3884,none,gcn,3,64,0.001,none,185,185,34,7032,101.353,2.699,2,166.40913649551007,55.76817422161043,49.28828550540917,56.42770035396839,2.36,850
C_none,2,0.475,2,AdaptiveGCN,0.0,0.5728679299354553,1.0,0.6106,2.3884,none,gcn,3,64,0.001,none,185,185,34,7032,101.353,2.699,3,153.83934762089382,56.5234245208607,52.95473127944056,62.45029615807404,3.84,850
C_none,3,0.55,0,AdaptiveGCN,0.0,0.47386959195137024,1.0,0.3353,2.3884,none,gcn,3,64,0.001,none,219,219,34,7032,69.234,0.5842,0,23.918154305669244,12.928801353886431,57.99689703575077,65.27560335718145,nan,2550
C_none,3,0.55,0,AdaptiveGCN,0.0,0.47386959195137024,1.0,0.3353,2.3884,none,gcn,3,64,0.001,none,219,219,34,7032,69.234,0.5842,1,18.25297964774085,10.195643367004745,51.453935257203256,58.1107343508907,2.0,850
C_none,3,0.55,0,AdaptiveGCN,0.0,0.47386959195137024,1.0,0.3353,2.3884,none,gcn,3,64,0.001,none,219,219,34,7032,69.234,0.5842,2,23.63559655752451,13.018390815012594,58.57166089861923,67.92254251892224,3.4583333333333335,850
C_none,3,0.55,0,AdaptiveGCN,0.0,0.47386959195137024,1.0,0.3353,2.3884,none,gcn,3,64,0.001,none,219,219,34,7032,69.234,0.5842,3,28.712743260066713,15.572369879641954,63.96509495142985,69.80765992343741,4.208333333333333,850
C_none,3,0.55,1,AdaptiveGCN,0.0,0.5767888426780701,1.0,0.3066,2.3884,none,gcn,3,64,0.001,none,219,219,34,7032,49.088,0.6249,0,21.560877250979306,12.09642908091205,56.50260707126652,62.93721969277924,nan,2550
C_none,3,0.55,1,AdaptiveGCN,0.0,0.5767888426780701,1.0,0.3066,2.3884,none,gcn,3,64,0.001,none,219,219,34,7032,49.088,0.6249,1,16.608033584486698,9.700159503721139,50.69349042094784,54.52196774559657,1.375,850
C_none,3,0.55,1,AdaptiveGCN,0.0,0.5767888426780701,1.0,0.3066,2.3884,none,gcn,3,64,0.001,none,219,219,34,7032,49.088,0.6249,2,22.24044559130394,12.445972184267251,57.879204138934085,65.02379939051039,3.25,850
C_none,3,0.55,1,AdaptiveGCN,0.0,0.5767888426780701,1.0,0.3066,2.3884,none,gcn,3,64,0.001,none,219,219,34,7032,49.088,0.6249,3,24.98299589425179,14.143155554747757,60.935126653917635,69.28372014561242,4.083333333333333,850
C_none,3,0.55,2,AdaptiveGCN,0.0,0.593041181564331,1.0,0.2872,2.3884,none,gcn,3,64,0.001,none,219,219,34,7032,49.665,0.4686,0,20.894213961445374,11.594270078771538,55.74770819366122,60.130968398966345,nan,2550
C_none,3,0.55,2,AdaptiveGCN,0.0,0.593041181564331,1.0,0.2872,2.3884,none,gcn,3,64,0.001,none,219,219,34,7032,49.665,0.4686,1,16.267519593552194,9.422972129897817,50.33690454264268,53.58039647110966,1.7916666666666667,850
C_none,3,0.55,2,AdaptiveGCN,0.0,0.593041181564331,1.0,0.2872,2.3884,none,gcn,3,64,0.001,none,219,219,34,7032,49.665,0.4686,2,20.97146688061649,11.670161815616028,56.51778438155659,63.29746433539074,3.5416666666666665,850
C_none,3,0.55,2,AdaptiveGCN,0.0,0.593041181564331,1.0,0.2872,2.3884,none,gcn,3,64,0.001,none,219,219,34,7032,49.665,0.4686,3,24.602233930043376,13.689676290800767,60.38843565678441,63.52705726575451,4.625,850
C_none,4,0.625,0,AdaptiveGCN,0.0,0.6214057207107544,1.0,0.2837,2.3884,none,gcn,3,64,0.001,none,253,253,34,7032,52.194,0.5347,0,30.687794067808255,14.283762986690682,52.24431863221044,56.85129597286355,nan,2550
C_none,4,0.625,0,AdaptiveGCN,0.0,0.6214057207107544,1.0,0.2837,2.3884,none,gcn,3,64,0.001,none,253,253,34,7032,52.194,0.5347,1,27.102686512706,12.718473125420621,51.024711325009896,54.729513881270734,2.6666666666666665,850
C_none,4,0.625,0,AdaptiveGCN,0.0,0.6214057207107544,1.0,0.2837,2.3884,none,gcn,3,64,0.001,none,253,253,34,7032,52.194,0.5347,2,28.32698309857879,13.578050359431106,51.43312535310947,57.038438105672995,3.3333333333333335,850
C_none,4,0.625,0,AdaptiveGCN,0.0,0.6214057207107544,1.0,0.2837,2.3884,none,gcn,3,64,0.001,none,253,253,34,7032,52.194,0.5347,3,35.8921791839314,16.55476547522032,54.275119218511946,58.785935931646925,3.7916666666666665,850
C_none,4,0.625,1,AdaptiveGCN,0.0,0.6802629232406616,1.0,0.2798,2.3884,none,gcn,3,64,0.001,none,253,253,34,7032,47.02,0.7808,0,30.716629022154642,14.398461031564603,51.816455942513706,58.83610603415157,nan,2550
C_none,4,0.625,1,AdaptiveGCN,0.0,0.6802629232406616,1.0,0.2798,2.3884,none,gcn,3,64,0.001,none,253,253,34,7032,47.02,0.7808,1,27.516844642541045,13.257310108428491,51.150371475222734,59.83427055384016,3.25,850
C_none,4,0.625,1,AdaptiveGCN,0.0,0.6802629232406616,1.0,0.2798,2.3884,none,gcn,3,64,0.001,none,253,253,34,7032,47.02,0.7808,2,28.727762810667535,13.934939029015162,51.568260930039436,60.2737481373306,4.041666666666667,850
C_none,4,0.625,1,AdaptiveGCN,0.0,0.6802629232406616,1.0,0.2798,2.3884,none,gcn,3,64,0.001,none,253,253,34,7032,47.02,0.7808,3,35.32807382615569,16.003133957250153,52.73073542227894,56.400299411283974,4.291666666666667,850
C_none,4,0.625,2,AdaptiveGCN,0.0,0.4469342529773712,1.0,0.4369,2.3884,none,gcn,3,64,0.001,none,253,253,34,7032,78.249,0.8697,0,34.104022475278555,15.903215124409318,53.436791161115785,61.44946846181518,nan,2550
C_none,4,0.625,2,AdaptiveGCN,0.0,0.4469342529773712,1.0,0.4369,2.3884,none,gcn,3,64,0.001,none,253,253,34,7032,78.249,0.8697,1,29.089484070600356,13.650812274495907,51.21940502375417,58.20458464335948,2.875,850
C_none,4,0.625,2,AdaptiveGCN,0.0,0.4469342529773712,1.0,0.4369,2.3884,none,gcn,3,64,0.001,none,253,253,34,7032,78.249,0.8697,2,31.545476979266756,15.156214843532071,52.934008276649394,60.07608441018337,3.4583333333333335,850
C_none,4,0.625,2,AdaptiveGCN,0.0,0.4469342529773712,1.0,0.4369,2.3884,none,gcn,3,64,0.001,none,253,253,34,7032,78.249,0.8697,3,40.59480072176429,18.902618255199975,56.15696018294379,66.06773633190267,5.625,850
C_none,5,0.7,0,AdaptiveGCN,0.0,0.6029998064041138,1.0,0.4066,2.3884,none,gcn,3,64,0.001,none,287,287,34,7032,49.937,0.481,0,55.89418251089165,28.45487019975542,44.90738714368552,52.287615793872554,nan,2550
C_none,5,0.7,0,AdaptiveGCN,0.0,0.6029998064041138,1.0,0.4066,2.3884,none,gcn,3,64,0.001,none,287,287,34,7032,49.937,0.481,1,40.40121822392722,21.6896289402115,38.04550035562785,40.51858264031682,1.24,850
C_none,5,0.7,0,AdaptiveGCN,0.0,0.6029998064041138,1.0,0.4066,2.3884,none,gcn,3,64,0.001,none,287,287,34,7032,49.937,0.481,2,54.85418779286602,28.593037065828547,43.41393349143887,47.515919571936024,2.92,850
C_none,5,0.7,0,AdaptiveGCN,0.0,0.6029998064041138,1.0,0.4066,2.3884,none,gcn,3,64,0.001,none,287,287,34,7032,49.937,0.481,3,68.78399932608018,35.08194459322621,53.26272758398984,69.04909373618497,4.0,850
C_none,5,0.7,1,AdaptiveGCN,0.0,0.6174805760383606,1.0,0.3477,2.3884,none,gcn,3,64,0.001,none,287,287,34,7032,50.635,0.6278,0,57.02958669392702,29.549444422305324,46.84824577875118,54.59883405520266,nan,2550
C_none,5,0.7,1,AdaptiveGCN,0.0,0.6174805760383606,1.0,0.3477,2.3884,none,gcn,3,64,0.001,none,287,287,34,7032,50.635,0.6278,1,40.80796539437881,21.502524494093787,39.01376804002033,39.71024087775736,1.2,850
C_none,5,0.7,1,AdaptiveGCN,0.0,0.6174805760383606,1.0,0.3477,2.3884,none,gcn,3,64,0.001,none,287,287,34,7032,50.635,0.6278,2,56.07710567537471,29.878217659193805,45.89699813151575,49.817580655339036,3.84,850
C_none,5,0.7,1,AdaptiveGCN,0.0,0.6174805760383606,1.0,0.3477,2.3884,none,gcn,3,64,0.001,none,287,287,34,7032,50.635,0.6278,3,70.33625988694915,37.267591113628384,55.633971164717465,74.53347679838957,4.166666666666667,850
C_none,5,0.7,2,AdaptiveGCN,0.0,0.5639709234237671,1.0,0.5223,2.3884,none,gcn,3,64,0.001,none,287,287,34,7032,54.952,1.1298,0,59.04899383305783,29.506136275788624,46.538940391405944,52.51855837434858,nan,2550
C_none,5,0.7,2,AdaptiveGCN,0.0,0.5639709234237671,1.0,0.5223,2.3884,none,gcn,3,64,0.001,none,287,287,34,7032,54.952,1.1298,1,42.71596521696955,22.30111398888204,38.89762749045645,39.53150808378879,1.24,850
C_none,5,0.7,2,AdaptiveGCN,0.0,0.5639709234237671,1.0,0.5223,2.3884,none,gcn,3,64,0.001,none,287,287,34,7032,54.952,1.1298,2,58.093927907195955,29.737865655762967,45.228277064222645,47.56874448489279,3.16,850
C_none,5,0.7,2,AdaptiveGCN,0.0,0.5639709234237671,1.0,0.5223,2.3884,none,gcn,3,64,0.001,none,287,287,34,7032,54.952,1.1298,3,72.53132339883004,36.479429182720864,55.49091661953871,70.695378864481,3.9583333333333335,850
C_none,6,0.775,0,AdaptiveGCN,0.0,0.7076786756515503,1.0,0.1328,2.3884,none,gcn,3,64,0.001,none,321,321,34,7032,47.813,0.7591,0,10.726723092988905,5.325487685016466,79.8447744706706,84.92495372948652,nan,2550
C_none,6,0.775,0,AdaptiveGCN,0.0,0.7076786756515503,1.0,0.1328,2.3884,none,gcn,3,64,0.001,none,321,321,34,7032,47.813,0.7591,1,8.323372925725112,4.300127668878584,71.2435884996462,67.91351405517817,2.5714285714285716,850
C_none,6,0.775,0,AdaptiveGCN,0.0,0.7076786756515503,1.0,0.1328,2.3884,none,gcn,3,64,0.001,none,321,321,34,7032,47.813,0.7591,2,10.506378866551833,5.2936373788822335,80.90138668894554,85.39401925232436,4.0,850
C_none,6,0.775,0,AdaptiveGCN,0.0,0.7076786756515503,1.0,0.1328,2.3884,none,gcn,3,64,0.001,none,321,321,34,7032,47.813,0.7591,3,12.865660931050668,6.382698007288581,87.38934822342007,101.52298546458489,4.642857142857143,850
C_none,6,0.775,1,AdaptiveGCN,0.0,0.5864567756652832,1.0,0.253,2.3884,none,gcn,3,64,0.001,none,321,321,34,7032,56.877,0.738,0,11.943697982492111,5.928852557173734,94.48569940439722,96.53688558402297,nan,2550
C_none,6,0.775,1,AdaptiveGCN,0.0,0.5864567756652832,1.0,0.253,2.3884,none,gcn,3,64,0.001,none,321,321,34,7032,56.877,0.738,1,9.106817885412593,4.728744816117755,92.40333069413971,76.3383481899714,3.357142857142857,850
C_none,6,0.775,1,AdaptiveGCN,0.0,0.5864567756652832,1.0,0.253,2.3884,none,gcn,3,64,0.001,none,321,321,34,7032,56.877,0.738,2,11.842266605617343,5.95938625916373,94.73181711559032,97.41725324050286,5.428571428571429,850
C_none,6,0.775,1,AdaptiveGCN,0.0,0.5864567756652832,1.0,0.253,2.3884,none,gcn,3,64,0.001,none,321,321,34,7032,56.877,0.738,3,14.31021852154494,7.098426596239716,96.32195040346161,115.92314608967844,5.785714285714286,850
C_none,6,0.775,2,AdaptiveGCN,0.0,0.785916268825531,1.0,0.0911,2.3884,none,gcn,3,64,0.001,none,321,321,34,7032,41.977,0.8245,0,10.629258759041331,5.321729518413606,86.77833933266135,86.24986996005741,nan,2550
C_none,6,0.775,2,AdaptiveGCN,0.0,0.785916268825531,1.0,0.0911,2.3884,none,gcn,3,64,0.001,none,321,321,34,7032,41.977,0.8245,1,8.741284258969866,4.571524216887363,94.84299993455765,75.42442301588443,2.7857142857142856,850
C_none,6,0.775,2,AdaptiveGCN,0.0,0.785916268825531,1.0,0.0911,2.3884,none,gcn,3,64,0.001,none,321,321,34,7032,41.977,0.8245,2,10.211438581168421,5.166365139064592,80.17130839662894,84.00382132836589,3.142857142857143,850
C_none,6,0.775,2,AdaptiveGCN,0.0,0.785916268825531,1.0,0.0911,2.3884,none,gcn,3,64,0.001,none,321,321,34,7032,41.977,0.8245,3,12.580138985992217,6.227299199288861,85.32070966679747,99.3410038295058,4.571428571428571,850
C_none,7,0.85,0,AdaptiveGCN,0.0,0.7578955292701721,1.0,0.0678,2.3884,none,gcn,3,64,0.001,none,355,355,34,7032,50.128,0.6404,0,88.26669474143176,21.403269400070542,88.52498488814705,394.5322996174686,nan,2550
C_none,7,0.85,0,AdaptiveGCN,0.0,0.7578955292701721,1.0,0.0678,2.3884,none,gcn,3,64,0.001,none,355,355,34,7032,50.128,0.6404,1,89.88505388128699,20.74785000258531,85.62367344474984,424.9017413871093,2.76,850
C_none,7,0.85,0,AdaptiveGCN,0.0,0.7578955292701721,1.0,0.0678,2.3884,none,gcn,3,64,0.001,none,355,355,34,7032,50.128,0.6404,2,87.44987475048461,21.114523795452723,86.93805038050624,310.13329040964067,3.52,850
C_none,7,0.85,0,AdaptiveGCN,0.0,0.7578955292701721,1.0,0.0678,2.3884,none,gcn,3,64,0.001,none,355,355,34,7032,50.128,0.6404,3,87.44269378635349,22.34743440217359,93.013230839185,448.58123016128684,4.36,850
C_none,7,0.85,1,AdaptiveGCN,0.0,0.7554380893707275,1.0,0.0467,2.3884,none,gcn,3,64,0.001,none,355,355,34,7032,49.184,0.8458,0,90.56114866584679,21.867779574227605,96.84265377721582,414.00629657585546,nan,2550
C_none,7,0.85,1,AdaptiveGCN,0.0,0.7554380893707275,1.0,0.0467,2.3884,none,gcn,3,64,0.001,none,355,355,34,7032,49.184,0.8458,1,90.47505534816408,20.781197533764576,96.49795914462817,431.7780774333346,2.56,850
C_none,7,0.85,1,AdaptiveGCN,0.0,0.7554380893707275,1.0,0.0467,2.3884,none,gcn,3,64,0.001,none,355,355,34,7032,49.184,0.8458,2,92.42705622331736,22.19333928154867,96.49201521567767,345.2799612358559,3.32,850
C_none,7,0.85,1,AdaptiveGCN,0.0,0.7554380893707275,1.0,0.0467,2.3884,none,gcn,3,64,0.001,none,355,355,34,7032,49.184,0.8458,3,88.74383686020788,22.628801907369567,97.53798697134161,464.9163748887727,4.36,850
C_none,7,0.85,2,AdaptiveGCN,0.0,0.663027822971344,1.0,0.1001,2.3884,none,gcn,3,64,0.001,none,355,355,34,7032,59.415,0.4967,0,85.5202218723249,20.94111081549928,95.57529080391004,372.13017178735106,nan,2550
C_none,7,0.85,2,AdaptiveGCN,0.0,0.663027822971344,1.0,0.1001,2.3884,none,gcn,3,64,0.001,none,355,355,34,7032,59.415,0.4967,1,87.00518289862492,20.235932306140278,91.06051482561608,400.69272835248466,2.76,850
C_none,7,0.85,2,AdaptiveGCN,0.0,0.663027822971344,1.0,0.1001,2.3884,none,gcn,3,64,0.001,none,355,355,34,7032,59.415,0.4967,2,85.48635792146067,20.8720545214933,96.14696414592572,299.63285514088227,3.32,850
C_none,7,0.85,2,AdaptiveGCN,0.0,0.663027822971344,1.0,0.1001,2.3884,none,gcn,3,64,0.001,none,355,355,34,7032,59.415,0.4967,3,84.04347568595543,21.71534561886426,99.51839344018829,416.10299926565284,4.6,850
C_none,8,0.925,0,AdaptiveGCN,0.0,0.40433433651924133,1.0,0.4314,2.3884,none,gcn,3,64,0.001,none,389,389,34,7032,131.202,0.7575,0,28.928614346385572,12.898392689304401,82.05306416474406,113.46816944406739,nan,2550
C_none,8,0.925,0,AdaptiveGCN,0.0,0.40433433651924133,1.0,0.4314,2.3884,none,gcn,3,64,0.001,none,389,389,34,7032,131.202,0.7575,1,25.526253415384453,10.188620947327959,74.40890719171443,86.27809584548083,2.857142857142857,850
C_none,8,0.925,0,AdaptiveGCN,0.0,0.40433433651924133,1.0,0.4314,2.3884,none,gcn,3,64,0.001,none,389,389,34,7032,131.202,0.7575,2,28.93964940471389,13.118216162447215,83.5246997043375,117.3759072903945,5.142857142857143,850
C_none,8,0.925,0,AdaptiveGCN,0.0,0.40433433651924133,1.0,0.4314,2.3884,none,gcn,3,64,0.001,none,389,389,34,7032,131.202,0.7575,3,31.960933386112668,15.38834095813803,88.22558559818023,136.58148865965472,5.0476190476190474,850
C_none,8,0.925,1,AdaptiveGCN,0.0,0.4943855106830597,1.0,0.2939,2.3884,none,gcn,3,64,0.001,none,389,389,34,7032,86.01,0.2506,0,28.014935602031482,12.028521938425781,81.53340033831078,101.30565030653922,nan,2550
C_none,8,0.925,1,AdaptiveGCN,0.0,0.4943855106830597,1.0,0.2939,2.3884,none,gcn,3,64,0.001,none,389,389,34,7032,86.01,0.2506,1,26.238186948222726,10.459193469117231,77.8534940535275,88.14403552578207,2.9047619047619047,850
C_none,8,0.925,1,AdaptiveGCN,0.0,0.4943855106830597,1.0,0.2939,2.3884,none,gcn,3,64,0.001,none,389,389,34,7032,86.01,0.2506,2,28.159664490698496,12.070229728974347,79.83050009022303,103.49492595138778,3.7142857142857144,850
C_none,8,0.925,1,AdaptiveGCN,0.0,0.4943855106830597,1.0,0.2939,2.3884,none,gcn,3,64,0.001,none,389,389,34,7032,86.01,0.2506,3,29.548277306796106,13.556142617185765,86.91620687118179,112.19739046697939,5.857142857142857,850
C_none,8,0.925,2,AdaptiveGCN,0.0,0.6529404520988464,1.0,0.1395,2.3884,none,gcn,3,64,0.001,none,389,389,34,7032,67.816,1.43,0,27.57239964998521,11.110544825790207,76.76064454044455,93.46663254909576,nan,2550
C_none,8,0.925,2,AdaptiveGCN,0.0,0.6529404520988464,1.0,0.1395,2.3884,none,gcn,3,64,0.001,none,389,389,34,7032,67.816,1.43,1,25.404113618559926,9.563812319844796,70.86724317588927,80.29565761520556,2.1904761904761907,850
C_none,8,0.925,2,AdaptiveGCN,0.0,0.6529404520988464,1.0,0.1395,2.3884,none,gcn,3,64,0.001,none,389,389,34,7032,67.816,1.43,2,27.065120541116986,10.816024215553103,76.31840122256038,91.65637367983773,3.380952380952381,850
C_none,8,0.925,2,AdaptiveGCN,0.0,0.6529404520988464,1.0,0.1395,2.3884,none,gcn,3,64,0.001,none,389,389,34,7032,67.816,1.43,3,30.04699533606678,12.951797941972721,83.09628922288397,108.35087907159473,5.095238095238095,850
persistence,1,0.4,0,Persistence,0.0,nan,0.0,0.0,nan,none,none,3,0,0.0,none,0,0,34,0,0.0,0.0,0,73.5201586334673,32.512549019607846,56.92076398350993,59.570052410688376,nan,2550
persistence,1,0.4,0,Persistence,0.0,nan,0.0,0.0,nan,none,none,3,0,0.0,none,0,0,34,0,0.0,0.0,1,53.27343450097254,25.331764705882353,52.04820153998707,56.003322914535744,2.52,850
persistence,1,0.4,0,Persistence,0.0,nan,0.0,0.0,nan,none,none,3,0,0.0,none,0,0,34,0,0.0,0.0,2,64.20278535280868,30.863529411764706,56.09017636034833,60.756974553725954,3.12,850
persistence,1,0.4,0,Persistence,0.0,nan,0.0,0.0,nan,none,none,3,0,0.0,none,0,0,34,0,0.0,0.0,3,96.20594943080367,41.34235294117647,62.62391405019437,61.923975434850654,6.32,850
persistence,2,0.475,0,Persistence,0.0,nan,0.0,0.0,nan,none,none,3,0,0.0,none,0,0,34,0,0.0,0.0,0,129.58545670033845,46.742745098039215,44.023604399543075,56.97793978106264,nan,2550
persistence,2,0.475,0,Persistence,0.0,nan,0.0,0.0,nan,none,none,3,0,0.0,none,0,0,34,0,0.0,0.0,1,85.1948562379899,33.43176470588235,37.408803898948875,44.00656892100401,1.0,850
persistence,2,0.475,0,Persistence,0.0,nan,0.0,0.0,nan,none,none,3,0,0.0,none,0,0,34,0,0.0,0.0,2,128.20830476909327,48.129411764705885,43.2921151920175,55.00767482624587,2.0,850
persistence,2,0.475,0,Persistence,0.0,nan,0.0,0.0,nan,none,none,3,0,0.0,none,0,0,34,0,0.0,0.0,3,163.34515243351854,58.66705882352941,51.36989410766286,71.91957559593801,3.24,850
persistence,3,0.55,0,Persistence,0.0,nan,0.0,0.0,nan,none,none,3,0,0.0,none,0,0,34,0,0.0,0.0,0,21.993100522396457,12.27843137254902,55.149097501207876,65.67583110011772,nan,2550
persistence,3,0.55,0,Persistence,0.0,nan,0.0,0.0,nan,none,none,3,0,0.0,none,0,0,34,0,0.0,0.0,1,15.631830271822261,9.50470588235294,49.48022300843049,56.72869017332414,1.0,850
persistence,3,0.55,0,Persistence,0.0,nan,0.0,0.0,nan,none,none,3,0,0.0,none,0,0,34,0,0.0,0.0,2,21.750780919043695,12.298823529411765,56.29332570818066,67.80034117763428,2.5833333333333335,850
persistence,3,0.55,0,Persistence,0.0,nan,0.0,0.0,nan,none,none,3,0,0.0,none,0,0,34,0,0.0,0.0,3,27.08576791470775,15.031764705882352,59.67374378701251,72.51753059724976,3.5,850
persistence,4,0.625,0,Persistence,0.0,nan,0.0,0.0,nan,none,none,3,0,0.0,none,0,0,34,0,0.0,0.0,0,31.00985927973585,14.347058823529412,50.567734519365146,54.16594941393969,nan,2550
persistence,4,0.625,0,Persistence,0.0,nan,0.0,0.0,nan,none,none,3,0,0.0,none,0,0,34,0,0.0,0.0,1,26.47040522812555,12.470588235294118,48.96059400899452,53.197712837648794,2.0833333333333335,850
persistence,4,0.625,0,Persistence,0.0,nan,0.0,0.0,nan,none,none,3,0,0.0,none,0,0,34,0,0.0,0.0,2,29.16407943707061,13.828235294117647,49.53569569228292,53.80531561587003,2.75,850
persistence,4,0.625,0,Persistence,0.0,nan,0.0,0.0,nan,none,none,3,0,0.0,none,0,0,34,0,0.0,0.0,3,36.51860122313172,16.74235294117647,53.20691385681802,55.49481978830029,3.2916666666666665,850
persistence,5,0.7,0,Persistence,0.0,nan,0.0,0.0,nan,none,none,3,0,0.0,none,0,0,34,0,0.0,0.0,0,53.94683657519307,28.974901960784315,43.7844504351759,58.564547112253265,nan,2550
persistence,5,0.7,0,Persistence,0.0,nan,0.0,0.0,nan,none,none,3,0,0.0,none,0,0,34,0,0.0,0.0,1,39.370577249275584,21.35058823529412,36.38352292948993,41.770220528229686,1.0,850
persistence,5,0.7,0,Persistence,0.0,nan,0.0,0.0,nan,none,none,3,0,0.0,none,0,0,34,0,0.0,0.0,2,52.68707844713083,28.885882352941177,42.58830076596147,53.86556324112117,1.96,850
persistence,5,0.7,0,Persistence,0.0,nan,0.0,0.0,nan,none,none,3,0,0.0,none,0,0,34,0,0.0,0.0,3,66.36876480074396,36.688235294117646,52.3815276100763,80.34854700052605,2.875,850
persistence,6,0.775,0,Persistence,0.0,nan,0.0,0.0,nan,none,none,3,0,0.0,none,0,0,34,0,0.0,0.0,0,10.671291889374748,5.33764705882353,72.2814990501309,86.60236722438475,nan,2550
persistence,6,0.775,0,Persistence,0.0,nan,0.0,0.0,nan,none,none,3,0,0.0,none,0,0,34,0,0.0,0.0,1,8.540078522851566,4.46235294117647,70.4466173025324,72.11903616673888,2.2142857142857144,850
persistence,6,0.775,0,Persistence,0.0,nan,0.0,0.0,nan,none,none,3,0,0.0,none,0,0,34,0,0.0,0.0,2,10.430441872090503,5.26,70.52648951740231,86.74668301341792,4.0,850
persistence,6,0.775,0,Persistence,0.0,nan,0.0,0.0,nan,none,none,3,0,0.0,none,0,0,34,0,0.0,0.0,3,12.645250212675764,6.290588235294118,75.87139033045803,100.98718702830196,4.571428571428571,850
persistence,7,0.85,0,Persistence,0.0,nan,0.0,0.0,nan,none,none,3,0,0.0,none,0,0,34,0,0.0,0.0,0,93.21324066512288,22.40078431372549,84.30944525147098,436.62126157854016,nan,2550
persistence,7,0.85,0,Persistence,0.0,nan,0.0,0.0,nan,none,none,3,0,0.0,none,0,0,34,0,0.0,0.0,1,92.48094239291873,21.167058823529413,81.54886467885923,447.7949590304546,2.76,850
persistence,7,0.85,0,Persistence,0.0,nan,0.0,0.0,nan,none,none,3,0,0.0,none,0,0,34,0,0.0,0.0,2,93.27423198794605,22.341176470588234,85.89823639925514,350.80484888259724,3.52,850
persistence,7,0.85,0,Persistence,0.0,nan,0.0,0.0,nan,none,none,3,0,0.0,none,0,0,34,0,0.0,0.0,3,93.87927165811857,23.694117647058825,85.48123467629857,511.11305237714254,4.36,850
persistence,8,0.925,0,Persistence,0.0,nan,0.0,0.0,nan,none,none,3,0,0.0,none,0,0,34,0,0.0,0.0,0,26.986292816909845,10.992549019607843,70.71305272493106,92.99962474795123,nan,2550
persistence,8,0.925,0,Persistence,0.0,nan,0.0,0.0,nan,none,none,3,0,0.0,none,0,0,34,0,0.0,0.0,1,25.22165269576683,9.444705882352942,63.76796952938193,79.78157289457334,1.0,850
persistence,8,0.925,0,Persistence,0.0,nan,0.0,0.0,nan,none,none,3,0,0.0,none,0,0,34,0,0.0,0.0,2,26.738427953261663,10.795294117647058,70.27159713686022,92.31713755959544,1.9047619047619047,850
persistence,8,0.925,0,Persistence,0.0,nan,0.0,0.0,nan,none,none,3,0,0.0,none,0,0,34,0,0.0,0.0,3,28.873945104234597,12.73764705882353,78.09959150855104,106.80745940760066,4.0,850
