label,fold,origin,seed,model,lambda_phys,gate_sigma,shrink_gamma,temporal,augment,n_train_windows,n_real_windows,n_test_weeks,n_params,train_seconds,infer_ms_per_window,horizon,rmse,mae,smape,mape,peak_week_err,n_obs
F_adaptive,1,0.4,0,AdaptiveGCN,0.0,0.7877589464187622,1.0,none,none,151,151,34,7032,34.902,0.998,0,92.75198405783877,37.38276134237507,60.84247561783912,58.76655757812378,nan,2550
F_adaptive,1,0.4,0,AdaptiveGCN,0.0,0.7877589464187622,1.0,none,none,151,151,34,7032,34.902,0.998,1,55.210400944324704,25.936384048229904,53.47339728676263,56.18787598526922,2.56,850
F_adaptive,1,0.4,0,AdaptiveGCN,0.0,0.7877589464187622,1.0,none,none,151,151,34,7032,34.902,0.998,2,78.66053535286336,35.207588105989956,60.262070103340136,60.31975739704857,3.12,850
F_adaptive,1,0.4,0,AdaptiveGCN,0.0,0.7877589464187622,1.0,none,none,151,151,34,7032,34.902,0.998,3,128.73664375602064,51.00431187290534,68.79195946341457,59.77584688325888,6.12,850
F_adaptive,1,0.4,1,AdaptiveGCN,0.0,0.8055638670921326,1.0,none,none,151,151,34,7032,28.451,0.855,0,91.90912870782495,37.3837908503169,60.80804610340419,60.10395369589002,nan,2550
F_adaptive,1,0.4,1,AdaptiveGCN,0.0,0.8055638670921326,1.0,none,none,151,151,34,7032,28.451,0.855,1,56.58798054692682,26.456597256458856,55.12102743431569,58.581394458733804,3.04,850
F_adaptive,1,0.4,1,AdaptiveGCN,0.0,0.8055638670921326,1.0,none,none,151,151,34,7032,28.451,0.855,2,90.01601572348045,38.109792934486315,60.76861462097085,61.923280932983836,3.72,850
F_adaptive,1,0.4,1,AdaptiveGCN,0.0,0.8055638670921326,1.0,none,none,151,151,34,7032,28.451,0.855,3,118.4769226068324,47.58498236000552,66.53449625492604,59.80089798984747,6.76,850
F_adaptive,1,0.4,2,AdaptiveGCN,0.0,0.739835262298584,1.0,none,none,151,151,34,7032,29.668,0.9512,0,119.05058894117506,45.70389825673822,65.1535202227742,59.03948695473805,nan,2550
F_adaptive,1,0.4,2,AdaptiveGCN,0.0,0.739835262298584,1.0,none,none,151,151,34,7032,29.668,0.9512,1,84.82569533333226,34.08959542839624,57.495212054921176,54.91069830159084,3.96,850
F_adaptive,1,0.4,2,AdaptiveGCN,0.0,0.739835262298584,1.0,none,none,151,151,34,7032,29.668,0.9512,2,106.87349554257825,43.55827898971333,64.87049936766444,59.82086579530189,3.8,850
F_adaptive,1,0.4,2,AdaptiveGCN,0.0,0.739835262298584,1.0,none,none,151,151,34,7032,29.668,0.9512,3,154.6020230897678,59.463820352105095,73.09484924573702,62.35478384827624,8.64,850
F_adaptive,1,0.4,3,AdaptiveGCN,0.0,0.8020257353782654,1.0,none,none,151,151,34,7032,29.661,0.8614,0,98.4382791368406,39.17924236403048,60.4523405999861,58.108311314444705,nan,2550
F_adaptive,1,0.4,3,AdaptiveGCN,0.0,0.8020257353782654,1.0,none,none,151,151,34,7032,29.661,0.8614,1,65.77884866665921,28.626765747981914,53.630555722274444,53.327814306085145,2.56,850
F_adaptive,1,0.4,3,AdaptiveGCN,0.0,0.8020257353782654,1.0,none,none,151,151,34,7032,29.661,0.8614,2,97.25067687347803,40.025971743604714,61.229162905394865,60.517491247316734,3.64,850
F_adaptive,1,0.4,3,AdaptiveGCN,0.0,0.8020257353782654,1.0,none,none,151,151,34,7032,29.661,0.8614,3,123.63548565847411,48.8849896005048,66.49730317228895,60.447904158662716,6.2,850
F_adaptive,1,0.4,4,AdaptiveGCN,0.0,0.7705838084220886,1.0,none,none,151,151,34,7032,29.595,1.0572,0,115.99771688588166,45.12139966454403,64.36668246554245,58.21764786216451,nan,2550
F_adaptive,1,0.4,4,AdaptiveGCN,0.0,0.7705838084220886,1.0,none,none,151,151,34,7032,29.595,1.0572,1,90.50234230257313,36.04202668084818,57.61749559505842,53.25340514099618,3.8,850
F_adaptive,1,0.4,4,AdaptiveGCN,0.0,0.7705838084220886,1.0,none,none,151,151,34,7032,29.595,1.0572,2,105.18163025027046,42.93711548341,64.1021735424461,60.420338039280516,4.6,850
F_adaptive,1,0.4,4,AdaptiveGCN,0.0,0.7705838084220886,1.0,none,none,151,151,34,7032,29.595,1.0572,3,145.30162305994634,56.3850568293739,71.38037825912284,60.945171834854264,8.04,850
F_adaptive,1,0.4,5,AdaptiveGCN,0.0,0.6892807483673096,1.0,none,none,151,151,34,7032,40.169,0.9756,0,110.87333704826547,43.98430480720548,64.44012557899919,58.68683794259003,nan,2550
F_adaptive,1,0.4,5,AdaptiveGCN,0.0,0.6892807483673096,1.0,none,none,151,151,34,7032,40.169,0.9756,1,81.46482762939664,33.24302344411502,57.070097138425524,54.900580242998856,3.84,850
F_adaptive,1,0.4,5,AdaptiveGCN,0.0,0.6892807483673096,1.0,none,none,151,151,34,7032,40.169,0.9756,2,107.01882129829765,44.26488405325395,65.69171944940247,60.7668955815451,4.4,850
F_adaptive,1,0.4,5,AdaptiveGCN,0.0,0.6892807483673096,1.0,none,none,151,151,34,7032,40.169,0.9756,3,137.07349981630495,54.44500692424748,70.55856014916958,60.36853542646643,7.36,850
F_adaptive,1,0.4,6,AdaptiveGCN,0.0,0.7882006168365479,1.0,none,none,151,151,34,7032,31.909,1.0197,0,122.64624653661267,46.808579672893075,65.85366995244071,58.64629322242914,nan,2550
F_adaptive,1,0.4,6,AdaptiveGCN,0.0,0.7882006168365479,1.0,none,none,151,151,34,7032,31.909,1.0197,1,71.59130466087859,30.209728297141982,54.47392197181923,53.96268592420327,2.84,850
F_adaptive,1,0.4,6,AdaptiveGCN,0.0,0.7882006168365479,1.0,none,none,151,151,34,7032,31.909,1.0197,2,127.00050538572738,50.64118403350606,69.4328686139652,60.37763919311725,5.72,850
F_adaptive,1,0.4,6,AdaptiveGCN,0.0,0.7882006168365479,1.0,none,none,151,151,34,7032,31.909,1.0197,3,154.5052170552238,59.57482668803118,73.6542192715377,61.5651915352444,8.76,850
F_adaptive,1,0.4,7,AdaptiveGCN,0.0,0.8018777966499329,1.0,none,none,151,151,34,7032,33.75,1.0513,0,91.37375129487114,37.186526404553064,59.94145683994654,58.51496634435319,nan,2550
F_adaptive,1,0.4,7,AdaptiveGCN,0.0,0.8018777966499329,1.0,none,none,151,151,34,7032,33.75,1.0513,1,60.785954998360275,27.46273729738971,53.86016607000344,57.107046740372795,2.68,850
F_adaptive,1,0.4,7,AdaptiveGCN,0.0,0.8018777966499329,1.0,none,none,151,151,34,7032,33.75,1.0513,2,87.23150291634124,37.2954108759865,60.36803679357008,58.533639544939476,3.24,850
F_adaptive,1,0.4,7,AdaptiveGCN,0.0,0.8018777966499329,1.0,none,none,151,151,34,7032,33.75,1.0513,3,117.23147977819164,46.80143104028299,65.59616765626612,59.89236339148842,6.2,850
F_adaptive,2,0.475,0,AdaptiveGCN,0.0,0.8029313683509827,1.0,none,none,185,185,34,7032,41.955,1.0246,0,121.39343425155337,43.47365714659289,43.1393509724548,51.811399989469386,nan,2550
F_adaptive,2,0.475,0,AdaptiveGCN,0.0,0.8029313683509827,1.0,none,none,185,185,34,7032,41.955,1.0246,1,107.28851044737618,38.08372628398938,38.06556235346553,44.112252093278045,1.24,850
F_adaptive,2,0.475,0,AdaptiveGCN,0.0,0.8029313683509827,1.0,none,none,185,185,34,7032,41.955,1.0246,2,122.63905789583667,45.04921813285252,42.496967161063466,51.235658220416305,2.04,850
F_adaptive,2,0.475,0,AdaptiveGCN,0.0,0.8029313683509827,1.0,none,none,185,185,34,7032,41.955,1.0246,3,132.88316162164227,47.28802702293677,48.855523402835374,60.08628965471382,4.04,850
F_adaptive,2,0.475,1,AdaptiveGCN,0.0,0.5437830090522766,1.0,none,none,185,185,34,7032,72.399,1.4834,0,153.4148147321086,49.20655297914244,46.610393004181994,53.13416453847808,nan,2550
F_adaptive,2,0.475,1,AdaptiveGCN,0.0,0.5437830090522766,1.0,none,none,185,185,34,7032,72.399,1.4834,1,109.2492617486692,39.15989143776105,40.806949358931064,43.292468519726,2.96,850
F_adaptive,2,0.475,1,AdaptiveGCN,0.0,0.5437830090522766,1.0,none,none,185,185,34,7032,72.399,1.4834,2,129.81184613584406,48.56653748580138,47.180538175089374,52.82233355192971,3.96,850
F_adaptive,2,0.475,1,AdaptiveGCN,0.0,0.5437830090522766,1.0,none,none,185,185,34,7032,72.399,1.4834,3,204.50378859091177,59.89323001386488,51.84369147852556,63.287691543778536,3.6,850
F_adaptive,2,0.475,2,AdaptiveGCN,0.0,0.5728679299354553,1.0,none,none,185,185,34,7032,114.375,1.7789,0,147.39690938624705,51.373466970584005,47.82826942036832,55.25413935956113,nan,2550
F_adaptive,2,0.475,2,AdaptiveGCN,0.0,0.5728679299354553,1.0,none,none,185,185,34,7032,114.375,1.7789,1,117.55424749556724,41.82880216928089,41.2417914762552,46.884421566640974,1.68,850
F_adaptive,2,0.475,2,AdaptiveGCN,0.0,0.5728679299354553,1.0,none,none,185,185,34,7032,114.375,1.7789,2,166.40913649551007,55.76817422161043,49.28828550540917,56.42770035396839,2.36,850
F_adaptive,2,0.475,2,AdaptiveGCN,0.0,0.5728679299354553,1.0,none,none,185,185,34,7032,114.375,1.7789,3,153.83934762089382,56.5234245208607,52.95473127944056,62.45029615807404,3.84,850
F_adaptive,2,0.475,3,AdaptiveGCN,0.0,0.5307350158691406,1.0,none,none,185,185,34,7032,53.584,1.7891,0,185.62106798679162,60.42972097059328,51.88605563810326,55.126070298210905,nan,2550
F_adaptive,2,0.475,3,AdaptiveGCN,0.0,0.5307350158691406,1.0,none,none,185,185,34,7032,53.584,1.7891,1,182.8474874297831,53.89214135269744,44.948181412751424,43.90559305648043,4.76,850
F_adaptive,2,0.475,3,AdaptiveGCN,0.0,0.5307350158691406,1.0,none,none,185,185,34,7032,53.584,1.7891,2,201.3561680703086,66.80406093538684,53.941026180442954,58.23416403634464,6.28,850
F_adaptive,2,0.475,3,AdaptiveGCN,0.0,0.5307350158691406,1.0,none,none,185,185,34,7032,53.584,1.7891,3,171.42938068583305,60.59296062369557,56.76895932111539,63.23845380180768,5.8,850
F_adaptive,2,0.475,4,AdaptiveGCN,0.0,0.8005642890930176,1.0,none,none,185,185,34,7032,23.001,0.5752,0,138.9135524181317,44.45459116758005,43.58708370076084,48.43318083237017,nan,2550
F_adaptive,2,0.475,4,AdaptiveGCN,0.0,0.8005642890930176,1.0,none,none,185,185,34,7032,23.001,0.5752,1,130.56455496180027,41.3457802064912,39.21061127367996,40.201323313060584,2.24,850
F_adaptive,2,0.475,4,AdaptiveGCN,0.0,0.8005642890930176,1.0,none,none,185,185,34,7032,23.001,0.5752,2,138.48504969894103,44.83536806821823,42.22627894152248,46.98464917044187,3.2,850
F_adaptive,2,0.475,4,AdaptiveGCN,0.0,0.8005642890930176,1.0,none,none,185,185,34,7032,23.001,0.5752,3,147.1927754130071,47.182625228030716,49.32436088708011,58.113570013608076,3.68,850
F_adaptive,2,0.475,5,AdaptiveGCN,0.0,0.8023864030838013,1.0,none,none,185,185,34,7032,22.984,0.6098,0,126.7928177393304,44.86189581861894,44.372437929393875,53.390400181484296,nan,2550
F_adaptive,2,0.475,5,AdaptiveGCN,0.0,0.8023864030838013,1.0,none,none,185,185,34,7032,22.984,0.6098,1,110.47220916366449,37.58535552457632,38.684783946466005,42.360104763569076,2.56,850
F_adaptive,2,0.475,5,AdaptiveGCN,0.0,0.8023864030838013,1.0,none,none,185,185,34,7032,22.984,0.6098,2,118.12128039845011,43.53054541454572,43.50793561949992,51.31546158077421,2.24,850
F_adaptive,2,0.475,5,AdaptiveGCN,0.0,0.8023864030838013,1.0,none,none,185,185,34,7032,22.984,0.6098,3,148.56819986244525,53.469786516734786,50.92459422221569,66.49563420010965,3.52,850
F_adaptive,2,0.475,6,AdaptiveGCN,0.0,0.5475156307220459,1.0,none,none,185,185,34,7032,60.554,0.6396,0,158.0195712327946,53.49975953194039,47.45014117673184,52.856150161425894,nan,2550
F_adaptive,2,0.475,6,AdaptiveGCN,0.0,0.5475156307220459,1.0,none,none,185,185,34,7032,60.554,0.6396,1,144.00586103568338,44.819345802000775,40.425989277673814,40.50736957175484,3.8,850
F_adaptive,2,0.475,6,AdaptiveGCN,0.0,0.5475156307220459,1.0,none,none,185,185,34,7032,60.554,0.6396,2,166.81457387807762,58.29194253587219,48.808363259828425,56.22684846647561,4.52,850
F_adaptive,2,0.475,6,AdaptiveGCN,0.0,0.5475156307220459,1.0,none,none,185,185,34,7032,60.554,0.6396,3,162.31378440242085,57.387990257948196,53.116070992693274,61.834232446047245,4.04,850
F_adaptive,2,0.475,7,AdaptiveGCN,0.0,0.5271053314208984,1.0,none,none,185,185,34,7032,57.689,1.5256,0,156.08261074525637,51.04127856447599,46.62794519720164,50.7015346994155,nan,2550
F_adaptive,2,0.475,7,AdaptiveGCN,0.0,0.5271053314208984,1.0,none,none,185,185,34,7032,57.689,1.5256,1,158.7011933366111,48.47590170814491,41.73689842149279,42.812969439292985,4.76,850
F_adaptive,2,0.475,7,AdaptiveGCN,0.0,0.5271053314208984,1.0,none,none,185,185,34,7032,57.689,1.5256,2,154.28887181988426,50.72994398638825,46.17904276648455,50.735871154576174,6.16,850
F_adaptive,2,0.475,7,AdaptiveGCN,0.0,0.5271053314208984,1.0,none,none,185,185,34,7032,57.689,1.5256,3,155.22312777820372,53.9179899988948,51.96789440362757,58.555763504377325,5.32,850
F_adaptive,3,0.55,0,AdaptiveGCN,0.0,0.47386959195137024,1.0,none,none,219,219,34,7032,64.752,0.4821,0,23.918154305669244,12.928801353886431,57.99689703575077,65.27560335718145,nan,2550
F_adaptive,3,0.55,0,AdaptiveGCN,0.0,0.47386959195137024,1.0,none,none,219,219,34,7032,64.752,0.4821,1,18.25297964774085,10.195643367004745,51.453935257203256,58.1107343508907,2.0,850
F_adaptive,3,0.55,0,AdaptiveGCN,0.0,0.47386959195137024,1.0,none,none,219,219,34,7032,64.752,0.4821,2,23.63559655752451,13.018390815012594,58.57166089861923,67.92254251892224,3.4583333333333335,850
F_adaptive,3,0.55,0,AdaptiveGCN,0.0,0.47386959195137024,1.0,none,none,219,219,34,7032,64.752,0.4821,3,28.712743260066713,15.572369879641954,63.96509495142985,69.80765992343741,4.208333333333333,850
F_adaptive,3,0.55,1,AdaptiveGCN,0.0,0.5767888426780701,1.0,none,none,219,219,34,7032,46.508,1.2598,0,21.560877250979306,12.09642908091205,56.50260707126652,62.93721969277924,nan,2550
F_adaptive,3,0.55,1,AdaptiveGCN,0.0,0.5767888426780701,1.0,none,none,219,219,34,7032,46.508,1.2598,1,16.608033584486698,9.700159503721139,50.69349042094784,54.52196774559657,1.375,850
F_adaptive,3,0.55,1,AdaptiveGCN,0.0,0.5767888426780701,1.0,none,none,219,219,34,7032,46.508,1.2598,2,22.24044559130394,12.445972184267251,57.879204138934085,65.02379939051039,3.25,850
F_adaptive,3,0.55,1,AdaptiveGCN,0.0,0.5767888426780701,1.0,none,none,219,219,34,7032,46.508,1.2598,3,24.98299589425179,14.143155554747757,60.935126653917635,69.28372014561242,4.083333333333333,850
F_adaptive,3,0.55,2,AdaptiveGCN,0.0,0.593041181564331,1.0,none,none,219,219,34,7032,44.754,0.6486,0,20.894213961445374,11.594270078771538,55.74770819366122,60.130968398966345,nan,2550
F_adaptive,3,0.55,2,AdaptiveGCN,0.0,0.593041181564331,1.0,none,none,219,219,34,7032,44.754,0.6486,1,16.267519593552194,9.422972129897817,50.33690454264268,53.58039647110966,1.7916666666666667,850
F_adaptive,3,0.55,2,AdaptiveGCN,0.0,0.593041181564331,1.0,none,none,219,219,34,7032,44.754,0.6486,2,20.97146688061649,11.670161815616028,56.51778438155659,63.29746433539074,3.5416666666666665,850
F_adaptive,3,0.55,2,AdaptiveGCN,0.0,0.593041181564331,1.0,none,none,219,219,34,7032,44.754,0.6486,3,24.602233930043376,13.689676290800767,60.38843565678441,63.52705726575451,4.625,850
F_adaptive,3,0.55,3,AdaptiveGCN,0.0,0.7233406901359558,1.0,none,none,219,219,34,7032,36.289,0.7385,0,22.12347449477899,12.36221357701538,55.872304414025486,64.81166223022767,nan,2550
F_adaptive,3,0.55,3,AdaptiveGCN,0.0,0.7233406901359558,1.0,none,none,219,219,34,7032,36.289,0.7385,1,16.195986570085804,9.527084423156785,50.085498395940384,55.00749883052691,1.1666666666666667,850
F_adaptive,3,0.55,3,AdaptiveGCN,0.0,0.7233406901359558,1.0,none,none,219,219,34,7032,36.289,0.7385,2,21.867771643917997,12.40147599680048,56.71156469736069,67.58501768813304,3.1666666666666665,850
F_adaptive,3,0.55,3,AdaptiveGCN,0.0,0.7233406901359558,1.0,none,none,219,219,34,7032,36.289,0.7385,3,26.978416438228283,15.158080311088877,60.81985014877536,71.86282684837309,3.6666666666666665,850
F_adaptive,3,0.55,4,AdaptiveGCN,0.0,0.7457812428474426,1.0,none,none,219,219,34,7032,31.997,0.8288,0,22.418770459616,12.423835529061217,56.49164721913026,63.531624463682576,nan,2550
F_adaptive,3,0.55,4,AdaptiveGCN,0.0,0.7457812428474426,1.0,none,none,219,219,34,7032,31.997,0.8288,1,16.090919159379734,9.682569265409427,50.1539869315612,57.41665141357244,1.0833333333333333,850
F_adaptive,3,0.55,4,AdaptiveGCN,0.0,0.7457812428474426,1.0,none,none,219,219,34,7032,31.997,0.8288,2,22.98743745414163,12.741511936481384,58.1680562467937,65.43403866308867,3.2916666666666665,850
F_adaptive,3,0.55,4,AdaptiveGCN,0.0,0.7457812428474426,1.0,none,none,219,219,34,7032,31.997,0.8288,3,26.841457610589725,14.847425385292839,61.15289847903587,67.7566712610623,4.125,850
F_adaptive,3,0.55,5,AdaptiveGCN,0.0,0.4619936943054199,1.0,none,none,219,219,34,7032,85.928,0.7972,0,22.738532427020054,12.604685990290497,57.071532222012834,66.67746802946264,nan,2550
F_adaptive,3,0.55,5,AdaptiveGCN,0.0,0.4619936943054199,1.0,none,none,219,219,34,7032,85.928,0.7972,1,16.98392303063834,10.006740088784957,52.00802745500912,60.72133027483248,1.0,850
F_adaptive,3,0.55,5,AdaptiveGCN,0.0,0.4619936943054199,1.0,none,none,219,219,34,7032,85.928,0.7972,2,22.496464506519747,12.855447218204464,57.93338557647086,70.39976920351864,3.125,850
F_adaptive,3,0.55,5,AdaptiveGCN,0.0,0.4619936943054199,1.0,none,none,219,219,34,7032,85.928,0.7972,3,27.50596324436171,14.951870663882069,61.273183634558535,68.92120784381574,3.8333333333333335,850
F_adaptive,3,0.55,6,AdaptiveGCN,0.0,0.6298875212669373,1.0,none,none,219,219,34,7032,41.328,0.5731,0,21.615270418335793,12.011811560028615,55.58081034972098,64.17928381585372,nan,2550
F_adaptive,3,0.55,6,AdaptiveGCN,0.0,0.6298875212669373,1.0,none,none,219,219,34,7032,41.328,0.5731,1,17.414679285873003,9.953621455836384,50.37641868258424,57.698707947481985,1.4583333333333333,850
F_adaptive,3,0.55,6,AdaptiveGCN,0.0,0.6298875212669373,1.0,none,none,219,219,34,7032,41.328,0.5731,2,21.556284626068855,11.958365872764741,56.710681385563035,65.53370656976996,3.25,850
F_adaptive,3,0.55,6,AdaptiveGCN,0.0,0.6298875212669373,1.0,none,none,219,219,34,7032,41.328,0.5731,3,25.17370223593344,14.123447351484725,59.65533098101569,69.31947166910342,4.125,850
F_adaptive,3,0.55,7,AdaptiveGCN,0.0,0.6626695394515991,1.0,none,none,219,219,34,7032,37.34,0.6157,0,21.17310501426998,12.000951938015527,55.34624786460086,64.70816225138623,nan,2550
F_adaptive,3,0.55,7,AdaptiveGCN,0.0,0.6626695394515991,1.0,none,none,219,219,34,7032,37.34,0.6157,1,16.131406584060514,9.630178988216144,49.78426303763278,57.1257669155687,1.25,850
F_adaptive,3,0.55,7,AdaptiveGCN,0.0,0.6626695394515991,1.0,none,none,219,219,34,7032,37.34,0.6157,2,20.884177452368686,11.848109588837252,55.89363257780201,66.55447391629544,2.2083333333333335,850
F_adaptive,3,0.55,7,AdaptiveGCN,0.0,0.6626695394515991,1.0,none,none,219,219,34,7032,37.34,0.6157,3,25.466251816740094,14.524567236993187,60.360847978367794,70.46035049183108,3.375,850
F_adaptive,4,0.625,0,AdaptiveGCN,0.0,0.6214057207107544,1.0,none,none,253,253,34,7032,45.54,0.5948,0,30.687794067808255,14.283762986690682,52.24431863221044,56.85129597286355,nan,2550
F_adaptive,4,0.625,0,AdaptiveGCN,0.0,0.6214057207107544,1.0,none,none,253,253,34,7032,45.54,0.5948,1,27.102686512706,12.718473125420621,51.024711325009896,54.729513881270734,2.6666666666666665,850
F_adaptive,4,0.625,0,AdaptiveGCN,0.0,0.6214057207107544,1.0,none,none,253,253,34,7032,45.54,0.5948,2,28.32698309857879,13.578050359431106,51.43312535310947,57.038438105672995,3.3333333333333335,850
F_adaptive,4,0.625,0,AdaptiveGCN,0.0,0.6214057207107544,1.0,none,none,253,253,34,7032,45.54,0.5948,3,35.8921791839314,16.55476547522032,54.275119218511946,58.785935931646925,3.7916666666666665,850
F_adaptive,4,0.625,1,AdaptiveGCN,0.0,0.6802629232406616,1.0,none,none,253,253,34,7032,42.1,0.6203,0,30.716629022154642,14.398461031564603,51.816455942513706,58.83610603415157,nan,2550
F_adaptive,4,0.625,1,AdaptiveGCN,0.0,0.6802629232406616,1.0,none,none,253,253,34,7032,42.1,0.6203,1,27.516844642541045,13.257310108428491,51.150371475222734,59.83427055384016,3.25,850
F_adaptive,4,0.625,1,AdaptiveGCN,0.0,0.6802629232406616,1.0,none,none,253,253,34,7032,42.1,0.6203,2,28.727762810667535,13.934939029015162,51.568260930039436,60.2737481373306,4.041666666666667,850
F_adaptive,4,0.625,1,AdaptiveGCN,0.0,0.6802629232406616,1.0,none,none,253,253,34,7032,42.1,0.6203,3,35.32807382615569,16.003133957250153,52.73073542227894,56.400299411283974,4.291666666666667,850
F_adaptive,4,0.625,2,AdaptiveGCN,0.0,0.4469342529773712,1.0,none,none,253,253,34,7032,84.621,0.8425,0,34.104022475278555,15.903215124409318,53.436791161115785,61.44946846181518,nan,2550
F_adaptive,4,0.625,2,AdaptiveGCN,0.0,0.4469342529773712,1.0,none,none,253,253,34,7032,84.621,0.8425,1,29.089484070600356,13.650812274495907,51.21940502375417,58.20458464335948,2.875,850
F_adaptive,4,0.625,2,AdaptiveGCN,0.0,0.4469342529773712,1.0,none,none,253,253,34,7032,84.621,0.8425,2,31.545476979266756,15.156214843532071,52.934008276649394,60.07608441018337,3.4583333333333335,850
F_adaptive,4,0.625,2,AdaptiveGCN,0.0,0.4469342529773712,1.0,none,none,253,253,34,7032,84.621,0.8425,3,40.59480072176429,18.902618255199975,56.15696018294379,66.06773633190267,5.625,850
F_adaptive,4,0.625,3,AdaptiveGCN,0.0,0.6656590700149536,1.0,none,none,253,253,34,7032,44.976,0.9735,0,30.80118306961784,14.036638402292338,52.068656191512794,54.65623572327591,nan,2550
F_adaptive,4,0.625,3,AdaptiveGCN,0.0,0.6656590700149536,1.0,none,none,253,253,34,7032,44.976,0.9735,1,26.859820340850327,12.520814396044349,50.867288402916735,55.24490825213169,2.6666666666666665,850
F_adaptive,4,0.625,3,AdaptiveGCN,0.0,0.6656590700149536,1.0,none,none,253,253,34,7032,44.976,0.9735,2,29.31273960408841,13.595414813720614,51.244567139063335,52.83950726047991,3.2916666666666665,850
F_adaptive,4,0.625,3,AdaptiveGCN,0.0,0.6656590700149536,1.0,none,none,253,253,34,7032,44.976,0.9735,3,35.57319192347642,15.99368599711205,54.09411303255832,55.88429165721611,3.5416666666666665,850
F_adaptive,4,0.625,4,AdaptiveGCN,0.0,0.6215877532958984,1.0,none,none,253,253,34,7032,47.543,0.5665,0,31.05836816532682,14.30146728757294,51.76585063666612,55.782000039295845,nan,2550
F_adaptive,4,0.625,4,AdaptiveGCN,0.0,0.6215877532958984,1.0,none,none,253,253,34,7032,47.543,0.5665,1,26.971394431719084,12.630075934247717,50.09010964776096,53.74712615017331,3.75,850
F_adaptive,4,0.625,4,AdaptiveGCN,0.0,0.6215877532958984,1.0,none,none,253,253,34,7032,47.543,0.5665,2,29.1776983997204,13.893735338925001,50.87198417995299,56.42827456553016,5.416666666666667,850
F_adaptive,4,0.625,4,AdaptiveGCN,0.0,0.6215877532958984,1.0,none,none,253,253,34,7032,47.543,0.5665,3,36.26392832805824,16.380590589546106,54.33545808228439,57.17059940218404,5.416666666666667,850
F_adaptive,4,0.625,5,AdaptiveGCN,0.0,0.6028811931610107,1.0,none,none,253,253,34,7032,50.132,0.6292,0,31.608981567400896,14.505922620550766,52.752889669015815,56.39852573618498,nan,2550
F_adaptive,4,0.625,5,AdaptiveGCN,0.0,0.6028811931610107,1.0,none,none,253,253,34,7032,50.132,0.6292,1,27.90646779303415,13.040337937301134,51.38565743516301,57.07433337250303,2.7083333333333335,850
F_adaptive,4,0.625,5,AdaptiveGCN,0.0,0.6028811931610107,1.0,none,none,253,253,34,7032,50.132,0.6292,2,29.929034035519802,13.949691996671916,51.96173548213371,55.5111309010252,3.375,850
F_adaptive,4,0.625,5,AdaptiveGCN,0.0,0.6028811931610107,1.0,none,none,253,253,34,7032,50.132,0.6292,3,36.37121285030118,16.527737927679247,54.911276089750714,56.6101129350267,3.75,850
F_adaptive,4,0.625,6,AdaptiveGCN,0.0,0.6913576126098633,1.0,none,none,253,253,34,7032,41.613,0.6358,0,30.426532658978264,14.300647455015238,52.441030682689885,57.640875593981065,nan,2550
F_adaptive,4,0.625,6,AdaptiveGCN,0.0,0.6913576126098633,1.0,none,none,253,253,34,7032,41.613,0.6358,1,27.02365064698371,12.875397929956808,51.08419760291818,57.411779838760765,2.2916666666666665,850
F_adaptive,4,0.625,6,AdaptiveGCN,0.0,0.6913576126098633,1.0,none,none,253,253,34,7032,41.613,0.6358,2,28.40905136087201,13.814239380062721,51.93519402000295,57.26587307009004,3.25,850
F_adaptive,4,0.625,6,AdaptiveGCN,0.0,0.6913576126098633,1.0,none,none,253,253,34,7032,41.613,0.6358,3,35.213204560629315,16.212305055026185,54.303700425148506,58.24497387309236,3.7916666666666665,850
F_adaptive,4,0.625,7,AdaptiveGCN,0.0,0.5249167680740356,1.0,none,none,253,253,34,7032,54.601,1.4526,0,31.83404789390097,14.825031994476198,51.95705750914146,56.937644704597204,nan,2550
F_adaptive,4,0.625,7,AdaptiveGCN,0.0,0.5249167680740356,1.0,none,none,253,253,34,7032,54.601,1.4526,1,27.5992781367591,13.036988021208124,49.80404087069492,56.36241847146768,4.541666666666667,850
F_adaptive,4,0.625,7,AdaptiveGCN,0.0,0.5249167680740356,1.0,none,none,253,253,34,7032,54.601,1.4526,2,30.37167526069592,14.517668797132723,51.11308446178868,56.22995114295929,6.916666666666667,850
F_adaptive,4,0.625,7,AdaptiveGCN,0.0,0.5249167680740356,1.0,none,none,253,253,34,7032,54.601,1.4526,3,36.824733592005586,16.920439165087746,54.95404719494079,58.22056449936463,7.291666666666667,850
F_adaptive,5,0.7,0,AdaptiveGCN,0.0,0.6029998064041138,1.0,none,none,287,287,34,7032,54.382,1.106,0,55.89418251089165,28.45487019975542,44.90738714368552,52.287615793872554,nan,2550
F_adaptive,5,0.7,0,AdaptiveGCN,0.0,0.6029998064041138,1.0,none,none,287,287,34,7032,54.382,1.106,1,40.40121822392722,21.6896289402115,38.04550035562785,40.51858264031682,1.24,850
F_adaptive,5,0.7,0,AdaptiveGCN,0.0,0.6029998064041138,1.0,none,none,287,287,34,7032,54.382,1.106,2,54.85418779286602,28.593037065828547,43.41393349143887,47.515919571936024,2.92,850
F_adaptive,5,0.7,0,AdaptiveGCN,0.0,0.6029998064041138,1.0,none,none,287,287,34,7032,54.382,1.106,3,68.78399932608018,35.08194459322621,53.26272758398984,69.04909373618497,4.0,850
F_adaptive,5,0.7,1,AdaptiveGCN,0.0,0.6174805760383606,1.0,none,none,287,287,34,7032,53.806,0.9485,0,57.02958669392702,29.549444422305324,46.84824577875118,54.59883405520266,nan,2550
F_adaptive,5,0.7,1,AdaptiveGCN,0.0,0.6174805760383606,1.0,none,none,287,287,34,7032,53.806,0.9485,1,40.80796539437881,21.502524494093787,39.01376804002033,39.71024087775736,1.2,850
F_adaptive,5,0.7,1,AdaptiveGCN,0.0,0.6174805760383606,1.0,none,none,287,287,34,7032,53.806,0.9485,2,56.07710567537471,29.878217659193805,45.89699813151575,49.817580655339036,3.84,850
F_adaptive,5,0.7,1,AdaptiveGCN,0.0,0.6174805760383606,1.0,none,none,287,287,34,7032,53.806,0.9485,3,70.33625988694915,37.267591113628384,55.633971164717465,74.53347679838957,4.166666666666667,850
F_adaptive,5,0.7,2,AdaptiveGCN,0.0,0.5639709234237671,1.0,none,none,287,287,34,7032,60.238,1.0113,0,59.04899383305783,29.506136275788624,46.538940391405944,52.51855837434858,nan,2550
F_adaptive,5,0.7,2,AdaptiveGCN,0.0,0.5639709234237671,1.0,none,none,287,287,34,7032,60.238,1.0113,1,42.71596521696955,22.30111398888204,38.89762749045645,39.53150808378879,1.24,850
F_adaptive,5,0.7,2,AdaptiveGCN,0.0,0.5639709234237671,1.0,none,none,287,287,34,7032,60.238,1.0113,2,58.093927907195955,29.737865655762967,45.228277064222645,47.56874448489279,3.16,850
F_adaptive,5,0.7,2,AdaptiveGCN,0.0,0.5639709234237671,1.0,none,none,287,287,34,7032,60.238,1.0113,3,72.53132339883004,36.479429182720864,55.49091661953871,70.695378864481,3.9583333333333335,850
F_adaptive,5,0.7,3,AdaptiveGCN,0.0,0.6923133134841919,1.0,none,none,287,287,34,7032,50.912,0.8143,0,56.049737675634056,29.68892890467911,48.39676032637733,57.331395025281736,nan,2550
F_adaptive,5,0.7,3,AdaptiveGCN,0.0,0.6923133134841919,1.0,none,none,287,287,34,7032,50.912,0.8143,1,41.80529338926025,22.593610436339446,42.175239756996056,42.808566109856166,1.0,850
F_adaptive,5,0.7,3,AdaptiveGCN,0.0,0.6923133134841919,1.0,none,none,287,287,34,7032,50.912,0.8143,2,54.50839470887104,30.0096358184752,47.75363278850414,54.31250232028522,2.12,850
F_adaptive,5,0.7,3,AdaptiveGCN,0.0,0.6923133134841919,1.0,none,none,287,287,34,7032,50.912,0.8143,3,68.59935591113059,36.463540459222685,55.261408433631786,75.11245230820661,3.7083333333333335,850
F_adaptive,5,0.7,4,AdaptiveGCN,0.0,0.6279460191726685,1.0,none,none,287,287,34,7032,53.991,2.2393,0,57.38327043975741,28.42763912118467,45.52748299255965,49.69610370164646,nan,2550
F_adaptive,5,0.7,4,AdaptiveGCN,0.0,0.6279460191726685,1.0,none,none,287,287,34,7032,53.991,2.2393,1,41.56405002763625,21.935280679769416,39.78041942702512,40.48551047061577,1.04,850
F_adaptive,5,0.7,4,AdaptiveGCN,0.0,0.6279460191726685,1.0,none,none,287,287,34,7032,53.991,2.2393,2,56.775020720975995,28.738061081308818,43.90133186604198,45.53467334735055,2.88,850
F_adaptive,5,0.7,4,AdaptiveGCN,0.0,0.6279460191726685,1.0,none,none,287,287,34,7032,53.991,2.2393,3,70.19648101236918,34.60957560247577,52.900697684611856,63.24580897548775,3.7916666666666665,850
F_adaptive,5,0.7,5,AdaptiveGCN,0.0,0.5545756816864014,1.0,none,none,287,287,34,7032,61.72,1.2703,0,59.619745076579555,30.384702590720764,47.336047476651686,54.31723533859808,nan,2550
F_adaptive,5,0.7,5,AdaptiveGCN,0.0,0.5545756816864014,1.0,none,none,287,287,34,7032,61.72,1.2703,1,41.84169232921224,22.066486155320618,39.69804465603,40.13998933010915,2.08,850
F_adaptive,5,0.7,5,AdaptiveGCN,0.0,0.5545756816864014,1.0,none,none,287,287,34,7032,61.72,1.2703,2,59.73144735901456,31.20613672468373,46.35154424436575,49.77621917121945,3.4,850
F_adaptive,5,0.7,5,AdaptiveGCN,0.0,0.5545756816864014,1.0,none,none,287,287,34,7032,61.72,1.2703,3,73.10929481545975,37.88148489215795,55.95855352955934,73.2875062873207,3.9583333333333335,850
F_adaptive,5,0.7,6,AdaptiveGCN,0.0,0.566001296043396,1.0,none,none,287,287,34,7032,61.216,1.2893,0,58.42544885396619,29.680576737194194,46.721700211678154,55.39642926333907,nan,2550
F_adaptive,5,0.7,6,AdaptiveGCN,0.0,0.566001296043396,1.0,none,none,287,287,34,7032,61.216,1.2893,1,42.48890348978249,22.411978209603248,39.67247196900102,41.49424960958229,1.44,850
F_adaptive,5,0.7,6,AdaptiveGCN,0.0,0.566001296043396,1.0,none,none,287,287,34,7032,61.216,1.2893,2,58.059664823553696,30.37037956665544,45.79323612375214,51.848044834778975,3.68,850
F_adaptive,5,0.7,6,AdaptiveGCN,0.0,0.566001296043396,1.0,none,none,287,287,34,7032,61.216,1.2893,3,71.16437045442619,36.2593724353239,54.6993925422813,73.08368916646052,4.541666666666667,850
F_adaptive,5,0.7,7,AdaptiveGCN,0.0,0.5336142182350159,1.0,none,none,287,287,34,7032,63.122,1.5186,0,59.47334224368664,30.47191836036041,47.284356844350995,54.86282302907999,nan,2550
F_adaptive,5,0.7,7,AdaptiveGCN,0.0,0.5336142182350159,1.0,none,none,287,287,34,7032,63.122,1.5186,1,42.626145229713764,22.551996963865403,39.604738623258754,40.229604322794536,1.84,850
F_adaptive,5,0.7,7,AdaptiveGCN,0.0,0.5336142182350159,1.0,none,none,287,287,34,7032,63.122,1.5186,2,59.58769416166314,31.104270567938904,46.66210655196637,50.002194535543296,3.84,850
F_adaptive,5,0.7,7,AdaptiveGCN,0.0,0.5336142182350159,1.0,none,none,287,287,34,7032,63.122,1.5186,3,72.41238678745158,37.75948754927691,55.58622535782786,74.61878426502372,4.375,850
F_adaptive,6,0.775,0,AdaptiveGCN,0.0,0.7076786756515503,1.0,none,none,321,321,34,7032,52.205,0.7519,0,10.726723092988905,5.325487685016466,79.8447744706706,84.92495372948652,nan,2550
F_adaptive,6,0.775,0,AdaptiveGCN,0.0,0.7076786756515503,1.0,none,none,321,321,34,7032,52.205,0.7519,1,8.323372925725112,4.300127668878584,71.2435884996462,67.91351405517817,2.5714285714285716,850
F_adaptive,6,0.775,0,AdaptiveGCN,0.0,0.7076786756515503,1.0,none,none,321,321,34,7032,52.205,0.7519,2,10.506378866551833,5.2936373788822335,80.90138668894554,85.39401925232436,4.0,850
F_adaptive,6,0.775,0,AdaptiveGCN,0.0,0.7076786756515503,1.0,none,none,321,321,34,7032,52.205,0.7519,3,12.865660931050668,6.382698007288581,87.38934822342007,101.52298546458489,4.642857142857143,850
F_adaptive,6,0.775,1,AdaptiveGCN,0.0,0.5864567756652832,1.0,none,none,321,321,34,7032,61.133,1.0113,0,11.943697982492111,5.928852557173734,94.48569940439722,96.53688558402297,nan,2550
F_adaptive,6,0.775,1,AdaptiveGCN,0.0,0.5864567756652832,1.0,none,none,321,321,34,7032,61.133,1.0113,1,9.106817885412593,4.728744816117755,92.40333069413971,76.3383481899714,3.357142857142857,850
F_adaptive,6,0.775,1,AdaptiveGCN,0.0,0.5864567756652832,1.0,none,none,321,321,34,7032,61.133,1.0113,2,11.842266605617343,5.95938625916373,94.73181711559032,97.41725324050286,5.428571428571429,850
F_adaptive,6,0.775,1,AdaptiveGCN,0.0,0.5864567756652832,1.0,none,none,321,321,34,7032,61.133,1.0113,3,14.31021852154494,7.098426596239716,96.32195040346161,115.92314608967844,5.785714285714286,850
F_adaptive,6,0.775,2,AdaptiveGCN,0.0,0.785916268825531,1.0,none,none,321,321,34,7032,45.177,0.6064,0,10.629258759041331,5.321729518413606,86.77833933266135,86.24986996005741,nan,2550
F_adaptive,6,0.775,2,AdaptiveGCN,0.0,0.785916268825531,1.0,none,none,321,321,34,7032,45.177,0.6064,1,8.741284258969866,4.571524216887363,94.84299993455765,75.42442301588443,2.7857142857142856,850
F_adaptive,6,0.775,2,AdaptiveGCN,0.0,0.785916268825531,1.0,none,none,321,321,34,7032,45.177,0.6064,2,10.211438581168421,5.166365139064592,80.17130839662894,84.00382132836589,3.142857142857143,850
F_adaptive,6,0.775,2,AdaptiveGCN,0.0,0.785916268825531,1.0,none,none,321,321,34,7032,45.177,0.6064,3,12.580138985992217,6.227299199288861,85.32070966679747,99.3410038295058,4.571428571428571,850
F_adaptive,6,0.775,3,AdaptiveGCN,0.0,0.6514967083930969,1.0,none,none,321,321,34,7032,58.169,0.7731,0,10.670970797282848,5.300243058781181,78.82436687132487,85.18093138099346,nan,2550
F_adaptive,6,0.775,3,AdaptiveGCN,0.0,0.6514967083930969,1.0,none,none,321,321,34,7032,58.169,0.7731,1,8.49453549659887,4.396587946104392,76.9827807704333,70.52637493647647,2.2142857142857144,850
F_adaptive,6,0.775,3,AdaptiveGCN,0.0,0.6514967083930969,1.0,none,none,321,321,34,7032,58.169,0.7731,2,10.445340479992883,5.260654825824587,76.63727956703664,84.71877381093009,4.0,850
F_adaptive,6,0.775,3,AdaptiveGCN,0.0,0.6514967083930969,1.0,none,none,321,321,34,7032,58.169,0.7731,3,12.66280309502734,6.243486404414563,82.85304027650466,100.34021978721537,5.785714285714286,850
F_adaptive,6,0.775,4,AdaptiveGCN,0.0,0.7873312830924988,1.0,none,none,321,321,34,7032,45.084,0.7257,0,10.800755653869148,5.400561462562433,93.13580337586126,88.1656456936708,nan,2550
F_adaptive,6,0.775,4,AdaptiveGCN,0.0,0.7873312830924988,1.0,none,none,321,321,34,7032,45.084,0.7257,1,8.728327646653621,4.553531330632841,94.58290522753555,73.96365142595579,2.2142857142857144,850
F_adaptive,6,0.775,4,AdaptiveGCN,0.0,0.7873312830924988,1.0,none,none,321,321,34,7032,45.084,0.7257,2,10.578519529655924,5.350424060965374,92.27102807444948,88.85897380800147,5.357142857142857,850
F_adaptive,6,0.775,4,AdaptiveGCN,0.0,0.7873312830924988,1.0,none,none,321,321,34,7032,45.084,0.7257,3,12.723214575613715,6.297728996089084,92.55347682559875,101.72264874781915,4.571428571428571,850
F_adaptive,6,0.775,5,AdaptiveGCN,0.0,0.7897130250930786,1.0,none,none,321,321,34,7032,47.778,0.7983,0,10.50734506408152,5.235018396385307,78.94213532404977,84.11149813793072,nan,2550
F_adaptive,6,0.775,5,AdaptiveGCN,0.0,0.7897130250930786,1.0,none,none,321,321,34,7032,47.778,0.7983,1,8.45948854556067,4.3911128590177055,73.82472176609157,70.20197121725387,3.5714285714285716,850
F_adaptive,6,0.775,5,AdaptiveGCN,0.0,0.7897130250930786,1.0,none,none,321,321,34,7032,47.778,0.7983,2,10.265647654294522,5.17871639407887,77.84995026219346,84.41702503335561,4.0,850
F_adaptive,6,0.775,5,AdaptiveGCN,0.0,0.7897130250930786,1.0,none,none,321,321,34,7032,47.778,0.7983,3,12.420403885238192,6.135225936059347,85.15173394386429,97.76052321965257,4.571428571428571,850
F_adaptive,6,0.775,6,AdaptiveGCN,0.0,0.7603238821029663,1.0,none,none,321,321,34,7032,47.902,0.6211,0,10.794921586159003,5.398014784014107,86.85160019751375,87.2964457942349,nan,2550
F_adaptive,6,0.775,6,AdaptiveGCN,0.0,0.7603238821029663,1.0,none,none,321,321,34,7032,47.902,0.6211,1,8.537731710462111,4.461021862042762,78.8944802360655,71.5840970807846,3.357142857142857,850
F_adaptive,6,0.775,6,AdaptiveGCN,0.0,0.7603238821029663,1.0,none,none,321,321,34,7032,47.902,0.6211,2,10.630736198662676,5.362203876657261,88.08999615075336,88.04571626164177,4.0,850
F_adaptive,6,0.775,6,AdaptiveGCN,0.0,0.7603238821029663,1.0,none,none,321,321,34,7032,47.902,0.6211,3,12.793966596352266,6.370818613342297,93.57032420572237,102.31289113996289,4.571428571428571,850
F_adaptive,6,0.775,7,AdaptiveGCN,0.0,0.7019898295402527,1.0,none,none,321,321,34,7032,54.936,0.6019,0,11.14045001241597,5.598989189681277,94.40861145368493,91.64773633031389,nan,2550
F_adaptive,6,0.775,7,AdaptiveGCN,0.0,0.7019898295402527,1.0,none,none,321,321,34,7032,54.936,0.6019,1,8.634112769011955,4.5070408848990855,88.84495819987056,73.40625489103154,2.2142857142857144,850
F_adaptive,6,0.775,7,AdaptiveGCN,0.0,0.7019898295402527,1.0,none,none,321,321,34,7032,54.936,0.6019,2,10.677399048510546,5.413824022866457,91.68727399487291,89.46806358237244,4.214285714285714,850
F_adaptive,6,0.775,7,AdaptiveGCN,0.0,0.7019898295402527,1.0,none,none,321,321,34,7032,54.936,0.6019,3,13.55633157193596,6.87610266127829,102.69360216631122,112.1119359003079,4.642857142857143,850
F_adaptive,7,0.85,0,AdaptiveGCN,0.0,0.7578955292701721,1.0,none,none,355,355,34,7032,54.812,0.7575,0,88.26669474143176,21.403269400070542,88.52498488814705,394.5322996174686,nan,2550
F_adaptive,7,0.85,0,AdaptiveGCN,0.0,0.7578955292701721,1.0,none,none,355,355,34,7032,54.812,0.7575,1,89.88505388128699,20.74785000258531,85.62367344474984,424.9017413871093,2.76,850
F_adaptive,7,0.85,0,AdaptiveGCN,0.0,0.7578955292701721,1.0,none,none,355,355,34,7032,54.812,0.7575,2,87.44987475048461,21.114523795452723,86.93805038050624,310.13329040964067,3.52,850
F_adaptive,7,0.85,0,AdaptiveGCN,0.0,0.7578955292701721,1.0,none,none,355,355,34,7032,54.812,0.7575,3,87.44269378635349,22.34743440217359,93.013230839185,448.58123016128684,4.36,850
F_adaptive,7,0.85,1,AdaptiveGCN,0.0,0.7554380893707275,1.0,none,none,355,355,34,7032,53.704,0.7976,0,90.56114866584679,21.867779574227605,96.84265377721582,414.00629657585546,nan,2550
F_adaptive,7,0.85,1,AdaptiveGCN,0.0,0.7554380893707275,1.0,none,none,355,355,34,7032,53.704,0.7976,1,90.47505534816408,20.781197533764576,96.49795914462817,431.7780774333346,2.56,850
F_adaptive,7,0.85,1,AdaptiveGCN,0.0,0.7554380893707275,1.0,none,none,355,355,34,7032,53.704,0.7976,2,92.42705622331736,22.19333928154867,96.49201521567767,345.2799612358559,3.32,850
F_adaptive,7,0.85,1,AdaptiveGCN,0.0,0.7554380893707275,1.0,none,none,355,355,34,7032,53.704,0.7976,3,88.74383686020788,22.628801907369567,97.53798697134161,464.9163748887727,4.36,850
F_adaptive,7,0.85,2,AdaptiveGCN,0.0,0.663027822971344,1.0,none,none,355,355,34,7032,63.645,1.1238,0,85.5202218723249,20.94111081549928,95.57529080391004,372.13017178735106,nan,2550
F_adaptive,7,0.85,2,AdaptiveGCN,0.0,0.663027822971344,1.0,none,none,355,355,34,7032,63.645,1.1238,1,87.00518289862492,20.235932306140278,91.06051482561608,400.69272835248466,2.76,850
F_adaptive,7,0.85,2,AdaptiveGCN,0.0,0.663027822971344,1.0,none,none,355,355,34,7032,63.645,1.1238,2,85.48635792146067,20.8720545214933,96.14696414592572,299.63285514088227,3.32,850
F_adaptive,7,0.85,2,AdaptiveGCN,0.0,0.663027822971344,1.0,none,none,355,355,34,7032,63.645,1.1238,3,84.04347568595543,21.71534561886426,99.51839344018829,416.10299926565284,4.6,850
F_adaptive,7,0.85,3,AdaptiveGCN,0.0,0.7523812651634216,1.0,none,none,355,355,34,7032,55.837,0.5807,0,89.73584204308449,21.75005812202199,95.96676758926996,413.3028624493845,nan,2550
F_adaptive,7,0.85,3,AdaptiveGCN,0.0,0.7523812651634216,1.0,none,none,355,355,34,7032,55.837,0.5807,1,91.92440115656117,21.103891269662967,96.68450792371098,444.54903323103485,2.56,850
F_adaptive,7,0.85,3,AdaptiveGCN,0.0,0.7523812651634216,1.0,none,none,355,355,34,7032,55.837,0.5807,2,87.38973727199907,21.227241579568055,95.10593130359833,315.0941086980746,3.32,850
F_adaptive,7,0.85,3,AdaptiveGCN,0.0,0.7523812651634216,1.0,none,none,355,355,34,7032,55.837,0.5807,3,89.8359746041797,22.91904151683495,96.10986354050058,480.25254428944413,4.16,850
F_adaptive,7,0.85,4,AdaptiveGCN,0.0,0.7791167497634888,1.0,none,none,355,355,34,7032,52.819,0.5811,0,88.53130037156077,21.49183328315586,92.39359854031967,398.0249528989241,nan,2550
F_adaptive,7,0.85,4,AdaptiveGCN,0.0,0.7791167497634888,1.0,none,none,355,355,34,7032,52.819,0.5811,1,90.81038412457598,20.87643704625846,92.07463912748686,434.51097690305465,2.76,850
F_adaptive,7,0.85,4,AdaptiveGCN,0.0,0.7791167497634888,1.0,none,none,355,355,34,7032,52.819,0.5811,2,88.08934994280554,21.353880970395814,94.63432771423052,320.4163418170112,3.32,850
F_adaptive,7,0.85,4,AdaptiveGCN,0.0,0.7791167497634888,1.0,none,none,355,355,34,7032,52.819,0.5811,3,86.64360333134498,22.2451818328133,90.47182877924168,439.2394576128693,4.16,850
F_adaptive,7,0.85,5,AdaptiveGCN,0.0,0.7598770260810852,1.0,none,none,355,355,34,7032,53.551,0.6903,0,92.12545679078198,22.158793022080104,97.47313792699029,429.74625407355285,nan,2550
F_adaptive,7,0.85,5,AdaptiveGCN,0.0,0.7598770260810852,1.0,none,none,355,355,34,7032,53.551,0.6903,1,92.70563890387717,21.244604387630655,98.00615675873206,450.76220544521374,2.76,850
F_adaptive,7,0.85,5,AdaptiveGCN,0.0,0.7598770260810852,1.0,none,none,355,355,34,7032,53.551,0.6903,2,92.17649252161395,22.074847289118093,97.79789977837339,344.39488299581024,3.32,850
F_adaptive,7,0.85,5,AdaptiveGCN,0.0,0.7598770260810852,1.0,none,none,355,355,34,7032,53.551,0.6903,3,91.49020771955593,23.156927389491567,96.61535724386538,494.01730576531213,4.36,850
F_adaptive,7,0.85,6,AdaptiveGCN,0.0,0.7848138809204102,1.0,none,none,355,355,34,7032,49.726,0.5595,0,93.14403876093262,22.35825129380313,96.99859526616402,439.9547011145488,nan,2550
F_adaptive,7,0.85,6,AdaptiveGCN,0.0,0.7848138809204102,1.0,none,none,355,355,34,7032,49.726,0.5595,1,96.86882904024469,21.888840217847473,97.21344389099265,486.18472603072706,2.56,850
F_adaptive,7,0.85,6,AdaptiveGCN,0.0,0.7848138809204102,1.0,none,none,355,355,34,7032,49.726,0.5595,2,89.26682753967042,21.581261928239904,93.20469201929293,327.58483292148486,3.32,850
F_adaptive,7,0.85,6,AdaptiveGCN,0.0,0.7848138809204102,1.0,none,none,355,355,34,7032,49.726,0.5595,3,93.14128693264304,23.604651735322,100.5776498882065,506.1705045835139,4.36,850
F_adaptive,7,0.85,7,AdaptiveGCN,0.0,0.7834869027137756,1.0,none,none,355,355,34,7032,51.742,0.4903,0,89.2503190516246,21.624672809879687,91.46032157481501,398.28912574933156,nan,2550
F_adaptive,7,0.85,7,AdaptiveGCN,0.0,0.7834869027137756,1.0,none,none,355,355,34,7032,51.742,0.4903,1,92.65440154664329,21.25676503586648,94.58883361282882,448.7571883622743,2.76,850
F_adaptive,7,0.85,7,AdaptiveGCN,0.0,0.7834869027137756,1.0,none,none,355,355,34,7032,51.742,0.4903,2,89.39008017789064,21.553262825541008,88.89986780536572,320.49021652929645,2.36,850
F_adaptive,7,0.85,7,AdaptiveGCN,0.0,0.7834869027137756,1.0,none,none,355,355,34,7032,51.742,0.4903,3,85.56537729873006,22.06399056823157,90.89226330625046,425.8323974029428,3.2,850
F_adaptive,8,0.925,0,AdaptiveGCN,0.0,0.40433433651924133,1.0,none,none,389,389,34,7032,143.802,1.6986,0,28.928614346385572,12.898392689304401,82.05306416474406,113.46816944406739,nan,2550
F_adaptive,8,0.925,0,AdaptiveGCN,0.0,0.40433433651924133,1.0,none,none,389,389,34,7032,143.802,1.6986,1,25.526253415384453,10.188620947327959,74.40890719171443,86.27809584548083,2.857142857142857,850
F_adaptive,8,0.925,0,AdaptiveGCN,0.0,0.40433433651924133,1.0,none,none,389,389,34,7032,143.802,1.6986,2,28.93964940471389,13.118216162447215,83.5246997043375,117.3759072903945,5.142857142857143,850
F_adaptive,8,0.925,0,AdaptiveGCN,0.0,0.40433433651924133,1.0,none,none,389,389,34,7032,143.802,1.6986,3,31.960933386112668,15.38834095813803,88.22558559818023,136.58148865965472,5.0476190476190474,850
F_adaptive,8,0.925,1,AdaptiveGCN,0.0,0.4943855106830597,1.0,none,none,389,389,34,7032,89.295,0.5773,0,28.014935602031482,12.028521938425781,81.53340033831078,101.30565030653922,nan,2550
F_adaptive,8,0.925,1,AdaptiveGCN,0.0,0.4943855106830597,1.0,none,none,389,389,34,7032,89.295,0.5773,1,26.238186948222726,10.459193469117231,77.8534940535275,88.14403552578207,2.9047619047619047,850
F_adaptive,8,0.925,1,AdaptiveGCN,0.0,0.4943855106830597,1.0,none,none,389,389,34,7032,89.295,0.5773,2,28.159664490698496,12.070229728974347,79.83050009022303,103.49492595138778,3.7142857142857144,850
F_adaptive,8,0.925,1,AdaptiveGCN,0.0,0.4943855106830597,1.0,none,none,389,389,34,7032,89.295,0.5773,3,29.548277306796106,13.556142617185765,86.91620687118179,112.19739046697939,5.857142857142857,850
F_adaptive,8,0.925,2,AdaptiveGCN,0.0,0.6529404520988464,1.0,none,none,389,389,34,7032,72.303,0.5782,0,27.57239964998521,11.110544825790207,76.76064454044455,93.46663254909576,nan,2550
F_adaptive,8,0.925,2,AdaptiveGCN,0.0,0.6529404520988464,1.0,none,none,389,389,34,7032,72.303,0.5782,1,25.404113618559926,9.563812319844796,70.86724317588927,80.29565761520556,2.1904761904761907,850
F_adaptive,8,0.925,2,AdaptiveGCN,0.0,0.6529404520988464,1.0,none,none,389,389,34,7032,72.303,0.5782,2,27.065120541116986,10.816024215553103,76.31840122256038,91.65637367983773,3.380952380952381,850
F_adaptive,8,0.925,2,AdaptiveGCN,0.0,0.6529404520988464,1.0,none,none,389,389,34,7032,72.303,0.5782,3,30.04699533606678,12.951797941972721,83.09628922288397,108.35087907159473,5.095238095238095,850
F_adaptive,8,0.925,3,AdaptiveGCN,0.0,0.49428024888038635,1.0,none,none,389,389,34,7032,100.126,2.4537,0,28.755049197660465,12.288258277569582,82.71874423652001,105.5281185257696,nan,2550
F_adaptive,8,0.925,3,AdaptiveGCN,0.0,0.49428024888038635,1.0,none,none,389,389,34,7032,100.126,2.4537,1,25.415188248073473,9.875519238480141,77.97703697223723,83.64239955782013,2.857142857142857,850
F_adaptive,8,0.925,3,AdaptiveGCN,0.0,0.49428024888038635,1.0,none,none,389,389,34,7032,100.126,2.4537,2,27.954666886152854,11.983862637285801,81.45617295020135,104.05237271013026,3.6666666666666665,850
F_adaptive,8,0.925,3,AdaptiveGCN,0.0,0.49428024888038635,1.0,none,none,389,389,34,7032,100.126,2.4537,3,32.45247862149883,15.005392956942805,88.72302278712152,128.73467741509083,5.857142857142857,850
F_adaptive,8,0.925,4,AdaptiveGCN,0.0,0.4967687427997589,1.0,none,none,389,389,34,7032,101.262,0.6688,0,30.01396879804272,13.310727612087229,81.75689132729013,115.75664283370568,nan,2550
F_adaptive,8,0.925,4,AdaptiveGCN,0.0,0.4967687427997589,1.0,none,none,389,389,34,7032,101.262,0.6688,1,25.617015277694513,10.353771015225417,73.61946717847792,86.86763048706605,2.761904761904762,850
F_adaptive,8,0.925,4,AdaptiveGCN,0.0,0.4967687427997589,1.0,none,none,389,389,34,7032,101.262,0.6688,2,29.563075345739488,13.47234290187658,81.78790725421288,118.56674124007469,3.761904761904762,850
F_adaptive,8,0.925,4,AdaptiveGCN,0.0,0.4967687427997589,1.0,none,none,389,389,34,7032,101.262,0.6688,3,34.23898470156705,16.106068919159693,89.86329954917956,141.6505026698755,5.428571428571429,850
F_adaptive,8,0.925,5,AdaptiveGCN,0.0,0.3923702836036682,1.0,none,none,389,389,34,7032,142.152,1.9752,0,29.353565774653546,12.806246042484451,80.80951522547204,107.4319105781683,nan,2550
F_adaptive,8,0.925,5,AdaptiveGCN,0.0,0.3923702836036682,1.0,none,none,389,389,34,7032,142.152,1.9752,1,25.98059143589434,10.33904321933494,74.09971529306613,86.4681695043257,3.5714285714285716,850
F_adaptive,8,0.925,5,AdaptiveGCN,0.0,0.3923702836036682,1.0,none,none,389,389,34,7032,142.152,1.9752,2,29.393447010074027,13.023781921399623,81.9408452594177,110.75063992430665,4.476190476190476,850
F_adaptive,8,0.925,5,AdaptiveGCN,0.0,0.3923702836036682,1.0,none,none,389,389,34,7032,142.152,1.9752,3,32.34083506293306,15.055912986718793,86.38798512393228,124.94785765644293,4.571428571428571,850
F_adaptive,8,0.925,6,AdaptiveGCN,0.0,0.42040103673934937,1.0,none,none,389,389,34,7032,125.466,1.6163,0,29.329894207392073,12.67984805178373,82.0212642493645,107.62880410484985,nan,2550
F_adaptive,8,0.925,6,AdaptiveGCN,0.0,0.42040103673934937,1.0,none,none,389,389,34,7032,125.466,1.6163,1,25.92568075711622,10.323246148110655,74.19797665808485,85.55963852122868,2.857142857142857,850
F_adaptive,8,0.925,6,AdaptiveGCN,0.0,0.42040103673934937,1.0,none,none,389,389,34,7032,125.466,1.6163,2,28.90033440194347,12.717317971769063,84.28011550402931,107.98887161854881,3.9047619047619047,850
F_adaptive,8,0.925,6,AdaptiveGCN,0.0,0.42040103673934937,1.0,none,none,389,389,34,7032,125.466,1.6163,3,32.76214021376457,14.998980035471472,87.58570058597938,129.18924145997337,5.9523809523809526,850
F_adaptive,8,0.925,7,AdaptiveGCN,0.0,0.3534577488899231,1.0,none,none,389,389,34,7032,186.245,2.971,0,28.147233999517194,12.258408857521363,81.38094369163277,104.75426054793179,nan,2550
F_adaptive,8,0.925,7,AdaptiveGCN,0.0,0.3534577488899231,1.0,none,none,389,389,34,7032,186.245,2.971,1,25.292321356025717,10.073582441570128,73.7543436366973,83.49771410505573,2.857142857142857,850
F_adaptive,8,0.925,7,AdaptiveGCN,0.0,0.3534577488899231,1.0,none,none,389,389,34,7032,186.245,2.971,2,28.28700347137858,12.562208378334146,82.62030001885526,108.7556534306388,4.190476190476191,850
F_adaptive,8,0.925,7,AdaptiveGCN,0.0,0.3534577488899231,1.0,none,none,389,389,34,7032,186.245,2.971,3,30.60954525151381,14.139435752659818,87.76818741934575,121.88114396719443,5.761904761904762,850
F_adaptive_shrunk,1,0.4,0,AdaptiveGCN,0.0,0.7877589464187622,0.4,none,none,151,151,34,7032,20.044,0.5674,0,80.81898861445298,33.958366602125515,59.087589453487354,58.86960129598479,nan,2550
F_adaptive_shrunk,1,0.4,0,AdaptiveGCN,0.0,0.7877589464187622,0.4,none,none,151,151,34,7032,20.044,0.5674,1,53.861800508949834,25.535278741617084,53.72135181797945,56.028055287887156,2.44,850
F_adaptive_shrunk,1,0.4,0,AdaptiveGCN,0.0,0.7877589464187622,0.4,none,none,151,151,34,7032,20.044,0.5674,2,69.13054680851687,32.025263275090154,58.950590732089914,60.314959394563274,2.88,850
F_adaptive_shrunk,1,0.4,0,AdaptiveGCN,0.0,0.7877589464187622,0.4,none,none,151,151,34,7032,20.044,0.5674,3,109.15585511496299,44.314557789669315,64.59082581039272,60.24698056250401,6.16,850
F_adaptive_shrunk,1,0.4,1,AdaptiveGCN,0.0,0.8055638670921326,0.2,none,none,151,151,34,7032,19.684,0.7604,0,76.79228526487482,33.16032881328879,59.05377818036457,59.482519756725736,nan,2550
F_adaptive_shrunk,1,0.4,1,AdaptiveGCN,0.0,0.8055638670921326,0.2,none,none,151,151,34,7032,19.684,0.7604,1,53.77965524043531,25.485925767163693,55.0877391864757,56.4724338597967,2.52,850
F_adaptive_shrunk,1,0.4,1,AdaptiveGCN,0.0,0.8055638670921326,0.2,none,none,151,151,34,7032,19.684,0.7604,2,68.67599821429178,31.857341727522094,58.55212201426991,60.809406651296584,3.12,850
F_adaptive_shrunk,1,0.4,1,AdaptiveGCN,0.0,0.8055638670921326,0.2,none,none,151,151,34,7032,19.684,0.7604,3,100.41175817650164,42.1377189451806,63.52147334034809,61.14505377650254,6.08,850
F_adaptive_shrunk,1,0.4,2,AdaptiveGCN,0.0,0.739835262298584,0.0,none,none,151,151,34,7032,23.667,0.3918,0,73.52015737311746,32.512548449273204,56.92076323246382,59.57005076481815,nan,2550
F_adaptive_shrunk,1,0.4,2,AdaptiveGCN,0.0,0.739835262298584,0.0,none,none,151,151,34,7032,23.667,0.3918,1,53.27342856159378,25.331762802460613,52.04820053836081,56.00332104935928,2.52,850
F_adaptive_shrunk,1,0.4,2,AdaptiveGCN,0.0,0.739835262298584,0.0,none,none,151,151,34,7032,23.667,0.3918,2,64.20278379046643,30.863529430277207,56.090175962641,60.75697275931535,3.12,850
F_adaptive_shrunk,1,0.4,2,AdaptiveGCN,0.0,0.739835262298584,0.0,none,none,151,151,34,7032,23.667,0.3918,3,96.20595087286054,41.342353115081785,62.62391319638966,61.923974154431924,6.32,850
F_adaptive_shrunk,1,0.4,3,AdaptiveGCN,0.0,0.8020257353782654,0.5,none,none,151,151,34,7032,19.264,0.8343,0,85.45560747312885,35.330886293130234,58.61771179048554,58.47691562120955,nan,2550
F_adaptive_shrunk,1,0.4,3,AdaptiveGCN,0.0,0.8020257353782654,0.5,none,none,151,151,34,7032,19.264,0.8343,1,58.21263193675181,26.553990081829184,52.65421250029972,54.42034259025312,2.28,850
F_adaptive_shrunk,1,0.4,3,AdaptiveGCN,0.0,0.8020257353782654,0.5,none,none,151,151,34,7032,19.264,0.8343,2,80.32277664909388,35.02997167798444,58.7979637506423,60.28696674711613,3.16,850
F_adaptive_shrunk,1,0.4,3,AdaptiveGCN,0.0,0.8020257353782654,0.5,none,none,151,151,34,7032,19.264,0.8343,3,109.85228072361753,44.40869711957708,64.40095912051459,60.69566744422921,6.08,850
F_adaptive_shrunk,1,0.4,4,AdaptiveGCN,0.0,0.7705838084220886,1.0,none,none,151,151,34,7032,21.35,0.7998,0,115.99771688588166,45.12139966454403,64.36668246554245,58.21764786216451,nan,2550
F_adaptive_shrunk,1,0.4,4,AdaptiveGCN,0.0,0.7705838084220886,1.0,none,none,151,151,34,7032,21.35,0.7998,1,90.50234230257313,36.04202668084818,57.61749559505842,53.25340514099618,3.8,850
F_adaptive_shrunk,1,0.4,4,AdaptiveGCN,0.0,0.7705838084220886,1.0,none,none,151,151,34,7032,21.35,0.7998,2,105.18163025027046,42.93711548341,64.1021735424461,60.420338039280516,4.6,850
F_adaptive_shrunk,1,0.4,4,AdaptiveGCN,0.0,0.7705838084220886,1.0,none,none,151,151,34,7032,21.35,0.7998,3,145.30162305994634,56.3850568293739,71.38037825912284,60.945171834854264,8.04,850
F_adaptive_shrunk,1,0.4,5,AdaptiveGCN,0.0,0.6892807483673096,0.9,none,none,151,151,34,7032,24.958,0.6177,0,107.19759386775226,42.709761542402134,63.49782294098959,58.38532078424592,nan,2550
F_adaptive_shrunk,1,0.4,5,AdaptiveGCN,0.0,0.6892807483673096,0.9,none,none,151,151,34,7032,24.958,0.6177,1,78.19860667647227,32.247779034421065,56.486683866077094,54.72623700782281,3.6,850
F_adaptive_shrunk,1,0.4,5,AdaptiveGCN,0.0,0.6892807483673096,0.9,none,none,151,151,34,7032,24.958,0.6177,2,102.91554031145138,42.87969772576847,64.5428343843017,60.366377179669925,4.48,850
F_adaptive_shrunk,1,0.4,5,AdaptiveGCN,0.0,0.6892807483673096,0.9,none,none,151,151,34,7032,24.958,0.6177,3,133.29419293190188,53.001807867016865,69.46395057258997,60.03956289650415,7.4,850
F_adaptive_shrunk,1,0.4,6,AdaptiveGCN,0.0,0.7882006168365479,0.7,none,none,151,151,34,7032,19.958,0.823,0,109.66701571064488,42.56001109515,62.55259753949477,58.13124602948013,nan,2550
F_adaptive_shrunk,1,0.4,6,AdaptiveGCN,0.0,0.7882006168365479,0.7,none,none,151,151,34,7032,19.958,0.823,1,64.70805124869926,28.34725396897644,53.6201671083685,54.26368207485011,2.28,850
F_adaptive_shrunk,1,0.4,6,AdaptiveGCN,0.0,0.7882006168365479,0.7,none,none,151,151,34,7032,19.958,0.823,2,111.00094776476367,45.00148869205923,64.46980982648108,59.423899816216974,5.64,850
F_adaptive_shrunk,1,0.4,6,AdaptiveGCN,0.0,0.7882006168365479,0.7,none,none,151,151,34,7032,19.958,0.823,3,139.90075304856796,54.33129062441433,69.56781568363476,60.67810905550852,6.92,850
F_adaptive_shrunk,1,0.4,7,AdaptiveGCN,0.0,0.8018777966499329,0.0,none,none,151,151,34,7032,19.747,0.7855,0,73.52015737311746,32.512548449273204,56.92076323246382,59.57005076481815,nan,2550
F_adaptive_shrunk,1,0.4,7,AdaptiveGCN,0.0,0.8018777966499329,0.0,none,none,151,151,34,7032,19.747,0.7855,1,53.27342856159378,25.331762802460613,52.04820053836081,56.00332104935928,2.52,850
F_adaptive_shrunk,1,0.4,7,AdaptiveGCN,0.0,0.8018777966499329,0.0,none,none,151,151,34,7032,19.747,0.7855,2,64.20278379046643,30.863529430277207,56.090175962641,60.75697275931535,3.12,850
F_adaptive_shrunk,1,0.4,7,AdaptiveGCN,0.0,0.8018777966499329,0.0,none,none,151,151,34,7032,19.747,0.7855,3,96.20595087286054,41.342353115081785,62.62391319638966,61.923974154431924,6.32,850
F_adaptive_shrunk,2,0.475,0,AdaptiveGCN,0.0,0.8029313683509827,0.0,none,none,185,185,34,7032,24.569,0.7815,0,129.58553129443928,46.74276091257731,44.0236058630689,56.9779419885298,nan,2550
F_adaptive_shrunk,2,0.475,0,AdaptiveGCN,0.0,0.8029313683509827,0.0,none,none,185,185,34,7032,24.569,0.7815,1,85.19491672270736,33.43177856220919,37.40880571300148,44.0065714416851,1.0,850
F_adaptive_shrunk,2,0.475,0,AdaptiveGCN,0.0,0.8029313683509827,0.0,none,none,185,185,34,7032,24.569,0.7815,2,128.20838345281948,48.12942827505224,43.29211649362697,55.007676357213995,2.0,850
F_adaptive_shrunk,2,0.475,0,AdaptiveGCN,0.0,0.8029313683509827,0.0,none,none,185,185,34,7032,24.569,0.7815,3,163.34523666030807,58.66707590047051,51.36989538257827,71.91957816669033,3.24,850
F_adaptive_shrunk,2,0.475,1,AdaptiveGCN,0.0,0.5437830090522766,0.2,none,none,185,185,34,7032,53.889,0.6387,0,130.08696973768866,46.07714650755247,45.07007988121533,55.50494042007755,nan,2550
F_adaptive_shrunk,2,0.475,1,AdaptiveGCN,0.0,0.5437830090522766,0.2,none,none,185,185,34,7032,53.889,0.6387,1,85.84318931885173,33.04526288211839,39.00426974846432,43.36043797767787,1.12,850
F_adaptive_shrunk,2,0.475,1,AdaptiveGCN,0.0,0.5437830090522766,0.2,none,none,185,185,34,7032,53.889,0.6387,2,124.77412071420628,46.959520939049234,44.64677298440344,53.808154682283146,2.12,850
F_adaptive_shrunk,2,0.475,1,AdaptiveGCN,0.0,0.5437830090522766,0.2,none,none,185,185,34,7032,53.889,0.6387,3,166.8239333374185,58.22665570148979,51.559196910778226,69.34622860027162,3.28,850
F_adaptive_shrunk,2,0.475,2,AdaptiveGCN,0.0,0.5728679299354553,0.0,none,none,185,185,34,7032,101.923,2.5934,0,129.58553129443928,46.74276091257731,44.0236058630689,56.9779419885298,nan,2550
F_adaptive_shrunk,2,0.475,2,AdaptiveGCN,0.0,0.5728679299354553,0.0,none,none,185,185,34,7032,101.923,2.5934,1,85.19491672270736,33.43177856220919,37.40880571300148,44.0065714416851,1.0,850
F_adaptive_shrunk,2,0.475,2,AdaptiveGCN,0.0,0.5728679299354553,0.0,none,none,185,185,34,7032,101.923,2.5934,2,128.20838345281948,48.12942827505224,43.29211649362697,55.007676357213995,2.0,850
F_adaptive_shrunk,2,0.475,2,AdaptiveGCN,0.0,0.5728679299354553,0.0,none,none,185,185,34,7032,101.923,2.5934,3,163.34523666030807,58.66707590047051,51.36989538257827,71.91957816669033,3.24,850
F_adaptive_shrunk,2,0.475,3,AdaptiveGCN,0.0,0.5307350158691406,0.0,none,none,185,185,34,7032,54.849,1.7684,0,129.58553129443928,46.74276091257731,44.0236058630689,56.9779419885298,nan,2550
F_adaptive_shrunk,2,0.475,3,AdaptiveGCN,0.0,0.5307350158691406,0.0,none,none,185,185,34,7032,54.849,1.7684,1,85.19491672270736,33.43177856220919,37.40880571300148,44.0065714416851,1.0,850
F_adaptive_shrunk,2,0.475,3,AdaptiveGCN,0.0,0.5307350158691406,0.0,none,none,185,185,34,7032,54.849,1.7684,2,128.20838345281948,48.12942827505224,43.29211649362697,55.007676357213995,2.0,850
F_adaptive_shrunk,2,0.475,3,AdaptiveGCN,0.0,0.5307350158691406,0.0,none,none,185,185,34,7032,54.849,1.7684,3,163.34523666030807,58.66707590047051,51.36989538257827,71.91957816669033,3.24,850
F_adaptive_shrunk,2,0.475,4,AdaptiveGCN,0.0,0.8005642890930176,0.0,none,none,185,185,34,7032,24.506,0.7879,0,129.58553129443928,46.74276091257731,44.0236058630689,56.9779419885298,nan,2550
F_adaptive_shrunk,2,0.475,4,AdaptiveGCN,0.0,0.8005642890930176,0.0,none,none,185,185,34,7032,24.506,0.7879,1,85.19491672270736,33.43177856220919,37.40880571300148,44.0065714416851,1.0,850
F_adaptive_shrunk,2,0.475,4,AdaptiveGCN,0.0,0.8005642890930176,0.0,none,none,185,185,34,7032,24.506,0.7879,2,128.20838345281948,48.12942827505224,43.29211649362697,55.007676357213995,2.0,850
F_adaptive_shrunk,2,0.475,4,AdaptiveGCN,0.0,0.8005642890930176,0.0,none,none,185,185,34,7032,24.506,0.7879,3,163.34523666030807,58.66707590047051,51.36989538257827,71.91957816669033,3.24,850
F_adaptive_shrunk,2,0.475,5,AdaptiveGCN,0.0,0.8023864030838013,0.0,none,none,185,185,34,7032,24.66,0.8861,0,129.58553129443928,46.74276091257731,44.0236058630689,56.9779419885298,nan,2550
F_adaptive_shrunk,2,0.475,5,AdaptiveGCN,0.0,0.8023864030838013,0.0,none,none,185,185,34,7032,24.66,0.8861,1,85.19491672270736,33.43177856220919,37.40880571300148,44.0065714416851,1.0,850
F_adaptive_shrunk,2,0.475,5,AdaptiveGCN,0.0,0.8023864030838013,0.0,none,none,185,185,34,7032,24.66,0.8861,2,128.20838345281948,48.12942827505224,43.29211649362697,55.007676357213995,2.0,850
F_adaptive_shrunk,2,0.475,5,AdaptiveGCN,0.0,0.8023864030838013,0.0,none,none,185,185,34,7032,24.66,0.8861,3,163.34523666030807,58.66707590047051,51.36989538257827,71.91957816669033,3.24,850
F_adaptive_shrunk,2,0.475,6,AdaptiveGCN,0.0,0.5475156307220459,0.0,none,none,185,185,34,7032,54.031,0.5953,0,129.58553129443928,46.74276091257731,44.0236058630689,56.9779419885298,nan,2550
F_adaptive_shrunk,2,0.475,6,AdaptiveGCN,0.0,0.5475156307220459,0.0,none,none,185,185,34,7032,54.031,0.5953,1,85.19491672270736,33.43177856220919,37.40880571300148,44.0065714416851,1.0,850
F_adaptive_shrunk,2,0.475,6,AdaptiveGCN,0.0,0.5475156307220459,0.0,none,none,185,185,34,7032,54.031,0.5953,2,128.20838345281948,48.12942827505224,43.29211649362697,55.007676357213995,2.0,850
F_adaptive_shrunk,2,0.475,6,AdaptiveGCN,0.0,0.5475156307220459,0.0,none,none,185,185,34,7032,54.031,0.5953,3,163.34523666030807,58.66707590047051,51.36989538257827,71.91957816669033,3.24,850
F_adaptive_shrunk,2,0.475,7,AdaptiveGCN,0.0,0.5271053314208984,0.0,none,none,185,185,34,7032,52.914,0.6743,0,129.58553129443928,46.74276091257731,44.0236058630689,56.9779419885298,nan,2550
F_adaptive_shrunk,2,0.475,7,AdaptiveGCN,0.0,0.5271053314208984,0.0,none,none,185,185,34,7032,52.914,0.6743,1,85.19491672270736,33.43177856220919,37.40880571300148,44.0065714416851,1.0,850
F_adaptive_shrunk,2,0.475,7,AdaptiveGCN,0.0,0.5271053314208984,0.0,none,none,185,185,34,7032,52.914,0.6743,2,128.20838345281948,48.12942827505224,43.29211649362697,55.007676357213995,2.0,850
F_adaptive_shrunk,2,0.475,7,AdaptiveGCN,0.0,0.5271053314208984,0.0,none,none,185,185,34,7032,52.914,0.6743,3,163.34523666030807,58.66707590047051,51.36989538257827,71.91957816669033,3.24,850
F_adaptive_shrunk,3,0.55,0,AdaptiveGCN,0.0,0.47386959195137024,0.0,none,none,219,219,34,7032,64.536,1.6275,0,21.99310132790398,12.27843207060122,55.149098334253075,65.67583259133461,nan,2550
F_adaptive_shrunk,3,0.55,0,AdaptiveGCN,0.0,0.47386959195137024,0.0,none,none,219,219,34,7032,64.536,1.6275,1,15.631830967683117,9.50470646016738,49.4802236768321,56.728691441293655,1.0,850
F_adaptive_shrunk,3,0.55,0,AdaptiveGCN,0.0,0.47386959195137024,0.0,none,none,219,219,34,7032,64.536,1.6275,2,21.750781577709905,12.298824111153097,56.293326608428885,67.8003424363085,2.5833333333333335,850
F_adaptive_shrunk,3,0.55,0,AdaptiveGCN,0.0,0.47386959195137024,0.0,none,none,219,219,34,7032,64.536,1.6275,3,27.085768946346967,15.031765640483183,59.673744717498245,72.51753254507774,3.5,850
F_adaptive_shrunk,3,0.55,1,AdaptiveGCN,0.0,0.5767888426780701,0.2,none,none,219,219,34,7032,42.894,1.1648,0,21.590057769490354,12.121842012998536,55.48565160267955,64.87929882921138,nan,2550
F_adaptive_shrunk,3,0.55,1,AdaptiveGCN,0.0,0.5767888426780701,0.2,none,none,219,219,34,7032,42.894,1.1648,1,15.576258780204412,9.453789153689629,49.63905976020332,56.137238961220746,1.0416666666666667,850
F_adaptive_shrunk,3,0.55,1,AdaptiveGCN,0.0,0.5767888426780701,0.2,none,none,219,219,34,7032,42.894,1.1648,2,21.541951324622573,12.177696439236016,56.45511655923352,66.97714685456612,2.7083333333333335,850
F_adaptive_shrunk,3,0.55,1,AdaptiveGCN,0.0,0.5767888426780701,0.2,none,none,219,219,34,7032,42.894,1.1648,3,26.300499596195685,14.734040446069969,60.36277848860182,71.54211559531844,3.7916666666666665,850
F_adaptive_shrunk,3,0.55,2,AdaptiveGCN,0.0,0.593041181564331,0.9,none,none,219,219,34,7032,43.737,0.6665,0,20.83540732687935,11.591651735628416,55.58681894121864,60.52255851155981,nan,2550
F_adaptive_shrunk,3,0.55,2,AdaptiveGCN,0.0,0.593041181564331,0.9,none,none,219,219,34,7032,43.737,0.6665,1,16.08064925163294,9.391355228953831,50.19832752179711,53.81776003627794,1.375,850
F_adaptive_shrunk,3,0.55,2,AdaptiveGCN,0.0,0.593041181564331,0.9,none,none,219,219,34,7032,43.737,0.6665,2,20.935078653944206,11.681364874838687,56.452614169074145,63.666776065189346,3.2916666666666665,850
F_adaptive_shrunk,3,0.55,2,AdaptiveGCN,0.0,0.593041181564331,0.9,none,none,219,219,34,7032,43.737,0.6665,3,24.606458437370865,13.70223510309273,60.10951513278465,64.09555222571143,4.625,850
F_adaptive_shrunk,3,0.55,3,AdaptiveGCN,0.0,0.7233406901359558,0.0,none,none,219,219,34,7032,35.438,0.8024,0,21.99310132790398,12.27843207060122,55.149098334253075,65.67583259133461,nan,2550
F_adaptive_shrunk,3,0.55,3,AdaptiveGCN,0.0,0.7233406901359558,0.0,none,none,219,219,34,7032,35.438,0.8024,1,15.631830967683117,9.50470646016738,49.4802236768321,56.728691441293655,1.0,850
F_adaptive_shrunk,3,0.55,3,AdaptiveGCN,0.0,0.7233406901359558,0.0,none,none,219,219,34,7032,35.438,0.8024,2,21.750781577709905,12.298824111153097,56.293326608428885,67.8003424363085,2.5833333333333335,850
F_adaptive_shrunk,3,0.55,3,AdaptiveGCN,0.0,0.7233406901359558,0.0,none,none,219,219,34,7032,35.438,0.8024,3,27.085768946346967,15.031765640483183,59.673744717498245,72.51753254507774,3.5,850
F_adaptive_shrunk,3,0.55,4,AdaptiveGCN,0.0,0.7457812428474426,0.0,none,none,219,219,34,7032,31.719,0.5977,0,21.99310132790398,12.27843207060122,55.149098334253075,65.67583259133461,nan,2550
F_adaptive_shrunk,3,0.55,4,AdaptiveGCN,0.0,0.7457812428474426,0.0,none,none,219,219,34,7032,31.719,0.5977,1,15.631830967683117,9.50470646016738,49.4802236768321,56.728691441293655,1.0,850
F_adaptive_shrunk,3,0.55,4,AdaptiveGCN,0.0,0.7457812428474426,0.0,none,none,219,219,34,7032,31.719,0.5977,2,21.750781577709905,12.298824111153097,56.293326608428885,67.8003424363085,2.5833333333333335,850
F_adaptive_shrunk,3,0.55,4,AdaptiveGCN,0.0,0.7457812428474426,0.0,none,none,219,219,34,7032,31.719,0.5977,3,27.085768946346967,15.031765640483183,59.673744717498245,72.51753254507774,3.5,850
F_adaptive_shrunk,3,0.55,5,AdaptiveGCN,0.0,0.4619936943054199,1.0,none,none,219,219,34,7032,85.411,0.8424,0,22.738532427020054,12.604685990290497,57.071532222012834,66.67746802946264,nan,2550
F_adaptive_shrunk,3,0.55,5,AdaptiveGCN,0.0,0.4619936943054199,1.0,none,none,219,219,34,7032,85.411,0.8424,1,16.98392303063834,10.006740088784957,52.00802745500912,60.72133027483248,1.0,850
F_adaptive_shrunk,3,0.55,5,AdaptiveGCN,0.0,0.4619936943054199,1.0,none,none,219,219,34,7032,85.411,0.8424,2,22.496464506519747,12.855447218204464,57.93338557647086,70.39976920351864,3.125,850
F_adaptive_shrunk,3,0.55,5,AdaptiveGCN,0.0,0.4619936943054199,1.0,none,none,219,219,34,7032,85.411,0.8424,3,27.50596324436171,14.951870663882069,61.273183634558535,68.92120784381574,3.8333333333333335,850
F_adaptive_shrunk,3,0.55,6,AdaptiveGCN,0.0,0.6298875212669373,0.4,none,none,219,219,34,7032,41.074,1.2481,0,21.548569826363433,12.08914599694572,55.39993864037462,64.92689144488283,nan,2550
F_adaptive_shrunk,3,0.55,6,AdaptiveGCN,0.0,0.6298875212669373,0.4,none,none,219,219,34,7032,41.074,1.2481,1,16.06770019872434,9.618706538088016,49.79185221488642,56.99888806434167,1.125,850
F_adaptive_shrunk,3,0.55,6,AdaptiveGCN,0.0,0.6298875212669373,0.4,none,none,219,219,34,7032,41.074,1.2481,2,21.347068141150306,12.035085779108682,56.50961034095781,66.72262174484572,2.6666666666666665,850
F_adaptive_shrunk,3,0.55,6,AdaptiveGCN,0.0,0.6298875212669373,0.4,none,none,219,219,34,7032,41.074,1.2481,3,26.060588573284004,14.613645673640455,59.89835336527967,71.07616606894494,3.625,850
F_adaptive_shrunk,3,0.55,7,AdaptiveGCN,0.0,0.6626695394515991,0.7,none,none,219,219,34,7032,37.144,0.6723,0,21.161525634390763,11.988570123806724,55.28791199005026,64.8692482174732,nan,2550
F_adaptive_shrunk,3,0.55,7,AdaptiveGCN,0.0,0.6626695394515991,0.7,none,none,219,219,34,7032,37.144,0.6723,1,15.924637322642868,9.566685971819098,49.677414863781074,56.979250153955775,1.25,850
F_adaptive_shrunk,3,0.55,7,AdaptiveGCN,0.0,0.6626695394515991,0.7,none,none,219,219,34,7032,37.144,0.6723,2,20.872092159334485,11.907953690413372,55.96835707487629,66.8300512645684,2.9583333333333335,850
F_adaptive_shrunk,3,0.55,7,AdaptiveGCN,0.0,0.6626695394515991,0.7,none,none,219,219,34,7032,37.144,0.6723,3,25.57718116914899,14.491070709187701,60.21796403149343,70.81515326180343,3.4166666666666665,850
F_adaptive_shrunk,4,0.625,0,AdaptiveGCN,0.0,0.6214057207107544,1.0,none,none,253,253,34,7032,45.817,0.8907,0,30.687794067808255,14.283762986690682,52.24431863221044,56.85129597286355,nan,2550
F_adaptive_shrunk,4,0.625,0,AdaptiveGCN,0.0,0.6214057207107544,1.0,none,none,253,253,34,7032,45.817,0.8907,1,27.102686512706,12.718473125420621,51.024711325009896,54.729513881270734,2.6666666666666665,850
F_adaptive_shrunk,4,0.625,0,AdaptiveGCN,0.0,0.6214057207107544,1.0,none,none,253,253,34,7032,45.817,0.8907,2,28.32698309857879,13.578050359431106,51.43312535310947,57.038438105672995,3.3333333333333335,850
F_adaptive_shrunk,4,0.625,0,AdaptiveGCN,0.0,0.6214057207107544,1.0,none,none,253,253,34,7032,45.817,0.8907,3,35.8921791839314,16.55476547522032,54.275119218511946,58.785935931646925,3.7916666666666665,850
F_adaptive_shrunk,4,0.625,1,AdaptiveGCN,0.0,0.6802629232406616,1.0,none,none,253,253,34,7032,41.115,0.8007,0,30.716629022154642,14.398461031564603,51.816455942513706,58.83610603415157,nan,2550
F_adaptive_shrunk,4,0.625,1,AdaptiveGCN,0.0,0.6802629232406616,1.0,none,none,253,253,34,7032,41.115,0.8007,1,27.516844642541045,13.257310108428491,51.150371475222734,59.83427055384016,3.25,850
F_adaptive_shrunk,4,0.625,1,AdaptiveGCN,0.0,0.6802629232406616,1.0,none,none,253,253,34,7032,41.115,0.8007,2,28.727762810667535,13.934939029015162,51.568260930039436,60.2737481373306,4.041666666666667,850
F_adaptive_shrunk,4,0.625,1,AdaptiveGCN,0.0,0.6802629232406616,1.0,none,none,253,253,34,7032,41.115,0.8007,3,35.32807382615569,16.003133957250153,52.73073542227894,56.400299411283974,4.291666666666667,850
F_adaptive_shrunk,4,0.625,2,AdaptiveGCN,0.0,0.4469342529773712,0.9,none,none,253,253,34,7032,84.651,1.03,0,33.45913359647063,15.586184836241289,53.06588226431215,60.31494207010778,nan,2550
F_adaptive_shrunk,4,0.625,2,AdaptiveGCN,0.0,0.4469342529773712,0.9,none,none,253,253,34,7032,84.651,1.03,1,28.658399533265168,13.41832316208083,50.982495672529026,57.4786143049072,2.875,850
F_adaptive_shrunk,4,0.625,2,AdaptiveGCN,0.0,0.4469342529773712,0.9,none,none,253,253,34,7032,84.651,1.03,2,31.033944436312638,14.860307250856147,52.54996341419719,59.11083803515553,3.5833333333333335,850
F_adaptive_shrunk,4,0.625,2,AdaptiveGCN,0.0,0.4469342529773712,0.9,none,none,253,253,34,7032,84.651,1.03,3,39.67532346427708,18.479924095786888,55.66518770621024,64.3553738702606,5.0,850
F_adaptive_shrunk,4,0.625,3,AdaptiveGCN,0.0,0.6656590700149536,1.0,none,none,253,253,34,7032,45.29,0.5219,0,30.80118306961784,14.036638402292338,52.068656191512794,54.65623572327591,nan,2550
F_adaptive_shrunk,4,0.625,3,AdaptiveGCN,0.0,0.6656590700149536,1.0,none,none,253,253,34,7032,45.29,0.5219,1,26.859820340850327,12.520814396044349,50.867288402916735,55.24490825213169,2.6666666666666665,850
F_adaptive_shrunk,4,0.625,3,AdaptiveGCN,0.0,0.6656590700149536,1.0,none,none,253,253,34,7032,45.29,0.5219,2,29.31273960408841,13.595414813720614,51.244567139063335,52.83950726047991,3.2916666666666665,850
F_adaptive_shrunk,4,0.625,3,AdaptiveGCN,0.0,0.6656590700149536,1.0,none,none,253,253,34,7032,45.29,0.5219,3,35.57319192347642,15.99368599711205,54.09411303255832,55.88429165721611,3.5416666666666665,850
F_adaptive_shrunk,4,0.625,4,AdaptiveGCN,0.0,0.6215877532958984,1.0,none,none,253,253,34,7032,47.238,1.0265,0,31.05836816532682,14.30146728757294,51.76585063666612,55.782000039295845,nan,2550
F_adaptive_shrunk,4,0.625,4,AdaptiveGCN,0.0,0.6215877532958984,1.0,none,none,253,253,34,7032,47.238,1.0265,1,26.971394431719084,12.630075934247717,50.09010964776096,53.74712615017331,3.75,850
F_adaptive_shrunk,4,0.625,4,AdaptiveGCN,0.0,0.6215877532958984,1.0,none,none,253,253,34,7032,47.238,1.0265,2,29.1776983997204,13.893735338925001,50.87198417995299,56.42827456553016,5.416666666666667,850
F_adaptive_shrunk,4,0.625,4,AdaptiveGCN,0.0,0.6215877532958984,1.0,none,none,253,253,34,7032,47.238,1.0265,3,36.26392832805824,16.380590589546106,54.33545808228439,57.17059940218404,5.416666666666667,850
F_adaptive_shrunk,4,0.625,5,AdaptiveGCN,0.0,0.6028811931610107,1.0,none,none,253,253,34,7032,49.104,1.9472,0,31.608981567400896,14.505922620550766,52.752889669015815,56.39852573618498,nan,2550
F_adaptive_shrunk,4,0.625,5,AdaptiveGCN,0.0,0.6028811931610107,1.0,none,none,253,253,34,7032,49.104,1.9472,1,27.90646779303415,13.040337937301134,51.38565743516301,57.07433337250303,2.7083333333333335,850
F_adaptive_shrunk,4,0.625,5,AdaptiveGCN,0.0,0.6028811931610107,1.0,none,none,253,253,34,7032,49.104,1.9472,2,29.929034035519802,13.949691996671916,51.96173548213371,55.5111309010252,3.375,850
F_adaptive_shrunk,4,0.625,5,AdaptiveGCN,0.0,0.6028811931610107,1.0,none,none,253,253,34,7032,49.104,1.9472,3,36.37121285030118,16.527737927679247,54.911276089750714,56.6101129350267,3.75,850
F_adaptive_shrunk,4,0.625,6,AdaptiveGCN,0.0,0.6913576126098633,1.0,none,none,253,253,34,7032,40.596,0.6037,0,30.426532658978264,14.300647455015238,52.441030682689885,57.640875593981065,nan,2550
F_adaptive_shrunk,4,0.625,6,AdaptiveGCN,0.0,0.6913576126098633,1.0,none,none,253,253,34,7032,40.596,0.6037,1,27.02365064698371,12.875397929956808,51.08419760291818,57.411779838760765,2.2916666666666665,850
F_adaptive_shrunk,4,0.625,6,AdaptiveGCN,0.0,0.6913576126098633,1.0,none,none,253,253,34,7032,40.596,0.6037,2,28.40905136087201,13.814239380062721,51.93519402000295,57.26587307009004,3.25,850
F_adaptive_shrunk,4,0.625,6,AdaptiveGCN,0.0,0.6913576126098633,1.0,none,none,253,253,34,7032,40.596,0.6037,3,35.213204560629315,16.212305055026185,54.303700425148506,58.24497387309236,3.7916666666666665,850
F_adaptive_shrunk,4,0.625,7,AdaptiveGCN,0.0,0.5249167680740356,1.0,none,none,253,253,34,7032,54.61,0.595,0,31.83404789390097,14.825031994476198,51.95705750914146,56.937644704597204,nan,2550
F_adaptive_shrunk,4,0.625,7,AdaptiveGCN,0.0,0.5249167680740356,1.0,none,none,253,253,34,7032,54.61,0.595,1,27.5992781367591,13.036988021208124,49.80404087069492,56.36241847146768,4.541666666666667,850
F_adaptive_shrunk,4,0.625,7,AdaptiveGCN,0.0,0.5249167680740356,1.0,none,none,253,253,34,7032,54.61,0.595,2,30.37167526069592,14.517668797132723,51.11308446178868,56.22995114295929,6.916666666666667,850
F_adaptive_shrunk,4,0.625,7,AdaptiveGCN,0.0,0.5249167680740356,1.0,none,none,253,253,34,7032,54.61,0.595,3,36.824733592005586,16.920439165087746,54.95404719494079,58.22056449936463,7.291666666666667,850
F_adaptive_shrunk,5,0.7,0,AdaptiveGCN,0.0,0.6029998064041138,1.0,none,none,287,287,34,7032,53.993,0.5811,0,55.89418251089165,28.45487019975542,44.90738714368552,52.287615793872554,nan,2550
F_adaptive_shrunk,5,0.7,0,AdaptiveGCN,0.0,0.6029998064041138,1.0,none,none,287,287,34,7032,53.993,0.5811,1,40.40121822392722,21.6896289402115,38.04550035562785,40.51858264031682,1.24,850
F_adaptive_shrunk,5,0.7,0,AdaptiveGCN,0.0,0.6029998064041138,1.0,none,none,287,287,34,7032,53.993,0.5811,2,54.85418779286602,28.593037065828547,43.41393349143887,47.515919571936024,2.92,850
F_adaptive_shrunk,5,0.7,0,AdaptiveGCN,0.0,0.6029998064041138,1.0,none,none,287,287,34,7032,53.993,0.5811,3,68.78399932608018,35.08194459322621,53.26272758398984,69.04909373618497,4.0,850
F_adaptive_shrunk,5,0.7,1,AdaptiveGCN,0.0,0.6174805760383606,1.0,none,none,287,287,34,7032,55.088,1.5804,0,57.02958669392702,29.549444422305324,46.84824577875118,54.59883405520266,nan,2550
F_adaptive_shrunk,5,0.7,1,AdaptiveGCN,0.0,0.6174805760383606,1.0,none,none,287,287,34,7032,55.088,1.5804,1,40.80796539437881,21.502524494093787,39.01376804002033,39.71024087775736,1.2,850
F_adaptive_shrunk,5,0.7,1,AdaptiveGCN,0.0,0.6174805760383606,1.0,none,none,287,287,34,7032,55.088,1.5804,2,56.07710567537471,29.878217659193805,45.89699813151575,49.817580655339036,3.84,850
F_adaptive_shrunk,5,0.7,1,AdaptiveGCN,0.0,0.6174805760383606,1.0,none,none,287,287,34,7032,55.088,1.5804,3,70.33625988694915,37.267591113628384,55.633971164717465,74.53347679838957,4.166666666666667,850
F_adaptive_shrunk,5,0.7,2,AdaptiveGCN,0.0,0.5639709234237671,1.0,none,none,287,287,34,7032,61.216,1.435,0,59.04899383305783,29.506136275788624,46.538940391405944,52.51855837434858,nan,2550
F_adaptive_shrunk,5,0.7,2,AdaptiveGCN,0.0,0.5639709234237671,1.0,none,none,287,287,34,7032,61.216,1.435,1,42.71596521696955,22.30111398888204,38.89762749045645,39.53150808378879,1.24,850
F_adaptive_shrunk,5,0.7,2,AdaptiveGCN,0.0,0.5639709234237671,1.0,none,none,287,287,34,7032,61.216,1.435,2,58.093927907195955,29.737865655762967,45.228277064222645,47.56874448489279,3.16,850
F_adaptive_shrunk,5,0.7,2,AdaptiveGCN,0.0,0.5639709234237671,1.0,none,none,287,287,34,7032,61.216,1.435,3,72.53132339883004,36.479429182720864,55.49091661953871,70.695378864481,3.9583333333333335,850
F_adaptive_shrunk,5,0.7,3,AdaptiveGCN,0.0,0.6923133134841919,1.0,none,none,287,287,34,7032,50.539,0.5925,0,56.049737675634056,29.68892890467911,48.39676032637733,57.331395025281736,nan,2550
F_adaptive_shrunk,5,0.7,3,AdaptiveGCN,0.0,0.6923133134841919,1.0,none,none,287,287,34,7032,50.539,0.5925,1,41.80529338926025,22.593610436339446,42.175239756996056,42.808566109856166,1.0,850
F_adaptive_shrunk,5,0.7,3,AdaptiveGCN,0.0,0.6923133134841919,1.0,none,none,287,287,34,7032,50.539,0.5925,2,54.50839470887104,30.0096358184752,47.75363278850414,54.31250232028522,2.12,850
F_adaptive_shrunk,5,0.7,3,AdaptiveGCN,0.0,0.6923133134841919,1.0,none,none,287,287,34,7032,50.539,0.5925,3,68.59935591113059,36.463540459222685,55.261408433631786,75.11245230820661,3.7083333333333335,850
F_adaptive_shrunk,5,0.7,4,AdaptiveGCN,0.0,0.6279460191726685,1.0,none,none,287,287,34,7032,54.145,1.7949,0,57.38327043975741,28.42763912118467,45.52748299255965,49.69610370164646,nan,2550
F_adaptive_shrunk,5,0.7,4,AdaptiveGCN,0.0,0.6279460191726685,1.0,none,none,287,287,34,7032,54.145,1.7949,1,41.56405002763625,21.935280679769416,39.78041942702512,40.48551047061577,1.04,850
F_adaptive_shrunk,5,0.7,4,AdaptiveGCN,0.0,0.6279460191726685,1.0,none,none,287,287,34,7032,54.145,1.7949,2,56.775020720975995,28.738061081308818,43.90133186604198,45.53467334735055,2.88,850
F_adaptive_shrunk,5,0.7,4,AdaptiveGCN,0.0,0.6279460191726685,1.0,none,none,287,287,34,7032,54.145,1.7949,3,70.19648101236918,34.60957560247577,52.900697684611856,63.24580897548775,3.7916666666666665,850
F_adaptive_shrunk,5,0.7,5,AdaptiveGCN,0.0,0.5545756816864014,0.9,none,none,287,287,34,7032,60.894,0.6504,0,58.645612897999655,30.067554361935084,47.02767714131712,54.52091182787938,nan,2550
F_adaptive_shrunk,5,0.7,5,AdaptiveGCN,0.0,0.5545756816864014,0.9,none,none,287,287,34,7032,60.894,0.6504,1,41.34969261910997,21.87412274119444,39.56693562444933,40.19838547139836,2.04,850
F_adaptive_shrunk,5,0.7,5,AdaptiveGCN,0.0,0.5545756816864014,0.9,none,none,287,287,34,7032,60.894,0.6504,2,58.570083113543014,30.79308768159874,45.95105638697957,49.918375865529626,3.4,850
F_adaptive_shrunk,5,0.7,5,AdaptiveGCN,0.0,0.5545756816864014,0.9,none,none,287,287,34,7032,60.894,0.6504,3,71.95604228224242,37.535452663012066,55.565039412522474,73.70073805654684,4.0,850
F_adaptive_shrunk,5,0.7,6,AdaptiveGCN,0.0,0.566001296043396,0.9,none,none,287,287,34,7032,62.189,0.5873,0,57.5564305880404,29.436563451944977,46.435358879128955,55.46051033115232,nan,2550
F_adaptive_shrunk,5,0.7,6,AdaptiveGCN,0.0,0.566001296043396,0.9,none,none,287,287,34,7032,62.189,0.5873,1,41.9056773934923,22.203176356281208,39.491600755911435,41.41088829107973,1.44,850
F_adaptive_shrunk,5,0.7,6,AdaptiveGCN,0.0,0.566001296043396,0.9,none,none,287,287,34,7032,62.189,0.5873,2,57.12474502621625,30.09950340318329,45.487628945083074,51.82567105934442,3.48,850
F_adaptive_shrunk,5,0.7,6,AdaptiveGCN,0.0,0.566001296043396,0.9,none,none,287,287,34,7032,62.189,0.5873,3,70.13491152051216,36.007010596370435,54.32684693639238,73.38474039576914,4.416666666666667,850
F_adaptive_shrunk,5,0.7,7,AdaptiveGCN,0.0,0.5336142182350159,1.0,none,none,287,287,34,7032,62.422,1.1317,0,59.47334224368664,30.47191836036041,47.284356844350995,54.86282302907999,nan,2550
F_adaptive_shrunk,5,0.7,7,AdaptiveGCN,0.0,0.5336142182350159,1.0,none,none,287,287,34,7032,62.422,1.1317,1,42.626145229713764,22.551996963865403,39.604738623258754,40.229604322794536,1.84,850
F_adaptive_shrunk,5,0.7,7,AdaptiveGCN,0.0,0.5336142182350159,1.0,none,none,287,287,34,7032,62.422,1.1317,2,59.58769416166314,31.104270567938904,46.66210655196637,50.002194535543296,3.84,850
F_adaptive_shrunk,5,0.7,7,AdaptiveGCN,0.0,0.5336142182350159,1.0,none,none,287,287,34,7032,62.422,1.1317,3,72.41238678745158,37.75948754927691,55.58622535782786,74.61878426502372,4.375,850
F_adaptive_shrunk,6,0.775,0,AdaptiveGCN,0.0,0.7076786756515503,0.4,none,none,321,321,34,7032,52.731,0.9296,0,10.658737610607682,5.317186559803028,79.47012592874508,85.84338551338388,nan,2550
F_adaptive_shrunk,6,0.775,0,AdaptiveGCN,0.0,0.7076786756515503,0.4,none,none,321,321,34,7032,52.731,0.9296,1,8.408949287455918,4.377589569199379,70.87696106457709,70.34183782081801,2.2142857142857144,850
F_adaptive_shrunk,6,0.775,0,AdaptiveGCN,0.0,0.7076786756515503,0.4,none,none,321,321,34,7032,52.731,0.9296,2,10.431764495016502,5.261929244995323,80.58466167115672,86.1296163767639,4.0,850
F_adaptive_shrunk,6,0.775,0,AdaptiveGCN,0.0,0.7076786756515503,0.4,none,none,321,321,34,7032,52.731,0.9296,3,12.700154477676877,6.312040865214384,86.94875505050152,101.108544232242,4.642857142857143,850
F_adaptive_shrunk,6,0.775,1,AdaptiveGCN,0.0,0.5864567756652832,0.4,none,none,321,321,34,7032,61.521,1.2126,0,11.037818495232072,5.5203634379797055,94.47920423412181,90.18470302264889,nan,2550
F_adaptive_shrunk,6,0.775,1,AdaptiveGCN,0.0,0.5864567756652832,0.4,none,none,321,321,34,7032,61.521,1.2126,1,8.711207907946411,4.54652819183614,92.87597797163673,73.68438717300192,3.357142857142857,850
F_adaptive_shrunk,6,0.775,1,AdaptiveGCN,0.0,0.5864567756652832,0.4,none,none,321,321,34,7032,61.521,1.2126,2,10.822867602874275,5.466483677757958,94.7328630391542,90.55556466877837,5.0,850
F_adaptive_shrunk,6,0.775,1,AdaptiveGCN,0.0,0.5864567756652832,0.4,none,none,321,321,34,7032,61.521,1.2126,3,13.133190969305515,6.548078444345019,95.82877169157443,106.36762091342806,5.5,850
F_adaptive_shrunk,6,0.775,2,AdaptiveGCN,0.0,0.785916268825531,0.4,none,none,321,321,34,7032,44.452,0.6061,0,10.637024504292512,5.326758159754065,86.77881493573855,86.41816482573367,nan,2550
F_adaptive_shrunk,6,0.775,2,AdaptiveGCN,0.0,0.785916268825531,0.4,none,none,321,321,34,7032,44.452,0.6061,1,8.596547338443155,4.499246697206228,95.15694161106664,73.40049209649584,2.5,850
F_adaptive_shrunk,6,0.775,2,AdaptiveGCN,0.0,0.785916268825531,0.4,none,none,321,321,34,7032,44.452,0.6061,2,10.323708061184519,5.220310903442441,80.02981037553137,85.60398195946532,4.0,850
F_adaptive_shrunk,6,0.775,2,AdaptiveGCN,0.0,0.785916268825531,0.4,none,none,321,321,34,7032,44.452,0.6061,3,12.607906116405605,6.260716878613525,85.14969282061769,100.2853361018498,4.571428571428571,850
F_adaptive_shrunk,6,0.775,3,AdaptiveGCN,0.0,0.6514967083930969,0.6,none,none,321,321,34,7032,59.318,1.1781,0,10.650813122870842,5.305422947646881,78.60045848825024,85.68610723117794,nan,2550
F_adaptive_shrunk,6,0.775,3,AdaptiveGCN,0.0,0.6514967083930969,0.6,none,none,321,321,34,7032,59.318,1.1781,1,8.497075746716064,4.415179962182336,76.98175440880466,71.10693764141546,2.2142857142857144,850
F_adaptive_shrunk,6,0.775,3,AdaptiveGCN,0.0,0.6514967083930969,0.6,none,none,321,321,34,7032,59.318,1.1781,2,10.412794376083706,5.253518231968834,76.34265457128268,85.47765723164747,4.0,850
F_adaptive_shrunk,6,0.775,3,AdaptiveGCN,0.0,0.6514967083930969,0.6,none,none,321,321,34,7032,59.318,1.1781,3,12.63696472935342,6.247570648789474,82.47696648466342,100.51764083470562,5.5,850
F_adaptive_shrunk,6,0.775,4,AdaptiveGCN,0.0,0.7873312830924988,0.5,none,none,321,321,34,7032,44.942,0.7791,0,10.705983378313846,5.359138937147845,93.20461581925373,87.33194461007842,nan,2550
F_adaptive_shrunk,6,0.775,4,AdaptiveGCN,0.0,0.7873312830924988,0.5,none,none,321,321,34,7032,44.942,0.7791,1,8.617088550395644,4.505548401653993,94.8634456072665,73.02414909723541,2.2142857142857144,850
F_adaptive_shrunk,6,0.775,4,AdaptiveGCN,0.0,0.7873312830924988,0.5,none,none,321,321,34,7032,44.942,0.7791,2,10.457398823753607,5.291182374665069,92.20426513268106,87.72346226017041,4.0,850
F_adaptive_shrunk,6,0.775,4,AdaptiveGCN,0.0,0.7873312830924988,0.5,none,none,321,321,34,7032,44.942,0.7791,3,12.658705899332444,6.280686035124475,92.54613671781368,101.29501574666833,4.571428571428571,850
F_adaptive_shrunk,6,0.775,5,AdaptiveGCN,0.0,0.7897130250930786,0.5,none,none,321,321,34,7032,48.728,0.639,0,10.575883070251379,5.281820976425792,78.78212075806967,85.31746390137988,nan,2550
F_adaptive_shrunk,6,0.775,5,AdaptiveGCN,0.0,0.7897130250930786,0.5,none,none,321,321,34,7032,48.728,0.639,1,8.484270895098614,4.421327427799111,73.54384565102356,71.13235704717991,3.357142857142857,850
F_adaptive_shrunk,6,0.775,5,AdaptiveGCN,0.0,0.7897130250930786,0.5,none,none,321,321,34,7032,48.728,0.639,2,10.335870885422134,5.2170770704101725,77.70951940847492,85.54701881866762,4.0,850
F_adaptive_shrunk,6,0.775,5,AdaptiveGCN,0.0,0.7897130250930786,0.5,none,none,321,321,34,7032,48.728,0.639,3,12.519378122149474,6.207058431068093,85.0929972147105,99.31842426213329,4.571428571428571,850
F_adaptive_shrunk,6,0.775,6,AdaptiveGCN,0.0,0.7603238821029663,0.5,none,none,321,321,34,7032,47.74,0.8657,0,10.711524007007338,5.359586381788232,86.89001568631896,86.91056923947247,nan,2550
F_adaptive_shrunk,6,0.775,6,AdaptiveGCN,0.0,0.7603238821029663,0.5,none,none,321,321,34,7032,47.74,0.8657,1,8.530290673820673,4.459866467027288,78.90185110058157,71.8388220521805,3.357142857142857,850
F_adaptive_shrunk,6,0.775,6,AdaptiveGCN,0.0,0.7603238821029663,0.5,none,none,321,321,34,7032,47.74,0.8657,2,10.50361924668119,5.298831879361019,88.11372680338518,87.34125235148603,4.0,850
F_adaptive_shrunk,6,0.775,6,AdaptiveGCN,0.0,0.7603238821029663,0.5,none,none,321,321,34,7032,47.74,0.8657,3,12.693240854839244,6.320060798976389,93.65446915499011,101.60103831757665,4.571428571428571,850
F_adaptive_shrunk,6,0.775,7,AdaptiveGCN,0.0,0.7019898295402527,0.4,none,none,321,321,34,7032,54.306,0.8544,0,10.81198070352526,5.42581390986485,94.38578272904003,88.52511119456933,nan,2550
F_adaptive_shrunk,6,0.775,7,AdaptiveGCN,0.0,0.7019898295402527,0.4,none,none,321,321,34,7032,54.306,0.8544,1,8.564802146039113,4.476381601084654,89.09336337109768,72.61478522854733,2.2142857142857144,850
F_adaptive_shrunk,6,0.775,7,AdaptiveGCN,0.0,0.7019898295402527,0.4,none,none,321,321,34,7032,54.306,0.8544,2,10.49732239076224,5.3092648080525136,91.53438500298715,87.77750054770976,4.214285714285714,850
F_adaptive_shrunk,6,0.775,7,AdaptiveGCN,0.0,0.7019898295402527,0.4,none,none,321,321,34,7032,54.306,0.8544,3,12.928540792518437,6.491795320457381,102.52959981303526,105.22774580643477,4.642857142857143,850
F_adaptive_shrunk,7,0.85,0,AdaptiveGCN,0.0,0.7578955292701721,0.2,none,none,355,355,34,7032,54.048,0.7957,0,92.13414396058461,22.186264243268617,88.1505100028406,427.7336071509678,nan,2550
F_adaptive_shrunk,7,0.85,0,AdaptiveGCN,0.0,0.7578955292701721,0.2,none,none,355,355,34,7032,54.048,0.7957,1,91.94009912263583,21.08107557725137,85.17723918338606,443.10428985427325,2.76,850
F_adaptive_shrunk,7,0.85,0,AdaptiveGCN,0.0,0.7578955292701721,0.2,none,none,355,355,34,7032,54.048,0.7957,2,92.00127122871615,22.075204370759483,86.4705677138658,342.17518998212074,3.52,850
F_adaptive_shrunk,7,0.85,0,AdaptiveGCN,0.0,0.7578955292701721,0.2,none,none,355,355,34,7032,54.048,0.7957,3,92.46018448861814,23.40251278179499,92.80372311127,497.8074992815629,4.36,850
F_adaptive_shrunk,7,0.85,1,AdaptiveGCN,0.0,0.7554380893707275,0.0,none,none,355,355,34,7032,52.291,0.8808,0,93.21323496962992,22.400784099616256,84.30944531957218,436.62123403354656,nan,2550
F_adaptive_shrunk,7,0.85,1,AdaptiveGCN,0.0,0.7554380893707275,0.0,none,none,355,355,34,7032,52.291,0.8808,1,92.48093679382518,21.167058670380538,81.54886475186524,447.79490957833985,2.76,850
F_adaptive_shrunk,7,0.85,1,AdaptiveGCN,0.0,0.7554380893707275,0.0,none,none,355,355,34,7032,52.291,0.8808,2,93.27422630719364,22.341176297243905,85.89823650657293,350.80486579542,3.52,850
F_adaptive_shrunk,7,0.85,1,AdaptiveGCN,0.0,0.7554380893707275,0.0,none,none,355,355,34,7032,52.291,0.8808,3,93.87926585269642,23.69411733122433,85.48123470027838,511.1130022200871,4.36,850
F_adaptive_shrunk,7,0.85,2,AdaptiveGCN,0.0,0.663027822971344,0.0,none,none,355,355,34,7032,64.93,0.9749,0,93.21323496962992,22.400784099616256,84.30944531957218,436.62123403354656,nan,2550
F_adaptive_shrunk,7,0.85,2,AdaptiveGCN,0.0,0.663027822971344,0.0,none,none,355,355,34,7032,64.93,0.9749,1,92.48093679382518,21.167058670380538,81.54886475186524,447.79490957833985,2.76,850
F_adaptive_shrunk,7,0.85,2,AdaptiveGCN,0.0,0.663027822971344,0.0,none,none,355,355,34,7032,64.93,0.9749,2,93.27422630719364,22.341176297243905,85.89823650657293,350.80486579542,3.52,850
F_adaptive_shrunk,7,0.85,2,AdaptiveGCN,0.0,0.663027822971344,0.0,none,none,355,355,34,7032,64.93,0.9749,3,93.87926585269642,23.69411733122433,85.48123470027838,511.1130022200871,4.36,850
F_adaptive_shrunk,7,0.85,3,AdaptiveGCN,0.0,0.7523812651634216,0.0,none,none,355,355,34,7032,55.517,0.8075,0,93.21323496962992,22.400784099616256,84.30944531957218,436.62123403354656,nan,2550
F_adaptive_shrunk,7,0.85,3,AdaptiveGCN,0.0,0.7523812651634216,0.0,none,none,355,355,34,7032,55.517,0.8075,1,92.48093679382518,21.167058670380538,81.54886475186524,447.79490957833985,2.76,850
F_adaptive_shrunk,7,0.85,3,AdaptiveGCN,0.0,0.7523812651634216,0.0,none,none,355,355,34,7032,55.517,0.8075,2,93.27422630719364,22.341176297243905,85.89823650657293,350.80486579542,3.52,850
F_adaptive_shrunk,7,0.85,3,AdaptiveGCN,0.0,0.7523812651634216,0.0,none,none,355,355,34,7032,55.517,0.8075,3,93.87926585269642,23.69411733122433,85.48123470027838,511.1130022200871,4.36,850
F_adaptive_shrunk,7,0.85,4,AdaptiveGCN,0.0,0.7791167497634888,0.2,none,none,355,355,34,7032,53.338,0.7605,0,92.18223718277478,22.205175710433284,92.18419618484307,428.4256664260105,nan,2550
F_adaptive_shrunk,7,0.85,4,AdaptiveGCN,0.0,0.7791167497634888,0.2,none,none,355,355,34,7032,53.338,0.7605,1,92.1353582238955,21.10724843999882,92.11714130169491,445.0815875797119,2.76,850
F_adaptive_shrunk,7,0.85,4,AdaptiveGCN,0.0,0.7791167497634888,0.2,none,none,355,355,34,7032,53.338,0.7605,2,92.15527382581963,22.13012182819628,94.96983537311392,344.4047037454258,3.52,850
F_adaptive_shrunk,7,0.85,4,AdaptiveGCN,0.0,0.7791167497634888,0.2,none,none,355,355,34,7032,53.338,0.7605,3,92.25603409591535,23.378156863104753,89.46561187972037,495.6924303216687,4.36,850
F_adaptive_shrunk,7,0.85,5,AdaptiveGCN,0.0,0.7598770260810852,0.0,none,none,355,355,34,7032,53.677,0.782,0,93.21323496962992,22.400784099616256,84.30944531957218,436.62123403354656,nan,2550
F_adaptive_shrunk,7,0.85,5,AdaptiveGCN,0.0,0.7598770260810852,0.0,none,none,355,355,34,7032,53.677,0.782,1,92.48093679382518,21.167058670380538,81.54886475186524,447.79490957833985,2.76,850
F_adaptive_shrunk,7,0.85,5,AdaptiveGCN,0.0,0.7598770260810852,0.0,none,none,355,355,34,7032,53.677,0.782,2,93.27422630719364,22.341176297243905,85.89823650657293,350.80486579542,3.52,850
F_adaptive_shrunk,7,0.85,5,AdaptiveGCN,0.0,0.7598770260810852,0.0,none,none,355,355,34,7032,53.677,0.782,3,93.87926585269642,23.69411733122433,85.48123470027838,511.1130022200871,4.36,850
F_adaptive_shrunk,7,0.85,6,AdaptiveGCN,0.0,0.7848138809204102,0.0,none,none,355,355,34,7032,50.682,0.8288,0,93.21323496962992,22.400784099616256,84.30944531957218,436.62123403354656,nan,2550
F_adaptive_shrunk,7,0.85,6,AdaptiveGCN,0.0,0.7848138809204102,0.0,none,none,355,355,34,7032,50.682,0.8288,1,92.48093679382518,21.167058670380538,81.54886475186524,447.79490957833985,2.76,850
F_adaptive_shrunk,7,0.85,6,AdaptiveGCN,0.0,0.7848138809204102,0.0,none,none,355,355,34,7032,50.682,0.8288,2,93.27422630719364,22.341176297243905,85.89823650657293,350.80486579542,3.52,850
F_adaptive_shrunk,7,0.85,6,AdaptiveGCN,0.0,0.7848138809204102,0.0,none,none,355,355,34,7032,50.682,0.8288,3,93.87926585269642,23.69411733122433,85.48123470027838,511.1130022200871,4.36,850
F_adaptive_shrunk,7,0.85,7,AdaptiveGCN,0.0,0.7834869027137756,0.8,none,none,355,355,34,7032,51.714,0.8175,0,89.9339826397667,21.7493032077543,91.05830204864219,405.3105157784238,nan,2550
F_adaptive_shrunk,7,0.85,7,AdaptiveGCN,0.0,0.7834869027137756,0.8,none,none,355,355,34,7032,51.714,0.8175,1,92.61620230488276,21.23333821491047,94.61242846422718,448.54776515723626,2.76,850
F_adaptive_shrunk,7,0.85,7,AdaptiveGCN,0.0,0.7834869027137756,0.8,none,none,355,355,34,7032,51.714,0.8175,2,90.10986781924733,21.686152082109096,88.44653702717738,326.1761927869083,3.32,850
F_adaptive_shrunk,7,0.85,7,AdaptiveGCN,0.0,0.7834869027137756,0.8,none,none,355,355,34,7032,51.714,0.8175,3,86.98743870564516,22.32841932624332,90.11594065452203,441.35355598606134,3.2,850
F_adaptive_shrunk,8,0.925,0,AdaptiveGCN,0.0,0.40433433651924133,1.0,none,none,389,389,34,7032,144.921,2.5303,0,28.928614346385572,12.898392689304401,82.05306416474406,113.46816944406739,nan,2550
F_adaptive_shrunk,8,0.925,0,AdaptiveGCN,0.0,0.40433433651924133,1.0,none,none,389,389,34,7032,144.921,2.5303,1,25.526253415384453,10.188620947327959,74.40890719171443,86.27809584548083,2.857142857142857,850
F_adaptive_shrunk,8,0.925,0,AdaptiveGCN,0.0,0.40433433651924133,1.0,none,none,389,389,34,7032,144.921,2.5303,2,28.93964940471389,13.118216162447215,83.5246997043375,117.3759072903945,5.142857142857143,850
F_adaptive_shrunk,8,0.925,0,AdaptiveGCN,0.0,0.40433433651924133,1.0,none,none,389,389,34,7032,144.921,2.5303,3,31.960933386112668,15.38834095813803,88.22558559818023,136.58148865965472,5.0476190476190474,850
F_adaptive_shrunk,8,0.925,1,AdaptiveGCN,0.0,0.4943855106830597,1.0,none,none,389,389,34,7032,89.122,0.6249,0,28.014935602031482,12.028521938425781,81.53340033831078,101.30565030653922,nan,2550
F_adaptive_shrunk,8,0.925,1,AdaptiveGCN,0.0,0.4943855106830597,1.0,none,none,389,389,34,7032,89.122,0.6249,1,26.238186948222726,10.459193469117231,77.8534940535275,88.14403552578207,2.9047619047619047,850
F_adaptive_shrunk,8,0.925,1,AdaptiveGCN,0.0,0.4943855106830597,1.0,none,none,389,389,34,7032,89.122,0.6249,2,28.159664490698496,12.070229728974347,79.83050009022303,103.49492595138778,3.7142857142857144,850
F_adaptive_shrunk,8,0.925,1,AdaptiveGCN,0.0,0.4943855106830597,1.0,none,none,389,389,34,7032,89.122,0.6249,3,29.548277306796106,13.556142617185765,86.91620687118179,112.19739046697939,5.857142857142857,850
F_adaptive_shrunk,8,0.925,2,AdaptiveGCN,0.0,0.6529404520988464,1.0,none,none,389,389,34,7032,71.732,0.9224,0,27.57239964998521,11.110544825790207,76.76064454044455,93.46663254909576,nan,2550
F_adaptive_shrunk,8,0.925,2,AdaptiveGCN,0.0,0.6529404520988464,1.0,none,none,389,389,34,7032,71.732,0.9224,1,25.404113618559926,9.563812319844796,70.86724317588927,80.29565761520556,2.1904761904761907,850
F_adaptive_shrunk,8,0.925,2,AdaptiveGCN,0.0,0.6529404520988464,1.0,none,none,389,389,34,7032,71.732,0.9224,2,27.065120541116986,10.816024215553103,76.31840122256038,91.65637367983773,3.380952380952381,850
F_adaptive_shrunk,8,0.925,2,AdaptiveGCN,0.0,0.6529404520988464,1.0,none,none,389,389,34,7032,71.732,0.9224,3,30.04699533606678,12.951797941972721,83.09628922288397,108.35087907159473,5.095238095238095,850
F_adaptive_shrunk,8,0.925,3,AdaptiveGCN,0.0,0.49428024888038635,1.0,none,none,389,389,34,7032,100.082,1.844,0,28.755049197660465,12.288258277569582,82.71874423652001,105.5281185257696,nan,2550
F_adaptive_shrunk,8,0.925,3,AdaptiveGCN,0.0,0.49428024888038635,1.0,none,none,389,389,34,7032,100.082,1.844,1,25.415188248073473,9.875519238480141,77.97703697223723,83.64239955782013,2.857142857142857,850
F_adaptive_shrunk,8,0.925,3,AdaptiveGCN,0.0,0.49428024888038635,1.0,none,none,389,389,34,7032,100.082,1.844,2,27.954666886152854,11.983862637285801,81.45617295020135,104.05237271013026,3.6666666666666665,850
F_adaptive_shrunk,8,0.925,3,AdaptiveGCN,0.0,0.49428024888038635,1.0,none,none,389,389,34,7032,100.082,1.844,3,32.45247862149883,15.005392956942805,88.72302278712152,128.73467741509083,5.857142857142857,850
F_adaptive_shrunk,8,0.925,4,AdaptiveGCN,0.0,0.4967687427997589,1.0,none,none,389,389,34,7032,101.325,0.6426,0,30.01396879804272,13.310727612087229,81.75689132729013,115.75664283370568,nan,2550
F_adaptive_shrunk,8,0.925,4,AdaptiveGCN,0.0,0.4967687427997589,1.0,none,none,389,389,34,7032,101.325,0.6426,1,25.617015277694513,10.353771015225417,73.61946717847792,86.86763048706605,2.761904761904762,850
F_adaptive_shrunk,8,0.925,4,AdaptiveGCN,0.0,0.4967687427997589,1.0,none,none,389,389,34,7032,101.325,0.6426,2,29.563075345739488,13.47234290187658,81.78790725421288,118.56674124007469,3.761904761904762,850
F_adaptive_shrunk,8,0.925,4,AdaptiveGCN,0.0,0.4967687427997589,1.0,none,none,389,389,34,7032,101.325,0.6426,3,34.23898470156705,16.106068919159693,89.86329954917956,141.6505026698755,5.428571428571429,850
F_adaptive_shrunk,8,0.925,5,AdaptiveGCN,0.0,0.3923702836036682,1.0,none,none,389,389,34,7032,138.343,0.9013,0,29.353565774653546,12.806246042484451,80.80951522547204,107.4319105781683,nan,2550
F_adaptive_shrunk,8,0.925,5,AdaptiveGCN,0.0,0.3923702836036682,1.0,none,none,389,389,34,7032,138.343,0.9013,1,25.98059143589434,10.33904321933494,74.09971529306613,86.4681695043257,3.5714285714285716,850
F_adaptive_shrunk,8,0.925,5,AdaptiveGCN,0.0,0.3923702836036682,1.0,none,none,389,389,34,7032,138.343,0.9013,2,29.393447010074027,13.023781921399623,81.9408452594177,110.75063992430665,4.476190476190476,850
F_adaptive_shrunk,8,0.925,5,AdaptiveGCN,0.0,0.3923702836036682,1.0,none,none,389,389,34,7032,138.343,0.9013,3,32.34083506293306,15.055912986718793,86.38798512393228,124.94785765644293,4.571428571428571,850
F_adaptive_shrunk,8,0.925,6,AdaptiveGCN,0.0,0.42040103673934937,1.0,none,none,389,389,34,7032,126.398,0.8304,0,29.329894207392073,12.67984805178373,82.0212642493645,107.62880410484985,nan,2550
F_adaptive_shrunk,8,0.925,6,AdaptiveGCN,0.0,0.42040103673934937,1.0,none,none,389,389,34,7032,126.398,0.8304,1,25.92568075711622,10.323246148110655,74.19797665808485,85.55963852122868,2.857142857142857,850
F_adaptive_shrunk,8,0.925,6,AdaptiveGCN,0.0,0.42040103673934937,1.0,none,none,389,389,34,7032,126.398,0.8304,2,28.90033440194347,12.717317971769063,84.28011550402931,107.98887161854881,3.9047619047619047,850
F_adaptive_shrunk,8,0.925,6,AdaptiveGCN,0.0,0.42040103673934937,1.0,none,none,389,389,34,7032,126.398,0.8304,3,32.76214021376457,14.998980035471472,87.58570058597938,129.18924145997337,5.9523809523809526,850
F_adaptive_shrunk,8,0.925,7,AdaptiveGCN,0.0,0.3534577488899231,1.0,none,none,389,389,34,7032,189.149,1.3601,0,28.147233999517194,12.258408857521363,81.38094369163277,104.75426054793179,nan,2550
F_adaptive_shrunk,8,0.925,7,AdaptiveGCN,0.0,0.3534577488899231,1.0,none,none,389,389,34,7032,189.149,1.3601,1,25.292321356025717,10.073582441570128,73.7543436366973,83.49771410505573,2.857142857142857,850
F_adaptive_shrunk,8,0.925,7,AdaptiveGCN,0.0,0.3534577488899231,1.0,none,none,389,389,34,7032,189.149,1.3601,2,28.28700347137858,12.562208378334146,82.62030001885526,108.7556534306388,4.190476190476191,850
F_adaptive_shrunk,8,0.925,7,AdaptiveGCN,0.0,0.3534577488899231,1.0,none,none,389,389,34,7032,189.149,1.3601,3,30.60954525151381,14.139435752659818,87.76818741934575,121.88114396719443,5.761904761904762,850
F_aug_gan,1,0.4,0,AdaptiveGCN,0.0,0.8098204731941223,1.0,none,gan,227,151,34,7032,40.854,1.0004,0,234.2300505248662,70.98034217856204,71.10081709465788,84.16156543352753,nan,2550
F_aug_gan,1,0.4,0,AdaptiveGCN,0.0,0.8098204731941223,1.0,none,gan,227,151,34,7032,40.854,1.0004,1,356.0622503161217,105.68273306674817,68.65289842149959,110.87114426604474,3.36,850
F_aug_gan,1,0.4,0,AdaptiveGCN,0.0,0.8098204731941223,1.0,none,gan,227,151,34,7032,40.854,1.0004,2,79.82907944727809,37.855857696796164,59.81811859400226,78.55306074702467,2.52,850
F_aug_gan,1,0.4,0,AdaptiveGCN,0.0,0.8098204731941223,1.0,none,gan,227,151,34,7032,40.854,1.0004,3,177.30804178339937,69.40243577214177,84.83143426847182,63.2662247068217,10.64,850
F_aug_gan,1,0.4,1,AdaptiveGCN,0.0,0.805974543094635,1.0,none,gan,227,151,34,7032,34.073,0.7353,0,97.62905575786885,40.50085926036515,64.24309511588407,58.79722525861432,nan,2550
F_aug_gan,1,0.4,1,AdaptiveGCN,0.0,0.805974543094635,1.0,none,gan,227,151,34,7032,34.073,0.7353,1,70.87578238422397,31.194914693516843,57.09974031089662,52.49888922389593,3.04,850
F_aug_gan,1,0.4,1,AdaptiveGCN,0.0,0.805974543094635,1.0,none,gan,227,151,34,7032,34.073,0.7353,2,116.41284601486349,48.37727885672275,72.60964185566336,58.239543256442246,4.52,850
F_aug_gan,1,0.4,1,AdaptiveGCN,0.0,0.805974543094635,1.0,none,gan,227,151,34,7032,34.073,0.7353,3,100.09480675171415,41.93038423085585,63.01990318109226,65.59790907754886,6.2,850
F_aug_gan,1,0.4,2,AdaptiveGCN,0.0,0.7778583765029907,1.0,none,gan,227,151,34,7032,65.985,0.9512,0,140.8416123942695,54.56112325690212,79.3588956333388,62.82740748322462,nan,2550
F_aug_gan,1,0.4,2,AdaptiveGCN,0.0,0.7778583765029907,1.0,none,gan,227,151,34,7032,65.985,0.9512,1,60.86256374991094,28.047213866879396,54.76325803086179,59.58372978511726,4.0,850
F_aug_gan,1,0.4,2,AdaptiveGCN,0.0,0.7778583765029907,1.0,none,gan,227,151,34,7032,65.985,0.9512,2,155.50875289952694,64.1417301868746,92.90291133823607,65.31422007641152,6.0,850
F_aug_gan,1,0.4,2,AdaptiveGCN,0.0,0.7778583765029907,1.0,none,gan,227,151,34,7032,65.985,0.9512,3,177.8253509791977,71.49442571695236,90.41051753091851,63.5658381188498,8.96,850
F_aug_gan,2,0.475,0,AdaptiveGCN,0.0,0.7678980827331543,1.0,none,gan,277,185,34,7032,77.013,1.1259,0,509.4021850654198,109.19448348017885,59.50468333754495,82.8599607288094,nan,2550
F_aug_gan,2,0.475,0,AdaptiveGCN,0.0,0.7678980827331543,1.0,none,gan,277,185,34,7032,77.013,1.1259,1,835.738722934577,191.24590367615224,62.07448350183535,115.12129627442972,2.4,850
F_aug_gan,2,0.475,0,AdaptiveGCN,0.0,0.7678980827331543,1.0,none,gan,277,185,34,7032,77.013,1.1259,2,190.7295765863686,67.43774320437628,52.171383898907855,77.04578976517256,3.12,850
F_aug_gan,2,0.475,0,AdaptiveGCN,0.0,0.7678980827331543,1.0,none,gan,277,185,34,7032,77.013,1.1259,3,208.88938233222763,68.89980356000802,64.26818261189163,56.41279614682592,6.08,850
F_aug_gan,2,0.475,1,AdaptiveGCN,0.0,0.4101642966270447,1.0,none,gan,277,185,34,7032,195.143,1.2409,0,159.5072824487679,55.819717831554655,53.72053969837096,59.466464380746075,nan,2550
F_aug_gan,2,0.475,1,AdaptiveGCN,0.0,0.4101642966270447,1.0,none,gan,277,185,34,7032,195.143,1.2409,1,97.37172235672926,36.9623501414981,42.08657346493304,40.89313999225475,1.28,850
F_aug_gan,2,0.475,1,AdaptiveGCN,0.0,0.4101642966270447,1.0,none,gan,277,185,34,7032,195.143,1.2409,2,144.27508673633506,53.974474141799355,58.99332266445092,48.85704401554193,1.44,850
F_aug_gan,2,0.475,1,AdaptiveGCN,0.0,0.4101642966270447,1.0,none,gan,277,185,34,7032,195.143,1.2409,3,214.5487508588202,76.52232921136653,60.081722965728936,88.64920913444153,3.4,850
F_aug_gan,2,0.475,2,AdaptiveGCN,0.0,0.8178955316543579,1.0,none,gan,277,185,34,7032,40.089,0.8011,0,217.82763452372106,71.98259399419614,58.48549597059448,54.71034851404261,nan,2550
F_aug_gan,2,0.475,2,AdaptiveGCN,0.0,0.8178955316543579,1.0,none,gan,277,185,34,7032,40.089,0.8011,1,189.9100784448944,64.24874860574218,46.4854773939347,62.96011263261616,1.12,850
F_aug_gan,2,0.475,2,AdaptiveGCN,0.0,0.8178955316543579,1.0,none,gan,277,185,34,7032,40.089,0.8011,2,239.9590091694938,80.6654140299997,66.21703034897244,50.00327567961508,8.72,850
F_aug_gan,2,0.475,2,AdaptiveGCN,0.0,0.8178955316543579,1.0,none,gan,277,185,34,7032,40.089,0.8011,3,220.68183230625988,71.03361934684655,62.753980168876296,51.16765722989655,7.92,850
F_aug_gan,3,0.55,0,AdaptiveGCN,0.0,0.7632617354393005,1.0,none,gan,329,219,34,7032,135.204,1.3209,0,40.182253751515496,19.67716262970193,65.22359976550378,90.5688404372357,nan,2550
F_aug_gan,3,0.55,0,AdaptiveGCN,0.0,0.7632617354393005,1.0,none,gan,329,219,34,7032,135.204,1.3209,1,55.057352232531414,26.547087817349855,65.0304869469243,120.19114639586175,1.75,850
F_aug_gan,3,0.55,0,AdaptiveGCN,0.0,0.7632617354393005,1.0,none,gan,329,219,34,7032,135.204,1.3209,2,29.97774142795013,16.6091493993384,59.81536765217689,94.04013811710284,3.625,850
F_aug_gan,3,0.55,0,AdaptiveGCN,0.0,0.7632617354393005,1.0,none,gan,329,219,34,7032,135.204,1.3209,3,30.23017587900331,15.875250672417529,70.82494469741015,57.39940135787541,4.041666666666667,850
F_aug_gan,3,0.55,1,AdaptiveGCN,0.0,0.5419180393218994,1.0,none,gan,329,219,34,7032,92.622,0.596,0,27.20710089562194,14.106733789809741,62.43620172586527,64.30028479051175,nan,2550
F_aug_gan,3,0.55,1,AdaptiveGCN,0.0,0.5419180393218994,1.0,none,gan,329,219,34,7032,92.622,0.596,1,18.66148946405425,10.21291903415147,53.714061833221784,50.092374749492706,1.6666666666666667,850
F_aug_gan,3,0.55,1,AdaptiveGCN,0.0,0.5419180393218994,1.0,none,gan,329,219,34,7032,92.622,0.596,2,29.3601892472162,15.000202543281347,71.67041116984171,57.18486738609958,3.25,850
F_aug_gan,3,0.55,1,AdaptiveGCN,0.0,0.5419180393218994,1.0,none,gan,329,219,34,7032,92.622,0.596,3,31.786901638635662,17.10707979199641,61.924132174532296,85.66657624741389,3.7083333333333335,850
F_aug_gan,3,0.55,2,AdaptiveGCN,0.0,0.810610294342041,1.0,none,gan,329,219,34,7032,55.715,0.5813,0,26.748379263516778,13.804790659767448,62.60723190917765,61.17364715127926,nan,2550
F_aug_gan,3,0.55,2,AdaptiveGCN,0.0,0.810610294342041,1.0,none,gan,329,219,34,7032,55.715,0.5813,1,19.88188590315058,11.427456836516367,51.94634312421596,67.95793734635369,1.3333333333333333,850
F_aug_gan,3,0.55,2,AdaptiveGCN,0.0,0.810610294342041,1.0,none,gan,329,219,34,7032,55.715,0.5813,2,29.70673034593921,14.96413499999134,70.04873904079153,56.907857593010036,3.875,850
F_aug_gan,3,0.55,2,AdaptiveGCN,0.0,0.810610294342041,1.0,none,gan,329,219,34,7032,55.715,0.5813,3,29.47283774533018,15.022780142794637,65.82661356252547,58.64389767429042,4.0,850
F_aug_gan,4,0.625,0,AdaptiveGCN,0.0,0.8201452493667603,1.0,none,gan,379,253,34,7032,54.022,0.6624,0,57.033711166474475,21.309170394510616,57.03267541695071,70.2002763596383,nan,2550
F_aug_gan,4,0.625,0,AdaptiveGCN,0.0,0.8201452493667603,1.0,none,gan,379,253,34,7032,54.022,0.6624,1,77.98669184919386,27.000135129164246,57.71082703430849,88.9500607027512,2.6666666666666665,850
F_aug_gan,4,0.625,0,AdaptiveGCN,0.0,0.8201452493667603,1.0,none,gan,379,253,34,7032,54.022,0.6624,2,43.9125531530331,18.83085401305381,54.668980606540366,72.8054881879943,4.625,850
F_aug_gan,4,0.625,0,AdaptiveGCN,0.0,0.8201452493667603,1.0,none,gan,379,253,34,7032,54.022,0.6624,3,41.812632041805585,18.09652204131379,58.71821861000321,48.84528018816939,3.625,850
F_aug_gan,4,0.625,1,AdaptiveGCN,0.0,0.5142963528633118,1.0,none,gan,379,253,34,7032,125.954,3.0393,0,36.72461089240066,16.677180150345734,56.49333196082177,55.99430327287119,nan,2550
F_aug_gan,4,0.625,1,AdaptiveGCN,0.0,0.5142963528633118,1.0,none,gan,379,253,34,7032,125.954,3.0393,1,28.215605759746143,12.991420470055411,51.141239465367306,48.86603821592006,2.4583333333333335,850
F_aug_gan,4,0.625,1,AdaptiveGCN,0.0,0.5142963528633118,1.0,none,gan,379,253,34,7032,125.954,3.0393,2,39.46613181661439,18.016813368455452,61.810425093441744,49.82007660592346,7.083333333333333,850
F_aug_gan,4,0.625,1,AdaptiveGCN,0.0,0.5142963528633118,1.0,none,gan,379,253,34,7032,125.954,3.0393,3,41.13873073684818,19.02330661252634,56.528331323656246,69.29679499677005,4.666666666666667,850
F_aug_gan,4,0.625,2,AdaptiveGCN,0.0,0.8164743781089783,1.0,none,gan,379,253,34,7032,60.173,0.5786,0,38.33783627414368,17.303563078168562,58.89196711091388,54.62304386037897,nan,2550
F_aug_gan,4,0.625,2,AdaptiveGCN,0.0,0.8164743781089783,1.0,none,gan,379,253,34,7032,60.173,0.5786,1,28.880085758417128,14.199306786796626,51.774307392915496,64.79504256706508,2.0833333333333335,850
F_aug_gan,4,0.625,2,AdaptiveGCN,0.0,0.8164743781089783,1.0,none,gan,379,253,34,7032,60.173,0.5786,2,42.05677620260305,19.28703065931797,65.4464498205268,50.227945863644905,3.0416666666666665,850
F_aug_gan,4,0.625,2,AdaptiveGCN,0.0,0.8164743781089783,1.0,none,gan,379,253,34,7032,60.173,0.5786,3,42.50337977831616,18.424351788391085,59.455144119299355,48.846143150426954,3.625,850
F_aug_gan,5,0.7,0,AdaptiveGCN,0.0,0.7995307445526123,1.0,none,gan,431,287,34,7032,103.374,1.5696,0,113.16864698799681,44.13080721799101,56.67367776926406,69.4422343916449,nan,2550
F_aug_gan,5,0.7,0,AdaptiveGCN,0.0,0.7995307445526123,1.0,none,gan,431,287,34,7032,103.374,1.5696,1,156.07951594345872,55.483452002335994,57.53094462459383,77.54017269232959,1.44,850
F_aug_gan,5,0.7,0,AdaptiveGCN,0.0,0.7995307445526123,1.0,none,gan,431,287,34,7032,103.374,1.5696,2,86.54863016111054,38.21443480733672,55.007209483802185,67.69548056256903,2.0,850
F_aug_gan,5,0.7,0,AdaptiveGCN,0.0,0.7995307445526123,1.0,none,gan,431,287,34,7032,103.374,1.5696,3,81.05521145103776,38.69453484430033,57.482879199396166,62.99712349641784,4.0,850
F_aug_gan,5,0.7,1,AdaptiveGCN,0.0,0.7249547243118286,1.0,none,gan,431,287,34,7032,102.688,0.8074,0,69.82060771818792,34.43406610320085,50.230228996362,60.31927517940039,nan,2550
F_aug_gan,5,0.7,1,AdaptiveGCN,0.0,0.7249547243118286,1.0,none,gan,431,287,34,7032,102.688,0.8074,1,44.4045253693146,22.12561905391076,37.068071666024,37.73855643503762,1.08,850
F_aug_gan,5,0.7,1,AdaptiveGCN,0.0,0.7249547243118286,1.0,none,gan,431,287,34,7032,102.688,0.8074,2,71.81233027445629,34.408283004480246,49.137219080582604,45.22977204975224,2.72,850
F_aug_gan,5,0.7,1,AdaptiveGCN,0.0,0.7249547243118286,1.0,none,gan,431,287,34,7032,102.688,0.8074,3,86.57932278373141,46.76829625121153,64.48539624247942,98.4814220653893,3.0833333333333335,850
F_aug_gan,5,0.7,2,AdaptiveGCN,0.0,0.7972192764282227,1.0,none,gan,431,287,34,7032,93.466,1.8846,0,79.22060050498813,37.89608820828956,54.84104499072021,54.87609521936078,nan,2550
F_aug_gan,5,0.7,2,AdaptiveGCN,0.0,0.7972192764282227,1.0,none,gan,431,287,34,7032,93.466,1.8846,1,65.11488874052174,33.26214803331696,51.39735514822459,56.56349862877269,2.64,850
F_aug_gan,5,0.7,2,AdaptiveGCN,0.0,0.7972192764282227,1.0,none,gan,431,287,34,7032,93.466,1.8846,2,89.07110583606357,41.96980525633868,56.25581891748175,47.48214863438845,2.4,850
F_aug_gan,5,0.7,2,AdaptiveGCN,0.0,0.7972192764282227,1.0,none,gan,431,287,34,7032,93.466,1.8846,3,81.57266700655934,38.456311335213044,56.86996090645427,60.644077680146836,3.0,850
F_aug_gan,6,0.775,0,AdaptiveGCN,0.0,0.8208821415901184,1.0,none,gan,481,321,34,7032,69.127,0.886,0,12.63998857962138,6.35655012062002,93.76619333390983,99.2972639626928,nan,2550
F_aug_gan,6,0.775,0,AdaptiveGCN,0.0,0.8208821415901184,1.0,none,gan,481,321,34,7032,69.127,0.886,1,13.140615093043385,6.766780588074642,99.66843952053115,104.08846544131774,3.357142857142857,850
F_aug_gan,6,0.775,0,AdaptiveGCN,0.0,0.8208821415901184,1.0,none,gan,481,321,34,7032,69.127,0.886,2,12.69534426174307,6.543205921229194,101.08130057665996,108.54971522781669,4.142857142857143,850
F_aug_gan,6,0.775,0,AdaptiveGCN,0.0,0.8208821415901184,1.0,none,gan,481,321,34,7032,69.127,0.886,3,12.060696618818682,5.759663852556225,80.54883990453835,85.29613432298,4.857142857142857,850
F_aug_gan,6,0.775,1,AdaptiveGCN,0.0,0.7913126945495605,1.0,none,gan,481,321,34,7032,80.093,0.6395,0,11.402079836785603,5.567705805094219,83.12767472346289,86.94587335677095,nan,2550
F_aug_gan,6,0.775,1,AdaptiveGCN,0.0,0.7913126945495605,1.0,none,gan,481,321,34,7032,80.093,0.6395,1,8.318936968809682,4.28245833067333,71.1375243168497,67.16467863042838,3.357142857142857,850
F_aug_gan,6,0.775,1,AdaptiveGCN,0.0,0.7913126945495605,1.0,none,gan,481,321,34,7032,80.093,0.6395,2,10.223454031917209,4.9313064335374275,73.45552649704587,72.01009410012433,2.0,850
F_aug_gan,6,0.775,1,AdaptiveGCN,0.0,0.7913126945495605,1.0,none,gan,481,321,34,7032,80.093,0.6395,3,14.707091798841324,7.489352651071899,104.78997335649309,121.63155939003309,6.071428571428571,850
F_aug_gan,6,0.775,2,AdaptiveGCN,0.0,0.8067315220832825,1.0,none,gan,481,321,34,7032,87.521,0.3231,0,11.208271601746842,5.505019476894362,86.25306218151042,80.39454798111312,nan,2550
F_aug_gan,6,0.775,2,AdaptiveGCN,0.0,0.8067315220832825,1.0,none,gan,481,321,34,7032,87.521,0.3231,1,10.279988425569961,5.394959185929859,98.1805849656032,87.40772565471127,3.357142857142857,850
F_aug_gan,6,0.775,2,AdaptiveGCN,0.0,0.8067315220832825,1.0,none,gan,481,321,34,7032,87.521,0.3231,2,11.023405314867587,5.337414248809218,79.29288904862453,71.73689370280283,3.4285714285714284,850
F_aug_gan,6,0.775,2,AdaptiveGCN,0.0,0.8067315220832825,1.0,none,gan,481,321,34,7032,87.521,0.3231,3,12.234477108968365,5.782684995944009,81.28571253030354,81.96358741921995,4.142857142857143,850
F_aug_gan,7,0.85,0,AdaptiveGCN,0.0,0.8145932555198669,1.0,none,gan,533,355,34,7032,79.105,0.4138,0,107.88785151457733,24.7572991813281,95.6984679056828,506.50060183934676,nan,2550
F_aug_gan,7,0.85,0,AdaptiveGCN,0.0,0.8145932555198669,1.0,none,gan,533,355,34,7032,79.105,0.4138,1,128.5644262622105,27.822491891910047,97.60500074854887,710.0651002384336,2.76,850
F_aug_gan,7,0.85,0,AdaptiveGCN,0.0,0.8145932555198669,1.0,none,gan,533,355,34,7032,79.105,0.4138,2,109.29794698316861,25.71902615522637,97.46653948679999,455.05411695502727,2.36,850
F_aug_gan,7,0.85,0,AdaptiveGCN,0.0,0.8145932555198669,1.0,none,gan,533,355,34,7032,79.105,0.4138,3,80.27772168184376,20.73037949684788,92.02386348169955,355.9965768103308,4.36,850
F_aug_gan,7,0.85,1,AdaptiveGCN,0.0,0.7468743920326233,1.0,none,gan,533,355,34,7032,84.2,0.2428,0,88.2606028866609,21.489345145211235,93.5239656181056,394.36997099659396,nan,2550
F_aug_gan,7,0.85,1,AdaptiveGCN,0.0,0.7468743920326233,1.0,none,gan,533,355,34,7032,84.2,0.2428,1,81.81657869360343,19.2827054869778,84.34763460575039,342.5947878947774,2.76,850
F_aug_gan,7,0.85,1,AdaptiveGCN,0.0,0.7468743920326233,1.0,none,gan,533,355,34,7032,84.2,0.2428,2,75.41337229619826,19.01102780675187,94.38626340812313,211.13784248649546,3.76,850
F_aug_gan,7,0.85,1,AdaptiveGCN,0.0,0.7468743920326233,1.0,none,gan,533,355,34,7032,84.2,0.2428,3,104.82687057972757,26.174302141904036,101.8379988404433,628.400204173255,4.36,850
F_aug_gan,7,0.85,2,AdaptiveGCN,0.0,0.8094339966773987,1.0,none,gan,533,355,34,7032,73.301,0.8833,0,86.19713042168254,20.77044768475142,94.95852692844686,349.42614572105185,nan,2550
F_aug_gan,7,0.85,2,AdaptiveGCN,0.0,0.8094339966773987,1.0,none,gan,533,355,34,7032,73.301,0.8833,1,104.4214274387847,23.759746169605677,96.94647118416042,555.1295659308507,2.56,850
F_aug_gan,7,0.85,2,AdaptiveGCN,0.0,0.8094339966773987,1.0,none,gan,533,355,34,7032,73.301,0.8833,2,73.99353813480438,18.56311245978755,94.68441767044533,192.13517368108924,3.76,850
F_aug_gan,7,0.85,2,AdaptiveGCN,0.0,0.8094339966773987,1.0,none,gan,533,355,34,7032,73.301,0.8833,3,76.88275284312807,19.98848442486104,93.24469193073486,302.3407373451244,4.4,850
F_aug_gan,8,0.925,0,AdaptiveGCN,0.0,0.8148767948150635,1.0,none,gan,583,389,34,7032,72.052,0.3419,0,32.25250809827765,13.633311769957928,84.75418216167586,115.68996617197047,nan,2550
F_aug_gan,8,0.925,0,AdaptiveGCN,0.0,0.8148767948150635,1.0,none,gan,583,389,34,7032,72.052,0.3419,1,37.090200845427596,15.373070041958023,83.58882293658301,136.47698983084103,1.1904761904761905,850
F_aug_gan,8,0.925,0,AdaptiveGCN,0.0,0.8148767948150635,1.0,none,gan,583,389,34,7032,72.052,0.3419,2,32.35770716257945,13.31634077702375,85.65523351059964,123.25339386849853,3.0476190476190474,850
F_aug_gan,8,0.925,0,AdaptiveGCN,0.0,0.8148767948150635,1.0,none,gan,583,389,34,7032,72.052,0.3419,3,26.41909582697699,12.210524490892011,85.01849003784491,87.511794274237,5.571428571428571,850
F_aug_gan,8,0.925,1,AdaptiveGCN,0.0,0.803542971611023,1.0,none,gan,583,389,34,7032,67.548,0.2534,0,27.596256141906746,11.800503496352365,81.86742421560712,93.47319972940461,nan,2550
F_aug_gan,8,0.925,1,AdaptiveGCN,0.0,0.803542971611023,1.0,none,gan,583,389,34,7032,67.548,0.2534,1,23.531065968413646,9.70021662571851,69.65485066754533,73.5881382119214,1.4761904761904763,850
F_aug_gan,8,0.925,1,AdaptiveGCN,0.0,0.803542971611023,1.0,none,gan,583,389,34,7032,67.548,0.2534,2,24.374046118058818,11.31251344078604,85.69140102951192,77.45240775761688,3.9047619047619047,850
F_aug_gan,8,0.925,1,AdaptiveGCN,0.0,0.803542971611023,1.0,none,gan,583,389,34,7032,67.548,0.2534,3,33.717278498925204,14.388780422552543,90.2560209497641,129.17838970370582,5.333333333333333,850
F_aug_gan,8,0.925,2,AdaptiveGCN,0.0,0.8150841593742371,1.0,none,gan,583,389,34,7032,66.579,0.5397,0,26.228103629476557,11.24596090537076,82.9021406510657,85.37402661537068,nan,2550
F_aug_gan,8,0.925,2,AdaptiveGCN,0.0,0.8150841593742371,1.0,none,gan,583,389,34,7032,66.579,0.5397,1,27.580300860684304,10.591199946289553,80.88239673688983,93.02752148105567,1.1428571428571428,850
F_aug_gan,8,0.925,2,AdaptiveGCN,0.0,0.8150841593742371,1.0,none,gan,583,389,34,7032,66.579,0.5397,2,24.46788631023141,10.954812195336117,82.66384781853624,75.56714656578752,3.2857142857142856,850
F_aug_gan,8,0.925,2,AdaptiveGCN,0.0,0.8150841593742371,1.0,none,gan,583,389,34,7032,66.579,0.5397,3,26.54034295067438,12.191870574486606,85.160177397771,87.53944830835682,5.190476190476191,850
F_aug_jitter,1,0.4,0,AdaptiveGCN,0.0,0.7779577374458313,1.0,none,jitter,227,151,34,7032,31.794,0.5209,0,85.59837552295102,35.465612740878505,59.431521142102895,57.977471910435966,nan,2550
F_aug_jitter,1,0.4,0,AdaptiveGCN,0.0,0.7779577374458313,1.0,none,jitter,227,151,34,7032,31.794,0.5209,1,54.95444689378738,25.760167062118757,53.650703865014194,55.28550314950791,2.6,850
F_aug_jitter,1,0.4,0,AdaptiveGCN,0.0,0.7779577374458313,1.0,none,jitter,227,151,34,7032,31.794,0.5209,2,75.39654752598021,34.10356102906031,58.39026841349452,59.159278111865234,3.68,850
F_aug_jitter,1,0.4,0,AdaptiveGCN,0.0,0.7779577374458313,1.0,none,jitter,227,151,34,7032,31.794,0.5209,3,115.2241947867935,46.53311013145646,66.25359114779998,59.469135845119524,6.08,850
F_aug_jitter,1,0.4,1,AdaptiveGCN,0.0,0.7963019609451294,1.0,none,jitter,227,151,34,7032,30.168,0.552,0,97.22836666819303,38.889196668304685,61.85818644789857,59.30129723617983,nan,2550
F_aug_jitter,1,0.4,1,AdaptiveGCN,0.0,0.7963019609451294,1.0,none,jitter,227,151,34,7032,30.168,0.552,1,57.381440227837814,26.372042594733923,55.05033064505962,57.28525036350991,3.08,850
F_aug_jitter,1,0.4,1,AdaptiveGCN,0.0,0.7963019609451294,1.0,none,jitter,227,151,34,7032,30.168,0.552,2,105.2333106822095,42.57081646764815,63.56137430966427,61.154045914189034,3.56,850
F_aug_jitter,1,0.4,1,AdaptiveGCN,0.0,0.7963019609451294,1.0,none,jitter,227,151,34,7032,30.168,0.552,3,118.29364520182145,47.724730942531984,66.96285438897179,59.45425192168135,7.24,850
F_aug_jitter,1,0.4,2,AdaptiveGCN,0.0,0.7507445216178894,1.0,none,jitter,227,151,34,7032,34.953,0.8006,0,116.85745744007409,44.61022361994739,63.755808294168716,60.18496021729,nan,2550
F_aug_jitter,1,0.4,2,AdaptiveGCN,0.0,0.7507445216178894,1.0,none,jitter,227,151,34,7032,34.953,0.8006,1,79.5704572052002,32.41997534004204,55.99182094028099,55.20426115328054,3.8,850
F_aug_jitter,1,0.4,2,AdaptiveGCN,0.0,0.7507445216178894,1.0,none,jitter,227,151,34,7032,34.953,0.8006,2,104.39174505520468,42.558685666758784,63.11271954416855,61.80454495065069,3.92,850
F_aug_jitter,1,0.4,2,AdaptiveGCN,0.0,0.7507445216178894,1.0,none,jitter,227,151,34,7032,34.953,0.8006,3,154.07109392277556,58.852009853041345,72.1628843980566,63.5097914291383,8.52,850
F_aug_jitter,2,0.475,0,AdaptiveGCN,0.0,0.5097989439964294,1.0,none,jitter,277,185,34,7032,80.849,1.3598,0,131.34623514886223,46.81645911553943,47.368807269570404,52.25912131471223,nan,2550
F_aug_jitter,2,0.475,0,AdaptiveGCN,0.0,0.5097989439964294,1.0,none,jitter,277,185,34,7032,80.849,1.3598,1,131.08504362525517,45.52985419325969,44.12797414072216,43.859228563603494,1.56,850
F_aug_jitter,2,0.475,0,AdaptiveGCN,0.0,0.5097989439964294,1.0,none,jitter,277,185,34,7032,80.849,1.3598,2,108.11348802117656,41.24082010253223,46.00244869867606,47.60762725192364,2.72,850
F_aug_jitter,2,0.475,0,AdaptiveGCN,0.0,0.5097989439964294,1.0,none,jitter,277,185,34,7032,80.849,1.3598,3,151.273545304526,53.67870305082638,51.97599896931302,65.31050812860954,2.96,850
F_aug_jitter,2,0.475,1,AdaptiveGCN,0.0,0.6014289855957031,1.0,none,jitter,277,185,34,7032,85.85,0.7105,0,256.7629195025795,67.7614259639428,48.85126055083112,62.74708384896165,nan,2550
F_aug_jitter,2,0.475,1,AdaptiveGCN,0.0,0.6014289855957031,1.0,none,jitter,277,185,34,7032,85.85,0.7105,1,111.78768243047405,38.41756350654506,39.2364530375086,42.65195459466308,2.48,850
F_aug_jitter,2,0.475,1,AdaptiveGCN,0.0,0.6014289855957031,1.0,none,jitter,277,185,34,7032,85.85,0.7105,2,169.9668179001603,57.92219763106283,48.8619431520121,57.39033291382114,4.72,850
F_aug_jitter,2,0.475,1,AdaptiveGCN,0.0,0.6014289855957031,1.0,none,jitter,277,185,34,7032,85.85,0.7105,3,395.469828639533,106.94451675422052,58.455385462972664,88.19896403840072,3.68,850
F_aug_jitter,2,0.475,2,AdaptiveGCN,0.0,0.6899480223655701,1.0,none,jitter,277,185,34,7032,141.446,1.0191,0,236.69024163319514,66.70399911418703,48.931321345676494,61.8964038582553,nan,2550
F_aug_jitter,2,0.475,2,AdaptiveGCN,0.0,0.6899480223655701,1.0,none,jitter,277,185,34,7032,141.446,1.0191,1,125.59811993410837,46.088833383036885,43.037054517191805,51.87571879405368,2.72,850
F_aug_jitter,2,0.475,2,AdaptiveGCN,0.0,0.6899480223655701,1.0,none,jitter,277,185,34,7032,141.446,1.0191,2,284.978798494603,76.88940906024155,49.05931310466766,61.64383067505731,2.72,850
F_aug_jitter,2,0.475,2,AdaptiveGCN,0.0,0.6899480223655701,1.0,none,jitter,277,185,34,7032,141.446,1.0191,3,266.60646678340476,77.13375489928266,54.69759641516999,72.16966210565491,3.6,850
F_aug_jitter,3,0.55,0,AdaptiveGCN,0.0,0.4908033609390259,1.0,none,jitter,329,219,34,7032,82.365,0.6638,0,23.349379918977885,12.731635345058772,57.2949590677028,65.44435080864723,nan,2550
F_aug_jitter,3,0.55,0,AdaptiveGCN,0.0,0.4908033609390259,1.0,none,jitter,329,219,34,7032,82.365,0.6638,1,18.053113362441156,10.119933033696212,51.8229886039282,58.080079867064185,1.875,850
F_aug_jitter,3,0.55,0,AdaptiveGCN,0.0,0.4908033609390259,1.0,none,jitter,329,219,34,7032,82.365,0.6638,2,22.681320954916394,12.699810060099425,58.09096426629159,67.46205666643691,3.6666666666666665,850
F_aug_jitter,3,0.55,0,AdaptiveGCN,0.0,0.4908033609390259,1.0,none,jitter,329,219,34,7032,82.365,0.6638,3,28.199705769125,15.375162941380678,61.9709243328886,70.80628570625605,4.208333333333333,850
F_aug_jitter,3,0.55,1,AdaptiveGCN,0.0,0.5219280123710632,1.0,none,jitter,329,219,34,7032,121.839,0.8468,0,22.895030033180866,12.527622991329899,57.39923172396523,64.56862706066494,nan,2550
F_aug_jitter,3,0.55,1,AdaptiveGCN,0.0,0.5219280123710632,1.0,none,jitter,329,219,34,7032,121.839,0.8468,1,18.338049014596372,10.13570918226505,52.46863269397354,56.46435259875952,1.6666666666666667,850
F_aug_jitter,3,0.55,1,AdaptiveGCN,0.0,0.5219280123710632,1.0,none,jitter,329,219,34,7032,121.839,0.8468,2,22.868927807013304,12.758583402243607,57.90178243222442,69.62453693204365,4.375,850
F_aug_jitter,3,0.55,1,AdaptiveGCN,0.0,0.5219280123710632,1.0,none,jitter,329,219,34,7032,121.839,0.8468,3,26.70721438032496,14.688576389481039,61.82728004569772,67.63047730905431,5.75,850
F_aug_jitter,3,0.55,2,AdaptiveGCN,0.0,0.500128448009491,1.0,none,jitter,329,219,34,7032,78.982,2.5359,0,22.88900570223854,12.258287847275097,58.859126941051734,56.116104193579694,nan,2550
F_aug_jitter,3,0.55,2,AdaptiveGCN,0.0,0.500128448009491,1.0,none,jitter,329,219,34,7032,78.982,2.5359,1,18.43049081682003,10.07701296478729,52.89505624424237,50.82351100769363,1.9166666666666667,850
F_aug_jitter,3,0.55,2,AdaptiveGCN,0.0,0.500128448009491,1.0,none,jitter,329,219,34,7032,78.982,2.5359,2,23.617962263101116,12.506503922956831,60.0192105306886,58.462738567923935,4.166666666666667,850
F_aug_jitter,3,0.55,2,AdaptiveGCN,0.0,0.500128448009491,1.0,none,jitter,329,219,34,7032,78.982,2.5359,3,25.965912518168302,14.191346654081169,63.66311404822419,59.072024978516225,4.208333333333333,850
F_aug_jitter,4,0.625,0,AdaptiveGCN,0.0,0.752346932888031,1.0,none,jitter,379,253,34,7032,50.955,0.4254,0,30.936663683215766,14.040166373412882,50.34280176801037,52.35556300927985,nan,2550
F_aug_jitter,4,0.625,0,AdaptiveGCN,0.0,0.752346932888031,1.0,none,jitter,379,253,34,7032,50.955,0.4254,1,26.30615506596,12.39049492181224,49.30758846470786,52.33178305540756,3.4166666666666665,850
F_aug_jitter,4,0.625,0,AdaptiveGCN,0.0,0.752346932888031,1.0,none,jitter,379,253,34,7032,50.955,0.4254,2,29.151677952358796,13.570420440148343,49.313871477029835,51.49338681491583,4.625,850
F_aug_jitter,4,0.625,0,AdaptiveGCN,0.0,0.752346932888031,1.0,none,jitter,379,253,34,7032,50.955,0.4254,3,36.46090176823426,16.159583758278064,52.40694536229341,53.24151915751614,3.5416666666666665,850
F_aug_jitter,4,0.625,1,AdaptiveGCN,0.0,0.6051252484321594,1.0,none,jitter,379,253,34,7032,66.541,1.7488,0,33.38006121898696,15.477658995477409,52.828970074702596,56.871550968452986,nan,2550
F_aug_jitter,4,0.625,1,AdaptiveGCN,0.0,0.6051252484321594,1.0,none,jitter,379,253,34,7032,66.541,1.7488,1,27.343275602672282,12.890208492698696,50.22508149995812,53.51450920738178,2.625,850
F_aug_jitter,4,0.625,1,AdaptiveGCN,0.0,0.6051252484321594,1.0,none,jitter,379,253,34,7032,66.541,1.7488,2,32.43700556484908,15.572772304113297,52.48460887583113,57.156683142636744,7.625,850
F_aug_jitter,4,0.625,1,AdaptiveGCN,0.0,0.6051252484321594,1.0,none,jitter,379,253,34,7032,66.541,1.7488,3,39.27940185710837,17.969996189620236,55.77721984831855,59.94346055534044,7.666666666666667,850
F_aug_jitter,4,0.625,2,AdaptiveGCN,0.0,0.45879384875297546,1.0,none,jitter,379,253,34,7032,84.605,0.9237,0,33.02064461223982,15.33530547701699,53.995808315727146,53.16345640446999,nan,2550
F_aug_jitter,4,0.625,2,AdaptiveGCN,0.0,0.45879384875297546,1.0,none,jitter,379,253,34,7032,84.605,0.9237,1,27.770694669241866,12.969120501043166,50.14217475136792,51.92084402570515,4.0,850
F_aug_jitter,4,0.625,2,AdaptiveGCN,0.0,0.45879384875297546,1.0,none,jitter,379,253,34,7032,84.605,0.9237,2,31.406476445809982,14.863489953191841,52.86779799082601,52.57668810251294,5.083333333333333,850
F_aug_jitter,4,0.625,2,AdaptiveGCN,0.0,0.45879384875297546,1.0,none,jitter,379,253,34,7032,84.605,0.9237,3,38.90386441820466,18.17330597681596,58.9774522049875,54.99283708519187,5.416666666666667,850
F_aug_jitter,5,0.7,0,AdaptiveGCN,0.0,0.6406123638153076,1.0,none,jitter,431,287,34,7032,74.503,0.8969,0,54.700953635039156,28.545726203220788,46.013364222679016,55.44371202232063,nan,2550
F_aug_jitter,5,0.7,0,AdaptiveGCN,0.0,0.6406123638153076,1.0,none,jitter,431,287,34,7032,74.503,0.8969,1,41.07668929208738,21.774235653452685,39.09737481381472,40.695515946167085,1.0,850
F_aug_jitter,5,0.7,0,AdaptiveGCN,0.0,0.6406123638153076,1.0,none,jitter,431,287,34,7032,74.503,0.8969,2,53.5006160820551,28.560192222819005,44.31406076856243,50.428719746632254,2.56,850
F_aug_jitter,5,0.7,0,AdaptiveGCN,0.0,0.6406123638153076,1.0,none,jitter,431,287,34,7032,74.503,0.8969,3,66.5354992570881,35.30275073339067,54.6286570856599,75.47241264985895,4.125,850
F_aug_jitter,5,0.7,1,AdaptiveGCN,0.0,0.5772031545639038,1.0,none,jitter,431,287,34,7032,76.439,1.0314,0,53.32313237087088,26.828288866836104,44.89192175960602,50.655872762562424,nan,2550
F_aug_jitter,5,0.7,1,AdaptiveGCN,0.0,0.5772031545639038,1.0,none,jitter,431,287,34,7032,76.439,1.0314,1,40.98105530179686,21.285317208677913,38.506081428562794,38.211645329836884,1.88,850
F_aug_jitter,5,0.7,1,AdaptiveGCN,0.0,0.5772031545639038,1.0,none,jitter,431,287,34,7032,76.439,1.0314,2,52.0500070262991,26.847305923341775,43.91068437887484,47.78680232976105,2.68,850
F_aug_jitter,5,0.7,1,AdaptiveGCN,0.0,0.5772031545639038,1.0,none,jitter,431,287,34,7032,76.439,1.0314,3,64.35385934376848,32.35224346848862,52.25899947138045,66.17750370831365,4.458333333333333,850
F_aug_jitter,5,0.7,2,AdaptiveGCN,0.0,0.5652642250061035,1.0,none,jitter,431,287,34,7032,96.814,1.1837,0,60.4715916241005,30.147943491170448,47.21747366480527,54.09635387344156,nan,2550
F_aug_jitter,5,0.7,2,AdaptiveGCN,0.0,0.5652642250061035,1.0,none,jitter,431,287,34,7032,96.814,1.1837,1,43.995905694918704,22.411352070101042,38.900270887455854,39.11860698951452,1.2,850
F_aug_jitter,5,0.7,2,AdaptiveGCN,0.0,0.5652642250061035,1.0,none,jitter,431,287,34,7032,96.814,1.1837,2,60.67848368826404,31.014161614815787,46.46634505183638,50.00048637508262,3.56,850
F_aug_jitter,5,0.7,2,AdaptiveGCN,0.0,0.5652642250061035,1.0,none,jitter,431,287,34,7032,96.814,1.1837,3,73.16366639277203,37.01831678859451,56.28580505512356,73.4281219346116,4.5,850
F_aug_jitter,6,0.775,0,AdaptiveGCN,0.0,0.7712244391441345,1.0,none,jitter,481,321,34,7032,70.922,0.6662,0,10.527991879115985,5.237410170228869,77.27582655256704,83.6875987131812,nan,2550
F_aug_jitter,6,0.775,0,AdaptiveGCN,0.0,0.7712244391441345,1.0,none,jitter,481,321,34,7032,70.922,0.6662,1,8.324287998039933,4.3208029207933745,73.08411826410168,69.20428581741625,2.5714285714285716,850
F_aug_jitter,6,0.775,0,AdaptiveGCN,0.0,0.7712244391441345,1.0,none,jitter,481,321,34,7032,70.922,0.6662,2,10.423403993125582,5.2466762276834755,79.4633224580052,84.62923101629907,4.0,850
F_aug_jitter,6,0.775,0,AdaptiveGCN,0.0,0.7712244391441345,1.0,none,jitter,481,321,34,7032,70.922,0.6662,3,12.432808111684924,6.144751362209756,79.2800389355942,97.2800283833539,4.571428571428571,850
F_aug_jitter,6,0.775,1,AdaptiveGCN,0.0,0.6966620683670044,1.0,none,jitter,481,321,34,7032,72.48,0.6685,0,11.183464598617023,5.57894961897754,89.09358906934767,90.0251726114168,nan,2550
F_aug_jitter,6,0.775,1,AdaptiveGCN,0.0,0.6966620683670044,1.0,none,jitter,481,321,34,7032,72.48,0.6685,1,8.972070379546379,4.651032212121851,87.92027712390997,74.80862830677206,3.7857142857142856,850
F_aug_jitter,6,0.775,1,AdaptiveGCN,0.0,0.6966620683670044,1.0,none,jitter,481,321,34,7032,72.48,0.6685,2,10.856367814558514,5.44677766047377,85.1522213738339,87.87700389539285,4.0,850
F_aug_jitter,6,0.775,1,AdaptiveGCN,0.0,0.6966620683670044,1.0,none,jitter,481,321,34,7032,72.48,0.6685,3,13.298528951167688,6.639038984337,94.20826871029921,107.42374673866718,4.928571428571429,850
F_aug_jitter,6,0.775,2,AdaptiveGCN,0.0,0.7713971138000488,1.0,none,jitter,481,321,34,7032,76.055,0.7387,0,10.897157897655202,5.456386197856839,88.91694672916137,89.48236165516666,nan,2550
F_aug_jitter,6,0.775,2,AdaptiveGCN,0.0,0.7713971138000488,1.0,none,jitter,481,321,34,7032,76.055,0.7387,1,8.40554710266168,4.363086852131442,79.81874249312244,71.08856895793124,3.857142857142857,850
F_aug_jitter,6,0.775,2,AdaptiveGCN,0.0,0.7713971138000488,1.0,none,jitter,481,321,34,7032,76.055,0.7387,2,10.418860858001556,5.280959559029297,87.69720087424399,88.00987473899166,4.428571428571429,850
F_aug_jitter,6,0.775,2,AdaptiveGCN,0.0,0.7713971138000488,1.0,none,jitter,481,321,34,7032,76.055,0.7387,3,13.305572782327946,6.725112182409776,99.23489682011773,109.39654458288679,4.857142857142857,850
F_aug_jitter,7,0.85,0,AdaptiveGCN,0.0,0.7674195766448975,1.0,none,jitter,533,355,34,7032,78.385,0.7719,0,89.89935369463203,21.75287603434246,86.65464581152025,406.45616034679,nan,2550
F_aug_jitter,7,0.85,0,AdaptiveGCN,0.0,0.7674195766448975,1.0,none,jitter,533,355,34,7032,78.385,0.7719,1,90.90462357126727,20.921595223438928,83.75360044744608,432.52055920771176,2.76,850
F_aug_jitter,7,0.85,0,AdaptiveGCN,0.0,0.7674195766448975,1.0,none,jitter,533,355,34,7032,78.385,0.7719,2,90.04471957154254,21.697259244612173,87.88152827443452,327.9401264706817,3.32,850
F_aug_jitter,7,0.85,0,AdaptiveGCN,0.0,0.7674195766448975,1.0,none,jitter,533,355,34,7032,78.385,0.7719,3,88.73544542507304,22.639773634976283,88.32880871268016,458.90686365261644,4.16,850
F_aug_jitter,7,0.85,1,AdaptiveGCN,0.0,0.7290682196617126,1.0,none,jitter,533,355,34,7032,82.153,0.7494,0,91.46040189881236,22.047399319443972,88.49797583875639,420.88700282008017,nan,2550
F_aug_jitter,7,0.85,1,AdaptiveGCN,0.0,0.7290682196617126,1.0,none,jitter,533,355,34,7032,82.153,0.7494,1,90.05552612606394,20.740778842247707,84.75406184454846,425.28264203083756,2.56,850
F_aug_jitter,7,0.85,1,AdaptiveGCN,0.0,0.7290682196617126,1.0,none,jitter,533,355,34,7032,82.153,0.7494,2,92.6740327873536,22.266065036474302,88.2444459994983,344.39051535165373,3.32,850
F_aug_jitter,7,0.85,1,AdaptiveGCN,0.0,0.7290682196617126,1.0,none,jitter,533,355,34,7032,82.153,0.7494,3,91.63264269660228,23.1353540796099,92.49541967222244,492.8051394764905,4.16,850
F_aug_jitter,7,0.85,2,AdaptiveGCN,0.0,0.7675979733467102,1.0,none,jitter,533,355,34,7032,83.209,0.6047,0,88.40064502242217,21.497374145551863,90.31682702364505,397.44772862155736,nan,2550
F_aug_jitter,7,0.85,2,AdaptiveGCN,0.0,0.7675979733467102,1.0,none,jitter,533,355,34,7032,83.209,0.6047,1,86.94395762262853,20.16933814150393,89.55858221161024,399.4240112775431,2.56,850
F_aug_jitter,7,0.85,2,AdaptiveGCN,0.0,0.7675979733467102,1.0,none,jitter,533,355,34,7032,83.209,0.6047,2,87.6361212441346,21.287184779223274,87.57554381255646,312.97345376356486,3.32,850
F_aug_jitter,7,0.85,2,AdaptiveGCN,0.0,0.7675979733467102,1.0,none,jitter,533,355,34,7032,83.209,0.6047,3,90.5796920249721,23.035599515928393,93.81635504676845,479.71903849487694,3.2,850
F_aug_jitter,8,0.925,0,AdaptiveGCN,0.0,0.6159939169883728,1.0,none,jitter,583,389,34,7032,105.935,0.7008,0,28.072572673424855,11.256705875989727,78.49844067793153,94.68515703970732,nan,2550
F_aug_jitter,8,0.925,0,AdaptiveGCN,0.0,0.6159939169883728,1.0,none,jitter,583,389,34,7032,105.935,0.7008,1,25.946922197753274,9.712564611989896,73.74192370139093,82.4981327432656,2.4285714285714284,850
F_aug_jitter,8,0.925,0,AdaptiveGCN,0.0,0.6159939169883728,1.0,none,jitter,583,389,34,7032,105.935,0.7008,2,27.263583020332725,10.984648802237865,78.64586817879263,93.39820783234794,2.9523809523809526,850
F_aug_jitter,8,0.925,0,AdaptiveGCN,0.0,0.6159939169883728,1.0,none,jitter,583,389,34,7032,105.935,0.7008,3,30.78412381198015,13.072904213741422,83.10753015361104,108.07097276241416,5.0476190476190474,850
F_aug_jitter,8,0.925,1,AdaptiveGCN,0.0,0.6358653903007507,1.0,none,jitter,583,389,34,7032,98.403,0.6387,0,28.133624414697994,11.573126205377163,80.3032102960471,98.80897288820235,nan,2550
F_aug_jitter,8,0.925,1,AdaptiveGCN,0.0,0.6358653903007507,1.0,none,jitter,583,389,34,7032,98.403,0.6387,1,25.487147338104084,9.938501245155383,77.30880521470415,83.25369616899148,2.4285714285714284,850
F_aug_jitter,8,0.925,1,AdaptiveGCN,0.0,0.6358653903007507,1.0,none,jitter,583,389,34,7032,98.403,0.6387,2,27.636322416179468,11.396324614808375,79.11692507338238,98.54141354379176,3.238095238095238,850
F_aug_jitter,8,0.925,1,AdaptiveGCN,0.0,0.6358653903007507,1.0,none,jitter,583,389,34,7032,98.403,0.6387,3,31.002281722425256,13.384552756167729,84.48390060005475,114.5248986638928,4.904761904761905,850
F_aug_jitter,8,0.925,2,AdaptiveGCN,0.0,0.4181860387325287,1.0,none,jitter,583,389,34,7032,249.818,0.9102,0,27.624872889488945,12.05098797762978,79.38904900436204,103.54775908049774,nan,2550
F_aug_jitter,8,0.925,2,AdaptiveGCN,0.0,0.4181860387325287,1.0,none,jitter,583,389,34,7032,249.818,0.9102,1,25.25282332767259,9.906798343283779,73.29864699175897,82.63175523158779,2.7142857142857144,850
F_aug_jitter,8,0.925,2,AdaptiveGCN,0.0,0.4181860387325287,1.0,none,jitter,583,389,34,7032,249.818,0.9102,2,26.994675717794735,11.84366895241074,78.84033353879843,105.43020355963499,3.8095238095238093,850
F_aug_jitter,8,0.925,2,AdaptiveGCN,0.0,0.4181860387325287,1.0,none,jitter,583,389,34,7032,249.818,0.9102,3,30.38063862649568,14.402496637194824,86.02816648252872,122.44671615665526,5.761904761904762,850
F_aug_window_warp,1,0.4,0,AdaptiveGCN,0.0,0.7779834270477295,1.0,none,window_warp,227,151,34,7032,30.791,0.7307,0,86.68072937415056,35.74308012954599,59.643167995469014,58.03016448481545,nan,2550
F_aug_window_warp,1,0.4,0,AdaptiveGCN,0.0,0.7779834270477295,1.0,none,window_warp,227,151,34,7032,30.791,0.7307,1,55.455051846273385,25.836852210560703,53.70377841004087,55.22606251502644,2.44,850
F_aug_window_warp,1,0.4,0,AdaptiveGCN,0.0,0.7779834270477295,1.0,none,window_warp,227,151,34,7032,30.791,0.7307,2,77.40012407521951,34.70920461737475,59.0711354665844,59.31893683971964,3.68,850
F_aug_window_warp,1,0.4,0,AdaptiveGCN,0.0,0.7779834270477295,1.0,none,window_warp,227,151,34,7032,30.791,0.7307,3,116.08016433642716,46.683183560702496,66.15459010978176,59.52643436968354,6.08,850
F_aug_window_warp,1,0.4,1,AdaptiveGCN,0.0,0.7962560653686523,1.0,none,window_warp,227,151,34,7032,29.783,0.708,0,97.15737717769532,38.845326771037655,61.791914279254556,59.322965628988314,nan,2550
F_aug_window_warp,1,0.4,1,AdaptiveGCN,0.0,0.7962560653686523,1.0,none,window_warp,227,151,34,7032,29.783,0.708,1,57.29890261678578,26.323526740901393,54.97114007424201,57.072304847945034,2.92,850
F_aug_window_warp,1,0.4,1,AdaptiveGCN,0.0,0.7962560653686523,1.0,none,window_warp,227,151,34,7032,29.783,0.708,2,105.93238960501853,42.760686084473065,63.59611875833349,61.30804675013361,3.56,850
F_aug_window_warp,1,0.4,1,AdaptiveGCN,0.0,0.7962560653686523,1.0,none,window_warp,227,151,34,7032,29.783,0.708,3,117.5322611525428,47.4517674877385,66.80848400518819,59.57669597558052,6.68,850
F_aug_window_warp,1,0.4,2,AdaptiveGCN,0.0,0.7502984404563904,1.0,none,window_warp,227,151,34,7032,34.732,0.8469,0,117.87074732557693,44.93077123502592,64.10528683767251,60.28067975666591,nan,2550
F_aug_window_warp,1,0.4,2,AdaptiveGCN,0.0,0.7502984404563904,1.0,none,window_warp,227,151,34,7032,34.732,0.8469,1,80.89998192560728,32.749377744663235,56.068406737256495,55.22462007926791,3.48,850
F_aug_window_warp,1,0.4,2,AdaptiveGCN,0.0,0.7502984404563904,1.0,none,window_warp,227,151,34,7032,34.732,0.8469,2,105.03488528500444,42.779978910823836,63.67339300603799,61.86752689276646,3.92,850
F_aug_window_warp,1,0.4,2,AdaptiveGCN,0.0,0.7502984404563904,1.0,none,window_warp,227,151,34,7032,34.732,0.8469,3,155.25271341549032,59.2629570495907,72.57406076972308,63.71285254423484,9.16,850
F_aug_window_warp,2,0.475,0,AdaptiveGCN,0.0,0.5462002754211426,1.0,none,window_warp,277,185,34,7032,113.832,0.8182,0,263.53814709212,62.57972259595479,47.802151641415975,57.71319591371491,nan,2550
F_aug_window_warp,2,0.475,0,AdaptiveGCN,0.0,0.5462002754211426,1.0,none,window_warp,277,185,34,7032,113.832,0.8182,1,139.61651894757617,45.299995813558205,42.73414670178319,49.22840410885371,2.2,850
F_aug_window_warp,2,0.475,0,AdaptiveGCN,0.0,0.5462002754211426,1.0,none,window_warp,277,185,34,7032,113.832,0.8182,2,130.72712919680228,42.87654079436379,44.71959966486103,48.34499857481613,1.68,850
F_aug_window_warp,2,0.475,0,AdaptiveGCN,0.0,0.5462002754211426,1.0,none,window_warp,277,185,34,7032,113.832,0.8182,3,414.4571271520943,99.56263117994237,55.95270855760373,75.56618505747488,3.56,850
F_aug_window_warp,2,0.475,1,AdaptiveGCN,0.0,0.6944771409034729,1.0,none,window_warp,277,185,34,7032,140.727,1.1211,0,148.0833822880137,46.749115400996935,46.175142797217944,55.01725996239989,nan,2550
F_aug_window_warp,2,0.475,1,AdaptiveGCN,0.0,0.6944771409034729,1.0,none,window_warp,277,185,34,7032,140.727,1.1211,1,99.03294309256127,37.72883345648975,41.17698328067051,46.99499747125658,2.68,850
F_aug_window_warp,2,0.475,1,AdaptiveGCN,0.0,0.6944771409034729,1.0,none,window_warp,277,185,34,7032,140.727,1.1211,2,123.9201958319417,45.05447154668434,46.55292659837696,54.31249640507016,5.24,850
F_aug_window_warp,2,0.475,1,AdaptiveGCN,0.0,0.6944771409034729,1.0,none,window_warp,277,185,34,7032,140.727,1.1211,3,201.5498091712636,57.46404119981672,50.795518512606364,63.74428601087292,1.4,850
F_aug_window_warp,2,0.475,2,AdaptiveGCN,0.0,0.5985278487205505,1.0,none,window_warp,277,185,34,7032,94.749,2.7291,0,160.5764320551294,55.250221477792984,48.29057384649165,57.79763502924313,nan,2550
F_aug_window_warp,2,0.475,2,AdaptiveGCN,0.0,0.5985278487205505,1.0,none,window_warp,277,185,34,7032,94.749,2.7291,1,129.23059432280417,47.14754585689263,43.618802179463856,49.582814685158674,3.32,850
F_aug_window_warp,2,0.475,2,AdaptiveGCN,0.0,0.5985278487205505,1.0,none,window_warp,277,185,34,7032,94.749,2.7291,2,181.18219790415026,60.475744043685054,49.00184463760603,59.29604223167595,4.0,850
F_aug_window_warp,2,0.475,2,AdaptiveGCN,0.0,0.5985278487205505,1.0,none,window_warp,277,185,34,7032,94.749,2.7291,3,166.81377715363598,58.12737453280126,52.25107472240508,64.51404817089478,3.72,850
F_aug_window_warp,3,0.55,0,AdaptiveGCN,0.0,0.4845820665359497,1.0,none,window_warp,329,219,34,7032,85.062,0.9857,0,22.279917441124926,12.202255649705618,56.30588861466451,62.84026969303726,nan,2550
F_aug_window_warp,3,0.55,0,AdaptiveGCN,0.0,0.4845820665359497,1.0,none,window_warp,329,219,34,7032,85.062,0.9857,1,16.788598150268488,9.633884051219177,50.62673315030306,56.22679728601431,1.7083333333333333,850
F_aug_window_warp,3,0.55,0,AdaptiveGCN,0.0,0.4845820665359497,1.0,none,window_warp,329,219,34,7032,85.062,0.9857,2,21.430910854282704,12.03766306320534,56.8496193593932,64.74815399093262,3.2916666666666665,850
F_aug_window_warp,3,0.55,0,AdaptiveGCN,0.0,0.4845820665359497,1.0,none,window_warp,329,219,34,7032,85.062,0.9857,3,27.350378345730746,14.935219834692338,61.441313334297256,67.55954469517106,4.291666666666667,850
F_aug_window_warp,3,0.55,1,AdaptiveGCN,0.0,0.5282622575759888,1.0,none,window_warp,329,219,34,7032,137.929,0.6046,0,23.24383209713954,12.811983863010674,60.65216359627369,62.30413514877654,nan,2550
F_aug_window_warp,3,0.55,1,AdaptiveGCN,0.0,0.5282622575759888,1.0,none,window_warp,329,219,34,7032,137.929,0.6046,1,18.626374891519124,10.39561304448282,54.61687577917226,54.28907041695796,1.75,850
F_aug_window_warp,3,0.55,1,AdaptiveGCN,0.0,0.5282622575759888,1.0,none,window_warp,329,219,34,7032,137.929,0.6046,2,23.237007716631027,13.050970455770216,61.72018080787307,66.98276613293181,2.9583333333333335,850
F_aug_window_warp,3,0.55,1,AdaptiveGCN,0.0,0.5282622575759888,1.0,none,window_warp,329,219,34,7032,137.929,0.6046,3,27.091083818442158,14.989368088778985,65.61943420177577,65.65429501310187,4.208333333333333,850
F_aug_window_warp,3,0.55,2,AdaptiveGCN,0.0,0.5021349787712097,1.0,none,window_warp,329,219,34,7032,81.424,2.0954,0,23.025373008477715,12.433070226927088,58.404211877557245,58.828606865328624,nan,2550
F_aug_window_warp,3,0.55,2,AdaptiveGCN,0.0,0.5021349787712097,1.0,none,window_warp,329,219,34,7032,81.424,2.0954,1,18.207765135299304,10.16886571247569,52.447767108439116,53.14890323357506,1.6666666666666667,850
F_aug_window_warp,3,0.55,2,AdaptiveGCN,0.0,0.5021349787712097,1.0,none,window_warp,329,219,34,7032,81.424,2.0954,2,23.334885340931173,12.567755243325715,58.62373820113865,62.76234177901016,3.9166666666666665,850
F_aug_window_warp,3,0.55,2,AdaptiveGCN,0.0,0.5021349787712097,1.0,none,window_warp,329,219,34,7032,81.424,2.0954,3,26.72945606333913,14.562589724979857,64.14113032309395,60.58355463098207,3.9583333333333335,850
F_aug_window_warp,4,0.625,0,AdaptiveGCN,0.0,0.754593014717102,1.0,none,window_warp,379,253,34,7032,55.384,0.7312,0,30.919482963379732,14.056354243974111,50.38759741248169,52.50794571882933,nan,2550
F_aug_window_warp,4,0.625,0,AdaptiveGCN,0.0,0.754593014717102,1.0,none,window_warp,379,253,34,7032,55.384,0.7312,1,26.303390839211698,12.43546690748977,49.47159364108691,52.77739987065723,3.4166666666666665,850
F_aug_window_warp,4,0.625,0,AdaptiveGCN,0.0,0.754593014717102,1.0,none,window_warp,379,253,34,7032,55.384,0.7312,2,29.109603173760412,13.540771425067282,49.3317101205463,51.310713744540216,4.625,850
F_aug_window_warp,4,0.625,0,AdaptiveGCN,0.0,0.754593014717102,1.0,none,window_warp,379,253,34,7032,55.384,0.7312,3,36.45279020313892,16.192824399365275,52.35948847581188,53.43572354129059,3.5416666666666665,850
F_aug_window_warp,4,0.625,1,AdaptiveGCN,0.0,0.6097970008850098,1.0,none,window_warp,379,253,34,7032,66.281,0.7224,0,33.24458220038037,15.42372949766753,52.632934045210774,57.13159700790242,nan,2550
F_aug_window_warp,4,0.625,1,AdaptiveGCN,0.0,0.6097970008850098,1.0,none,window_warp,379,253,34,7032,66.281,0.7224,1,27.38962378438121,12.903496973630425,50.07564458524849,53.9356734907898,4.5,850
F_aug_window_warp,4,0.625,1,AdaptiveGCN,0.0,0.6097970008850098,1.0,none,window_warp,379,253,34,7032,66.281,0.7224,2,32.23678694612614,15.477611855489805,52.32591420866255,57.16099078546751,7.541666666666667,850
F_aug_window_warp,4,0.625,1,AdaptiveGCN,0.0,0.6097970008850098,1.0,none,window_warp,379,253,34,7032,66.281,0.7224,3,39.06667138845683,17.89007966388236,55.497243341721315,60.29812674744992,9.5,850
F_aug_window_warp,4,0.625,2,AdaptiveGCN,0.0,0.46677833795547485,1.0,none,window_warp,379,253,34,7032,85.125,0.7007,0,32.89619724316006,15.290535363240771,54.167621887616,56.859729850484044,nan,2550
F_aug_window_warp,4,0.625,2,AdaptiveGCN,0.0,0.46677833795547485,1.0,none,window_warp,379,253,34,7032,85.125,0.7007,1,29.056906763480534,13.473910347702914,51.130875098456244,56.08763489347671,3.0833333333333335,850
F_aug_window_warp,4,0.625,2,AdaptiveGCN,0.0,0.46677833795547485,1.0,none,window_warp,379,253,34,7032,85.125,0.7007,2,30.735607358153455,14.848836209420115,53.874411257982835,56.89111266214568,3.125,850
F_aug_window_warp,4,0.625,2,AdaptiveGCN,0.0,0.46677833795547485,1.0,none,window_warp,379,253,34,7032,85.125,0.7007,3,38.17719199792589,17.548859532599284,57.497579306408916,57.60044199582974,4.0,850
F_aug_window_warp,5,0.7,0,AdaptiveGCN,0.0,0.6346204876899719,1.0,none,window_warp,431,287,34,7032,75.967,0.6402,0,54.11032084302632,28.10523470188984,45.11735474186359,54.1059539957111,nan,2550
F_aug_window_warp,5,0.7,0,AdaptiveGCN,0.0,0.6346204876899719,1.0,none,window_warp,431,287,34,7032,75.967,0.6402,1,40.71877416349149,21.590322563063133,38.765485088539634,40.24871480320114,1.2,850
F_aug_window_warp,5,0.7,0,AdaptiveGCN,0.0,0.6346204876899719,1.0,none,window_warp,431,287,34,7032,75.967,0.6402,2,53.38730325406141,28.421034839266145,43.70655844050083,49.59938547808723,3.2,850
F_aug_window_warp,5,0.7,0,AdaptiveGCN,0.0,0.6346204876899719,1.0,none,window_warp,431,287,34,7032,75.967,0.6402,3,65.38774921257964,34.304346703340244,52.88002069655031,72.7168663764931,4.041666666666667,850
F_aug_window_warp,5,0.7,1,AdaptiveGCN,0.0,0.6405455470085144,1.0,none,window_warp,431,287,34,7032,70.357,0.6184,0,52.96190673393267,27.168675379533934,46.243826948939414,53.83356078683656,nan,2550
F_aug_window_warp,5,0.7,1,AdaptiveGCN,0.0,0.6405455470085144,1.0,none,window_warp,431,287,34,7032,70.357,0.6184,1,41.15924369516242,22.083653954312286,42.64675008127655,42.92567622752698,1.08,850
F_aug_window_warp,5,0.7,1,AdaptiveGCN,0.0,0.6405455470085144,1.0,none,window_warp,431,287,34,7032,70.357,0.6184,2,51.745856889296896,27.09454855399864,44.829608236420384,51.29920020593778,2.08,850
F_aug_window_warp,5,0.7,1,AdaptiveGCN,0.0,0.6405455470085144,1.0,none,window_warp,431,287,34,7032,70.357,0.6184,3,63.58595480069468,32.32782363029087,51.2551225291213,67.45864328348597,3.25,850
F_aug_window_warp,5,0.7,2,AdaptiveGCN,0.0,0.5783714652061462,1.0,none,window_warp,431,287,34,7032,97.127,0.7368,0,61.22937851277402,30.65912912314648,48.17486501393052,54.599877814495954,nan,2550
F_aug_window_warp,5,0.7,2,AdaptiveGCN,0.0,0.5783714652061462,1.0,none,window_warp,431,287,34,7032,97.127,0.7368,1,43.53951585550074,22.511019917858544,39.38380828217805,39.61608406113718,2.0,850
F_aug_window_warp,5,0.7,2,AdaptiveGCN,0.0,0.5783714652061462,1.0,none,window_warp,431,287,34,7032,97.127,0.7368,2,62.57969004734155,31.896465620178837,48.05657842269796,50.78035591369525,3.04,850
F_aug_window_warp,5,0.7,2,AdaptiveGCN,0.0,0.5783714652061462,1.0,none,window_warp,431,287,34,7032,97.127,0.7368,3,73.72383150534785,37.56990183140206,57.08420833691553,73.6582477943842,4.041666666666667,850
F_aug_window_warp,6,0.775,0,AdaptiveGCN,0.0,0.772113025188446,1.0,none,window_warp,481,321,34,7032,70.448,0.6026,0,10.527346329100038,5.23579151222019,77.41543025959953,83.56244045057305,nan,2550
F_aug_window_warp,6,0.775,0,AdaptiveGCN,0.0,0.772113025188446,1.0,none,window_warp,481,321,34,7032,70.448,0.6026,1,8.366545850989834,4.336066321386914,73.34869030062796,69.33551035960909,2.5714285714285716,850
F_aug_window_warp,6,0.775,0,AdaptiveGCN,0.0,0.772113025188446,1.0,none,window_warp,481,321,34,7032,70.448,0.6026,2,10.447413380774483,5.252933115528568,79.6942155150887,84.85666549702961,4.0,850
F_aug_window_warp,6,0.775,0,AdaptiveGCN,0.0,0.772113025188446,1.0,none,window_warp,481,321,34,7032,70.448,0.6026,3,12.382549267939424,6.118375099745086,79.20338496308193,96.54728620882894,4.571428571428571,850
F_aug_window_warp,6,0.775,1,AdaptiveGCN,0.0,0.6982545256614685,1.0,none,window_warp,481,321,34,7032,74.949,0.8022,0,11.107362675765371,5.5408802013361,88.28179160103865,89.12115209340563,nan,2550
F_aug_window_warp,6,0.775,1,AdaptiveGCN,0.0,0.6982545256614685,1.0,none,window_warp,481,321,34,7032,74.949,0.8022,1,8.929212729307233,4.636509663256308,88.57762002856802,74.57468555623078,3.7857142857142856,850
F_aug_window_warp,6,0.775,1,AdaptiveGCN,0.0,0.6982545256614685,1.0,none,window_warp,481,321,34,7032,74.949,0.8022,2,10.82690602260842,5.418051674770986,82.427092573531,87.1110850899556,4.0,850
F_aug_window_warp,6,0.775,1,AdaptiveGCN,0.0,0.6982545256614685,1.0,none,window_warp,481,321,34,7032,74.949,0.8022,3,13.159323039022189,6.568079265981009,93.84066220101691,105.71032542482206,4.642857142857143,850
F_aug_window_warp,6,0.775,2,AdaptiveGCN,0.0,0.7711529731750488,1.0,none,window_warp,481,321,34,7032,75.124,0.5966,0,10.880693417383759,5.446332091806118,88.81991267183373,89.3792659767354,nan,2550
F_aug_window_warp,6,0.775,2,AdaptiveGCN,0.0,0.7711529731750488,1.0,none,window_warp,481,321,34,7032,75.124,0.5966,1,8.3989848732289,4.353158570203848,79.30815783777913,71.00225110774096,3.5714285714285716,850
F_aug_window_warp,6,0.775,2,AdaptiveGCN,0.0,0.7711529731750488,1.0,none,window_warp,481,321,34,7032,75.124,0.5966,2,10.423358602812652,5.283492035125656,87.69804285656947,88.12342056059853,4.428571428571429,850
F_aug_window_warp,6,0.775,2,AdaptiveGCN,0.0,0.7711529731750488,1.0,none,window_warp,481,321,34,7032,75.124,0.5966,3,13.265712052722177,6.702345670088851,99.45353732115257,109.06132106508133,4.857142857142857,850
F_aug_window_warp,7,0.85,0,AdaptiveGCN,0.0,0.7673341035842896,1.0,none,window_warp,533,355,34,7032,81.491,0.625,0,89.91783200704039,21.756269085362632,87.03976049577193,406.9395348934731,nan,2550
F_aug_window_warp,7,0.85,0,AdaptiveGCN,0.0,0.7673341035842896,1.0,none,window_warp,533,355,34,7032,81.491,0.625,1,91.18600980628617,20.97833657826927,85.10323316212643,435.12153168367274,2.76,850
F_aug_window_warp,7,0.85,0,AdaptiveGCN,0.0,0.7673341035842896,1.0,none,window_warp,533,355,34,7032,81.491,0.625,2,89.96740774202878,21.677269449389048,87.70280689407406,327.883605771407,3.32,850
F_aug_window_warp,7,0.85,0,AdaptiveGCN,0.0,0.7673341035842896,1.0,none,window_warp,533,355,34,7032,81.491,0.625,3,88.581187045142,22.613201228429578,88.31324143111529,457.8293115579471,4.16,850
F_aug_window_warp,7,0.85,1,AdaptiveGCN,0.0,0.7284615635871887,1.0,none,window_warp,533,355,34,7032,85.593,0.6155,0,91.1557711945107,21.985596268618234,88.07997589570898,417.5938197517012,nan,2550
F_aug_window_warp,7,0.85,1,AdaptiveGCN,0.0,0.7284615635871887,1.0,none,window_warp,533,355,34,7032,85.593,0.6155,1,89.87670396426202,20.69090489978765,84.46037758240804,423.6678191454874,2.56,850
F_aug_window_warp,7,0.85,1,AdaptiveGCN,0.0,0.7284615635871887,1.0,none,window_warp,533,355,34,7032,85.593,0.6155,2,92.48731542834987,22.22455262043058,88.6100184673489,343.5525703784972,3.32,850
F_aug_window_warp,7,0.85,1,AdaptiveGCN,0.0,0.7284615635871887,1.0,none,window_warp,533,355,34,7032,85.593,0.6155,3,91.0845674940343,23.041331285636474,91.16953163737003,485.39997521108467,4.16,850
F_aug_window_warp,7,0.85,2,AdaptiveGCN,0.0,0.7666584849357605,1.0,none,window_warp,533,355,34,7032,85.538,0.8386,0,88.33867457035774,21.487947231862265,90.07769550571741,396.9065898993689,nan,2550
F_aug_window_warp,7,0.85,2,AdaptiveGCN,0.0,0.7666584849357605,1.0,none,window_warp,533,355,34,7032,85.538,0.8386,1,86.92455492467911,20.175868111913406,88.65833750666174,399.1045905779988,2.56,850
F_aug_window_warp,7,0.85,2,AdaptiveGCN,0.0,0.7666584849357605,1.0,none,window_warp,533,355,34,7032,85.538,0.8386,2,87.57897061166601,21.277031801693578,87.58625715158908,312.2401348498352,3.32,850
F_aug_window_warp,7,0.85,2,AdaptiveGCN,0.0,0.7666584849357605,1.0,none,window_warp,533,355,34,7032,85.538,0.8386,3,90.47215003684884,23.010941781979806,93.9884918589014,479.1497269455579,3.2,850
F_aug_window_warp,8,0.925,0,AdaptiveGCN,0.0,0.6135039925575256,1.0,none,window_warp,583,389,34,7032,111.763,1.8995,0,28.077692285488734,11.239292762228999,78.13040681913489,94.67384695485931,nan,2550
F_aug_window_warp,8,0.925,0,AdaptiveGCN,0.0,0.6135039925575256,1.0,none,window_warp,583,389,34,7032,111.763,1.8995,1,25.904295917841527,9.695510235523312,73.52340425955006,82.4319068037154,2.5238095238095237,850
F_aug_window_warp,8,0.925,0,AdaptiveGCN,0.0,0.6135039925575256,1.0,none,window_warp,583,389,34,7032,111.763,1.8995,2,27.15715305552938,10.931163669628484,78.23947944296309,93.14010567368504,2.9523809523809526,850
F_aug_window_warp,8,0.925,0,AdaptiveGCN,0.0,0.6135039925575256,1.0,none,window_warp,583,389,34,7032,111.763,1.8995,3,30.927769126712505,13.0912043815352,82.62833675489155,108.35998971425336,5.142857142857143,850
F_aug_window_warp,8,0.925,1,AdaptiveGCN,0.0,0.6387215256690979,1.0,none,window_warp,583,389,34,7032,103.508,0.6691,0,27.890729097731306,11.366768692403932,80.37780968808048,96.55374098678323,nan,2550
F_aug_window_warp,8,0.925,1,AdaptiveGCN,0.0,0.6387215256690979,1.0,none,window_warp,583,389,34,7032,103.508,0.6691,1,25.35415564774904,9.763763271503507,77.57967596449778,81.782962375113,2.4285714285714284,850
F_aug_window_warp,8,0.925,1,AdaptiveGCN,0.0,0.6387215256690979,1.0,none,window_warp,583,389,34,7032,103.508,0.6691,2,27.43853371680681,11.200703726230627,79.43903470901672,96.65279008043895,3.2857142857142856,850
F_aug_window_warp,8,0.925,1,AdaptiveGCN,0.0,0.6387215256690979,1.0,none,window_warp,583,389,34,7032,103.508,0.6691,3,30.6263280148058,13.13583907947766,84.11471839072689,111.12539329965847,4.904761904761905,850
F_aug_window_warp,8,0.925,2,AdaptiveGCN,0.0,0.4255155324935913,1.0,none,window_warp,583,389,34,7032,273.277,0.335,0,32.74554823604181,14.543220780605116,83.58474561987651,122.92519864947045,nan,2550
F_aug_window_warp,8,0.925,2,AdaptiveGCN,0.0,0.4255155324935913,1.0,none,window_warp,583,389,34,7032,273.277,0.335,1,25.528088069945163,10.631328091334606,77.2111630182598,84.17637416104847,3.7142857142857144,850
F_aug_window_warp,8,0.925,2,AdaptiveGCN,0.0,0.4255155324935913,1.0,none,window_warp,583,389,34,7032,273.277,0.335,2,31.443839159126174,14.386794007887023,82.7112525288193,121.62232775308695,5.190476190476191,850
F_aug_window_warp,8,0.925,2,AdaptiveGCN,0.0,0.4255155324935913,1.0,none,window_warp,583,389,34,7032,273.277,0.335,3,39.70408651845488,18.611540242593723,90.8318213125504,162.70797874838308,5.714285714285714,850
F_gtcn,1,0.4,0,AdaptiveGCN,0.0,0.6470293998718262,1.0,gtcn,none,151,151,34,11960,68.47,2.5366,0,98.21952838219649,39.75859837724389,61.936652926032686,58.441283571745764,nan,2550
F_gtcn,1,0.4,0,AdaptiveGCN,0.0,0.6470293998718262,1.0,gtcn,none,151,151,34,11960,68.47,2.5366,1,70.84484243799676,30.302813887144712,55.83757785204922,55.343007001656794,3.68,850
F_gtcn,1,0.4,0,AdaptiveGCN,0.0,0.6470293998718262,1.0,gtcn,none,151,151,34,11960,68.47,2.5366,2,88.78969128311124,38.36337694523473,61.963951431050035,59.49773493259899,4.04,850
F_gtcn,1,0.4,0,AdaptiveGCN,0.0,0.6470293998718262,1.0,gtcn,none,151,151,34,11960,68.47,2.5366,3,126.64369817976934,50.60960429935223,68.00842949499875,60.46071629983514,7.88,850
F_gtcn,1,0.4,1,AdaptiveGCN,0.0,0.602651059627533,1.0,gtcn,none,151,151,34,11960,84.041,5.3813,0,95.38198769394967,38.88359328639894,61.83453724733757,58.92026163438414,nan,2550
F_gtcn,1,0.4,1,AdaptiveGCN,0.0,0.602651059627533,1.0,gtcn,none,151,151,34,11960,84.041,5.3813,1,63.803797005872546,28.2275068811382,55.09848967363789,56.246823556810945,3.68,850
F_gtcn,1,0.4,1,AdaptiveGCN,0.0,0.602651059627533,1.0,gtcn,none,151,151,34,11960,84.041,5.3813,2,90.68385653273221,38.98953673809959,62.665195566591514,60.464648006665065,4.36,850
F_gtcn,1,0.4,1,AdaptiveGCN,0.0,0.602651059627533,1.0,gtcn,none,151,151,34,11960,84.041,5.3813,3,122.46911603065712,49.433736239959046,67.7399265017833,60.03228684943921,7.56,850
F_gtcn,1,0.4,2,AdaptiveGCN,0.0,0.5866152048110962,1.0,gtcn,none,151,151,34,11960,99.384,4.9091,0,99.36007797477686,40.35655198163773,63.01452605495278,57.69289365064287,nan,2550
F_gtcn,1,0.4,2,AdaptiveGCN,0.0,0.5866152048110962,1.0,gtcn,none,151,151,34,11960,99.384,4.9091,1,64.25998872212566,28.55555655887022,55.47987547717922,54.41128647162093,2.36,850
F_gtcn,1,0.4,2,AdaptiveGCN,0.0,0.5866152048110962,1.0,gtcn,none,151,151,34,11960,99.384,4.9091,2,101.98296645677912,42.80768639602863,65.14875195631599,59.145779975510685,4.48,850
F_gtcn,1,0.4,2,AdaptiveGCN,0.0,0.5866152048110962,1.0,gtcn,none,151,151,34,11960,99.384,4.9091,3,122.83079291272594,49.70641299001434,68.41495073136316,59.49910834847471,7.64,850
F_gtcn,1,0.4,3,AdaptiveGCN,0.0,0.5124340057373047,1.0,gtcn,none,151,151,34,11960,133.876,5.3882,0,88.29736795320783,36.929835941019086,61.16603970701706,59.720104837291665,nan,2550
F_gtcn,1,0.4,3,AdaptiveGCN,0.0,0.5124340057373047,1.0,gtcn,none,151,151,34,11960,133.876,5.3882,1,59.6356741779262,27.157399600772735,55.15374540553445,56.67184788368065,3.68,850
F_gtcn,1,0.4,3,AdaptiveGCN,0.0,0.5124340057373047,1.0,gtcn,none,151,151,34,11960,133.876,5.3882,2,80.19027883209459,36.24242642210687,61.75860126510574,61.37239711864893,4.6,850
F_gtcn,1,0.4,3,AdaptiveGCN,0.0,0.5124340057373047,1.0,gtcn,none,151,151,34,11960,133.876,5.3882,3,115.76865339360074,47.38968180017765,66.585772450411,61.096261865251336,8.2,850
F_gtcn,1,0.4,4,AdaptiveGCN,0.0,0.621354341506958,1.0,gtcn,none,151,151,34,11960,78.711,1.785,0,100.59962607801339,40.49075936702555,62.79427110198556,58.35730374611332,nan,2550
F_gtcn,1,0.4,4,AdaptiveGCN,0.0,0.621354341506958,1.0,gtcn,none,151,151,34,11960,78.711,1.785,1,66.92510231911389,29.31247514708461,55.97474712936141,54.78171016695709,3.12,850
F_gtcn,1,0.4,4,AdaptiveGCN,0.0,0.621354341506958,1.0,gtcn,none,151,151,34,11960,78.711,1.785,2,93.10697667952225,39.77580230815884,62.90804887937883,59.832382787165194,4.36,850
F_gtcn,1,0.4,4,AdaptiveGCN,0.0,0.621354341506958,1.0,gtcn,none,151,151,34,11960,78.711,1.785,3,131.19823121629105,52.3840006458332,69.50001729721646,60.432904235933606,7.88,850
F_gtcn,1,0.4,5,AdaptiveGCN,0.0,0.5579824447631836,1.0,gtcn,none,151,151,34,11960,107.192,3.7705,0,104.23791968354475,42.47173523412371,64.16241391837046,60.23333025556351,nan,2550
F_gtcn,1,0.4,5,AdaptiveGCN,0.0,0.5579824447631836,1.0,gtcn,none,151,151,34,11960,107.192,3.7705,1,76.87357461389924,32.53956313257653,57.125498557714195,56.480181924474095,4.52,850
F_gtcn,1,0.4,5,AdaptiveGCN,0.0,0.5579824447631836,1.0,gtcn,none,151,151,34,11960,107.192,3.7705,2,97.73090509820774,41.84341237119762,64.6444610616575,61.84437667915872,4.6,850
F_gtcn,1,0.4,5,AdaptiveGCN,0.0,0.5579824447631836,1.0,gtcn,none,151,151,34,11960,107.192,3.7705,3,130.90361115960766,53.032230198596984,70.7172821357397,62.34950846408932,7.88,850
F_gtcn,1,0.4,6,AdaptiveGCN,0.0,0.6694560050964355,1.0,gtcn,none,151,151,34,11960,56.224,1.3589,0,95.88456393702323,38.97872034066917,62.191789423403165,58.18617311859641,nan,2550
F_gtcn,1,0.4,6,AdaptiveGCN,0.0,0.6694560050964355,1.0,gtcn,none,151,151,34,11960,56.224,1.3589,1,65.50817027176547,28.799643649688978,55.97926454656626,53.691664968280364,2.28,850
F_gtcn,1,0.4,6,AdaptiveGCN,0.0,0.6694560050964355,1.0,gtcn,none,151,151,34,11960,56.224,1.3589,2,89.4602732641429,38.30542435582474,61.93060383791115,60.080928150313675,3.84,850
F_gtcn,1,0.4,6,AdaptiveGCN,0.0,0.6694560050964355,1.0,gtcn,none,151,151,34,11960,56.224,1.3589,3,123.64096384018345,49.831093016493796,68.66549988573212,60.754756597585654,7.2,850
F_gtcn,1,0.4,7,AdaptiveGCN,0.0,0.5713475942611694,1.0,gtcn,none,151,151,34,11960,93.029,2.3741,0,103.86688368005926,41.60866073198544,63.489016825367116,59.22270139366794,nan,2550
F_gtcn,1,0.4,7,AdaptiveGCN,0.0,0.5713475942611694,1.0,gtcn,none,151,151,34,11960,93.029,2.3741,1,66.54157618633866,29.238239292823437,55.47629652408224,55.21105121601275,2.92,850
F_gtcn,1,0.4,7,AdaptiveGCN,0.0,0.5713475942611694,1.0,gtcn,none,151,151,34,11960,93.029,2.3741,2,95.68028712273104,40.916228255145796,63.8076574150228,60.21025247985183,4.64,850
F_gtcn,1,0.4,7,AdaptiveGCN,0.0,0.5713475942611694,1.0,gtcn,none,151,151,34,11960,93.029,2.3741,3,137.0492242625631,54.67151464798707,71.18309653699632,62.21642696883326,8.28,850
F_gtcn,2,0.475,0,AdaptiveGCN,0.0,0.768410325050354,1.0,gtcn,none,185,185,34,11960,52.5,1.472,0,119.14892729335322,43.55196178105432,44.808872441341435,54.173431929672475,nan,2550
F_gtcn,2,0.475,0,AdaptiveGCN,0.0,0.768410325050354,1.0,gtcn,none,185,185,34,11960,52.5,1.472,1,87.5580025022681,33.257069381133874,39.00154662247978,43.025613813252775,1.72,850
F_gtcn,2,0.475,0,AdaptiveGCN,0.0,0.768410325050354,1.0,gtcn,none,185,185,34,11960,52.5,1.472,2,125.13423134842941,46.86620400144883,44.597971592675854,54.55786867183918,2.0,850
F_gtcn,2,0.475,0,AdaptiveGCN,0.0,0.768410325050354,1.0,gtcn,none,185,185,34,11960,52.5,1.472,3,138.7963290873389,50.53261196058024,50.82709910886866,64.9368133039255,3.8,850
F_gtcn,2,0.475,1,AdaptiveGCN,0.0,0.7904764413833618,1.0,gtcn,none,185,185,34,11960,52.451,1.4696,0,125.16483548828506,45.58831245790316,44.923043672860295,56.731218952316844,nan,2550
F_gtcn,2,0.475,1,AdaptiveGCN,0.0,0.7904764413833618,1.0,gtcn,none,185,185,34,11960,52.451,1.4696,1,83.3867266544298,33.01979372954708,38.95189544520773,44.389282560208834,1.08,850
F_gtcn,2,0.475,1,AdaptiveGCN,0.0,0.7904764413833618,1.0,gtcn,none,185,185,34,11960,52.451,1.4696,2,124.99484598265842,46.75790318440509,43.52957763282569,53.96940172249553,2.12,850
F_gtcn,2,0.475,1,AdaptiveGCN,0.0,0.7904764413833618,1.0,gtcn,none,185,185,34,11960,52.451,1.4696,3,156.27427947061315,56.987240459757295,52.28765794054746,71.83497257424612,3.32,850
F_gtcn,2,0.475,2,AdaptiveGCN,0.0,0.7909888029098511,1.0,gtcn,none,185,185,34,11960,51.057,1.799,0,120.21315316841653,43.26551231657758,43.21348644657449,52.27261092706155,nan,2550
F_gtcn,2,0.475,2,AdaptiveGCN,0.0,0.7909888029098511,1.0,gtcn,none,185,185,34,11960,51.057,1.799,1,83.7138613667635,32.011975437192355,37.06579655955798,40.82485713615322,1.08,850
F_gtcn,2,0.475,2,AdaptiveGCN,0.0,0.7909888029098511,1.0,gtcn,none,185,185,34,11960,51.057,1.799,2,119.81325179910233,44.39434510336203,42.44322091475153,51.350192570910345,2.04,850
F_gtcn,2,0.475,2,AdaptiveGCN,0.0,0.7909888029098511,1.0,gtcn,none,185,185,34,11960,51.057,1.799,3,148.29153951750155,53.39021640917834,50.13144186541398,64.64278307412107,3.16,850
F_gtcn,2,0.475,3,AdaptiveGCN,0.0,0.7907252311706543,1.0,gtcn,none,185,185,34,11960,52.05,1.7152,0,122.18339645121509,43.99609743248598,43.611728393552845,53.63882255026642,nan,2550
F_gtcn,2,0.475,3,AdaptiveGCN,0.0,0.7907252311706543,1.0,gtcn,none,185,185,34,11960,52.05,1.7152,1,82.69639907128294,32.11339993201634,38.141339542043276,42.69232455765984,1.08,850
F_gtcn,2,0.475,3,AdaptiveGCN,0.0,0.7907252311706543,1.0,gtcn,none,185,185,34,11960,52.05,1.7152,2,121.11425703978838,44.904820168719574,42.427737497690565,51.645484430020424,2.04,850
F_gtcn,2,0.475,3,AdaptiveGCN,0.0,0.7907252311706543,1.0,gtcn,none,185,185,34,11960,52.05,1.7152,3,152.5745372839373,54.97007219672203,50.26610814092469,66.57865866311896,3.28,850
F_gtcn,2,0.475,4,AdaptiveGCN,0.0,0.7926592230796814,1.0,gtcn,none,185,185,34,11960,50.938,1.789,0,119.8431285036962,43.80115944360191,44.2233830080779,54.79916962583425,nan,2550
F_gtcn,2,0.475,4,AdaptiveGCN,0.0,0.7926592230796814,1.0,gtcn,none,185,185,34,11960,50.938,1.789,1,83.19661980853094,32.01920934048344,37.88240963733414,41.81686413650935,1.08,850
F_gtcn,2,0.475,4,AdaptiveGCN,0.0,0.7926592230796814,1.0,gtcn,none,185,185,34,11960,50.938,1.789,2,121.15441854544831,44.88519182864358,42.4158503131877,51.53660418080479,2.0,850
F_gtcn,2,0.475,4,AdaptiveGCN,0.0,0.7926592230796814,1.0,gtcn,none,185,185,34,11960,50.938,1.789,3,146.58463653469764,54.49907716167871,52.37188907371186,71.04404056018862,3.8,850
F_gtcn,2,0.475,5,AdaptiveGCN,0.0,0.7923681139945984,1.0,gtcn,none,185,185,34,11960,51.302,1.6592,0,119.49669139395216,43.087682389693946,43.11073492993592,52.14490301122109,nan,2550
F_gtcn,2,0.475,5,AdaptiveGCN,0.0,0.7923681139945984,1.0,gtcn,none,185,185,34,11960,51.302,1.6592,1,83.06334892341306,32.047501800270645,37.02143452456892,41.98642801132094,1.04,850
F_gtcn,2,0.475,5,AdaptiveGCN,0.0,0.7923681139945984,1.0,gtcn,none,185,185,34,11960,51.302,1.6592,2,120.8321491359329,45.04524898969378,43.14095803764661,51.850226433792535,2.04,850
F_gtcn,2,0.475,5,AdaptiveGCN,0.0,0.7923681139945984,1.0,gtcn,none,185,185,34,11960,51.302,1.6592,3,146.07686183349958,52.1702963791174,49.16981222759226,62.598054588549786,3.32,850
F_gtcn,2,0.475,6,AdaptiveGCN,0.0,0.7918701767921448,1.0,gtcn,none,185,185,34,11960,51.242,1.2091,0,124.83667572121992,44.94121246305276,43.605519531959295,54.16760090789667,nan,2550
F_gtcn,2,0.475,6,AdaptiveGCN,0.0,0.7918701767921448,1.0,gtcn,none,185,185,34,11960,51.242,1.2091,1,84.23154586864705,32.65094912501271,37.539644818008675,42.5298463078427,1.08,850
F_gtcn,2,0.475,6,AdaptiveGCN,0.0,0.7918701767921448,1.0,gtcn,none,185,185,34,11960,51.242,1.2091,2,124.26813711886399,46.32635254305952,42.78397775211744,52.1814274304334,2.04,850
F_gtcn,2,0.475,6,AdaptiveGCN,0.0,0.7918701767921448,1.0,gtcn,none,185,185,34,11960,51.242,1.2091,3,155.61190055056937,55.84633572108606,50.49293602575179,67.79152898541389,3.28,850
F_gtcn,2,0.475,7,AdaptiveGCN,0.0,0.7918028235435486,1.0,gtcn,none,185,185,34,11960,50.0,1.5586,0,125.41335016705125,46.64776215067946,45.602229298762474,57.42105788191096,nan,2550
F_gtcn,2,0.475,7,AdaptiveGCN,0.0,0.7918028235435486,1.0,gtcn,none,185,185,34,11960,50.0,1.5586,1,94.09071380680743,37.060508453892,40.63701934975004,47.14752909358217,1.12,850
F_gtcn,2,0.475,7,AdaptiveGCN,0.0,0.7918028235435486,1.0,gtcn,none,185,185,34,11960,50.0,1.5586,2,127.27473174073425,48.131953231980475,44.805927048517454,56.126327617159134,2.04,850
F_gtcn,2,0.475,7,AdaptiveGCN,0.0,0.7918028235435486,1.0,gtcn,none,185,185,34,11960,50.0,1.5586,3,148.77367185096912,54.750824766165906,51.36374149801992,68.98931693499158,3.28,850
F_gtcn,3,0.55,0,AdaptiveGCN,0.0,0.593427300453186,1.0,gtcn,none,219,219,34,11960,85.544,2.6342,0,22.186567847071007,12.330812281854314,56.42787365901595,64.04433405021193,nan,2550
F_gtcn,3,0.55,0,AdaptiveGCN,0.0,0.593427300453186,1.0,gtcn,none,219,219,34,11960,85.544,2.6342,1,16.117210616076797,9.55949950637734,50.317615576962716,55.55579482216416,1.4166666666666667,850
F_gtcn,3,0.55,0,AdaptiveGCN,0.0,0.593427300453186,1.0,gtcn,none,219,219,34,11960,85.544,2.6342,2,21.999596463908276,12.324047256248647,57.508609821182766,65.93806383604132,2.9583333333333335,850
F_gtcn,3,0.55,0,AdaptiveGCN,0.0,0.593427300453186,1.0,gtcn,none,219,219,34,11960,85.544,2.6342,3,27.07368936588198,15.108890082936954,61.457395578902364,70.6573821244379,3.9166666666666665,850
F_gtcn,3,0.55,1,AdaptiveGCN,0.0,0.7208332419395447,1.0,gtcn,none,219,219,34,11960,71.711,1.38,0,22.222282406821478,12.322086753204298,55.85889258297523,64.60359078092561,nan,2550
F_gtcn,3,0.55,1,AdaptiveGCN,0.0,0.7208332419395447,1.0,gtcn,none,219,219,34,11960,71.711,1.38,1,15.719721932973705,9.528060528501365,50.04896320501406,56.80080288963833,1.0416666666666667,850
F_gtcn,3,0.55,1,AdaptiveGCN,0.0,0.7208332419395447,1.0,gtcn,none,219,219,34,11960,71.711,1.38,2,22.174568405915746,12.378502910838408,57.204811238351596,65.86602306807356,2.625,850
F_gtcn,3,0.55,1,AdaptiveGCN,0.0,0.7208332419395447,1.0,gtcn,none,219,219,34,11960,71.711,1.38,3,27.251942398055427,15.05969682027312,60.32290330556002,71.16128996849352,3.5,850
F_gtcn,3,0.55,2,AdaptiveGCN,0.0,0.5505530834197998,1.0,gtcn,none,219,219,34,11960,102.975,2.3948,0,22.03720021410597,12.195694007382674,56.05915811882628,62.99160984491632,nan,2550
F_gtcn,3,0.55,2,AdaptiveGCN,0.0,0.5505530834197998,1.0,gtcn,none,219,219,34,11960,102.975,2.3948,1,15.587252067544883,9.371952710432165,49.937394865414895,54.75435470638327,1.0416666666666667,850
F_gtcn,3,0.55,2,AdaptiveGCN,0.0,0.5505530834197998,1.0,gtcn,none,219,219,34,11960,102.975,2.3948,2,21.497533521249665,12.030900749809602,57.31829298678064,63.680879103053634,2.75,850
F_gtcn,3,0.55,2,AdaptiveGCN,0.0,0.5505530834197998,1.0,gtcn,none,219,219,34,11960,102.975,2.3948,3,27.41912116234474,15.184228561906254,60.92178650428329,70.55868307841841,3.5,850
F_gtcn,3,0.55,3,AdaptiveGCN,0.0,0.6334013342857361,1.0,gtcn,none,219,219,34,11960,76.21,1.2637,0,22.592742260796914,12.452203133759413,56.071437971746164,64.70798081034664,nan,2550
F_gtcn,3,0.55,3,AdaptiveGCN,0.0,0.6334013342857361,1.0,gtcn,none,219,219,34,11960,76.21,1.2637,1,16.05938232213159,9.513131437722375,50.11801105244946,55.18950031228407,1.125,850
F_gtcn,3,0.55,3,AdaptiveGCN,0.0,0.6334013342857361,1.0,gtcn,none,219,219,34,11960,76.21,1.2637,2,22.58571163515449,12.582059311347958,57.39424055210611,66.930445739883,2.9583333333333335,850
F_gtcn,3,0.55,3,AdaptiveGCN,0.0,0.6334013342857361,1.0,gtcn,none,219,219,34,11960,76.21,1.2637,3,27.62748410466742,15.261418652207906,60.70206231068291,72.02432829672846,3.875,850
F_gtcn,3,0.55,4,AdaptiveGCN,0.0,0.5093957781791687,1.0,gtcn,none,219,219,34,11960,119.103,4.1283,0,21.867961793829213,12.224575769197351,55.692791494755646,65.07702920744495,nan,2550
F_gtcn,3,0.55,4,AdaptiveGCN,0.0,0.5093957781791687,1.0,gtcn,none,219,219,34,11960,119.103,4.1283,1,15.627500611286491,9.390970680292915,49.83910976769551,55.16818580861671,1.0416666666666667,850
F_gtcn,3,0.55,4,AdaptiveGCN,0.0,0.5093957781791687,1.0,gtcn,none,219,219,34,11960,119.103,4.1283,2,21.577376364750275,12.199883399947327,56.743272297115865,66.93548884754915,2.7916666666666665,850
F_gtcn,3,0.55,4,AdaptiveGCN,0.0,0.5093957781791687,1.0,gtcn,none,219,219,34,11960,119.103,4.1283,3,26.922505695185194,15.082873227351811,60.49599241945556,73.14912908123256,3.5833333333333335,850
F_gtcn,3,0.55,5,AdaptiveGCN,0.0,0.629920482635498,1.0,gtcn,none,219,219,34,11960,79.408,1.8545,0,22.362680283205556,12.443295989163612,55.993361364487406,65.39123348497967,nan,2550
F_gtcn,3,0.55,5,AdaptiveGCN,0.0,0.629920482635498,1.0,gtcn,none,219,219,34,11960,79.408,1.8545,1,15.682702329181666,9.5045982282958,50.23147055971111,56.69184336954258,1.0416666666666667,850
F_gtcn,3,0.55,5,AdaptiveGCN,0.0,0.629920482635498,1.0,gtcn,none,219,219,34,11960,79.408,1.8545,2,22.376987276698053,12.576380833843174,57.085428116216576,67.8125946133509,2.6666666666666665,850
F_gtcn,3,0.55,5,AdaptiveGCN,0.0,0.629920482635498,1.0,gtcn,none,219,219,34,11960,79.408,1.8545,3,27.45162465901399,15.248908905351863,60.663185417534535,71.68737301509572,3.7083333333333335,850
F_gtcn,3,0.55,6,AdaptiveGCN,0.0,0.754369854927063,1.0,gtcn,none,219,219,34,11960,66.669,1.5949,0,22.31063095670593,12.429293987496811,55.64110145088939,66.02761745080588,nan,2550
F_gtcn,3,0.55,6,AdaptiveGCN,0.0,0.754369854927063,1.0,gtcn,none,219,219,34,11960,66.669,1.5949,1,15.745308844430385,9.453290372035083,49.75151367619997,55.62840356758969,1.0416666666666667,850
F_gtcn,3,0.55,6,AdaptiveGCN,0.0,0.754369854927063,1.0,gtcn,none,219,219,34,11960,66.669,1.5949,2,22.488958322792893,12.778888065823738,57.077223295783995,71.04103598913993,2.5833333333333335,850
F_gtcn,3,0.55,6,AdaptiveGCN,0.0,0.754369854927063,1.0,gtcn,none,219,219,34,11960,66.669,1.5949,3,27.196043168228737,15.055703524631612,60.09456738068418,71.43249986851521,3.5416666666666665,850
F_gtcn,3,0.55,7,AdaptiveGCN,0.0,0.7858032584190369,1.0,gtcn,none,219,219,34,11960,64.677,1.726,0,22.063375458019962,12.191965013835944,55.723170956091394,63.65188177825314,nan,2550
F_gtcn,3,0.55,7,AdaptiveGCN,0.0,0.7858032584190369,1.0,gtcn,none,219,219,34,11960,64.677,1.726,1,15.490556171740772,9.30198446841801,49.86379113720869,54.42399376661904,1.0,850
F_gtcn,3,0.55,7,AdaptiveGCN,0.0,0.7858032584190369,1.0,gtcn,none,219,219,34,11960,64.677,1.726,2,21.731932841229536,12.169044572044822,56.95884316232335,65.3723465304137,2.625,850
F_gtcn,3,0.55,7,AdaptiveGCN,0.0,0.7858032584190369,1.0,gtcn,none,219,219,34,11960,64.677,1.726,3,27.35220967817967,15.104866001045004,60.34687856874213,71.17954120613189,3.5416666666666665,850
F_gtcn,4,0.625,0,AdaptiveGCN,0.0,0.46333202719688416,1.0,gtcn,none,253,253,34,11960,196.676,4.8436,0,31.293373469580317,14.298488765933081,51.75289174632686,54.01936201859419,nan,2550
F_gtcn,4,0.625,0,AdaptiveGCN,0.0,0.46333202719688416,1.0,gtcn,none,253,253,34,11960,196.676,4.8436,1,26.87867573585479,12.580394028367214,50.22697809914393,53.61174914111832,2.125,850
F_gtcn,4,0.625,0,AdaptiveGCN,0.0,0.46333202719688416,1.0,gtcn,none,253,253,34,11960,196.676,4.8436,2,29.789044800481676,13.85956012939596,50.93348276534931,53.44318864620797,2.375,850
F_gtcn,4,0.625,0,AdaptiveGCN,0.0,0.46333202719688416,1.0,gtcn,none,253,253,34,11960,196.676,4.8436,3,36.44139500460385,16.455512140036067,54.09821437448732,55.00314826845623,3.7083333333333335,850
F_gtcn,4,0.625,1,AdaptiveGCN,0.0,0.48261526226997375,1.0,gtcn,none,253,253,34,11960,162.821,6.26,0,32.687352277381365,14.96671306520285,52.55942719074006,56.33145200141606,nan,2550
F_gtcn,4,0.625,1,AdaptiveGCN,0.0,0.48261526226997375,1.0,gtcn,none,253,253,34,11960,162.821,6.26,1,27.38433507278776,12.776627715637579,50.0728287554002,54.54869771663778,2.5,850
F_gtcn,4,0.625,1,AdaptiveGCN,0.0,0.48261526226997375,1.0,gtcn,none,253,253,34,11960,162.821,6.26,2,31.259033890568364,14.634949858363527,51.766453124275344,55.86698872936267,3.25,850
F_gtcn,4,0.625,1,AdaptiveGCN,0.0,0.48261526226997375,1.0,gtcn,none,253,253,34,11960,162.821,6.26,3,38.449447194549755,17.488561621607445,55.83899969254463,58.57866955824771,3.7083333333333335,850
F_gtcn,4,0.625,2,AdaptiveGCN,0.0,0.6193361878395081,1.0,gtcn,none,253,253,34,11960,91.142,1.9152,0,30.956971736910333,14.350846723134119,51.69265967163437,55.082155202246916,nan,2550
F_gtcn,4,0.625,2,AdaptiveGCN,0.0,0.6193361878395081,1.0,gtcn,none,253,253,34,11960,91.142,1.9152,1,26.522661811012473,12.470736730365624,49.25967068519596,53.043013479252984,2.0833333333333335,850
F_gtcn,4,0.625,2,AdaptiveGCN,0.0,0.6193361878395081,1.0,gtcn,none,253,253,34,11960,91.142,1.9152,2,29.215980705068414,13.852941248199958,50.98600973915842,54.32288024496897,2.75,850
F_gtcn,4,0.625,2,AdaptiveGCN,0.0,0.6193361878395081,1.0,gtcn,none,253,253,34,11960,91.142,1.9152,3,36.303955421679966,16.728862190836775,54.832298590548746,57.88057188251877,3.7083333333333335,850
F_gtcn,4,0.625,3,AdaptiveGCN,0.0,0.5338318943977356,1.0,gtcn,none,253,253,34,11960,150.026,5.8087,0,31.31547755301378,14.281072851756505,51.04672090941473,54.931083760170765,nan,2550
F_gtcn,4,0.625,3,AdaptiveGCN,0.0,0.5338318943977356,1.0,gtcn,none,253,253,34,11960,150.026,5.8087,1,26.698985887263845,12.494140868056565,49.724544659884394,53.739949436636394,2.6666666666666665,850
F_gtcn,4,0.625,3,AdaptiveGCN,0.0,0.5338318943977356,1.0,gtcn,none,253,253,34,11960,150.026,5.8087,2,29.94588107107569,13.921357136040049,50.28783919833496,54.7397955810945,3.2083333333333335,850
F_gtcn,4,0.625,3,AdaptiveGCN,0.0,0.5338318943977356,1.0,gtcn,none,253,253,34,11960,150.026,5.8087,3,36.50185971411054,16.4277205511729,53.12777887002484,56.31350626278141,3.6666666666666665,850
F_gtcn,4,0.625,4,AdaptiveGCN,0.0,0.5750796794891357,1.0,gtcn,none,253,253,34,11960,111.829,3.3126,0,30.721332538787564,14.28592463210927,51.946226589894536,56.553718658189254,nan,2550
F_gtcn,4,0.625,4,AdaptiveGCN,0.0,0.5750796794891357,1.0,gtcn,none,253,253,34,11960,111.829,3.3126,1,26.590722027759302,12.631870120939087,50.44156100508405,56.1481243653432,3.6666666666666665,850
F_gtcn,4,0.625,4,AdaptiveGCN,0.0,0.5750796794891357,1.0,gtcn,none,253,253,34,11960,111.829,3.3126,2,28.981100617828037,13.785209828129771,50.908821529737494,55.76786596914886,4.5,850
F_gtcn,4,0.625,4,AdaptiveGCN,0.0,0.5750796794891357,1.0,gtcn,none,253,253,34,11960,111.829,3.3126,3,35.838947081325735,16.440693947258954,54.488297234862095,57.745165640075705,4.958333333333333,850
F_gtcn,4,0.625,5,AdaptiveGCN,0.0,0.4865501821041107,1.0,gtcn,none,253,253,34,11960,173.447,4.4195,0,31.760962597439377,14.558658862988711,51.66654465579137,54.931486950508514,nan,2550
F_gtcn,4,0.625,5,AdaptiveGCN,0.0,0.4865501821041107,1.0,gtcn,none,253,253,34,11960,173.447,4.4195,1,26.879331264026284,12.56620534514748,49.73271571888277,53.21499885406391,2.5,850
F_gtcn,4,0.625,5,AdaptiveGCN,0.0,0.4865501821041107,1.0,gtcn,none,253,253,34,11960,173.447,4.4195,2,30.250204247889318,14.279525208389387,50.939751046770695,55.15074279770565,3.0833333333333335,850
F_gtcn,4,0.625,5,AdaptiveGCN,0.0,0.4865501821041107,1.0,gtcn,none,253,253,34,11960,173.447,4.4195,3,37.26530462920634,16.830246035429266,54.32716720172061,56.428719199755996,3.7916666666666665,850
F_gtcn,4,0.625,6,AdaptiveGCN,0.0,0.4988618791103363,1.0,gtcn,none,253,253,34,11960,149.584,5.3826,0,31.411116369582974,14.467133663926894,51.1076026554756,55.869873062925855,nan,2550
F_gtcn,4,0.625,6,AdaptiveGCN,0.0,0.4988618791103363,1.0,gtcn,none,253,253,34,11960,149.584,5.3826,1,26.711102503823767,12.624566374683534,49.52325075251269,54.91749912193302,3.8333333333333335,850
F_gtcn,4,0.625,6,AdaptiveGCN,0.0,0.4988618791103363,1.0,gtcn,none,253,253,34,11960,149.584,5.3826,2,29.64584882840938,14.131614325677647,50.41838267251646,56.72142821564492,4.5,850
F_gtcn,4,0.625,6,AdaptiveGCN,0.0,0.4988618791103363,1.0,gtcn,none,253,253,34,11960,149.584,5.3826,3,36.981283712491226,16.645220291419502,53.381174541397655,55.970691851199604,5.708333333333333,850
F_gtcn,4,0.625,7,AdaptiveGCN,0.0,0.5232656002044678,1.0,gtcn,none,253,253,34,11960,167.531,5.5142,0,31.201902356589322,14.245296494025993,51.109959791041824,54.04040891573669,nan,2550
F_gtcn,4,0.625,7,AdaptiveGCN,0.0,0.5232656002044678,1.0,gtcn,none,253,253,34,11960,167.531,5.5142,1,26.579861213469915,12.467376006819746,49.651212745970355,53.25259740343944,2.125,850
F_gtcn,4,0.625,7,AdaptiveGCN,0.0,0.5232656002044678,1.0,gtcn,none,253,253,34,11960,167.531,5.5142,2,29.888414437559508,13.938279976525399,50.34858929366543,53.549038881983655,2.7083333333333335,850
F_gtcn,4,0.625,7,AdaptiveGCN,0.0,0.5232656002044678,1.0,gtcn,none,253,253,34,11960,167.531,5.5142,3,36.34377240039571,16.330233498732834,53.330077333489726,55.319590461786994,2.9166666666666665,850
F_gtcn,5,0.7,0,AdaptiveGCN,0.0,0.5442796349525452,1.0,gtcn,none,287,287,34,11960,165.497,6.2006,0,52.86859114908038,28.14784608035569,46.87263749546097,57.2694916328906,nan,2550
F_gtcn,5,0.7,0,AdaptiveGCN,0.0,0.5442796349525452,1.0,gtcn,none,287,287,34,11960,165.497,6.2006,1,38.86175197911172,21.073734764416756,39.60817553785227,40.937554418449274,1.24,850
F_gtcn,5,0.7,0,AdaptiveGCN,0.0,0.5442796349525452,1.0,gtcn,none,287,287,34,11960,165.497,6.2006,2,51.38007704754927,27.792724795454397,44.963317964725924,51.82727435288571,2.2,850
F_gtcn,5,0.7,0,AdaptiveGCN,0.0,0.5442796349525452,1.0,gtcn,none,287,287,34,11960,165.497,6.2006,3,65.07776660248697,35.57707868119592,56.04641898380473,79.33638782372466,3.9583333333333335,850
F_gtcn,5,0.7,1,AdaptiveGCN,0.0,0.7372816205024719,1.0,gtcn,none,287,287,34,11960,91.668,1.3131,0,53.753888899388784,28.665921782857712,46.1401293258138,56.448343745367865,nan,2550
F_gtcn,5,0.7,1,AdaptiveGCN,0.0,0.7372816205024719,1.0,gtcn,none,287,287,34,11960,91.668,1.3131,1,39.20172108776844,21.200202281194574,36.356644880535534,40.80754898895471,1.2,850
F_gtcn,5,0.7,1,AdaptiveGCN,0.0,0.7372816205024719,1.0,gtcn,none,287,287,34,11960,91.668,1.3131,2,52.37474741533644,28.57977268696629,46.111488436135595,52.186422803204444,1.96,850
F_gtcn,5,0.7,1,AdaptiveGCN,0.0,0.7372816205024719,1.0,gtcn,none,287,287,34,11960,91.668,1.3131,3,66.24615167962602,36.217790380412275,55.952254660770265,76.62046537326586,3.125,850
F_gtcn,5,0.7,2,AdaptiveGCN,0.0,0.6740230321884155,1.0,gtcn,none,287,287,34,11960,98.461,1.6153,0,54.350758369613324,29.21800206751852,48.44101817977723,58.4802531582624,nan,2550
F_gtcn,5,0.7,2,AdaptiveGCN,0.0,0.6740230321884155,1.0,gtcn,none,287,287,34,11960,98.461,1.6153,1,39.02304521439732,21.15778057549731,38.620317313036715,41.21099353072955,1.24,850
F_gtcn,5,0.7,2,AdaptiveGCN,0.0,0.6740230321884155,1.0,gtcn,none,287,287,34,11960,98.461,1.6153,2,53.933095241498094,29.675829398807476,49.437219558146246,54.96304790754526,2.2,850
F_gtcn,5,0.7,2,AdaptiveGCN,0.0,0.6740230321884155,1.0,gtcn,none,287,287,34,11960,98.461,1.6153,3,66.56153533327546,36.82039622825077,57.26551766814871,79.55047821981492,3.125,850
F_gtcn,5,0.7,3,AdaptiveGCN,0.0,0.7376798987388611,1.0,gtcn,none,287,287,34,11960,92.239,1.2663,0,54.18986381886577,28.991569213945812,46.87073972823961,57.465494747324364,nan,2550
F_gtcn,5,0.7,3,AdaptiveGCN,0.0,0.7376798987388611,1.0,gtcn,none,287,287,34,11960,92.239,1.2663,1,39.26687181652952,21.286611606641895,38.21439746766707,41.156711065739685,1.24,850
F_gtcn,5,0.7,3,AdaptiveGCN,0.0,0.7376798987388611,1.0,gtcn,none,287,287,34,11960,92.239,1.2663,2,52.66426062112378,28.809595581199787,46.07398429809461,52.47323072656488,2.2,850
F_gtcn,5,0.7,3,AdaptiveGCN,0.0,0.7376798987388611,1.0,gtcn,none,287,287,34,11960,92.239,1.2663,3,67.038887618279,36.87850045399576,56.32383741895715,79.05377291917463,3.125,850
F_gtcn,5,0.7,4,AdaptiveGCN,0.0,0.5617344975471497,1.0,gtcn,none,287,287,34,11960,174.417,4.2011,0,57.39743935302247,30.26155695494956,49.26861699347436,58.65197772820371,nan,2550
F_gtcn,5,0.7,4,AdaptiveGCN,0.0,0.5617344975471497,1.0,gtcn,none,287,287,34,11960,174.417,4.2011,1,39.99211688435309,21.574520498952992,40.596829656033776,40.56418238078156,1.6,850
F_gtcn,5,0.7,4,AdaptiveGCN,0.0,0.5617344975471497,1.0,gtcn,none,287,287,34,11960,174.417,4.2011,2,55.94467757696897,30.494110257847385,48.533342151177976,54.17857935776068,3.28,850
F_gtcn,5,0.7,4,AdaptiveGCN,0.0,0.5617344975471497,1.0,gtcn,none,287,287,34,11960,174.417,4.2011,3,71.79290891702955,38.716040108048304,58.675679173211314,81.51947917226046,4.75,850
F_gtcn,5,0.7,5,AdaptiveGCN,0.0,0.7783486843109131,1.0,gtcn,none,287,287,34,11960,88.61,1.247,0,53.694828505037975,28.721590004932487,46.69584133021769,56.953916801970514,nan,2550
F_gtcn,5,0.7,5,AdaptiveGCN,0.0,0.7783486843109131,1.0,gtcn,none,287,287,34,11960,88.61,1.247,1,40.13830994498141,21.79220973903575,43.56431723016829,42.57240473300547,1.08,850
F_gtcn,5,0.7,5,AdaptiveGCN,0.0,0.7783486843109131,1.0,gtcn,none,287,287,34,11960,88.61,1.247,2,52.07866062408892,28.434986712431865,43.42391095500649,52.36520843840822,2.2,850
F_gtcn,5,0.7,5,AdaptiveGCN,0.0,0.7783486843109131,1.0,gtcn,none,287,287,34,11960,88.61,1.247,3,65.77334571783538,35.93757356332985,53.0992958054783,76.17957258408899,3.125,850
F_gtcn,5,0.7,6,AdaptiveGCN,0.0,0.7351770401000977,1.0,gtcn,none,287,287,34,11960,91.065,1.3215,0,54.68186988105166,29.299217009198983,48.48737525586393,58.26003343285575,nan,2550
F_gtcn,5,0.7,6,AdaptiveGCN,0.0,0.7351770401000977,1.0,gtcn,none,287,287,34,11960,91.065,1.3215,1,39.1478646186142,21.240708355145145,39.90752112200915,41.42003904030755,1.08,850
F_gtcn,5,0.7,6,AdaptiveGCN,0.0,0.7351770401000977,1.0,gtcn,none,287,287,34,11960,91.065,1.3215,2,54.44058806020723,29.784560620925213,48.69412661347957,54.512755605384434,1.96,850
F_gtcn,5,0.7,6,AdaptiveGCN,0.0,0.7351770401000977,1.0,gtcn,none,287,287,34,11960,91.065,1.3215,3,66.88787445065265,36.87238205152659,56.86047803210308,79.12767113144795,3.125,850
F_gtcn,5,0.7,7,AdaptiveGCN,0.0,0.7356071472167969,1.0,gtcn,none,287,287,34,11960,93.905,1.6413,0,54.233338440144294,29.11374106004236,49.994340217032246,57.967052163856906,nan,2550
F_gtcn,5,0.7,7,AdaptiveGCN,0.0,0.7356071472167969,1.0,gtcn,none,287,287,34,11960,93.905,1.6413,1,40.69230711454318,22.138748052144315,46.974241270254595,43.508907574463585,1.08,850
F_gtcn,5,0.7,7,AdaptiveGCN,0.0,0.7356071472167969,1.0,gtcn,none,287,287,34,11960,93.905,1.6413,2,52.74234858151122,28.88826077348498,47.42366871468662,53.27869714858804,2.2,850
F_gtcn,5,0.7,7,AdaptiveGCN,0.0,0.7356071472167969,1.0,gtcn,none,287,287,34,11960,93.905,1.6413,3,66.2279835333355,36.31421435449779,55.58511066615552,77.37121474626653,3.125,850
F_gtcn,6,0.775,0,AdaptiveGCN,0.0,0.5763866305351257,1.0,gtcn,none,321,321,34,11960,134.41,5.2369,0,10.611430223954134,5.3298818370623815,91.0821599253834,86.62768779874769,nan,2550
F_gtcn,6,0.775,0,AdaptiveGCN,0.0,0.5763866305351257,1.0,gtcn,none,321,321,34,11960,134.41,5.2369,1,8.518396135229619,4.445186847823104,86.9305016857203,72.07395457235381,3.7142857142857144,850
F_gtcn,6,0.775,0,AdaptiveGCN,0.0,0.5763866305351257,1.0,gtcn,none,321,321,34,11960,134.41,5.2369,2,10.334476566425616,5.244404682131528,89.23030192856135,86.74604066737281,5.5,850
F_gtcn,6,0.775,0,AdaptiveGCN,0.0,0.5763866305351257,1.0,gtcn,none,321,321,34,11960,134.41,5.2369,3,12.58740940681786,6.300053981232511,97.08567616186853,101.10892998276032,6.0,850
F_gtcn,6,0.775,1,AdaptiveGCN,0.0,0.6538304090499878,1.0,gtcn,none,321,321,34,11960,114.035,1.4411,0,10.463643258536203,5.240892878668735,86.17027608041955,85.05706520297623,nan,2550
F_gtcn,6,0.775,1,AdaptiveGCN,0.0,0.6538304090499878,1.0,gtcn,none,321,321,34,11960,114.035,1.4411,1,8.54269592254375,4.4639385993765694,89.10742843787126,72.84193172021075,2.5,850
F_gtcn,6,0.775,1,AdaptiveGCN,0.0,0.6538304090499878,1.0,gtcn,none,321,321,34,11960,114.035,1.4411,2,10.21122348817877,5.179033858929299,81.87970532816881,85.1073577059134,4.428571428571429,850
F_gtcn,6,0.775,1,AdaptiveGCN,0.0,0.6538304090499878,1.0,gtcn,none,321,321,34,11960,114.035,1.4411,3,12.297022077525554,6.079706177700335,87.5236944752186,97.26009445718795,4.857142857142857,850
F_gtcn,6,0.775,2,AdaptiveGCN,0.0,0.5735888481140137,1.0,gtcn,none,321,321,34,11960,141.546,6.7461,0,10.727636097691356,5.387854623553968,91.27952890142242,87.64455490648247,nan,2550
F_gtcn,6,0.775,2,AdaptiveGCN,0.0,0.5735888481140137,1.0,gtcn,none,321,321,34,11960,141.546,6.7461,1,8.615735259279248,4.493761549613739,90.28334389592587,72.94586936203042,3.7857142857142856,850
F_gtcn,6,0.775,2,AdaptiveGCN,0.0,0.5735888481140137,1.0,gtcn,none,321,321,34,11960,141.546,6.7461,2,10.445785298822944,5.288309582358993,88.71391504493573,87.56849211605032,5.5,850
F_gtcn,6,0.775,2,AdaptiveGCN,0.0,0.5735888481140137,1.0,gtcn,none,321,321,34,11960,141.546,6.7461,3,12.724040402575694,6.381492738689173,94.84132776340569,102.46440885365682,6.0,850
F_gtcn,6,0.775,3,AdaptiveGCN,0.0,0.5440701842308044,1.0,gtcn,none,321,321,34,11960,174.422,3.7436,0,10.897208580516695,5.498555624800436,92.0449052543872,89.4242366246294,nan,2550
F_gtcn,6,0.775,3,AdaptiveGCN,0.0,0.5440701842308044,1.0,gtcn,none,321,321,34,11960,174.422,3.7436,1,8.774878156370125,4.577358027848163,89.66292394173313,73.88487937600736,3.5,850
F_gtcn,6,0.775,3,AdaptiveGCN,0.0,0.5440701842308044,1.0,gtcn,none,321,321,34,11960,174.422,3.7436,2,10.708648816528342,5.451379924585208,91.34376666851294,90.1566435972112,5.285714285714286,850
F_gtcn,6,0.775,3,AdaptiveGCN,0.0,0.5440701842308044,1.0,gtcn,none,321,321,34,11960,174.422,3.7436,3,12.828632756727611,6.466928921967937,95.12802515291554,104.28391301289845,5.857142857142857,850
F_gtcn,6,0.775,4,AdaptiveGCN,0.0,0.6065893769264221,1.0,gtcn,none,321,321,34,11960,125.746,4.7072,0,10.702134863574294,5.385715879181631,94.07889392430519,87.43492496398436,nan,2550
F_gtcn,6,0.775,4,AdaptiveGCN,0.0,0.6065893769264221,1.0,gtcn,none,321,321,34,11960,125.746,4.7072,1,8.618557958601476,4.513248379813244,97.18905982304929,73.18277866567178,2.2142857142857144,850
F_gtcn,6,0.775,4,AdaptiveGCN,0.0,0.6065893769264221,1.0,gtcn,none,321,321,34,11960,125.746,4.7072,2,10.419094409835573,5.280708408026258,87.82178584020798,87.05316661684877,5.285714285714286,850
F_gtcn,6,0.775,4,AdaptiveGCN,0.0,0.6065893769264221,1.0,gtcn,none,321,321,34,11960,125.746,4.7072,3,12.679511122577138,6.36319084970539,97.2258361096583,102.11065481750711,5.857142857142857,850
F_gtcn,6,0.775,5,AdaptiveGCN,0.0,0.5619645714759827,1.0,gtcn,none,321,321,34,11960,153.946,5.0219,0,10.492539018282999,5.255395869866291,79.15451186796797,84.66225722314037,nan,2550
F_gtcn,6,0.775,5,AdaptiveGCN,0.0,0.5619645714759827,1.0,gtcn,none,321,321,34,11960,153.946,5.0219,1,8.47506296795092,4.41893244047882,73.29071375312759,71.18254606548605,2.4285714285714284,850
F_gtcn,6,0.775,5,AdaptiveGCN,0.0,0.5619645714759827,1.0,gtcn,none,321,321,34,11960,153.946,5.0219,2,10.238759874624344,5.181109493920435,77.27038511579146,84.74385569023546,5.5,850
F_gtcn,6,0.775,5,AdaptiveGCN,0.0,0.5619645714759827,1.0,gtcn,none,321,321,34,11960,153.946,5.0219,3,12.394403134867883,6.166145675199616,86.90243673498489,98.10267350468209,6.071428571428571,850
F_gtcn,6,0.775,6,AdaptiveGCN,0.0,0.5396243333816528,1.0,gtcn,none,321,321,34,11960,205.295,5.0946,0,11.050525886526916,5.605456845019259,99.38664804372928,92.25847812784984,nan,2550
F_gtcn,6,0.775,6,AdaptiveGCN,0.0,0.5396243333816528,1.0,gtcn,none,321,321,34,11960,205.295,5.0946,1,8.760812896047199,4.592295777763185,95.94207830616102,74.72778916500886,3.7142857142857144,850
F_gtcn,6,0.775,6,AdaptiveGCN,0.0,0.5396243333816528,1.0,gtcn,none,321,321,34,11960,205.295,5.0946,2,10.931573692833405,5.601240585231468,100.048284142521,93.9694637305453,5.5,850
F_gtcn,6,0.775,6,AdaptiveGCN,0.0,0.5396243333816528,1.0,gtcn,none,321,321,34,11960,205.295,5.0946,3,13.041902510945638,6.622834172063124,102.16958168250585,108.14315097688912,6.071428571428571,850
F_gtcn,6,0.775,7,AdaptiveGCN,0.0,0.5554347038269043,1.0,gtcn,none,321,321,34,11960,157.044,3.8487,0,10.890580430706647,5.4885897749230725,99.59280242620838,89.97903453177902,nan,2550
F_gtcn,6,0.775,7,AdaptiveGCN,0.0,0.5554347038269043,1.0,gtcn,none,321,321,34,11960,157.044,3.8487,1,8.654586240113442,4.530700806632693,97.22413477327655,73.69444663677794,2.4285714285714284,850
F_gtcn,6,0.775,7,AdaptiveGCN,0.0,0.5554347038269043,1.0,gtcn,none,321,321,34,11960,157.044,3.8487,2,10.570416848530536,5.36090029380304,97.54591458267008,89.18996077682954,5.5,850
F_gtcn,6,0.775,7,AdaptiveGCN,0.0,0.5554347038269043,1.0,gtcn,none,321,321,34,11960,157.044,3.8487,3,13.006869377902301,6.5741682243334845,104.00835792267853,107.09829754726476,6.071428571428571,850
F_gtcn,7,0.85,0,AdaptiveGCN,0.0,0.5583402514457703,1.0,gtcn,none,355,355,34,11960,172.536,5.6069,0,83.93306052779671,20.548987354059502,95.17565940577843,356.4957758461942,nan,2550
F_gtcn,7,0.85,0,AdaptiveGCN,0.0,0.5583402514457703,1.0,gtcn,none,355,355,34,11960,172.536,5.6069,1,85.98361217291422,19.938879570766243,91.87174936366206,392.5118357886173,2.76,850
F_gtcn,7,0.85,0,AdaptiveGCN,0.0,0.5583402514457703,1.0,gtcn,none,355,355,34,11960,172.536,5.6069,2,84.32494318444976,20.557713287862786,95.9886263682838,292.66622314428326,2.56,850
F_gtcn,7,0.85,0,AdaptiveGCN,0.0,0.5583402514457703,1.0,gtcn,none,355,355,34,11960,172.536,5.6069,3,81.42725798727082,21.15036920354948,97.66660248538943,384.4368836911807,3.4,850
F_gtcn,7,0.85,1,AdaptiveGCN,0.0,0.7220096588134766,1.0,gtcn,none,355,355,34,11960,115.689,1.2619,0,88.88525686157898,21.506345334556027,85.98799770133915,397.7605510328637,nan,2550
F_gtcn,7,0.85,1,AdaptiveGCN,0.0,0.7220096588134766,1.0,gtcn,none,355,355,34,11960,115.689,1.2619,1,90.09626601517489,20.7142240848962,82.07238174066534,426.2745363621246,2.76,850
F_gtcn,7,0.85,1,AdaptiveGCN,0.0,0.7220096588134766,1.0,gtcn,none,355,355,34,11960,115.689,1.2619,2,89.23656646554062,21.510536587730353,87.66941361266652,324.05786095696175,3.52,850
F_gtcn,7,0.85,1,AdaptiveGCN,0.0,0.7220096588134766,1.0,gtcn,none,355,355,34,11960,115.689,1.2619,3,87.29985519810789,22.29427533104153,88.2221977506856,442.9834239350946,4.36,850
F_gtcn,7,0.85,2,AdaptiveGCN,0.0,0.6836175918579102,1.0,gtcn,none,355,355,34,11960,121.306,1.412,0,87.60183626259396,21.253317091035857,85.83478238074235,384.7002534560235,nan,2550
F_gtcn,7,0.85,2,AdaptiveGCN,0.0,0.6836175918579102,1.0,gtcn,none,355,355,34,11960,121.306,1.412,1,90.51423149535215,20.799467425486622,82.08418645128305,429.8294510801984,2.76,850
F_gtcn,7,0.85,2,AdaptiveGCN,0.0,0.6836175918579102,1.0,gtcn,none,355,355,34,11960,121.306,1.412,2,87.21415532959011,21.164865551415613,87.39608602895747,307.74216749629255,3.52,850
F_gtcn,7,0.85,2,AdaptiveGCN,0.0,0.6836175918579102,1.0,gtcn,none,355,355,34,11960,121.306,1.412,3,84.9888825475832,21.79561829620534,88.02407466198659,416.6977695171577,4.36,850
F_gtcn,7,0.85,3,AdaptiveGCN,0.0,0.6790491938591003,1.0,gtcn,none,355,355,34,11960,125.0,1.3701,0,88.57341528172466,21.468958799725467,87.18351295288753,396.63816796930195,nan,2550
F_gtcn,7,0.85,3,AdaptiveGCN,0.0,0.6790491938591003,1.0,gtcn,none,355,355,34,11960,125.0,1.3701,1,89.59379944570884,20.633124590867048,82.14734066478198,422.6705206381633,2.76,850
F_gtcn,7,0.85,3,AdaptiveGCN,0.0,0.6790491938591003,1.0,gtcn,none,355,355,34,11960,125.0,1.3701,2,88.73434006625169,21.42752280470863,86.38089256999021,320.8587574966782,3.52,850
F_gtcn,7,0.85,3,AdaptiveGCN,0.0,0.6790491938591003,1.0,gtcn,none,355,355,34,11960,125.0,1.3701,3,87.37801598740653,22.346229003600723,93.02230562389036,446.3919145105363,4.36,850
F_gtcn,7,0.85,4,AdaptiveGCN,0.0,0.6077591180801392,1.0,gtcn,none,355,355,34,11960,139.921,2.1673,0,87.72215903207756,21.261464805078063,87.96716040219904,388.51187680187223,nan,2550
F_gtcn,7,0.85,4,AdaptiveGCN,0.0,0.6077591180801392,1.0,gtcn,none,355,355,34,11960,139.921,2.1673,1,89.77204786747764,20.652335274500004,82.02600369489795,423.8066376029912,2.76,850
F_gtcn,7,0.85,4,AdaptiveGCN,0.0,0.6077591180801392,1.0,gtcn,none,355,355,34,11960,139.921,2.1673,2,87.92467039434597,21.242494502401268,89.46425525224356,316.14624506218007,3.52,850
F_gtcn,7,0.85,4,AdaptiveGCN,0.0,0.6077591180801392,1.0,gtcn,none,355,355,34,11960,139.921,2.1673,3,85.4152405222408,21.889564638332917,92.41122225945556,425.67948266299567,4.36,850
F_gtcn,7,0.85,5,AdaptiveGCN,0.0,0.7662370204925537,1.0,gtcn,none,355,355,34,11960,114.204,1.6273,0,90.02141238558507,21.738882572136674,85.6196936722516,405.85539819257957,nan,2550
F_gtcn,7,0.85,5,AdaptiveGCN,0.0,0.7662370204925537,1.0,gtcn,none,355,355,34,11960,114.204,1.6273,1,89.44299137346815,20.640720249204076,82.8056389507527,417.6537086801299,2.76,850
F_gtcn,7,0.85,5,AdaptiveGCN,0.0,0.7662370204925537,1.0,gtcn,none,355,355,34,11960,114.204,1.6273,2,90.84567280904251,21.815743729086485,86.67220969187431,332.2145133578149,3.52,850
F_gtcn,7,0.85,5,AdaptiveGCN,0.0,0.7662370204925537,1.0,gtcn,none,355,355,34,11960,114.204,1.6273,3,89.76958889136561,22.760183738119462,87.38123237412778,467.58759460798404,4.36,850
F_gtcn,7,0.85,6,AdaptiveGCN,0.0,0.6439563632011414,1.0,gtcn,none,355,355,34,11960,126.59,1.8178,0,88.96704112076435,21.5237645049984,86.12426068070721,399.3284479632085,nan,2550
F_gtcn,7,0.85,6,AdaptiveGCN,0.0,0.6439563632011414,1.0,gtcn,none,355,355,34,11960,126.59,1.8178,1,90.42592737010071,20.79272662779864,82.24718302942475,428.4859737119686,2.76,850
F_gtcn,7,0.85,6,AdaptiveGCN,0.0,0.6439563632011414,1.0,gtcn,none,355,355,34,11960,126.59,1.8178,2,88.50141128143858,21.351943728293946,88.13722773327652,319.1325340464394,3.52,850
F_gtcn,7,0.85,6,AdaptiveGCN,0.0,0.6439563632011414,1.0,gtcn,none,355,355,34,11960,126.59,1.8178,3,87.95484681245402,22.426623158902615,87.98837127942039,450.3878366025866,4.36,850
F_gtcn,7,0.85,7,AdaptiveGCN,0.0,0.5989236831665039,1.0,gtcn,none,355,355,34,11960,140.053,3.2169,0,87.68623242528774,21.295452569034236,92.95194006650634,388.9038701253064,nan,2550
F_gtcn,7,0.85,7,AdaptiveGCN,0.0,0.5989236831665039,1.0,gtcn,none,355,355,34,11960,140.053,3.2169,1,90.1152084371058,20.737299898060396,88.19987886122999,427.6184905926029,2.76,850
F_gtcn,7,0.85,7,AdaptiveGCN,0.0,0.5989236831665039,1.0,gtcn,none,355,355,34,11960,140.053,3.2169,2,87.84924780822526,21.25157456697814,95.1370288895272,316.5384755907779,3.52,850
F_gtcn,7,0.85,7,AdaptiveGCN,0.0,0.5989236831665039,1.0,gtcn,none,355,355,34,11960,140.053,3.2169,3,85.01990907246821,21.897483242064173,95.51891244876178,422.6809889742623,4.36,850
F_gtcn,8,0.925,0,AdaptiveGCN,0.0,0.5417132377624512,1.0,gtcn,none,389,389,34,11960,315.01,2.3378,0,27.04063222429963,10.881243746148504,78.13494546571334,91.04062969994972,nan,2550
F_gtcn,8,0.925,0,AdaptiveGCN,0.0,0.5417132377624512,1.0,gtcn,none,389,389,34,11960,315.01,2.3378,1,25.004964716879424,9.371836343445569,72.06084064980082,77.7895500402796,2.0476190476190474,850
F_gtcn,8,0.925,0,AdaptiveGCN,0.0,0.5417132377624512,1.0,gtcn,none,389,389,34,11960,315.01,2.3378,2,26.72238564679492,10.706385000061573,77.58732771610104,90.20994259057642,3.238095238095238,850
F_gtcn,8,0.925,0,AdaptiveGCN,0.0,0.5417132377624512,1.0,gtcn,none,389,389,34,11960,315.01,2.3378,3,29.227610544159756,12.565509894938373,84.75666803123819,105.02886251031767,5.238095238095238,850
F_gtcn,8,0.925,1,AdaptiveGCN,0.0,0.5122486352920532,1.0,gtcn,none,389,389,34,11960,370.174,8.753,0,26.656134249810904,11.192087012469317,79.39667018891603,94.09071631078774,nan,2550
F_gtcn,8,0.925,1,AdaptiveGCN,0.0,0.5122486352920532,1.0,gtcn,none,389,389,34,11960,370.174,8.753,1,24.860523749586733,9.72298517604831,74.50198910481244,80.79261402969438,2.4761904761904763,850
F_gtcn,8,0.925,1,AdaptiveGCN,0.0,0.5122486352920532,1.0,gtcn,none,389,389,34,11960,370.174,8.753,2,26.575003574407308,11.215958886308705,78.17504693832245,95.44952962477575,3.1904761904761907,850
F_gtcn,8,0.925,1,AdaptiveGCN,0.0,0.5122486352920532,1.0,gtcn,none,389,389,34,11960,370.174,8.753,3,28.414292589263926,12.637316975050934,85.51297452361322,105.94508817386115,5.095238095238095,850
F_gtcn,8,0.925,2,AdaptiveGCN,0.0,0.5130507946014404,1.0,gtcn,none,389,389,34,11960,361.915,2.9336,0,27.51468447796991,11.006661555207833,79.84474240564748,92.42167188484545,nan,2550
F_gtcn,8,0.925,2,AdaptiveGCN,0.0,0.5130507946014404,1.0,gtcn,none,389,389,34,11960,361.915,2.9336,1,25.16287546248117,9.420157117079944,74.2025607701889,78.36138181550999,2.0476190476190474,850
F_gtcn,8,0.925,2,AdaptiveGCN,0.0,0.5130507946014404,1.0,gtcn,none,389,389,34,11960,361.915,2.9336,2,27.354472294596718,10.910731721925275,79.24830191912015,92.67810463092712,2.9523809523809526,850
F_gtcn,8,0.925,2,AdaptiveGCN,0.0,0.5130507946014404,1.0,gtcn,none,389,389,34,11960,361.915,2.9336,3,29.828444976406647,12.689095826618278,86.08336452763339,106.1309276406048,5.095238095238095,850
F_gtcn,8,0.925,3,AdaptiveGCN,0.0,0.37255871295928955,1.0,gtcn,none,389,389,34,11960,622.044,3.8173,0,28.083179057551124,11.424045262548093,78.54790361304076,94.72590034201096,nan,2550
F_gtcn,8,0.925,3,AdaptiveGCN,0.0,0.37255871295928955,1.0,gtcn,none,389,389,34,11960,622.044,3.8173,1,24.780176046745556,9.694953708604855,70.91216943577294,78.72195888545872,2.2857142857142856,850
F_gtcn,8,0.925,3,AdaptiveGCN,0.0,0.37255871295928955,1.0,gtcn,none,389,389,34,11960,622.044,3.8173,2,28.140463102184686,11.41781540941899,78.41439530397246,96.79246123576596,4.190476190476191,850
F_gtcn,8,0.925,3,AdaptiveGCN,0.0,0.37255871295928955,1.0,gtcn,none,389,389,34,11960,622.044,3.8173,3,30.984706702215433,13.159366669620436,86.31714609937691,108.56284549718713,3.857142857142857,850
F_gtcn,8,0.925,4,AdaptiveGCN,0.0,0.5200916528701782,1.0,gtcn,none,389,389,34,11960,360.722,2.5277,0,27.51960554957879,11.057504620772841,78.66089793533342,92.84079699169253,nan,2550
F_gtcn,8,0.925,4,AdaptiveGCN,0.0,0.5200916528701782,1.0,gtcn,none,389,389,34,11960,360.722,2.5277,1,25.27209293675982,9.479211617015741,72.94319261020107,78.6543874595341,2.142857142857143,850
F_gtcn,8,0.925,4,AdaptiveGCN,0.0,0.5200916528701782,1.0,gtcn,none,389,389,34,11960,360.722,2.5277,2,27.207870615565536,10.864749085620485,77.93449615442663,92.17755656588575,3.0476190476190474,850
F_gtcn,8,0.925,4,AdaptiveGCN,0.0,0.5200916528701782,1.0,gtcn,none,389,389,34,11960,360.722,2.5277,3,29.88376087402058,12.828553159682299,85.10500504137259,107.59123365858534,5.142857142857143,850
F_gtcn,8,0.925,5,AdaptiveGCN,0.0,0.47670605778694153,1.0,gtcn,none,389,389,34,11960,438.625,3.4565,0,27.212061028314732,11.475282172440966,79.75267270894895,97.3543884366854,nan,2550
F_gtcn,8,0.925,5,AdaptiveGCN,0.0,0.47670605778694153,1.0,gtcn,none,389,389,34,11960,438.625,3.4565,1,24.875714983650848,9.766776902248042,73.09229404577745,81.38854589541765,2.4761904761904763,850
F_gtcn,8,0.925,5,AdaptiveGCN,0.0,0.47670605778694153,1.0,gtcn,none,389,389,34,11960,438.625,3.4565,2,27.182143572608258,11.616032900090522,79.88053552413483,98.84187529889688,4.428571428571429,850
F_gtcn,8,0.925,5,AdaptiveGCN,0.0,0.47670605778694153,1.0,gtcn,none,389,389,34,11960,438.625,3.4565,3,29.390792283918728,13.043036714984337,86.28518855693456,111.7302043169393,4.142857142857143,850
F_gtcn,8,0.925,6,AdaptiveGCN,0.0,0.4766973853111267,1.0,gtcn,none,389,389,34,11960,579.143,2.0363,0,27.208755894237505,11.041059425749763,80.41853526969203,93.14253657806665,nan,2550
F_gtcn,8,0.925,6,AdaptiveGCN,0.0,0.4766973853111267,1.0,gtcn,none,389,389,34,11960,579.143,2.0363,1,25.06575876336553,9.47668157405023,74.79819204492661,79.03372865443376,2.0476190476190474,850
F_gtcn,8,0.925,6,AdaptiveGCN,0.0,0.4766973853111267,1.0,gtcn,none,389,389,34,11960,579.143,2.0363,2,26.919761341293427,10.896407201869193,79.7758784472894,92.8068019775004,2.9523809523809526,850
F_gtcn,8,0.925,6,AdaptiveGCN,0.0,0.4766973853111267,1.0,gtcn,none,389,389,34,11960,579.143,2.0363,3,29.461557645195555,12.750089501329862,86.68153531686012,107.48973047176258,4.857142857142857,850
F_gtcn,8,0.925,7,AdaptiveGCN,0.0,0.4418366849422455,1.0,gtcn,none,389,389,34,11960,636.735,4.8873,0,27.094296236861368,11.412548521168327,78.68386853603027,92.92387168621656,nan,2550
F_gtcn,8,0.925,7,AdaptiveGCN,0.0,0.4418366849422455,1.0,gtcn,none,389,389,34,11960,636.735,4.8873,1,24.815431645018478,9.728185010357754,71.07900449986327,79.03384544759335,3.619047619047619,850
F_gtcn,8,0.925,7,AdaptiveGCN,0.0,0.4418366849422455,1.0,gtcn,none,389,389,34,11960,636.735,4.8873,2,26.89694053590029,11.50211513944025,77.35483989958784,93.8467417871797,4.428571428571429,850
F_gtcn,8,0.925,7,AdaptiveGCN,0.0,0.4418366849422455,1.0,gtcn,none,389,389,34,11960,636.735,4.8873,3,29.377740004841414,13.007345413706977,87.61776120863975,105.8003046662028,4.142857142857143,850
F_gtcn_shrunk,1,0.4,0,AdaptiveGCN,0.0,0.6470293998718262,1.0,gtcn,none,151,151,34,11960,65.986,2.7288,0,98.21952838219649,39.75859837724389,61.936652926032686,58.441283571745764,nan,2550
F_gtcn_shrunk,1,0.4,0,AdaptiveGCN,0.0,0.6470293998718262,1.0,gtcn,none,151,151,34,11960,65.986,2.7288,1,70.84484243799676,30.302813887144712,55.83757785204922,55.343007001656794,3.68,850
F_gtcn_shrunk,1,0.4,0,AdaptiveGCN,0.0,0.6470293998718262,1.0,gtcn,none,151,151,34,11960,65.986,2.7288,2,88.78969128311124,38.36337694523473,61.963951431050035,59.49773493259899,4.04,850
F_gtcn_shrunk,1,0.4,0,AdaptiveGCN,0.0,0.6470293998718262,1.0,gtcn,none,151,151,34,11960,65.986,2.7288,3,126.64369817976934,50.60960429935223,68.00842949499875,60.46071629983514,7.88,850
F_gtcn_shrunk,1,0.4,1,AdaptiveGCN,0.0,0.602651059627533,1.0,gtcn,none,151,151,34,11960,79.423,2.0164,0,95.38198769394967,38.88359328639894,61.83453724733757,58.92026163438414,nan,2550
F_gtcn_shrunk,1,0.4,1,AdaptiveGCN,0.0,0.602651059627533,1.0,gtcn,none,151,151,34,11960,79.423,2.0164,1,63.803797005872546,28.2275068811382,55.09848967363789,56.246823556810945,3.68,850
F_gtcn_shrunk,1,0.4,1,AdaptiveGCN,0.0,0.602651059627533,1.0,gtcn,none,151,151,34,11960,79.423,2.0164,2,90.68385653273221,38.98953673809959,62.665195566591514,60.464648006665065,4.36,850
F_gtcn_shrunk,1,0.4,1,AdaptiveGCN,0.0,0.602651059627533,1.0,gtcn,none,151,151,34,11960,79.423,2.0164,3,122.46911603065712,49.433736239959046,67.7399265017833,60.03228684943921,7.56,850
F_gtcn_shrunk,1,0.4,2,AdaptiveGCN,0.0,0.5866152048110962,1.0,gtcn,none,151,151,34,11960,97.347,4.5331,0,99.36007797477686,40.35655198163773,63.01452605495278,57.69289365064287,nan,2550
F_gtcn_shrunk,1,0.4,2,AdaptiveGCN,0.0,0.5866152048110962,1.0,gtcn,none,151,151,34,11960,97.347,4.5331,1,64.25998872212566,28.55555655887022,55.47987547717922,54.41128647162093,2.36,850
F_gtcn_shrunk,1,0.4,2,AdaptiveGCN,0.0,0.5866152048110962,1.0,gtcn,none,151,151,34,11960,97.347,4.5331,2,101.98296645677912,42.80768639602863,65.14875195631599,59.145779975510685,4.48,850
F_gtcn_shrunk,1,0.4,2,AdaptiveGCN,0.0,0.5866152048110962,1.0,gtcn,none,151,151,34,11960,97.347,4.5331,3,122.83079291272594,49.70641299001434,68.41495073136316,59.49910834847471,7.64,850
F_gtcn_shrunk,1,0.4,3,AdaptiveGCN,0.0,0.5124340057373047,1.0,gtcn,none,151,151,34,11960,132.226,2.2697,0,88.29736795320783,36.929835941019086,61.16603970701706,59.720104837291665,nan,2550
F_gtcn_shrunk,1,0.4,3,AdaptiveGCN,0.0,0.5124340057373047,1.0,gtcn,none,151,151,34,11960,132.226,2.2697,1,59.6356741779262,27.157399600772735,55.15374540553445,56.67184788368065,3.68,850
F_gtcn_shrunk,1,0.4,3,AdaptiveGCN,0.0,0.5124340057373047,1.0,gtcn,none,151,151,34,11960,132.226,2.2697,2,80.19027883209459,36.24242642210687,61.75860126510574,61.37239711864893,4.6,850
F_gtcn_shrunk,1,0.4,3,AdaptiveGCN,0.0,0.5124340057373047,1.0,gtcn,none,151,151,34,11960,132.226,2.2697,3,115.76865339360074,47.38968180017765,66.585772450411,61.096261865251336,8.2,850
F_gtcn_shrunk,1,0.4,4,AdaptiveGCN,0.0,0.621354341506958,1.0,gtcn,none,151,151,34,11960,75.096,3.5553,0,100.59962607801339,40.49075936702555,62.79427110198556,58.35730374611332,nan,2550
F_gtcn_shrunk,1,0.4,4,AdaptiveGCN,0.0,0.621354341506958,1.0,gtcn,none,151,151,34,11960,75.096,3.5553,1,66.92510231911389,29.31247514708461,55.97474712936141,54.78171016695709,3.12,850
F_gtcn_shrunk,1,0.4,4,AdaptiveGCN,0.0,0.621354341506958,1.0,gtcn,none,151,151,34,11960,75.096,3.5553,2,93.10697667952225,39.77580230815884,62.90804887937883,59.832382787165194,4.36,850
F_gtcn_shrunk,1,0.4,4,AdaptiveGCN,0.0,0.621354341506958,1.0,gtcn,none,151,151,34,11960,75.096,3.5553,3,131.19823121629105,52.3840006458332,69.50001729721646,60.432904235933606,7.88,850
F_gtcn_shrunk,1,0.4,5,AdaptiveGCN,0.0,0.5579824447631836,1.0,gtcn,none,151,151,34,11960,98.913,2.0856,0,104.23791968354475,42.47173523412371,64.16241391837046,60.23333025556351,nan,2550
F_gtcn_shrunk,1,0.4,5,AdaptiveGCN,0.0,0.5579824447631836,1.0,gtcn,none,151,151,34,11960,98.913,2.0856,1,76.87357461389924,32.53956313257653,57.125498557714195,56.480181924474095,4.52,850
F_gtcn_shrunk,1,0.4,5,AdaptiveGCN,0.0,0.5579824447631836,1.0,gtcn,none,151,151,34,11960,98.913,2.0856,2,97.73090509820774,41.84341237119762,64.6444610616575,61.84437667915872,4.6,850
F_gtcn_shrunk,1,0.4,5,AdaptiveGCN,0.0,0.5579824447631836,1.0,gtcn,none,151,151,34,11960,98.913,2.0856,3,130.90361115960766,53.032230198596984,70.7172821357397,62.34950846408932,7.88,850
F_gtcn_shrunk,1,0.4,6,AdaptiveGCN,0.0,0.6694560050964355,1.0,gtcn,none,151,151,34,11960,55.946,1.6557,0,95.88456393702323,38.97872034066917,62.191789423403165,58.18617311859641,nan,2550
F_gtcn_shrunk,1,0.4,6,AdaptiveGCN,0.0,0.6694560050964355,1.0,gtcn,none,151,151,34,11960,55.946,1.6557,1,65.50817027176547,28.799643649688978,55.97926454656626,53.691664968280364,2.28,850
F_gtcn_shrunk,1,0.4,6,AdaptiveGCN,0.0,0.6694560050964355,1.0,gtcn,none,151,151,34,11960,55.946,1.6557,2,89.4602732641429,38.30542435582474,61.93060383791115,60.080928150313675,3.84,850
F_gtcn_shrunk,1,0.4,6,AdaptiveGCN,0.0,0.6694560050964355,1.0,gtcn,none,151,151,34,11960,55.946,1.6557,3,123.64096384018345,49.831093016493796,68.66549988573212,60.754756597585654,7.2,850
F_gtcn_shrunk,1,0.4,7,AdaptiveGCN,0.0,0.5713475942611694,1.0,gtcn,none,151,151,34,11960,91.603,2.1591,0,103.86688368005926,41.60866073198544,63.489016825367116,59.22270139366794,nan,2550
F_gtcn_shrunk,1,0.4,7,AdaptiveGCN,0.0,0.5713475942611694,1.0,gtcn,none,151,151,34,11960,91.603,2.1591,1,66.54157618633866,29.238239292823437,55.47629652408224,55.21105121601275,2.92,850
F_gtcn_shrunk,1,0.4,7,AdaptiveGCN,0.0,0.5713475942611694,1.0,gtcn,none,151,151,34,11960,91.603,2.1591,2,95.68028712273104,40.916228255145796,63.8076574150228,60.21025247985183,4.64,850
F_gtcn_shrunk,1,0.4,7,AdaptiveGCN,0.0,0.5713475942611694,1.0,gtcn,none,151,151,34,11960,91.603,2.1591,3,137.0492242625631,54.67151464798707,71.18309653699632,62.21642696883326,8.28,850
F_gtcn_shrunk,2,0.475,0,AdaptiveGCN,0.0,0.768410325050354,0.0,gtcn,none,185,185,34,11960,52.276,1.5812,0,129.58553129443928,46.74276091257731,44.0236058630689,56.9779419885298,nan,2550
F_gtcn_shrunk,2,0.475,0,AdaptiveGCN,0.0,0.768410325050354,0.0,gtcn,none,185,185,34,11960,52.276,1.5812,1,85.19491672270736,33.43177856220919,37.40880571300148,44.0065714416851,1.0,850
F_gtcn_shrunk,2,0.475,0,AdaptiveGCN,0.0,0.768410325050354,0.0,gtcn,none,185,185,34,11960,52.276,1.5812,2,128.20838345281948,48.12942827505224,43.29211649362697,55.007676357213995,2.0,850
F_gtcn_shrunk,2,0.475,0,AdaptiveGCN,0.0,0.768410325050354,0.0,gtcn,none,185,185,34,11960,52.276,1.5812,3,163.34523666030807,58.66707590047051,51.36989538257827,71.91957816669033,3.24,850
F_gtcn_shrunk,2,0.475,1,AdaptiveGCN,0.0,0.7904764413833618,0.0,gtcn,none,185,185,34,11960,50.603,1.4992,0,129.58553129443928,46.74276091257731,44.0236058630689,56.9779419885298,nan,2550
F_gtcn_shrunk,2,0.475,1,AdaptiveGCN,0.0,0.7904764413833618,0.0,gtcn,none,185,185,34,11960,50.603,1.4992,1,85.19491672270736,33.43177856220919,37.40880571300148,44.0065714416851,1.0,850
F_gtcn_shrunk,2,0.475,1,AdaptiveGCN,0.0,0.7904764413833618,0.0,gtcn,none,185,185,34,11960,50.603,1.4992,2,128.20838345281948,48.12942827505224,43.29211649362697,55.007676357213995,2.0,850
F_gtcn_shrunk,2,0.475,1,AdaptiveGCN,0.0,0.7904764413833618,0.0,gtcn,none,185,185,34,11960,50.603,1.4992,3,163.34523666030807,58.66707590047051,51.36989538257827,71.91957816669033,3.24,850
F_gtcn_shrunk,2,0.475,2,AdaptiveGCN,0.0,0.7909888029098511,0.0,gtcn,none,185,185,34,11960,50.392,1.7301,0,129.58553129443928,46.74276091257731,44.0236058630689,56.9779419885298,nan,2550
F_gtcn_shrunk,2,0.475,2,AdaptiveGCN,0.0,0.7909888029098511,0.0,gtcn,none,185,185,34,11960,50.392,1.7301,1,85.19491672270736,33.43177856220919,37.40880571300148,44.0065714416851,1.0,850
F_gtcn_shrunk,2,0.475,2,AdaptiveGCN,0.0,0.7909888029098511,0.0,gtcn,none,185,185,34,11960,50.392,1.7301,2,128.20838345281948,48.12942827505224,43.29211649362697,55.007676357213995,2.0,850
F_gtcn_shrunk,2,0.475,2,AdaptiveGCN,0.0,0.7909888029098511,0.0,gtcn,none,185,185,34,11960,50.392,1.7301,3,163.34523666030807,58.66707590047051,51.36989538257827,71.91957816669033,3.24,850
F_gtcn_shrunk,2,0.475,3,AdaptiveGCN,0.0,0.7907252311706543,0.0,gtcn,none,185,185,34,11960,50.435,1.3979,0,129.58553129443928,46.74276091257731,44.0236058630689,56.9779419885298,nan,2550
F_gtcn_shrunk,2,0.475,3,AdaptiveGCN,0.0,0.7907252311706543,0.0,gtcn,none,185,185,34,11960,50.435,1.3979,1,85.19491672270736,33.43177856220919,37.40880571300148,44.0065714416851,1.0,850
F_gtcn_shrunk,2,0.475,3,AdaptiveGCN,0.0,0.7907252311706543,0.0,gtcn,none,185,185,34,11960,50.435,1.3979,2,128.20838345281948,48.12942827505224,43.29211649362697,55.007676357213995,2.0,850
F_gtcn_shrunk,2,0.475,3,AdaptiveGCN,0.0,0.7907252311706543,0.0,gtcn,none,185,185,34,11960,50.435,1.3979,3,163.34523666030807,58.66707590047051,51.36989538257827,71.91957816669033,3.24,850
F_gtcn_shrunk,2,0.475,4,AdaptiveGCN,0.0,0.7926592230796814,0.0,gtcn,none,185,185,34,11960,49.944,1.4718,0,129.58553129443928,46.74276091257731,44.0236058630689,56.9779419885298,nan,2550
F_gtcn_shrunk,2,0.475,4,AdaptiveGCN,0.0,0.7926592230796814,0.0,gtcn,none,185,185,34,11960,49.944,1.4718,1,85.19491672270736,33.43177856220919,37.40880571300148,44.0065714416851,1.0,850
F_gtcn_shrunk,2,0.475,4,AdaptiveGCN,0.0,0.7926592230796814,0.0,gtcn,none,185,185,34,11960,49.944,1.4718,2,128.20838345281948,48.12942827505224,43.29211649362697,55.007676357213995,2.0,850
F_gtcn_shrunk,2,0.475,4,AdaptiveGCN,0.0,0.7926592230796814,0.0,gtcn,none,185,185,34,11960,49.944,1.4718,3,163.34523666030807,58.66707590047051,51.36989538257827,71.91957816669033,3.24,850
F_gtcn_shrunk,2,0.475,5,AdaptiveGCN,0.0,0.7923681139945984,0.0,gtcn,none,185,185,34,11960,51.442,1.5809,0,129.58553129443928,46.74276091257731,44.0236058630689,56.9779419885298,nan,2550
F_gtcn_shrunk,2,0.475,5,AdaptiveGCN,0.0,0.7923681139945984,0.0,gtcn,none,185,185,34,11960,51.442,1.5809,1,85.19491672270736,33.43177856220919,37.40880571300148,44.0065714416851,1.0,850
F_gtcn_shrunk,2,0.475,5,AdaptiveGCN,0.0,0.7923681139945984,0.0,gtcn,none,185,185,34,11960,51.442,1.5809,2,128.20838345281948,48.12942827505224,43.29211649362697,55.007676357213995,2.0,850
F_gtcn_shrunk,2,0.475,5,AdaptiveGCN,0.0,0.7923681139945984,0.0,gtcn,none,185,185,34,11960,51.442,1.5809,3,163.34523666030807,58.66707590047051,51.36989538257827,71.91957816669033,3.24,850
F_gtcn_shrunk,2,0.475,6,AdaptiveGCN,0.0,0.7918701767921448,0.0,gtcn,none,185,185,34,11960,51.459,1.4714,0,129.58553129443928,46.74276091257731,44.0236058630689,56.9779419885298,nan,2550
F_gtcn_shrunk,2,0.475,6,AdaptiveGCN,0.0,0.7918701767921448,0.0,gtcn,none,185,185,34,11960,51.459,1.4714,1,85.19491672270736,33.43177856220919,37.40880571300148,44.0065714416851,1.0,850
F_gtcn_shrunk,2,0.475,6,AdaptiveGCN,0.0,0.7918701767921448,0.0,gtcn,none,185,185,34,11960,51.459,1.4714,2,128.20838345281948,48.12942827505224,43.29211649362697,55.007676357213995,2.0,850
F_gtcn_shrunk,2,0.475,6,AdaptiveGCN,0.0,0.7918701767921448,0.0,gtcn,none,185,185,34,11960,51.459,1.4714,3,163.34523666030807,58.66707590047051,51.36989538257827,71.91957816669033,3.24,850
F_gtcn_shrunk,2,0.475,7,AdaptiveGCN,0.0,0.7918028235435486,0.0,gtcn,none,185,185,34,11960,48.357,1.8511,0,129.58553129443928,46.74276091257731,44.0236058630689,56.9779419885298,nan,2550
F_gtcn_shrunk,2,0.475,7,AdaptiveGCN,0.0,0.7918028235435486,0.0,gtcn,none,185,185,34,11960,48.357,1.8511,1,85.19491672270736,33.43177856220919,37.40880571300148,44.0065714416851,1.0,850
F_gtcn_shrunk,2,0.475,7,AdaptiveGCN,0.0,0.7918028235435486,0.0,gtcn,none,185,185,34,11960,48.357,1.8511,2,128.20838345281948,48.12942827505224,43.29211649362697,55.007676357213995,2.0,850
F_gtcn_shrunk,2,0.475,7,AdaptiveGCN,0.0,0.7918028235435486,0.0,gtcn,none,185,185,34,11960,48.357,1.8511,3,163.34523666030807,58.66707590047051,51.36989538257827,71.91957816669033,3.24,850
F_gtcn_shrunk,3,0.55,0,AdaptiveGCN,0.0,0.593427300453186,1.0,gtcn,none,219,219,34,11960,83.516,4.2692,0,22.186567847071007,12.330812281854314,56.42787365901595,64.04433405021193,nan,2550
F_gtcn_shrunk,3,0.55,0,AdaptiveGCN,0.0,0.593427300453186,1.0,gtcn,none,219,219,34,11960,83.516,4.2692,1,16.117210616076797,9.55949950637734,50.317615576962716,55.55579482216416,1.4166666666666667,850
F_gtcn_shrunk,3,0.55,0,AdaptiveGCN,0.0,0.593427300453186,1.0,gtcn,none,219,219,34,11960,83.516,4.2692,2,21.999596463908276,12.324047256248647,57.508609821182766,65.93806383604132,2.9583333333333335,850
F_gtcn_shrunk,3,0.55,0,AdaptiveGCN,0.0,0.593427300453186,1.0,gtcn,none,219,219,34,11960,83.516,4.2692,3,27.07368936588198,15.108890082936954,61.457395578902364,70.6573821244379,3.9166666666666665,850
F_gtcn_shrunk,3,0.55,1,AdaptiveGCN,0.0,0.7208332419395447,1.0,gtcn,none,219,219,34,11960,68.618,1.5599,0,22.222282406821478,12.322086753204298,55.85889258297523,64.60359078092561,nan,2550
F_gtcn_shrunk,3,0.55,1,AdaptiveGCN,0.0,0.7208332419395447,1.0,gtcn,none,219,219,34,11960,68.618,1.5599,1,15.719721932973705,9.528060528501365,50.04896320501406,56.80080288963833,1.0416666666666667,850
F_gtcn_shrunk,3,0.55,1,AdaptiveGCN,0.0,0.7208332419395447,1.0,gtcn,none,219,219,34,11960,68.618,1.5599,2,22.174568405915746,12.378502910838408,57.204811238351596,65.86602306807356,2.625,850
F_gtcn_shrunk,3,0.55,1,AdaptiveGCN,0.0,0.7208332419395447,1.0,gtcn,none,219,219,34,11960,68.618,1.5599,3,27.251942398055427,15.05969682027312,60.32290330556002,71.16128996849352,3.5,850
F_gtcn_shrunk,3,0.55,2,AdaptiveGCN,0.0,0.5505530834197998,1.0,gtcn,none,219,219,34,11960,98.762,3.5481,0,22.03720021410597,12.195694007382674,56.05915811882628,62.99160984491632,nan,2550
F_gtcn_shrunk,3,0.55,2,AdaptiveGCN,0.0,0.5505530834197998,1.0,gtcn,none,219,219,34,11960,98.762,3.5481,1,15.587252067544883,9.371952710432165,49.937394865414895,54.75435470638327,1.0416666666666667,850
F_gtcn_shrunk,3,0.55,2,AdaptiveGCN,0.0,0.5505530834197998,1.0,gtcn,none,219,219,34,11960,98.762,3.5481,2,21.497533521249665,12.030900749809602,57.31829298678064,63.680879103053634,2.75,850
F_gtcn_shrunk,3,0.55,2,AdaptiveGCN,0.0,0.5505530834197998,1.0,gtcn,none,219,219,34,11960,98.762,3.5481,3,27.41912116234474,15.184228561906254,60.92178650428329,70.55868307841841,3.5,850
F_gtcn_shrunk,3,0.55,3,AdaptiveGCN,0.0,0.6334013342857361,1.0,gtcn,none,219,219,34,11960,76.601,1.2493,0,22.592742260796914,12.452203133759413,56.071437971746164,64.70798081034664,nan,2550
F_gtcn_shrunk,3,0.55,3,AdaptiveGCN,0.0,0.6334013342857361,1.0,gtcn,none,219,219,34,11960,76.601,1.2493,1,16.05938232213159,9.513131437722375,50.11801105244946,55.18950031228407,1.125,850
F_gtcn_shrunk,3,0.55,3,AdaptiveGCN,0.0,0.6334013342857361,1.0,gtcn,none,219,219,34,11960,76.601,1.2493,2,22.58571163515449,12.582059311347958,57.39424055210611,66.930445739883,2.9583333333333335,850
F_gtcn_shrunk,3,0.55,3,AdaptiveGCN,0.0,0.6334013342857361,1.0,gtcn,none,219,219,34,11960,76.601,1.2493,3,27.62748410466742,15.261418652207906,60.70206231068291,72.02432829672846,3.875,850
F_gtcn_shrunk,3,0.55,4,AdaptiveGCN,0.0,0.5093957781791687,1.0,gtcn,none,219,219,34,11960,115.43,1.8548,0,21.867961793829213,12.224575769197351,55.692791494755646,65.07702920744495,nan,2550
F_gtcn_shrunk,3,0.55,4,AdaptiveGCN,0.0,0.5093957781791687,1.0,gtcn,none,219,219,34,11960,115.43,1.8548,1,15.627500611286491,9.390970680292915,49.83910976769551,55.16818580861671,1.0416666666666667,850
F_gtcn_shrunk,3,0.55,4,AdaptiveGCN,0.0,0.5093957781791687,1.0,gtcn,none,219,219,34,11960,115.43,1.8548,2,21.577376364750275,12.199883399947327,56.743272297115865,66.93548884754915,2.7916666666666665,850
F_gtcn_shrunk,3,0.55,4,AdaptiveGCN,0.0,0.5093957781791687,1.0,gtcn,none,219,219,34,11960,115.43,1.8548,3,26.922505695185194,15.082873227351811,60.49599241945556,73.14912908123256,3.5833333333333335,850
F_gtcn_shrunk,3,0.55,5,AdaptiveGCN,0.0,0.629920482635498,1.0,gtcn,none,219,219,34,11960,80.308,1.8001,0,22.362680283205556,12.443295989163612,55.993361364487406,65.39123348497967,nan,2550
F_gtcn_shrunk,3,0.55,5,AdaptiveGCN,0.0,0.629920482635498,1.0,gtcn,none,219,219,34,11960,80.308,1.8001,1,15.682702329181666,9.5045982282958,50.23147055971111,56.69184336954258,1.0416666666666667,850
F_gtcn_shrunk,3,0.55,5,AdaptiveGCN,0.0,0.629920482635498,1.0,gtcn,none,219,219,34,11960,80.308,1.8001,2,22.376987276698053,12.576380833843174,57.085428116216576,67.8125946133509,2.6666666666666665,850
F_gtcn_shrunk,3,0.55,5,AdaptiveGCN,0.0,0.629920482635498,1.0,gtcn,none,219,219,34,11960,80.308,1.8001,3,27.45162465901399,15.248908905351863,60.663185417534535,71.68737301509572,3.7083333333333335,850
F_gtcn_shrunk,3,0.55,6,AdaptiveGCN,0.0,0.754369854927063,0.0,gtcn,none,219,219,34,11960,67.483,1.3555,0,21.99310132790398,12.27843207060122,55.149098334253075,65.67583259133461,nan,2550
F_gtcn_shrunk,3,0.55,6,AdaptiveGCN,0.0,0.754369854927063,0.0,gtcn,none,219,219,34,11960,67.483,1.3555,1,15.631830967683117,9.50470646016738,49.4802236768321,56.728691441293655,1.0,850
F_gtcn_shrunk,3,0.55,6,AdaptiveGCN,0.0,0.754369854927063,0.0,gtcn,none,219,219,34,11960,67.483,1.3555,2,21.750781577709905,12.298824111153097,56.293326608428885,67.8003424363085,2.5833333333333335,850
F_gtcn_shrunk,3,0.55,6,AdaptiveGCN,0.0,0.754369854927063,0.0,gtcn,none,219,219,34,11960,67.483,1.3555,3,27.085768946346967,15.031765640483183,59.673744717498245,72.51753254507774,3.5,850
F_gtcn_shrunk,3,0.55,7,AdaptiveGCN,0.0,0.7858032584190369,1.0,gtcn,none,219,219,34,11960,63.712,1.7331,0,22.063375458019962,12.191965013835944,55.723170956091394,63.65188177825314,nan,2550
F_gtcn_shrunk,3,0.55,7,AdaptiveGCN,0.0,0.7858032584190369,1.0,gtcn,none,219,219,34,11960,63.712,1.7331,1,15.490556171740772,9.30198446841801,49.86379113720869,54.42399376661904,1.0,850
F_gtcn_shrunk,3,0.55,7,AdaptiveGCN,0.0,0.7858032584190369,1.0,gtcn,none,219,219,34,11960,63.712,1.7331,2,21.731932841229536,12.169044572044822,56.95884316232335,65.3723465304137,2.625,850
F_gtcn_shrunk,3,0.55,7,AdaptiveGCN,0.0,0.7858032584190369,1.0,gtcn,none,219,219,34,11960,63.712,1.7331,3,27.35220967817967,15.104866001045004,60.34687856874213,71.17954120613189,3.5416666666666665,850
F_gtcn_shrunk,4,0.625,0,AdaptiveGCN,0.0,0.46333202719688416,1.0,gtcn,none,253,253,34,11960,192.635,3.9664,0,31.293373469580317,14.298488765933081,51.75289174632686,54.01936201859419,nan,2550
F_gtcn_shrunk,4,0.625,0,AdaptiveGCN,0.0,0.46333202719688416,1.0,gtcn,none,253,253,34,11960,192.635,3.9664,1,26.87867573585479,12.580394028367214,50.22697809914393,53.61174914111832,2.125,850
F_gtcn_shrunk,4,0.625,0,AdaptiveGCN,0.0,0.46333202719688416,1.0,gtcn,none,253,253,34,11960,192.635,3.9664,2,29.789044800481676,13.85956012939596,50.93348276534931,53.44318864620797,2.375,850
F_gtcn_shrunk,4,0.625,0,AdaptiveGCN,0.0,0.46333202719688416,1.0,gtcn,none,253,253,34,11960,192.635,3.9664,3,36.44139500460385,16.455512140036067,54.09821437448732,55.00314826845623,3.7083333333333335,850
F_gtcn_shrunk,4,0.625,1,AdaptiveGCN,0.0,0.48261526226997375,1.0,gtcn,none,253,253,34,11960,160.481,4.232,0,32.687352277381365,14.96671306520285,52.55942719074006,56.33145200141606,nan,2550
F_gtcn_shrunk,4,0.625,1,AdaptiveGCN,0.0,0.48261526226997375,1.0,gtcn,none,253,253,34,11960,160.481,4.232,1,27.38433507278776,12.776627715637579,50.0728287554002,54.54869771663778,2.5,850
F_gtcn_shrunk,4,0.625,1,AdaptiveGCN,0.0,0.48261526226997375,1.0,gtcn,none,253,253,34,11960,160.481,4.232,2,31.259033890568364,14.634949858363527,51.766453124275344,55.86698872936267,3.25,850
F_gtcn_shrunk,4,0.625,1,AdaptiveGCN,0.0,0.48261526226997375,1.0,gtcn,none,253,253,34,11960,160.481,4.232,3,38.449447194549755,17.488561621607445,55.83899969254463,58.57866955824771,3.7083333333333335,850
F_gtcn_shrunk,4,0.625,2,AdaptiveGCN,0.0,0.6193361878395081,1.0,gtcn,none,253,253,34,11960,91.146,1.2801,0,30.956971736910333,14.350846723134119,51.69265967163437,55.082155202246916,nan,2550
F_gtcn_shrunk,4,0.625,2,AdaptiveGCN,0.0,0.6193361878395081,1.0,gtcn,none,253,253,34,11960,91.146,1.2801,1,26.522661811012473,12.470736730365624,49.25967068519596,53.043013479252984,2.0833333333333335,850
F_gtcn_shrunk,4,0.625,2,AdaptiveGCN,0.0,0.6193361878395081,1.0,gtcn,none,253,253,34,11960,91.146,1.2801,2,29.215980705068414,13.852941248199958,50.98600973915842,54.32288024496897,2.75,850
F_gtcn_shrunk,4,0.625,2,AdaptiveGCN,0.0,0.6193361878395081,1.0,gtcn,none,253,253,34,11960,91.146,1.2801,3,36.303955421679966,16.728862190836775,54.832298590548746,57.88057188251877,3.7083333333333335,850
F_gtcn_shrunk,4,0.625,3,AdaptiveGCN,0.0,0.5338318943977356,1.0,gtcn,none,253,253,34,11960,148.435,3.2474,0,31.31547755301378,14.281072851756505,51.04672090941473,54.931083760170765,nan,2550
F_gtcn_shrunk,4,0.625,3,AdaptiveGCN,0.0,0.5338318943977356,1.0,gtcn,none,253,253,34,11960,148.435,3.2474,1,26.698985887263845,12.494140868056565,49.724544659884394,53.739949436636394,2.6666666666666665,850
F_gtcn_shrunk,4,0.625,3,AdaptiveGCN,0.0,0.5338318943977356,1.0,gtcn,none,253,253,34,11960,148.435,3.2474,2,29.94588107107569,13.921357136040049,50.28783919833496,54.7397955810945,3.2083333333333335,850
F_gtcn_shrunk,4,0.625,3,AdaptiveGCN,0.0,0.5338318943977356,1.0,gtcn,none,253,253,34,11960,148.435,3.2474,3,36.50185971411054,16.4277205511729,53.12777887002484,56.31350626278141,3.6666666666666665,850
F_gtcn_shrunk,4,0.625,4,AdaptiveGCN,0.0,0.5750796794891357,1.0,gtcn,none,253,253,34,11960,112.188,1.8363,0,30.721332538787564,14.28592463210927,51.946226589894536,56.553718658189254,nan,2550
F_gtcn_shrunk,4,0.625,4,AdaptiveGCN,0.0,0.5750796794891357,1.0,gtcn,none,253,253,34,11960,112.188,1.8363,1,26.590722027759302,12.631870120939087,50.44156100508405,56.1481243653432,3.6666666666666665,850
F_gtcn_shrunk,4,0.625,4,AdaptiveGCN,0.0,0.5750796794891357,1.0,gtcn,none,253,253,34,11960,112.188,1.8363,2,28.981100617828037,13.785209828129771,50.908821529737494,55.76786596914886,4.5,850
F_gtcn_shrunk,4,0.625,4,AdaptiveGCN,0.0,0.5750796794891357,1.0,gtcn,none,253,253,34,11960,112.188,1.8363,3,35.838947081325735,16.440693947258954,54.488297234862095,57.745165640075705,4.958333333333333,850
F_gtcn_shrunk,4,0.625,5,AdaptiveGCN,0.0,0.4865501821041107,1.0,gtcn,none,253,253,34,11960,175.527,2.7211,0,31.760962597439377,14.558658862988711,51.66654465579137,54.931486950508514,nan,2550
F_gtcn_shrunk,4,0.625,5,AdaptiveGCN,0.0,0.4865501821041107,1.0,gtcn,none,253,253,34,11960,175.527,2.7211,1,26.879331264026284,12.56620534514748,49.73271571888277,53.21499885406391,2.5,850
F_gtcn_shrunk,4,0.625,5,AdaptiveGCN,0.0,0.4865501821041107,1.0,gtcn,none,253,253,34,11960,175.527,2.7211,2,30.250204247889318,14.279525208389387,50.939751046770695,55.15074279770565,3.0833333333333335,850
F_gtcn_shrunk,4,0.625,5,AdaptiveGCN,0.0,0.4865501821041107,1.0,gtcn,none,253,253,34,11960,175.527,2.7211,3,37.26530462920634,16.830246035429266,54.32716720172061,56.428719199755996,3.7916666666666665,850
F_gtcn_shrunk,4,0.625,6,AdaptiveGCN,0.0,0.4988618791103363,1.0,gtcn,none,253,253,34,11960,152.346,2.3845,0,31.411116369582974,14.467133663926894,51.1076026554756,55.869873062925855,nan,2550
F_gtcn_shrunk,4,0.625,6,AdaptiveGCN,0.0,0.4988618791103363,1.0,gtcn,none,253,253,34,11960,152.346,2.3845,1,26.711102503823767,12.624566374683534,49.52325075251269,54.91749912193302,3.8333333333333335,850
F_gtcn_shrunk,4,0.625,6,AdaptiveGCN,0.0,0.4988618791103363,1.0,gtcn,none,253,253,34,11960,152.346,2.3845,2,29.64584882840938,14.131614325677647,50.41838267251646,56.72142821564492,4.5,850
F_gtcn_shrunk,4,0.625,6,AdaptiveGCN,0.0,0.4988618791103363,1.0,gtcn,none,253,253,34,11960,152.346,2.3845,3,36.981283712491226,16.645220291419502,53.381174541397655,55.970691851199604,5.708333333333333,850
F_gtcn_shrunk,4,0.625,7,AdaptiveGCN,0.0,0.5232656002044678,1.0,gtcn,none,253,253,34,11960,170.487,3.0322,0,31.201902356589322,14.245296494025993,51.109959791041824,54.04040891573669,nan,2550
F_gtcn_shrunk,4,0.625,7,AdaptiveGCN,0.0,0.5232656002044678,1.0,gtcn,none,253,253,34,11960,170.487,3.0322,1,26.579861213469915,12.467376006819746,49.651212745970355,53.25259740343944,2.125,850
F_gtcn_shrunk,4,0.625,7,AdaptiveGCN,0.0,0.5232656002044678,1.0,gtcn,none,253,253,34,11960,170.487,3.0322,2,29.888414437559508,13.938279976525399,50.34858929366543,53.549038881983655,2.7083333333333335,850
F_gtcn_shrunk,4,0.625,7,AdaptiveGCN,0.0,0.5232656002044678,1.0,gtcn,none,253,253,34,11960,170.487,3.0322,3,36.34377240039571,16.330233498732834,53.330077333489726,55.319590461786994,2.9166666666666665,850
F_gtcn_shrunk,5,0.7,0,AdaptiveGCN,0.0,0.5442796349525452,1.0,gtcn,none,287,287,34,11960,161.767,3.7996,0,52.86859114908038,28.14784608035569,46.87263749546097,57.2694916328906,nan,2550
F_gtcn_shrunk,5,0.7,0,AdaptiveGCN,0.0,0.5442796349525452,1.0,gtcn,none,287,287,34,11960,161.767,3.7996,1,38.86175197911172,21.073734764416756,39.60817553785227,40.937554418449274,1.24,850
F_gtcn_shrunk,5,0.7,0,AdaptiveGCN,0.0,0.5442796349525452,1.0,gtcn,none,287,287,34,11960,161.767,3.7996,2,51.38007704754927,27.792724795454397,44.963317964725924,51.82727435288571,2.2,850
F_gtcn_shrunk,5,0.7,0,AdaptiveGCN,0.0,0.5442796349525452,1.0,gtcn,none,287,287,34,11960,161.767,3.7996,3,65.07776660248697,35.57707868119592,56.04641898380473,79.33638782372466,3.9583333333333335,850
F_gtcn_shrunk,5,0.7,1,AdaptiveGCN,0.0,0.7372816205024719,1.0,gtcn,none,287,287,34,11960,91.778,1.4988,0,53.753888899388784,28.665921782857712,46.1401293258138,56.448343745367865,nan,2550
F_gtcn_shrunk,5,0.7,1,AdaptiveGCN,0.0,0.7372816205024719,1.0,gtcn,none,287,287,34,11960,91.778,1.4988,1,39.20172108776844,21.200202281194574,36.356644880535534,40.80754898895471,1.2,850
F_gtcn_shrunk,5,0.7,1,AdaptiveGCN,0.0,0.7372816205024719,1.0,gtcn,none,287,287,34,11960,91.778,1.4988,2,52.37474741533644,28.57977268696629,46.111488436135595,52.186422803204444,1.96,850
F_gtcn_shrunk,5,0.7,1,AdaptiveGCN,0.0,0.7372816205024719,1.0,gtcn,none,287,287,34,11960,91.778,1.4988,3,66.24615167962602,36.217790380412275,55.952254660770265,76.62046537326586,3.125,850
F_gtcn_shrunk,5,0.7,2,AdaptiveGCN,0.0,0.6740230321884155,1.0,gtcn,none,287,287,34,11960,95.214,1.6578,0,54.350758369613324,29.21800206751852,48.44101817977723,58.4802531582624,nan,2550
F_gtcn_shrunk,5,0.7,2,AdaptiveGCN,0.0,0.6740230321884155,1.0,gtcn,none,287,287,34,11960,95.214,1.6578,1,39.02304521439732,21.15778057549731,38.620317313036715,41.21099353072955,1.24,850
F_gtcn_shrunk,5,0.7,2,AdaptiveGCN,0.0,0.6740230321884155,1.0,gtcn,none,287,287,34,11960,95.214,1.6578,2,53.933095241498094,29.675829398807476,49.437219558146246,54.96304790754526,2.2,850
F_gtcn_shrunk,5,0.7,2,AdaptiveGCN,0.0,0.6740230321884155,1.0,gtcn,none,287,287,34,11960,95.214,1.6578,3,66.56153533327546,36.82039622825077,57.26551766814871,79.55047821981492,3.125,850
F_gtcn_shrunk,5,0.7,3,AdaptiveGCN,0.0,0.7376798987388611,0.0,gtcn,none,287,287,34,11960,91.581,1.7474,0,53.94683762773645,28.974902430515662,43.784450265143995,58.56454668238391,nan,2550
F_gtcn_shrunk,5,0.7,3,AdaptiveGCN,0.0,0.7376798987388611,0.0,gtcn,none,287,287,34,11960,91.581,1.7474,1,39.37057360086093,21.350588262782377,36.38352283406466,41.77022069193906,1.0,850
F_gtcn_shrunk,5,0.7,3,AdaptiveGCN,0.0,0.7376798987388611,0.0,gtcn,none,287,287,34,11960,91.581,1.7474,2,52.68708039780301,28.885882341160492,42.5883004066079,53.86556231673784,1.96,850
F_gtcn_shrunk,5,0.7,3,AdaptiveGCN,0.0,0.7376798987388611,0.0,gtcn,none,287,287,34,11960,91.581,1.7474,3,66.36876798310118,36.68823668760412,52.38152755475942,80.34854646893031,2.875,850
F_gtcn_shrunk,5,0.7,4,AdaptiveGCN,0.0,0.5617344975471497,0.7,gtcn,none,287,287,34,11960,173.783,2.1136,0,56.02669850912185,29.664410527738383,48.89339127895169,58.393115950490696,nan,2550
F_gtcn_shrunk,5,0.7,4,AdaptiveGCN,0.0,0.5617344975471497,0.7,gtcn,none,287,287,34,11960,173.783,2.1136,1,39.638998620122806,21.445030731702882,40.548503437880605,40.84676933089779,1.6,850
F_gtcn_shrunk,5,0.7,4,AdaptiveGCN,0.0,0.5617344975471497,0.7,gtcn,none,287,287,34,11960,173.783,2.1136,2,54.613105565532,29.7545528617227,48.03838287080276,53.804010424470164,3.28,850
F_gtcn_shrunk,5,0.7,4,AdaptiveGCN,0.0,0.5617344975471497,0.7,gtcn,none,287,287,34,11960,173.783,2.1136,3,69.73615508742988,37.79364798978957,58.093287528171714,80.82858315698721,4.125,850
F_gtcn_shrunk,5,0.7,5,AdaptiveGCN,0.0,0.7783486843109131,0.6,gtcn,none,287,287,34,11960,88.283,1.5718,0,53.70819625026985,28.783517907450157,46.67104507934804,57.55914274938164,nan,2550
F_gtcn_shrunk,5,0.7,5,AdaptiveGCN,0.0,0.7783486843109131,0.6,gtcn,none,287,287,34,11960,88.283,1.5718,1,39.77505576567551,21.586400184405612,43.50686333234727,42.23902649133481,1.08,850
F_gtcn_shrunk,5,0.7,5,AdaptiveGCN,0.0,0.7783486843109131,0.6,gtcn,none,287,287,34,11960,88.283,1.5718,2,52.24760125797272,28.579691947753652,43.44240772691051,52.932324584647276,2.2,850
F_gtcn_shrunk,5,0.7,5,AdaptiveGCN,0.0,0.7783486843109131,0.6,gtcn,none,287,287,34,11960,88.283,1.5718,3,65.89267132995741,36.18446159019121,53.06386417878633,77.77517146450741,3.125,850
F_gtcn_shrunk,5,0.7,6,AdaptiveGCN,0.0,0.7351770401000977,1.0,gtcn,none,287,287,34,11960,90.552,1.4886,0,54.68186988105166,29.299217009198983,48.48737525586393,58.26003343285575,nan,2550
F_gtcn_shrunk,5,0.7,6,AdaptiveGCN,0.0,0.7351770401000977,1.0,gtcn,none,287,287,34,11960,90.552,1.4886,1,39.1478646186142,21.240708355145145,39.90752112200915,41.42003904030755,1.08,850
F_gtcn_shrunk,5,0.7,6,AdaptiveGCN,0.0,0.7351770401000977,1.0,gtcn,none,287,287,34,11960,90.552,1.4886,2,54.44058806020723,29.784560620925213,48.69412661347957,54.512755605384434,1.96,850
F_gtcn_shrunk,5,0.7,6,AdaptiveGCN,0.0,0.7351770401000977,1.0,gtcn,none,287,287,34,11960,90.552,1.4886,3,66.88787445065265,36.87238205152659,56.86047803210308,79.12767113144795,3.125,850
F_gtcn_shrunk,5,0.7,7,AdaptiveGCN,0.0,0.7356071472167969,0.7,gtcn,none,287,287,34,11960,94.45,1.521,0,54.07308493331021,29.033881940807664,49.950321718993116,58.11616529653525,nan,2550
F_gtcn_shrunk,5,0.7,7,AdaptiveGCN,0.0,0.7356071472167969,0.7,gtcn,none,287,287,34,11960,94.45,1.521,1,40.19687204065436,21.84513173152638,46.88426540877336,42.96018829615464,1.08,850
F_gtcn_shrunk,5,0.7,7,AdaptiveGCN,0.0,0.7356071472167969,0.7,gtcn,none,287,287,34,11960,94.45,1.521,2,52.709410452303715,28.880648783390438,47.45261909601631,53.448128521297576,2.2,850
F_gtcn_shrunk,5,0.7,7,AdaptiveGCN,0.0,0.7356071472167969,0.7,gtcn,none,287,287,34,11960,94.45,1.521,3,66.16362346888792,36.375865307506174,55.51408065218969,78.20743653435754,3.125,850
F_gtcn_shrunk,6,0.775,0,AdaptiveGCN,0.0,0.5763866305351257,0.9,gtcn,none,321,321,34,11960,136.208,4.7532,0,10.609684525091433,5.328128261354315,91.1035517626177,86.60589581964763,nan,2550
F_gtcn_shrunk,6,0.775,0,AdaptiveGCN,0.0,0.5763866305351257,0.9,gtcn,none,321,321,34,11960,136.208,4.7532,1,8.519243970895634,4.446078139917946,86.95127174888184,72.07624472153744,2.4285714285714284,850
F_gtcn_shrunk,6,0.775,0,AdaptiveGCN,0.0,0.5763866305351257,0.9,gtcn,none,321,321,34,11960,136.208,4.7532,2,10.33852423656153,5.244657625143043,89.24061378025377,86.73556441690108,5.5,850
F_gtcn_shrunk,6,0.775,0,AdaptiveGCN,0.0,0.5763866305351257,0.9,gtcn,none,321,321,34,11960,136.208,4.7532,3,12.579094400642765,6.293649019001956,97.11876975871749,101.05173564854351,6.0,850
F_gtcn_shrunk,6,0.775,1,AdaptiveGCN,0.0,0.6538304090499878,0.7,gtcn,none,321,321,34,11960,109.704,1.3036,0,10.512493817217056,5.265669615985939,86.11453436555972,85.48985900935176,nan,2550
F_gtcn_shrunk,6,0.775,1,AdaptiveGCN,0.0,0.6538304090499878,0.7,gtcn,none,321,321,34,11960,109.704,1.3036,1,8.537429285963976,4.462605545842945,89.15466072082616,72.62033903850636,2.5,850
F_gtcn_shrunk,6,0.775,1,AdaptiveGCN,0.0,0.6538304090499878,0.7,gtcn,none,321,321,34,11960,109.704,1.3036,2,10.267108278228434,5.202657525723493,81.79220367950968,85.58582112513095,4.285714285714286,850
F_gtcn_shrunk,6,0.775,1,AdaptiveGCN,0.0,0.6538304090499878,0.7,gtcn,none,321,321,34,11960,109.704,1.3036,3,12.378867781884509,6.131745776391377,87.39673869634335,98.30391746659593,4.857142857142857,850
F_gtcn_shrunk,6,0.775,2,AdaptiveGCN,0.0,0.5735888481140137,1.0,gtcn,none,321,321,34,11960,141.896,4.7762,0,10.727636097691356,5.387854623553968,91.27952890142242,87.64455490648247,nan,2550
F_gtcn_shrunk,6,0.775,2,AdaptiveGCN,0.0,0.5735888481140137,1.0,gtcn,none,321,321,34,11960,141.896,4.7762,1,8.615735259279248,4.493761549613739,90.28334389592587,72.94586936203042,3.7857142857142856,850
F_gtcn_shrunk,6,0.775,2,AdaptiveGCN,0.0,0.5735888481140137,1.0,gtcn,none,321,321,34,11960,141.896,4.7762,2,10.445785298822944,5.288309582358993,88.71391504493573,87.56849211605032,5.5,850
F_gtcn_shrunk,6,0.775,2,AdaptiveGCN,0.0,0.5735888481140137,1.0,gtcn,none,321,321,34,11960,141.896,4.7762,3,12.724040402575694,6.381492738689173,94.84132776340569,102.46440885365682,6.0,850
F_gtcn_shrunk,6,0.775,3,AdaptiveGCN,0.0,0.5440701842308044,1.0,gtcn,none,321,321,34,11960,173.471,4.7776,0,10.897208580516695,5.498555624800436,92.0449052543872,89.4242366246294,nan,2550
F_gtcn_shrunk,6,0.775,3,AdaptiveGCN,0.0,0.5440701842308044,1.0,gtcn,none,321,321,34,11960,173.471,4.7776,1,8.774878156370125,4.577358027848163,89.66292394173313,73.88487937600736,3.5,850
F_gtcn_shrunk,6,0.775,3,AdaptiveGCN,0.0,0.5440701842308044,1.0,gtcn,none,321,321,34,11960,173.471,4.7776,2,10.708648816528342,5.451379924585208,91.34376666851294,90.1566435972112,5.285714285714286,850
F_gtcn_shrunk,6,0.775,3,AdaptiveGCN,0.0,0.5440701842308044,1.0,gtcn,none,321,321,34,11960,173.471,4.7776,3,12.828632756727611,6.466928921967937,95.12802515291554,104.28391301289845,5.857142857142857,850
F_gtcn_shrunk,6,0.775,4,AdaptiveGCN,0.0,0.6065893769264221,1.0,gtcn,none,321,321,34,11960,124.036,4.4523,0,10.702134863574294,5.385715879181631,94.07889392430519,87.43492496398436,nan,2550
F_gtcn_shrunk,6,0.775,4,AdaptiveGCN,0.0,0.6065893769264221,1.0,gtcn,none,321,321,34,11960,124.036,4.4523,1,8.618557958601476,4.513248379813244,97.18905982304929,73.18277866567178,2.2142857142857144,850
F_gtcn_shrunk,6,0.775,4,AdaptiveGCN,0.0,0.6065893769264221,1.0,gtcn,none,321,321,34,11960,124.036,4.4523,2,10.419094409835573,5.280708408026258,87.82178584020798,87.05316661684877,5.285714285714286,850
F_gtcn_shrunk,6,0.775,4,AdaptiveGCN,0.0,0.6065893769264221,1.0,gtcn,none,321,321,34,11960,124.036,4.4523,3,12.679511122577138,6.36319084970539,97.2258361096583,102.11065481750711,5.857142857142857,850
F_gtcn_shrunk,6,0.775,5,AdaptiveGCN,0.0,0.5619645714759827,1.0,gtcn,none,321,321,34,11960,155.533,3.4718,0,10.492539018282999,5.255395869866291,79.15451186796797,84.66225722314037,nan,2550
F_gtcn_shrunk,6,0.775,5,AdaptiveGCN,0.0,0.5619645714759827,1.0,gtcn,none,321,321,34,11960,155.533,3.4718,1,8.47506296795092,4.41893244047882,73.29071375312759,71.18254606548605,2.4285714285714284,850
F_gtcn_shrunk,6,0.775,5,AdaptiveGCN,0.0,0.5619645714759827,1.0,gtcn,none,321,321,34,11960,155.533,3.4718,2,10.238759874624344,5.181109493920435,77.27038511579146,84.74385569023546,5.5,850
F_gtcn_shrunk,6,0.775,5,AdaptiveGCN,0.0,0.5619645714759827,1.0,gtcn,none,321,321,34,11960,155.533,3.4718,3,12.394403134867883,6.166145675199616,86.90243673498489,98.10267350468209,6.071428571428571,850
F_gtcn_shrunk,6,0.775,6,AdaptiveGCN,0.0,0.5396243333816528,1.0,gtcn,none,321,321,34,11960,201.502,11.5157,0,11.050525886526916,5.605456845019259,99.38664804372928,92.25847812784984,nan,2550
F_gtcn_shrunk,6,0.775,6,AdaptiveGCN,0.0,0.5396243333816528,1.0,gtcn,none,321,321,34,11960,201.502,11.5157,1,8.760812896047199,4.592295777763185,95.94207830616102,74.72778916500886,3.7142857142857144,850
F_gtcn_shrunk,6,0.775,6,AdaptiveGCN,0.0,0.5396243333816528,1.0,gtcn,none,321,321,34,11960,201.502,11.5157,2,10.931573692833405,5.601240585231468,100.048284142521,93.9694637305453,5.5,850
F_gtcn_shrunk,6,0.775,6,AdaptiveGCN,0.0,0.5396243333816528,1.0,gtcn,none,321,321,34,11960,201.502,11.5157,3,13.041902510945638,6.622834172063124,102.16958168250585,108.14315097688912,6.071428571428571,850
F_gtcn_shrunk,6,0.775,7,AdaptiveGCN,0.0,0.5554347038269043,1.0,gtcn,none,321,321,34,11960,156.23,2.1168,0,10.890580430706647,5.4885897749230725,99.59280242620838,89.97903453177902,nan,2550
F_gtcn_shrunk,6,0.775,7,AdaptiveGCN,0.0,0.5554347038269043,1.0,gtcn,none,321,321,34,11960,156.23,2.1168,1,8.654586240113442,4.530700806632693,97.22413477327655,73.69444663677794,2.4285714285714284,850
F_gtcn_shrunk,6,0.775,7,AdaptiveGCN,0.0,0.5554347038269043,1.0,gtcn,none,321,321,34,11960,156.23,2.1168,2,10.570416848530536,5.36090029380304,97.54591458267008,89.18996077682954,5.5,850
F_gtcn_shrunk,6,0.775,7,AdaptiveGCN,0.0,0.5554347038269043,1.0,gtcn,none,321,321,34,11960,156.23,2.1168,3,13.006869377902301,6.5741682243334845,104.00835792267853,107.09829754726476,6.071428571428571,850
F_gtcn_shrunk,7,0.85,0,AdaptiveGCN,0.0,0.5583402514457703,0.6,gtcn,none,355,355,34,11960,179.214,2.8799,0,87.16260294631408,21.19822780499915,94.7897698351643,385.80786342476716,nan,2550
F_gtcn_shrunk,7,0.85,0,AdaptiveGCN,0.0,0.5583402514457703,0.6,gtcn,none,355,355,34,11960,179.214,2.8799,1,88.38441984147734,20.402129600926248,91.66420140335937,413.5566635153555,2.76,850
F_gtcn_shrunk,7,0.85,0,AdaptiveGCN,0.0,0.5583402514457703,0.6,gtcn,none,355,355,34,11960,179.214,2.8799,2,87.52209844360875,21.181233522087638,95.71457663356937,314.1847215327795,3.52,850
F_gtcn_shrunk,7,0.85,0,AdaptiveGCN,0.0,0.5583402514457703,0.6,gtcn,none,355,355,34,11960,179.214,2.8799,3,85.55720116064526,22.011320291983566,96.99053146856417,429.71574998339514,4.36,850
F_gtcn_shrunk,7,0.85,1,AdaptiveGCN,0.0,0.7220096588134766,1.0,gtcn,none,355,355,34,11960,114.338,1.2664,0,88.88525686157898,21.506345334556027,85.98799770133915,397.7605510328637,nan,2550
F_gtcn_shrunk,7,0.85,1,AdaptiveGCN,0.0,0.7220096588134766,1.0,gtcn,none,355,355,34,11960,114.338,1.2664,1,90.09626601517489,20.7142240848962,82.07238174066534,426.2745363621246,2.76,850
F_gtcn_shrunk,7,0.85,1,AdaptiveGCN,0.0,0.7220096588134766,1.0,gtcn,none,355,355,34,11960,114.338,1.2664,2,89.23656646554062,21.510536587730353,87.66941361266652,324.05786095696175,3.52,850
F_gtcn_shrunk,7,0.85,1,AdaptiveGCN,0.0,0.7220096588134766,1.0,gtcn,none,355,355,34,11960,114.338,1.2664,3,87.29985519810789,22.29427533104153,88.2221977506856,442.9834239350946,4.36,850
F_gtcn_shrunk,7,0.85,2,AdaptiveGCN,0.0,0.6836175918579102,1.0,gtcn,none,355,355,34,11960,128.665,1.4537,0,87.60183626259396,21.253317091035857,85.83478238074235,384.7002534560235,nan,2550
F_gtcn_shrunk,7,0.85,2,AdaptiveGCN,0.0,0.6836175918579102,1.0,gtcn,none,355,355,34,11960,128.665,1.4537,1,90.51423149535215,20.799467425486622,82.08418645128305,429.8294510801984,2.76,850
F_gtcn_shrunk,7,0.85,2,AdaptiveGCN,0.0,0.6836175918579102,1.0,gtcn,none,355,355,34,11960,128.665,1.4537,2,87.21415532959011,21.164865551415613,87.39608602895747,307.74216749629255,3.52,850
F_gtcn_shrunk,7,0.85,2,AdaptiveGCN,0.0,0.6836175918579102,1.0,gtcn,none,355,355,34,11960,128.665,1.4537,3,84.9888825475832,21.79561829620534,88.02407466198659,416.6977695171577,4.36,850
F_gtcn_shrunk,7,0.85,3,AdaptiveGCN,0.0,0.6790491938591003,1.0,gtcn,none,355,355,34,11960,130.676,1.4616,0,88.57341528172466,21.468958799725467,87.18351295288753,396.63816796930195,nan,2550
F_gtcn_shrunk,7,0.85,3,AdaptiveGCN,0.0,0.6790491938591003,1.0,gtcn,none,355,355,34,11960,130.676,1.4616,1,89.59379944570884,20.633124590867048,82.14734066478198,422.6705206381633,2.76,850
F_gtcn_shrunk,7,0.85,3,AdaptiveGCN,0.0,0.6790491938591003,1.0,gtcn,none,355,355,34,11960,130.676,1.4616,2,88.73434006625169,21.42752280470863,86.38089256999021,320.8587574966782,3.52,850
F_gtcn_shrunk,7,0.85,3,AdaptiveGCN,0.0,0.6790491938591003,1.0,gtcn,none,355,355,34,11960,130.676,1.4616,3,87.37801598740653,22.346229003600723,93.02230562389036,446.3919145105363,4.36,850
F_gtcn_shrunk,7,0.85,4,AdaptiveGCN,0.0,0.6077591180801392,1.0,gtcn,none,355,355,34,11960,150.325,5.4196,0,87.72215903207756,21.261464805078063,87.96716040219904,388.51187680187223,nan,2550
F_gtcn_shrunk,7,0.85,4,AdaptiveGCN,0.0,0.6077591180801392,1.0,gtcn,none,355,355,34,11960,150.325,5.4196,1,89.77204786747764,20.652335274500004,82.02600369489795,423.8066376029912,2.76,850
F_gtcn_shrunk,7,0.85,4,AdaptiveGCN,0.0,0.6077591180801392,1.0,gtcn,none,355,355,34,11960,150.325,5.4196,2,87.92467039434597,21.242494502401268,89.46425525224356,316.14624506218007,3.52,850
F_gtcn_shrunk,7,0.85,4,AdaptiveGCN,0.0,0.6077591180801392,1.0,gtcn,none,355,355,34,11960,150.325,5.4196,3,85.4152405222408,21.889564638332917,92.41122225945556,425.67948266299567,4.36,850
F_gtcn_shrunk,7,0.85,5,AdaptiveGCN,0.0,0.7662370204925537,1.0,gtcn,none,355,355,34,11960,109.804,1.4097,0,90.02141238558507,21.738882572136674,85.6196936722516,405.85539819257957,nan,2550
F_gtcn_shrunk,7,0.85,5,AdaptiveGCN,0.0,0.7662370204925537,1.0,gtcn,none,355,355,34,11960,109.804,1.4097,1,89.44299137346815,20.640720249204076,82.8056389507527,417.6537086801299,2.76,850
F_gtcn_shrunk,7,0.85,5,AdaptiveGCN,0.0,0.7662370204925537,1.0,gtcn,none,355,355,34,11960,109.804,1.4097,2,90.84567280904251,21.815743729086485,86.67220969187431,332.2145133578149,3.52,850
F_gtcn_shrunk,7,0.85,5,AdaptiveGCN,0.0,0.7662370204925537,1.0,gtcn,none,355,355,34,11960,109.804,1.4097,3,89.76958889136561,22.760183738119462,87.38123237412778,467.58759460798404,4.36,850
F_gtcn_shrunk,7,0.85,6,AdaptiveGCN,0.0,0.6439563632011414,1.0,gtcn,none,355,355,34,11960,129.542,1.8055,0,88.96704112076435,21.5237645049984,86.12426068070721,399.3284479632085,nan,2550
F_gtcn_shrunk,7,0.85,6,AdaptiveGCN,0.0,0.6439563632011414,1.0,gtcn,none,355,355,34,11960,129.542,1.8055,1,90.42592737010071,20.79272662779864,82.24718302942475,428.4859737119686,2.76,850
F_gtcn_shrunk,7,0.85,6,AdaptiveGCN,0.0,0.6439563632011414,1.0,gtcn,none,355,355,34,11960,129.542,1.8055,2,88.50141128143858,21.351943728293946,88.13722773327652,319.1325340464394,3.52,850
F_gtcn_shrunk,7,0.85,6,AdaptiveGCN,0.0,0.6439563632011414,1.0,gtcn,none,355,355,34,11960,129.542,1.8055,3,87.95484681245402,22.426623158902615,87.98837127942039,450.3878366025866,4.36,850
F_gtcn_shrunk,7,0.85,7,AdaptiveGCN,0.0,0.5989236831665039,1.0,gtcn,none,355,355,34,11960,141.574,2.6593,0,87.68623242528774,21.295452569034236,92.95194006650634,388.9038701253064,nan,2550
F_gtcn_shrunk,7,0.85,7,AdaptiveGCN,0.0,0.5989236831665039,1.0,gtcn,none,355,355,34,11960,141.574,2.6593,1,90.1152084371058,20.737299898060396,88.19987886122999,427.6184905926029,2.76,850
F_gtcn_shrunk,7,0.85,7,AdaptiveGCN,0.0,0.5989236831665039,1.0,gtcn,none,355,355,34,11960,141.574,2.6593,2,87.84924780822526,21.25157456697814,95.1370288895272,316.5384755907779,3.52,850
F_gtcn_shrunk,7,0.85,7,AdaptiveGCN,0.0,0.5989236831665039,1.0,gtcn,none,355,355,34,11960,141.574,2.6593,3,85.01990907246821,21.897483242064173,95.51891244876178,422.6809889742623,4.36,850
F_gtcn_shrunk,8,0.925,0,AdaptiveGCN,0.0,0.5417132377624512,1.0,gtcn,none,389,389,34,11960,329.212,4.0383,0,27.04063222429963,10.881243746148504,78.13494546571334,91.04062969994972,nan,2550
F_gtcn_shrunk,8,0.925,0,AdaptiveGCN,0.0,0.5417132377624512,1.0,gtcn,none,389,389,34,11960,329.212,4.0383,1,25.004964716879424,9.371836343445569,72.06084064980082,77.7895500402796,2.0476190476190474,850
F_gtcn_shrunk,8,0.925,0,AdaptiveGCN,0.0,0.5417132377624512,1.0,gtcn,none,389,389,34,11960,329.212,4.0383,2,26.72238564679492,10.706385000061573,77.58732771610104,90.20994259057642,3.238095238095238,850
F_gtcn_shrunk,8,0.925,0,AdaptiveGCN,0.0,0.5417132377624512,1.0,gtcn,none,389,389,34,11960,329.212,4.0383,3,29.227610544159756,12.565509894938373,84.75666803123819,105.02886251031767,5.238095238095238,850
F_gtcn_shrunk,8,0.925,1,AdaptiveGCN,0.0,0.5122486352920532,1.0,gtcn,none,389,389,34,11960,372.313,4.2303,0,26.656134249810904,11.192087012469317,79.39667018891603,94.09071631078774,nan,2550
F_gtcn_shrunk,8,0.925,1,AdaptiveGCN,0.0,0.5122486352920532,1.0,gtcn,none,389,389,34,11960,372.313,4.2303,1,24.860523749586733,9.72298517604831,74.50198910481244,80.79261402969438,2.4761904761904763,850
F_gtcn_shrunk,8,0.925,1,AdaptiveGCN,0.0,0.5122486352920532,1.0,gtcn,none,389,389,34,11960,372.313,4.2303,2,26.575003574407308,11.215958886308705,78.17504693832245,95.44952962477575,3.1904761904761907,850
F_gtcn_shrunk,8,0.925,1,AdaptiveGCN,0.0,0.5122486352920532,1.0,gtcn,none,389,389,34,11960,372.313,4.2303,3,28.414292589263926,12.637316975050934,85.51297452361322,105.94508817386115,5.095238095238095,850
F_gtcn_shrunk,8,0.925,2,AdaptiveGCN,0.0,0.5130507946014404,1.0,gtcn,none,389,389,34,11960,360.201,3.0105,0,27.51468447796991,11.006661555207833,79.84474240564748,92.42167188484545,nan,2550
F_gtcn_shrunk,8,0.925,2,AdaptiveGCN,0.0,0.5130507946014404,1.0,gtcn,none,389,389,34,11960,360.201,3.0105,1,25.16287546248117,9.420157117079944,74.2025607701889,78.36138181550999,2.0476190476190474,850
F_gtcn_shrunk,8,0.925,2,AdaptiveGCN,0.0,0.5130507946014404,1.0,gtcn,none,389,389,34,11960,360.201,3.0105,2,27.354472294596718,10.910731721925275,79.24830191912015,92.67810463092712,2.9523809523809526,850
F_gtcn_shrunk,8,0.925,2,AdaptiveGCN,0.0,0.5130507946014404,1.0,gtcn,none,389,389,34,11960,360.201,3.0105,3,29.828444976406647,12.689095826618278,86.08336452763339,106.1309276406048,5.095238095238095,850
F_gtcn_shrunk,8,0.925,3,AdaptiveGCN,0.0,0.37255871295928955,1.0,gtcn,none,389,389,34,11960,629.12,6.1098,0,28.083179057551124,11.424045262548093,78.54790361304076,94.72590034201096,nan,2550
F_gtcn_shrunk,8,0.925,3,AdaptiveGCN,0.0,0.37255871295928955,1.0,gtcn,none,389,389,34,11960,629.12,6.1098,1,24.780176046745556,9.694953708604855,70.91216943577294,78.72195888545872,2.2857142857142856,850
F_gtcn_shrunk,8,0.925,3,AdaptiveGCN,0.0,0.37255871295928955,1.0,gtcn,none,389,389,34,11960,629.12,6.1098,2,28.140463102184686,11.41781540941899,78.41439530397246,96.79246123576596,4.190476190476191,850
F_gtcn_shrunk,8,0.925,3,AdaptiveGCN,0.0,0.37255871295928955,1.0,gtcn,none,389,389,34,11960,629.12,6.1098,3,30.984706702215433,13.159366669620436,86.31714609937691,108.56284549718713,3.857142857142857,850
F_gtcn_shrunk,8,0.925,4,AdaptiveGCN,0.0,0.5200916528701782,1.0,gtcn,none,389,389,34,11960,361.112,3.807,0,27.51960554957879,11.057504620772841,78.66089793533342,92.84079699169253,nan,2550
F_gtcn_shrunk,8,0.925,4,AdaptiveGCN,0.0,0.5200916528701782,1.0,gtcn,none,389,389,34,11960,361.112,3.807,1,25.27209293675982,9.479211617015741,72.94319261020107,78.6543874595341,2.142857142857143,850
F_gtcn_shrunk,8,0.925,4,AdaptiveGCN,0.0,0.5200916528701782,1.0,gtcn,none,389,389,34,11960,361.112,3.807,2,27.207870615565536,10.864749085620485,77.93449615442663,92.17755656588575,3.0476190476190474,850
F_gtcn_shrunk,8,0.925,4,AdaptiveGCN,0.0,0.5200916528701782,1.0,gtcn,none,389,389,34,11960,361.112,3.807,3,29.88376087402058,12.828553159682299,85.10500504137259,107.59123365858534,5.142857142857143,850
F_gtcn_shrunk,8,0.925,5,AdaptiveGCN,0.0,0.47670605778694153,1.0,gtcn,none,389,389,34,11960,444.295,2.2525,0,27.212061028314732,11.475282172440966,79.75267270894895,97.3543884366854,nan,2550
F_gtcn_shrunk,8,0.925,5,AdaptiveGCN,0.0,0.47670605778694153,1.0,gtcn,none,389,389,34,11960,444.295,2.2525,1,24.875714983650848,9.766776902248042,73.09229404577745,81.38854589541765,2.4761904761904763,850
F_gtcn_shrunk,8,0.925,5,AdaptiveGCN,0.0,0.47670605778694153,1.0,gtcn,none,389,389,34,11960,444.295,2.2525,2,27.182143572608258,11.616032900090522,79.88053552413483,98.84187529889688,4.428571428571429,850
F_gtcn_shrunk,8,0.925,5,AdaptiveGCN,0.0,0.47670605778694153,1.0,gtcn,none,389,389,34,11960,444.295,2.2525,3,29.390792283918728,13.043036714984337,86.28518855693456,111.7302043169393,4.142857142857143,850
F_gtcn_shrunk,8,0.925,6,AdaptiveGCN,0.0,0.4766973853111267,1.0,gtcn,none,389,389,34,11960,586.682,2.2277,0,27.208755894237505,11.041059425749763,80.41853526969203,93.14253657806665,nan,2550
F_gtcn_shrunk,8,0.925,6,AdaptiveGCN,0.0,0.4766973853111267,1.0,gtcn,none,389,389,34,11960,586.682,2.2277,1,25.06575876336553,9.47668157405023,74.79819204492661,79.03372865443376,2.0476190476190474,850
F_gtcn_shrunk,8,0.925,6,AdaptiveGCN,0.0,0.4766973853111267,1.0,gtcn,none,389,389,34,11960,586.682,2.2277,2,26.919761341293427,10.896407201869193,79.7758784472894,92.8068019775004,2.9523809523809526,850
F_gtcn_shrunk,8,0.925,6,AdaptiveGCN,0.0,0.4766973853111267,1.0,gtcn,none,389,389,34,11960,586.682,2.2277,3,29.461557645195555,12.750089501329862,86.68153531686012,107.48973047176258,4.857142857142857,850
F_gtcn_shrunk,8,0.925,7,AdaptiveGCN,0.0,0.4418366849422455,1.0,gtcn,none,389,389,34,11960,660.958,5.6729,0,27.094296236861368,11.412548521168327,78.68386853603027,92.92387168621656,nan,2550
F_gtcn_shrunk,8,0.925,7,AdaptiveGCN,0.0,0.4418366849422455,1.0,gtcn,none,389,389,34,11960,660.958,5.6729,1,24.815431645018478,9.728185010357754,71.07900449986327,79.03384544759335,3.619047619047619,850
F_gtcn_shrunk,8,0.925,7,AdaptiveGCN,0.0,0.4418366849422455,1.0,gtcn,none,389,389,34,11960,660.958,5.6729,2,26.89694053590029,11.50211513944025,77.35483989958784,93.8467417871797,4.428571428571429,850
F_gtcn_shrunk,8,0.925,7,AdaptiveGCN,0.0,0.4418366849422455,1.0,gtcn,none,389,389,34,11960,660.958,5.6729,3,29.377740004841414,13.007345413706977,87.61776120863975,105.8003046662028,4.142857142857143,850
F_mech0.3_shrunk,1,0.4,0,AdaptiveGCN,0.0,0.7919574975967407,0.9,none,none,151,151,34,7032,26.17,0.8588,0,87.76340025596967,35.921534615820505,59.64067130383415,58.3973035695594,nan,2550
F_mech0.3_shrunk,1,0.4,0,AdaptiveGCN,0.0,0.7919574975967407,0.9,none,none,151,151,34,7032,26.17,0.8588,1,53.52292432427931,25.44071913637974,53.63640170059432,55.70905614864432,2.36,850
F_mech0.3_shrunk,1,0.4,0,AdaptiveGCN,0.0,0.7919574975967407,0.9,none,none,151,151,34,7032,26.17,0.8588,2,76.3523138009,34.47912600413403,58.632198686772,59.5335079757137,2.96,850
F_mech0.3_shrunk,1,0.4,0,AdaptiveGCN,0.0,0.7919574975967407,0.9,none,none,151,151,34,7032,26.17,0.8588,3,120.05358812836451,47.84475870694774,66.65341352413616,59.930714034467755,6.2,850
F_mech0.3_shrunk,1,0.4,1,AdaptiveGCN,0.0,0.8072717189788818,0.5,none,none,151,151,34,7032,23.983,0.5829,0,80.93255633308856,34.159384972108256,59.354231791570086,59.34750904509761,nan,2550
F_mech0.3_shrunk,1,0.4,1,AdaptiveGCN,0.0,0.8072717189788818,0.5,none,none,151,151,34,7032,23.983,0.5829,1,55.66583417167667,25.970334997735645,55.16775123175572,56.498823744070236,2.52,850
F_mech0.3_shrunk,1,0.4,1,AdaptiveGCN,0.0,0.8072717189788818,0.5,none,none,151,151,34,7032,23.983,0.5829,2,72.8793379904754,33.04689179237795,58.68837348432498,61.172002665773284,3.12,850
F_mech0.3_shrunk,1,0.4,1,AdaptiveGCN,0.0,0.8072717189788818,0.5,none,none,151,151,34,7032,23.983,0.5829,3,106.01958792537866,43.460928126211165,64.20657065862957,60.35420699359305,6.08,850
F_mech0.3_shrunk,1,0.4,2,AdaptiveGCN,0.0,0.7419708371162415,0.0,none,none,151,151,34,7032,29.672,0.4701,0,73.52015737311746,32.512548449273204,56.92076323246382,59.57005076481815,nan,2550
F_mech0.3_shrunk,1,0.4,2,AdaptiveGCN,0.0,0.7419708371162415,0.0,none,none,151,151,34,7032,29.672,0.4701,1,53.27342856159378,25.331762802460613,52.04820053836081,56.00332104935928,2.52,850
F_mech0.3_shrunk,1,0.4,2,AdaptiveGCN,0.0,0.7419708371162415,0.0,none,none,151,151,34,7032,29.672,0.4701,2,64.20278379046643,30.863529430277207,56.090175962641,60.75697275931535,3.12,850
F_mech0.3_shrunk,1,0.4,2,AdaptiveGCN,0.0,0.7419708371162415,0.0,none,none,151,151,34,7032,29.672,0.4701,3,96.20595087286054,41.342353115081785,62.62391319638966,61.923974154431924,6.32,850
F_mech0.3_shrunk,1,0.4,3,AdaptiveGCN,0.0,0.71583092212677,0.7,none,none,151,151,34,7032,31.796,0.5759,0,107.79493270991635,42.17916103474595,62.625508072245786,58.39660337807986,nan,2550
F_mech0.3_shrunk,1,0.4,3,AdaptiveGCN,0.0,0.71583092212677,0.7,none,none,151,151,34,7032,31.796,0.5759,1,72.93614039179714,30.639555233387714,55.3865334678777,54.455927117779666,3.64,850
F_mech0.3_shrunk,1,0.4,3,AdaptiveGCN,0.0,0.71583092212677,0.7,none,none,151,151,34,7032,31.796,0.5759,2,100.72389657833408,41.61645744261606,62.721096287598336,60.12882408691801,4.2,850
F_mech0.3_shrunk,1,0.4,3,AdaptiveGCN,0.0,0.71583092212677,0.7,none,none,151,151,34,7032,31.796,0.5759,3,139.26327095336836,54.28147042823407,69.76889446126134,60.5779875006476,7.6,850
F_mech0.3_shrunk,1,0.4,4,AdaptiveGCN,0.0,0.7716618776321411,1.0,none,none,151,151,34,7032,26.559,0.7194,0,107.43083144053347,42.02386114497351,62.533940447079516,57.97494277819204,nan,2550
F_mech0.3_shrunk,1,0.4,4,AdaptiveGCN,0.0,0.7716618776321411,1.0,none,none,151,151,34,7032,26.559,0.7194,1,72.16108384130757,30.273811751507935,54.317704256946634,53.73001498183736,2.44,850
F_mech0.3_shrunk,1,0.4,4,AdaptiveGCN,0.0,0.7716618776321411,1.0,none,none,151,151,34,7032,26.559,0.7194,2,98.13822298131723,41.00468015540063,63.08775580204797,59.47252967050185,3.48,850
F_mech0.3_shrunk,1,0.4,4,AdaptiveGCN,0.0,0.7716618776321411,1.0,none,none,151,151,34,7032,26.559,0.7194,3,140.662069517443,54.793091528011956,70.19636128224394,60.691785817790056,7.56,850
F_mech0.3_shrunk,1,0.4,5,AdaptiveGCN,0.0,0.6973845362663269,1.0,none,none,151,151,34,7032,31.717,0.8782,0,110.51265995436125,43.5381438515605,64.08181356267616,58.13417563875403,nan,2550
F_mech0.3_shrunk,1,0.4,5,AdaptiveGCN,0.0,0.6973845362663269,1.0,none,none,151,151,34,7032,31.717,0.8782,1,72.9613130463584,30.86033438581737,55.373228147379,54.102799233738985,3.12,850
F_mech0.3_shrunk,1,0.4,5,AdaptiveGCN,0.0,0.6973845362663269,1.0,none,none,151,151,34,7032,31.717,0.8782,2,102.82344822480484,42.95942502863486,64.55353435150612,60.07994520224542,4.2,850
F_mech0.3_shrunk,1,0.4,5,AdaptiveGCN,0.0,0.6973845362663269,1.0,none,none,151,151,34,7032,31.717,0.8782,3,144.02475247080625,56.794672140229274,72.31867818914336,60.19271799884523,7.56,850
F_mech0.3_shrunk,1,0.4,6,AdaptiveGCN,0.0,0.7888217568397522,0.9,none,none,151,151,34,7032,25.681,0.529,0,113.38305586378624,43.78429149819606,63.46328145619814,58.16066304173266,nan,2550
F_mech0.3_shrunk,1,0.4,6,AdaptiveGCN,0.0,0.7888217568397522,0.9,none,none,151,151,34,7032,25.681,0.529,1,70.70816070202159,29.92486035649829,54.22550450316756,53.95434036812087,2.44,850
F_mech0.3_shrunk,1,0.4,6,AdaptiveGCN,0.0,0.7888217568397522,0.9,none,none,151,151,34,7032,25.681,0.529,2,106.69209254771044,43.78097571937463,63.9737059227632,59.47993509567782,3.76,850
F_mech0.3_shrunk,1,0.4,6,AdaptiveGCN,0.0,0.7888217568397522,0.9,none,none,151,151,34,7032,25.681,0.529,3,148.94396754806584,57.64703841871527,72.19063394266365,61.016895713934424,8.44,850
F_mech0.3_shrunk,1,0.4,7,AdaptiveGCN,0.0,0.8055772185325623,0.0,none,none,151,151,34,7032,25.044,0.839,0,73.52015737311746,32.512548449273204,56.92076323246382,59.57005076481815,nan,2550
F_mech0.3_shrunk,1,0.4,7,AdaptiveGCN,0.0,0.8055772185325623,0.0,none,none,151,151,34,7032,25.044,0.839,1,53.27342856159378,25.331762802460613,52.04820053836081,56.00332104935928,2.52,850
F_mech0.3_shrunk,1,0.4,7,AdaptiveGCN,0.0,0.8055772185325623,0.0,none,none,151,151,34,7032,25.044,0.839,2,64.20278379046643,30.863529430277207,56.090175962641,60.75697275931535,3.12,850
F_mech0.3_shrunk,1,0.4,7,AdaptiveGCN,0.0,0.8055772185325623,0.0,none,none,151,151,34,7032,25.044,0.839,3,96.20595087286054,41.342353115081785,62.62391319638966,61.923974154431924,6.32,850
F_mech0.3_shrunk,2,0.475,0,AdaptiveGCN,0.0,0.8013681769371033,0.0,none,none,185,185,34,7032,30.37,0.5849,0,129.58553129443928,46.74276091257731,44.0236058630689,56.9779419885298,nan,2550
F_mech0.3_shrunk,2,0.475,0,AdaptiveGCN,0.0,0.8013681769371033,0.0,none,none,185,185,34,7032,30.37,0.5849,1,85.19491672270736,33.43177856220919,37.40880571300148,44.0065714416851,1.0,850
F_mech0.3_shrunk,2,0.475,0,AdaptiveGCN,0.0,0.8013681769371033,0.0,none,none,185,185,34,7032,30.37,0.5849,2,128.20838345281948,48.12942827505224,43.29211649362697,55.007676357213995,2.0,850
F_mech0.3_shrunk,2,0.475,0,AdaptiveGCN,0.0,0.8013681769371033,0.0,none,none,185,185,34,7032,30.37,0.5849,3,163.34523666030807,58.66707590047051,51.36989538257827,71.91957816669033,3.24,850
F_mech0.3_shrunk,2,0.475,1,AdaptiveGCN,0.0,0.5322891473770142,0.0,none,none,185,185,34,7032,73.772,0.7529,0,129.58553129443928,46.74276091257731,44.0236058630689,56.9779419885298,nan,2550
F_mech0.3_shrunk,2,0.475,1,AdaptiveGCN,0.0,0.5322891473770142,0.0,none,none,185,185,34,7032,73.772,0.7529,1,85.19491672270736,33.43177856220919,37.40880571300148,44.0065714416851,1.0,850
F_mech0.3_shrunk,2,0.475,1,AdaptiveGCN,0.0,0.5322891473770142,0.0,none,none,185,185,34,7032,73.772,0.7529,2,128.20838345281948,48.12942827505224,43.29211649362697,55.007676357213995,2.0,850
F_mech0.3_shrunk,2,0.475,1,AdaptiveGCN,0.0,0.5322891473770142,0.0,none,none,185,185,34,7032,73.772,0.7529,3,163.34523666030807,58.66707590047051,51.36989538257827,71.91957816669033,3.24,850
F_mech0.3_shrunk,2,0.475,2,AdaptiveGCN,0.0,0.5520686507225037,0.0,none,none,185,185,34,7032,96.252,1.5053,0,129.58553129443928,46.74276091257731,44.0236058630689,56.9779419885298,nan,2550
F_mech0.3_shrunk,2,0.475,2,AdaptiveGCN,0.0,0.5520686507225037,0.0,none,none,185,185,34,7032,96.252,1.5053,1,85.19491672270736,33.43177856220919,37.40880571300148,44.0065714416851,1.0,850
F_mech0.3_shrunk,2,0.475,2,AdaptiveGCN,0.0,0.5520686507225037,0.0,none,none,185,185,34,7032,96.252,1.5053,2,128.20838345281948,48.12942827505224,43.29211649362697,55.007676357213995,2.0,850
F_mech0.3_shrunk,2,0.475,2,AdaptiveGCN,0.0,0.5520686507225037,0.0,none,none,185,185,34,7032,96.252,1.5053,3,163.34523666030807,58.66707590047051,51.36989538257827,71.91957816669033,3.24,850
F_mech0.3_shrunk,2,0.475,3,AdaptiveGCN,0.0,0.5179327726364136,0.0,none,none,185,185,34,7032,75.6,1.0327,0,129.58553129443928,46.74276091257731,44.0236058630689,56.9779419885298,nan,2550
F_mech0.3_shrunk,2,0.475,3,AdaptiveGCN,0.0,0.5179327726364136,0.0,none,none,185,185,34,7032,75.6,1.0327,1,85.19491672270736,33.43177856220919,37.40880571300148,44.0065714416851,1.0,850
F_mech0.3_shrunk,2,0.475,3,AdaptiveGCN,0.0,0.5179327726364136,0.0,none,none,185,185,34,7032,75.6,1.0327,2,128.20838345281948,48.12942827505224,43.29211649362697,55.007676357213995,2.0,850
F_mech0.3_shrunk,2,0.475,3,AdaptiveGCN,0.0,0.5179327726364136,0.0,none,none,185,185,34,7032,75.6,1.0327,3,163.34523666030807,58.66707590047051,51.36989538257827,71.91957816669033,3.24,850
F_mech0.3_shrunk,2,0.475,4,AdaptiveGCN,0.0,0.801023006439209,0.0,none,none,185,185,34,7032,31.341,0.8253,0,129.58553129443928,46.74276091257731,44.0236058630689,56.9779419885298,nan,2550
F_mech0.3_shrunk,2,0.475,4,AdaptiveGCN,0.0,0.801023006439209,0.0,none,none,185,185,34,7032,31.341,0.8253,1,85.19491672270736,33.43177856220919,37.40880571300148,44.0065714416851,1.0,850
F_mech0.3_shrunk,2,0.475,4,AdaptiveGCN,0.0,0.801023006439209,0.0,none,none,185,185,34,7032,31.341,0.8253,2,128.20838345281948,48.12942827505224,43.29211649362697,55.007676357213995,2.0,850
F_mech0.3_shrunk,2,0.475,4,AdaptiveGCN,0.0,0.801023006439209,0.0,none,none,185,185,34,7032,31.341,0.8253,3,163.34523666030807,58.66707590047051,51.36989538257827,71.91957816669033,3.24,850
F_mech0.3_shrunk,2,0.475,5,AdaptiveGCN,0.0,0.8034595847129822,0.0,none,none,185,185,34,7032,30.344,0.8461,0,129.58553129443928,46.74276091257731,44.0236058630689,56.9779419885298,nan,2550
F_mech0.3_shrunk,2,0.475,5,AdaptiveGCN,0.0,0.8034595847129822,0.0,none,none,185,185,34,7032,30.344,0.8461,1,85.19491672270736,33.43177856220919,37.40880571300148,44.0065714416851,1.0,850
F_mech0.3_shrunk,2,0.475,5,AdaptiveGCN,0.0,0.8034595847129822,0.0,none,none,185,185,34,7032,30.344,0.8461,2,128.20838345281948,48.12942827505224,43.29211649362697,55.007676357213995,2.0,850
F_mech0.3_shrunk,2,0.475,5,AdaptiveGCN,0.0,0.8034595847129822,0.0,none,none,185,185,34,7032,30.344,0.8461,3,163.34523666030807,58.66707590047051,51.36989538257827,71.91957816669033,3.24,850
F_mech0.3_shrunk,2,0.475,6,AdaptiveGCN,0.0,0.5953465104103088,0.0,none,none,185,185,34,7032,108.318,0.7169,0,129.58553129443928,46.74276091257731,44.0236058630689,56.9779419885298,nan,2550
F_mech0.3_shrunk,2,0.475,6,AdaptiveGCN,0.0,0.5953465104103088,0.0,none,none,185,185,34,7032,108.318,0.7169,1,85.19491672270736,33.43177856220919,37.40880571300148,44.0065714416851,1.0,850
F_mech0.3_shrunk,2,0.475,6,AdaptiveGCN,0.0,0.5953465104103088,0.0,none,none,185,185,34,7032,108.318,0.7169,2,128.20838345281948,48.12942827505224,43.29211649362697,55.007676357213995,2.0,850
F_mech0.3_shrunk,2,0.475,6,AdaptiveGCN,0.0,0.5953465104103088,0.0,none,none,185,185,34,7032,108.318,0.7169,3,163.34523666030807,58.66707590047051,51.36989538257827,71.91957816669033,3.24,850
F_mech0.3_shrunk,2,0.475,7,AdaptiveGCN,0.0,0.8016830682754517,0.0,none,none,185,185,34,7032,31.673,0.9878,0,129.58553129443928,46.74276091257731,44.0236058630689,56.9779419885298,nan,2550
F_mech0.3_shrunk,2,0.475,7,AdaptiveGCN,0.0,0.8016830682754517,0.0,none,none,185,185,34,7032,31.673,0.9878,1,85.19491672270736,33.43177856220919,37.40880571300148,44.0065714416851,1.0,850
F_mech0.3_shrunk,2,0.475,7,AdaptiveGCN,0.0,0.8016830682754517,0.0,none,none,185,185,34,7032,31.673,0.9878,2,128.20838345281948,48.12942827505224,43.29211649362697,55.007676357213995,2.0,850
F_mech0.3_shrunk,2,0.475,7,AdaptiveGCN,0.0,0.8016830682754517,0.0,none,none,185,185,34,7032,31.673,0.9878,3,163.34523666030807,58.66707590047051,51.36989538257827,71.91957816669033,3.24,850
F_mech0.3_shrunk,3,0.55,0,AdaptiveGCN,0.0,0.5028038024902344,0.0,none,none,219,219,34,7032,77.791,1.5889,0,21.99310132790398,12.27843207060122,55.149098334253075,65.67583259133461,nan,2550
F_mech0.3_shrunk,3,0.55,0,AdaptiveGCN,0.0,0.5028038024902344,0.0,none,none,219,219,34,7032,77.791,1.5889,1,15.631830967683117,9.50470646016738,49.4802236768321,56.728691441293655,1.0,850
F_mech0.3_shrunk,3,0.55,0,AdaptiveGCN,0.0,0.5028038024902344,0.0,none,none,219,219,34,7032,77.791,1.5889,2,21.750781577709905,12.298824111153097,56.293326608428885,67.8003424363085,2.5833333333333335,850
F_mech0.3_shrunk,3,0.55,0,AdaptiveGCN,0.0,0.5028038024902344,0.0,none,none,219,219,34,7032,77.791,1.5889,3,27.085768946346967,15.031765640483183,59.673744717498245,72.51753254507774,3.5,850
F_mech0.3_shrunk,3,0.55,1,AdaptiveGCN,0.0,0.5790512561798096,0.4,none,none,219,219,34,7032,55.872,0.9005,0,21.420152881714326,12.016053974762304,55.53723416180342,64.49208711509569,nan,2550
F_mech0.3_shrunk,3,0.55,1,AdaptiveGCN,0.0,0.5790512561798096,0.4,none,none,219,219,34,7032,55.872,0.9005,1,15.582385689193744,9.45164854778963,49.66271518055607,56.28042287160437,1.375,850
F_mech0.3_shrunk,3,0.55,1,AdaptiveGCN,0.0,0.5790512561798096,0.4,none,none,219,219,34,7032,55.872,0.9005,2,21.4823889807882,12.09243511849576,56.52344956194617,66.55752228079629,3.0,850
F_mech0.3_shrunk,3,0.55,1,AdaptiveGCN,0.0,0.5790512561798096,0.4,none,none,219,219,34,7032,55.872,0.9005,3,25.926146422855894,14.504078258001519,60.425537742908006,70.65567761165458,4.208333333333333,850
F_mech0.3_shrunk,3,0.55,2,AdaptiveGCN,0.0,0.4804780185222626,0.6,none,none,219,219,34,7032,118.184,1.3396,0,21.378653195523537,11.85725376813289,56.09153836579671,61.925769150863374,nan,2550
F_mech0.3_shrunk,3,0.55,2,AdaptiveGCN,0.0,0.4804780185222626,0.6,none,none,219,219,34,7032,118.184,1.3396,1,15.679186511048977,9.436202297951368,50.11923997493673,55.6749823870514,1.5416666666666667,850
F_mech0.3_shrunk,3,0.55,2,AdaptiveGCN,0.0,0.4804780185222626,0.6,none,none,219,219,34,7032,118.184,1.3396,2,21.266629769355472,11.84478732145008,56.80356004505318,64.13825975877424,2.75,850
F_mech0.3_shrunk,3,0.55,2,AdaptiveGCN,0.0,0.4804780185222626,0.6,none,none,219,219,34,7032,118.184,1.3396,3,25.94289895074006,14.290771684997223,61.351815077400204,65.97650676132277,3.625,850
F_mech0.3_shrunk,3,0.55,3,AdaptiveGCN,0.0,0.5933123826980591,0.9,none,none,219,219,34,7032,58.121,1.275,0,20.026177874370088,11.554792362557833,54.91459257810428,64.62062194672019,nan,2550
F_mech0.3_shrunk,3,0.55,3,AdaptiveGCN,0.0,0.5933123826980591,0.9,none,none,219,219,34,7032,58.121,1.275,1,15.491392654863521,9.382323622005607,49.85455832137538,56.874791959273495,2.6666666666666665,850
F_mech0.3_shrunk,3,0.55,3,AdaptiveGCN,0.0,0.5933123826980591,0.9,none,none,219,219,34,7032,58.121,1.275,2,20.60511132577158,11.767971326237655,55.96605091649076,67.59034836265155,4.041666666666667,850
F_mech0.3_shrunk,3,0.55,3,AdaptiveGCN,0.0,0.5933123826980591,0.9,none,none,219,219,34,7032,58.121,1.275,3,23.20753200219986,13.514082139430238,58.923168496446685,69.41186691310732,5.291666666666667,850
F_mech0.3_shrunk,3,0.55,4,AdaptiveGCN,0.0,0.6635922789573669,1.0,none,none,219,219,34,7032,45.852,0.9038,0,21.943125877643887,12.172811511677699,55.95125328183439,64.19368090512219,nan,2550
F_mech0.3_shrunk,3,0.55,4,AdaptiveGCN,0.0,0.6635922789573669,1.0,none,none,219,219,34,7032,45.852,0.9038,1,16.044907800063463,9.581667749925572,49.992598075816744,56.76879331311571,1.125,850
F_mech0.3_shrunk,3,0.55,4,AdaptiveGCN,0.0,0.6635922789573669,1.0,none,none,219,219,34,7032,45.852,0.9038,2,22.203799191960105,12.337052789639873,57.28309135155347,66.43114683692394,2.625,850
F_mech0.3_shrunk,3,0.55,4,AdaptiveGCN,0.0,0.6635922789573669,1.0,none,none,219,219,34,7032,45.852,0.9038,3,26.344915163593697,14.599713995467653,60.57807041813296,69.396353241569,4.0,850
F_mech0.3_shrunk,3,0.55,5,AdaptiveGCN,0.0,0.7155152559280396,0.0,none,none,219,219,34,7032,43.389,0.7885,0,21.99310132790398,12.27843207060122,55.149098334253075,65.67583259133461,nan,2550
F_mech0.3_shrunk,3,0.55,5,AdaptiveGCN,0.0,0.7155152559280396,0.0,none,none,219,219,34,7032,43.389,0.7885,1,15.631830967683117,9.50470646016738,49.4802236768321,56.728691441293655,1.0,850
F_mech0.3_shrunk,3,0.55,5,AdaptiveGCN,0.0,0.7155152559280396,0.0,none,none,219,219,34,7032,43.389,0.7885,2,21.750781577709905,12.298824111153097,56.293326608428885,67.8003424363085,2.5833333333333335,850
F_mech0.3_shrunk,3,0.55,5,AdaptiveGCN,0.0,0.7155152559280396,0.0,none,none,219,219,34,7032,43.389,0.7885,3,27.085768946346967,15.031765640483183,59.673744717498245,72.51753254507774,3.5,850
F_mech0.3_shrunk,3,0.55,6,AdaptiveGCN,0.0,0.6318094730377197,1.0,none,none,219,219,34,7032,51.274,1.16,0,20.87259885407868,11.79839642629484,55.1069331006825,64.70840485288069,nan,2550
F_mech0.3_shrunk,3,0.55,6,AdaptiveGCN,0.0,0.6318094730377197,1.0,none,none,219,219,34,7032,51.274,1.16,1,15.811435576750359,9.515784843190957,49.722206897721904,57.171089297386416,1.1666666666666667,850
F_mech0.3_shrunk,3,0.55,6,AdaptiveGCN,0.0,0.6318094730377197,1.0,none,none,219,219,34,7032,51.274,1.16,2,21.26651716321609,11.961524112737354,56.22774617979067,67.37765147926548,3.4583333333333335,850
F_mech0.3_shrunk,3,0.55,6,AdaptiveGCN,0.0,0.6318094730377197,1.0,none,none,219,219,34,7032,51.274,1.16,3,24.591256607151422,13.917880322956206,59.37084622453494,69.5914742469051,4.541666666666667,850
F_mech0.3_shrunk,3,0.55,7,AdaptiveGCN,0.0,0.4925026297569275,0.5,none,none,219,219,34,7032,74.843,1.9109,0,21.751991576658313,12.083351012729016,55.81385977309328,62.86909558685594,nan,2550
F_mech0.3_shrunk,3,0.55,7,AdaptiveGCN,0.0,0.4925026297569275,0.5,none,none,219,219,34,7032,74.843,1.9109,1,15.672279459693405,9.441519555664238,49.78333073969717,55.7511139381814,1.0416666666666667,850
F_mech0.3_shrunk,3,0.55,7,AdaptiveGCN,0.0,0.4925026297569275,0.5,none,none,219,219,34,7032,74.843,1.9109,2,21.62264845772734,12.143925457923837,56.82782552379193,65.02920981665767,2.75,850
F_mech0.3_shrunk,3,0.55,7,AdaptiveGCN,0.0,0.4925026297569275,0.5,none,none,219,219,34,7032,74.843,1.9109,3,26.576082157907635,14.664608024598976,60.83042305579072,67.84156499976446,3.875,850
F_mech0.3_shrunk,4,0.625,0,AdaptiveGCN,0.0,0.5382996797561646,0.9,none,none,253,253,34,7032,66.825,0.9469,0,31.409077718277263,14.668689547061701,52.3286265530012,60.11643193741983,nan,2550
F_mech0.3_shrunk,4,0.625,0,AdaptiveGCN,0.0,0.5382996797561646,0.9,none,none,253,253,34,7032,66.825,0.9469,1,27.268616233976374,12.83075244528077,51.08063512381168,56.26277594872688,2.6666666666666665,850
F_mech0.3_shrunk,4,0.625,0,AdaptiveGCN,0.0,0.5382996797561646,0.9,none,none,253,253,34,7032,66.825,0.9469,2,29.183949564690476,14.052976908420815,51.78939691588103,59.52367483560681,3.2083333333333335,850
F_mech0.3_shrunk,4,0.625,0,AdaptiveGCN,0.0,0.5382996797561646,0.9,none,none,253,253,34,7032,66.825,0.9469,3,36.936569221140005,17.122339287483516,54.11584761931092,64.5628450279258,3.4583333333333335,850
F_mech0.3_shrunk,4,0.625,1,AdaptiveGCN,0.0,0.6844236254692078,1.0,none,none,253,253,34,7032,51.627,0.7971,0,30.901639248884944,14.420256900015907,51.78150385696747,58.05834134971539,nan,2550
F_mech0.3_shrunk,4,0.625,1,AdaptiveGCN,0.0,0.6844236254692078,1.0,none,none,253,253,34,7032,51.627,0.7971,1,26.954367835769396,12.818664994583848,50.945606259240115,57.030006487517596,2.25,850
F_mech0.3_shrunk,4,0.625,1,AdaptiveGCN,0.0,0.6844236254692078,1.0,none,none,253,253,34,7032,51.627,0.7971,2,29.03135545488123,13.93500865017776,51.58397427213092,59.04518469583175,2.9166666666666665,850
F_mech0.3_shrunk,4,0.625,1,AdaptiveGCN,0.0,0.6844236254692078,1.0,none,none,253,253,34,7032,51.627,0.7971,3,35.99133756657367,16.507097055286113,52.81493103953142,58.09983286579684,6.416666666666667,850
F_mech0.3_shrunk,4,0.625,2,AdaptiveGCN,0.0,0.4876177906990051,1.0,none,none,253,253,34,7032,91.285,1.1073,0,33.00221371775322,15.373666731369882,53.611882849419764,59.44747449112454,nan,2550
F_mech0.3_shrunk,4,0.625,2,AdaptiveGCN,0.0,0.4876177906990051,1.0,none,none,253,253,34,7032,91.285,1.1073,1,27.309498970078927,12.840876043056522,50.92663248101034,55.476746795914664,2.5,850
F_mech0.3_shrunk,4,0.625,2,AdaptiveGCN,0.0,0.4876177906990051,1.0,none,none,253,253,34,7032,91.285,1.1073,2,30.97025273183103,14.845470751789124,52.89964872829679,59.0068023503879,3.3333333333333335,850
F_mech0.3_shrunk,4,0.625,2,AdaptiveGCN,0.0,0.4876177906990051,1.0,none,none,253,253,34,7032,91.285,1.1073,3,39.528129762822665,18.434653399264,57.009367338952174,63.85887432707108,4.375,850
F_mech0.3_shrunk,4,0.625,3,AdaptiveGCN,0.0,0.6649448871612549,1.0,none,none,253,253,34,7032,55.693,0.7305,0,30.65713941391122,13.972069886812744,51.88875587135835,54.44475818170319,nan,2550
F_mech0.3_shrunk,4,0.625,3,AdaptiveGCN,0.0,0.6649448871612549,1.0,none,none,253,253,34,7032,55.693,0.7305,1,26.841230477601382,12.415914916686015,50.279790554806326,53.43802029272213,2.6666666666666665,850
F_mech0.3_shrunk,4,0.625,3,AdaptiveGCN,0.0,0.6649448871612549,1.0,none,none,253,253,34,7032,55.693,0.7305,2,28.850025614103718,13.452620602740687,51.17156506598525,53.79899642021153,3.2916666666666665,850
F_mech0.3_shrunk,4,0.625,3,AdaptiveGCN,0.0,0.6649448871612549,1.0,none,none,253,253,34,7032,55.693,0.7305,3,35.592203635709446,16.04767414101153,54.2149119932835,56.09725783217585,3.625,850
F_mech0.3_shrunk,4,0.625,4,AdaptiveGCN,0.0,0.6226840019226074,1.0,none,none,253,253,34,7032,58.209,1.6068,0,30.951936740746987,14.331892379384383,52.24705701931482,56.56356059138157,nan,2550
F_mech0.3_shrunk,4,0.625,4,AdaptiveGCN,0.0,0.6226840019226074,1.0,none,none,253,253,34,7032,58.209,1.6068,1,26.76636223558006,12.546916472603197,50.04717178905606,54.457034678143046,2.6666666666666665,850
F_mech0.3_shrunk,4,0.625,4,AdaptiveGCN,0.0,0.6226840019226074,1.0,none,none,253,253,34,7032,58.209,1.6068,2,29.118229570996768,13.888605793031644,51.87828965741234,56.19629463129602,5.125,850
F_mech0.3_shrunk,4,0.625,4,AdaptiveGCN,0.0,0.6226840019226074,1.0,none,none,253,253,34,7032,58.209,1.6068,3,36.190575062218244,16.560154872518307,54.815709611476095,59.03735246470564,5.416666666666667,850
F_mech0.3_shrunk,4,0.625,5,AdaptiveGCN,0.0,0.6138243675231934,1.0,none,none,253,253,34,7032,60.083,2.3336,0,31.21298827806286,14.300546963269475,52.66517011846371,55.495149378780596,nan,2550
F_mech0.3_shrunk,4,0.625,5,AdaptiveGCN,0.0,0.6138243675231934,1.0,none,none,253,253,34,7032,60.083,2.3336,1,27.11362656770172,12.594460827853968,51.09710339848456,54.3331622033494,2.6666666666666665,850
F_mech0.3_shrunk,4,0.625,5,AdaptiveGCN,0.0,0.6138243675231934,1.0,none,none,253,253,34,7032,60.083,2.3336,2,29.541754641930382,13.708576212339104,51.84657097613916,54.829320017188124,3.25,850
F_mech0.3_shrunk,4,0.625,5,AdaptiveGCN,0.0,0.6138243675231934,1.0,none,none,253,253,34,7032,60.083,2.3336,3,36.261383023302805,16.598603849615355,55.05183598076741,57.32296591580428,3.625,850
F_mech0.3_shrunk,4,0.625,6,AdaptiveGCN,0.0,0.6933826208114624,1.0,none,none,253,253,34,7032,51.45,0.613,0,30.64853887470338,14.33125077348143,52.67411646654555,56.78473009174072,nan,2550
F_mech0.3_shrunk,4,0.625,6,AdaptiveGCN,0.0,0.6933826208114624,1.0,none,none,253,253,34,7032,51.45,0.613,1,26.693394937433915,12.616744140474372,50.89357372240403,55.35758296923268,2.6666666666666665,850
F_mech0.3_shrunk,4,0.625,6,AdaptiveGCN,0.0,0.6933826208114624,1.0,none,none,253,253,34,7032,51.45,0.613,2,28.5909367661773,13.85576526470181,52.06473065854462,56.654456575476985,3.3333333333333335,850
F_mech0.3_shrunk,4,0.625,6,AdaptiveGCN,0.0,0.6933826208114624,1.0,none,none,253,253,34,7032,51.45,0.613,3,35.8889928391595,16.52124291526811,55.06404501868798,58.342150730512486,3.7916666666666665,850
F_mech0.3_shrunk,4,0.625,7,AdaptiveGCN,0.0,0.5345051288604736,1.0,none,none,253,253,34,7032,67.167,1.5538,0,31.44320946035935,14.623064593964749,52.101977478212305,56.45214476332158,nan,2550
F_mech0.3_shrunk,4,0.625,7,AdaptiveGCN,0.0,0.5345051288604736,1.0,none,none,253,253,34,7032,67.167,1.5538,1,26.883853447089045,12.646576825081754,49.95651575202349,54.558475402147785,2.6666666666666665,850
F_mech0.3_shrunk,4,0.625,7,AdaptiveGCN,0.0,0.5345051288604736,1.0,none,none,253,253,34,7032,67.167,1.5538,2,29.672519835553366,14.197465797592612,51.229083253590716,56.09499475439655,4.875,850
F_mech0.3_shrunk,4,0.625,7,AdaptiveGCN,0.0,0.5345051288604736,1.0,none,none,253,253,34,7032,67.167,1.5538,3,36.916476727177326,17.02515115921988,55.120333429022715,58.70296413342038,5.25,850
F_mech0.3_shrunk,5,0.7,0,AdaptiveGCN,0.0,0.6043872833251953,1.0,none,none,287,287,34,7032,68.04,0.9945,0,55.548290409348006,28.01174491493287,44.82010122699357,51.857912118549535,nan,2550
F_mech0.3_shrunk,5,0.7,0,AdaptiveGCN,0.0,0.6043872833251953,1.0,none,none,287,287,34,7032,68.04,0.9945,1,39.96437300294017,21.079488127569064,37.22332318735324,39.4432113025229,0.96,850
F_mech0.3_shrunk,5,0.7,0,AdaptiveGCN,0.0,0.6043872833251953,1.0,none,none,287,287,34,7032,68.04,0.9945,2,54.348482125320785,28.221072784136325,43.75432938139891,48.51151013082306,2.0,850
F_mech0.3_shrunk,5,0.7,0,AdaptiveGCN,0.0,0.6043872833251953,1.0,none,none,287,287,34,7032,68.04,0.9945,3,68.59977465968343,34.734673833093225,53.48265111222857,67.83243275439717,3.7916666666666665,850
F_mech0.3_shrunk,5,0.7,1,AdaptiveGCN,0.0,0.6185252666473389,1.0,none,none,287,287,34,7032,67.537,1.4767,0,56.575165404389985,29.038172786892883,46.3438519040379,53.068009984875786,nan,2550
F_mech0.3_shrunk,5,0.7,1,AdaptiveGCN,0.0,0.6185252666473389,1.0,none,none,287,287,34,7032,67.537,1.4767,1,40.232617901350274,21.185361111614416,38.449231170277486,39.26995064218228,1.32,850
F_mech0.3_shrunk,5,0.7,1,AdaptiveGCN,0.0,0.6185252666473389,1.0,none,none,287,287,34,7032,67.537,1.4767,2,55.30086717018207,29.177678342072177,45.335170210941214,49.355888849318255,3.12,850
F_mech0.3_shrunk,5,0.7,1,AdaptiveGCN,0.0,0.6185252666473389,1.0,none,none,287,287,34,7032,67.537,1.4767,3,70.18118386456646,36.751478906992055,55.24715433089502,70.81530665133383,4.083333333333333,850
F_mech0.3_shrunk,5,0.7,2,AdaptiveGCN,0.0,0.567726194858551,1.0,none,none,287,287,34,7032,75.548,0.7515,0,58.14302132259899,29.23560270115368,46.17367094663899,52.453074065977255,nan,2550
F_mech0.3_shrunk,5,0.7,2,AdaptiveGCN,0.0,0.567726194858551,1.0,none,none,287,287,34,7032,75.548,0.7515,1,41.178334312401496,21.71032975944855,38.53394124810219,39.37002146690982,1.2,850
F_mech0.3_shrunk,5,0.7,2,AdaptiveGCN,0.0,0.567726194858551,1.0,none,none,287,287,34,7032,75.548,0.7515,2,56.947670931797944,29.507876963311915,44.965314347148535,48.4872681198957,2.88,850
F_mech0.3_shrunk,5,0.7,2,AdaptiveGCN,0.0,0.567726194858551,1.0,none,none,287,287,34,7032,75.548,0.7515,3,72.13279659253726,36.48860138070057,55.02175724466625,69.73190166631767,4.25,850
F_mech0.3_shrunk,5,0.7,3,AdaptiveGCN,0.0,0.7012792825698853,1.0,none,none,287,287,34,7032,60.929,0.8351,0,54.72293463364065,28.75875028575169,47.774177350949984,56.03113219176309,nan,2550
F_mech0.3_shrunk,5,0.7,3,AdaptiveGCN,0.0,0.7012792825698853,1.0,none,none,287,287,34,7032,60.929,0.8351,1,40.22086548262851,21.724583121046777,42.63811496021738,42.015387465235435,1.0,850
F_mech0.3_shrunk,5,0.7,3,AdaptiveGCN,0.0,0.7012792825698853,1.0,none,none,287,287,34,7032,60.929,0.8351,2,53.5113463303095,29.006611469057663,45.92352927242387,52.389105142447534,1.88,850
F_mech0.3_shrunk,5,0.7,3,AdaptiveGCN,0.0,0.7012792825698853,1.0,none,none,287,287,34,7032,60.929,0.8351,3,67.10153886833814,35.54505626715062,54.7608878202087,73.92827840478384,3.4583333333333335,850
F_mech0.3_shrunk,5,0.7,4,AdaptiveGCN,0.0,0.6280438899993896,1.0,none,none,287,287,34,7032,65.9,1.6521,0,56.81084175238139,28.19330344837378,45.00907523475408,49.47857526979809,nan,2550
F_mech0.3_shrunk,5,0.7,4,AdaptiveGCN,0.0,0.6280438899993896,1.0,none,none,287,287,34,7032,65.9,1.6521,1,41.004158863753055,21.380952802987988,38.2474998418017,38.95405127165427,1.36,850
F_mech0.3_shrunk,5,0.7,4,AdaptiveGCN,0.0,0.6280438899993896,1.0,none,none,287,287,34,7032,65.9,1.6521,2,55.62457183759325,28.48177631342619,43.58774554479614,46.32198745500754,2.92,850
F_mech0.3_shrunk,5,0.7,4,AdaptiveGCN,0.0,0.6280438899993896,1.0,none,none,287,287,34,7032,65.9,1.6521,3,70.04984786281047,34.71718122870716,53.19198031766441,63.34429534689727,3.8333333333333335,850
F_mech0.3_shrunk,5,0.7,5,AdaptiveGCN,0.0,0.5684628486633301,0.9,none,none,287,287,34,7032,75.592,0.746,0,57.20148058901337,29.27469355862486,46.19549235245005,54.29794132404234,nan,2550
F_mech0.3_shrunk,5,0.7,5,AdaptiveGCN,0.0,0.5684628486633301,0.9,none,none,287,287,34,7032,75.592,0.746,1,40.965919810469124,21.655223200879135,38.81815291589122,40.04594296949857,2.04,850
F_mech0.3_shrunk,5,0.7,5,AdaptiveGCN,0.0,0.5684628486633301,0.9,none,none,287,287,34,7032,75.592,0.746,2,56.061859777541905,29.530879336023595,44.91772355055047,50.18554987310154,2.92,850
F_mech0.3_shrunk,5,0.7,5,AdaptiveGCN,0.0,0.5684628486633301,0.9,none,none,287,287,34,7032,75.592,0.746,3,70.67453174299256,36.63797813897185,54.85060059090846,72.9104534150051,4.0,850
F_mech0.3_shrunk,5,0.7,6,AdaptiveGCN,0.0,0.623367428779602,1.0,none,none,287,287,34,7032,66.442,1.1885,0,58.499177970006976,29.42300549503717,46.59918015030661,54.67292761413367,nan,2550
F_mech0.3_shrunk,5,0.7,6,AdaptiveGCN,0.0,0.623367428779602,1.0,none,none,287,287,34,7032,66.442,1.1885,1,41.51352855333377,21.91643039344892,38.89955460591022,40.552015489251815,1.16,850
F_mech0.3_shrunk,5,0.7,6,AdaptiveGCN,0.0,0.623367428779602,1.0,none,none,287,287,34,7032,66.442,1.1885,2,57.46939710670976,29.7075953571345,45.39525959378008,50.7305678366419,3.0,850
F_mech0.3_shrunk,5,0.7,6,AdaptiveGCN,0.0,0.623367428779602,1.0,none,none,287,287,34,7032,66.442,1.1885,3,72.3903088316557,36.64499073452809,55.50272625122952,72.9805161251771,4.291666666666667,850
F_mech0.3_shrunk,5,0.7,7,AdaptiveGCN,0.0,0.5244433879852295,1.0,none,none,287,287,34,7032,81.417,0.6706,0,58.94205080310887,29.844487012633984,47.71303434602362,56.06159074323413,nan,2550
F_mech0.3_shrunk,5,0.7,7,AdaptiveGCN,0.0,0.5244433879852295,1.0,none,none,287,287,34,7032,81.417,0.6706,1,43.26287967226567,22.665929470795604,40.43691662502052,41.071629665947874,1.2,850
F_mech0.3_shrunk,5,0.7,7,AdaptiveGCN,0.0,0.5244433879852295,1.0,none,none,287,287,34,7032,81.417,0.6706,2,57.800083844345664,30.21796934649129,46.61441756838076,52.093284420386844,3.08,850
F_mech0.3_shrunk,5,0.7,7,AdaptiveGCN,0.0,0.5244433879852295,1.0,none,none,287,287,34,7032,81.417,0.6706,3,72.18011920659644,36.64956222061506,56.0877688446696,75.27671387801014,4.125,850
F_mech0.3_shrunk,6,0.775,0,AdaptiveGCN,0.0,0.7135382294654846,0.5,none,none,321,321,34,7032,63.23,0.9377,0,10.649266320985014,5.31662081962499,79.56293813417928,85.83245353807989,nan,2550
F_mech0.3_shrunk,6,0.775,0,AdaptiveGCN,0.0,0.7135382294654846,0.5,none,none,321,321,34,7032,63.23,0.9377,1,8.461359434730044,4.4102991623487595,72.8715568383293,71.01547051142475,2.2142857142857144,850
F_mech0.3_shrunk,6,0.775,0,AdaptiveGCN,0.0,0.7135382294654846,0.5,none,none,321,321,34,7032,63.23,0.9377,2,10.380911967676457,5.241227837277975,78.42814536097774,85.70179709665078,4.142857142857143,850
F_mech0.3_shrunk,6,0.775,0,AdaptiveGCN,0.0,0.7135382294654846,0.5,none,none,321,321,34,7032,63.23,0.9377,3,12.68316532894899,6.298335459248235,87.38911220323077,100.82522686707513,4.642857142857143,850
F_mech0.3_shrunk,6,0.775,1,AdaptiveGCN,0.0,0.7646098732948303,0.5,none,none,321,321,34,7032,57.363,0.7061,0,10.736364317034319,5.369919082323888,90.5584369924343,87.11113597638615,nan,2550
F_mech0.3_shrunk,6,0.775,1,AdaptiveGCN,0.0,0.7646098732948303,0.5,none,none,321,321,34,7032,57.363,0.7061,1,8.566168936413222,4.469468864021696,88.36125173225618,72.31981014120699,2.2142857142857144,850
F_mech0.3_shrunk,6,0.775,1,AdaptiveGCN,0.0,0.7646098732948303,0.5,none,none,321,321,34,7032,57.363,0.7061,2,10.513956741533503,5.303015036288159,92.05090031654441,87.48922758241243,4.0,850
F_mech0.3_shrunk,6,0.775,1,AdaptiveGCN,0.0,0.7646098732948303,0.5,none,none,321,321,34,7032,57.363,0.7061,3,12.723443701854253,6.337273346661808,91.26315892850229,101.57257953591807,4.642857142857143,850
F_mech0.3_shrunk,6,0.775,2,AdaptiveGCN,0.0,0.7552587389945984,0.4,none,none,321,321,34,7032,61.255,0.6671,0,10.689124582129871,5.350818686326723,92.61431928851358,86.79865595732402,nan,2550
F_mech0.3_shrunk,6,0.775,2,AdaptiveGCN,0.0,0.7552587389945984,0.4,none,none,321,321,34,7032,61.255,0.6671,1,8.538305633658242,4.462557430016546,91.2458297043501,72.33528463123062,2.2142857142857144,850
F_mech0.3_shrunk,6,0.775,2,AdaptiveGCN,0.0,0.7552587389945984,0.4,none,none,321,321,34,7032,61.255,0.6671,2,10.450037839168028,5.279912538886158,92.15582236264906,87.04644048306487,4.0,850
F_mech0.3_shrunk,6,0.775,2,AdaptiveGCN,0.0,0.7552587389945984,0.4,none,none,321,321,34,7032,61.255,0.6671,3,12.67541711594043,6.309986090077462,94.44130579854163,101.06062706892487,4.571428571428571,850
F_mech0.3_shrunk,6,0.775,3,AdaptiveGCN,0.0,0.6557005643844604,0.8,none,none,321,321,34,7032,73.152,1.2246,0,10.638719954368325,5.2821665502083786,77.70802798392604,84.99789353167007,nan,2550
F_mech0.3_shrunk,6,0.775,3,AdaptiveGCN,0.0,0.6557005643844604,0.8,none,none,321,321,34,7032,73.152,1.2246,1,8.473293889616311,4.403811728306999,74.51105236216232,70.70101772184108,2.2142857142857144,850
F_mech0.3_shrunk,6,0.775,3,AdaptiveGCN,0.0,0.6557005643844604,0.8,none,none,321,321,34,7032,73.152,1.2246,2,10.38394787608468,5.233770300248391,77.15184604505012,84.64170360390261,5.0,850
F_mech0.3_shrunk,6,0.775,3,AdaptiveGCN,0.0,0.6557005643844604,0.8,none,none,321,321,34,7032,73.152,1.2246,3,12.646106277007629,6.208917622069746,81.46118554456568,99.69308173734186,5.714285714285714,850
F_mech0.3_shrunk,6,0.775,4,AdaptiveGCN,0.0,0.7912610769271851,0.6,none,none,321,321,34,7032,56.131,0.8227,0,10.700764501963423,5.356815628447563,92.81262401057714,87.28061922920924,nan,2550
F_mech0.3_shrunk,6,0.775,4,AdaptiveGCN,0.0,0.7912610769271851,0.6,none,none,321,321,34,7032,56.131,0.8227,1,8.610772320276265,4.49860005599159,94.80687472081433,73.01088463792642,2.2142857142857144,850
F_mech0.3_shrunk,6,0.775,4,AdaptiveGCN,0.0,0.7912610769271851,0.6,none,none,321,321,34,7032,56.131,0.8227,2,10.43012214273925,5.283427197833867,91.2890309482359,87.54096413565159,4.142857142857143,850
F_mech0.3_shrunk,6,0.775,4,AdaptiveGCN,0.0,0.7912610769271851,0.6,none,none,321,321,34,7032,56.131,0.8227,3,12.672262422919836,6.288419631517232,92.34196636268112,101.33587069514789,4.571428571428571,850
F_mech0.3_shrunk,6,0.775,5,AdaptiveGCN,0.0,0.7944377660751343,0.6,none,none,321,321,34,7032,56.142,0.7339,0,10.511582914859508,5.24559689257525,76.12094910249296,84.71164574455162,nan,2550
F_mech0.3_shrunk,6,0.775,5,AdaptiveGCN,0.0,0.7944377660751343,0.6,none,none,321,321,34,7032,56.142,0.7339,1,8.423717714497295,4.3951170846483985,71.45715732752798,70.77741425502188,2.7142857142857144,850
F_mech0.3_shrunk,6,0.775,5,AdaptiveGCN,0.0,0.7944377660751343,0.6,none,none,321,321,34,7032,56.142,0.7339,2,10.296071545047191,5.204113974645578,75.17581302402304,85.09265174749697,4.0,850
F_mech0.3_shrunk,6,0.775,5,AdaptiveGCN,0.0,0.7944377660751343,0.6,none,none,321,321,34,7032,56.142,0.7339,3,12.430286269174694,6.137559618431774,81.72987695592782,98.3104409784086,4.571428571428571,850
F_mech0.3_shrunk,6,0.775,6,AdaptiveGCN,0.0,0.7586826086044312,0.7,none,none,321,321,34,7032,57.672,0.615,0,10.777255177245918,5.391201052487702,89.65816432009777,87.39175297686867,nan,2550
F_mech0.3_shrunk,6,0.775,6,AdaptiveGCN,0.0,0.7586826086044312,0.7,none,none,321,321,34,7032,57.672,0.615,1,8.595255641387773,4.493042935515781,86.52488649523275,72.58749791271876,3.357142857142857,850
F_mech0.3_shrunk,6,0.775,6,AdaptiveGCN,0.0,0.7586826086044312,0.7,none,none,321,321,34,7032,57.672,0.615,2,10.550238630919488,5.325658006195937,88.56167871288487,87.56102204976499,4.0,850
F_mech0.3_shrunk,6,0.775,6,AdaptiveGCN,0.0,0.7586826086044312,0.7,none,none,321,321,34,7032,57.672,0.615,3,12.777391469164103,6.3549022157513875,93.88792775217571,102.07369336567247,4.571428571428571,850
F_mech0.3_shrunk,6,0.775,7,AdaptiveGCN,0.0,0.7158306241035461,0.2,none,none,321,321,34,7032,69.97,0.8177,0,10.722983028721558,5.372613669386638,95.8551302191398,87.37562378072651,nan,2550
F_mech0.3_shrunk,6,0.775,7,AdaptiveGCN,0.0,0.7158306241035461,0.2,none,none,321,321,34,7032,69.97,0.8177,1,8.557273062171431,4.47480042817071,92.49189619135035,72.42677780440869,2.2142857142857144,850
F_mech0.3_shrunk,6,0.775,7,AdaptiveGCN,0.0,0.7158306241035461,0.2,none,none,321,321,34,7032,69.97,0.8177,2,10.471722045230477,5.292015121346545,95.21125265881241,87.49125794458368,4.071428571428571,850
F_mech0.3_shrunk,6,0.775,7,AdaptiveGCN,0.0,0.7158306241035461,0.2,none,none,321,321,34,7032,69.97,0.8177,3,12.730404952303006,6.351025458642659,99.86224180725661,102.25590571506014,4.642857142857143,850
F_mech0.3_shrunk,7,0.85,0,AdaptiveGCN,0.0,0.7586520314216614,0.8,none,none,355,355,34,7032,70.84,0.8084,0,89.38883917186814,21.613035727937213,86.8764411763872,404.3115374131636,nan,2550
F_mech0.3_shrunk,7,0.85,0,AdaptiveGCN,0.0,0.7586520314216614,0.8,none,none,355,355,34,7032,70.84,0.8084,1,90.14638308030028,20.742974380481463,82.18427453462537,427.0175007956319,2.76,850
F_mech0.3_shrunk,7,0.85,0,AdaptiveGCN,0.0,0.7586520314216614,0.8,none,none,355,355,34,7032,70.84,0.8084,2,89.29640141384529,21.50480673346093,87.63113756138424,324.2228444045741,3.52,850
F_mech0.3_shrunk,7,0.85,0,AdaptiveGCN,0.0,0.7586520314216614,0.8,none,none,355,355,34,7032,70.84,0.8084,3,88.71795769493052,22.59132606986924,90.813911433152,461.6597192676796,4.36,850
F_mech0.3_shrunk,7,0.85,1,AdaptiveGCN,0.0,0.7615202069282532,0.0,none,none,355,355,34,7032,67.661,0.7838,0,93.21323496962992,22.400784099616256,84.30944531957218,436.62123403354656,nan,2550
F_mech0.3_shrunk,7,0.85,1,AdaptiveGCN,0.0,0.7615202069282532,0.0,none,none,355,355,34,7032,67.661,0.7838,1,92.48093679382518,21.167058670380538,81.54886475186524,447.79490957833985,2.76,850
F_mech0.3_shrunk,7,0.85,1,AdaptiveGCN,0.0,0.7615202069282532,0.0,none,none,355,355,34,7032,67.661,0.7838,2,93.27422630719364,22.341176297243905,85.89823650657293,350.80486579542,3.52,850
F_mech0.3_shrunk,7,0.85,1,AdaptiveGCN,0.0,0.7615202069282532,0.0,none,none,355,355,34,7032,67.661,0.7838,3,93.87926585269642,23.69411733122433,85.48123470027838,511.1130022200871,4.36,850
F_mech0.3_shrunk,7,0.85,2,AdaptiveGCN,0.0,0.6636760234832764,0.0,none,none,355,355,34,7032,81.884,1.0212,0,93.21323496962992,22.400784099616256,84.30944531957218,436.62123403354656,nan,2550
F_mech0.3_shrunk,7,0.85,2,AdaptiveGCN,0.0,0.6636760234832764,0.0,none,none,355,355,34,7032,81.884,1.0212,1,92.48093679382518,21.167058670380538,81.54886475186524,447.79490957833985,2.76,850
F_mech0.3_shrunk,7,0.85,2,AdaptiveGCN,0.0,0.6636760234832764,0.0,none,none,355,355,34,7032,81.884,1.0212,2,93.27422630719364,22.341176297243905,85.89823650657293,350.80486579542,3.52,850
F_mech0.3_shrunk,7,0.85,2,AdaptiveGCN,0.0,0.6636760234832764,0.0,none,none,355,355,34,7032,81.884,1.0212,3,93.87926585269642,23.69411733122433,85.48123470027838,511.1130022200871,4.36,850
F_mech0.3_shrunk,7,0.85,3,AdaptiveGCN,0.0,0.7578280568122864,0.0,none,none,355,355,34,7032,66.669,0.7865,0,93.21323496962992,22.400784099616256,84.30944531957218,436.62123403354656,nan,2550
F_mech0.3_shrunk,7,0.85,3,AdaptiveGCN,0.0,0.7578280568122864,0.0,none,none,355,355,34,7032,66.669,0.7865,1,92.48093679382518,21.167058670380538,81.54886475186524,447.79490957833985,2.76,850
F_mech0.3_shrunk,7,0.85,3,AdaptiveGCN,0.0,0.7578280568122864,0.0,none,none,355,355,34,7032,66.669,0.7865,2,93.27422630719364,22.341176297243905,85.89823650657293,350.80486579542,3.52,850
F_mech0.3_shrunk,7,0.85,3,AdaptiveGCN,0.0,0.7578280568122864,0.0,none,none,355,355,34,7032,66.669,0.7865,3,93.87926585269642,23.69411733122433,85.48123470027838,511.1130022200871,4.36,850
F_mech0.3_shrunk,7,0.85,4,AdaptiveGCN,0.0,0.7839257717132568,0.8,none,none,355,355,34,7032,66.93,0.8288,0,90.08668923653956,21.779566069503485,90.5280299861523,410.84687342981647,nan,2550
F_mech0.3_shrunk,7,0.85,4,AdaptiveGCN,0.0,0.7839257717132568,0.8,none,none,355,355,34,7032,66.93,0.8288,1,90.69481966628719,20.836685608309516,90.35047795821272,433.9928234501155,2.56,850
F_mech0.3_shrunk,7,0.85,4,AdaptiveGCN,0.0,0.7839257717132568,0.8,none,none,355,355,34,7032,66.93,0.8288,2,90.40535077656548,21.754328321283683,91.56879870679212,333.3830255621629,3.32,850
F_mech0.3_shrunk,7,0.85,4,AdaptiveGCN,0.0,0.7839257717132568,0.8,none,none,355,355,34,7032,66.93,0.8288,3,89.15243669955606,22.74768427891725,89.66481329345207,465.1416082243376,4.16,850
F_mech0.3_shrunk,7,0.85,5,AdaptiveGCN,0.0,0.7644104957580566,0.0,none,none,355,355,34,7032,69.19,0.7812,0,93.21323496962992,22.400784099616256,84.30944531957218,436.62123403354656,nan,2550
F_mech0.3_shrunk,7,0.85,5,AdaptiveGCN,0.0,0.7644104957580566,0.0,none,none,355,355,34,7032,69.19,0.7812,1,92.48093679382518,21.167058670380538,81.54886475186524,447.79490957833985,2.76,850
F_mech0.3_shrunk,7,0.85,5,AdaptiveGCN,0.0,0.7644104957580566,0.0,none,none,355,355,34,7032,69.19,0.7812,2,93.27422630719364,22.341176297243905,85.89823650657293,350.80486579542,3.52,850
F_mech0.3_shrunk,7,0.85,5,AdaptiveGCN,0.0,0.7644104957580566,0.0,none,none,355,355,34,7032,69.19,0.7812,3,93.87926585269642,23.69411733122433,85.48123470027838,511.1130022200871,4.36,850
F_mech0.3_shrunk,7,0.85,6,AdaptiveGCN,0.0,0.7828712463378906,0.0,none,none,355,355,34,7032,61.419,0.4866,0,93.21323496962992,22.400784099616256,84.30944531957218,436.62123403354656,nan,2550
F_mech0.3_shrunk,7,0.85,6,AdaptiveGCN,0.0,0.7828712463378906,0.0,none,none,355,355,34,7032,61.419,0.4866,1,92.48093679382518,21.167058670380538,81.54886475186524,447.79490957833985,2.76,850
F_mech0.3_shrunk,7,0.85,6,AdaptiveGCN,0.0,0.7828712463378906,0.0,none,none,355,355,34,7032,61.419,0.4866,2,93.27422630719364,22.341176297243905,85.89823650657293,350.80486579542,3.52,850
F_mech0.3_shrunk,7,0.85,6,AdaptiveGCN,0.0,0.7828712463378906,0.0,none,none,355,355,34,7032,61.419,0.4866,3,93.87926585269642,23.69411733122433,85.48123470027838,511.1130022200871,4.36,850
F_mech0.3_shrunk,7,0.85,7,AdaptiveGCN,0.0,0.7897470593452454,1.0,none,none,355,355,34,7032,66.808,0.8734,0,89.37089569119767,21.646264744989544,86.81646259370385,399.63758050059846,nan,2550
F_mech0.3_shrunk,7,0.85,7,AdaptiveGCN,0.0,0.7897470593452454,1.0,none,none,355,355,34,7032,66.808,0.8734,1,90.01702992775044,20.73896383781109,84.08339802028303,425.5134378830386,2.56,850
F_mech0.3_shrunk,7,0.85,7,AdaptiveGCN,0.0,0.7897470593452454,1.0,none,none,355,355,34,7032,66.808,0.8734,2,90.77868863017213,21.831900284948222,87.42671007865553,332.0501347546614,3.32,850
F_mech0.3_shrunk,7,0.85,7,AdaptiveGCN,0.0,0.7897470593452454,1.0,none,none,355,355,34,7032,66.808,0.8734,3,87.27906394728085,22.367930112209322,88.93927968217297,441.3781446978657,3.2,850
F_mech0.3_shrunk,8,0.925,0,AdaptiveGCN,0.0,0.52967369556427,1.0,none,none,389,389,34,7032,110.413,0.6717,0,27.13546355276141,11.323064619307566,77.64585428049125,97.3491677786215,nan,2550
F_mech0.3_shrunk,8,0.925,0,AdaptiveGCN,0.0,0.52967369556427,1.0,none,none,389,389,34,7032,110.413,0.6717,1,25.095059250053595,9.58850120288676,71.73404132797901,81.54675187666915,2.619047619047619,850
F_mech0.3_shrunk,8,0.925,0,AdaptiveGCN,0.0,0.52967369556427,1.0,none,none,389,389,34,7032,110.413,0.6717,2,26.69140466175698,11.105656502222205,76.69023840983736,97.10986296924268,3.6666666666666665,850
F_mech0.3_shrunk,8,0.925,0,AdaptiveGCN,0.0,0.52967369556427,1.0,none,none,389,389,34,7032,110.413,0.6717,3,29.44158733982199,13.275036152813735,84.51328310365736,113.28241230772424,5.761904761904762,850
F_mech0.3_shrunk,8,0.925,1,AdaptiveGCN,0.0,0.5012146830558777,1.0,none,none,389,389,34,7032,108.127,1.399,0,27.49822147265518,11.673111169898412,80.030549486765,98.65523896747789,nan,2550
F_mech0.3_shrunk,8,0.925,1,AdaptiveGCN,0.0,0.5012146830558777,1.0,none,none,389,389,34,7032,108.127,1.399,1,25.432684935581918,9.871232550911783,73.5829266310433,83.24135973560118,2.857142857142857,850
F_mech0.3_shrunk,8,0.925,1,AdaptiveGCN,0.0,0.5012146830558777,1.0,none,none,389,389,34,7032,108.127,1.399,2,27.2835490788035,11.548553761346609,78.05197528221251,98.9262488157906,3.761904761904762,850
F_mech0.3_shrunk,8,0.925,1,AdaptiveGCN,0.0,0.5012146830558777,1.0,none,none,389,389,34,7032,108.127,1.399,3,29.618288929469376,13.599547197436845,88.45674654703917,113.69435819238281,5.857142857142857,850
F_mech0.3_shrunk,8,0.925,2,AdaptiveGCN,0.0,0.6594783663749695,1.0,none,none,389,389,34,7032,89.668,0.6245,0,27.53593809067201,11.12075940109204,77.02703946084766,93.41628120098736,nan,2550
F_mech0.3_shrunk,8,0.925,2,AdaptiveGCN,0.0,0.6594783663749695,1.0,none,none,389,389,34,7032,89.668,0.6245,1,25.256029345707198,9.510339035316171,71.75154265186382,79.52602350212264,2.4761904761904763,850
F_mech0.3_shrunk,8,0.925,2,AdaptiveGCN,0.0,0.6594783663749695,1.0,none,none,389,389,34,7032,89.668,0.6245,2,27.170518587994255,10.897789377250216,76.51554059620057,92.94965535335628,3.380952380952381,850
F_mech0.3_shrunk,8,0.925,2,AdaptiveGCN,0.0,0.6594783663749695,1.0,none,none,389,389,34,7032,89.668,0.6245,3,29.976316667466012,12.954149790709728,82.81403513447862,107.67676860321487,5.238095238095238,850
F_mech0.3_shrunk,8,0.925,3,AdaptiveGCN,0.0,0.506414532661438,1.0,none,none,389,389,34,7032,125.531,0.7018,0,28.849630384832373,12.408229432164664,82.0694843409013,106.04994266258907,nan,2550
F_mech0.3_shrunk,8,0.925,3,AdaptiveGCN,0.0,0.506414532661438,1.0,none,none,389,389,34,7032,125.531,0.7018,1,25.569409003259995,10.036435295002178,76.49059933685436,84.3623597534668,2.6666666666666665,850
F_mech0.3_shrunk,8,0.925,3,AdaptiveGCN,0.0,0.506414532661438,1.0,none,none,389,389,34,7032,125.531,0.7018,2,27.95972248139953,12.081042822253178,80.87252223153322,103.8492155945903,3.5714285714285716,850
F_mech0.3_shrunk,8,0.925,3,AdaptiveGCN,0.0,0.506414532661438,1.0,none,none,389,389,34,7032,125.531,0.7018,3,32.57856292121337,15.107210179238635,88.84533145431635,129.78173550263577,5.857142857142857,850
F_mech0.3_shrunk,8,0.925,4,AdaptiveGCN,0.0,0.5009562969207764,1.0,none,none,389,389,34,7032,123.726,1.1253,0,30.027152645120406,13.213230348517177,81.55935624954127,113.69633854826408,nan,2550
F_mech0.3_shrunk,8,0.925,4,AdaptiveGCN,0.0,0.5009562969207764,1.0,none,none,389,389,34,7032,123.726,1.1253,1,25.773605292773965,10.346170574097401,74.61945239425586,86.8336769913815,2.6666666666666665,850
F_mech0.3_shrunk,8,0.925,4,AdaptiveGCN,0.0,0.5009562969207764,1.0,none,none,389,389,34,7032,123.726,1.1253,2,28.998401960195316,12.93996066263175,80.98883505372415,111.74464544031726,3.5714285714285716,850
F_mech0.3_shrunk,8,0.925,4,AdaptiveGCN,0.0,0.5009562969207764,1.0,none,none,389,389,34,7032,123.726,1.1253,3,34.63673832633954,16.35355980882238,89.06978130064374,142.31998792451088,5.428571428571429,850
F_mech0.3_shrunk,8,0.925,5,AdaptiveGCN,0.0,0.6561288237571716,1.0,none,none,389,389,34,7032,85.97,0.655,0,26.568857745335333,10.79374576328368,74.57580155960144,88.52401289788499,nan,2550
F_mech0.3_shrunk,8,0.925,5,AdaptiveGCN,0.0,0.6561288237571716,1.0,none,none,389,389,34,7032,85.97,0.655,1,25.07015214053806,9.390226133971694,68.74305590233999,77.93380398206902,2.3333333333333335,850
F_mech0.3_shrunk,8,0.925,5,AdaptiveGCN,0.0,0.6561288237571716,1.0,none,none,389,389,34,7032,85.97,0.655,2,26.241143596326687,10.595223803806173,73.63469528502343,88.06785287270003,3.238095238095238,850
F_mech0.3_shrunk,8,0.925,5,AdaptiveGCN,0.0,0.6561288237571716,1.0,none,none,389,389,34,7032,85.97,0.655,3,28.294919333386233,12.395787352073171,81.34965349144095,99.49647772370953,5.142857142857143,850
F_mech0.3_shrunk,8,0.925,6,AdaptiveGCN,0.0,0.3638359308242798,1.0,none,none,389,389,34,7032,260.415,1.7169,0,29.29119725715792,12.756984595119473,81.62297931154211,104.03157124699247,nan,2550
F_mech0.3_shrunk,8,0.925,6,AdaptiveGCN,0.0,0.3638359308242798,1.0,none,none,389,389,34,7032,260.415,1.7169,1,25.253104086983228,10.081795094883752,73.84854471148755,82.82471607068847,2.7142857142857144,850
F_mech0.3_shrunk,8,0.925,6,AdaptiveGCN,0.0,0.3638359308242798,1.0,none,none,389,389,34,7032,260.415,1.7169,2,27.96259537408605,12.473439700558409,81.12190794754491,100.300016660763,4.523809523809524,850
F_mech0.3_shrunk,8,0.925,6,AdaptiveGCN,0.0,0.3638359308242798,1.0,none,none,389,389,34,7032,260.415,1.7169,3,33.9749422985579,15.715718989916255,89.89848527559381,128.81048585355285,4.428571428571429,850
F_mech0.3_shrunk,8,0.925,7,AdaptiveGCN,0.0,0.5604334473609924,1.0,none,none,389,389,34,7032,104.438,1.3704,0,27.01951156556365,10.911919950188649,77.70852244254442,91.32352797798329,nan,2550
F_mech0.3_shrunk,8,0.925,7,AdaptiveGCN,0.0,0.5604334473609924,1.0,none,none,389,389,34,7032,104.438,1.3704,1,25.082106352453756,9.378389840686749,71.39692859289603,78.85075222641082,2.142857142857143,850
F_mech0.3_shrunk,8,0.925,7,AdaptiveGCN,0.0,0.5604334473609924,1.0,none,none,389,389,34,7032,104.438,1.3704,2,26.59993944693529,10.707190608692711,77.71309206208772,90.86822882447446,3.238095238095238,850
F_mech0.3_shrunk,8,0.925,7,AdaptiveGCN,0.0,0.5604334473609924,1.0,none,none,389,389,34,7032,104.438,1.3704,3,29.21460556072011,12.650179401186486,84.0155466726495,104.16489570453618,5.095238095238095,850
persistence,1,0.4,0,Persistence,0.0,nan,0.0,none,none,0,0,34,0,0.0,0.0,0,73.5201586334673,32.512549019607846,56.92076398350993,59.570052410688376,nan,2550
persistence,1,0.4,0,Persistence,0.0,nan,0.0,none,none,0,0,34,0,0.0,0.0,1,53.27343450097254,25.331764705882353,52.04820153998707,56.003322914535744,2.52,850
persistence,1,0.4,0,Persistence,0.0,nan,0.0,none,none,0,0,34,0,0.0,0.0,2,64.20278535280868,30.863529411764706,56.09017636034833,60.756974553725954,3.12,850
persistence,1,0.4,0,Persistence,0.0,nan,0.0,none,none,0,0,34,0,0.0,0.0,3,96.20594943080367,41.34235294117647,62.62391405019437,61.923975434850654,6.32,850
persistence,2,0.475,0,Persistence,0.0,nan,0.0,none,none,0,0,34,0,0.0,0.0,0,129.58545670033845,46.742745098039215,44.023604399543075,56.97793978106264,nan,2550
persistence,2,0.475,0,Persistence,0.0,nan,0.0,none,none,0,0,34,0,0.0,0.0,1,85.1948562379899,33.43176470588235,37.408803898948875,44.00656892100401,1.0,850
persistence,2,0.475,0,Persistence,0.0,nan,0.0,none,none,0,0,34,0,0.0,0.0,2,128.20830476909327,48.129411764705885,43.2921151920175,55.00767482624587,2.0,850
persistence,2,0.475,0,Persistence,0.0,nan,0.0,none,none,0,0,34,0,0.0,0.0,3,163.34515243351854,58.66705882352941,51.36989410766286,71.91957559593801,3.24,850
persistence,3,0.55,0,Persistence,0.0,nan,0.0,none,none,0,0,34,0,0.0,0.0,0,21.993100522396457,12.27843137254902,55.149097501207876,65.67583110011772,nan,2550
persistence,3,0.55,0,Persistence,0.0,nan,0.0,none,none,0,0,34,0,0.0,0.0,1,15.631830271822261,9.50470588235294,49.48022300843049,56.72869017332414,1.0,850
persistence,3,0.55,0,Persistence,0.0,nan,0.0,none,none,0,0,34,0,0.0,0.0,2,21.750780919043695,12.298823529411765,56.29332570818066,67.80034117763428,2.5833333333333335,850
persistence,3,0.55,0,Persistence,0.0,nan,0.0,none,none,0,0,34,0,0.0,0.0,3,27.08576791470775,15.031764705882352,59.67374378701251,72.51753059724976,3.5,850
persistence,4,0.625,0,Persistence,0.0,nan,0.0,none,none,0,0,34,0,0.0,0.0,0,31.00985927973585,14.347058823529412,50.567734519365146,54.16594941393969,nan,2550
persistence,4,0.625,0,Persistence,0.0,nan,0.0,none,none,0,0,34,0,0.0,0.0,1,26.47040522812555,12.470588235294118,48.96059400899452,53.197712837648794,2.0833333333333335,850
persistence,4,0.625,0,Persistence,0.0,nan,0.0,none,none,0,0,34,0,0.0,0.0,2,29.16407943707061,13.828235294117647,49.53569569228292,53.80531561587003,2.75,850
persistence,4,0.625,0,Persistence,0.0,nan,0.0,none,none,0,0,34,0,0.0,0.0,3,36.51860122313172,16.74235294117647,53.20691385681802,55.49481978830029,3.2916666666666665,850
persistence,5,0.7,0,Persistence,0.0,nan,0.0,none,none,0,0,34,0,0.0,0.0,0,53.94683657519307,28.974901960784315,43.7844504351759,58.564547112253265,nan,2550
persistence,5,0.7,0,Persistence,0.0,nan,0.0,none,none,0,0,34,0,0.0,0.0,1,39.370577249275584,21.35058823529412,36.38352292948993,41.770220528229686,1.0,850
persistence,5,0.7,0,Persistence,0.0,nan,0.0,none,none,0,0,34,0,0.0,0.0,2,52.68707844713083,28.885882352941177,42.58830076596147,53.86556324112117,1.96,850
persistence,5,0.7,0,Persistence,0.0,nan,0.0,none,none,0,0,34,0,0.0,0.0,3,66.36876480074396,36.688235294117646,52.3815276100763,80.34854700052605,2.875,850
persistence,6,0.775,0,Persistence,0.0,nan,0.0,none,none,0,0,34,0,0.0,0.0,0,10.671291889374748,5.33764705882353,72.2814990501309,86.60236722438475,nan,2550
persistence,6,0.775,0,Persistence,0.0,nan,0.0,none,none,0,0,34,0,0.0,0.0,1,8.540078522851566,4.46235294117647,70.4466173025324,72.11903616673888,2.2142857142857144,850
persistence,6,0.775,0,Persistence,0.0,nan,0.0,none,none,0,0,34,0,0.0,0.0,2,10.430441872090503,5.26,70.52648951740231,86.74668301341792,4.0,850
persistence,6,0.775,0,Persistence,0.0,nan,0.0,none,none,0,0,34,0,0.0,0.0,3,12.645250212675764,6.290588235294118,75.87139033045803,100.98718702830196,4.571428571428571,850
persistence,7,0.85,0,Persistence,0.0,nan,0.0,none,none,0,0,34,0,0.0,0.0,0,93.21324066512288,22.40078431372549,84.30944525147098,436.62126157854016,nan,2550
persistence,7,0.85,0,Persistence,0.0,nan,0.0,none,none,0,0,34,0,0.0,0.0,1,92.48094239291873,21.167058823529413,81.54886467885923,447.7949590304546,2.76,850
persistence,7,0.85,0,Persistence,0.0,nan,0.0,none,none,0,0,34,0,0.0,0.0,2,93.27423198794605,22.341176470588234,85.89823639925514,350.80484888259724,3.52,850
persistence,7,0.85,0,Persistence,0.0,nan,0.0,none,none,0,0,34,0,0.0,0.0,3,93.87927165811857,23.694117647058825,85.48123467629857,511.11305237714254,4.36,850
persistence,8,0.925,0,Persistence,0.0,nan,0.0,none,none,0,0,34,0,0.0,0.0,0,26.986292816909845,10.992549019607843,70.71305272493106,92.99962474795123,nan,2550
persistence,8,0.925,0,Persistence,0.0,nan,0.0,none,none,0,0,34,0,0.0,0.0,1,25.22165269576683,9.444705882352942,63.76796952938193,79.78157289457334,1.0,850
persistence,8,0.925,0,Persistence,0.0,nan,0.0,none,none,0,0,34,0,0.0,0.0,2,26.738427953261663,10.795294117647058,70.27159713686022,92.31713755959544,1.9047619047619047,850
persistence,8,0.925,0,Persistence,0.0,nan,0.0,none,none,0,0,34,0,0.0,0.0,3,28.873945104234597,12.73764705882353,78.09959150855104,106.80745940760066,4.0,850
