label,fold,origin,seed,model,lambda_phys,gate_sigma,n_test_weeks,n_params,train_seconds,infer_ms_per_window,horizon,rmse,mae,smape,mape,peak_week_err,n_obs
A_adaptive,1,0.4,0,AdaptiveGCN,0.0,0.7877589464187622,34,7032,22.407,0.7136,0,92.75198405783877,37.38276134237507,60.84247561783912,58.76655757812378,nan,2550
A_adaptive,1,0.4,0,AdaptiveGCN,0.0,0.7877589464187622,34,7032,22.407,0.7136,1,55.210400944324704,25.936384048229904,53.47339728676263,56.18787598526922,2.56,850
A_adaptive,1,0.4,0,AdaptiveGCN,0.0,0.7877589464187622,34,7032,22.407,0.7136,2,78.66053535286336,35.207588105989956,60.262070103340136,60.31975739704857,3.12,850
A_adaptive,1,0.4,0,AdaptiveGCN,0.0,0.7877589464187622,34,7032,22.407,0.7136,3,128.73664375602064,51.00431187290534,68.79195946341457,59.77584688325888,6.12,850
A_adaptive,1,0.4,1,AdaptiveGCN,0.0,0.8055638670921326,34,7032,21.485,0.8338,0,91.90912870782495,37.3837908503169,60.80804610340419,60.10395369589002,nan,2550
A_adaptive,1,0.4,1,AdaptiveGCN,0.0,0.8055638670921326,34,7032,21.485,0.8338,1,56.58798054692682,26.456597256458856,55.12102743431569,58.581394458733804,3.04,850
A_adaptive,1,0.4,1,AdaptiveGCN,0.0,0.8055638670921326,34,7032,21.485,0.8338,2,90.01601572348045,38.109792934486315,60.76861462097085,61.923280932983836,3.72,850
A_adaptive,1,0.4,1,AdaptiveGCN,0.0,0.8055638670921326,34,7032,21.485,0.8338,3,118.4769226068324,47.58498236000552,66.53449625492604,59.80089798984747,6.76,850
A_adaptive,1,0.4,2,AdaptiveGCN,0.0,0.739835262298584,34,7032,27.835,0.7507,0,119.05058894117506,45.70389825673822,65.1535202227742,59.03948695473805,nan,2550
A_adaptive,1,0.4,2,AdaptiveGCN,0.0,0.739835262298584,34,7032,27.835,0.7507,1,84.82569533333226,34.08959542839624,57.495212054921176,54.91069830159084,3.96,850
A_adaptive,1,0.4,2,AdaptiveGCN,0.0,0.739835262298584,34,7032,27.835,0.7507,2,106.87349554257825,43.55827898971333,64.87049936766444,59.82086579530189,3.8,850
A_adaptive,1,0.4,2,AdaptiveGCN,0.0,0.739835262298584,34,7032,27.835,0.7507,3,154.6020230897678,59.463820352105095,73.09484924573702,62.35478384827624,8.64,850
A_adaptive,1,0.4,3,AdaptiveGCN,0.0,0.8020257353782654,34,7032,21.281,0.7582,0,98.4382791368406,39.17924236403048,60.4523405999861,58.108311314444705,nan,2550
A_adaptive,1,0.4,3,AdaptiveGCN,0.0,0.8020257353782654,34,7032,21.281,0.7582,1,65.77884866665921,28.626765747981914,53.630555722274444,53.327814306085145,2.56,850
A_adaptive,1,0.4,3,AdaptiveGCN,0.0,0.8020257353782654,34,7032,21.281,0.7582,2,97.25067687347803,40.025971743604714,61.229162905394865,60.517491247316734,3.64,850
A_adaptive,1,0.4,3,AdaptiveGCN,0.0,0.8020257353782654,34,7032,21.281,0.7582,3,123.63548565847411,48.8849896005048,66.49730317228895,60.447904158662716,6.2,850
A_adaptive,1,0.4,4,AdaptiveGCN,0.0,0.7705838084220886,34,7032,24.486,0.7078,0,115.99771688588166,45.12139966454403,64.36668246554245,58.21764786216451,nan,2550
A_adaptive,1,0.4,4,AdaptiveGCN,0.0,0.7705838084220886,34,7032,24.486,0.7078,1,90.50234230257313,36.04202668084818,57.61749559505842,53.25340514099618,3.8,850
A_adaptive,1,0.4,4,AdaptiveGCN,0.0,0.7705838084220886,34,7032,24.486,0.7078,2,105.18163025027046,42.93711548341,64.1021735424461,60.420338039280516,4.6,850
A_adaptive,1,0.4,4,AdaptiveGCN,0.0,0.7705838084220886,34,7032,24.486,0.7078,3,145.30162305994634,56.3850568293739,71.38037825912284,60.945171834854264,8.04,850
A_adaptive,1,0.4,5,AdaptiveGCN,0.0,0.6892807483673096,34,7032,18.545,0.5079,0,110.87333704826547,43.98430480720548,64.44012557899919,58.68683794259003,nan,2550
A_adaptive,1,0.4,5,AdaptiveGCN,0.0,0.6892807483673096,34,7032,18.545,0.5079,1,81.46482762939664,33.24302344411502,57.070097138425524,54.900580242998856,3.84,850
A_adaptive,1,0.4,5,AdaptiveGCN,0.0,0.6892807483673096,34,7032,18.545,0.5079,2,107.01882129829765,44.26488405325395,65.69171944940247,60.7668955815451,4.4,850
A_adaptive,1,0.4,5,AdaptiveGCN,0.0,0.6892807483673096,34,7032,18.545,0.5079,3,137.07349981630495,54.44500692424748,70.55856014916958,60.36853542646643,7.36,850
A_adaptive,1,0.4,6,AdaptiveGCN,0.0,0.7882006168365479,34,7032,22.02,0.7226,0,122.64624653661267,46.808579672893075,65.85366995244071,58.64629322242914,nan,2550
A_adaptive,1,0.4,6,AdaptiveGCN,0.0,0.7882006168365479,34,7032,22.02,0.7226,1,71.59130466087859,30.209728297141982,54.47392197181923,53.96268592420327,2.84,850
A_adaptive,1,0.4,6,AdaptiveGCN,0.0,0.7882006168365479,34,7032,22.02,0.7226,2,127.00050538572738,50.64118403350606,69.4328686139652,60.37763919311725,5.72,850
A_adaptive,1,0.4,6,AdaptiveGCN,0.0,0.7882006168365479,34,7032,22.02,0.7226,3,154.5052170552238,59.57482668803118,73.6542192715377,61.5651915352444,8.76,850
A_adaptive,1,0.4,7,AdaptiveGCN,0.0,0.8018777966499329,34,7032,19.213,0.5774,0,91.37375129487114,37.186526404553064,59.94145683994654,58.51496634435319,nan,2550
A_adaptive,1,0.4,7,AdaptiveGCN,0.0,0.8018777966499329,34,7032,19.213,0.5774,1,60.785954998360275,27.46273729738971,53.86016607000344,57.107046740372795,2.68,850
A_adaptive,1,0.4,7,AdaptiveGCN,0.0,0.8018777966499329,34,7032,19.213,0.5774,2,87.23150291634124,37.2954108759865,60.36803679357008,58.533639544939476,3.24,850
A_adaptive,1,0.4,7,AdaptiveGCN,0.0,0.8018777966499329,34,7032,19.213,0.5774,3,117.23147977819164,46.80143104028299,65.59616765626612,59.89236339148842,6.2,850
A_adaptive,2,0.475,0,AdaptiveGCN,0.0,0.8029313683509827,34,7032,27.744,0.7647,0,121.39343425155337,43.47365714659289,43.1393509724548,51.811399989469386,nan,2550
A_adaptive,2,0.475,0,AdaptiveGCN,0.0,0.8029313683509827,34,7032,27.744,0.7647,1,107.28851044737618,38.08372628398938,38.06556235346553,44.112252093278045,1.24,850
A_adaptive,2,0.475,0,AdaptiveGCN,0.0,0.8029313683509827,34,7032,27.744,0.7647,2,122.63905789583667,45.04921813285252,42.496967161063466,51.235658220416305,2.04,850
A_adaptive,2,0.475,0,AdaptiveGCN,0.0,0.8029313683509827,34,7032,27.744,0.7647,3,132.88316162164227,47.28802702293677,48.855523402835374,60.08628965471382,4.04,850
A_adaptive,2,0.475,1,AdaptiveGCN,0.0,0.5437830090522766,34,7032,54.423,1.3155,0,153.4148147321086,49.20655297914244,46.610393004181994,53.13416453847808,nan,2550
A_adaptive,2,0.475,1,AdaptiveGCN,0.0,0.5437830090522766,34,7032,54.423,1.3155,1,109.2492617486692,39.15989143776105,40.806949358931064,43.292468519726,2.96,850
A_adaptive,2,0.475,1,AdaptiveGCN,0.0,0.5437830090522766,34,7032,54.423,1.3155,2,129.81184613584406,48.56653748580138,47.180538175089374,52.82233355192971,3.96,850
A_adaptive,2,0.475,1,AdaptiveGCN,0.0,0.5437830090522766,34,7032,54.423,1.3155,3,204.50378859091177,59.89323001386488,51.84369147852556,63.287691543778536,3.6,850
A_adaptive,2,0.475,2,AdaptiveGCN,0.0,0.5728679299354553,34,7032,65.551,0.8198,0,147.39690938624705,51.373466970584005,47.82826942036832,55.25413935956113,nan,2550
A_adaptive,2,0.475,2,AdaptiveGCN,0.0,0.5728679299354553,34,7032,65.551,0.8198,1,117.55424749556724,41.82880216928089,41.2417914762552,46.884421566640974,1.68,850
A_adaptive,2,0.475,2,AdaptiveGCN,0.0,0.5728679299354553,34,7032,65.551,0.8198,2,166.40913649551007,55.76817422161043,49.28828550540917,56.42770035396839,2.36,850
A_adaptive,2,0.475,2,AdaptiveGCN,0.0,0.5728679299354553,34,7032,65.551,0.8198,3,153.83934762089382,56.5234245208607,52.95473127944056,62.45029615807404,3.84,850
A_adaptive,2,0.475,3,AdaptiveGCN,0.0,0.5307350158691406,34,7032,39.659,0.653,0,185.62106798679162,60.42972097059328,51.88605563810326,55.126070298210905,nan,2550
A_adaptive,2,0.475,3,AdaptiveGCN,0.0,0.5307350158691406,34,7032,39.659,0.653,1,182.8474874297831,53.89214135269744,44.948181412751424,43.90559305648043,4.76,850
A_adaptive,2,0.475,3,AdaptiveGCN,0.0,0.5307350158691406,34,7032,39.659,0.653,2,201.3561680703086,66.80406093538684,53.941026180442954,58.23416403634464,6.28,850
A_adaptive,2,0.475,3,AdaptiveGCN,0.0,0.5307350158691406,34,7032,39.659,0.653,3,171.42938068583305,60.59296062369557,56.76895932111539,63.23845380180768,5.8,850
A_adaptive,2,0.475,4,AdaptiveGCN,0.0,0.8005642890930176,34,7032,28.796,0.793,0,138.9135524181317,44.45459116758005,43.58708370076084,48.43318083237017,nan,2550
A_adaptive,2,0.475,4,AdaptiveGCN,0.0,0.8005642890930176,34,7032,28.796,0.793,1,130.56455496180027,41.3457802064912,39.21061127367996,40.201323313060584,2.24,850
A_adaptive,2,0.475,4,AdaptiveGCN,0.0,0.8005642890930176,34,7032,28.796,0.793,2,138.48504969894103,44.83536806821823,42.22627894152248,46.98464917044187,3.2,850
A_adaptive,2,0.475,4,AdaptiveGCN,0.0,0.8005642890930176,34,7032,28.796,0.793,3,147.1927754130071,47.182625228030716,49.32436088708011,58.113570013608076,3.68,850
A_adaptive,2,0.475,5,AdaptiveGCN,0.0,0.8023864030838013,34,7032,17.962,0.5524,0,126.7928177393304,44.86189581861894,44.372437929393875,53.390400181484296,nan,2550
A_adaptive,2,0.475,5,AdaptiveGCN,0.0,0.8023864030838013,34,7032,17.962,0.5524,1,110.47220916366449,37.58535552457632,38.684783946466005,42.360104763569076,2.56,850
A_adaptive,2,0.475,5,AdaptiveGCN,0.0,0.8023864030838013,34,7032,17.962,0.5524,2,118.12128039845011,43.53054541454572,43.50793561949992,51.31546158077421,2.24,850
A_adaptive,2,0.475,5,AdaptiveGCN,0.0,0.8023864030838013,34,7032,17.962,0.5524,3,148.56819986244525,53.469786516734786,50.92459422221569,66.49563420010965,3.52,850
A_adaptive,2,0.475,6,AdaptiveGCN,0.0,0.5475156307220459,34,7032,68.281,1.71,0,158.0195712327946,53.49975953194039,47.45014117673184,52.856150161425894,nan,2550
A_adaptive,2,0.475,6,AdaptiveGCN,0.0,0.5475156307220459,34,7032,68.281,1.71,1,144.00586103568338,44.819345802000775,40.425989277673814,40.50736957175484,3.8,850
A_adaptive,2,0.475,6,AdaptiveGCN,0.0,0.5475156307220459,34,7032,68.281,1.71,2,166.81457387807762,58.29194253587219,48.808363259828425,56.22684846647561,4.52,850
A_adaptive,2,0.475,6,AdaptiveGCN,0.0,0.5475156307220459,34,7032,68.281,1.71,3,162.31378440242085,57.387990257948196,53.116070992693274,61.834232446047245,4.04,850
A_adaptive,2,0.475,7,AdaptiveGCN,0.0,0.5271053314208984,34,7032,47.535,0.6419,0,156.08261074525637,51.04127856447599,46.62794519720164,50.7015346994155,nan,2550
A_adaptive,2,0.475,7,AdaptiveGCN,0.0,0.5271053314208984,34,7032,47.535,0.6419,1,158.7011933366111,48.47590170814491,41.73689842149279,42.812969439292985,4.76,850
A_adaptive,2,0.475,7,AdaptiveGCN,0.0,0.5271053314208984,34,7032,47.535,0.6419,2,154.28887181988426,50.72994398638825,46.17904276648455,50.735871154576174,6.16,850
A_adaptive,2,0.475,7,AdaptiveGCN,0.0,0.5271053314208984,34,7032,47.535,0.6419,3,155.22312777820372,53.9179899988948,51.96789440362757,58.555763504377325,5.32,850
A_adaptive,3,0.55,0,AdaptiveGCN,0.0,0.47386959195137024,34,7032,44.784,0.6716,0,23.918154305669244,12.928801353886431,57.99689703575077,65.27560335718145,nan,2550
A_adaptive,3,0.55,0,AdaptiveGCN,0.0,0.47386959195137024,34,7032,44.784,0.6716,1,18.25297964774085,10.195643367004745,51.453935257203256,58.1107343508907,2.0,850
A_adaptive,3,0.55,0,AdaptiveGCN,0.0,0.47386959195137024,34,7032,44.784,0.6716,2,23.63559655752451,13.018390815012594,58.57166089861923,67.92254251892224,3.4583333333333335,850
A_adaptive,3,0.55,0,AdaptiveGCN,0.0,0.47386959195137024,34,7032,44.784,0.6716,3,28.712743260066713,15.572369879641954,63.96509495142985,69.80765992343741,4.208333333333333,850
A_adaptive,3,0.55,1,AdaptiveGCN,0.0,0.5767888426780701,34,7032,31.484,0.6133,0,21.560877250979306,12.09642908091205,56.50260707126652,62.93721969277924,nan,2550
A_adaptive,3,0.55,1,AdaptiveGCN,0.0,0.5767888426780701,34,7032,31.484,0.6133,1,16.608033584486698,9.700159503721139,50.69349042094784,54.52196774559657,1.375,850
A_adaptive,3,0.55,1,AdaptiveGCN,0.0,0.5767888426780701,34,7032,31.484,0.6133,2,22.24044559130394,12.445972184267251,57.879204138934085,65.02379939051039,3.25,850
A_adaptive,3,0.55,1,AdaptiveGCN,0.0,0.5767888426780701,34,7032,31.484,0.6133,3,24.98299589425179,14.143155554747757,60.935126653917635,69.28372014561242,4.083333333333333,850
A_adaptive,3,0.55,2,AdaptiveGCN,0.0,0.593041181564331,34,7032,44.048,1.4553,0,20.894213961445374,11.594270078771538,55.74770819366122,60.130968398966345,nan,2550
A_adaptive,3,0.55,2,AdaptiveGCN,0.0,0.593041181564331,34,7032,44.048,1.4553,1,16.267519593552194,9.422972129897817,50.33690454264268,53.58039647110966,1.7916666666666667,850
A_adaptive,3,0.55,2,AdaptiveGCN,0.0,0.593041181564331,34,7032,44.048,1.4553,2,20.97146688061649,11.670161815616028,56.51778438155659,63.29746433539074,3.5416666666666665,850
A_adaptive,3,0.55,2,AdaptiveGCN,0.0,0.593041181564331,34,7032,44.048,1.4553,3,24.602233930043376,13.689676290800767,60.38843565678441,63.52705726575451,4.625,850
A_adaptive,3,0.55,3,AdaptiveGCN,0.0,0.7233406901359558,34,7032,34.45,0.5616,0,22.12347449477899,12.36221357701538,55.872304414025486,64.81166223022767,nan,2550
A_adaptive,3,0.55,3,AdaptiveGCN,0.0,0.7233406901359558,34,7032,34.45,0.5616,1,16.195986570085804,9.527084423156785,50.085498395940384,55.00749883052691,1.1666666666666667,850
A_adaptive,3,0.55,3,AdaptiveGCN,0.0,0.7233406901359558,34,7032,34.45,0.5616,2,21.867771643917997,12.40147599680048,56.71156469736069,67.58501768813304,3.1666666666666665,850
A_adaptive,3,0.55,3,AdaptiveGCN,0.0,0.7233406901359558,34,7032,34.45,0.5616,3,26.978416438228283,15.158080311088877,60.81985014877536,71.86282684837309,3.6666666666666665,850
A_adaptive,3,0.55,4,AdaptiveGCN,0.0,0.7457812428474426,34,7032,40.803,0.8453,0,22.418770459616,12.423835529061217,56.49164721913026,63.531624463682576,nan,2550
A_adaptive,3,0.55,4,AdaptiveGCN,0.0,0.7457812428474426,34,7032,40.803,0.8453,1,16.090919159379734,9.682569265409427,50.1539869315612,57.41665141357244,1.0833333333333333,850
A_adaptive,3,0.55,4,AdaptiveGCN,0.0,0.7457812428474426,34,7032,40.803,0.8453,2,22.98743745414163,12.741511936481384,58.1680562467937,65.43403866308867,3.2916666666666665,850
A_adaptive,3,0.55,4,AdaptiveGCN,0.0,0.7457812428474426,34,7032,40.803,0.8453,3,26.841457610589725,14.847425385292839,61.15289847903587,67.7566712610623,4.125,850
A_adaptive,3,0.55,5,AdaptiveGCN,0.0,0.4619936943054199,34,7032,97.562,3.4437,0,22.738532427020054,12.604685990290497,57.071532222012834,66.67746802946264,nan,2550
A_adaptive,3,0.55,5,AdaptiveGCN,0.0,0.4619936943054199,34,7032,97.562,3.4437,1,16.98392303063834,10.006740088784957,52.00802745500912,60.72133027483248,1.0,850
A_adaptive,3,0.55,5,AdaptiveGCN,0.0,0.4619936943054199,34,7032,97.562,3.4437,2,22.496464506519747,12.855447218204464,57.93338557647086,70.39976920351864,3.125,850
A_adaptive,3,0.55,5,AdaptiveGCN,0.0,0.4619936943054199,34,7032,97.562,3.4437,3,27.50596324436171,14.951870663882069,61.273183634558535,68.92120784381574,3.8333333333333335,850
A_adaptive,3,0.55,6,AdaptiveGCN,0.0,0.6298875212669373,34,7032,35.933,0.5733,0,21.615270418335793,12.011811560028615,55.58081034972098,64.17928381585372,nan,2550
A_adaptive,3,0.55,6,AdaptiveGCN,0.0,0.6298875212669373,34,7032,35.933,0.5733,1,17.414679285873003,9.953621455836384,50.37641868258424,57.698707947481985,1.4583333333333333,850
A_adaptive,3,0.55,6,AdaptiveGCN,0.0,0.6298875212669373,34,7032,35.933,0.5733,2,21.556284626068855,11.958365872764741,56.710681385563035,65.53370656976996,3.25,850
A_adaptive,3,0.55,6,AdaptiveGCN,0.0,0.6298875212669373,34,7032,35.933,0.5733,3,25.17370223593344,14.123447351484725,59.65533098101569,69.31947166910342,4.125,850
A_adaptive,3,0.55,7,AdaptiveGCN,0.0,0.6626695394515991,34,7032,42.146,0.6367,0,21.17310501426998,12.000951938015527,55.34624786460086,64.70816225138623,nan,2550
A_adaptive,3,0.55,7,AdaptiveGCN,0.0,0.6626695394515991,34,7032,42.146,0.6367,1,16.131406584060514,9.630178988216144,49.78426303763278,57.1257669155687,1.25,850
A_adaptive,3,0.55,7,AdaptiveGCN,0.0,0.6626695394515991,34,7032,42.146,0.6367,2,20.884177452368686,11.848109588837252,55.89363257780201,66.55447391629544,2.2083333333333335,850
A_adaptive,3,0.55,7,AdaptiveGCN,0.0,0.6626695394515991,34,7032,42.146,0.6367,3,25.466251816740094,14.524567236993187,60.360847978367794,70.46035049183108,3.375,850
A_adaptive,4,0.625,0,AdaptiveGCN,0.0,0.6214057207107544,34,7032,37.836,0.5851,0,30.687794067808255,14.283762986690682,52.24431863221044,56.85129597286355,nan,2550
A_adaptive,4,0.625,0,AdaptiveGCN,0.0,0.6214057207107544,34,7032,37.836,0.5851,1,27.102686512706,12.718473125420621,51.024711325009896,54.729513881270734,2.6666666666666665,850
A_adaptive,4,0.625,0,AdaptiveGCN,0.0,0.6214057207107544,34,7032,37.836,0.5851,2,28.32698309857879,13.578050359431106,51.43312535310947,57.038438105672995,3.3333333333333335,850
A_adaptive,4,0.625,0,AdaptiveGCN,0.0,0.6214057207107544,34,7032,37.836,0.5851,3,35.8921791839314,16.55476547522032,54.275119218511946,58.785935931646925,3.7916666666666665,850
A_adaptive,4,0.625,1,AdaptiveGCN,0.0,0.6802629232406616,34,7032,52.69,0.8542,0,30.716629022154642,14.398461031564603,51.816455942513706,58.83610603415157,nan,2550
A_adaptive,4,0.625,1,AdaptiveGCN,0.0,0.6802629232406616,34,7032,52.69,0.8542,1,27.516844642541045,13.257310108428491,51.150371475222734,59.83427055384016,3.25,850
A_adaptive,4,0.625,1,AdaptiveGCN,0.0,0.6802629232406616,34,7032,52.69,0.8542,2,28.727762810667535,13.934939029015162,51.568260930039436,60.2737481373306,4.041666666666667,850
A_adaptive,4,0.625,1,AdaptiveGCN,0.0,0.6802629232406616,34,7032,52.69,0.8542,3,35.32807382615569,16.003133957250153,52.73073542227894,56.400299411283974,4.291666666666667,850
A_adaptive,4,0.625,2,AdaptiveGCN,0.0,0.4469342529773712,34,7032,78.993,0.9117,0,34.104022475278555,15.903215124409318,53.436791161115785,61.44946846181518,nan,2550
A_adaptive,4,0.625,2,AdaptiveGCN,0.0,0.4469342529773712,34,7032,78.993,0.9117,1,29.089484070600356,13.650812274495907,51.21940502375417,58.20458464335948,2.875,850
A_adaptive,4,0.625,2,AdaptiveGCN,0.0,0.4469342529773712,34,7032,78.993,0.9117,2,31.545476979266756,15.156214843532071,52.934008276649394,60.07608441018337,3.4583333333333335,850
A_adaptive,4,0.625,2,AdaptiveGCN,0.0,0.4469342529773712,34,7032,78.993,0.9117,3,40.59480072176429,18.902618255199975,56.15696018294379,66.06773633190267,5.625,850
A_adaptive,4,0.625,3,AdaptiveGCN,0.0,0.6656590700149536,34,7032,46.162,0.6663,0,30.80118306961784,14.036638402292338,52.068656191512794,54.65623572327591,nan,2550
A_adaptive,4,0.625,3,AdaptiveGCN,0.0,0.6656590700149536,34,7032,46.162,0.6663,1,26.859820340850327,12.520814396044349,50.867288402916735,55.24490825213169,2.6666666666666665,850
A_adaptive,4,0.625,3,AdaptiveGCN,0.0,0.6656590700149536,34,7032,46.162,0.6663,2,29.31273960408841,13.595414813720614,51.244567139063335,52.83950726047991,3.2916666666666665,850
A_adaptive,4,0.625,3,AdaptiveGCN,0.0,0.6656590700149536,34,7032,46.162,0.6663,3,35.57319192347642,15.99368599711205,54.09411303255832,55.88429165721611,3.5416666666666665,850
A_adaptive,4,0.625,4,AdaptiveGCN,0.0,0.6215877532958984,34,7032,35.387,0.6992,0,31.05836816532682,14.30146728757294,51.76585063666612,55.782000039295845,nan,2550
A_adaptive,4,0.625,4,AdaptiveGCN,0.0,0.6215877532958984,34,7032,35.387,0.6992,1,26.971394431719084,12.630075934247717,50.09010964776096,53.74712615017331,3.75,850
A_adaptive,4,0.625,4,AdaptiveGCN,0.0,0.6215877532958984,34,7032,35.387,0.6992,2,29.1776983997204,13.893735338925001,50.87198417995299,56.42827456553016,5.416666666666667,850
A_adaptive,4,0.625,4,AdaptiveGCN,0.0,0.6215877532958984,34,7032,35.387,0.6992,3,36.26392832805824,16.380590589546106,54.33545808228439,57.17059940218404,5.416666666666667,850
A_adaptive,4,0.625,5,AdaptiveGCN,0.0,0.6028811931610107,34,7032,62.208,0.6613,0,31.608981567400896,14.505922620550766,52.752889669015815,56.39852573618498,nan,2550
A_adaptive,4,0.625,5,AdaptiveGCN,0.0,0.6028811931610107,34,7032,62.208,0.6613,1,27.90646779303415,13.040337937301134,51.38565743516301,57.07433337250303,2.7083333333333335,850
A_adaptive,4,0.625,5,AdaptiveGCN,0.0,0.6028811931610107,34,7032,62.208,0.6613,2,29.929034035519802,13.949691996671916,51.96173548213371,55.5111309010252,3.375,850
A_adaptive,4,0.625,5,AdaptiveGCN,0.0,0.6028811931610107,34,7032,62.208,0.6613,3,36.37121285030118,16.527737927679247,54.911276089750714,56.6101129350267,3.75,850
A_adaptive,4,0.625,6,AdaptiveGCN,0.0,0.6913576126098633,34,7032,43.356,0.8748,0,30.426532658978264,14.300647455015238,52.441030682689885,57.640875593981065,nan,2550
A_adaptive,4,0.625,6,AdaptiveGCN,0.0,0.6913576126098633,34,7032,43.356,0.8748,1,27.02365064698371,12.875397929956808,51.08419760291818,57.411779838760765,2.2916666666666665,850
A_adaptive,4,0.625,6,AdaptiveGCN,0.0,0.6913576126098633,34,7032,43.356,0.8748,2,28.40905136087201,13.814239380062721,51.93519402000295,57.26587307009004,3.25,850
A_adaptive,4,0.625,6,AdaptiveGCN,0.0,0.6913576126098633,34,7032,43.356,0.8748,3,35.213204560629315,16.212305055026185,54.303700425148506,58.24497387309236,3.7916666666666665,850
A_adaptive,4,0.625,7,AdaptiveGCN,0.0,0.5249167680740356,34,7032,70.122,0.9127,0,31.83404789390097,14.825031994476198,51.95705750914146,56.937644704597204,nan,2550
A_adaptive,4,0.625,7,AdaptiveGCN,0.0,0.5249167680740356,34,7032,70.122,0.9127,1,27.5992781367591,13.036988021208124,49.80404087069492,56.36241847146768,4.541666666666667,850
A_adaptive,4,0.625,7,AdaptiveGCN,0.0,0.5249167680740356,34,7032,70.122,0.9127,2,30.37167526069592,14.517668797132723,51.11308446178868,56.22995114295929,6.916666666666667,850
A_adaptive,4,0.625,7,AdaptiveGCN,0.0,0.5249167680740356,34,7032,70.122,0.9127,3,36.824733592005586,16.920439165087746,54.95404719494079,58.22056449936463,7.291666666666667,850
A_adaptive,5,0.7,0,AdaptiveGCN,0.0,0.6029998064041138,34,7032,68.587,1.1068,0,55.89418251089165,28.45487019975542,44.90738714368552,52.287615793872554,nan,2550
A_adaptive,5,0.7,0,AdaptiveGCN,0.0,0.6029998064041138,34,7032,68.587,1.1068,1,40.40121822392722,21.6896289402115,38.04550035562785,40.51858264031682,1.24,850
A_adaptive,5,0.7,0,AdaptiveGCN,0.0,0.6029998064041138,34,7032,68.587,1.1068,2,54.85418779286602,28.593037065828547,43.41393349143887,47.515919571936024,2.92,850
A_adaptive,5,0.7,0,AdaptiveGCN,0.0,0.6029998064041138,34,7032,68.587,1.1068,3,68.78399932608018,35.08194459322621,53.26272758398984,69.04909373618497,4.0,850
A_adaptive,5,0.7,1,AdaptiveGCN,0.0,0.6174805760383606,34,7032,43.013,0.6735,0,57.02958669392702,29.549444422305324,46.84824577875118,54.59883405520266,nan,2550
A_adaptive,5,0.7,1,AdaptiveGCN,0.0,0.6174805760383606,34,7032,43.013,0.6735,1,40.80796539437881,21.502524494093787,39.01376804002033,39.71024087775736,1.2,850
A_adaptive,5,0.7,1,AdaptiveGCN,0.0,0.6174805760383606,34,7032,43.013,0.6735,2,56.07710567537471,29.878217659193805,45.89699813151575,49.817580655339036,3.84,850
A_adaptive,5,0.7,1,AdaptiveGCN,0.0,0.6174805760383606,34,7032,43.013,0.6735,3,70.33625988694915,37.267591113628384,55.633971164717465,74.53347679838957,4.166666666666667,850
A_adaptive,5,0.7,2,AdaptiveGCN,0.0,0.5639709234237671,34,7032,70.411,0.6945,0,59.04899383305783,29.506136275788624,46.538940391405944,52.51855837434858,nan,2550
A_adaptive,5,0.7,2,AdaptiveGCN,0.0,0.5639709234237671,34,7032,70.411,0.6945,1,42.71596521696955,22.30111398888204,38.89762749045645,39.53150808378879,1.24,850
A_adaptive,5,0.7,2,AdaptiveGCN,0.0,0.5639709234237671,34,7032,70.411,0.6945,2,58.093927907195955,29.737865655762967,45.228277064222645,47.56874448489279,3.16,850
A_adaptive,5,0.7,2,AdaptiveGCN,0.0,0.5639709234237671,34,7032,70.411,0.6945,3,72.53132339883004,36.479429182720864,55.49091661953871,70.695378864481,3.9583333333333335,850
A_adaptive,5,0.7,3,AdaptiveGCN,0.0,0.6923133134841919,34,7032,41.103,0.6057,0,56.049737675634056,29.68892890467911,48.39676032637733,57.331395025281736,nan,2550
A_adaptive,5,0.7,3,AdaptiveGCN,0.0,0.6923133134841919,34,7032,41.103,0.6057,1,41.80529338926025,22.593610436339446,42.175239756996056,42.808566109856166,1.0,850
A_adaptive,5,0.7,3,AdaptiveGCN,0.0,0.6923133134841919,34,7032,41.103,0.6057,2,54.50839470887104,30.0096358184752,47.75363278850414,54.31250232028522,2.12,850
A_adaptive,5,0.7,3,AdaptiveGCN,0.0,0.6923133134841919,34,7032,41.103,0.6057,3,68.59935591113059,36.463540459222685,55.261408433631786,75.11245230820661,3.7083333333333335,850
A_adaptive,5,0.7,4,AdaptiveGCN,0.0,0.6279460191726685,34,7032,61.867,1.6357,0,57.38327043975741,28.42763912118467,45.52748299255965,49.69610370164646,nan,2550
A_adaptive,5,0.7,4,AdaptiveGCN,0.0,0.6279460191726685,34,7032,61.867,1.6357,1,41.56405002763625,21.935280679769416,39.78041942702512,40.48551047061577,1.04,850
A_adaptive,5,0.7,4,AdaptiveGCN,0.0,0.6279460191726685,34,7032,61.867,1.6357,2,56.775020720975995,28.738061081308818,43.90133186604198,45.53467334735055,2.88,850
A_adaptive,5,0.7,4,AdaptiveGCN,0.0,0.6279460191726685,34,7032,61.867,1.6357,3,70.19648101236918,34.60957560247577,52.900697684611856,63.24580897548775,3.7916666666666665,850
A_adaptive,5,0.7,5,AdaptiveGCN,0.0,0.5545756816864014,34,7032,70.355,0.6369,0,59.619745076579555,30.384702590720764,47.336047476651686,54.31723533859808,nan,2550
A_adaptive,5,0.7,5,AdaptiveGCN,0.0,0.5545756816864014,34,7032,70.355,0.6369,1,41.84169232921224,22.066486155320618,39.69804465603,40.13998933010915,2.08,850
A_adaptive,5,0.7,5,AdaptiveGCN,0.0,0.5545756816864014,34,7032,70.355,0.6369,2,59.73144735901456,31.20613672468373,46.35154424436575,49.77621917121945,3.4,850
A_adaptive,5,0.7,5,AdaptiveGCN,0.0,0.5545756816864014,34,7032,70.355,0.6369,3,73.10929481545975,37.88148489215795,55.95855352955934,73.2875062873207,3.9583333333333335,850
A_adaptive,5,0.7,6,AdaptiveGCN,0.0,0.566001296043396,34,7032,64.355,0.6015,0,58.42544885396619,29.680576737194194,46.721700211678154,55.39642926333907,nan,2550
A_adaptive,5,0.7,6,AdaptiveGCN,0.0,0.566001296043396,34,7032,64.355,0.6015,1,42.48890348978249,22.411978209603248,39.67247196900102,41.49424960958229,1.44,850
A_adaptive,5,0.7,6,AdaptiveGCN,0.0,0.566001296043396,34,7032,64.355,0.6015,2,58.059664823553696,30.37037956665544,45.79323612375214,51.848044834778975,3.68,850
A_adaptive,5,0.7,6,AdaptiveGCN,0.0,0.566001296043396,34,7032,64.355,0.6015,3,71.16437045442619,36.2593724353239,54.6993925422813,73.08368916646052,4.541666666666667,850
A_adaptive,5,0.7,7,AdaptiveGCN,0.0,0.5336142182350159,34,7032,70.198,0.9084,0,59.47334224368664,30.47191836036041,47.284356844350995,54.86282302907999,nan,2550
A_adaptive,5,0.7,7,AdaptiveGCN,0.0,0.5336142182350159,34,7032,70.198,0.9084,1,42.626145229713764,22.551996963865403,39.604738623258754,40.229604322794536,1.84,850
A_adaptive,5,0.7,7,AdaptiveGCN,0.0,0.5336142182350159,34,7032,70.198,0.9084,2,59.58769416166314,31.104270567938904,46.66210655196637,50.002194535543296,3.84,850
A_adaptive,5,0.7,7,AdaptiveGCN,0.0,0.5336142182350159,34,7032,70.198,0.9084,3,72.41238678745158,37.75948754927691,55.58622535782786,74.61878426502372,4.375,850
A_adaptive,6,0.775,0,AdaptiveGCN,0.0,0.7076786756515503,34,7032,51.072,0.634,0,10.726723092988905,5.325487685016466,79.8447744706706,84.92495372948652,nan,2550
A_adaptive,6,0.775,0,AdaptiveGCN,0.0,0.7076786756515503,34,7032,51.072,0.634,1,8.323372925725112,4.300127668878584,71.2435884996462,67.91351405517817,2.5714285714285716,850
A_adaptive,6,0.775,0,AdaptiveGCN,0.0,0.7076786756515503,34,7032,51.072,0.634,2,10.506378866551833,5.2936373788822335,80.90138668894554,85.39401925232436,4.0,850
A_adaptive,6,0.775,0,AdaptiveGCN,0.0,0.7076786756515503,34,7032,51.072,0.634,3,12.865660931050668,6.382698007288581,87.38934822342007,101.52298546458489,4.642857142857143,850
A_adaptive,6,0.775,1,AdaptiveGCN,0.0,0.5864567756652832,34,7032,61.894,0.6834,0,11.943697982492111,5.928852557173734,94.48569940439722,96.53688558402297,nan,2550
A_adaptive,6,0.775,1,AdaptiveGCN,0.0,0.5864567756652832,34,7032,61.894,0.6834,1,9.106817885412593,4.728744816117755,92.40333069413971,76.3383481899714,3.357142857142857,850
A_adaptive,6,0.775,1,AdaptiveGCN,0.0,0.5864567756652832,34,7032,61.894,0.6834,2,11.842266605617343,5.95938625916373,94.73181711559032,97.41725324050286,5.428571428571429,850
A_adaptive,6,0.775,1,AdaptiveGCN,0.0,0.5864567756652832,34,7032,61.894,0.6834,3,14.31021852154494,7.098426596239716,96.32195040346161,115.92314608967844,5.785714285714286,850
A_adaptive,6,0.775,2,AdaptiveGCN,0.0,0.785916268825531,34,7032,45.069,0.5757,0,10.629258759041331,5.321729518413606,86.77833933266135,86.24986996005741,nan,2550
A_adaptive,6,0.775,2,AdaptiveGCN,0.0,0.785916268825531,34,7032,45.069,0.5757,1,8.741284258969866,4.571524216887363,94.84299993455765,75.42442301588443,2.7857142857142856,850
A_adaptive,6,0.775,2,AdaptiveGCN,0.0,0.785916268825531,34,7032,45.069,0.5757,2,10.211438581168421,5.166365139064592,80.17130839662894,84.00382132836589,3.142857142857143,850
A_adaptive,6,0.775,2,AdaptiveGCN,0.0,0.785916268825531,34,7032,45.069,0.5757,3,12.580138985992217,6.227299199288861,85.32070966679747,99.3410038295058,4.571428571428571,850
A_adaptive,6,0.775,3,AdaptiveGCN,0.0,0.6514967083930969,34,7032,61.709,0.7643,0,10.670970797282848,5.300243058781181,78.82436687132487,85.18093138099346,nan,2550
A_adaptive,6,0.775,3,AdaptiveGCN,0.0,0.6514967083930969,34,7032,61.709,0.7643,1,8.49453549659887,4.396587946104392,76.9827807704333,70.52637493647647,2.2142857142857144,850
A_adaptive,6,0.775,3,AdaptiveGCN,0.0,0.6514967083930969,34,7032,61.709,0.7643,2,10.445340479992883,5.260654825824587,76.63727956703664,84.71877381093009,4.0,850
A_adaptive,6,0.775,3,AdaptiveGCN,0.0,0.6514967083930969,34,7032,61.709,0.7643,3,12.66280309502734,6.243486404414563,82.85304027650466,100.34021978721537,5.785714285714286,850
A_adaptive,6,0.775,4,AdaptiveGCN,0.0,0.7873312830924988,34,7032,46.134,0.711,0,10.800755653869148,5.400561462562433,93.13580337586126,88.1656456936708,nan,2550
A_adaptive,6,0.775,4,AdaptiveGCN,0.0,0.7873312830924988,34,7032,46.134,0.711,1,8.728327646653621,4.553531330632841,94.58290522753555,73.96365142595579,2.2142857142857144,850
A_adaptive,6,0.775,4,AdaptiveGCN,0.0,0.7873312830924988,34,7032,46.134,0.711,2,10.578519529655924,5.350424060965374,92.27102807444948,88.85897380800147,5.357142857142857,850
A_adaptive,6,0.775,4,AdaptiveGCN,0.0,0.7873312830924988,34,7032,46.134,0.711,3,12.723214575613715,6.297728996089084,92.55347682559875,101.72264874781915,4.571428571428571,850
A_adaptive,6,0.775,5,AdaptiveGCN,0.0,0.7897130250930786,34,7032,50.791,0.7861,0,10.50734506408152,5.235018396385307,78.94213532404977,84.11149813793072,nan,2550
A_adaptive,6,0.775,5,AdaptiveGCN,0.0,0.7897130250930786,34,7032,50.791,0.7861,1,8.45948854556067,4.3911128590177055,73.82472176609157,70.20197121725387,3.5714285714285716,850
A_adaptive,6,0.775,5,AdaptiveGCN,0.0,0.7897130250930786,34,7032,50.791,0.7861,2,10.265647654294522,5.17871639407887,77.84995026219346,84.41702503335561,4.0,850
A_adaptive,6,0.775,5,AdaptiveGCN,0.0,0.7897130250930786,34,7032,50.791,0.7861,3,12.420403885238192,6.135225936059347,85.15173394386429,97.76052321965257,4.571428571428571,850
A_adaptive,6,0.775,6,AdaptiveGCN,0.0,0.7603238821029663,34,7032,49.955,0.7931,0,10.794921586159003,5.398014784014107,86.85160019751375,87.2964457942349,nan,2550
A_adaptive,6,0.775,6,AdaptiveGCN,0.0,0.7603238821029663,34,7032,49.955,0.7931,1,8.537731710462111,4.461021862042762,78.8944802360655,71.5840970807846,3.357142857142857,850
A_adaptive,6,0.775,6,AdaptiveGCN,0.0,0.7603238821029663,34,7032,49.955,0.7931,2,10.630736198662676,5.362203876657261,88.08999615075336,88.04571626164177,4.0,850
A_adaptive,6,0.775,6,AdaptiveGCN,0.0,0.7603238821029663,34,7032,49.955,0.7931,3,12.793966596352266,6.370818613342297,93.57032420572237,102.31289113996289,4.571428571428571,850
A_adaptive,6,0.775,7,AdaptiveGCN,0.0,0.7019898295402527,34,7032,57.039,0.8509,0,11.14045001241597,5.598989189681277,94.40861145368493,91.64773633031389,nan,2550
A_adaptive,6,0.775,7,AdaptiveGCN,0.0,0.7019898295402527,34,7032,57.039,0.8509,1,8.634112769011955,4.5070408848990855,88.84495819987056,73.40625489103154,2.2142857142857144,850
A_adaptive,6,0.775,7,AdaptiveGCN,0.0,0.7019898295402527,34,7032,57.039,0.8509,2,10.677399048510546,5.413824022866457,91.68727399487291,89.46806358237244,4.214285714285714,850
A_adaptive,6,0.775,7,AdaptiveGCN,0.0,0.7019898295402527,34,7032,57.039,0.8509,3,13.55633157193596,6.87610266127829,102.69360216631122,112.1119359003079,4.642857142857143,850
A_adaptive,7,0.85,0,AdaptiveGCN,0.0,0.7578955292701721,34,7032,55.129,0.5739,0,88.26669474143176,21.403269400070542,88.52498488814705,394.5322996174686,nan,2550
A_adaptive,7,0.85,0,AdaptiveGCN,0.0,0.7578955292701721,34,7032,55.129,0.5739,1,89.88505388128699,20.74785000258531,85.62367344474984,424.9017413871093,2.76,850
A_adaptive,7,0.85,0,AdaptiveGCN,0.0,0.7578955292701721,34,7032,55.129,0.5739,2,87.44987475048461,21.114523795452723,86.93805038050624,310.13329040964067,3.52,850
A_adaptive,7,0.85,0,AdaptiveGCN,0.0,0.7578955292701721,34,7032,55.129,0.5739,3,87.44269378635349,22.34743440217359,93.013230839185,448.58123016128684,4.36,850
A_adaptive,7,0.85,1,AdaptiveGCN,0.0,0.7554380893707275,34,7032,59.254,0.814,0,90.56114866584679,21.867779574227605,96.84265377721582,414.00629657585546,nan,2550
A_adaptive,7,0.85,1,AdaptiveGCN,0.0,0.7554380893707275,34,7032,59.254,0.814,1,90.47505534816408,20.781197533764576,96.49795914462817,431.7780774333346,2.56,850
A_adaptive,7,0.85,1,AdaptiveGCN,0.0,0.7554380893707275,34,7032,59.254,0.814,2,92.42705622331736,22.19333928154867,96.49201521567767,345.2799612358559,3.32,850
A_adaptive,7,0.85,1,AdaptiveGCN,0.0,0.7554380893707275,34,7032,59.254,0.814,3,88.74383686020788,22.628801907369567,97.53798697134161,464.9163748887727,4.36,850
A_adaptive,7,0.85,2,AdaptiveGCN,0.0,0.663027822971344,34,7032,82.599,1.3303,0,85.5202218723249,20.94111081549928,95.57529080391004,372.13017178735106,nan,2550
A_adaptive,7,0.85,2,AdaptiveGCN,0.0,0.663027822971344,34,7032,82.599,1.3303,1,87.00518289862492,20.235932306140278,91.06051482561608,400.69272835248466,2.76,850
A_adaptive,7,0.85,2,AdaptiveGCN,0.0,0.663027822971344,34,7032,82.599,1.3303,2,85.48635792146067,20.8720545214933,96.14696414592572,299.63285514088227,3.32,850
A_adaptive,7,0.85,2,AdaptiveGCN,0.0,0.663027822971344,34,7032,82.599,1.3303,3,84.04347568595543,21.71534561886426,99.51839344018829,416.10299926565284,4.6,850
A_adaptive,7,0.85,3,AdaptiveGCN,0.0,0.7523812651634216,34,7032,68.329,0.908,0,89.73584204308449,21.75005812202199,95.96676758926996,413.3028624493845,nan,2550
A_adaptive,7,0.85,3,AdaptiveGCN,0.0,0.7523812651634216,34,7032,68.329,0.908,1,91.92440115656117,21.103891269662967,96.68450792371098,444.54903323103485,2.56,850
A_adaptive,7,0.85,3,AdaptiveGCN,0.0,0.7523812651634216,34,7032,68.329,0.908,2,87.38973727199907,21.227241579568055,95.10593130359833,315.0941086980746,3.32,850
A_adaptive,7,0.85,3,AdaptiveGCN,0.0,0.7523812651634216,34,7032,68.329,0.908,3,89.8359746041797,22.91904151683495,96.10986354050058,480.25254428944413,4.16,850
A_adaptive,7,0.85,4,AdaptiveGCN,0.0,0.7791167497634888,34,7032,50.683,0.5681,0,88.53130037156077,21.49183328315586,92.39359854031967,398.0249528989241,nan,2550
A_adaptive,7,0.85,4,AdaptiveGCN,0.0,0.7791167497634888,34,7032,50.683,0.5681,1,90.81038412457598,20.87643704625846,92.07463912748686,434.51097690305465,2.76,850
A_adaptive,7,0.85,4,AdaptiveGCN,0.0,0.7791167497634888,34,7032,50.683,0.5681,2,88.08934994280554,21.353880970395814,94.63432771423052,320.4163418170112,3.32,850
A_adaptive,7,0.85,4,AdaptiveGCN,0.0,0.7791167497634888,34,7032,50.683,0.5681,3,86.64360333134498,22.2451818328133,90.47182877924168,439.2394576128693,4.16,850
A_adaptive,7,0.85,5,AdaptiveGCN,0.0,0.7598770260810852,34,7032,51.316,0.5964,0,92.12545679078198,22.158793022080104,97.47313792699029,429.74625407355285,nan,2550
A_adaptive,7,0.85,5,AdaptiveGCN,0.0,0.7598770260810852,34,7032,51.316,0.5964,1,92.70563890387717,21.244604387630655,98.00615675873206,450.76220544521374,2.76,850
A_adaptive,7,0.85,5,AdaptiveGCN,0.0,0.7598770260810852,34,7032,51.316,0.5964,2,92.17649252161395,22.074847289118093,97.79789977837339,344.39488299581024,3.32,850
A_adaptive,7,0.85,5,AdaptiveGCN,0.0,0.7598770260810852,34,7032,51.316,0.5964,3,91.49020771955593,23.156927389491567,96.61535724386538,494.01730576531213,4.36,850
A_adaptive,7,0.85,6,AdaptiveGCN,0.0,0.7848138809204102,34,7032,61.994,1.2146,0,93.14403876093262,22.35825129380313,96.99859526616402,439.9547011145488,nan,2550
A_adaptive,7,0.85,6,AdaptiveGCN,0.0,0.7848138809204102,34,7032,61.994,1.2146,1,96.86882904024469,21.888840217847473,97.21344389099265,486.18472603072706,2.56,850
A_adaptive,7,0.85,6,AdaptiveGCN,0.0,0.7848138809204102,34,7032,61.994,1.2146,2,89.26682753967042,21.581261928239904,93.20469201929293,327.58483292148486,3.32,850
A_adaptive,7,0.85,6,AdaptiveGCN,0.0,0.7848138809204102,34,7032,61.994,1.2146,3,93.14128693264304,23.604651735322,100.5776498882065,506.1705045835139,4.36,850
A_adaptive,7,0.85,7,AdaptiveGCN,0.0,0.7834869027137756,34,7032,46.827,0.7335,0,89.2503190516246,21.624672809879687,91.46032157481501,398.28912574933156,nan,2550
A_adaptive,7,0.85,7,AdaptiveGCN,0.0,0.7834869027137756,34,7032,46.827,0.7335,1,92.65440154664329,21.25676503586648,94.58883361282882,448.7571883622743,2.76,850
A_adaptive,7,0.85,7,AdaptiveGCN,0.0,0.7834869027137756,34,7032,46.827,0.7335,2,89.39008017789064,21.553262825541008,88.89986780536572,320.49021652929645,2.36,850
A_adaptive,7,0.85,7,AdaptiveGCN,0.0,0.7834869027137756,34,7032,46.827,0.7335,3,85.56537729873006,22.06399056823157,90.89226330625046,425.8323974029428,3.2,850
A_adaptive,8,0.925,0,AdaptiveGCN,0.0,0.40433433651924133,34,7032,102.807,0.9017,0,28.928614346385572,12.898392689304401,82.05306416474406,113.46816944406739,nan,2550
A_adaptive,8,0.925,0,AdaptiveGCN,0.0,0.40433433651924133,34,7032,102.807,0.9017,1,25.526253415384453,10.188620947327959,74.40890719171443,86.27809584548083,2.857142857142857,850
A_adaptive,8,0.925,0,AdaptiveGCN,0.0,0.40433433651924133,34,7032,102.807,0.9017,2,28.93964940471389,13.118216162447215,83.5246997043375,117.3759072903945,5.142857142857143,850
A_adaptive,8,0.925,0,AdaptiveGCN,0.0,0.40433433651924133,34,7032,102.807,0.9017,3,31.960933386112668,15.38834095813803,88.22558559818023,136.58148865965472,5.0476190476190474,850
A_adaptive,8,0.925,1,AdaptiveGCN,0.0,0.4943855106830597,34,7032,138.07,1.7444,0,28.014935602031482,12.028521938425781,81.53340033831078,101.30565030653922,nan,2550
A_adaptive,8,0.925,1,AdaptiveGCN,0.0,0.4943855106830597,34,7032,138.07,1.7444,1,26.238186948222726,10.459193469117231,77.8534940535275,88.14403552578207,2.9047619047619047,850
A_adaptive,8,0.925,1,AdaptiveGCN,0.0,0.4943855106830597,34,7032,138.07,1.7444,2,28.159664490698496,12.070229728974347,79.83050009022303,103.49492595138778,3.7142857142857144,850
A_adaptive,8,0.925,1,AdaptiveGCN,0.0,0.4943855106830597,34,7032,138.07,1.7444,3,29.548277306796106,13.556142617185765,86.91620687118179,112.19739046697939,5.857142857142857,850
A_adaptive,8,0.925,2,AdaptiveGCN,0.0,0.6529404520988464,34,7032,64.439,1.7329,0,27.57239964998521,11.110544825790207,76.76064454044455,93.46663254909576,nan,2550
A_adaptive,8,0.925,2,AdaptiveGCN,0.0,0.6529404520988464,34,7032,64.439,1.7329,1,25.404113618559926,9.563812319844796,70.86724317588927,80.29565761520556,2.1904761904761907,850
A_adaptive,8,0.925,2,AdaptiveGCN,0.0,0.6529404520988464,34,7032,64.439,1.7329,2,27.065120541116986,10.816024215553103,76.31840122256038,91.65637367983773,3.380952380952381,850
A_adaptive,8,0.925,2,AdaptiveGCN,0.0,0.6529404520988464,34,7032,64.439,1.7329,3,30.04699533606678,12.951797941972721,83.09628922288397,108.35087907159473,5.095238095238095,850
A_adaptive,8,0.925,3,AdaptiveGCN,0.0,0.49428024888038635,34,7032,139.825,3.2628,0,28.755049197660465,12.288258277569582,82.71874423652001,105.5281185257696,nan,2550
A_adaptive,8,0.925,3,AdaptiveGCN,0.0,0.49428024888038635,34,7032,139.825,3.2628,1,25.415188248073473,9.875519238480141,77.97703697223723,83.64239955782013,2.857142857142857,850
A_adaptive,8,0.925,3,AdaptiveGCN,0.0,0.49428024888038635,34,7032,139.825,3.2628,2,27.954666886152854,11.983862637285801,81.45617295020135,104.05237271013026,3.6666666666666665,850
A_adaptive,8,0.925,3,AdaptiveGCN,0.0,0.49428024888038635,34,7032,139.825,3.2628,3,32.45247862149883,15.005392956942805,88.72302278712152,128.73467741509083,5.857142857142857,850
A_adaptive,8,0.925,4,AdaptiveGCN,0.0,0.4967687427997589,34,7032,149.165,1.9016,0,30.01396879804272,13.310727612087229,81.75689132729013,115.75664283370568,nan,2550
A_adaptive,8,0.925,4,AdaptiveGCN,0.0,0.4967687427997589,34,7032,149.165,1.9016,1,25.617015277694513,10.353771015225417,73.61946717847792,86.86763048706605,2.761904761904762,850
A_adaptive,8,0.925,4,AdaptiveGCN,0.0,0.4967687427997589,34,7032,149.165,1.9016,2,29.563075345739488,13.47234290187658,81.78790725421288,118.56674124007469,3.761904761904762,850
A_adaptive,8,0.925,4,AdaptiveGCN,0.0,0.4967687427997589,34,7032,149.165,1.9016,3,34.23898470156705,16.106068919159693,89.86329954917956,141.6505026698755,5.428571428571429,850
A_adaptive,8,0.925,5,AdaptiveGCN,0.0,0.3923702836036682,34,7032,133.641,4.8459,0,29.353565774653546,12.806246042484451,80.80951522547204,107.4319105781683,nan,2550
A_adaptive,8,0.925,5,AdaptiveGCN,0.0,0.3923702836036682,34,7032,133.641,4.8459,1,25.98059143589434,10.33904321933494,74.09971529306613,86.4681695043257,3.5714285714285716,850
A_adaptive,8,0.925,5,AdaptiveGCN,0.0,0.3923702836036682,34,7032,133.641,4.8459,2,29.393447010074027,13.023781921399623,81.9408452594177,110.75063992430665,4.476190476190476,850
A_adaptive,8,0.925,5,AdaptiveGCN,0.0,0.3923702836036682,34,7032,133.641,4.8459,3,32.34083506293306,15.055912986718793,86.38798512393228,124.94785765644293,4.571428571428571,850
A_adaptive,8,0.925,6,AdaptiveGCN,0.0,0.42040103673934937,34,7032,159.234,0.9425,0,29.329894207392073,12.67984805178373,82.0212642493645,107.62880410484985,nan,2550
A_adaptive,8,0.925,6,AdaptiveGCN,0.0,0.42040103673934937,34,7032,159.234,0.9425,1,25.92568075711622,10.323246148110655,74.19797665808485,85.55963852122868,2.857142857142857,850
A_adaptive,8,0.925,6,AdaptiveGCN,0.0,0.42040103673934937,34,7032,159.234,0.9425,2,28.90033440194347,12.717317971769063,84.28011550402931,107.98887161854881,3.9047619047619047,850
A_adaptive,8,0.925,6,AdaptiveGCN,0.0,0.42040103673934937,34,7032,159.234,0.9425,3,32.76214021376457,14.998980035471472,87.58570058597938,129.18924145997337,5.9523809523809526,850
A_adaptive,8,0.925,7,AdaptiveGCN,0.0,0.3534577488899231,34,7032,250.139,2.1202,0,28.147233999517194,12.258408857521363,81.38094369163277,104.75426054793179,nan,2550
A_adaptive,8,0.925,7,AdaptiveGCN,0.0,0.3534577488899231,34,7032,250.139,2.1202,1,25.292321356025717,10.073582441570128,73.7543436366973,83.49771410505573,2.857142857142857,850
A_adaptive,8,0.925,7,AdaptiveGCN,0.0,0.3534577488899231,34,7032,250.139,2.1202,2,28.28700347137858,12.562208378334146,82.62030001885526,108.7556534306388,4.190476190476191,850
A_adaptive,8,0.925,7,AdaptiveGCN,0.0,0.3534577488899231,34,7032,250.139,2.1202,3,30.60954525151381,14.139435752659818,87.76818741934575,121.88114396719443,5.761904761904762,850
A_dense_fixed,1,0.4,0,DenseGCN,0.0,1.0,34,6531,16.727,0.5294,0,129.31269029194465,48.258670517726316,65.06283928989778,59.823221695419015,nan,2550
A_dense_fixed,1,0.4,0,DenseGCN,0.0,1.0,34,6531,16.727,0.5294,1,85.30587182228733,33.961209022653264,56.35541836250574,54.97371126063977,3.52,850
A_dense_fixed,1,0.4,0,DenseGCN,0.0,1.0,34,6531,16.727,0.5294,2,121.74719558769465,47.589265684388465,64.91356125063675,61.925774321027816,5.24,850
A_dense_fixed,1,0.4,0,DenseGCN,0.0,1.0,34,6531,16.727,0.5294,3,167.5286369872097,63.225536846137224,73.91953825655085,62.5367588091038,9.04,850
A_dense_fixed,1,0.4,1,DenseGCN,0.0,1.0,34,6531,19.211,0.4769,0,109.91285334567593,42.34290574334594,62.05897498353382,58.91689637184916,nan,2550
A_dense_fixed,1,0.4,1,DenseGCN,0.0,1.0,34,6531,19.211,0.4769,1,70.98454355220223,29.963536019408526,55.00234727510798,55.068494320876546,3.6,850
A_dense_fixed,1,0.4,1,DenseGCN,0.0,1.0,34,6531,19.211,0.4769,2,104.20380564084024,42.06298448957722,62.184484065022694,59.7725695650085,4.12,850
A_dense_fixed,1,0.4,1,DenseGCN,0.0,1.0,34,6531,19.211,0.4769,3,142.63683766270088,55.002196721052066,68.9900936104708,61.88015510296676,6.96,850
A_dense_fixed,1,0.4,2,DenseGCN,0.0,1.0,34,6531,16.348,0.5819,0,100.23434068811578,39.43817904962096,61.00212393546588,58.36233246726466,nan,2550
A_dense_fixed,1,0.4,2,DenseGCN,0.0,1.0,34,6531,16.348,0.5819,1,63.07608020615059,27.89057407658027,54.52948544764542,56.02870096096652,2.6,850
A_dense_fixed,1,0.4,2,DenseGCN,0.0,1.0,34,6531,16.348,0.5819,2,88.77149938393502,37.67564430162675,59.749327439969136,58.56131832931011,3.2,850
A_dense_fixed,1,0.4,2,DenseGCN,0.0,1.0,34,6531,16.348,0.5819,3,135.2101999203428,52.7483187706559,68.72755891878309,60.47794732196724,6.64,850
A_dense_fixed,1,0.4,3,DenseGCN,0.0,1.0,34,6531,16.654,0.521,0,98.90381533254426,38.70186429301989,61.06349689712518,58.61858951681992,nan,2550
A_dense_fixed,1,0.4,3,DenseGCN,0.0,1.0,34,6531,16.654,0.521,1,52.32738928087497,24.79015967944637,54.30192431369453,56.258078708493564,2.36,850
A_dense_fixed,1,0.4,3,DenseGCN,0.0,1.0,34,6531,16.654,0.521,2,93.91068003550065,39.15201359811896,60.19211428924025,59.501741095226635,3.12,850
A_dense_fixed,1,0.4,3,DenseGCN,0.0,1.0,34,6531,16.654,0.521,3,133.37362021149326,52.16341960149434,68.69645208844076,60.07917230064156,6.44,850
A_dense_fixed,1,0.4,4,DenseGCN,0.0,1.0,34,6531,17.28,0.4385,0,104.8146965197358,40.89614869946691,61.12901251101381,58.53641423601352,nan,2550
A_dense_fixed,1,0.4,4,DenseGCN,0.0,1.0,34,6531,17.28,0.4385,1,64.86312055665783,28.452480625929997,54.028981181127264,55.253704616461974,2.52,850
A_dense_fixed,1,0.4,4,DenseGCN,0.0,1.0,34,6531,17.28,0.4385,2,96.55999938804649,40.0744606733429,60.644323026313785,59.81828270375426,3.68,850
A_dense_fixed,1,0.4,4,DenseGCN,0.0,1.0,34,6531,17.28,0.4385,3,139.3818637033021,54.161504799127854,68.71373332560042,60.5141195209155,7.4,850
A_dense_fixed,1,0.4,5,DenseGCN,0.0,1.0,34,6531,16.051,0.3543,0,103.55337894357474,39.080947727969225,61.11308608568314,59.7021809103923,nan,2550
A_dense_fixed,1,0.4,5,DenseGCN,0.0,1.0,34,6531,16.051,0.3543,1,52.519058062039605,24.98361194480676,53.682904843898285,56.45793678937059,2.36,850
A_dense_fixed,1,0.4,5,DenseGCN,0.0,1.0,34,6531,16.051,0.3543,2,78.42888261391732,34.870882190845855,59.68257558080868,60.15034410292651,3.04,850
A_dense_fixed,1,0.4,5,DenseGCN,0.0,1.0,34,6531,16.051,0.3543,3,152.51414945539724,57.388349048255066,69.97377783234248,62.47242723274973,7.48,850
A_dense_fixed,1,0.4,6,DenseGCN,0.0,1.0,34,6531,16.056,0.5329,0,96.98113186143492,38.514154319571155,60.14619146038756,58.89176455403771,nan,2550
A_dense_fixed,1,0.4,6,DenseGCN,0.0,1.0,34,6531,16.056,0.5329,1,59.12518407830458,27.144485072010326,54.04380049095945,55.01175329746144,2.52,850
A_dense_fixed,1,0.4,6,DenseGCN,0.0,1.0,34,6531,16.056,0.5329,2,85.35006049191313,36.93977377893294,59.28629662433769,59.884142697946295,3.04,850
A_dense_fixed,1,0.4,6,DenseGCN,0.0,1.0,34,6531,16.056,0.5329,3,132.04393054248442,51.4582041077702,67.10847726586559,61.75015589601094,6.64,850
A_dense_fixed,1,0.4,7,DenseGCN,0.0,1.0,34,6531,15.832,0.524,0,125.78211435350097,46.97147856856112,64.456717233675,59.62200744373825,nan,2550
A_dense_fixed,1,0.4,7,DenseGCN,0.0,1.0,34,6531,15.832,0.524,1,88.80709236961947,34.55207344957244,56.348897440251775,55.137501183993166,3.32,850
A_dense_fixed,1,0.4,7,DenseGCN,0.0,1.0,34,6531,15.832,0.524,2,116.80789631619578,45.654730220126424,63.96447730444797,61.93607781354136,4.08,850
A_dense_fixed,1,0.4,7,DenseGCN,0.0,1.0,34,6531,15.832,0.524,3,161.0361343821638,60.707632035984496,73.05677695632527,61.76287944890535,8.6,850
A_dense_fixed,2,0.475,0,DenseGCN,0.0,1.0,34,6531,43.677,1.4441,0,156.57433756428642,54.42309262015327,47.298100108879154,55.072417549040765,nan,2550
A_dense_fixed,2,0.475,0,DenseGCN,0.0,1.0,34,6531,43.677,1.4441,1,117.03739463263877,41.507211749851706,39.964613496446205,44.06266516471552,3.16,850
A_dense_fixed,2,0.475,0,DenseGCN,0.0,1.0,34,6531,43.677,1.4441,2,170.70248996054238,58.17231612434173,47.82333840595604,52.936878829636655,3.64,850
A_dense_fixed,2,0.475,0,DenseGCN,0.0,1.0,34,6531,43.677,1.4441,3,175.24119872324619,63.58974998626639,54.106348424235215,68.21770865277013,4.52,850
A_dense_fixed,2,0.475,1,DenseGCN,0.0,1.0,34,6531,41.041,0.3895,0,172.0854222211056,61.28045038181207,50.696124017519104,63.875249829334614,nan,2550
A_dense_fixed,2,0.475,1,DenseGCN,0.0,1.0,34,6531,41.041,0.3895,1,148.58175976448624,52.21693516463918,44.481409251308875,54.28357497539766,4.0,850
A_dense_fixed,2,0.475,1,DenseGCN,0.0,1.0,34,6531,41.041,0.3895,2,179.96150022194226,64.69274559792132,51.357305156834244,63.88275212979887,5.4,850
A_dense_fixed,2,0.475,1,DenseGCN,0.0,1.0,34,6531,41.041,0.3895,3,185.41169522499092,66.93167038287571,56.24965764441421,73.45942238280728,5.04,850
A_dense_fixed,2,0.475,2,DenseGCN,0.0,1.0,34,6531,37.863,1.0063,0,159.35279309114495,52.70196385707487,48.12623379501834,57.554233094636366,nan,2550
A_dense_fixed,2,0.475,2,DenseGCN,0.0,1.0,34,6531,37.863,1.0063,1,143.31726351019998,45.567742881735455,42.314159219130005,46.29406774157838,2.96,850
A_dense_fixed,2,0.475,2,DenseGCN,0.0,1.0,34,6531,37.863,1.0063,2,168.16468529502143,56.624387938292585,48.545471431646526,58.14945127183899,4.56,850
A_dense_fixed,2,0.475,2,DenseGCN,0.0,1.0,34,6531,37.863,1.0063,3,165.41081765538206,55.91376075119657,53.51907073427847,68.21918027049172,4.0,850
A_dense_fixed,2,0.475,3,DenseGCN,0.0,1.0,34,6531,28.14,0.9042,0,141.65130199346274,49.2480613449519,46.855975097372934,55.281781081779144,nan,2550
A_dense_fixed,2,0.475,3,DenseGCN,0.0,1.0,34,6531,28.14,0.9042,1,112.37746536113389,41.074871363152255,41.083920601597356,46.7052454342137,1.96,850
A_dense_fixed,2,0.475,3,DenseGCN,0.0,1.0,34,6531,28.14,0.9042,2,151.82424811048446,52.76640852329266,47.28251835220903,54.47633454323636,3.52,850
A_dense_fixed,2,0.475,3,DenseGCN,0.0,1.0,34,6531,28.14,0.9042,3,156.57578687020145,53.902904148410784,52.20148633831242,64.66376326788736,3.96,850
A_dense_fixed,2,0.475,4,DenseGCN,0.0,1.0,34,6531,32.183,0.3612,0,150.53024146253068,52.91571730437515,46.98981628346515,57.746338675224294,nan,2550
A_dense_fixed,2,0.475,4,DenseGCN,0.0,1.0,34,6531,32.183,0.3612,1,138.43586628449702,46.16489170569735,41.21486966200095,47.65245033137516,2.88,850
A_dense_fixed,2,0.475,4,DenseGCN,0.0,1.0,34,6531,32.183,0.3612,2,149.32065126713556,54.564748259804155,46.87503831242967,58.48539089331757,3.68,850
A_dense_fixed,2,0.475,4,DenseGCN,0.0,1.0,34,6531,32.183,0.3612,3,162.84015111612592,58.017511947623944,52.87954087596486,67.10117480098015,4.92,850
A_dense_fixed,2,0.475,5,DenseGCN,0.0,1.0,34,6531,32.902,0.5327,0,214.1353013874847,62.664797138151094,47.76234099500855,60.22766473101383,nan,2550
A_dense_fixed,2,0.475,5,DenseGCN,0.0,1.0,34,6531,32.902,0.5327,1,194.41786806343552,55.90023547449971,42.32971084804548,50.07354791494563,2.76,850
A_dense_fixed,2,0.475,5,DenseGCN,0.0,1.0,34,6531,32.902,0.5327,2,272.41464314642644,73.3409907483293,47.60301177664541,61.83733148476445,3.52,850
A_dense_fixed,2,0.475,5,DenseGCN,0.0,1.0,34,6531,32.902,0.5327,3,159.85536174304718,58.75316519162426,53.35430036033476,68.77211479333141,3.52,850
A_dense_fixed,2,0.475,6,DenseGCN,0.0,1.0,34,6531,32.936,0.53,0,176.43710887940927,55.24059547433867,47.70843487627721,51.39701294876545,nan,2550
A_dense_fixed,2,0.475,6,DenseGCN,0.0,1.0,34,6531,32.936,0.53,1,176.86930819258205,52.74996573524111,42.45456256252843,43.809132922312315,4.28,850
A_dense_fixed,2,0.475,6,DenseGCN,0.0,1.0,34,6531,32.936,0.53,2,167.1628914658541,54.56956388138454,46.99846347287918,53.091390236934274,4.08,850
A_dense_fixed,2,0.475,6,DenseGCN,0.0,1.0,34,6531,32.936,0.53,3,184.83499588937713,58.40225680639036,53.67227859342402,57.290515687049734,3.92,850
A_dense_fixed,2,0.475,7,DenseGCN,0.0,1.0,34,6531,43.15,2.0845,0,169.31847850372284,57.47072673251451,50.43338781493214,62.719879844162676,nan,2550
A_dense_fixed,2,0.475,7,DenseGCN,0.0,1.0,34,6531,43.15,2.0845,1,153.5016167309932,47.9599674763147,43.13332461374784,47.51443651236534,4.0,850
A_dense_fixed,2,0.475,7,DenseGCN,0.0,1.0,34,6531,43.15,2.0845,2,170.78527234381534,59.7185505456072,51.36601873919544,63.71665287942923,6.48,850
A_dense_fixed,2,0.475,7,DenseGCN,0.0,1.0,34,6531,43.15,2.0845,3,182.4167917157492,64.73366217562162,56.80082009185314,76.92855014069347,5.36,850
A_dense_fixed,3,0.55,0,DenseGCN,0.0,1.0,34,6531,25.4,0.5523,0,21.678126714540277,11.980377754898669,56.163509371714994,63.119682882060616,nan,2550
A_dense_fixed,3,0.55,0,DenseGCN,0.0,1.0,34,6531,25.4,0.5523,1,16.507772999304265,9.49266868582324,50.201905034663376,55.55549649415145,1.3333333333333333,850
A_dense_fixed,3,0.55,0,DenseGCN,0.0,1.0,34,6531,25.4,0.5523,2,21.86170696756565,12.097227405633449,57.34537221368474,63.95925572000822,3.2083333333333335,850
A_dense_fixed,3,0.55,0,DenseGCN,0.0,1.0,34,6531,25.4,0.5523,3,25.678448797050166,14.351237173239317,60.94325086679685,69.86157430377293,3.9166666666666665,850
A_dense_fixed,3,0.55,1,DenseGCN,0.0,1.0,34,6531,17.736,0.3514,0,21.546780356085268,12.128669374809697,55.43277453812784,66.19718064406801,nan,2550
A_dense_fixed,3,0.55,1,DenseGCN,0.0,1.0,34,6531,17.736,0.3514,1,15.380382828619027,9.408313695424072,49.88827413804191,57.34962556355227,1.125,850
A_dense_fixed,3,0.55,1,DenseGCN,0.0,1.0,34,6531,17.736,0.3514,2,20.704062425539103,11.830258856264887,56.0728185233851,66.56599053678812,3.25,850
A_dense_fixed,3,0.55,1,DenseGCN,0.0,1.0,34,6531,17.736,0.3514,3,26.973632574509637,15.147435572740129,60.337230952956524,74.69687661816144,3.75,850
A_dense_fixed,3,0.55,2,DenseGCN,0.0,1.0,34,6531,29.042,0.4209,0,21.359473809851245,11.849951754516566,55.949400107979244,62.23060273485671,nan,2550
A_dense_fixed,3,0.55,2,DenseGCN,0.0,1.0,34,6531,29.042,0.4209,1,16.52824468486057,9.465858254455961,50.167541498544544,54.823997656005574,2.4166666666666665,850
A_dense_fixed,3,0.55,2,DenseGCN,0.0,1.0,34,6531,29.042,0.4209,2,21.651943648816786,11.938838912004277,56.95555279118702,63.48005838876492,2.5416666666666665,850
A_dense_fixed,3,0.55,2,DenseGCN,0.0,1.0,34,6531,29.042,0.4209,3,25.03381369601932,14.14515809708946,60.725106034206156,68.4041533139759,4.625,850
A_dense_fixed,3,0.55,3,DenseGCN,0.0,1.0,34,6531,17.77,0.5371,0,21.38621780366556,11.924767406993071,55.38956897873229,62.742540387546065,nan,2550
A_dense_fixed,3,0.55,3,DenseGCN,0.0,1.0,34,6531,17.77,0.5371,1,15.76452812076119,9.273508464097977,49.9666455160039,53.44829568471933,1.125,850
A_dense_fixed,3,0.55,3,DenseGCN,0.0,1.0,34,6531,17.77,0.5371,2,21.717298716962283,12.157632257305908,56.73205852225206,66.41624686926106,2.7083333333333335,850
A_dense_fixed,3,0.55,3,DenseGCN,0.0,1.0,34,6531,17.77,0.5371,3,25.53330228163649,14.343161499575329,59.47000289794092,68.38111341267705,3.6666666666666665,850
A_dense_fixed,3,0.55,4,DenseGCN,0.0,1.0,34,6531,26.947,0.4084,0,22.741108539587163,12.132055378743246,56.932514054212305,58.937190047896934,nan,2550
A_dense_fixed,3,0.55,4,DenseGCN,0.0,1.0,34,6531,26.947,0.4084,1,17.077019285163228,9.598732884070452,50.880105470388884,52.508515300481854,1.3333333333333333,850
A_dense_fixed,3,0.55,4,DenseGCN,0.0,1.0,34,6531,26.947,0.4084,2,22.908208672305808,12.312433798768941,58.36224567474251,61.31372958419837,2.9166666666666665,850
A_dense_fixed,3,0.55,4,DenseGCN,0.0,1.0,34,6531,26.947,0.4084,3,27.112053418878265,14.484999453390346,61.555191017505486,63.001998547956774,3.875,850
A_dense_fixed,3,0.55,5,DenseGCN,0.0,1.0,34,6531,28.003,0.5188,0,22.725776607667488,12.118934716133802,56.99926843540604,60.55715954088481,nan,2550
A_dense_fixed,3,0.55,5,DenseGCN,0.0,1.0,34,6531,28.003,0.5188,1,16.908591318044156,9.692829631128731,50.76753197766705,54.576380495508616,1.9166666666666667,850
A_dense_fixed,3,0.55,5,DenseGCN,0.0,1.0,34,6531,28.003,0.5188,2,23.154614849011413,12.272670883676586,58.03966159462478,62.9584038730031,3.25,850
A_dense_fixed,3,0.55,5,DenseGCN,0.0,1.0,34,6531,28.003,0.5188,3,26.96935516652413,14.39130363359609,62.190611733926296,64.1482544884337,4.375,850
A_dense_fixed,3,0.55,6,DenseGCN,0.0,1.0,34,6531,20.481,0.542,0,22.520610029704958,12.371613032074974,55.975676422087915,64.02975703322001,nan,2550
A_dense_fixed,3,0.55,6,DenseGCN,0.0,1.0,34,6531,20.481,0.542,1,15.678506138806844,9.255782964720446,50.309739228408034,52.876281528646516,1.0,850
A_dense_fixed,3,0.55,6,DenseGCN,0.0,1.0,34,6531,20.481,0.542,2,23.52967080299797,12.819159006371217,57.33446701788354,67.33221514070684,2.7083333333333335,850
A_dense_fixed,3,0.55,6,DenseGCN,0.0,1.0,34,6531,20.481,0.542,3,26.871409815789043,15.039897125133258,60.2828230199722,71.90375447009102,3.875,850
A_dense_fixed,3,0.55,7,DenseGCN,0.0,1.0,34,6531,19.006,0.584,0,21.560798092825,12.16545253947231,55.7446179018703,66.86224005125048,nan,2550
A_dense_fixed,3,0.55,7,DenseGCN,0.0,1.0,34,6531,19.006,0.584,1,15.376510894027732,9.41874507697573,50.30365686735644,57.793238644320596,1.6666666666666667,850
A_dense_fixed,3,0.55,7,DenseGCN,0.0,1.0,34,6531,19.006,0.584,2,20.864168968674317,11.9970569630022,56.45727076929431,67.85800316988907,2.9166666666666665,850
A_dense_fixed,3,0.55,7,DenseGCN,0.0,1.0,34,6531,19.006,0.584,3,26.885933295520037,15.080555578439004,60.472926068960135,74.9562065616642,4.333333333333333,850
A_dense_fixed,4,0.625,0,DenseGCN,0.0,1.0,34,6531,32.363,0.6037,0,31.022249476841154,14.14599079044262,51.289565093482956,54.43759655077402,nan,2550
A_dense_fixed,4,0.625,0,DenseGCN,0.0,1.0,34,6531,32.363,0.6037,1,26.86706705470295,12.535599916827152,49.895543610736844,53.657215347858575,2.5,850
A_dense_fixed,4,0.625,0,DenseGCN,0.0,1.0,34,6531,32.363,0.6037,2,29.652980901197072,13.753228796011603,50.12297808526562,53.43598114110585,4.75,850
A_dense_fixed,4,0.625,0,DenseGCN,0.0,1.0,34,6531,32.363,0.6037,3,35.860860549650106,16.1491436584891,53.850173584446416,56.21959316335759,3.7083333333333335,850
A_dense_fixed,4,0.625,1,DenseGCN,0.0,1.0,34,6531,40.282,0.4213,0,32.36445186481484,15.55507392430646,53.136862369507384,65.3526703611702,nan,2550
A_dense_fixed,4,0.625,1,DenseGCN,0.0,1.0,34,6531,40.282,0.4213,1,28.842164395913816,13.914315591966734,51.574609720695655,61.60044713021047,2.5,850
A_dense_fixed,4,0.625,1,DenseGCN,0.0,1.0,34,6531,40.282,0.4213,2,31.361809460439062,15.392047064621002,52.7994300511134,65.76830616604109,3.5416666666666665,850
A_dense_fixed,4,0.625,1,DenseGCN,0.0,1.0,34,6531,40.282,0.4213,3,36.427183446650744,17.358859116331647,55.03654733671313,68.68925778725902,3.9166666666666665,850
A_dense_fixed,4,0.625,2,DenseGCN,0.0,1.0,34,6531,38.577,1.1726,0,30.992347983534863,14.59390300380204,52.63266538198592,59.36694381329796,nan,2550
A_dense_fixed,4,0.625,2,DenseGCN,0.0,1.0,34,6531,38.577,1.1726,1,27.35728128852197,13.150880125322763,50.751886749544695,59.20014856188421,2.5416666666666665,850
A_dense_fixed,4,0.625,2,DenseGCN,0.0,1.0,34,6531,38.577,1.1726,2,29.07947206824669,14.0705747756099,52.18507999769909,58.9454533959688,5.0,850
A_dense_fixed,4,0.625,2,DenseGCN,0.0,1.0,34,6531,38.577,1.1726,3,35.882312708774755,16.560254110473462,54.96102939871397,59.95522948204085,4.0,850
A_dense_fixed,4,0.625,3,DenseGCN,0.0,1.0,34,6531,21.923,0.4052,0,31.06805649653259,14.270004875610912,51.07958158612035,54.292660744724294,nan,2550
A_dense_fixed,4,0.625,3,DenseGCN,0.0,1.0,34,6531,21.923,0.4052,1,26.79361338583485,12.574057671623578,49.52199874147594,52.823948184146396,2.6666666666666665,850
A_dense_fixed,4,0.625,3,DenseGCN,0.0,1.0,34,6531,21.923,0.4052,2,28.886693221418867,13.712966860352521,50.25979827888738,54.07922379749468,3.5,850
A_dense_fixed,4,0.625,3,DenseGCN,0.0,1.0,34,6531,21.923,0.4052,3,36.65151620161528,16.522990094856635,53.456947737997716,55.974810252531825,3.5,850
A_dense_fixed,4,0.625,4,DenseGCN,0.0,1.0,34,6531,42.51,0.6369,0,30.97106576621425,14.623774644404492,52.5794882137697,61.94488927967957,nan,2550
A_dense_fixed,4,0.625,4,DenseGCN,0.0,1.0,34,6531,42.51,0.6369,1,27.625309115664777,13.425349580570474,51.87967274654915,62.289226257293016,2.5,850
A_dense_fixed,4,0.625,4,DenseGCN,0.0,1.0,34,6531,42.51,0.6369,2,28.839260633670527,13.974039819603238,51.23921716482328,60.900118575483695,3.25,850
A_dense_fixed,4,0.625,4,DenseGCN,0.0,1.0,34,6531,42.51,0.6369,3,35.815640249096404,16.471934533039764,54.61957472993667,62.64532300626197,4.125,850
A_dense_fixed,4,0.625,5,DenseGCN,0.0,1.0,34,6531,29.318,0.6156,0,32.71838766670519,14.908583241284953,52.53762504005016,58.80428522969463,nan,2550
A_dense_fixed,4,0.625,5,DenseGCN,0.0,1.0,34,6531,29.318,0.6156,1,27.770247924456445,12.9194809125572,50.46904839321158,55.26312961452716,2.5,850
A_dense_fixed,4,0.625,5,DenseGCN,0.0,1.0,34,6531,29.318,0.6156,2,29.99172067459085,14.271531868953915,51.92499176171304,56.94234082213335,2.625,850
A_dense_fixed,4,0.625,5,DenseGCN,0.0,1.0,34,6531,29.318,0.6156,3,39.25288136835258,17.53473694234374,55.21883496522584,64.20738525242335,4.625,850
A_dense_fixed,4,0.625,6,DenseGCN,0.0,1.0,34,6531,54.017,1.5194,0,32.184161261428386,14.822869840795358,52.03502538785004,58.3753931086325,nan,2550
A_dense_fixed,4,0.625,6,DenseGCN,0.0,1.0,34,6531,54.017,1.5194,1,27.960486073601515,13.081763390920617,50.30979107571885,55.23256940778444,2.125,850
A_dense_fixed,4,0.625,6,DenseGCN,0.0,1.0,34,6531,54.017,1.5194,2,29.541934464240878,14.11983640372753,50.98539412083877,58.172956308797886,3.2083333333333335,850
A_dense_fixed,4,0.625,6,DenseGCN,0.0,1.0,34,6531,54.017,1.5194,3,38.11752923450464,17.26700972773792,54.809890966992505,61.72065360931517,3.25,850
A_dense_fixed,4,0.625,7,DenseGCN,0.0,1.0,34,6531,30.947,0.397,0,30.658926127456407,14.333710090826612,52.17676205399481,58.29532971823671,nan,2550
A_dense_fixed,4,0.625,7,DenseGCN,0.0,1.0,34,6531,30.947,0.397,1,27.10091991172319,12.840942111487555,50.83269699381335,57.940850515855246,2.5,850
A_dense_fixed,4,0.625,7,DenseGCN,0.0,1.0,34,6531,30.947,0.397,2,28.45228459678023,13.690228705462069,51.34253909083375,57.3537175102662,2.625,850
A_dense_fixed,4,0.625,7,DenseGCN,0.0,1.0,34,6531,30.947,0.397,3,35.719978933765844,16.469959455530216,54.35505007733731,59.59142112858867,3.0833333333333335,850
A_dense_fixed,5,0.7,0,DenseGCN,0.0,1.0,34,6531,41.564,0.8145,0,58.801292670095606,29.657544592631748,47.869807577926856,55.34537378869987,nan,2550
A_dense_fixed,5,0.7,0,DenseGCN,0.0,1.0,34,6531,41.564,0.8145,1,42.63878898119925,22.182866991328165,40.054069711746614,40.24705883632793,0.96,850
A_dense_fixed,5,0.7,0,DenseGCN,0.0,1.0,34,6531,41.564,0.8145,2,56.394515145398856,29.404229286041605,46.14865015151414,50.76247368295505,2.76,850
A_dense_fixed,5,0.7,0,DenseGCN,0.0,1.0,34,6531,41.564,0.8145,3,73.31008385450707,37.38553750052548,57.4067028705198,75.29205307911855,3.5,850
A_dense_fixed,5,0.7,1,DenseGCN,0.0,1.0,34,6531,33.933,0.4234,0,61.87631602068912,30.747417437707423,49.93812760835397,55.40285675940032,nan,2550
A_dense_fixed,5,0.7,1,DenseGCN,0.0,1.0,34,6531,33.933,0.4234,1,44.23605199363031,23.1451543880825,42.71041076474181,42.536832972349714,1.2,850
A_dense_fixed,5,0.7,1,DenseGCN,0.0,1.0,34,6531,33.933,0.4234,2,60.67991915018012,31.028034133386306,48.63720204066885,51.35630672187996,3.04,850
A_dense_fixed,5,0.7,1,DenseGCN,0.0,1.0,34,6531,33.933,0.4234,3,76.46668927592593,38.06906379165347,58.46677001965127,72.54327336501515,3.9166666666666665,850
A_dense_fixed,5,0.7,2,DenseGCN,0.0,1.0,34,6531,38.898,0.4757,0,59.44846837328262,29.694707751892434,48.40257854394745,56.684679675109685,nan,2550
A_dense_fixed,5,0.7,2,DenseGCN,0.0,1.0,34,6531,38.898,0.4757,1,43.94409615691617,22.49848634422483,40.618138689813534,41.56087506875066,1.48,850
A_dense_fixed,5,0.7,2,DenseGCN,0.0,1.0,34,6531,38.898,0.4757,2,59.58414333189768,30.567959073256045,48.1530977132893,52.98182872829768,3.4,850
A_dense_fixed,5,0.7,2,DenseGCN,0.0,1.0,34,6531,38.898,0.4757,3,71.56121471958907,36.01767783819643,56.436499228739535,75.76701705823115,4.0,850
A_dense_fixed,5,0.7,3,DenseGCN,0.0,1.0,34,6531,39.625,0.5205,0,64.64897327629266,31.514811823162997,49.07568204232785,57.903592301380826,nan,2550
A_dense_fixed,5,0.7,3,DenseGCN,0.0,1.0,34,6531,39.625,0.5205,1,47.78297887579723,23.930805652334957,40.863317135958276,41.555628766561746,1.32,850
A_dense_fixed,5,0.7,3,DenseGCN,0.0,1.0,34,6531,39.625,0.5205,2,63.593727149105476,31.725018196760075,48.235112470997535,53.40019977229825,3.2,850
A_dense_fixed,5,0.7,3,DenseGCN,0.0,1.0,34,6531,39.625,0.5205,3,78.81049444126495,38.88861162039397,58.128616520027734,79.03709706137046,3.8333333333333335,850
A_dense_fixed,5,0.7,4,DenseGCN,0.0,1.0,34,6531,45.641,0.625,0,57.890667526407,29.03882978879269,46.38422443100472,55.612323379703675,nan,2550
A_dense_fixed,5,0.7,4,DenseGCN,0.0,1.0,34,6531,45.641,0.625,1,41.42785673714788,21.770666653269572,39.12123327546097,40.592606753628566,2.0,850
A_dense_fixed,5,0.7,4,DenseGCN,0.0,1.0,34,6531,45.641,0.625,2,56.752845741534635,29.403668624459268,45.681152960364855,51.992876693445346,3.04,850
A_dense_fixed,5,0.7,4,DenseGCN,0.0,1.0,34,6531,45.641,0.625,3,71.5320581722832,35.94215408864924,54.35028705718832,74.50474136945476,4.0,850
A_dense_fixed,5,0.7,5,DenseGCN,0.0,1.0,34,6531,32.516,0.4184,0,57.029426526456696,29.853498936958587,50.350301710163336,59.33794052197363,nan,2550
A_dense_fixed,5,0.7,5,DenseGCN,0.0,1.0,34,6531,32.516,0.4184,1,41.12433671126778,21.96225908399919,42.56292451184285,42.021430570471026,1.84,850
A_dense_fixed,5,0.7,5,DenseGCN,0.0,1.0,34,6531,32.516,0.4184,2,54.851407186494775,29.98168168133782,49.39296855898688,56.3669407502852,3.12,850
A_dense_fixed,5,0.7,5,DenseGCN,0.0,1.0,34,6531,32.516,0.4184,3,71.11384203886887,37.61655604553874,59.09501205966029,79.90358162469312,4.125,850
A_dense_fixed,5,0.7,6,DenseGCN,0.0,1.0,34,6531,47.922,0.4281,0,59.19623799561928,29.19686721335987,47.63365805532655,59.8613010102894,nan,2550
A_dense_fixed,5,0.7,6,DenseGCN,0.0,1.0,34,6531,47.922,0.4281,1,43.90728766257354,22.295578366215615,40.53394110715864,41.195570643534744,1.2,850
A_dense_fixed,5,0.7,6,DenseGCN,0.0,1.0,34,6531,47.922,0.4281,2,57.57960204897151,29.234766108620473,46.44234532083344,54.649746538682884,2.84,850
A_dense_fixed,5,0.7,6,DenseGCN,0.0,1.0,34,6531,47.922,0.4281,3,72.59010467343391,36.06025716524352,55.924687737987576,84.061539784987,4.375,850
A_dense_fixed,5,0.7,7,DenseGCN,0.0,1.0,34,6531,43.335,0.4341,0,59.38416945734012,30.462068079571623,49.554672366314115,56.35573055372457,nan,2550
A_dense_fixed,5,0.7,7,DenseGCN,0.0,1.0,34,6531,43.335,0.4341,1,42.10210397942412,22.11053360281303,41.27594700010222,41.29484561254591,1.24,850
A_dense_fixed,5,0.7,7,DenseGCN,0.0,1.0,34,6531,43.335,0.4341,2,58.28479382873598,30.690464571763705,48.60331788921252,51.72144887978518,2.64,850
A_dense_fixed,5,0.7,7,DenseGCN,0.0,1.0,34,6531,43.335,0.4341,3,73.55089663125639,38.58520606413812,58.7847522096276,76.31642632302751,3.6666666666666665,850
A_dense_fixed,6,0.775,0,DenseGCN,0.0,1.0,34,6531,38.42,0.5448,0,12.135323298630095,6.0526498247311205,91.13760558669723,98.51056242551353,nan,2550
A_dense_fixed,6,0.775,0,DenseGCN,0.0,1.0,34,6531,38.42,0.5448,1,9.62903903909455,4.912369766990682,87.44938915712464,77.61812665096967,3.0714285714285716,850
A_dense_fixed,6,0.775,0,DenseGCN,0.0,1.0,34,6531,38.42,0.5448,2,12.121401042113693,6.036678902710966,88.69891493637573,99.29968844223478,5.785714285714286,850
A_dense_fixed,6,0.775,0,DenseGCN,0.0,1.0,34,6531,38.42,0.5448,3,14.217997701739208,7.208900804491714,97.26451266659133,118.6835487346787,4.928571428571429,850
A_dense_fixed,6,0.775,1,DenseGCN,0.0,1.0,34,6531,38.571,0.607,0,10.686131706092988,5.352225793028632,86.71676254124043,86.81641506952482,nan,2550
A_dense_fixed,6,0.775,1,DenseGCN,0.0,1.0,34,6531,38.571,0.607,1,8.577134628398298,4.47393862401642,85.29988260913417,72.11115354952678,3.357142857142857,850
A_dense_fixed,6,0.775,1,DenseGCN,0.0,1.0,34,6531,38.571,0.607,2,10.356690575400284,5.222519243320293,82.16686719168972,85.64662976295398,4.142857142857143,850
A_dense_fixed,6,0.775,1,DenseGCN,0.0,1.0,34,6531,38.571,0.607,3,12.718174177594957,6.3602195117491815,92.68353782289739,102.72980512371186,4.642857142857143,850
A_dense_fixed,6,0.775,2,DenseGCN,0.0,1.0,34,6531,28.799,0.7869,0,11.310902031928878,5.67757111329149,95.02086841968405,93.6529298818511,nan,2550
A_dense_fixed,6,0.775,2,DenseGCN,0.0,1.0,34,6531,28.799,0.7869,1,9.080189948125684,4.735958536428961,96.99620156017588,77.23525585202815,3.357142857142857,850
A_dense_fixed,6,0.775,2,DenseGCN,0.0,1.0,34,6531,28.799,0.7869,2,10.813989921967254,5.477028005776562,89.42846857499215,91.13229714308085,5.071428571428571,850
A_dense_fixed,6,0.775,2,DenseGCN,0.0,1.0,34,6531,28.799,0.7869,3,13.580032650963192,6.819726797668948,98.63793512388415,112.62651233587775,5.785714285714286,850
A_dense_fixed,6,0.775,3,DenseGCN,0.0,1.0,34,6531,31.794,0.5614,0,10.610070316318335,5.279048656538279,82.46851153191474,86.227719397483,nan,2550
A_dense_fixed,6,0.775,3,DenseGCN,0.0,1.0,34,6531,31.794,0.5614,1,8.270413927587192,4.324819589292713,74.76312412262925,70.044436384102,2.5,850
A_dense_fixed,6,0.775,3,DenseGCN,0.0,1.0,34,6531,31.794,0.5614,2,10.581071084270777,5.338885770108344,90.45618347095782,88.78059007335186,5.428571428571429,850
A_dense_fixed,6,0.775,3,DenseGCN,0.0,1.0,34,6531,31.794,0.5614,3,12.544399727672864,6.17344061021378,82.18622700215712,99.92414421364667,4.642857142857143,850
A_dense_fixed,6,0.775,4,DenseGCN,0.0,1.0,34,6531,32.194,0.5251,0,10.764862169927948,5.364287552211363,80.39103438617752,86.55087558469333,nan,2550
A_dense_fixed,6,0.775,4,DenseGCN,0.0,1.0,34,6531,32.194,0.5251,1,8.46820313629078,4.404637279146666,71.27790305512718,70.24448620176517,3.357142857142857,850
A_dense_fixed,6,0.775,4,DenseGCN,0.0,1.0,34,6531,32.194,0.5251,2,10.423123865260544,5.259731830403052,76.54066462262087,85.8268350341008,4.142857142857143,850
A_dense_fixed,6,0.775,4,DenseGCN,0.0,1.0,34,6531,32.194,0.5251,3,12.934248998089865,6.428493547084371,93.35453548078452,103.62737779195584,4.642857142857143,850
A_dense_fixed,6,0.775,5,DenseGCN,0.0,1.0,34,6531,44.492,0.6465,0,10.635573270167843,5.316068067355401,86.46304424935423,85.72544456374358,nan,2550
A_dense_fixed,6,0.775,5,DenseGCN,0.0,1.0,34,6531,44.492,0.6465,1,8.688249227307928,4.521140367882326,93.45487108264079,73.49956435197882,2.5,850
A_dense_fixed,6,0.775,5,DenseGCN,0.0,1.0,34,6531,44.492,0.6465,2,10.171098431215997,5.129395526787814,71.26154627807912,82.76705706203735,4.142857142857143,850
A_dense_fixed,6,0.775,5,DenseGCN,0.0,1.0,34,6531,44.492,0.6465,3,12.665280826812518,6.297668307396063,94.6727153873428,100.9292753941397,4.071428571428571,850
A_dense_fixed,6,0.775,6,DenseGCN,0.0,1.0,34,6531,38.15,0.6127,0,10.847000590251392,5.41323884271797,86.36125661373755,87.9129265959556,nan,2550
A_dense_fixed,6,0.775,6,DenseGCN,0.0,1.0,34,6531,38.15,0.6127,1,8.30314369854622,4.332892602134913,72.31773896095663,69.79471303490104,2.5,850
A_dense_fixed,6,0.775,6,DenseGCN,0.0,1.0,34,6531,38.15,0.6127,2,10.384222522277978,5.257457966579241,86.23976832936084,86.05718860140308,4.142857142857143,850
A_dense_fixed,6,0.775,6,DenseGCN,0.0,1.0,34,6531,38.15,0.6127,3,13.273959196255243,6.649365959439756,100.52626255089511,107.9315502060494,4.785714285714286,850
A_dense_fixed,6,0.775,7,DenseGCN,0.0,1.0,34,6531,33.842,0.6047,0,10.75399027659712,5.384343669458803,89.7080583144907,87.83917713088601,nan,2550
A_dense_fixed,6,0.775,7,DenseGCN,0.0,1.0,34,6531,33.842,0.6047,1,8.67617231441166,4.538932137957993,93.26179256332497,73.82765867478741,2.5,850
A_dense_fixed,6,0.775,7,DenseGCN,0.0,1.0,34,6531,33.842,0.6047,2,10.64998343445958,5.34965327540974,88.29558052212013,88.91975291567448,4.0,850
A_dense_fixed,6,0.775,7,DenseGCN,0.0,1.0,34,6531,33.842,0.6047,3,12.57961873125769,6.264445595008677,87.56680185802698,100.82026761622922,4.642857142857143,850
A_dense_fixed,7,0.85,0,DenseGCN,0.0,1.0,34,6531,39.812,0.5851,0,88.75402603669137,21.538202855515443,91.19062394675231,398.4910933907082,nan,2550
A_dense_fixed,7,0.85,0,DenseGCN,0.0,1.0,34,6531,39.812,0.5851,1,90.80218749985424,20.9304060358651,92.23966437529319,435.1802746199916,2.56,850
A_dense_fixed,7,0.85,0,DenseGCN,0.0,1.0,34,6531,39.812,0.5851,2,88.50143276730338,21.412957167058416,87.69650136689651,316.3206095260935,3.32,850
A_dense_fixed,7,0.85,0,DenseGCN,0.0,1.0,34,6531,39.812,0.5851,3,86.91542185677326,22.271245363622814,93.63570609806726,444.0529070212005,4.16,850
A_dense_fixed,7,0.85,1,DenseGCN,0.0,1.0,34,6531,32.818,0.4628,0,88.75764712112358,21.579663088465512,89.29553967266209,401.7180847419084,nan,2550
A_dense_fixed,7,0.85,1,DenseGCN,0.0,1.0,34,6531,32.818,0.4628,1,88.72291175334297,20.480852819786,83.20538728813274,414.23650612133383,2.56,850
A_dense_fixed,7,0.85,1,DenseGCN,0.0,1.0,34,6531,32.818,0.4628,2,87.83592072736806,21.298579433616112,89.10920893576848,315.5063727676643,3.32,850
A_dense_fixed,7,0.85,1,DenseGCN,0.0,1.0,34,6531,32.818,0.4628,3,89.70426816722667,22.959557011994423,95.57202279408504,475.2709526878498,4.16,850
A_dense_fixed,7,0.85,2,DenseGCN,0.0,1.0,34,6531,54.335,0.6058,0,90.27451701776802,21.90039023399774,97.9768199655023,415.3739648578333,nan,2550
A_dense_fixed,7,0.85,2,DenseGCN,0.0,1.0,34,6531,54.335,0.6058,1,93.04385244319624,21.399130729439065,98.94104100367531,459.34412404144484,2.56,850
A_dense_fixed,7,0.85,2,DenseGCN,0.0,1.0,34,6531,54.335,0.6058,2,89.5838170418242,21.692544215545247,97.94757300152183,326.66240645585907,3.32,850
A_dense_fixed,7,0.85,2,DenseGCN,0.0,1.0,34,6531,54.335,0.6058,3,88.12517526291543,22.60949575700891,97.04184589130976,460.2400362815321,4.36,850
A_dense_fixed,7,0.85,3,DenseGCN,0.0,1.0,34,6531,38.751,0.5778,0,90.51157924831398,21.861571837567592,91.89791723053314,415.5418166020886,nan,2550
A_dense_fixed,7,0.85,3,DenseGCN,0.0,1.0,34,6531,38.751,0.5778,1,90.08888112835663,20.6909760733687,88.05034523406584,426.4859421416517,2.56,850
A_dense_fixed,7,0.85,3,DenseGCN,0.0,1.0,34,6531,38.751,0.5778,2,90.18060337915023,21.79070837933762,95.93674783934314,334.2994938281039,3.32,850
A_dense_fixed,7,0.85,3,DenseGCN,0.0,1.0,34,6531,38.751,0.5778,3,91.2605621574001,23.10303105999645,91.70665861819045,485.7003025921949,4.36,850
A_dense_fixed,7,0.85,4,DenseGCN,0.0,1.0,34,6531,43.93,0.6445,0,88.0789693106138,21.402967224684595,85.85480796483225,389.8806684292508,nan,2550
A_dense_fixed,7,0.85,4,DenseGCN,0.0,1.0,34,6531,43.93,0.6445,1,87.19498056165234,20.24567779477905,83.14732951982052,400.71293589501914,2.76,850
A_dense_fixed,7,0.85,4,DenseGCN,0.0,1.0,34,6531,43.93,0.6445,2,89.57700927407242,21.584774902051397,86.77412184057924,323.4133720643681,3.32,850
A_dense_fixed,7,0.85,4,DenseGCN,0.0,1.0,34,6531,43.93,0.6445,3,87.4454645983767,22.37844897722334,87.64297253409693,445.41765838473594,4.36,850
A_dense_fixed,7,0.85,5,DenseGCN,0.0,1.0,34,6531,57.198,0.5674,0,89.2768323123657,21.62624221633233,94.11419403490858,406.31095026473963,nan,2550
A_dense_fixed,7,0.85,5,DenseGCN,0.0,1.0,34,6531,57.198,0.5674,1,90.35322443628786,20.839257841809268,94.7586813918909,432.6683102111179,2.56,850
A_dense_fixed,7,0.85,5,DenseGCN,0.0,1.0,34,6531,57.198,0.5674,2,88.21405476625881,21.386001815440935,90.63043947631006,314.6267103905439,3.32,850
A_dense_fixed,7,0.85,5,DenseGCN,0.0,1.0,34,6531,57.198,0.5674,3,89.25039909631818,22.653466991746786,96.95346123652477,471.6014314622975,4.16,850
A_dense_fixed,7,0.85,6,DenseGCN,0.0,1.0,34,6531,31.346,0.4162,0,89.11454710104147,21.598066756418024,93.6441855295685,403.2566143827597,nan,2550
A_dense_fixed,7,0.85,6,DenseGCN,0.0,1.0,34,6531,31.346,0.4162,1,91.22394718123476,20.943794160177813,93.43147013346886,437.752443172775,2.56,850
A_dense_fixed,7,0.85,6,DenseGCN,0.0,1.0,34,6531,31.346,0.4162,2,88.1815958389378,21.35877101540798,92.58051492343927,320.5477538928997,3.32,850
A_dense_fixed,7,0.85,6,DenseGCN,0.0,1.0,34,6531,31.346,0.4162,3,87.89997230400435,22.491635093668283,94.92057153179738,451.5296132568619,4.36,850
A_dense_fixed,7,0.85,7,DenseGCN,0.0,1.0,34,6531,32.295,0.4244,0,87.68106019243204,21.38938480237953,96.49859696858165,394.5527110937898,nan,2550
A_dense_fixed,7,0.85,7,DenseGCN,0.0,1.0,34,6531,32.295,0.4244,1,87.93047844500505,20.368399366776266,96.45513652007537,411.42582396925366,2.56,850
A_dense_fixed,7,0.85,7,DenseGCN,0.0,1.0,34,6531,32.295,0.4244,2,87.08791702093617,21.20299296411946,96.59960801409167,314.05906479953575,3.32,850
A_dense_fixed,7,0.85,7,DenseGCN,0.0,1.0,34,6531,32.295,0.4244,3,88.02176218864123,22.596762076242868,96.44104637157793,458.0870271744332,4.08,850
A_dense_fixed,8,0.925,0,DenseGCN,0.0,1.0,34,6531,222.1,0.5676,0,27.686097219584283,11.874823276509238,79.9233797905915,100.75919997817935,nan,2550
A_dense_fixed,8,0.925,0,DenseGCN,0.0,1.0,34,6531,222.1,0.5676,1,25.13928635782295,9.84716777257907,73.4341118252268,81.103439493381,2.7142857142857144,850
A_dense_fixed,8,0.925,0,DenseGCN,0.0,1.0,34,6531,222.1,0.5676,2,26.889737778113354,11.726432785262517,79.56303016301476,100.24393414446399,3.3333333333333335,850
A_dense_fixed,8,0.925,0,DenseGCN,0.0,1.0,34,6531,222.1,0.5676,3,30.733015169366286,14.050869271686123,86.77299738353294,120.79441051448201,5.476190476190476,850
A_dense_fixed,8,0.925,1,DenseGCN,0.0,1.0,34,6531,274.82,0.7269,0,28.19586902852265,12.182246198509866,83.04508612509578,101.0274480835446,nan,2550
A_dense_fixed,8,0.925,1,DenseGCN,0.0,1.0,34,6531,274.82,0.7269,1,25.552086848681018,10.657886999359778,79.15174950982286,85.5569880534907,2.761904761904762,850
A_dense_fixed,8,0.925,1,DenseGCN,0.0,1.0,34,6531,274.82,0.7269,2,28.35351972783409,12.058495044914102,81.2358103263539,100.78468762449415,4.0,850
A_dense_fixed,8,0.925,1,DenseGCN,0.0,1.0,34,6531,274.82,0.7269,3,30.466208617771823,13.830356551255715,88.74769853911059,116.6344364889382,5.428571428571429,850
A_dense_fixed,8,0.925,2,DenseGCN,0.0,1.0,34,6531,138.467,0.6092,0,27.837445546211676,11.868734886363757,83.54838313521854,99.85894665565424,nan,2550
A_dense_fixed,8,0.925,2,DenseGCN,0.0,1.0,34,6531,138.467,0.6092,1,25.638504822828676,10.143844806652941,78.07621016937355,85.11139322472128,2.4285714285714284,850
A_dense_fixed,8,0.925,2,DenseGCN,0.0,1.0,34,6531,138.467,0.6092,2,27.42576527082052,11.7890752713058,82.47119633241412,99.34763513601928,3.380952380952381,850
A_dense_fixed,8,0.925,2,DenseGCN,0.0,1.0,34,6531,138.467,0.6092,3,30.253340201943768,13.673284581132535,90.09774290386792,115.0154011277003,5.333333333333333,850
A_dense_fixed,8,0.925,3,DenseGCN,0.0,1.0,34,6531,194.674,0.837,0,26.417777509155883,11.58464255132402,79.57526620751293,97.56618326925727,nan,2550
A_dense_fixed,8,0.925,3,DenseGCN,0.0,1.0,34,6531,194.674,0.837,1,24.105064865317875,9.678136460343923,73.31818772898717,80.2411298705977,1.9047619047619047,850
A_dense_fixed,8,0.925,3,DenseGCN,0.0,1.0,34,6531,194.674,0.837,2,26.13363794636585,11.615091598402051,79.18476748499234,97.0006165905722,3.2857142857142856,850
A_dense_fixed,8,0.925,3,DenseGCN,0.0,1.0,34,6531,194.674,0.837,3,28.804092089438814,13.460699595226085,86.2228434085593,115.33663740506537,4.285714285714286,850
A_dense_fixed,8,0.925,4,DenseGCN,0.0,1.0,34,6531,265.967,3.3609,0,25.798113509564512,11.082849323853631,79.44041217747396,88.75773420800522,nan,2550
A_dense_fixed,8,0.925,4,DenseGCN,0.0,1.0,34,6531,265.967,3.3609,1,24.26358134227114,9.51112743758432,73.74719078845445,76.58540489292109,2.857142857142857,850
A_dense_fixed,8,0.925,4,DenseGCN,0.0,1.0,34,6531,265.967,3.3609,2,24.682827435825057,10.891516290762024,78.65743035757055,86.6243586588761,4.523809523809524,850
A_dense_fixed,8,0.925,4,DenseGCN,0.0,1.0,34,6531,265.967,3.3609,3,28.26065519724194,12.84590424321455,85.91661538639688,102.97192645558874,4.476190476190476,850
A_dense_fixed,8,0.925,5,DenseGCN,0.0,1.0,34,6531,50.579,0.6242,0,27.018211792878216,11.09200001897788,76.02424724030796,93.52460901310332,nan,2550
A_dense_fixed,8,0.925,5,DenseGCN,0.0,1.0,34,6531,50.579,0.6242,1,24.623352855900514,9.461494990856771,66.95275964225857,78.37519648081248,1.619047619047619,850
A_dense_fixed,8,0.925,5,DenseGCN,0.0,1.0,34,6531,50.579,0.6242,2,26.60529565474993,10.915539894085034,74.53202848955918,92.66794587354455,3.5238095238095237,850
A_dense_fixed,8,0.925,5,DenseGCN,0.0,1.0,34,6531,50.579,0.6242,3,29.593919015764556,12.898965171991835,86.58795358910616,109.424130872599,5.428571428571429,850
A_dense_fixed,8,0.925,6,DenseGCN,0.0,1.0,34,6531,225.736,0.6394,0,27.93897764314453,12.222180178832405,82.34136783425863,104.03542226446069,nan,2550
A_dense_fixed,8,0.925,6,DenseGCN,0.0,1.0,34,6531,225.736,0.6394,1,25.32678466257544,10.321651278386605,76.28688508153361,86.19474655166827,2.7142857142857144,850
A_dense_fixed,8,0.925,6,DenseGCN,0.0,1.0,34,6531,225.736,0.6394,2,27.446627811536658,11.995115775435629,82.07808508921538,103.67711589347401,4.380952380952381,850
A_dense_fixed,8,0.925,6,DenseGCN,0.0,1.0,34,6531,225.736,0.6394,3,30.77330037001078,14.34977348267498,88.65913333202695,122.11157673235287,6.238095238095238,850
A_dense_fixed,8,0.925,7,DenseGCN,0.0,1.0,34,6531,163.589,4.4896,0,26.93336597738574,11.524515217431277,83.58997701370411,99.3531308683639,nan,2550
A_dense_fixed,8,0.925,7,DenseGCN,0.0,1.0,34,6531,163.589,4.4896,1,25.35868440997715,9.805790617365034,78.46924910948835,83.94714945445352,1.5238095238095237,850
A_dense_fixed,8,0.925,7,DenseGCN,0.0,1.0,34,6531,163.589,4.4896,2,26.05291057212163,11.409657692894244,83.90139863555004,98.64556916630865,3.2857142857142856,850
A_dense_fixed,8,0.925,7,DenseGCN,0.0,1.0,34,6531,163.589,4.4896,3,29.230148551309384,13.358097342034556,88.39928329607399,115.35898338272989,4.523809523809524,850
A_mech0.3,1,0.4,0,AdaptiveGCN,0.0,0.7919574975967407,34,7032,29.64,0.6881,0,89.42376986320352,36.41713403101417,59.9351937473116,58.37948677650808,nan,2550
A_mech0.3,1,0.4,0,AdaptiveGCN,0.0,0.7919574975967407,34,7032,29.64,0.6881,1,53.57973254686956,25.461221643091342,53.60850478255813,55.68515333796865,2.52,850
A_mech0.3,1,0.4,0,AdaptiveGCN,0.0,0.7919574975967407,34,7032,29.64,0.6881,2,77.93013636866232,35.042815673318415,58.954440897486435,59.50836895417336,2.96,850
A_mech0.3,1,0.4,0,AdaptiveGCN,0.0,0.7919574975967407,34,7032,29.64,0.6881,3,122.6618846888029,48.74736477663275,67.24263556189024,59.92622741158199,6.12,850
A_mech0.3,1,0.4,1,AdaptiveGCN,0.0,0.8072717189788818,34,7032,30.681,0.7605,0,89.16309228794253,36.62238068209997,60.35919829184612,59.59861642151001,nan,2550
A_mech0.3,1,0.4,1,AdaptiveGCN,0.0,0.8072717189788818,34,7032,30.681,0.7605,1,58.95384533112146,26.91125608544961,55.31621374634458,57.113783592338194,3.08,850
A_mech0.3,1,0.4,1,AdaptiveGCN,0.0,0.8072717189788818,34,7032,30.681,0.7605,2,82.73915319104916,36.149250123421936,59.754708142217304,61.99026553676149,3.72,850
A_mech0.3,1,0.4,1,AdaptiveGCN,0.0,0.8072717189788818,34,7032,30.681,0.7605,3,116.31357499856489,46.80663583742838,66.00667298697647,59.679443566556756,6.2,850
A_mech0.3,1,0.4,2,AdaptiveGCN,0.0,0.7419708371162415,34,7032,29.822,0.5909,0,116.47673481220633,44.6126004706346,64.47943533701523,58.83186683103268,nan,2550
A_mech0.3,1,0.4,2,AdaptiveGCN,0.0,0.7419708371162415,34,7032,29.822,0.5909,1,73.33250276981029,30.840635847211267,55.83291964241867,54.118174405538255,3.08,850
A_mech0.3,1,0.4,2,AdaptiveGCN,0.0,0.7419708371162415,34,7032,29.822,0.5909,2,106.99228825053736,43.563788464851676,64.50228248817301,60.14649555569596,4.28,850
A_mech0.3,1,0.4,2,AdaptiveGCN,0.0,0.7419708371162415,34,7032,29.822,0.5909,3,154.5169361266551,59.43337709984085,73.10310388045399,62.195801195945464,8.84,850
A_mech0.3,1,0.4,3,AdaptiveGCN,0.0,0.71583092212677,34,7032,27.924,0.6194,0,120.85054432797304,46.431803453877826,65.55007330160521,59.05537234348732,nan,2550
A_mech0.3,1,0.4,3,AdaptiveGCN,0.0,0.71583092212677,34,7032,27.924,0.6194,1,83.3580456950973,33.6637272454486,57.02266685086913,54.68248658384714,3.92,850
A_mech0.3,1,0.4,3,AdaptiveGCN,0.0,0.71583092212677,34,7032,27.924,0.6194,2,114.92192858572628,46.10894737732213,65.97928533898843,60.99027822053309,5.36,850
A_mech0.3,1,0.4,3,AdaptiveGCN,0.0,0.71583092212677,34,7032,27.924,0.6194,3,153.81465710761577,59.52273573886274,73.64826771495801,61.463357688371524,9.28,850
A_mech0.3,1,0.4,4,AdaptiveGCN,0.0,0.7716618776321411,34,7032,24.009,0.5967,0,107.43083144053347,42.02386114497351,62.533940447079516,57.97494277819204,nan,2550
A_mech0.3,1,0.4,4,AdaptiveGCN,0.0,0.7716618776321411,34,7032,24.009,0.5967,1,72.16108384130757,30.273811751507935,54.317704256946634,53.73001498183736,2.44,850
A_mech0.3,1,0.4,4,AdaptiveGCN,0.0,0.7716618776321411,34,7032,24.009,0.5967,2,98.13822298131723,41.00468015540063,63.08775580204797,59.47252967050185,3.48,850
A_mech0.3,1,0.4,4,AdaptiveGCN,0.0,0.7716618776321411,34,7032,24.009,0.5967,3,140.662069517443,54.793091528011956,70.19636128224394,60.691785817790056,7.56,850
A_mech0.3,1,0.4,5,AdaptiveGCN,0.0,0.6973845362663269,34,7032,40.775,0.8786,0,110.51265995436125,43.5381438515605,64.08181356267616,58.13417563875403,nan,2550
A_mech0.3,1,0.4,5,AdaptiveGCN,0.0,0.6973845362663269,34,7032,40.775,0.8786,1,72.9613130463584,30.86033438581737,55.373228147379,54.102799233738985,3.12,850
A_mech0.3,1,0.4,5,AdaptiveGCN,0.0,0.6973845362663269,34,7032,40.775,0.8786,2,102.82344822480484,42.95942502863486,64.55353435150612,60.07994520224542,4.2,850
A_mech0.3,1,0.4,5,AdaptiveGCN,0.0,0.6973845362663269,34,7032,40.775,0.8786,3,144.02475247080625,56.794672140229274,72.31867818914336,60.19271799884523,7.56,850
A_mech0.3,1,0.4,6,AdaptiveGCN,0.0,0.7888217568397522,34,7032,27.259,0.747,0,117.22472525090186,45.03652601339284,64.41461836619877,58.303759372526685,nan,2550
A_mech0.3,1,0.4,6,AdaptiveGCN,0.0,0.7888217568397522,34,7032,27.259,0.747,1,73.19072446618355,30.598292958317874,54.549474569297296,53.88114647128537,2.92,850
A_mech0.3,1,0.4,6,AdaptiveGCN,0.0,0.7888217568397522,34,7032,27.259,0.747,2,111.00144367323172,45.22231400231324,65.1200250517031,59.66816895957127,4.24,850
A_mech0.3,1,0.4,6,AdaptiveGCN,0.0,0.7888217568397522,34,7032,27.259,0.747,3,153.44935967615456,59.288971079547395,73.5743554775959,61.32947772717377,9.0,850
A_mech0.3,1,0.4,7,AdaptiveGCN,0.0,0.8055772185325623,34,7032,21.674,0.5825,0,86.39307231888257,35.74164610269534,59.03307831535153,57.934175950701686,nan,2550
A_mech0.3,1,0.4,7,AdaptiveGCN,0.0,0.8055772185325623,34,7032,21.674,0.5825,1,62.00184256651797,27.65401772613363,53.27706115547546,54.817580893003196,2.52,850
A_mech0.3,1,0.4,7,AdaptiveGCN,0.0,0.8055772185325623,34,7032,21.674,0.5825,2,78.37550746517776,34.5122243378925,58.6834012143314,59.25112767351616,2.96,850
A_mech0.3,1,0.4,7,AdaptiveGCN,0.0,0.8055772185325623,34,7032,21.674,0.5825,3,111.37477354418999,45.058696244059895,65.13877257624773,59.71221673391045,6.2,850
A_mech0.3,2,0.475,0,AdaptiveGCN,0.0,0.8013681769371033,34,7032,25.987,0.6341,0,118.9825991261434,43.273789969958756,43.169266636718895,51.95818742358895,nan,2550
A_mech0.3,2,0.475,0,AdaptiveGCN,0.0,0.8013681769371033,34,7032,25.987,0.6341,1,100.12875685208112,36.608478251191485,37.958213845205954,44.130094314879805,1.24,850
A_mech0.3,2,0.475,0,AdaptiveGCN,0.0,0.8013681769371033,34,7032,25.987,0.6341,2,120.92005025347457,44.50214983224869,42.385022872965614,50.498184833009304,2.0,850
A_mech0.3,2,0.475,0,AdaptiveGCN,0.0,0.8013681769371033,34,7032,25.987,0.6341,3,133.50337142706033,48.7107418264361,49.1645631919851,61.24628312287774,3.84,850
A_mech0.3,2,0.475,1,AdaptiveGCN,0.0,0.5322891473770142,34,7032,59.108,0.7936,0,140.04587767709816,48.22394886763748,46.17132040729713,52.04918669005087,nan,2550
A_mech0.3,2,0.475,1,AdaptiveGCN,0.0,0.5322891473770142,34,7032,59.108,0.7936,1,115.21945907340205,39.16627218713929,40.31555838876386,41.40285343737098,3.04,850
A_mech0.3,2,0.475,1,AdaptiveGCN,0.0,0.5322891473770142,34,7032,59.108,0.7936,2,134.49112419599072,48.018047779434745,45.48601105097785,50.0386483448546,4.36,850
A_mech0.3,2,0.475,1,AdaptiveGCN,0.0,0.5322891473770142,34,7032,59.108,0.7936,3,165.75631911446834,57.48752663633841,52.71239178214967,64.706058287927,3.36,850
A_mech0.3,2,0.475,2,AdaptiveGCN,0.0,0.5520686507225037,34,7032,80.378,0.9148,0,127.07785891347537,46.67812261162691,46.272648174027324,54.18263982225461,nan,2550
A_mech0.3,2,0.475,2,AdaptiveGCN,0.0,0.5520686507225037,34,7032,80.378,0.9148,1,95.26172554851466,34.811007488732606,38.723125603038795,41.3208652029731,1.24,850
A_mech0.3,2,0.475,2,AdaptiveGCN,0.0,0.5520686507225037,34,7032,80.378,0.9148,2,123.32020767642854,45.11423317533644,45.592135348721676,51.35850322464628,2.4,850
A_mech0.3,2,0.475,2,AdaptiveGCN,0.0,0.5520686507225037,34,7032,80.378,0.9148,3,155.44670051905723,60.10912717081168,54.50268357032152,69.86855103914445,4.12,850
A_mech0.3,2,0.475,3,AdaptiveGCN,0.0,0.5179327726364136,34,7032,82.286,3.0731,0,169.4019496469904,56.63598869407549,48.3889964220906,55.883120902135055,nan,2550
A_mech0.3,2,0.475,3,AdaptiveGCN,0.0,0.5179327726364136,34,7032,82.286,3.0731,1,128.5653659424334,43.16046950956478,40.39660506698618,42.97143038441718,4.24,850
A_mech0.3,2,0.475,3,AdaptiveGCN,0.0,0.5179327726364136,34,7032,82.286,3.0731,2,178.64070980686247,60.46823351982433,48.654902356842385,54.432344464605386,4.52,850
A_mech0.3,2,0.475,3,AdaptiveGCN,0.0,0.5179327726364136,34,7032,82.286,3.0731,3,194.03480386877237,66.27926305283738,56.11548184244322,70.24558785738263,4.36,850
A_mech0.3,2,0.475,4,AdaptiveGCN,0.0,0.801023006439209,34,7032,33.301,1.0863,0,125.1510027104481,42.15874258742284,43.30845240389784,49.66112864404602,nan,2550
A_mech0.3,2,0.475,4,AdaptiveGCN,0.0,0.801023006439209,34,7032,33.301,1.0863,1,105.85365139252073,36.29000958844964,38.38114063761747,41.19414988185288,1.72,850
A_mech0.3,2,0.475,4,AdaptiveGCN,0.0,0.801023006439209,34,7032,33.301,1.0863,2,129.4833298899645,43.594503485455235,42.14178173092357,47.97953760544748,2.72,850
A_mech0.3,2,0.475,4,AdaptiveGCN,0.0,0.801023006439209,34,7032,33.301,1.0863,3,137.90356125122034,46.59171468836365,49.4024348431525,59.809698444837686,4.44,850
A_mech0.3,2,0.475,5,AdaptiveGCN,0.0,0.8034595847129822,34,7032,40.473,0.9711,0,129.68951431648458,45.59752925074824,44.686008429974954,53.80110197006586,nan,2550
A_mech0.3,2,0.475,5,AdaptiveGCN,0.0,0.8034595847129822,34,7032,40.473,0.9711,1,122.6829058159454,39.94148627036963,39.15227960111471,42.39520995905873,2.56,850
A_mech0.3,2,0.475,5,AdaptiveGCN,0.0,0.8034595847129822,34,7032,40.473,0.9711,2,116.03548977452725,43.36960281853728,43.78075885601857,51.82442970199676,2.04,850
A_mech0.3,2,0.475,5,AdaptiveGCN,0.0,0.8034595847129822,34,7032,40.473,0.9711,3,148.13095592845684,53.48149866333779,51.12498683279158,67.18366624914208,3.4,850
A_mech0.3,2,0.475,6,AdaptiveGCN,0.0,0.5953465104103088,34,7032,141.887,0.7825,0,161.09053695962012,55.710642361656085,47.984321633785214,57.003577916028014,nan,2550
A_mech0.3,2,0.475,6,AdaptiveGCN,0.0,0.5953465104103088,34,7032,141.887,0.7825,1,126.03516017357926,43.608086600051095,41.104535829955545,44.99016889677998,4.0,850
A_mech0.3,2,0.475,6,AdaptiveGCN,0.0,0.5953465104103088,34,7032,141.887,0.7825,2,171.67458410671162,59.6250238055429,47.89881559916246,56.95302176724163,5.96,850
A_mech0.3,2,0.475,6,AdaptiveGCN,0.0,0.5953465104103088,34,7032,141.887,0.7825,3,180.25942101766563,63.898816679374264,54.94961347223766,69.06754308406245,5.6,850
A_mech0.3,2,0.475,7,AdaptiveGCN,0.0,0.8016830682754517,34,7032,39.228,0.6255,0,134.42282379889733,45.1621251146257,43.24694308939906,48.62268919597244,nan,2550
A_mech0.3,2,0.475,7,AdaptiveGCN,0.0,0.8016830682754517,34,7032,39.228,0.6255,1,136.8105609030077,43.977570309856745,38.794024651957415,40.54056804965959,2.72,850
A_mech0.3,2,0.475,7,AdaptiveGCN,0.0,0.8016830682754517,34,7032,39.228,0.6255,2,129.93422339483894,41.978044164110635,41.6139701365871,45.20449018326796,3.04,850
A_mech0.3,2,0.475,7,AdaptiveGCN,0.0,0.8016830682754517,34,7032,39.228,0.6255,3,136.4128098471427,49.530760869909734,49.33283447965266,60.123009354989755,3.32,850
A_mech0.3,3,0.55,0,AdaptiveGCN,0.0,0.5028038024902344,34,7032,103.59,0.6998,0,22.92579173345458,12.313850737807213,57.85632805287732,61.49411267009044,nan,2550
A_mech0.3,3,0.55,0,AdaptiveGCN,0.0,0.5028038024902344,34,7032,103.59,0.6998,1,16.34103486282734,9.469986563040052,50.79893604172601,54.69163088449234,1.5,850
A_mech0.3,3,0.55,0,AdaptiveGCN,0.0,0.5028038024902344,34,7032,103.59,0.6998,2,22.89405944933182,12.394994088599788,58.74507390436794,62.78197440585317,3.375,850
A_mech0.3,3,0.55,0,AdaptiveGCN,0.0,0.5028038024902344,34,7032,103.59,0.6998,3,28.028706737192234,15.0765715617818,64.02497421253803,67.02362643435801,4.375,850
A_mech0.3,3,0.55,1,AdaptiveGCN,0.0,0.5790512561798096,34,7032,75.535,2.0535,0,22.018600626594615,12.247035227015834,56.41722603200806,63.96749833746558,nan,2550
A_mech0.3,3,0.55,1,AdaptiveGCN,0.0,0.5790512561798096,34,7032,75.535,2.0535,1,16.251238892313474,9.62040377650629,50.11261531567276,55.98262087994217,1.4166666666666667,850
A_mech0.3,3,0.55,1,AdaptiveGCN,0.0,0.5790512561798096,34,7032,75.535,2.0535,2,22.55587870359062,12.468880199691391,57.65993647726039,66.04802264232345,3.75,850
A_mech0.3,3,0.55,1,AdaptiveGCN,0.0,0.5790512561798096,34,7032,75.535,2.0535,3,26.107199984569075,14.65182170484982,61.47912630309102,69.88864620670932,4.375,850
A_mech0.3,3,0.55,2,AdaptiveGCN,0.0,0.4804780185222626,34,7032,96.647,0.9721,0,22.02093339242304,12.025270419263592,57.579064846822824,60.89931696523184,nan,2550
A_mech0.3,3,0.55,2,AdaptiveGCN,0.0,0.4804780185222626,34,7032,96.647,0.9721,1,16.169162622066434,9.582053005448817,50.89160362433711,55.4718178959011,1.1666666666666667,850
A_mech0.3,3,0.55,2,AdaptiveGCN,0.0,0.4804780185222626,34,7032,96.647,0.9721,2,21.933991145053856,11.961945836097001,57.86221418498231,62.90284947570902,2.7083333333333335,850
A_mech0.3,3,0.55,2,AdaptiveGCN,0.0,0.4804780185222626,34,7032,96.647,0.9721,3,26.687501474856443,14.531812416244955,63.98337673114906,64.33398662641694,3.125,850
A_mech0.3,3,0.55,3,AdaptiveGCN,0.0,0.5933123826980591,34,7032,57.948,0.8299,0,20.080456331532524,11.572036412394441,54.978106112090785,64.72868035546307,nan,2550
A_mech0.3,3,0.55,3,AdaptiveGCN,0.0,0.5933123826980591,34,7032,57.948,0.8299,1,15.599786001389289,9.405993757501026,49.90578634061201,56.95368569761522,2.6666666666666665,850
A_mech0.3,3,0.55,3,AdaptiveGCN,0.0,0.5933123826980591,34,7032,57.948,0.8299,2,20.753222748818974,11.81079144607572,56.08097184720646,67.8265417286832,4.541666666666667,850
A_mech0.3,3,0.55,3,AdaptiveGCN,0.0,0.5933123826980591,34,7032,57.948,0.8299,3,23.14356501700883,13.499324033606579,58.947560148453896,69.42087062672013,5.125,850
A_mech0.3,3,0.55,4,AdaptiveGCN,0.0,0.6635922789573669,34,7032,49.993,0.9618,0,21.943125877643887,12.172811511677699,55.95125328183439,64.19368090512219,nan,2550
A_mech0.3,3,0.55,4,AdaptiveGCN,0.0,0.6635922789573669,34,7032,49.993,0.9618,1,16.044907800063463,9.581667749925572,49.992598075816744,56.76879331311571,1.125,850
A_mech0.3,3,0.55,4,AdaptiveGCN,0.0,0.6635922789573669,34,7032,49.993,0.9618,2,22.203799191960105,12.337052789639873,57.28309135155347,66.43114683692394,2.625,850
A_mech0.3,3,0.55,4,AdaptiveGCN,0.0,0.6635922789573669,34,7032,49.993,0.9618,3,26.344915163593697,14.599713995467653,60.57807041813296,69.396353241569,4.0,850
A_mech0.3,3,0.55,5,AdaptiveGCN,0.0,0.7155152559280396,34,7032,56.236,0.9873,0,21.725924924647867,12.082814979338242,55.88607537600689,63.6183699538611,nan,2550
A_mech0.3,3,0.55,5,AdaptiveGCN,0.0,0.7155152559280396,34,7032,56.236,0.9873,1,15.954416266615011,9.588479293150252,50.09633602626804,57.193216661688226,1.125,850
A_mech0.3,3,0.55,5,AdaptiveGCN,0.0,0.7155152559280396,34,7032,56.236,0.9873,2,21.978882848016124,12.219174941778183,57.24164522203415,65.95372258956024,2.9166666666666665,850
A_mech0.3,3,0.55,5,AdaptiveGCN,0.0,0.7155152559280396,34,7032,56.236,0.9873,3,26.046741674133813,14.440790703086291,60.32024487971847,67.72088518584712,3.8333333333333335,850
A_mech0.3,3,0.55,6,AdaptiveGCN,0.0,0.6318094730377197,34,7032,47.308,0.6476,0,20.87259885407868,11.79839642629484,55.1069331006825,64.70840485288069,nan,2550
A_mech0.3,3,0.55,6,AdaptiveGCN,0.0,0.6318094730377197,34,7032,47.308,0.6476,1,15.811435576750359,9.515784843190957,49.722206897721904,57.171089297386416,1.1666666666666667,850
A_mech0.3,3,0.55,6,AdaptiveGCN,0.0,0.6318094730377197,34,7032,47.308,0.6476,2,21.26651716321609,11.961524112737354,56.22774617979067,67.37765147926548,3.4583333333333335,850
A_mech0.3,3,0.55,6,AdaptiveGCN,0.0,0.6318094730377197,34,7032,47.308,0.6476,3,24.591256607151422,13.917880322956206,59.37084622453494,69.5914742469051,4.541666666666667,850
A_mech0.3,3,0.55,7,AdaptiveGCN,0.0,0.4925026297569275,34,7032,77.056,2.408,0,22.140377589731784,12.102615638019827,56.726559986581826,60.72110863770387,nan,2550
A_mech0.3,3,0.55,7,AdaptiveGCN,0.0,0.4925026297569275,34,7032,77.056,2.408,1,15.90173911418665,9.462043509764925,50.16851795571552,54.91973684228783,1.0416666666666667,850
A_mech0.3,3,0.55,7,AdaptiveGCN,0.0,0.4925026297569275,34,7032,77.056,2.408,2,22.011566881371838,12.2017777949599,57.69572156642765,62.84968542034832,2.75,850
A_mech0.3,3,0.55,7,AdaptiveGCN,0.0,0.4925026297569275,34,7032,77.056,2.408,3,27.07793522443934,14.644025609334657,62.31544043760232,64.40535971674896,4.291666666666667,850
A_mech0.3,4,0.625,0,AdaptiveGCN,0.0,0.5382996797561646,34,7032,85.041,0.6514,0,31.955145670423722,14.918361671449178,52.532769612741795,61.216484167376265,nan,2550
A_mech0.3,4,0.625,0,AdaptiveGCN,0.0,0.5382996797561646,34,7032,85.041,0.6514,1,27.470379868010895,12.926560604578322,51.15080010462355,56.719816851197955,2.6666666666666665,850
A_mech0.3,4,0.625,0,AdaptiveGCN,0.0,0.5382996797561646,34,7032,85.041,0.6514,2,29.613524281912465,14.289758625810638,51.9925827619251,60.54518788358746,3.1666666666666665,850
A_mech0.3,4,0.625,0,AdaptiveGCN,0.0,0.5382996797561646,34,7032,85.041,0.6514,3,37.83928400440159,17.538765783958574,54.45492597167673,66.3844477673434,3.375,850
A_mech0.3,4,0.625,1,AdaptiveGCN,0.0,0.6844236254692078,34,7032,51.722,0.6855,0,30.901639248884944,14.420256900015907,51.78150385696747,58.05834134971539,nan,2550
A_mech0.3,4,0.625,1,AdaptiveGCN,0.0,0.6844236254692078,34,7032,51.722,0.6855,1,26.954367835769396,12.818664994583848,50.945606259240115,57.030006487517596,2.25,850
A_mech0.3,4,0.625,1,AdaptiveGCN,0.0,0.6844236254692078,34,7032,51.722,0.6855,2,29.03135545488123,13.93500865017776,51.58397427213092,59.04518469583175,2.9166666666666665,850
A_mech0.3,4,0.625,1,AdaptiveGCN,0.0,0.6844236254692078,34,7032,51.722,0.6855,3,35.99133756657367,16.507097055286113,52.81493103953142,58.09983286579684,6.416666666666667,850
A_mech0.3,4,0.625,2,AdaptiveGCN,0.0,0.4876177906990051,34,7032,100.035,1.6669,0,33.00221371775322,15.373666731369882,53.611882849419764,59.44747449112454,nan,2550
A_mech0.3,4,0.625,2,AdaptiveGCN,0.0,0.4876177906990051,34,7032,100.035,1.6669,1,27.309498970078927,12.840876043056522,50.92663248101034,55.476746795914664,2.5,850
A_mech0.3,4,0.625,2,AdaptiveGCN,0.0,0.4876177906990051,34,7032,100.035,1.6669,2,30.97025273183103,14.845470751789124,52.89964872829679,59.0068023503879,3.3333333333333335,850
A_mech0.3,4,0.625,2,AdaptiveGCN,0.0,0.4876177906990051,34,7032,100.035,1.6669,3,39.528129762822665,18.434653399264,57.009367338952174,63.85887432707108,4.375,850
A_mech0.3,4,0.625,3,AdaptiveGCN,0.0,0.6649448871612549,34,7032,68.963,1.0998,0,30.65713941391122,13.972069886812744,51.88875587135835,54.44475818170319,nan,2550
A_mech0.3,4,0.625,3,AdaptiveGCN,0.0,0.6649448871612549,34,7032,68.963,1.0998,1,26.841230477601382,12.415914916686015,50.279790554806326,53.43802029272213,2.6666666666666665,850
A_mech0.3,4,0.625,3,AdaptiveGCN,0.0,0.6649448871612549,34,7032,68.963,1.0998,2,28.850025614103718,13.452620602740687,51.17156506598525,53.79899642021153,3.2916666666666665,850
A_mech0.3,4,0.625,3,AdaptiveGCN,0.0,0.6649448871612549,34,7032,68.963,1.0998,3,35.592203635709446,16.04767414101153,54.2149119932835,56.09725783217585,3.625,850
A_mech0.3,4,0.625,4,AdaptiveGCN,0.0,0.6226840019226074,34,7032,62.67,0.764,0,30.951936740746987,14.331892379384383,52.24705701931482,56.56356059138157,nan,2550
A_mech0.3,4,0.625,4,AdaptiveGCN,0.0,0.6226840019226074,34,7032,62.67,0.764,1,26.76636223558006,12.546916472603197,50.04717178905606,54.457034678143046,2.6666666666666665,850
A_mech0.3,4,0.625,4,AdaptiveGCN,0.0,0.6226840019226074,34,7032,62.67,0.764,2,29.118229570996768,13.888605793031644,51.87828965741234,56.19629463129602,5.125,850
A_mech0.3,4,0.625,4,AdaptiveGCN,0.0,0.6226840019226074,34,7032,62.67,0.764,3,36.190575062218244,16.560154872518307,54.815709611476095,59.03735246470564,5.416666666666667,850
A_mech0.3,4,0.625,5,AdaptiveGCN,0.0,0.6138243675231934,34,7032,62.745,1.2153,0,31.21298827806286,14.300546963269475,52.66517011846371,55.495149378780596,nan,2550
A_mech0.3,4,0.625,5,AdaptiveGCN,0.0,0.6138243675231934,34,7032,62.745,1.2153,1,27.11362656770172,12.594460827853968,51.09710339848456,54.3331622033494,2.6666666666666665,850
A_mech0.3,4,0.625,5,AdaptiveGCN,0.0,0.6138243675231934,34,7032,62.745,1.2153,2,29.541754641930382,13.708576212339104,51.84657097613916,54.829320017188124,3.25,850
A_mech0.3,4,0.625,5,AdaptiveGCN,0.0,0.6138243675231934,34,7032,62.745,1.2153,3,36.261383023302805,16.598603849615355,55.05183598076741,57.32296591580428,3.625,850
A_mech0.3,4,0.625,6,AdaptiveGCN,0.0,0.6933826208114624,34,7032,60.835,0.616,0,30.64853887470338,14.33125077348143,52.67411646654555,56.78473009174072,nan,2550
A_mech0.3,4,0.625,6,AdaptiveGCN,0.0,0.6933826208114624,34,7032,60.835,0.616,1,26.693394937433915,12.616744140474372,50.89357372240403,55.35758296923268,2.6666666666666665,850
A_mech0.3,4,0.625,6,AdaptiveGCN,0.0,0.6933826208114624,34,7032,60.835,0.616,2,28.5909367661773,13.85576526470181,52.06473065854462,56.654456575476985,3.3333333333333335,850
A_mech0.3,4,0.625,6,AdaptiveGCN,0.0,0.6933826208114624,34,7032,60.835,0.616,3,35.8889928391595,16.52124291526811,55.06404501868798,58.342150730512486,3.7916666666666665,850
A_mech0.3,4,0.625,7,AdaptiveGCN,0.0,0.5345051288604736,34,7032,73.409,0.6905,0,31.44320946035935,14.623064593964749,52.101977478212305,56.45214476332158,nan,2550
A_mech0.3,4,0.625,7,AdaptiveGCN,0.0,0.5345051288604736,34,7032,73.409,0.6905,1,26.883853447089045,12.646576825081754,49.95651575202349,54.558475402147785,2.6666666666666665,850
A_mech0.3,4,0.625,7,AdaptiveGCN,0.0,0.5345051288604736,34,7032,73.409,0.6905,2,29.672519835553366,14.197465797592612,51.229083253590716,56.09499475439655,4.875,850
A_mech0.3,4,0.625,7,AdaptiveGCN,0.0,0.5345051288604736,34,7032,73.409,0.6905,3,36.916476727177326,17.02515115921988,55.120333429022715,58.70296413342038,5.25,850
A_mech0.3,5,0.7,0,AdaptiveGCN,0.0,0.6043872833251953,34,7032,75.562,1.0737,0,55.548290409348006,28.01174491493287,44.82010122699357,51.857912118549535,nan,2550
A_mech0.3,5,0.7,0,AdaptiveGCN,0.0,0.6043872833251953,34,7032,75.562,1.0737,1,39.96437300294017,21.079488127569064,37.22332318735324,39.4432113025229,0.96,850
A_mech0.3,5,0.7,0,AdaptiveGCN,0.0,0.6043872833251953,34,7032,75.562,1.0737,2,54.348482125320785,28.221072784136325,43.75432938139891,48.51151013082306,2.0,850
A_mech0.3,5,0.7,0,AdaptiveGCN,0.0,0.6043872833251953,34,7032,75.562,1.0737,3,68.59977465968343,34.734673833093225,53.48265111222857,67.83243275439717,3.7916666666666665,850
A_mech0.3,5,0.7,1,AdaptiveGCN,0.0,0.6185252666473389,34,7032,70.545,2.2161,0,56.575165404389985,29.038172786892883,46.3438519040379,53.068009984875786,nan,2550
A_mech0.3,5,0.7,1,AdaptiveGCN,0.0,0.6185252666473389,34,7032,70.545,2.2161,1,40.232617901350274,21.185361111614416,38.449231170277486,39.26995064218228,1.32,850
A_mech0.3,5,0.7,1,AdaptiveGCN,0.0,0.6185252666473389,34,7032,70.545,2.2161,2,55.30086717018207,29.177678342072177,45.335170210941214,49.355888849318255,3.12,850
A_mech0.3,5,0.7,1,AdaptiveGCN,0.0,0.6185252666473389,34,7032,70.545,2.2161,3,70.18118386456646,36.751478906992055,55.24715433089502,70.81530665133383,4.083333333333333,850
A_mech0.3,5,0.7,2,AdaptiveGCN,0.0,0.567726194858551,34,7032,79.942,0.7221,0,58.14302132259899,29.23560270115368,46.17367094663899,52.453074065977255,nan,2550
A_mech0.3,5,0.7,2,AdaptiveGCN,0.0,0.567726194858551,34,7032,79.942,0.7221,1,41.178334312401496,21.71032975944855,38.53394124810219,39.37002146690982,1.2,850
A_mech0.3,5,0.7,2,AdaptiveGCN,0.0,0.567726194858551,34,7032,79.942,0.7221,2,56.947670931797944,29.507876963311915,44.965314347148535,48.4872681198957,2.88,850
A_mech0.3,5,0.7,2,AdaptiveGCN,0.0,0.567726194858551,34,7032,79.942,0.7221,3,72.13279659253726,36.48860138070057,55.02175724466625,69.73190166631767,4.25,850
A_mech0.3,5,0.7,3,AdaptiveGCN,0.0,0.7012792825698853,34,7032,68.854,0.5849,0,54.72293463364065,28.75875028575169,47.774177350949984,56.03113219176309,nan,2550
A_mech0.3,5,0.7,3,AdaptiveGCN,0.0,0.7012792825698853,34,7032,68.854,0.5849,1,40.22086548262851,21.724583121046777,42.63811496021738,42.015387465235435,1.0,850
A_mech0.3,5,0.7,3,AdaptiveGCN,0.0,0.7012792825698853,34,7032,68.854,0.5849,2,53.5113463303095,29.006611469057663,45.92352927242387,52.389105142447534,1.88,850
A_mech0.3,5,0.7,3,AdaptiveGCN,0.0,0.7012792825698853,34,7032,68.854,0.5849,3,67.10153886833814,35.54505626715062,54.7608878202087,73.92827840478384,3.4583333333333335,850
A_mech0.3,5,0.7,4,AdaptiveGCN,0.0,0.6280438899993896,34,7032,69.818,0.7457,0,56.81084175238139,28.19330344837378,45.00907523475408,49.47857526979809,nan,2550
A_mech0.3,5,0.7,4,AdaptiveGCN,0.0,0.6280438899993896,34,7032,69.818,0.7457,1,41.004158863753055,21.380952802987988,38.2474998418017,38.95405127165427,1.36,850
A_mech0.3,5,0.7,4,AdaptiveGCN,0.0,0.6280438899993896,34,7032,69.818,0.7457,2,55.62457183759325,28.48177631342619,43.58774554479614,46.32198745500754,2.92,850
A_mech0.3,5,0.7,4,AdaptiveGCN,0.0,0.6280438899993896,34,7032,69.818,0.7457,3,70.04984786281047,34.71718122870716,53.19198031766441,63.34429534689727,3.8333333333333335,850
A_mech0.3,5,0.7,5,AdaptiveGCN,0.0,0.5684628486633301,34,7032,81.077,1.3635,0,58.022398929128705,29.518280510686342,46.4574649258349,54.052337782653495,nan,2550
A_mech0.3,5,0.7,5,AdaptiveGCN,0.0,0.5684628486633301,34,7032,81.077,1.3635,1,41.37315212044185,21.784234406483968,38.91836681548506,39.93796129468633,2.08,850
A_mech0.3,5,0.7,5,AdaptiveGCN,0.0,0.5684628486633301,34,7032,81.077,1.3635,2,56.92432319265375,29.81134524686591,45.22130652230411,50.02985163683442,2.92,850
A_mech0.3,5,0.7,5,AdaptiveGCN,0.0,0.5684628486633301,34,7032,81.077,1.3635,3,71.74733475990556,36.95926187870914,55.23272143971554,72.43434832512095,4.25,850
A_mech0.3,5,0.7,6,AdaptiveGCN,0.0,0.623367428779602,34,7032,70.698,0.6001,0,58.499177970006976,29.42300549503717,46.59918015030661,54.67292761413367,nan,2550
A_mech0.3,5,0.7,6,AdaptiveGCN,0.0,0.623367428779602,34,7032,70.698,0.6001,1,41.51352855333377,21.91643039344892,38.89955460591022,40.552015489251815,1.16,850
A_mech0.3,5,0.7,6,AdaptiveGCN,0.0,0.623367428779602,34,7032,70.698,0.6001,2,57.46939710670976,29.7075953571345,45.39525959378008,50.7305678366419,3.0,850
A_mech0.3,5,0.7,6,AdaptiveGCN,0.0,0.623367428779602,34,7032,70.698,0.6001,3,72.3903088316557,36.64499073452809,55.50272625122952,72.9805161251771,4.291666666666667,850
A_mech0.3,5,0.7,7,AdaptiveGCN,0.0,0.5244433879852295,34,7032,84.554,1.9696,0,58.94205080310887,29.844487012633984,47.71303434602362,56.06159074323413,nan,2550
A_mech0.3,5,0.7,7,AdaptiveGCN,0.0,0.5244433879852295,34,7032,84.554,1.9696,1,43.26287967226567,22.665929470795604,40.43691662502052,41.071629665947874,1.2,850
A_mech0.3,5,0.7,7,AdaptiveGCN,0.0,0.5244433879852295,34,7032,84.554,1.9696,2,57.800083844345664,30.21796934649129,46.61441756838076,52.093284420386844,3.08,850
A_mech0.3,5,0.7,7,AdaptiveGCN,0.0,0.5244433879852295,34,7032,84.554,1.9696,3,72.18011920659644,36.64956222061506,56.0877688446696,75.27671387801014,4.125,850
A_mech0.3,6,0.775,0,AdaptiveGCN,0.0,0.7135382294654846,34,7032,68.38,0.8843,0,10.661376487895946,5.311767798203584,79.73208288920236,85.15421123617931,nan,2550
A_mech0.3,6,0.775,0,AdaptiveGCN,0.0,0.7135382294654846,34,7032,68.38,0.8843,1,8.401618505395334,4.369049223082976,72.95483789665195,69.95728651978852,2.2142857142857144,850
A_mech0.3,6,0.775,0,AdaptiveGCN,0.0,0.7135382294654846,34,7032,68.38,0.8843,2,10.355653872850175,5.230011538372097,78.58250140785027,84.73625073880142,4.142857142857143,850
A_mech0.3,6,0.775,0,AdaptiveGCN,0.0,0.7135382294654846,34,7032,68.38,0.8843,3,12.773726363340629,6.336242633155678,87.65890936310487,100.81362669404608,4.642857142857143,850
A_mech0.3,6,0.775,1,AdaptiveGCN,0.0,0.7646098732948303,34,7032,61.024,0.7204,0,10.852002428979546,5.417375853251595,90.45916716972799,87.69885878362243,nan,2550
A_mech0.3,6,0.775,1,AdaptiveGCN,0.0,0.7646098732948303,34,7032,61.024,0.7204,1,8.608412608682258,4.479762670850443,88.16765094557731,72.53756687701987,2.2142857142857144,850
A_mech0.3,6,0.775,1,AdaptiveGCN,0.0,0.7646098732948303,34,7032,61.024,0.7204,2,10.636540466040154,5.359154246376643,91.94834733594752,88.29784731231454,4.0,850
A_mech0.3,6,0.775,1,AdaptiveGCN,0.0,0.7646098732948303,34,7032,61.024,0.7204,3,12.886314811795671,6.413210642527702,91.26150322765918,102.31188857692504,4.714285714285714,850
A_mech0.3,6,0.775,2,AdaptiveGCN,0.0,0.7552587389945984,34,7032,64.856,0.6106,0,10.74909367897247,5.377225031520057,92.60209670410558,87.15262749427907,nan,2550
A_mech0.3,6,0.775,2,AdaptiveGCN,0.0,0.7552587389945984,34,7032,64.856,0.6106,1,8.540566519723187,4.46300967507708,91.23984844770018,72.66393588309622,2.5,850
A_mech0.3,6,0.775,2,AdaptiveGCN,0.0,0.7552587389945984,34,7032,64.856,0.6106,2,10.509901988620557,5.3144776125186075,92.13975621640697,87.54486015895583,4.142857142857143,850
A_mech0.3,6,0.775,2,AdaptiveGCN,0.0,0.7552587389945984,34,7032,64.856,0.6106,3,12.776139028272615,6.354187806964482,94.42668544820957,101.29644506695739,4.571428571428571,850
A_mech0.3,6,0.775,3,AdaptiveGCN,0.0,0.6557005643844604,34,7032,79.826,1.0542,0,10.647061523006604,5.275890829810412,77.82312991008533,84.64430421848354,nan,2550
A_mech0.3,6,0.775,3,AdaptiveGCN,0.0,0.6557005643844604,34,7032,79.826,1.0542,1,8.465928298928715,4.395475844464527,74.53918423524301,70.37453891422481,2.2142857142857144,850
A_mech0.3,6,0.775,3,AdaptiveGCN,0.0,0.6557005643844604,34,7032,79.826,1.0542,2,10.390324790096063,5.231057558793793,77.28489662476224,84.1573297511387,5.0,850
A_mech0.3,6,0.775,3,AdaptiveGCN,0.0,0.6557005643844604,34,7032,79.826,1.0542,3,12.666845148567036,6.201139086172916,81.64530887025077,99.44227132766716,5.714285714285714,850
A_mech0.3,6,0.775,4,AdaptiveGCN,0.0,0.7912610769271851,34,7032,61.012,0.7002,0,10.756436435631919,5.382528755027634,92.76637344328026,87.79432803457283,nan,2550
A_mech0.3,6,0.775,4,AdaptiveGCN,0.0,0.7912610769271851,34,7032,61.012,0.7002,1,8.683558600092109,4.526497144372106,94.58269622578169,73.62837866141105,2.5,850
A_mech0.3,6,0.775,4,AdaptiveGCN,0.0,0.7912610769271851,34,7032,61.012,0.7002,2,10.475372872533423,5.3140313811758055,91.34980041452287,88.1449930005729,5.428571428571429,850
A_mech0.3,6,0.775,4,AdaptiveGCN,0.0,0.7912610769271851,34,7032,61.012,0.7002,3,12.72655285619507,6.307057739534991,92.36662368953617,101.65571253260326,4.571428571428571,850
A_mech0.3,6,0.775,5,AdaptiveGCN,0.0,0.7944377660751343,34,7032,62.403,0.5712,0,10.429998013509671,5.192944412205681,76.28851714454518,83.5259674228566,nan,2550
A_mech0.3,6,0.775,5,AdaptiveGCN,0.0,0.7944377660751343,34,7032,62.403,0.5712,1,8.37029042717465,4.356433991891339,71.6646990051246,69.91419344807782,2.7142857142857144,850
A_mech0.3,6,0.775,5,AdaptiveGCN,0.0,0.7944377660751343,34,7032,62.403,0.5712,2,10.222585636506548,5.169940013547539,75.29831828986595,84.04625752327446,4.142857142857143,850
A_mech0.3,6,0.775,5,AdaptiveGCN,0.0,0.7944377660751343,34,7032,62.403,0.5712,3,12.320371615924797,6.052459231178167,81.902534138645,96.66288495357601,4.571428571428571,850
A_mech0.3,6,0.775,6,AdaptiveGCN,0.0,0.7586826086044312,34,7032,66.528,0.6822,0,10.847557496684068,5.423676863154053,89.61908160790666,87.77531398405846,nan,2550
A_mech0.3,6,0.775,6,AdaptiveGCN,0.0,0.7586826086044312,34,7032,66.528,0.6822,1,8.630262677560939,4.50817892254522,86.46282553175013,72.79962066173428,3.357142857142857,850
A_mech0.3,6,0.775,6,AdaptiveGCN,0.0,0.7586826086044312,34,7032,66.528,0.6822,2,10.626873959576068,5.367471055638945,88.54277704436329,87.96804209058374,5.0,850
A_mech0.3,6,0.775,6,AdaptiveGCN,0.0,0.7586826086044312,34,7032,66.528,0.6822,3,12.86843529319641,6.395380611277994,93.85164224760655,102.60591067128486,4.571428571428571,850
A_mech0.3,6,0.775,7,AdaptiveGCN,0.0,0.7158306241035461,34,7032,73.364,0.727,0,11.056454523920236,5.5551296766237135,95.80523643513745,90.67526046297836,nan,2550
A_mech0.3,6,0.775,7,AdaptiveGCN,0.0,0.7158306241035461,34,7032,73.364,0.727,1,8.658929700566414,4.528918180526003,92.24765641000964,73.6859162252427,2.5,850
A_mech0.3,6,0.775,7,AdaptiveGCN,0.0,0.7158306241035461,34,7032,73.364,0.727,2,10.749262886192524,5.461905431084691,95.21200465313943,90.67010550712395,4.214285714285714,850
A_mech0.3,6,0.775,7,AdaptiveGCN,0.0,0.7158306241035461,34,7032,73.364,0.727,3,13.27448092253409,6.674565418260446,99.95604824226321,107.72240782502121,4.642857142857143,850
A_mech0.3,7,0.85,0,AdaptiveGCN,0.0,0.7586520314216614,34,7032,75.892,0.8166,0,88.52516392988167,21.437530346322028,86.97985478940798,396.7261656129191,nan,2550
A_mech0.3,7,0.85,0,AdaptiveGCN,0.0,0.7586520314216614,34,7032,75.892,0.8166,1,89.59454324154433,20.64039623455235,82.28356314370805,421.99383696606975,2.76,850
A_mech0.3,7,0.85,0,AdaptiveGCN,0.0,0.7586520314216614,34,7032,75.892,0.8166,2,88.39009422217528,21.326403350504116,87.72832391299531,317.9750536624251,3.52,850
A_mech0.3,7,0.85,0,AdaptiveGCN,0.0,0.7586520314216614,34,7032,75.892,0.8166,3,87.57923847106281,22.345791453909616,90.9276773115206,450.2010979912403,4.36,850
A_mech0.3,7,0.85,1,AdaptiveGCN,0.0,0.7615202069282532,34,7032,73.816,0.9758,0,89.88573550432125,21.754821434303878,96.25931634033542,411.0658150142246,nan,2550
A_mech0.3,7,0.85,1,AdaptiveGCN,0.0,0.7615202069282532,34,7032,73.816,0.9758,1,90.27113825993031,20.757762369604794,95.9548286511597,430.434958552473,2.76,850
A_mech0.3,7,0.85,1,AdaptiveGCN,0.0,0.7615202069282532,34,7032,73.816,0.9758,2,89.98493638804229,21.721941001439767,95.93295947350761,331.78385595408207,3.32,850
A_mech0.3,7,0.85,1,AdaptiveGCN,0.0,0.7615202069282532,34,7032,73.816,0.9758,3,89.39893266675458,22.78476093186708,96.89016089633894,470.91752078591537,4.16,850
A_mech0.3,7,0.85,2,AdaptiveGCN,0.0,0.6636760234832764,34,7032,93.147,0.7413,0,85.7237199196931,20.979284302852395,95.61430594217667,373.48472275489155,nan,2550
A_mech0.3,7,0.85,2,AdaptiveGCN,0.0,0.6636760234832764,34,7032,93.147,0.7413,1,87.53858967908981,20.310708876898186,87.82256432685092,405.4784568368199,2.76,850
A_mech0.3,7,0.85,2,AdaptiveGCN,0.0,0.6636760234832764,34,7032,93.147,0.7413,2,85.76227137073805,20.919976036659467,98.52852063461229,302.5547434499573,3.52,850
A_mech0.3,7,0.85,2,AdaptiveGCN,0.0,0.6636760234832764,34,7032,93.147,0.7413,3,83.8301651968896,21.707167994999534,100.49183286506678,412.4932658796027,4.6,850
A_mech0.3,7,0.85,3,AdaptiveGCN,0.0,0.7578280568122864,34,7032,76.53,0.5754,0,89.66309788539802,21.72777662454035,96.29874268936919,410.2327217408206,nan,2550
A_mech0.3,7,0.85,3,AdaptiveGCN,0.0,0.7578280568122864,34,7032,76.53,0.5754,1,90.28101886282002,20.79463125726934,96.88300928301464,430.33751098871085,2.76,850
A_mech0.3,7,0.85,3,AdaptiveGCN,0.0,0.7578280568122864,34,7032,76.53,0.5754,2,89.07598524145092,21.533759925570646,96.24676671908595,325.04206112889256,3.32,850
A_mech0.3,7,0.85,3,AdaptiveGCN,0.0,0.7578280568122864,34,7032,76.53,0.5754,3,89.62823134244788,22.85493869078107,95.76645206600702,475.24680005184746,4.16,850
A_mech0.3,7,0.85,4,AdaptiveGCN,0.0,0.7839257717132568,34,7032,65.456,0.8991,0,89.3724952861477,21.63734420782503,90.63157632045407,404.76330459573614,nan,2550
A_mech0.3,7,0.85,4,AdaptiveGCN,0.0,0.7839257717132568,34,7032,65.456,0.8991,1,90.26725149579796,20.758985761445537,90.3865298849547,430.6430289545863,2.56,850
A_mech0.3,7,0.85,4,AdaptiveGCN,0.0,0.7839257717132568,34,7032,65.456,0.8991,2,89.73303971719082,21.61592392032966,91.58562577460624,329.2138472006395,3.32,850
A_mech0.3,7,0.85,4,AdaptiveGCN,0.0,0.7839257717132568,34,7032,65.456,0.8991,3,88.10297175194997,22.53712294169989,89.92257330180131,454.43906855747025,4.16,850
A_mech0.3,7,0.85,5,AdaptiveGCN,0.0,0.7644104957580566,34,7032,64.649,0.6788,0,91.5047362457843,22.049124229195638,96.39835373925794,424.9356225912861,nan,2550
A_mech0.3,7,0.85,5,AdaptiveGCN,0.0,0.7644104957580566,34,7032,64.649,0.6788,1,91.94767823001047,21.083398691038155,94.80402780442758,444.70929777240224,2.76,850
A_mech0.3,7,0.85,5,AdaptiveGCN,0.0,0.7644104957580566,34,7032,64.649,0.6788,2,91.4371361132475,21.955987815453998,97.79220138003939,339.93480514201826,3.52,850
A_mech0.3,7,0.85,5,AdaptiveGCN,0.0,0.7644104957580566,34,7032,64.649,0.6788,3,91.12751984855925,23.107986181094756,96.59883203330686,490.0886529058856,4.36,850
A_mech0.3,7,0.85,6,AdaptiveGCN,0.0,0.7828712463378906,34,7032,72.835,0.5773,0,93.128398357851,22.393957076108034,97.6137052673738,438.85859813731633,nan,2550
A_mech0.3,7,0.85,6,AdaptiveGCN,0.0,0.7828712463378906,34,7032,72.835,0.5773,1,93.34865373933243,21.314437180220864,95.71708922988581,457.260053607165,2.76,850
A_mech0.3,7,0.85,6,AdaptiveGCN,0.0,0.7828712463378906,34,7032,72.835,0.5773,2,92.15632565967553,22.139316477532333,97.03984060767029,344.9477887905531,3.52,850
A_mech0.3,7,0.85,6,AdaptiveGCN,0.0,0.7828712463378906,34,7032,72.835,0.5773,3,93.87191394691915,23.7281175705709,100.08418596456532,514.2562451082074,4.16,850
A_mech0.3,7,0.85,7,AdaptiveGCN,0.0,0.7897470593452454,34,7032,60.037,0.6064,0,89.37089569119767,21.646264744989544,86.81646259370385,399.63758050059846,nan,2550
A_mech0.3,7,0.85,7,AdaptiveGCN,0.0,0.7897470593452454,34,7032,60.037,0.6064,1,90.01702992775044,20.73896383781109,84.08339802028303,425.5134378830386,2.56,850
A_mech0.3,7,0.85,7,AdaptiveGCN,0.0,0.7897470593452454,34,7032,60.037,0.6064,2,90.77868863017213,21.831900284948222,87.42671007865553,332.0501347546614,3.32,850
A_mech0.3,7,0.85,7,AdaptiveGCN,0.0,0.7897470593452454,34,7032,60.037,0.6064,3,87.27906394728085,22.367930112209322,88.93927968217297,441.3781446978657,3.2,850
A_mech0.3,8,0.925,0,AdaptiveGCN,0.0,0.52967369556427,34,7032,119.866,1.0089,0,27.13546355276141,11.323064619307566,77.64585428049125,97.3491677786215,nan,2550
A_mech0.3,8,0.925,0,AdaptiveGCN,0.0,0.52967369556427,34,7032,119.866,1.0089,1,25.095059250053595,9.58850120288676,71.73404132797901,81.54675187666915,2.619047619047619,850
A_mech0.3,8,0.925,0,AdaptiveGCN,0.0,0.52967369556427,34,7032,119.866,1.0089,2,26.69140466175698,11.105656502222205,76.69023840983736,97.10986296924268,3.6666666666666665,850
A_mech0.3,8,0.925,0,AdaptiveGCN,0.0,0.52967369556427,34,7032,119.866,1.0089,3,29.44158733982199,13.275036152813735,84.51328310365736,113.28241230772424,5.761904761904762,850
A_mech0.3,8,0.925,1,AdaptiveGCN,0.0,0.5012146830558777,34,7032,121.785,1.4681,0,27.49822147265518,11.673111169898412,80.030549486765,98.65523896747789,nan,2550
A_mech0.3,8,0.925,1,AdaptiveGCN,0.0,0.5012146830558777,34,7032,121.785,1.4681,1,25.432684935581918,9.871232550911783,73.5829266310433,83.24135973560118,2.857142857142857,850
A_mech0.3,8,0.925,1,AdaptiveGCN,0.0,0.5012146830558777,34,7032,121.785,1.4681,2,27.2835490788035,11.548553761346609,78.05197528221251,98.9262488157906,3.761904761904762,850
A_mech0.3,8,0.925,1,AdaptiveGCN,0.0,0.5012146830558777,34,7032,121.785,1.4681,3,29.618288929469376,13.599547197436845,88.45674654703917,113.69435819238281,5.857142857142857,850
A_mech0.3,8,0.925,2,AdaptiveGCN,0.0,0.6594783663749695,34,7032,96.906,1.1855,0,27.53593809067201,11.12075940109204,77.02703946084766,93.41628120098736,nan,2550
A_mech0.3,8,0.925,2,AdaptiveGCN,0.0,0.6594783663749695,34,7032,96.906,1.1855,1,25.256029345707198,9.510339035316171,71.75154265186382,79.52602350212264,2.4761904761904763,850
A_mech0.3,8,0.925,2,AdaptiveGCN,0.0,0.6594783663749695,34,7032,96.906,1.1855,2,27.170518587994255,10.897789377250216,76.51554059620057,92.94965535335628,3.380952380952381,850
A_mech0.3,8,0.925,2,AdaptiveGCN,0.0,0.6594783663749695,34,7032,96.906,1.1855,3,29.976316667466012,12.954149790709728,82.81403513447862,107.67676860321487,5.238095238095238,850
A_mech0.3,8,0.925,3,AdaptiveGCN,0.0,0.506414532661438,34,7032,127.922,2.8237,0,28.849630384832373,12.408229432164664,82.0694843409013,106.04994266258907,nan,2550
A_mech0.3,8,0.925,3,AdaptiveGCN,0.0,0.506414532661438,34,7032,127.922,2.8237,1,25.569409003259995,10.036435295002178,76.49059933685436,84.3623597534668,2.6666666666666665,850
A_mech0.3,8,0.925,3,AdaptiveGCN,0.0,0.506414532661438,34,7032,127.922,2.8237,2,27.95972248139953,12.081042822253178,80.87252223153322,103.8492155945903,3.5714285714285716,850
A_mech0.3,8,0.925,3,AdaptiveGCN,0.0,0.506414532661438,34,7032,127.922,2.8237,3,32.57856292121337,15.107210179238635,88.84533145431635,129.78173550263577,5.857142857142857,850
A_mech0.3,8,0.925,4,AdaptiveGCN,0.0,0.5009562969207764,34,7032,131.571,0.9005,0,30.027152645120406,13.213230348517177,81.55935624954127,113.69633854826408,nan,2550
A_mech0.3,8,0.925,4,AdaptiveGCN,0.0,0.5009562969207764,34,7032,131.571,0.9005,1,25.773605292773965,10.346170574097401,74.61945239425586,86.8336769913815,2.6666666666666665,850
A_mech0.3,8,0.925,4,AdaptiveGCN,0.0,0.5009562969207764,34,7032,131.571,0.9005,2,28.998401960195316,12.93996066263175,80.98883505372415,111.74464544031726,3.5714285714285716,850
A_mech0.3,8,0.925,4,AdaptiveGCN,0.0,0.5009562969207764,34,7032,131.571,0.9005,3,34.63673832633954,16.35355980882238,89.06978130064374,142.31998792451088,5.428571428571429,850
A_mech0.3,8,0.925,5,AdaptiveGCN,0.0,0.6561288237571716,34,7032,77.941,1.238,0,26.568857745335333,10.79374576328368,74.57580155960144,88.52401289788499,nan,2550
A_mech0.3,8,0.925,5,AdaptiveGCN,0.0,0.6561288237571716,34,7032,77.941,1.238,1,25.07015214053806,9.390226133971694,68.74305590233999,77.93380398206902,2.3333333333333335,850
A_mech0.3,8,0.925,5,AdaptiveGCN,0.0,0.6561288237571716,34,7032,77.941,1.238,2,26.241143596326687,10.595223803806173,73.63469528502343,88.06785287270003,3.238095238095238,850
A_mech0.3,8,0.925,5,AdaptiveGCN,0.0,0.6561288237571716,34,7032,77.941,1.238,3,28.294919333386233,12.395787352073171,81.34965349144095,99.49647772370953,5.142857142857143,850
A_mech0.3,8,0.925,6,AdaptiveGCN,0.0,0.3638359308242798,34,7032,307.82,2.1516,0,29.29119725715792,12.756984595119473,81.62297931154211,104.03157124699247,nan,2550
A_mech0.3,8,0.925,6,AdaptiveGCN,0.0,0.3638359308242798,34,7032,307.82,2.1516,1,25.253104086983228,10.081795094883752,73.84854471148755,82.82471607068847,2.7142857142857144,850
A_mech0.3,8,0.925,6,AdaptiveGCN,0.0,0.3638359308242798,34,7032,307.82,2.1516,2,27.96259537408605,12.473439700558409,81.12190794754491,100.300016660763,4.523809523809524,850
A_mech0.3,8,0.925,6,AdaptiveGCN,0.0,0.3638359308242798,34,7032,307.82,2.1516,3,33.9749422985579,15.715718989916255,89.89848527559381,128.81048585355285,4.428571428571429,850
A_mech0.3,8,0.925,7,AdaptiveGCN,0.0,0.5604334473609924,34,7032,119.041,0.487,0,27.01951156556365,10.911919950188649,77.70852244254442,91.32352797798329,nan,2550
A_mech0.3,8,0.925,7,AdaptiveGCN,0.0,0.5604334473609924,34,7032,119.041,0.487,1,25.082106352453756,9.378389840686749,71.39692859289603,78.85075222641082,2.142857142857143,850
A_mech0.3,8,0.925,7,AdaptiveGCN,0.0,0.5604334473609924,34,7032,119.041,0.487,2,26.59993944693529,10.707190608692711,77.71309206208772,90.86822882447446,3.238095238095238,850
A_mech0.3,8,0.925,7,AdaptiveGCN,0.0,0.5604334473609924,34,7032,119.041,0.487,3,29.21460556072011,12.650179401186486,84.0155466726495,104.16489570453618,5.095238095238095,850
A_mech0.3_curr,1,0.4,0,AdaptiveGCN,0.0,0.7721005082130432,34,7032,26.717,0.5552,0,96.55384275853865,38.755141239890634,61.47114963657898,58.67106458053798,nan,2550
A_mech0.3_curr,1,0.4,0,AdaptiveGCN,0.0,0.7721005082130432,34,7032,26.717,0.5552,1,65.65846681324294,28.549952732141076,54.75409401094187,54.10426122701034,2.56,850
A_mech0.3_curr,1,0.4,0,AdaptiveGCN,0.0,0.7721005082130432,34,7032,26.717,0.5552,2,83.41118872474122,36.70553009716794,61.177118429784535,61.05716854597259,3.48,850
A_mech0.3_curr,1,0.4,0,AdaptiveGCN,0.0,0.7721005082130432,34,7032,26.717,0.5552,3,129.22644073710958,51.0099408903629,68.48223646901053,60.82176480106347,6.12,850
A_mech0.3_curr,1,0.4,1,AdaptiveGCN,0.0,0.8055638670921326,34,7032,24.769,0.5603,0,91.90912870782495,37.3837908503169,60.80804610340419,60.10395369589002,nan,2550
A_mech0.3_curr,1,0.4,1,AdaptiveGCN,0.0,0.8055638670921326,34,7032,24.769,0.5603,1,56.58798054692682,26.456597256458856,55.12102743431569,58.581394458733804,3.04,850
A_mech0.3_curr,1,0.4,1,AdaptiveGCN,0.0,0.8055638670921326,34,7032,24.769,0.5603,2,90.01601572348045,38.109792934486315,60.76861462097085,61.923280932983836,3.72,850
A_mech0.3_curr,1,0.4,1,AdaptiveGCN,0.0,0.8055638670921326,34,7032,24.769,0.5603,3,118.4769226068324,47.58498236000552,66.53449625492604,59.80089798984747,6.76,850
A_mech0.3_curr,1,0.4,2,AdaptiveGCN,0.0,0.7393723130226135,34,7032,30.501,0.6351,0,119.0421182545749,45.68272295207144,65.2506895602151,58.98695919295778,nan,2550
A_mech0.3_curr,1,0.4,2,AdaptiveGCN,0.0,0.7393723130226135,34,7032,30.501,0.6351,1,83.97034039868721,33.90999422284994,57.54908381925373,54.649985165012396,3.92,850
A_mech0.3_curr,1,0.4,2,AdaptiveGCN,0.0,0.7393723130226135,34,7032,30.501,0.6351,2,106.91499174091673,43.53282092407955,64.76845162697218,59.89137111041821,4.28,850
A_mech0.3_curr,1,0.4,2,AdaptiveGCN,0.0,0.7393723130226135,34,7032,30.501,0.6351,3,155.02014136871665,59.60535370928482,73.43453323441938,62.38609254595392,8.84,850
A_mech0.3_curr,1,0.4,3,AdaptiveGCN,0.0,0.7131622433662415,34,7032,32.374,0.926,0,124.17940271729607,47.65753069706845,66.07408916050233,59.224480892951256,nan,2550
A_mech0.3_curr,1,0.4,3,AdaptiveGCN,0.0,0.7131622433662415,34,7032,32.374,0.926,1,90.90910985847023,36.04942862572203,58.35999680774676,54.58567318549956,3.8,850
A_mech0.3_curr,1,0.4,3,AdaptiveGCN,0.0,0.7131622433662415,34,7032,32.374,0.926,2,119.69524601079343,47.26052227481762,66.21262249384483,61.720052714625794,5.44,850
A_mech0.3_curr,1,0.4,3,AdaptiveGCN,0.0,0.7131622433662415,34,7032,32.374,0.926,3,153.85107735998932,59.66264119066572,73.6496481799154,61.33750524488666,8.64,850
A_mech0.3_curr,1,0.4,4,AdaptiveGCN,0.0,0.7704970836639404,34,7032,31.678,0.679,0,115.10592625915031,44.78775870559844,64.15966530261993,58.13421188010023,nan,2550
A_mech0.3_curr,1,0.4,4,AdaptiveGCN,0.0,0.7704970836639404,34,7032,31.678,0.679,1,89.28138900229548,35.60390733965939,57.30740507644387,53.19654916096871,3.52,850
A_mech0.3_curr,1,0.4,4,AdaptiveGCN,0.0,0.7704970836639404,34,7032,31.678,0.679,2,103.96629871103951,42.584813292536005,63.95596065315179,60.29229662158803,4.6,850
A_mech0.3_curr,1,0.4,4,AdaptiveGCN,0.0,0.7704970836639404,34,7032,31.678,0.679,3,144.80319433658408,56.17455548459993,71.21563017826413,60.87982445894171,8.04,850
A_mech0.3_curr,1,0.4,5,AdaptiveGCN,0.0,0.688604474067688,34,7032,31.232,0.839,0,109.87006148001166,43.614812096503435,64.08324904515663,58.57707344946608,nan,2550
A_mech0.3_curr,1,0.4,5,AdaptiveGCN,0.0,0.688604474067688,34,7032,31.232,0.839,1,78.9992153001236,32.56242028976407,56.42582367920662,54.40600277247691,3.6,850
A_mech0.3_curr,1,0.4,5,AdaptiveGCN,0.0,0.688604474067688,34,7032,31.232,0.839,2,104.94077980695752,43.606066729577584,65.15726681788773,60.85052470670864,4.48,850
A_mech0.3_curr,1,0.4,5,AdaptiveGCN,0.0,0.688604474067688,34,7032,31.232,0.839,3,137.69839485025594,54.67594927016865,70.66665663837554,60.44763465764413,7.68,850
A_mech0.3_curr,1,0.4,6,AdaptiveGCN,0.0,0.7879848480224609,34,7032,26.606,0.5735,0,122.70137343877427,46.832002908206114,65.85335440347588,58.65661587236979,nan,2550
A_mech0.3_curr,1,0.4,6,AdaptiveGCN,0.0,0.7879848480224609,34,7032,26.606,0.5735,1,71.90156324350457,30.29304354250335,54.49044691604619,54.00528536049486,2.84,850
A_mech0.3_curr,1,0.4,6,AdaptiveGCN,0.0,0.7879848480224609,34,7032,26.606,0.5735,2,126.8500864761053,50.58404115045772,69.38162937292354,60.35199036036843,5.72,850
A_mech0.3_curr,1,0.4,6,AdaptiveGCN,0.0,0.7879848480224609,34,7032,26.606,0.5735,3,154.61598201812623,59.61892403165728,73.68798692145789,61.57935159380457,8.76,850
A_mech0.3_curr,1,0.4,7,AdaptiveGCN,0.0,0.8018777966499329,34,7032,26.539,0.8723,0,91.37375129487114,37.186526404553064,59.94145683994654,58.51496634435319,nan,2550
A_mech0.3_curr,1,0.4,7,AdaptiveGCN,0.0,0.8018777966499329,34,7032,26.539,0.8723,1,60.785954998360275,27.46273729738971,53.86016607000344,57.107046740372795,2.68,850
A_mech0.3_curr,1,0.4,7,AdaptiveGCN,0.0,0.8018777966499329,34,7032,26.539,0.8723,2,87.23150291634124,37.2954108759865,60.36803679357008,58.533639544939476,3.24,850
A_mech0.3_curr,1,0.4,7,AdaptiveGCN,0.0,0.8018777966499329,34,7032,26.539,0.8723,3,117.23147977819164,46.80143104028299,65.59616765626612,59.89236339148842,6.2,850
A_mech0.3_curr,2,0.475,0,AdaptiveGCN,0.0,0.8029313683509827,34,7032,34.691,1.0756,0,121.39343425155337,43.47365714659289,43.1393509724548,51.811399989469386,nan,2550
A_mech0.3_curr,2,0.475,0,AdaptiveGCN,0.0,0.8029313683509827,34,7032,34.691,1.0756,1,107.28851044737618,38.08372628398938,38.06556235346553,44.112252093278045,1.24,850
A_mech0.3_curr,2,0.475,0,AdaptiveGCN,0.0,0.8029313683509827,34,7032,34.691,1.0756,2,122.63905789583667,45.04921813285252,42.496967161063466,51.235658220416305,2.04,850
A_mech0.3_curr,2,0.475,0,AdaptiveGCN,0.0,0.8029313683509827,34,7032,34.691,1.0756,3,132.88316162164227,47.28802702293677,48.855523402835374,60.08628965471382,4.04,850
A_mech0.3_curr,2,0.475,1,AdaptiveGCN,0.0,0.5373680591583252,34,7032,76.487,2.1005,0,147.51158460588417,48.11399095369028,45.75641458878397,54.86413338952318,nan,2550
A_mech0.3_curr,2,0.475,1,AdaptiveGCN,0.0,0.5373680591583252,34,7032,76.487,2.1005,1,97.21089082300315,35.85590992282638,39.886247591609205,43.05158113152704,1.8,850
A_mech0.3_curr,2,0.475,1,AdaptiveGCN,0.0,0.5373680591583252,34,7032,76.487,2.1005,2,126.35014836676922,47.11445689280901,45.14896054747178,53.52102126338918,3.2,850
A_mech0.3_curr,2,0.475,1,AdaptiveGCN,0.0,0.5373680591583252,34,7032,76.487,2.1005,3,199.6614271508404,61.371606045435456,52.23403562727091,68.01979777365338,2.56,850
A_mech0.3_curr,2,0.475,2,AdaptiveGCN,0.0,0.5637264251708984,34,7032,133.307,2.6997,0,257.5570195618281,81.20351635296099,51.57588372313994,72.5954558677451,nan,2550
A_mech0.3_curr,2,0.475,2,AdaptiveGCN,0.0,0.5637264251708984,34,7032,133.307,2.6997,1,170.3659147835638,56.96565712999826,43.15998245945173,51.51757124191691,2.56,850
A_mech0.3_curr,2,0.475,2,AdaptiveGCN,0.0,0.5637264251708984,34,7032,133.307,2.6997,2,252.09833534426537,83.41228574863251,51.877844308331255,70.74376078607636,3.76,850
A_mech0.3_curr,2,0.475,2,AdaptiveGCN,0.0,0.5637264251708984,34,7032,133.307,2.6997,3,326.234178732587,103.23260618025218,59.68982440163684,95.52503557524203,4.12,850
A_mech0.3_curr,2,0.475,3,AdaptiveGCN,0.0,0.5292984247207642,34,7032,77.484,1.9039,0,178.69178906680042,58.34346936338784,51.045650213944846,54.31268171367968,nan,2550
A_mech0.3_curr,2,0.475,3,AdaptiveGCN,0.0,0.5292984247207642,34,7032,77.484,1.9039,1,161.73411334531096,50.019866485433546,43.68890067348198,44.81708393469241,3.88,850
A_mech0.3_curr,2,0.475,3,AdaptiveGCN,0.0,0.5292984247207642,34,7032,77.484,1.9039,2,194.85879275263449,63.4953677588439,52.222020622205136,55.301865372072754,6.12,850
A_mech0.3_curr,2,0.475,3,AdaptiveGCN,0.0,0.5292984247207642,34,7032,77.484,1.9039,3,177.94491818277265,61.51517384588609,57.22602934614744,62.819095834273895,5.8,850
A_mech0.3_curr,2,0.475,4,AdaptiveGCN,0.0,0.5382858514785767,34,7032,112.779,4.1905,0,202.2274829383921,66.91163902822517,51.16638473133733,73.28080035300081,nan,2550
A_mech0.3_curr,2,0.475,4,AdaptiveGCN,0.0,0.5382858514785767,34,7032,112.779,4.1905,1,130.62322405624113,46.67904881494449,42.699383857820294,51.584912705751286,2.04,850
A_mech0.3_curr,2,0.475,4,AdaptiveGCN,0.0,0.5382858514785767,34,7032,112.779,4.1905,2,209.56567322030656,71.12480644653606,51.656702095079964,73.30061884332993,4.2,850
A_mech0.3_curr,2,0.475,4,AdaptiveGCN,0.0,0.5382858514785767,34,7032,112.779,4.1905,3,248.4102785950406,82.93106182319495,59.14306824111174,94.9568695099212,3.84,850
A_mech0.3_curr,2,0.475,5,AdaptiveGCN,0.0,0.8023864030838013,34,7032,26.597,0.7652,0,126.7928177393304,44.86189581861894,44.372437929393875,53.390400181484296,nan,2550
A_mech0.3_curr,2,0.475,5,AdaptiveGCN,0.0,0.8023864030838013,34,7032,26.597,0.7652,1,110.47220916366449,37.58535552457632,38.684783946466005,42.360104763569076,2.56,850
A_mech0.3_curr,2,0.475,5,AdaptiveGCN,0.0,0.8023864030838013,34,7032,26.597,0.7652,2,118.12128039845011,43.53054541454572,43.50793561949992,51.31546158077421,2.24,850
A_mech0.3_curr,2,0.475,5,AdaptiveGCN,0.0,0.8023864030838013,34,7032,26.597,0.7652,3,148.56819986244525,53.469786516734786,50.92459422221569,66.49563420010965,3.52,850
A_mech0.3_curr,2,0.475,6,AdaptiveGCN,0.0,0.5659400224685669,34,7032,80.226,0.7637,0,139.3525033257008,48.22697035289132,46.128350494456946,54.302994674991524,nan,2550
A_mech0.3_curr,2,0.475,6,AdaptiveGCN,0.0,0.5659400224685669,34,7032,80.226,0.7637,1,101.53329882865489,35.69027533923002,38.807980497396485,41.99807561999213,3.04,850
A_mech0.3_curr,2,0.475,6,AdaptiveGCN,0.0,0.5659400224685669,34,7032,80.226,0.7637,2,143.05365925260523,49.80664333982503,45.8257230535045,53.01173636593789,4.12,850
A_mech0.3_curr,2,0.475,6,AdaptiveGCN,0.0,0.5659400224685669,34,7032,80.226,0.7637,3,165.78299174773315,59.18399237961892,53.75134793246983,67.89917203904456,3.96,850
A_mech0.3_curr,2,0.475,7,AdaptiveGCN,0.0,0.7994650602340698,34,7032,37.054,0.9061,0,149.57381986588433,48.07561073935098,44.26161934671091,47.4280843747609,nan,2550
A_mech0.3_curr,2,0.475,7,AdaptiveGCN,0.0,0.7994650602340698,34,7032,37.054,0.9061,1,157.9476926081535,49.35498309502378,40.60827957981251,40.9028389062643,4.28,850
A_mech0.3_curr,2,0.475,7,AdaptiveGCN,0.0,0.7994650602340698,34,7032,37.054,0.9061,2,150.42124654028376,47.72413875692031,43.41051034301728,44.35803711979901,3.72,850
A_mech0.3_curr,2,0.475,7,AdaptiveGCN,0.0,0.7994650602340698,34,7032,37.054,0.9061,3,139.79612926273555,47.14771036610884,48.76606811730292,57.02337709821936,3.52,850
A_mech0.3_curr,3,0.55,0,AdaptiveGCN,0.0,0.7564595937728882,34,7032,38.565,0.5827,0,22.294586284354683,12.314665750756166,56.374499539745216,62.78261671831711,nan,2550
A_mech0.3_curr,3,0.55,0,AdaptiveGCN,0.0,0.7564595937728882,34,7032,38.565,0.5827,1,16.887341775642934,9.83428738441373,50.448438006126196,55.53856044293498,1.125,850
A_mech0.3_curr,3,0.55,0,AdaptiveGCN,0.0,0.7564595937728882,34,7032,38.565,0.5827,2,20.969289834317266,11.793984088196474,57.118992106667186,62.76667878327221,2.6666666666666665,850
A_mech0.3_curr,3,0.55,0,AdaptiveGCN,0.0,0.7564595937728882,34,7032,38.565,0.5827,3,27.681262694621278,15.315725779658292,61.55606850644229,70.06014907927113,3.6666666666666665,850
A_mech0.3_curr,3,0.55,1,AdaptiveGCN,0.0,0.5717340707778931,34,7032,65.603,1.389,0,21.583446663311797,12.147448526886748,56.396991494087125,63.881741426286176,nan,2550
A_mech0.3_curr,3,0.55,1,AdaptiveGCN,0.0,0.5717340707778931,34,7032,65.603,1.389,1,16.263081011220166,9.646958452493829,50.38234095331933,55.20085935426787,1.3333333333333333,850
A_mech0.3_curr,3,0.55,1,AdaptiveGCN,0.0,0.5717340707778931,34,7032,65.603,1.389,2,22.413770120853357,12.495872378791956,57.738137495723684,65.8641895911241,3.2916666666666665,850
A_mech0.3_curr,3,0.55,1,AdaptiveGCN,0.0,0.5717340707778931,34,7032,65.603,1.389,3,25.11315620538579,14.29951474937446,61.07049603321833,70.59877184613784,4.25,850
A_mech0.3_curr,3,0.55,2,AdaptiveGCN,0.0,0.5948037505149841,34,7032,43.279,0.7793,0,20.737406935181955,11.55716353203663,55.59542326558944,60.43434272296068,nan,2550
A_mech0.3_curr,3,0.55,2,AdaptiveGCN,0.0,0.5948037505149841,34,7032,43.279,0.7793,1,15.865047835505651,9.36251864622347,50.05092885813607,54.42863087714376,1.75,850
A_mech0.3_curr,3,0.55,2,AdaptiveGCN,0.0,0.5948037505149841,34,7032,43.279,0.7793,2,21.047295757405973,11.674025221860912,56.60861253338627,62.98798736032774,3.2916666666666665,850
A_mech0.3_curr,3,0.55,2,AdaptiveGCN,0.0,0.5948037505149841,34,7032,43.279,0.7793,3,24.401469989805854,13.634946728025508,60.12672840524598,63.89784618177842,4.708333333333333,850
A_mech0.3_curr,3,0.55,3,AdaptiveGCN,0.0,0.47571834921836853,34,7032,91.362,2.1936,0,22.914845343081055,12.607922895569903,58.210938383113756,65.63296536518105,nan,2550
A_mech0.3_curr,3,0.55,3,AdaptiveGCN,0.0,0.47571834921836853,34,7032,91.362,2.1936,1,16.960229199255707,9.781548887263327,51.26153955715759,57.68544065644235,1.4166666666666667,850
A_mech0.3_curr,3,0.55,3,AdaptiveGCN,0.0,0.47571834921836853,34,7032,91.362,2.1936,2,23.381089523480455,12.90577449271784,59.38161112223539,68.28336753316319,3.6666666666666665,850
A_mech0.3_curr,3,0.55,3,AdaptiveGCN,0.0,0.47571834921836853,34,7032,91.362,2.1936,3,27.22031758623836,15.13644530672854,63.989664469948316,70.94610319886323,4.416666666666667,850
A_mech0.3_curr,3,0.55,4,AdaptiveGCN,0.0,0.7460043430328369,34,7032,45.061,0.9753,0,22.54540356886772,12.472453955867712,56.53146101862937,63.63047534488425,nan,2550
A_mech0.3_curr,3,0.55,4,AdaptiveGCN,0.0,0.7460043430328369,34,7032,45.061,0.9753,1,16.134507027575697,9.692783903550795,50.15385326313581,57.29620415565757,1.0416666666666667,850
A_mech0.3_curr,3,0.55,4,AdaptiveGCN,0.0,0.7460043430328369,34,7032,45.061,0.9753,2,22.877120803180674,12.690455951689579,58.05988235494035,65.3444898737065,3.3333333333333335,850
A_mech0.3_curr,3,0.55,4,AdaptiveGCN,0.0,0.7460043430328369,34,7032,45.061,0.9753,3,27.22500124854227,15.034122012362761,61.380647437811945,68.26397810909721,3.9583333333333335,850
A_mech0.3_curr,3,0.55,5,AdaptiveGCN,0.0,0.4804096519947052,34,7032,141.351,1.0212,0,22.474186146178724,12.41502612401527,56.78127401190649,65.35583394933606,nan,2550
A_mech0.3_curr,3,0.55,5,AdaptiveGCN,0.0,0.4804096519947052,34,7032,141.351,1.0212,1,16.30268332120679,9.623495565275936,50.42220389944577,57.72154733159854,1.4166666666666667,850
A_mech0.3_curr,3,0.55,5,AdaptiveGCN,0.0,0.4804096519947052,34,7032,141.351,1.0212,2,22.037402028693055,12.486587019751177,57.83267030458437,68.15395947815904,2.9166666666666665,850
A_mech0.3_curr,3,0.55,5,AdaptiveGCN,0.0,0.4804096519947052,34,7032,141.351,1.0212,3,27.637701734288182,15.134995787018697,62.088947831689325,70.20707417695269,4.083333333333333,850
A_mech0.3_curr,3,0.55,6,AdaptiveGCN,0.0,0.6301257014274597,34,7032,40.658,0.6153,0,21.642681838438886,11.935594735298336,55.56186213410281,63.10204346108903,nan,2550
A_mech0.3_curr,3,0.55,6,AdaptiveGCN,0.0,0.6301257014274597,34,7032,40.658,0.6153,1,16.926400072711992,9.761542008990553,50.22670884924359,56.4723049502051,1.3333333333333333,850
A_mech0.3_curr,3,0.55,6,AdaptiveGCN,0.0,0.6301257014274597,34,7032,40.658,0.6153,2,21.921610862079042,12.031396903407158,56.845742889823384,64.97955512848982,3.4583333333333335,850
A_mech0.3_curr,3,0.55,6,AdaptiveGCN,0.0,0.6301257014274597,34,7032,40.658,0.6153,3,25.261769321837903,14.013845293497297,59.61313466324144,67.86803326146985,4.083333333333333,850
A_mech0.3_curr,3,0.55,7,AdaptiveGCN,0.0,0.4662570655345917,34,7032,72.944,2.2917,0,22.77404550596274,12.317717059471954,57.78550619879101,60.47267318900844,nan,2550
A_mech0.3_curr,3,0.55,7,AdaptiveGCN,0.0,0.4662570655345917,34,7032,72.944,2.2917,1,16.96193560613224,9.59540516894968,51.230595802557865,53.87347989422582,1.5833333333333333,850
A_mech0.3_curr,3,0.55,7,AdaptiveGCN,0.0,0.4662570655345917,34,7032,72.944,2.2917,2,22.934886276293465,12.549035774274346,59.30037249190415,62.39335681561467,3.0833333333333335,850
A_mech0.3_curr,3,0.55,7,AdaptiveGCN,0.0,0.4662570655345917,34,7032,72.944,2.2917,3,27.244360482674093,14.808710235191837,62.82555030191103,65.16481974105778,4.0,850
A_mech0.3_curr,4,0.625,0,AdaptiveGCN,0.0,0.6173027157783508,34,7032,44.615,0.6568,0,30.747934597255693,14.315407934060877,52.249108500606354,57.28721915835827,nan,2550
A_mech0.3_curr,4,0.625,0,AdaptiveGCN,0.0,0.6173027157783508,34,7032,44.615,0.6568,1,27.087641340300983,12.757337403236066,51.1008848933176,55.477602531686756,2.6666666666666665,850
A_mech0.3_curr,4,0.625,0,AdaptiveGCN,0.0,0.6173027157783508,34,7032,44.615,0.6568,2,28.497369469122656,13.582835196964032,51.504125401383405,56.65012931955409,3.375,850
A_mech0.3_curr,4,0.625,0,AdaptiveGCN,0.0,0.6173027157783508,34,7032,44.615,0.6568,3,35.92305758076384,16.606051201982535,54.14231520711804,59.73392562383394,3.7083333333333335,850
A_mech0.3_curr,4,0.625,1,AdaptiveGCN,0.0,0.6808750629425049,34,7032,41.623,0.588,0,30.59772526682357,14.338605629935422,51.65831710120406,58.769238404333265,nan,2550
A_mech0.3_curr,4,0.625,1,AdaptiveGCN,0.0,0.6808750629425049,34,7032,41.623,0.588,1,27.290075100629927,13.077954116643351,51.014369595428356,58.908761642930294,2.5,850
A_mech0.3_curr,4,0.625,1,AdaptiveGCN,0.0,0.6808750629425049,34,7032,41.623,0.588,2,28.8105148801412,14.017763528683606,51.60889154859129,61.03471237459328,2.875,850
A_mech0.3_curr,4,0.625,1,AdaptiveGCN,0.0,0.6808750629425049,34,7032,41.623,0.588,3,35.12646307067054,15.920099244479308,52.35169015959256,56.364241195476254,3.375,850
A_mech0.3_curr,4,0.625,2,AdaptiveGCN,0.0,0.4442325234413147,34,7032,128.489,4.1118,0,33.89409913028591,15.706277097716251,53.42868119497236,58.08838290295747,nan,2550
A_mech0.3_curr,4,0.625,2,AdaptiveGCN,0.0,0.4442325234413147,34,7032,128.489,4.1118,1,27.765922268771433,13.04117796128068,49.91565310036227,54.14432111804022,2.1666666666666665,850
A_mech0.3_curr,4,0.625,2,AdaptiveGCN,0.0,0.4442325234413147,34,7032,128.489,4.1118,2,32.31171806102473,15.376827890444273,52.75458826327692,57.90614973961588,4.25,850
A_mech0.3_curr,4,0.625,2,AdaptiveGCN,0.0,0.4442325234413147,34,7032,128.489,4.1118,3,40.39104237414942,18.700825441423802,57.61580222127787,62.214677851216315,5.541666666666667,850
A_mech0.3_curr,4,0.625,3,AdaptiveGCN,0.0,0.666786789894104,34,7032,49.555,0.5886,0,30.55637172757239,13.92292236640666,51.95567381649374,54.58864274712527,nan,2550
A_mech0.3_curr,4,0.625,3,AdaptiveGCN,0.0,0.666786789894104,34,7032,49.555,0.5886,1,26.82942749232333,12.469089767783332,50.900697735122336,54.80600945869726,2.6666666666666665,850
A_mech0.3_curr,4,0.625,3,AdaptiveGCN,0.0,0.666786789894104,34,7032,49.555,0.5886,2,28.852739289660295,13.43126015630715,51.12834097870619,53.20455017132608,3.25,850
A_mech0.3_curr,4,0.625,3,AdaptiveGCN,0.0,0.666786789894104,34,7032,49.555,0.5886,3,35.33803638259791,15.868417175129494,53.8379827356527,55.755368611352466,3.5416666666666665,850
A_mech0.3_curr,4,0.625,4,AdaptiveGCN,0.0,0.6192541718482971,34,7032,45.664,0.7032,0,30.939039723546937,14.255406703541407,51.64620880414409,55.73116876104781,nan,2550
A_mech0.3_curr,4,0.625,4,AdaptiveGCN,0.0,0.6192541718482971,34,7032,45.664,0.7032,1,26.768815486669165,12.581241969005752,50.14934421714575,54.32790669064246,2.6666666666666665,850
A_mech0.3_curr,4,0.625,4,AdaptiveGCN,0.0,0.6192541718482971,34,7032,45.664,0.7032,2,29.153310177405764,13.833026867750826,50.62039082182286,55.64598471477772,5.208333333333333,850
A_mech0.3_curr,4,0.625,4,AdaptiveGCN,0.0,0.6192541718482971,34,7032,45.664,0.7032,3,36.127379647384835,16.35195127386764,54.16889137346364,57.21961487772329,5.416666666666667,850
A_mech0.3_curr,4,0.625,5,AdaptiveGCN,0.0,0.6016871333122253,34,7032,77.531,0.6932,0,31.701754003206474,14.507732406034723,52.59139302722219,56.136261186306754,nan,2550
A_mech0.3_curr,4,0.625,5,AdaptiveGCN,0.0,0.6016871333122253,34,7032,77.531,0.6932,1,27.85151916510526,12.960185641981662,51.34410183021867,56.06789392091343,2.7083333333333335,850
A_mech0.3_curr,4,0.625,5,AdaptiveGCN,0.0,0.6016871333122253,34,7032,77.531,0.6932,2,29.935791083670455,13.901246390964301,51.471167878980694,55.19323654479824,3.2916666666666665,850
A_mech0.3_curr,4,0.625,5,AdaptiveGCN,0.0,0.6016871333122253,34,7032,77.531,0.6932,3,36.6489414994494,16.661765185158206,54.95890937246719,57.147653093208596,3.75,850
A_mech0.3_curr,4,0.625,6,AdaptiveGCN,0.0,0.6925790905952454,34,7032,59.446,0.6464,0,30.65990652434543,14.387918521686476,52.61522808344559,57.57760802081796,nan,2550
A_mech0.3_curr,4,0.625,6,AdaptiveGCN,0.0,0.6925790905952454,34,7032,59.446,0.6464,1,27.047215441040354,12.865740300184664,51.11397584827561,57.04229482377941,2.6666666666666665,850
A_mech0.3_curr,4,0.625,6,AdaptiveGCN,0.0,0.6925790905952454,34,7032,59.446,0.6464,2,28.581728095005978,13.87172305081478,52.07060374135519,57.14277833282097,3.25,850
A_mech0.3_curr,4,0.625,6,AdaptiveGCN,0.0,0.6925790905952454,34,7032,59.446,0.6464,3,35.65981716489715,16.426292214059984,54.66110466070595,58.547750905853526,3.7916666666666665,850
A_mech0.3_curr,4,0.625,7,AdaptiveGCN,0.0,0.5255476832389832,34,7032,78.206,1.2225,0,31.8099469366408,14.788234691917806,51.97720442433356,56.656808190522426,nan,2550
A_mech0.3_curr,4,0.625,7,AdaptiveGCN,0.0,0.5255476832389832,34,7032,78.206,1.2225,1,27.482610939450517,12.978365010875551,49.79080587803445,55.79854661028952,3.6666666666666665,850
A_mech0.3_curr,4,0.625,7,AdaptiveGCN,0.0,0.5255476832389832,34,7032,78.206,1.2225,2,30.461121478505383,14.481986657771117,51.15967525848678,56.10026330814157,6.75,850
A_mech0.3_curr,4,0.625,7,AdaptiveGCN,0.0,0.5255476832389832,34,7032,78.206,1.2225,3,36.775594441942644,16.904352407106746,54.981132136479474,58.07161465313618,7.208333333333333,850
A_mech0.3_curr,5,0.7,0,AdaptiveGCN,0.0,0.6010632514953613,34,7032,79.502,0.9859,0,55.65051573877403,28.463097558655576,44.93487503241176,53.28855641901905,nan,2550
A_mech0.3_curr,5,0.7,0,AdaptiveGCN,0.0,0.6010632514953613,34,7032,79.502,0.9859,1,40.52553431803895,21.71602918169735,37.60731721349903,40.53487105959175,1.08,850
A_mech0.3_curr,5,0.7,0,AdaptiveGCN,0.0,0.6010632514953613,34,7032,79.502,0.9859,2,54.685410057752605,28.607359843348316,43.845652868083604,48.87424969598105,2.64,850
A_mech0.3_curr,5,0.7,0,AdaptiveGCN,0.0,0.6010632514953613,34,7032,79.502,0.9859,3,68.2504703355772,35.06590365092106,53.351655015652646,70.6870469643026,3.4166666666666665,850
A_mech0.3_curr,5,0.7,1,AdaptiveGCN,0.0,0.6159741282463074,34,7032,62.672,0.6914,0,56.95413531911017,29.538257361264492,47.06610146319442,54.52462313114405,nan,2550
A_mech0.3_curr,5,0.7,1,AdaptiveGCN,0.0,0.6159741282463074,34,7032,62.672,0.6914,1,40.37968911899395,21.238194595934715,38.79662969119131,39.2399099749216,1.6,850
A_mech0.3_curr,5,0.7,1,AdaptiveGCN,0.0,0.6159741282463074,34,7032,62.672,0.6914,2,55.92040922987178,29.92392502380343,46.376648070191806,50.27297235174103,3.92,850
A_mech0.3_curr,5,0.7,1,AdaptiveGCN,0.0,0.6159741282463074,34,7032,62.672,0.6914,3,70.52452855609609,37.45265246405533,56.025026628200145,74.32525941213835,4.875,850
A_mech0.3_curr,5,0.7,2,AdaptiveGCN,0.0,0.5596998333930969,34,7032,76.156,1.4613,0,59.01936350512937,29.30906065457482,46.24472203779911,51.89546394638214,nan,2550
A_mech0.3_curr,5,0.7,2,AdaptiveGCN,0.0,0.5596998333930969,34,7032,76.156,1.4613,1,42.62404385182808,22.15015795291018,38.590531976198356,39.03293378508144,1.24,850
A_mech0.3_curr,5,0.7,2,AdaptiveGCN,0.0,0.5596998333930969,34,7032,76.156,1.4613,2,57.92987887254806,29.442949238682495,44.8774736934422,47.4919125418996,2.92,850
A_mech0.3_curr,5,0.7,2,AdaptiveGCN,0.0,0.5596998333930969,34,7032,76.156,1.4613,3,72.64417268564037,36.33407477213179,55.26616044375675,69.39345305943124,4.25,850
A_mech0.3_curr,5,0.7,3,AdaptiveGCN,0.0,0.6060975790023804,34,7032,82.27,2.8659,0,56.71100779254844,29.708064923191387,47.95971883353429,56.91947389665618,nan,2550
A_mech0.3_curr,5,0.7,3,AdaptiveGCN,0.0,0.6060975790023804,34,7032,82.27,2.8659,1,41.62256604493706,22.18793853117071,41.352530458306724,42.02576402240213,1.16,850
A_mech0.3_curr,5,0.7,3,AdaptiveGCN,0.0,0.6060975790023804,34,7032,82.27,2.8659,2,56.36839234035863,30.517276434981646,47.84324939749167,53.52997078590725,2.96,850
A_mech0.3_curr,5,0.7,3,AdaptiveGCN,0.0,0.6060975790023804,34,7032,82.27,2.8659,3,68.83735581308831,36.418979803421806,54.6833766448045,75.45151701816812,3.8333333333333335,850
A_mech0.3_curr,5,0.7,4,AdaptiveGCN,0.0,0.6287449598312378,34,7032,63.764,1.5595,0,57.567219008819905,28.43600857106823,45.25671445186488,49.66525496182145,nan,2550
A_mech0.3_curr,5,0.7,4,AdaptiveGCN,0.0,0.6287449598312378,34,7032,63.764,1.5595,1,41.53407087650449,21.806460164091277,38.94135120336455,39.88955241094708,1.36,850
A_mech0.3_curr,5,0.7,4,AdaptiveGCN,0.0,0.6287449598312378,34,7032,63.764,1.5595,2,56.86631670095668,28.78629556523417,43.7141111153617,45.848323836872126,2.88,850
A_mech0.3_curr,5,0.7,4,AdaptiveGCN,0.0,0.6287449598312378,34,7032,63.764,1.5595,3,70.59105534357951,34.71526998387924,53.1146810368684,63.4395597108643,3.8333333333333335,850
A_mech0.3_curr,5,0.7,5,AdaptiveGCN,0.0,0.5571048855781555,34,7032,81.329,0.769,0,59.47381226018756,30.321951554971108,46.90960926481623,54.270581571981566,nan,2550
A_mech0.3_curr,5,0.7,5,AdaptiveGCN,0.0,0.5571048855781555,34,7032,81.329,0.769,1,42.64330788131961,22.296243457181706,39.21114811144849,39.87713886285268,2.08,850
A_mech0.3_curr,5,0.7,5,AdaptiveGCN,0.0,0.5571048855781555,34,7032,81.329,0.769,2,58.68978303531329,30.715545044487396,45.89249062291484,50.01017446967471,3.16,850
A_mech0.3_curr,5,0.7,5,AdaptiveGCN,0.0,0.5571048855781555,34,7032,81.329,0.769,3,73.13317095878548,37.95406616324422,55.62518906008537,73.17625152902704,4.0,850
A_mech0.3_curr,5,0.7,6,AdaptiveGCN,0.0,0.6596478223800659,34,7032,97.417,3.7619,0,57.89576911197102,29.69050181120068,46.70970162270222,52.65329519442474,nan,2550
A_mech0.3_curr,5,0.7,6,AdaptiveGCN,0.0,0.6596478223800659,34,7032,97.417,3.7619,1,41.58634811877234,22.017510027894204,39.084119758846406,39.9646860123496,2.0,850
A_mech0.3_curr,5,0.7,6,AdaptiveGCN,0.0,0.6596478223800659,34,7032,97.417,3.7619,2,56.20287720609606,29.763810575413245,45.401437374149324,49.976846410199826,2.88,850
A_mech0.3_curr,5,0.7,6,AdaptiveGCN,0.0,0.6596478223800659,34,7032,97.417,3.7619,3,71.8858295291968,37.29018483029459,55.64354773511093,68.2279085257195,3.9583333333333335,850
A_mech0.3_curr,5,0.7,7,AdaptiveGCN,0.0,0.5333287119865417,34,7032,115.836,0.601,0,59.19520861116804,30.432723206249065,47.264286862643026,55.10512638135939,nan,2550
A_mech0.3_curr,5,0.7,7,AdaptiveGCN,0.0,0.5333287119865417,34,7032,115.836,0.601,1,42.30300296030745,22.375697213171104,39.61496349021795,39.94905460840748,2.24,850
A_mech0.3_curr,5,0.7,7,AdaptiveGCN,0.0,0.5333287119865417,34,7032,115.836,0.601,2,58.525145400183774,30.830211733513895,46.29616113139185,50.69967894569181,3.84,850
A_mech0.3_curr,5,0.7,7,AdaptiveGCN,0.0,0.5333287119865417,34,7032,115.836,0.601,3,72.7837994610523,38.092260672062196,55.881735966319305,74.93087838949678,4.333333333333333,850
A_mech0.3_curr,6,0.775,0,AdaptiveGCN,0.0,0.7346425652503967,34,7032,58.848,0.6126,0,12.306583861450504,6.165148281376517,101.18833255762858,100.13734386594851,nan,2550
A_mech0.3_curr,6,0.775,0,AdaptiveGCN,0.0,0.7346425652503967,34,7032,58.848,0.6126,1,9.232658783904995,4.879446691279026,98.61782330110674,79.32151386022744,4.642857142857143,850
A_mech0.3_curr,6,0.775,0,AdaptiveGCN,0.0,0.7346425652503967,34,7032,58.848,0.6126,2,11.97448726380697,6.0515641001055895,100.26585371872781,98.82316226833517,5.428571428571429,850
A_mech0.3_curr,6,0.775,0,AdaptiveGCN,0.0,0.7346425652503967,34,7032,58.848,0.6126,3,15.024170045817788,7.564434052744935,104.68132065305116,122.32375071520687,6.214285714285714,850
A_mech0.3_curr,6,0.775,1,AdaptiveGCN,0.0,0.7596068382263184,34,7032,114.221,0.8224,0,10.900011255755983,5.431921004819766,89.01465811965254,87.77345689251217,nan,2550
A_mech0.3_curr,6,0.775,1,AdaptiveGCN,0.0,0.7596068382263184,34,7032,114.221,0.8224,1,8.54907956032837,4.444041159418774,84.99246790172317,71.63523805337356,2.2142857142857144,850
A_mech0.3_curr,6,0.775,1,AdaptiveGCN,0.0,0.7596068382263184,34,7032,114.221,0.8224,2,10.756176238138087,5.399115537981989,89.89642610598064,88.43999763870006,4.0,850
A_mech0.3_curr,6,0.775,1,AdaptiveGCN,0.0,0.7596068382263184,34,7032,114.221,0.8224,3,12.947920587187376,6.452606317058534,92.15508035125379,103.29930956013426,4.642857142857143,850
A_mech0.3_curr,6,0.775,2,AdaptiveGCN,0.0,0.5520586967468262,34,7032,120.081,0.906,0,12.177278864579039,5.96912332849164,92.87984708850597,96.70729709148829,nan,2550
A_mech0.3_curr,6,0.775,2,AdaptiveGCN,0.0,0.5520586967468262,34,7032,120.081,0.906,1,8.944593097961766,4.597599816675613,87.38037398859349,74.81231298748088,3.357142857142857,850
A_mech0.3_curr,6,0.775,2,AdaptiveGCN,0.0,0.5520586967468262,34,7032,120.081,0.906,2,11.856582988443298,5.940077764200978,92.95237909616408,97.25718240151511,4.428571428571429,850
A_mech0.3_curr,6,0.775,2,AdaptiveGCN,0.0,0.5520586967468262,34,7032,120.081,0.906,3,14.97578230968993,7.369692404598329,98.30678818076038,118.12369745050472,5.0,850
A_mech0.3_curr,6,0.775,3,AdaptiveGCN,0.0,0.6505681872367859,34,7032,118.643,0.6337,0,10.67606206570506,5.300718984744356,78.55240303822852,85.16608021264075,nan,2550
A_mech0.3_curr,6,0.775,3,AdaptiveGCN,0.0,0.6505681872367859,34,7032,118.643,0.6337,1,8.483703247183305,4.394946296639288,75.16188226513813,70.51671469591466,2.2142857142857144,850
A_mech0.3_curr,6,0.775,3,AdaptiveGCN,0.0,0.6505681872367859,34,7032,118.643,0.6337,2,10.415400842021109,5.249226774053977,76.4332005208456,84.41843306298415,4.0,850
A_mech0.3_curr,6,0.775,3,AdaptiveGCN,0.0,0.6505681872367859,34,7032,118.643,0.6337,3,12.707521717711806,6.257983883539803,84.06212632870184,100.60388069675187,4.928571428571429,850
A_mech0.3_curr,6,0.775,4,AdaptiveGCN,0.0,0.7873312830924988,34,7032,98.97,0.8649,0,10.800755653869148,5.400561462562433,93.13580337586126,88.1656456936708,nan,2550
A_mech0.3_curr,6,0.775,4,AdaptiveGCN,0.0,0.7873312830924988,34,7032,98.97,0.8649,1,8.728327646653621,4.553531330632841,94.58290522753555,73.96365142595579,2.2142857142857144,850
A_mech0.3_curr,6,0.775,4,AdaptiveGCN,0.0,0.7873312830924988,34,7032,98.97,0.8649,2,10.578519529655924,5.350424060965374,92.27102807444948,88.85897380800147,5.357142857142857,850
A_mech0.3_curr,6,0.775,4,AdaptiveGCN,0.0,0.7873312830924988,34,7032,98.97,0.8649,3,12.723214575613715,6.297728996089084,92.55347682559875,101.72264874781915,4.571428571428571,850
A_mech0.3_curr,6,0.775,5,AdaptiveGCN,0.0,0.7897130250930786,34,7032,67.378,2.4046,0,10.50734506408152,5.235018396385307,78.94213532404977,84.11149813793072,nan,2550
A_mech0.3_curr,6,0.775,5,AdaptiveGCN,0.0,0.7897130250930786,34,7032,67.378,2.4046,1,8.45948854556067,4.3911128590177055,73.82472176609157,70.20197121725387,3.5714285714285716,850
A_mech0.3_curr,6,0.775,5,AdaptiveGCN,0.0,0.7897130250930786,34,7032,67.378,2.4046,2,10.265647654294522,5.17871639407887,77.84995026219346,84.41702503335561,4.0,850
A_mech0.3_curr,6,0.775,5,AdaptiveGCN,0.0,0.7897130250930786,34,7032,67.378,2.4046,3,12.420403885238192,6.135225936059347,85.15173394386429,97.76052321965257,4.571428571428571,850
A_mech0.3_curr,6,0.775,6,AdaptiveGCN,0.0,0.7600325345993042,34,7032,119.841,0.6933,0,10.806720216687115,5.405248000378111,87.71214354530544,87.40421716122813,nan,2550
A_mech0.3_curr,6,0.775,6,AdaptiveGCN,0.0,0.7600325345993042,34,7032,119.841,0.6933,1,8.56116515111603,4.474640445960857,81.91542483775042,71.850859824976,3.357142857142857,850
A_mech0.3_curr,6,0.775,6,AdaptiveGCN,0.0,0.7600325345993042,34,7032,119.841,0.6933,2,10.640607802166404,5.367458130542517,87.41332079621232,88.05861606578884,4.0,850
A_mech0.3_curr,6,0.775,6,AdaptiveGCN,0.0,0.7600325345993042,34,7032,119.841,0.6933,3,12.799981342996318,6.373645424630959,93.8076850019536,102.35546134530837,4.571428571428571,850
A_mech0.3_curr,6,0.775,7,AdaptiveGCN,0.0,0.7565256953239441,34,7032,112.425,0.9962,0,10.559999873383672,5.24997858071881,85.85423302264135,84.3934293269091,nan,2550
A_mech0.3_curr,6,0.775,7,AdaptiveGCN,0.0,0.7565256953239441,34,7032,112.425,0.9962,1,8.546321177682891,4.405468963549664,89.94332548462327,71.78334680358093,3.5714285714285716,850
A_mech0.3_curr,6,0.775,7,AdaptiveGCN,0.0,0.7565256953239441,34,7032,112.425,0.9962,2,10.086622935788904,5.07352199370466,77.67260189422235,81.54842897500689,2.142857142857143,850
A_mech0.3_curr,6,0.775,7,AdaptiveGCN,0.0,0.7565256953239441,34,7032,112.425,0.9962,3,12.639668668786205,6.270944784902107,89.94677168907843,99.86996982018448,4.571428571428571,850
A_mech0.3_curr,7,0.85,0,AdaptiveGCN,0.0,0.7576514482498169,34,7032,99.42,0.6178,0,88.26238848338427,21.39999089276636,88.13771122463982,394.6729714453045,nan,2550
A_mech0.3_curr,7,0.85,0,AdaptiveGCN,0.0,0.7576514482498169,34,7032,99.42,0.6178,1,89.7772541636785,20.719992806969813,84.71377558886918,423.7318008831271,2.76,850
A_mech0.3_curr,7,0.85,0,AdaptiveGCN,0.0,0.7576514482498169,34,7032,99.42,0.6178,2,87.37631328803752,21.093785047494148,86.91256222622535,309.7470456764362,3.52,850
A_mech0.3_curr,7,0.85,0,AdaptiveGCN,0.0,0.7576514482498169,34,7032,99.42,0.6178,3,87.61376703119508,22.38619482383512,92.78679585882489,450.54656290634904,4.36,850
A_mech0.3_curr,7,0.85,1,AdaptiveGCN,0.0,0.7556787729263306,34,7032,85.629,0.6276,0,90.69372631645496,21.891898521087818,97.20107275052648,415.1542894788752,nan,2550
A_mech0.3_curr,7,0.85,1,AdaptiveGCN,0.0,0.7556787729263306,34,7032,85.629,0.6276,1,90.74508637699394,20.832393670181524,96.93748260560982,434.22316841046165,2.56,850
A_mech0.3_curr,7,0.85,1,AdaptiveGCN,0.0,0.7556787729263306,34,7032,85.629,0.6276,2,92.53098907382241,22.20685895352193,97.16238724873416,346.015111277993,3.32,850
A_mech0.3_curr,7,0.85,1,AdaptiveGCN,0.0,0.7556787729263306,34,7032,85.629,0.6276,3,88.76599201802556,22.63644293956,97.50334839723544,465.1901513992357,4.36,850
A_mech0.3_curr,7,0.85,2,AdaptiveGCN,0.0,0.663669228553772,34,7032,103.146,0.6347,0,85.30515258912187,20.887481625120877,94.40767727391535,369.64554791287406,nan,2550
A_mech0.3_curr,7,0.85,2,AdaptiveGCN,0.0,0.663669228553772,34,7032,103.146,0.6347,1,86.85406949239848,20.196613829188006,89.01841644889892,398.9364821532737,2.76,850
A_mech0.3_curr,7,0.85,2,AdaptiveGCN,0.0,0.663669228553772,34,7032,103.146,0.6347,2,85.39267105142571,20.85175042569836,96.00496430492656,299.36403775312715,3.52,850
A_mech0.3_curr,7,0.85,2,AdaptiveGCN,0.0,0.663669228553772,34,7032,103.146,0.6347,3,83.63832565321188,21.614080620476265,98.19965106792056,410.6868923533221,4.6,850
A_mech0.3_curr,7,0.85,3,AdaptiveGCN,0.0,0.7524670362472534,34,7032,100.605,0.8244,0,89.55553071592627,21.71717207246042,96.02211871587207,412.05491275442563,nan,2550
A_mech0.3_curr,7,0.85,3,AdaptiveGCN,0.0,0.7524670362472534,34,7032,100.605,0.8244,1,91.37682882847508,21.001525812169728,97.37943978823156,439.9414479028864,2.56,850
A_mech0.3_curr,7,0.85,3,AdaptiveGCN,0.0,0.7524670362472534,34,7032,100.605,0.8244,2,87.29441399188738,21.2076680034045,94.8589935352668,314.6886540652364,3.32,850
A_mech0.3_curr,7,0.85,3,AdaptiveGCN,0.0,0.7524670362472534,34,7032,100.605,0.8244,3,89.94742733674032,22.94232240180704,95.8279228241178,481.49507885433513,4.16,850
A_mech0.3_curr,7,0.85,4,AdaptiveGCN,0.0,0.7791167497634888,34,7032,71.103,0.7574,0,88.53130037156077,21.49183328315586,92.39359854031967,398.0249528989241,nan,2550
A_mech0.3_curr,7,0.85,4,AdaptiveGCN,0.0,0.7791167497634888,34,7032,71.103,0.7574,1,90.81038412457598,20.87643704625846,92.07463912748686,434.51097690305465,2.76,850
A_mech0.3_curr,7,0.85,4,AdaptiveGCN,0.0,0.7791167497634888,34,7032,71.103,0.7574,2,88.08934994280554,21.353880970395814,94.63432771423052,320.4163418170112,3.32,850
A_mech0.3_curr,7,0.85,4,AdaptiveGCN,0.0,0.7791167497634888,34,7032,71.103,0.7574,3,86.64360333134498,22.2451818328133,90.47182877924168,439.2394576128693,4.16,850
A_mech0.3_curr,7,0.85,5,AdaptiveGCN,0.0,0.7599824070930481,34,7032,87.512,0.8079,0,92.06619782651538,22.150627870200758,97.25654632395683,429.50767021056214,nan,2550
A_mech0.3_curr,7,0.85,5,AdaptiveGCN,0.0,0.7599824070930481,34,7032,87.512,0.8079,1,92.51494852257564,21.209575954373832,97.35564501158763,449.2086069499161,2.76,850
A_mech0.3_curr,7,0.85,5,AdaptiveGCN,0.0,0.7599824070930481,34,7032,87.512,0.8079,2,92.04444914253034,22.05167693183518,97.5998555018867,343.7394949215387,3.32,850
A_mech0.3_curr,7,0.85,5,AdaptiveGCN,0.0,0.7599824070930481,34,7032,87.512,0.8079,3,91.63709963004351,23.19063072439326,96.8141384583962,495.4979524396804,4.36,850
A_mech0.3_curr,7,0.85,6,AdaptiveGCN,0.0,0.7848138809204102,34,7032,83.975,0.8251,0,93.14403876093262,22.35825129380313,96.99859526616402,439.9547011145488,nan,2550
A_mech0.3_curr,7,0.85,6,AdaptiveGCN,0.0,0.7848138809204102,34,7032,83.975,0.8251,1,96.86882904024469,21.888840217847473,97.21344389099265,486.18472603072706,2.56,850
A_mech0.3_curr,7,0.85,6,AdaptiveGCN,0.0,0.7848138809204102,34,7032,83.975,0.8251,2,89.26682753967042,21.581261928239904,93.20469201929293,327.58483292148486,3.32,850
A_mech0.3_curr,7,0.85,6,AdaptiveGCN,0.0,0.7848138809204102,34,7032,83.975,0.8251,3,93.14128693264304,23.604651735322,100.5776498882065,506.1705045835139,4.36,850
A_mech0.3_curr,7,0.85,7,AdaptiveGCN,0.0,0.7834869027137756,34,7032,62.625,0.5779,0,89.2503190516246,21.624672809879687,91.46032157481501,398.28912574933156,nan,2550
A_mech0.3_curr,7,0.85,7,AdaptiveGCN,0.0,0.7834869027137756,34,7032,62.625,0.5779,1,92.65440154664329,21.25676503586648,94.58883361282882,448.7571883622743,2.76,850
A_mech0.3_curr,7,0.85,7,AdaptiveGCN,0.0,0.7834869027137756,34,7032,62.625,0.5779,2,89.39008017789064,21.553262825541008,88.89986780536572,320.49021652929645,2.36,850
A_mech0.3_curr,7,0.85,7,AdaptiveGCN,0.0,0.7834869027137756,34,7032,62.625,0.5779,3,85.56537729873006,22.06399056823157,90.89226330625046,425.8323974029428,3.2,850
A_mech0.3_curr,8,0.925,0,AdaptiveGCN,0.0,0.39784395694732666,34,7032,150.883,0.9372,0,28.727868612274392,12.639726534266499,78.99896361652638,104.21318804315408,nan,2550
A_mech0.3_curr,8,0.925,0,AdaptiveGCN,0.0,0.39784395694732666,34,7032,150.883,0.9372,1,25.06192669037399,9.931594585381339,71.22146721101863,81.783478250175,3.8095238095238093,850
A_mech0.3_curr,8,0.925,0,AdaptiveGCN,0.0,0.39784395694732666,34,7032,150.883,0.9372,2,28.154584539607686,12.57012694530189,79.8726825404007,105.03268343918988,4.333333333333333,850
A_mech0.3_curr,8,0.925,0,AdaptiveGCN,0.0,0.39784395694732666,34,7032,150.883,0.9372,3,32.482156716891566,15.41745807211627,85.90274109815982,125.67416425944869,4.380952380952381,850
A_mech0.3_curr,8,0.925,1,AdaptiveGCN,0.0,0.49400651454925537,34,7032,97.71,0.6193,0,27.761282190138374,11.817156579107133,80.46142849418764,99.45489530319456,nan,2550
A_mech0.3_curr,8,0.925,1,AdaptiveGCN,0.0,0.49400651454925537,34,7032,97.71,0.6193,1,25.725732497365037,10.099952190502218,74.54677835604528,84.93746843538251,2.8095238095238093,850
A_mech0.3_curr,8,0.925,1,AdaptiveGCN,0.0,0.49400651454925537,34,7032,97.71,0.6193,2,27.75335910972015,11.781873301330556,78.95052639008087,100.69520107678989,3.7142857142857144,850
A_mech0.3_curr,8,0.925,1,AdaptiveGCN,0.0,0.49400651454925537,34,7032,97.71,0.6193,3,29.664863258110795,13.569644245488623,87.8869807364368,112.63832086405313,5.666666666666667,850
A_mech0.3_curr,8,0.925,2,AdaptiveGCN,0.0,0.6531867384910583,34,7032,79.662,0.7118,0,27.61380333551293,11.10782158687277,76.49040931521026,93.44139378793737,nan,2550
A_mech0.3_curr,8,0.925,2,AdaptiveGCN,0.0,0.6531867384910583,34,7032,79.662,0.7118,1,25.348384472612043,9.52974955211599,70.18463492988988,79.89876951495134,2.1904761904761907,850
A_mech0.3_curr,8,0.925,2,AdaptiveGCN,0.0,0.6531867384910583,34,7032,79.662,0.7118,2,27.200945090940213,10.848731952565174,76.3751864936956,92.18697262759369,3.0952380952380953,850
A_mech0.3_curr,8,0.925,2,AdaptiveGCN,0.0,0.6531867384910583,34,7032,79.662,0.7118,3,30.085451546311408,12.944983255937148,82.91140652204534,108.14119243916372,5.095238095238095,850
A_mech0.3_curr,8,0.925,3,AdaptiveGCN,0.0,0.5462521314620972,34,7032,147.211,0.8622,0,27.15099337298219,11.252852096913323,80.15541451631542,95.68718542982279,nan,2550
A_mech0.3_curr,8,0.925,3,AdaptiveGCN,0.0,0.5462521314620972,34,7032,147.211,0.8622,1,25.267952309249402,9.634607795946067,74.2252354156433,80.99543071142114,2.4761904761904763,850
A_mech0.3_curr,8,0.925,3,AdaptiveGCN,0.0,0.5462521314620972,34,7032,147.211,0.8622,2,26.626647997357825,11.075546625669059,79.27958483339101,94.8689947664675,3.1904761904761907,850
A_mech0.3_curr,8,0.925,3,AdaptiveGCN,0.0,0.5462521314620972,34,7032,147.211,0.8622,3,29.39526366511221,13.048401869124843,86.96142329991193,111.09384734820276,5.095238095238095,850
A_mech0.3_curr,8,0.925,4,AdaptiveGCN,0.0,0.4936363995075226,34,7032,140.104,2.5184,0,29.522020770102817,12.900008477334426,81.29572873635195,111.07090200671425,nan,2550
A_mech0.3_curr,8,0.925,4,AdaptiveGCN,0.0,0.4936363995075226,34,7032,140.104,2.5184,1,25.6783817614579,10.226512764716547,73.64764929721073,86.14415746490582,2.6666666666666665,850
A_mech0.3_curr,8,0.925,4,AdaptiveGCN,0.0,0.4936363995075226,34,7032,140.104,2.5184,2,28.672474088992807,12.75803945111556,80.89894429966671,110.44926031059484,3.761904761904762,850
A_mech0.3_curr,8,0.925,4,AdaptiveGCN,0.0,0.4936363995075226,34,7032,140.104,2.5184,3,33.66242817712366,15.715473216171171,89.34059261217841,136.44718124083616,5.428571428571429,850
A_mech0.3_curr,8,0.925,5,AdaptiveGCN,0.0,0.3900320529937744,34,7032,252.011,1.5668,0,30.505915298999312,13.108462528573686,83.56284923114103,109.53567988065693,nan,2550
A_mech0.3_curr,8,0.925,5,AdaptiveGCN,0.0,0.3900320529937744,34,7032,252.011,1.5668,1,26.2461086231767,10.38830901402624,76.50994713895801,87.58450479896067,3.619047619047619,850
A_mech0.3_curr,8,0.925,5,AdaptiveGCN,0.0,0.3900320529937744,34,7032,252.011,1.5668,2,29.85688774192067,13.029951795045909,83.91385647580285,109.22499223729906,4.476190476190476,850
A_mech0.3_curr,8,0.925,5,AdaptiveGCN,0.0,0.3900320529937744,34,7032,252.011,1.5668,3,34.80719237737968,15.907126776648905,90.26474407866219,131.64694677123683,4.428571428571429,850
A_mech0.3_curr,8,0.925,6,AdaptiveGCN,0.0,0.4775053560733795,34,7032,164.368,2.7071,0,29.689007192676986,12.464657038239416,82.09808521304056,110.05380061360319,nan,2550
A_mech0.3_curr,8,0.925,6,AdaptiveGCN,0.0,0.4775053560733795,34,7032,164.368,2.7071,1,25.95239808030949,10.186374522897909,75.80446690557812,85.1641406893026,2.857142857142857,850
A_mech0.3_curr,8,0.925,6,AdaptiveGCN,0.0,0.4775053560733795,34,7032,164.368,2.7071,2,29.13872970229433,12.362106051952578,81.14996097469339,108.42056007708703,4.0476190476190474,850
A_mech0.3_curr,8,0.925,6,AdaptiveGCN,0.0,0.4775053560733795,34,7032,164.368,2.7071,3,33.49207233776757,14.84549053986776,89.33982775885018,136.4007173720648,6.476190476190476,850
A_mech0.3_curr,8,0.925,7,AdaptiveGCN,0.0,0.3689577281475067,34,7032,340.914,0.9615,0,27.709309565801277,12.081130800761063,80.46511599931691,102.1785520858943,nan,2550
A_mech0.3_curr,8,0.925,7,AdaptiveGCN,0.0,0.3689577281475067,34,7032,340.914,0.9615,1,25.045429133055407,9.887116508259547,73.45132511013753,82.85803411254949,2.5238095238095237,850
A_mech0.3_curr,8,0.925,7,AdaptiveGCN,0.0,0.3689577281475067,34,7032,340.914,0.9615,2,27.07510223130833,11.937348994695144,81.74200009525688,101.18929981561091,3.2857142857142856,850
A_mech0.3_curr,8,0.925,7,AdaptiveGCN,0.0,0.3689577281475067,34,7032,340.914,0.9615,3,30.70965367023081,14.418926899328499,86.20202279255632,122.35285247009729,4.571428571428571,850
B_mech0.05,1,0.4,0,AdaptiveGCN,0.0,0.7899664044380188,34,7032,23.146,0.6401,0,92.2299735079854,37.14696073187397,60.554611314713505,58.60961658092918,nan,2550
B_mech0.05,1,0.4,0,AdaptiveGCN,0.0,0.7899664044380188,34,7032,23.146,0.6401,1,54.858373771910166,25.83409133827944,53.7818929038418,56.20015806656722,2.72,850
B_mech0.05,1,0.4,0,AdaptiveGCN,0.0,0.7899664044380188,34,7032,23.146,0.6401,2,77.11897002526092,34.719879693369215,59.358199140223334,59.79197385950058,3.12,850
B_mech0.05,1,0.4,0,AdaptiveGCN,0.0,0.7899664044380188,34,7032,23.146,0.6401,3,128.6947059097435,50.88691116397324,68.52374190007538,59.82061245061959,6.12,850
B_mech0.05,1,0.4,1,AdaptiveGCN,0.0,0.8054068684577942,34,7032,30.298,0.9477,0,91.95272544828477,37.3968828171908,60.73906264385436,59.91525228518388,nan,2550
B_mech0.05,1,0.4,1,AdaptiveGCN,0.0,0.8054068684577942,34,7032,30.298,0.9477,1,57.991876457746116,26.786410953952547,55.256307034024296,57.74975730616207,3.08,850
B_mech0.05,1,0.4,1,AdaptiveGCN,0.0,0.8054068684577942,34,7032,30.298,0.9477,2,87.33871076615895,37.37078778411207,60.38391493458162,62.34085473702663,3.72,850
B_mech0.05,1,0.4,1,AdaptiveGCN,0.0,0.8054068684577942,34,7032,30.298,0.9477,3,119.89496661127045,48.03344971350778,66.57696596295717,59.64561439217236,6.2,850
B_mech0.05,1,0.4,2,AdaptiveGCN,0.0,0.740020215511322,34,7032,37.144,0.8456,0,118.32244667099604,45.42300740819826,64.97902114468533,59.00139798035495,nan,2550
B_mech0.05,1,0.4,2,AdaptiveGCN,0.0,0.740020215511322,34,7032,37.144,0.8456,1,81.74037270697937,33.2913617684977,57.0014865790686,54.4078119539453,3.96,850
B_mech0.05,1,0.4,2,AdaptiveGCN,0.0,0.740020215511322,34,7032,37.144,0.8456,2,105.8598579627757,43.25856683856315,64.4549050732893,60.16961728053979,4.28,850
B_mech0.05,1,0.4,2,AdaptiveGCN,0.0,0.740020215511322,34,7032,37.144,0.8456,3,155.28298715718074,59.719093617533936,73.48067178169812,62.392120880359336,8.76,850
B_mech0.05,2,0.475,0,AdaptiveGCN,0.0,0.8018580079078674,34,7032,26.974,0.5889,0,119.2045040909994,43.05993465542793,43.0042142343933,51.82318082392876,nan,2550
B_mech0.05,2,0.475,0,AdaptiveGCN,0.0,0.8018580079078674,34,7032,26.974,0.5889,1,95.5863831128391,35.3769104497573,37.39784502102042,43.225587453859795,1.24,850
B_mech0.05,2,0.475,0,AdaptiveGCN,0.0,0.8018580079078674,34,7032,26.974,0.5889,2,125.11789794820706,45.769128049121186,42.64733943855742,51.67327937051445,2.04,850
B_mech0.05,2,0.475,0,AdaptiveGCN,0.0,0.8018580079078674,34,7032,26.974,0.5889,3,133.55858775522773,48.03376546740532,48.96745824360206,60.57067564741201,3.8,850
B_mech0.05,2,0.475,1,AdaptiveGCN,0.0,0.5324432253837585,34,7032,67.067,1.5591,0,159.11549876611133,51.96456745867782,46.94625546623315,54.07713396258293,nan,2550
B_mech0.05,2,0.475,1,AdaptiveGCN,0.0,0.5324432253837585,34,7032,67.067,1.5591,1,128.81252552641433,42.60141036797315,41.3269559331689,42.26486458977422,3.6,850
B_mech0.05,2,0.475,1,AdaptiveGCN,0.0,0.5324432253837585,34,7032,67.067,1.5591,2,135.98382377148738,49.96407086422338,46.60189738777373,52.08457828752652,4.76,850
B_mech0.05,2,0.475,1,AdaptiveGCN,0.0,0.5324432253837585,34,7032,67.067,1.5591,3,202.16072512423636,63.32822114383692,52.9099130777568,67.88195901044803,3.0,850
B_mech0.05,2,0.475,2,AdaptiveGCN,0.0,0.5171778202056885,34,7032,111.892,2.991,0,130.59972842097542,47.33800209679805,46.583858695885226,55.8200488212657,nan,2550
B_mech0.05,2,0.475,2,AdaptiveGCN,0.0,0.5171778202056885,34,7032,111.892,2.991,1,89.95522715573148,33.714372884760444,39.47642747462507,43.85285155832207,1.56,850
B_mech0.05,2,0.475,2,AdaptiveGCN,0.0,0.5171778202056885,34,7032,111.892,2.991,2,135.9203947148873,49.20492834224749,45.96585671520349,54.23171993170999,3.8,850
B_mech0.05,2,0.475,2,AdaptiveGCN,0.0,0.5171778202056885,34,7032,111.892,2.991,3,156.85206596920426,59.094705063386215,54.30929189782715,69.37557497376504,4.8,850
B_mech0.05,3,0.55,0,AdaptiveGCN,0.0,0.475896954536438,34,7032,61.483,0.8371,0,23.44869160476856,12.363835186723108,57.758167373759164,61.203542047204195,nan,2550
B_mech0.05,3,0.55,0,AdaptiveGCN,0.0,0.475896954536438,34,7032,61.483,0.8371,1,16.794995140461353,9.503135318054872,50.72292275430731,54.44713931891847,1.2916666666666667,850
B_mech0.05,3,0.55,0,AdaptiveGCN,0.0,0.475896954536438,34,7032,61.483,0.8371,2,23.258976263269176,12.383207183515324,58.91820204987339,62.025077303214125,2.9583333333333335,850
B_mech0.05,3,0.55,0,AdaptiveGCN,0.0,0.475896954536438,34,7032,61.483,0.8371,3,28.748418658131296,15.205163058599128,63.63337731709677,67.15375567449881,3.9166666666666665,850
B_mech0.05,3,0.55,1,AdaptiveGCN,0.0,0.5767691731452942,34,7032,62.167,0.6734,0,21.685184505172153,12.174063144293887,56.52081406415716,63.870108387281746,nan,2550
B_mech0.05,3,0.55,1,AdaptiveGCN,0.0,0.5767691731452942,34,7032,62.167,0.6734,1,16.448158975744963,9.690755358481342,50.617046082417914,55.512360297256635,1.375,850
B_mech0.05,3,0.55,1,AdaptiveGCN,0.0,0.5767691731452942,34,7032,62.167,0.6734,2,22.479355710509584,12.521383713761017,57.99836075442734,65.97379206877649,3.6666666666666665,850
B_mech0.05,3,0.55,1,AdaptiveGCN,0.0,0.5767691731452942,34,7032,62.167,0.6734,3,25.196791744566916,14.310050360639305,60.94703535562622,70.14184125107033,4.333333333333333,850
B_mech0.05,3,0.55,2,AdaptiveGCN,0.0,0.5932959914207458,34,7032,61.928,2.3633,0,21.079140807943894,11.608746349493831,55.77722803025753,60.14692378743738,nan,2550
B_mech0.05,3,0.55,2,AdaptiveGCN,0.0,0.5932959914207458,34,7032,61.928,2.3633,1,16.11059148322308,9.377752359989168,50.21198422625132,54.06981771228343,1.3333333333333333,850
B_mech0.05,3,0.55,2,AdaptiveGCN,0.0,0.5932959914207458,34,7032,61.928,2.3633,2,21.20279607170023,11.683463047682855,56.57112286750642,62.7146215632774,3.25,850
B_mech0.05,3,0.55,2,AdaptiveGCN,0.0,0.5932959914207458,34,7032,61.928,2.3633,3,24.977606218490394,13.76502364080947,60.54857699701489,63.667924002560824,4.333333333333333,850
B_mech0.05,4,0.625,0,AdaptiveGCN,0.0,0.6203569769859314,34,7032,53.564,0.6457,0,30.679776698081184,14.266708227218878,52.33690842690086,57.027410188299314,nan,2550
B_mech0.05,4,0.625,0,AdaptiveGCN,0.0,0.6203569769859314,34,7032,53.564,0.6457,1,26.77607540326495,12.630890590512358,51.004208823833096,55.2093411975825,2.6666666666666665,850
B_mech0.05,4,0.625,0,AdaptiveGCN,0.0,0.6203569769859314,34,7032,53.564,0.6457,2,28.367750596677073,13.495302255039705,51.4929678103598,56.18636180838759,3.375,850
B_mech0.05,4,0.625,0,AdaptiveGCN,0.0,0.6203569769859314,34,7032,53.564,0.6457,3,36.08404920204734,16.67393183610457,54.513548646509676,59.686527558927835,3.8333333333333335,850
B_mech0.05,4,0.625,1,AdaptiveGCN,0.0,0.681317925453186,34,7032,55.07,0.6413,0,30.577337916598083,14.294072449293134,51.59705289340432,58.257231838399406,nan,2550
B_mech0.05,4,0.625,1,AdaptiveGCN,0.0,0.681317925453186,34,7032,55.07,0.6413,1,27.12371563611395,12.98465353526175,50.93769180401219,58.239402920691205,2.5,850
B_mech0.05,4,0.625,1,AdaptiveGCN,0.0,0.681317925453186,34,7032,55.07,0.6413,2,28.691859189145735,13.900455531889902,51.45931663752553,60.20309753887361,2.875,850
B_mech0.05,4,0.625,1,AdaptiveGCN,0.0,0.681317925453186,34,7032,55.07,0.6413,3,35.29875420689717,15.99710828072775,52.394150238675266,56.32919505563336,4.333333333333333,850
B_mech0.05,4,0.625,2,AdaptiveGCN,0.0,0.5325537919998169,34,7032,88.445,2.8077,0,32.22658172307116,14.826701538605255,52.97094641203681,56.90952323788916,nan,2550
B_mech0.05,4,0.625,2,AdaptiveGCN,0.0,0.5325537919998169,34,7032,88.445,2.8077,1,27.46082237875964,12.774229925488095,50.51828393827813,54.68941526695777,2.5,850
B_mech0.05,4,0.625,2,AdaptiveGCN,0.0,0.5325537919998169,34,7032,88.445,2.8077,2,30.270164859623158,14.160434351140523,52.10873970447432,55.42718014500083,3.3333333333333335,850
B_mech0.05,4,0.625,2,AdaptiveGCN,0.0,0.5325537919998169,34,7032,88.445,2.8077,3,38.01681289002014,17.545440339187145,56.285815593358,60.611974301708884,3.9166666666666665,850
B_mech0.05,5,0.7,0,AdaptiveGCN,0.0,0.6026754975318909,34,7032,63.196,0.7434,0,55.14640383344338,28.143730993031514,44.799732021236515,52.22999138067868,nan,2550
B_mech0.05,5,0.7,0,AdaptiveGCN,0.0,0.6026754975318909,34,7032,63.196,0.7434,1,39.84069496610288,21.258289399059926,37.74046072047595,39.89051432381692,1.2,850
B_mech0.05,5,0.7,0,AdaptiveGCN,0.0,0.6026754975318909,34,7032,63.196,0.7434,2,54.321365132111566,28.452951198465822,43.72939711636259,48.16138076391628,2.88,850
B_mech0.05,5,0.7,0,AdaptiveGCN,0.0,0.6026754975318909,34,7032,63.196,0.7434,3,67.71473903136166,34.719952381568795,52.92933822687102,68.8587599034403,3.5416666666666665,850
B_mech0.05,5,0.7,1,AdaptiveGCN,0.0,0.6158657073974609,34,7032,56.358,0.7385,0,57.13825386490697,29.466014635905204,46.698123385419024,53.57629829009778,nan,2550
B_mech0.05,5,0.7,1,AdaptiveGCN,0.0,0.6158657073974609,34,7032,56.358,0.7385,1,40.505120938434516,21.339662959355422,38.63646875773836,39.403273264402024,1.44,850
B_mech0.05,5,0.7,1,AdaptiveGCN,0.0,0.6158657073974609,34,7032,56.358,0.7385,2,55.88685596306083,29.61087002722519,45.51355495097705,49.364399731850426,3.92,850
B_mech0.05,5,0.7,1,AdaptiveGCN,0.0,0.6158657073974609,34,7032,56.358,0.7385,3,70.92485229112962,37.447510921135,55.94434644754165,72.20937854792933,4.916666666666667,850
B_mech0.05,5,0.7,2,AdaptiveGCN,0.0,0.506960928440094,34,7032,115.84,0.7504,0,60.588745786021036,30.053807617965756,46.694424587852964,52.408693078508385,nan,2550
B_mech0.05,5,0.7,2,AdaptiveGCN,0.0,0.506960928440094,34,7032,115.84,0.7504,1,43.11818962817711,22.231220686194206,38.26314213940524,39.211550411989386,1.4,850
B_mech0.05,5,0.7,2,AdaptiveGCN,0.0,0.506960928440094,34,7032,115.84,0.7504,2,60.38554427869306,30.501585899936035,46.04188860021862,48.463444192855995,3.0,850
B_mech0.05,5,0.7,2,AdaptiveGCN,0.0,0.506960928440094,34,7032,115.84,0.7504,3,74.21183270290396,37.42861626776702,55.77824302393505,69.78242369508766,4.291666666666667,850
B_mech0.05,6,0.775,0,AdaptiveGCN,0.0,0.7886034250259399,34,7032,59.316,0.6679,0,10.710661516773381,5.354074645860856,82.87939882260366,86.38298416047408,nan,2550
B_mech0.05,6,0.775,0,AdaptiveGCN,0.0,0.7886034250259399,34,7032,59.316,0.6679,1,8.496678141445278,4.437594989835154,74.34507256389304,71.04540038321962,3.357142857142857,850
B_mech0.05,6,0.775,0,AdaptiveGCN,0.0,0.7886034250259399,34,7032,59.316,0.6679,2,10.449827702749495,5.322910974992393,86.93495551759098,87.66736919301273,4.142857142857143,850
B_mech0.05,6,0.775,0,AdaptiveGCN,0.0,0.7886034250259399,34,7032,59.316,0.6679,3,12.757835706898174,6.301717972755021,87.358168386327,100.4917064829956,4.571428571428571,850
B_mech0.05,6,0.775,1,AdaptiveGCN,0.0,0.7593140602111816,34,7032,55.222,0.6826,0,10.866581164012672,5.4171007687697905,89.75116036393335,87.64190553928043,nan,2550
B_mech0.05,6,0.775,1,AdaptiveGCN,0.0,0.7593140602111816,34,7032,55.222,0.6826,1,8.570877753935148,4.449748075566638,85.53187890189662,71.91408564577951,2.2142857142857144,850
B_mech0.05,6,0.775,1,AdaptiveGCN,0.0,0.7593140602111816,34,7032,55.222,0.6826,2,10.66599822316418,5.36492185374852,91.36392142519085,88.1985317567466,4.0,850
B_mech0.05,6,0.775,1,AdaptiveGCN,0.0,0.7593140602111816,34,7032,55.222,0.6826,3,12.923787951401206,6.436632376994213,92.3576807647126,102.8653195946281,4.642857142857143,850
B_mech0.05,6,0.775,2,AdaptiveGCN,0.0,0.5485170483589172,34,7032,96.802,0.6255,0,12.03604447309932,5.9137229089843855,92.23453129187824,96.24645425904876,nan,2550
B_mech0.05,6,0.775,2,AdaptiveGCN,0.0,0.5485170483589172,34,7032,96.802,0.6255,1,8.937095433395177,4.586943124558859,87.24272986841547,74.69366798829438,2.2142857142857144,850
B_mech0.05,6,0.775,2,AdaptiveGCN,0.0,0.5485170483589172,34,7032,96.802,0.6255,2,11.656693839201484,5.855408153080875,92.00007584606014,96.23293404004033,4.785714285714286,850
B_mech0.05,6,0.775,2,AdaptiveGCN,0.0,0.5485170483589172,34,7032,96.802,0.6255,3,14.793542970795851,7.298817449313424,97.46078816115914,117.87950724751772,5.285714285714286,850
B_mech0.05,7,0.85,0,AdaptiveGCN,0.0,0.7589656114578247,34,7032,70.313,0.8493,0,88.14104536125787,21.369957441736776,87.77603635960027,393.50982097669703,nan,2550
B_mech0.05,7,0.85,0,AdaptiveGCN,0.0,0.7589656114578247,34,7032,70.313,0.8493,1,89.5264296865804,20.656814836794922,83.72253317746193,422.1432146220054,2.76,850
B_mech0.05,7,0.85,0,AdaptiveGCN,0.0,0.7589656114578247,34,7032,70.313,0.8493,2,87.68847976490042,21.186404492314015,87.64189068950702,312.33321703200806,3.52,850
B_mech0.05,7,0.85,0,AdaptiveGCN,0.0,0.7589656114578247,34,7032,70.313,0.8493,3,87.19105766201245,22.26665299610139,91.96368521183183,446.0666635329065,4.36,850
B_mech0.05,7,0.85,1,AdaptiveGCN,0.0,0.7552984952926636,34,7032,72.958,0.7949,0,90.19152563196789,21.79217692804006,96.222468950629,411.18655466950077,nan,2550
B_mech0.05,7,0.85,1,AdaptiveGCN,0.0,0.7552984952926636,34,7032,72.958,0.7949,1,90.45133503043634,20.78857362540343,96.78000568305822,432.2855092220638,2.56,850
B_mech0.05,7,0.85,1,AdaptiveGCN,0.0,0.7552984952926636,34,7032,72.958,0.7949,2,91.77472690654018,22.05342415594507,95.93953776164587,341.1356792637768,3.32,850
B_mech0.05,7,0.85,1,AdaptiveGCN,0.0,0.7552984952926636,34,7032,72.958,0.7949,3,88.31471779894616,22.534533002771685,95.94786340718291,460.1189834252648,4.16,850
B_mech0.05,7,0.85,2,AdaptiveGCN,0.0,0.6609761118888855,34,7032,81.367,0.571,0,85.14868384436235,20.867682123741456,95.53468083024316,367.9186483122434,nan,2550
B_mech0.05,7,0.85,2,AdaptiveGCN,0.0,0.6609761118888855,34,7032,81.367,0.571,1,86.57696016162713,20.1413777573015,88.77181532427481,396.18532660741255,2.76,850
B_mech0.05,7,0.85,2,AdaptiveGCN,0.0,0.6609761118888855,34,7032,81.367,0.571,2,85.52356984145902,20.87891419982774,97.58101655133254,300.7469872953364,3.32,850
B_mech0.05,7,0.85,2,AdaptiveGCN,0.0,0.6609761118888855,34,7032,81.367,0.571,3,83.3129284806784,21.58275441409513,100.25121061512216,406.87450657184155,4.6,850
B_mech0.05,8,0.925,0,AdaptiveGCN,0.0,0.4053605794906616,34,7032,177.877,2.3632,0,27.541115910380885,12.096714076454864,80.77727657549399,103.41348454299022,nan,2550
B_mech0.05,8,0.925,0,AdaptiveGCN,0.0,0.4053605794906616,34,7032,177.877,2.3632,1,24.897183803465584,9.827430483728087,73.28383223268756,82.48131765907087,2.6666666666666665,850
B_mech0.05,8,0.925,0,AdaptiveGCN,0.0,0.4053605794906616,34,7032,177.877,2.3632,2,27.15981188832686,12.010478980344082,80.90189201266269,103.18802459384413,3.619047619047619,850
B_mech0.05,8,0.925,0,AdaptiveGCN,0.0,0.4053605794906616,34,7032,177.877,2.3632,3,30.29874673339237,14.45223276529242,88.14610548113173,124.42779543827736,5.666666666666667,850
B_mech0.05,8,0.925,1,AdaptiveGCN,0.0,0.4996032416820526,34,7032,117.137,0.6585,0,27.753824098890934,11.854491383817692,80.43521144964252,99.78403559215899,nan,2550
B_mech0.05,8,0.925,1,AdaptiveGCN,0.0,0.4996032416820526,34,7032,117.137,0.6585,1,25.781639654983735,10.200913610681752,75.12719914458059,85.7792852283572,2.8095238095238093,850
B_mech0.05,8,0.925,1,AdaptiveGCN,0.0,0.4996032416820526,34,7032,117.137,0.6585,2,27.755754934300786,11.83571954729419,79.03941969882673,101.3912049894255,3.7142857142857144,850
B_mech0.05,8,0.925,1,AdaptiveGCN,0.0,0.4996032416820526,34,7032,117.137,0.6585,3,29.593063056468917,13.526840993477133,87.13901550552023,112.09290602314708,5.857142857142857,850
B_mech0.05,8,0.925,2,AdaptiveGCN,0.0,0.6507176160812378,34,7032,90.463,1.5077,0,27.597662507965286,11.127779767539343,76.72603623079787,93.44510174553159,nan,2550
B_mech0.05,8,0.925,2,AdaptiveGCN,0.0,0.6507176160812378,34,7032,90.463,1.5077,1,25.3527444868054,9.535771203199264,70.93832806912232,79.79408023831319,2.4761904761904763,850
B_mech0.05,8,0.925,2,AdaptiveGCN,0.0,0.6507176160812378,34,7032,90.463,1.5077,2,27.163675588748486,10.868827080025941,76.19594434340227,92.30362668576535,3.380952380952381,850
B_mech0.05,8,0.925,2,AdaptiveGCN,0.0,0.6507176160812378,34,7032,90.463,1.5077,3,30.071015998909093,12.978741019392825,83.04383627986903,108.14007513875379,5.190476190476191,850
B_mech0.1,1,0.4,0,AdaptiveGCN,0.0,0.7744389176368713,34,7032,30.045,0.7484,0,96.2363782922983,38.546205634336154,61.24166079615271,58.75793685431717,nan,2550
B_mech0.1,1,0.4,0,AdaptiveGCN,0.0,0.7744389176368713,34,7032,30.045,0.7484,1,61.576905795683665,27.524555126820854,54.28505435281945,54.74526413328691,2.44,850
B_mech0.1,1,0.4,0,AdaptiveGCN,0.0,0.7744389176368713,34,7032,30.045,0.7484,2,82.97895269619238,36.59086764122305,60.57307593287836,60.686388516709165,3.48,850
B_mech0.1,1,0.4,0,AdaptiveGCN,0.0,0.7744389176368713,34,7032,30.045,0.7484,3,130.79411149790954,51.523194134964555,68.86685210276033,60.81518892376554,6.2,850
B_mech0.1,1,0.4,1,AdaptiveGCN,0.0,0.8058903813362122,34,7032,24.807,0.7587,0,90.91545399783149,37.13404541404855,60.697918525515725,59.82874779777412,nan,2550
B_mech0.1,1,0.4,1,AdaptiveGCN,0.0,0.8058903813362122,34,7032,24.807,0.7587,1,58.45083669184893,26.864118669894523,55.26965298715031,57.59195027697835,3.0,850
B_mech0.1,1,0.4,1,AdaptiveGCN,0.0,0.8058903813362122,34,7032,24.807,0.7587,2,86.21693290588557,37.06937501053915,60.33400349073139,62.2516276441574,3.72,850
B_mech0.1,1,0.4,1,AdaptiveGCN,0.0,0.8058903813362122,34,7032,24.807,0.7587,3,118.09741528594212,47.46864256171198,66.49009909866545,59.63252164739043,6.2,850
B_mech0.1,1,0.4,2,AdaptiveGCN,0.0,0.7411447167396545,34,7032,30.137,0.6308,0,116.41879020657186,44.86777822514558,64.68620630021552,58.84482156388676,nan,2550
B_mech0.1,1,0.4,2,AdaptiveGCN,0.0,0.7411447167396545,34,7032,30.137,0.6308,1,79.39591072719851,32.61151009178556,56.63666625857755,54.36287489986812,3.76,850
B_mech0.1,1,0.4,2,AdaptiveGCN,0.0,0.7411447167396545,34,7032,30.137,0.6308,2,103.55246767978846,42.68845341300811,64.17540483748432,59.976233014444155,4.28,850
B_mech0.1,1,0.4,2,AdaptiveGCN,0.0,0.7411447167396545,34,7032,30.137,0.6308,3,153.730868522592,59.30337117064306,73.24654780458467,62.161524380375276,8.76,850
B_mech0.1,2,0.475,0,AdaptiveGCN,0.0,0.80170077085495,34,7032,31.59,0.5695,0,116.95384042112495,42.67424395993644,42.992110774294574,51.82949081097797,nan,2550
B_mech0.1,2,0.475,0,AdaptiveGCN,0.0,0.80170077085495,34,7032,31.59,0.5695,1,88.80470833339145,33.85502354825244,37.16280740598565,42.60358624533224,1.24,850
B_mech0.1,2,0.475,0,AdaptiveGCN,0.0,0.80170077085495,34,7032,31.59,0.5695,2,123.04340391404317,45.35059175989207,42.62458241598369,51.56351277798169,1.96,850
B_mech0.1,2,0.475,0,AdaptiveGCN,0.0,0.80170077085495,34,7032,31.59,0.5695,3,134.19629987006638,48.81711657166481,49.188942500914386,61.32137340962003,3.84,850
B_mech0.1,2,0.475,1,AdaptiveGCN,0.0,0.5321218371391296,34,7032,70.865,1.9274,0,218.78496103150334,61.70231123523641,48.031338420249156,59.91622950541472,nan,2550
B_mech0.1,2,0.475,1,AdaptiveGCN,0.0,0.5321218371391296,34,7032,70.865,1.9274,1,112.50615986507194,40.45275099612882,40.90351510506424,44.00022990900823,3.52,850
B_mech0.1,2,0.475,1,AdaptiveGCN,0.0,0.5321218371391296,34,7032,70.865,1.9274,2,163.57680600999652,57.1385519317165,47.43409511828814,56.56941976537176,4.08,850
B_mech0.1,2,0.475,1,AdaptiveGCN,0.0,0.5321218371391296,34,7032,70.865,1.9274,3,322.77789584891366,87.51563077786389,55.756405037395076,79.17903884186416,3.04,850
B_mech0.1,2,0.475,2,AdaptiveGCN,0.0,0.542192280292511,34,7032,86.108,1.9042,0,261.6344991174118,75.6516798548908,51.519974339643184,68.60183072498747,nan,2550
B_mech0.1,2,0.475,2,AdaptiveGCN,0.0,0.542192280292511,34,7032,86.108,1.9042,1,164.73416507217834,53.756121712476016,44.08963857272385,49.20348235880421,2.8,850
B_mech0.1,2,0.475,2,AdaptiveGCN,0.0,0.542192280292511,34,7032,86.108,1.9042,2,235.02793809371946,74.75046264492305,51.62428153948034,66.06156529992191,4.12,850
B_mech0.1,2,0.475,2,AdaptiveGCN,0.0,0.542192280292511,34,7032,86.108,1.9042,3,350.68840379836337,98.44845520727337,58.84600290672534,90.54044451623626,3.8,850
B_mech0.1,3,0.55,0,AdaptiveGCN,0.0,0.48667874932289124,34,7032,75.584,1.8421,0,23.088101122463492,12.160322622865548,57.107277196900284,60.11492752976996,nan,2550
B_mech0.1,3,0.55,0,AdaptiveGCN,0.0,0.48667874932289124,34,7032,75.584,1.8421,1,16.810858934141006,9.494060235052533,50.54754763486841,54.35023697335788,1.375,850
B_mech0.1,3,0.55,0,AdaptiveGCN,0.0,0.48667874932289124,34,7032,75.584,1.8421,2,23.229546605517996,12.27033926509759,58.263236804380526,61.46932108943973,3.4166666666666665,850
B_mech0.1,3,0.55,0,AdaptiveGCN,0.0,0.48667874932289124,34,7032,75.584,1.8421,3,27.87408163010539,14.71656836844652,62.51104715145196,64.53752801811221,3.9166666666666665,850
B_mech0.1,3,0.55,1,AdaptiveGCN,0.0,0.5051766037940979,34,7032,73.951,1.1833,0,22.401078586904333,12.117974344556329,56.80399524592604,62.7977477227391,nan,2550
B_mech0.1,3,0.55,1,AdaptiveGCN,0.0,0.5051766037940979,34,7032,73.951,1.1833,1,16.295376729859477,9.535184723971796,50.543814070022066,56.246474910305956,2.25,850
B_mech0.1,3,0.55,1,AdaptiveGCN,0.0,0.5051766037940979,34,7032,73.951,1.1833,2,22.39769891492624,12.29685388144763,58.1386072871778,65.80186184923224,3.625,850
B_mech0.1,3,0.55,1,AdaptiveGCN,0.0,0.5051766037940979,34,7032,73.951,1.1833,3,27.170365218713155,14.521884428249562,61.72956438057825,66.35711732947526,3.9166666666666665,850
B_mech0.1,3,0.55,2,AdaptiveGCN,0.0,0.5896615386009216,34,7032,51.48,1.7614,0,20.790827203599985,11.530591655886349,55.6974783589688,60.039947480521974,nan,2550
B_mech0.1,3,0.55,2,AdaptiveGCN,0.0,0.5896615386009216,34,7032,51.48,1.7614,1,15.818868018104856,9.32094799150932,50.1099523794615,54.09017280603695,1.7916666666666667,850
B_mech0.1,3,0.55,2,AdaptiveGCN,0.0,0.5896615386009216,34,7032,51.48,1.7614,2,21.034685057864404,11.603987459340408,56.565356663955235,62.433376352542616,3.5833333333333335,850
B_mech0.1,3,0.55,2,AdaptiveGCN,0.0,0.5896615386009216,34,7032,51.48,1.7614,3,24.578057827503272,13.66683951680932,60.41712603348965,63.60778798731156,4.708333333333333,850
B_mech0.1,4,0.625,0,AdaptiveGCN,0.0,0.624447762966156,34,7032,57.042,0.9828,0,30.61322179267083,14.257472513529619,52.355383465258,57.25104742752563,nan,2550
B_mech0.1,4,0.625,0,AdaptiveGCN,0.0,0.624447762966156,34,7032,57.042,0.9828,1,26.75446019132887,12.640010164013022,50.93485768902484,55.39079595970486,2.6666666666666665,850
B_mech0.1,4,0.625,0,AdaptiveGCN,0.0,0.624447762966156,34,7032,57.042,0.9828,2,28.3567748270712,13.496946303750224,51.49716352939001,56.409563762073525,3.375,850
B_mech0.1,4,0.625,0,AdaptiveGCN,0.0,0.624447762966156,34,7032,57.042,0.9828,3,35.9388400878374,16.635461072825606,54.634129177359135,59.95278256079849,3.7916666666666665,850
B_mech0.1,4,0.625,1,AdaptiveGCN,0.0,0.6809563040733337,34,7032,52.226,0.7798,0,30.56622488805846,14.263802004864841,51.58402373143945,57.95872707997341,nan,2550
B_mech0.1,4,0.625,1,AdaptiveGCN,0.0,0.6809563040733337,34,7032,52.226,0.7798,1,27.01245632648601,12.905832947865129,50.8914928652921,57.85139935997734,2.0833333333333335,850
B_mech0.1,4,0.625,1,AdaptiveGCN,0.0,0.6809563040733337,34,7032,52.226,0.7798,2,28.666165571663914,13.823176339124055,51.40401378580313,59.432206398991916,2.875,850
B_mech0.1,4,0.625,1,AdaptiveGCN,0.0,0.6809563040733337,34,7032,52.226,0.7798,3,35.37598714311348,16.06239672760534,52.45656454322317,56.59257548095097,3.4583333333333335,850
B_mech0.1,4,0.625,2,AdaptiveGCN,0.0,0.45302698016166687,34,7032,162.62,2.9848,0,33.46344089065431,15.775297086333294,53.7398983488224,58.07586473876516,nan,2550
B_mech0.1,4,0.625,2,AdaptiveGCN,0.0,0.45302698016166687,34,7032,162.62,2.9848,1,26.816662319381265,12.797116576117627,50.010462024234556,51.680668484570155,3.1666666666666665,850
B_mech0.1,4,0.625,2,AdaptiveGCN,0.0,0.45302698016166687,34,7032,162.62,2.9848,2,32.87600571632254,15.812453095048994,53.746116682677695,58.212475819394406,7.75,850
B_mech0.1,4,0.625,2,AdaptiveGCN,0.0,0.45302698016166687,34,7032,162.62,2.9848,3,39.48975182139728,18.71632158783326,57.46311633955495,64.33444991233088,8.791666666666666,850
B_mech0.1,5,0.7,0,AdaptiveGCN,0.0,0.6069542169570923,34,7032,67.834,0.713,0,55.612644265445205,28.233665284184994,44.99413471167822,51.63593531954855,nan,2550
B_mech0.1,5,0.7,0,AdaptiveGCN,0.0,0.6069542169570923,34,7032,67.834,0.713,1,39.83371981446425,21.20791189866469,37.54543342631304,39.657894344124564,1.04,850
B_mech0.1,5,0.7,0,AdaptiveGCN,0.0,0.6069542169570923,34,7032,67.834,0.713,2,54.59884158699092,28.439042584048035,43.79685399933395,47.68876068761101,2.68,850
B_mech0.1,5,0.7,0,AdaptiveGCN,0.0,0.6069542169570923,34,7032,67.834,0.713,3,68.6333728566963,35.05404136984225,53.64011670938766,67.77534173666308,3.4583333333333335,850
B_mech0.1,5,0.7,1,AdaptiveGCN,0.0,0.6178011894226074,34,7032,66.365,1.7237,0,56.31296851308757,28.935705811526425,46.112910036413915,53.175950248437175,nan,2550
B_mech0.1,5,0.7,1,AdaptiveGCN,0.0,0.6178011894226074,34,7032,66.365,1.7237,1,40.40572373130181,21.23718766482547,38.65601095950992,39.42742438587517,1.4,850
B_mech0.1,5,0.7,1,AdaptiveGCN,0.0,0.6178011894226074,34,7032,66.365,1.7237,2,54.99713212645662,28.95343844599255,45.07277350779997,49.235727299649895,3.8,850
B_mech0.1,5,0.7,1,AdaptiveGCN,0.0,0.6178011894226074,34,7032,66.365,1.7237,3,69.68604032288506,36.61649132376126,54.609945641931866,71.10374616737582,4.375,850
B_mech0.1,5,0.7,2,AdaptiveGCN,0.0,0.5047438144683838,34,7032,96.015,3.1341,0,60.427709817590106,30.32671322424435,46.99173256065301,53.81905058386116,nan,2550
B_mech0.1,5,0.7,2,AdaptiveGCN,0.0,0.5047438144683838,34,7032,96.015,3.1341,1,42.613734728704685,22.160977633794744,38.70524067793504,39.691801395241484,2.12,850
B_mech0.1,5,0.7,2,AdaptiveGCN,0.0,0.5047438144683838,34,7032,96.015,3.1341,2,59.93145595451928,30.669582559486084,45.99245331558261,49.95118400846239,2.76,850
B_mech0.1,5,0.7,2,AdaptiveGCN,0.0,0.5047438144683838,34,7032,96.015,3.1341,3,74.47693965946594,38.14957947945222,56.2775036884414,72.0577137745805,3.9583333333333335,850
B_mech0.1,6,0.775,0,AdaptiveGCN,0.0,0.7096185088157654,34,7032,66.254,0.7481,0,10.66153415445038,5.300328669465951,78.54496338001692,84.64183937637316,nan,2550
B_mech0.1,6,0.775,0,AdaptiveGCN,0.0,0.7096185088157654,34,7032,66.254,0.7481,1,8.344017395862123,4.336354312821127,70.99737240762526,69.05895895827734,2.2142857142857144,850
B_mech0.1,6,0.775,0,AdaptiveGCN,0.0,0.7096185088157654,34,7032,66.254,0.7481,2,10.367846580244967,5.226456812141354,78.49031151629464,84.34544386979519,4.142857142857143,850
B_mech0.1,6,0.775,0,AdaptiveGCN,0.0,0.7096185088157654,34,7032,66.254,0.7481,3,12.801955419606372,6.338174883435371,86.14720621613093,100.56759619842657,4.642857142857143,850
B_mech0.1,6,0.775,1,AdaptiveGCN,0.0,0.7605619430541992,34,7032,57.9,0.5722,0,10.881934752961948,5.428221629901122,91.10322397646276,87.9141546239294,nan,2550
B_mech0.1,6,0.775,1,AdaptiveGCN,0.0,0.7605619430541992,34,7032,57.9,0.5722,1,8.578544691157468,4.458191644657182,87.86168380763114,72.08604645232676,2.2142857142857144,850
B_mech0.1,6,0.775,1,AdaptiveGCN,0.0,0.7605619430541992,34,7032,57.9,0.5722,2,10.679411508773914,5.372357940994724,92.31029682446885,88.37306150043666,4.0,850
B_mech0.1,6,0.775,1,AdaptiveGCN,0.0,0.7605619430541992,34,7032,57.9,0.5722,3,12.946360597142519,6.45411530405146,93.1376912972883,103.33528125832596,4.642857142857143,850
B_mech0.1,6,0.775,2,AdaptiveGCN,0.0,0.7542383074760437,34,7032,61.239,0.5819,0,10.724415844274278,5.363581394060964,92.0534288845383,87.02497633396561,nan,2550
B_mech0.1,6,0.775,2,AdaptiveGCN,0.0,0.7542383074760437,34,7032,61.239,0.5819,1,8.506680860281175,4.440133210891166,89.85723239381538,72.39010929399396,2.5,850
B_mech0.1,6,0.775,2,AdaptiveGCN,0.0,0.7542383074760437,34,7032,61.239,0.5819,2,10.547482777395382,5.3362442261408605,95.61220697327148,88.07841239895187,4.0,850
B_mech0.1,6,0.775,2,AdaptiveGCN,0.0,0.7542383074760437,34,7032,61.239,0.5819,3,12.70536396191141,6.314366745150867,90.69084728652808,100.65831967847024,4.571428571428571,850
B_mech0.1,7,0.85,0,AdaptiveGCN,0.0,0.7574123740196228,34,7032,67.347,0.6386,0,88.37847732757359,21.41754531780801,87.47278863488684,395.3991553279758,nan,2550
B_mech0.1,7,0.85,0,AdaptiveGCN,0.0,0.7574123740196228,34,7032,67.347,0.6386,1,89.44910318886801,20.628533511848516,82.76276409008017,421.2625345491713,2.76,850
B_mech0.1,7,0.85,0,AdaptiveGCN,0.0,0.7574123740196228,34,7032,67.347,0.6386,2,88.12800121159765,21.274112216981184,87.77019766431465,315.718809083296,3.52,850
B_mech0.1,7,0.85,0,AdaptiveGCN,0.0,0.7574123740196228,34,7032,67.347,0.6386,3,87.54758195048683,22.349990224594332,91.88540415026567,449.2100900034626,4.36,850
B_mech0.1,7,0.85,1,AdaptiveGCN,0.0,0.7554242014884949,34,7032,66.496,0.8214,0,90.11446881223809,21.78225995489695,95.91891987676449,411.0910553280603,nan,2550
B_mech0.1,7,0.85,1,AdaptiveGCN,0.0,0.7554242014884949,34,7032,66.496,0.8214,1,90.57304753275898,20.80730123798986,96.09220199452527,433.36153069944714,2.56,850
B_mech0.1,7,0.85,1,AdaptiveGCN,0.0,0.7554242014884949,34,7032,66.496,0.8214,2,91.25026043154882,21.96599619462155,95.72211775117691,338.14718737893435,3.32,850
B_mech0.1,7,0.85,1,AdaptiveGCN,0.0,0.7554242014884949,34,7032,66.496,0.8214,3,88.49726266805426,22.573482432079448,95.94243988459128,461.74674966096586,4.16,850
B_mech0.1,7,0.85,2,AdaptiveGCN,0.0,0.659716784954071,34,7032,76.139,0.9623,0,85.4580126096977,20.92642335169479,95.32978334859598,371.0201370958447,nan,2550
B_mech0.1,7,0.85,2,AdaptiveGCN,0.0,0.659716784954071,34,7032,76.139,0.9623,1,86.97744600414009,20.217992005957743,88.31163228263591,400.25193119199196,2.76,850
B_mech0.1,7,0.85,2,AdaptiveGCN,0.0,0.659716784954071,34,7032,76.139,0.9623,2,85.71427224472144,20.907183587190453,97.50141144520245,302.3619409827352,3.52,850
B_mech0.1,7,0.85,2,AdaptiveGCN,0.0,0.659716784954071,34,7032,76.139,0.9623,3,83.6492867737223,21.654094461936175,100.17630631794961,410.5014804870502,4.6,850
B_mech0.1,8,0.925,0,AdaptiveGCN,0.0,0.4410266876220703,34,7032,155.467,0.7312,0,28.187475476677772,12.184156301693132,80.27716000475306,102.82665568572706,nan,2550
B_mech0.1,8,0.925,0,AdaptiveGCN,0.0,0.4410266876220703,34,7032,155.467,0.7312,1,25.472171708615384,9.997253964992431,73.27829108945436,84.50202662136522,2.6666666666666665,850
B_mech0.1,8,0.925,0,AdaptiveGCN,0.0,0.4410266876220703,34,7032,155.467,0.7312,2,27.641451936912464,12.04822981196661,79.47842677181114,101.90047597378047,4.523809523809524,850
B_mech0.1,8,0.925,0,AdaptiveGCN,0.0,0.4410266876220703,34,7032,155.467,0.7312,3,31.15637855257098,14.506985128120355,88.07476215299363,121.94902679610674,4.619047619047619,850
B_mech0.1,8,0.925,1,AdaptiveGCN,0.0,0.4922551214694977,34,7032,109.772,0.9252,0,27.61197656995354,11.689170940182082,79.60465713781036,98.14921731531697,nan,2550
B_mech0.1,8,0.925,1,AdaptiveGCN,0.0,0.4922551214694977,34,7032,109.772,0.9252,1,25.6356193473121,9.980833193661974,73.71477644911015,84.09894882631347,2.9047619047619047,850
B_mech0.1,8,0.925,1,AdaptiveGCN,0.0,0.4922551214694977,34,7032,109.772,0.9252,2,27.530425384970304,11.638681585565484,78.25503279340475,99.14007070282476,3.761904761904762,850
B_mech0.1,8,0.925,1,AdaptiveGCN,0.0,0.4922551214694977,34,7032,109.772,0.9252,3,29.532261157948767,13.447998041318789,86.84416217091616,111.11709665860519,5.666666666666667,850
B_mech0.1,8,0.925,2,AdaptiveGCN,0.0,0.6551075577735901,34,7032,87.949,0.8968,0,27.60715931154504,11.157411433347631,76.6996795809525,93.82563278438988,nan,2550
B_mech0.1,8,0.925,2,AdaptiveGCN,0.0,0.6551075577735901,34,7032,87.949,0.8968,1,25.25648132226297,9.51347039031909,70.96746575927476,79.65420762376145,2.4761904761904763,850
B_mech0.1,8,0.925,2,AdaptiveGCN,0.0,0.6551075577735901,34,7032,87.949,0.8968,2,27.215911286923784,10.924964100532234,76.20163914504646,93.02476084420428,3.380952380952381,850
B_mech0.1,8,0.925,2,AdaptiveGCN,0.0,0.6551075577735901,34,7032,87.949,0.8968,3,30.13088216099157,13.033799809191567,82.9299338385363,108.69825676734854,5.380952380952381,850
B_mech0.15,1,0.4,0,AdaptiveGCN,0.0,0.7903334498405457,34,7032,25.832,0.6015,0,91.19033037929194,36.90330895508626,60.3285686748004,58.520851968109014,nan,2550
B_mech0.15,1,0.4,0,AdaptiveGCN,0.0,0.7903334498405457,34,7032,25.832,0.6015,1,55.40170510565789,25.922239660073675,53.877979737158824,55.97081057533466,2.6,850
B_mech0.15,1,0.4,0,AdaptiveGCN,0.0,0.7903334498405457,34,7032,25.832,0.6015,2,77.24990157229638,34.75773817462449,59.076582552196896,59.65552628991583,3.04,850
B_mech0.15,1,0.4,0,AdaptiveGCN,0.0,0.7903334498405457,34,7032,25.832,0.6015,3,126.13537506389508,50.02994903056061,68.03114373504549,59.91875076001487,6.12,850
B_mech0.15,1,0.4,1,AdaptiveGCN,0.0,0.8060117959976196,34,7032,25.969,0.6259,0,90.71957469149257,37.09646837495242,60.69410224062717,59.762471977785346,nan,2550
B_mech0.15,1,0.4,1,AdaptiveGCN,0.0,0.8060117959976196,34,7032,25.969,0.6259,1,58.5611316487756,26.880148361453596,55.28279973576416,57.49577335618811,3.08,850
B_mech0.15,1,0.4,1,AdaptiveGCN,0.0,0.8060117959976196,34,7032,25.969,0.6259,2,86.09218850322127,37.08016430605771,60.41928033164313,62.09479502020362,3.64,850
B_mech0.15,1,0.4,1,AdaptiveGCN,0.0,0.8060117959976196,34,7032,25.969,0.6259,3,117.68114817317378,47.32909245734596,66.38022665447424,59.686122138313856,6.2,850
B_mech0.15,1,0.4,2,AdaptiveGCN,0.0,0.7418717741966248,34,7032,29.909,0.7331,0,115.9699034860879,44.566885897714016,64.42979695407566,58.81934332910143,nan,2550
B_mech0.15,1,0.4,2,AdaptiveGCN,0.0,0.7418717741966248,34,7032,29.909,0.7331,1,75.83654795735639,31.533517653823637,56.10247728395967,54.23236966505949,3.04,850
B_mech0.15,1,0.4,2,AdaptiveGCN,0.0,0.7418717741966248,34,7032,29.909,0.7331,2,105.3893795374184,43.08379032736534,64.21808959248314,60.06473340611292,3.88,850
B_mech0.15,1,0.4,2,AdaptiveGCN,0.0,0.7418717741966248,34,7032,29.909,0.7331,3,153.26105904092918,59.08334971195306,72.96882398578416,62.126619001479774,8.76,850
B_mech0.15,2,0.475,0,AdaptiveGCN,0.0,0.8014538884162903,34,7032,31.08,0.8665,0,117.281193702086,42.718265613714856,42.9767622019092,51.74418642434189,nan,2550
B_mech0.15,2,0.475,0,AdaptiveGCN,0.0,0.8014538884162903,34,7032,31.08,0.8665,1,90.92044292398857,34.40175735487657,37.29194272601808,42.9507204424893,1.24,850
B_mech0.15,2,0.475,0,AdaptiveGCN,0.0,0.8014538884162903,34,7032,31.08,0.8665,2,123.30642513349365,45.39027100086212,42.592593644058034,51.472056376730926,2.0,850
B_mech0.15,2,0.475,0,AdaptiveGCN,0.0,0.8014538884162903,34,7032,31.08,0.8665,3,133.3927800439833,48.362768485405866,49.04575023565149,60.809782453805425,3.84,850
B_mech0.15,2,0.475,1,AdaptiveGCN,0.0,0.5337122678756714,34,7032,68.065,0.7703,0,131.04692777115184,46.540835713367436,45.960400289991284,51.233590903891546,nan,2550
B_mech0.15,2,0.475,1,AdaptiveGCN,0.0,0.5337122678756714,34,7032,68.065,0.7703,1,106.15454930778327,37.64430543942815,40.06056001418962,42.13951047637139,2.64,850
B_mech0.15,2,0.475,1,AdaptiveGCN,0.0,0.5337122678756714,34,7032,68.065,0.7703,2,137.83928061485906,48.76897283883656,45.83403132117488,50.446378461262796,4.96,850
B_mech0.15,2,0.475,1,AdaptiveGCN,0.0,0.5337122678756714,34,7032,68.065,0.7703,3,145.77872346680775,53.209228861837595,51.98660953460935,61.11488377404043,3.6,850
B_mech0.15,2,0.475,2,AdaptiveGCN,0.0,0.5985470414161682,34,7032,123.986,3.3303,0,149.22870838408866,50.505251081277635,46.18227263313045,56.36798262128884,nan,2550
B_mech0.15,2,0.475,2,AdaptiveGCN,0.0,0.5985470414161682,34,7032,123.986,3.3303,1,97.03904773267939,35.96329308394124,39.87936289309367,44.90056070784101,1.08,850
B_mech0.15,2,0.475,2,AdaptiveGCN,0.0,0.5985470414161682,34,7032,123.986,3.3303,2,158.57453761109875,53.918952481396055,45.97861474170487,57.313474304284505,2.4,850
B_mech0.15,2,0.475,2,AdaptiveGCN,0.0,0.5985470414161682,34,7032,123.986,3.3303,3,179.5693778307179,61.63350767849561,52.68884026459282,66.88991285174103,4.04,850
B_mech0.15,3,0.55,0,AdaptiveGCN,0.0,0.47577208280563354,34,7032,112.182,0.9397,0,23.649907453105172,12.576382834715586,57.4797756166627,63.311909425996696,nan,2550
B_mech0.15,3,0.55,0,AdaptiveGCN,0.0,0.47577208280563354,34,7032,112.182,0.9397,1,16.863377581330155,9.702809663767763,50.42116514715368,55.86608383921169,1.375,850
B_mech0.15,3,0.55,0,AdaptiveGCN,0.0,0.47577208280563354,34,7032,112.182,0.9397,2,23.477387751327356,12.693907621044884,58.495562825479084,65.3091629013852,3.2916666666666665,850
B_mech0.15,3,0.55,0,AdaptiveGCN,0.0,0.47577208280563354,34,7032,112.182,0.9397,3,29.02400951875248,15.332431219334111,63.52259887735533,68.7760733121189,4.625,850
B_mech0.15,3,0.55,1,AdaptiveGCN,0.0,0.5020766258239746,34,7032,76.625,1.3369,0,23.080264890350733,12.389243463864641,57.14260786045935,63.553714772076894,nan,2550
B_mech0.15,3,0.55,1,AdaptiveGCN,0.0,0.5020766258239746,34,7032,76.625,1.3369,1,16.553766393053312,9.612091012437938,50.61971089598539,56.54738285021783,1.625,850
B_mech0.15,3,0.55,1,AdaptiveGCN,0.0,0.5020766258239746,34,7032,76.625,1.3369,2,23.329393627701727,12.67803740230115,58.56788786634139,66.39317884590209,3.75,850
B_mech0.15,3,0.55,1,AdaptiveGCN,0.0,0.5020766258239746,34,7032,76.625,1.3369,3,27.925044196818007,14.877601976854836,62.24022481905126,67.73409313978419,3.875,850
B_mech0.15,3,0.55,2,AdaptiveGCN,0.0,0.5725083947181702,34,7032,55.5,1.211,0,21.063565570392896,11.418459138112308,55.59267403505057,58.34196951426822,nan,2550
B_mech0.15,3,0.55,2,AdaptiveGCN,0.0,0.5725083947181702,34,7032,55.5,1.211,1,15.762806462866926,9.218889053148382,50.03001894956574,53.55740806773645,1.125,850
B_mech0.15,3,0.55,2,AdaptiveGCN,0.0,0.5725083947181702,34,7032,55.5,1.211,2,21.322169748047287,11.591644361299627,56.75385021046393,60.573602429264554,3.875,850
B_mech0.15,3,0.55,2,AdaptiveGCN,0.0,0.5725083947181702,34,7032,55.5,1.211,3,25.058339794654813,13.444843999888912,59.994152945122025,60.90377046415683,4.666666666666667,850
B_mech0.15,4,0.625,0,AdaptiveGCN,0.0,0.6256864070892334,34,7032,54.91,0.6655,0,30.703176749077752,14.300146970073966,52.35780233460393,57.29780458494602,nan,2550
B_mech0.15,4,0.625,0,AdaptiveGCN,0.0,0.6256864070892334,34,7032,54.91,0.6655,1,26.82368936198023,12.66537393385654,51.01603282857725,55.37402919677831,2.6666666666666665,850
B_mech0.15,4,0.625,0,AdaptiveGCN,0.0,0.6256864070892334,34,7032,54.91,0.6655,2,28.52714641735552,13.580370648281978,51.60390195270479,56.51764519241203,3.375,850
B_mech0.15,4,0.625,0,AdaptiveGCN,0.0,0.6256864070892334,34,7032,54.91,0.6655,3,35.982590147876714,16.654696328083382,54.45347222252974,60.00173936564769,3.8333333333333335,850
B_mech0.15,4,0.625,1,AdaptiveGCN,0.0,0.6814912557601929,34,7032,50.108,0.8386,0,30.603286484703297,14.283873552043794,51.633980431413804,57.994853723599974,nan,2550
B_mech0.15,4,0.625,1,AdaptiveGCN,0.0,0.6814912557601929,34,7032,50.108,0.8386,1,27.072529258517935,12.899588374429765,50.89982433011239,57.729570827279744,2.6666666666666665,850
B_mech0.15,4,0.625,1,AdaptiveGCN,0.0,0.6814912557601929,34,7032,50.108,0.8386,2,28.628508285865657,13.778155380640836,51.39916692279368,59.241687849921775,2.875,850
B_mech0.15,4,0.625,1,AdaptiveGCN,0.0,0.6814912557601929,34,7032,50.108,0.8386,3,35.456594645668986,16.17387690106078,52.60295004133535,57.01330249359844,3.3333333333333335,850
B_mech0.15,4,0.625,2,AdaptiveGCN,0.0,0.4724702537059784,34,7032,88.046,2.6521,0,32.83598527563878,15.267103301098972,53.02067596412794,59.038375217160976,nan,2550
B_mech0.15,4,0.625,2,AdaptiveGCN,0.0,0.4724702537059784,34,7032,88.046,2.6521,1,27.20711849774842,12.74824170316186,50.33761203411353,54.84001669077939,2.4166666666666665,850
B_mech0.15,4,0.625,2,AdaptiveGCN,0.0,0.4724702537059784,34,7032,88.046,2.6521,2,31.09459075066677,14.791517203474308,52.290059851216554,58.70726665099646,3.3333333333333335,850
B_mech0.15,4,0.625,2,AdaptiveGCN,0.0,0.4724702537059784,34,7032,88.046,2.6521,3,39.08330738517306,18.26155099666075,56.43435600705372,63.56784230970708,4.458333333333333,850
B_mech0.15,5,0.7,0,AdaptiveGCN,0.0,0.6019324660301208,34,7032,66.756,0.9965,0,55.77326573121221,28.149997395454523,44.746817589933215,51.15676501259097,nan,2550
B_mech0.15,5,0.7,0,AdaptiveGCN,0.0,0.6019324660301208,34,7032,66.756,0.9965,1,40.163311978346954,21.23328815809725,37.313466490444455,39.2170057323883,1.0,850
B_mech0.15,5,0.7,0,AdaptiveGCN,0.0,0.6019324660301208,34,7032,66.756,0.9965,2,54.73919363234291,28.46508907851051,43.62079751893977,47.79850656543733,2.64,850
B_mech0.15,5,0.7,0,AdaptiveGCN,0.0,0.6019324660301208,34,7032,66.756,0.9965,3,68.72045228593942,34.75161494975581,53.30618876041545,66.66164788477005,3.7916666666666665,850
B_mech0.15,5,0.7,1,AdaptiveGCN,0.0,0.6158152222633362,34,7032,67.055,1.7044,0,56.65392710402721,29.067589416942084,46.0269591471179,52.9648173326866,nan,2550
B_mech0.15,5,0.7,1,AdaptiveGCN,0.0,0.6158152222633362,34,7032,67.055,1.7044,1,40.556159013635124,21.250960709065584,38.60234455070386,39.278347556122526,1.36,850
B_mech0.15,5,0.7,1,AdaptiveGCN,0.0,0.6158152222633362,34,7032,67.055,1.7044,2,55.301029202993774,29.123904741789925,44.841448811482955,49.10447923203157,3.24,850
B_mech0.15,5,0.7,1,AdaptiveGCN,0.0,0.6158152222633362,34,7032,67.055,1.7044,3,70.18544367656058,36.827902799970744,54.6370840791669,70.7488777200825,4.5,850
B_mech0.15,5,0.7,2,AdaptiveGCN,0.0,0.5706899762153625,34,7032,76.741,2.1736,0,58.40633960157741,29.297326510376752,46.1128499174654,52.42774729941543,nan,2550
B_mech0.15,5,0.7,2,AdaptiveGCN,0.0,0.5706899762153625,34,7032,76.741,2.1736,1,41.744203980472385,21.950196209249142,38.66259020580397,39.369920096001636,1.24,850
B_mech0.15,5,0.7,2,AdaptiveGCN,0.0,0.5706899762153625,34,7032,76.741,2.1736,2,57.420758327526734,29.556525114862357,44.767094436822696,47.974440780168464,2.8,850
B_mech0.15,5,0.7,2,AdaptiveGCN,0.0,0.5706899762153625,34,7032,76.741,2.1736,3,72.07065605426976,36.38525820701876,54.90886510976952,70.17411259430507,4.25,850
B_mech0.15,6,0.775,0,AdaptiveGCN,0.0,0.7108917832374573,34,7032,67.753,0.7771,0,10.714416147705709,5.327509977072592,79.88033096163055,85.28457699783097,nan,2550
B_mech0.15,6,0.775,0,AdaptiveGCN,0.0,0.7108917832374573,34,7032,67.753,0.7771,1,8.35103643166325,4.334890067581744,71.57980060430228,69.2833706448664,2.5,850
B_mech0.15,6,0.775,0,AdaptiveGCN,0.0,0.7108917832374573,34,7032,67.753,0.7771,2,10.365755091668607,5.231743191646871,79.09464991823896,84.57191187311315,4.142857142857143,850
B_mech0.15,6,0.775,0,AdaptiveGCN,0.0,0.7108917832374573,34,7032,67.753,0.7771,3,12.93087205316138,6.415896671989159,88.96654236235044,102.043644990563,4.642857142857143,850
B_mech0.15,6,0.775,1,AdaptiveGCN,0.0,0.7613735795021057,34,7032,56.763,0.842,0,10.89621910033233,5.431559612877857,90.52915552026079,88.04394997045684,nan,2550
B_mech0.15,6,0.775,1,AdaptiveGCN,0.0,0.7613735795021057,34,7032,56.763,0.842,1,8.58055223746812,4.461711695538081,87.21858563858905,72.21055200526372,2.2142857142857144,850
B_mech0.15,6,0.775,1,AdaptiveGCN,0.0,0.7613735795021057,34,7032,56.763,0.842,2,10.68796805829952,5.376146661513759,92.35781514109082,88.5694475608337,4.0,850
B_mech0.15,6,0.775,1,AdaptiveGCN,0.0,0.7613735795021057,34,7032,56.763,0.842,3,12.973982971015156,6.456820481581731,92.01106578110242,103.40420505270242,4.642857142857143,850
B_mech0.15,6,0.775,2,AdaptiveGCN,0.0,0.7539597749710083,34,7032,60.971,0.7829,0,10.746466350584207,5.374117686437037,91.82283729035849,87.12823835274274,nan,2550
B_mech0.15,6,0.775,2,AdaptiveGCN,0.0,0.7539597749710083,34,7032,60.971,0.7829,1,8.528101529561614,4.449561872990966,89.17882342446747,72.49687735435766,2.2142857142857144,850
B_mech0.15,6,0.775,2,AdaptiveGCN,0.0,0.7539597749710083,34,7032,60.971,0.7829,2,10.523153177224971,5.3221236467380795,93.76554015252601,87.6725253963105,4.142857142857143,850
B_mech0.15,6,0.775,2,AdaptiveGCN,0.0,0.7539597749710083,34,7032,60.971,0.7829,3,12.766924006308834,6.350667539582064,92.52414829408198,101.26405629232134,4.571428571428571,850
B_mech0.15,7,0.85,0,AdaptiveGCN,0.0,0.7579622864723206,34,7032,69.256,0.8374,0,88.31347251194677,21.403037208370332,86.9073344133443,394.73825659560913,nan,2550
B_mech0.15,7,0.85,0,AdaptiveGCN,0.0,0.7579622864723206,34,7032,69.256,0.8374,1,89.48827088507878,20.631287882780754,82.56884801001748,421.1808001256828,2.76,850
B_mech0.15,7,0.85,0,AdaptiveGCN,0.0,0.7579622864723206,34,7032,69.256,0.8374,2,88.12437097837703,21.277197558962026,87.80203434367425,316.0895819247778,3.52,850
B_mech0.15,7,0.85,0,AdaptiveGCN,0.0,0.7579622864723206,34,7032,69.256,0.8374,3,87.31410478851208,22.300626183368216,90.35112088634119,446.9463472051097,4.36,850
B_mech0.15,7,0.85,1,AdaptiveGCN,0.0,0.7568494081497192,34,7032,66.926,0.8289,0,90.66373871382001,21.88625950316557,96.53197794612947,416.0283206187793,nan,2550
B_mech0.15,7,0.85,1,AdaptiveGCN,0.0,0.7568494081497192,34,7032,66.926,0.8289,1,91.11439435603866,20.90953364947275,96.79862062062915,437.6111750669436,2.56,850
B_mech0.15,7,0.85,1,AdaptiveGCN,0.0,0.7568494081497192,34,7032,66.926,0.8289,2,91.75877328778945,22.05187876742744,96.58313559462395,341.46943201244864,3.32,850
B_mech0.15,7,0.85,1,AdaptiveGCN,0.0,0.7568494081497192,34,7032,66.926,0.8289,3,89.09677445651887,22.69736609259651,96.21417762313528,468.97604214992714,4.16,850
B_mech0.15,7,0.85,2,AdaptiveGCN,0.0,0.6594480276107788,34,7032,81.48,1.0263,0,85.42991519417438,20.9247180111196,95.58387589990105,370.52898830026425,nan,2550
B_mech0.15,7,0.85,2,AdaptiveGCN,0.0,0.6594480276107788,34,7032,81.48,1.0263,1,87.40970737755461,20.293579104802802,88.29359396339636,404.1929134538781,2.76,850
B_mech0.15,7,0.85,2,AdaptiveGCN,0.0,0.6594480276107788,34,7032,81.48,1.0263,2,85.46076782242892,20.869986561977182,97.93539111393078,300.77810940407255,3.52,850
B_mech0.15,7,0.85,2,AdaptiveGCN,0.0,0.6594480276107788,34,7032,81.48,1.0263,3,83.3715266120434,21.610588366578828,100.522642622376,406.70610336048895,4.6,850
B_mech0.15,8,0.925,0,AdaptiveGCN,0.0,0.5345930457115173,34,7032,112.05,0.6599,0,26.99192577230511,11.276270823314462,77.29907852722985,96.79652201659556,nan,2550
B_mech0.15,8,0.925,0,AdaptiveGCN,0.0,0.5345930457115173,34,7032,112.05,0.6599,1,25.086666274507134,9.612081905416254,71.39735483747336,81.48435281631276,2.4285714285714284,850
B_mech0.15,8,0.925,0,AdaptiveGCN,0.0,0.5345930457115173,34,7032,112.05,0.6599,2,26.60205174059441,11.067316596667172,76.46667774526598,96.55509378391197,3.5238095238095237,850
B_mech0.15,8,0.925,0,AdaptiveGCN,0.0,0.5345930457115173,34,7032,112.05,0.6599,3,29.13215043753431,13.149413967859958,84.03320299895024,112.24496961187556,5.619047619047619,850
B_mech0.15,8,0.925,1,AdaptiveGCN,0.0,0.4968322515487671,34,7032,109.896,1.1487,0,27.654374202047062,11.727037048244748,80.66157644349103,98.4675409632036,nan,2550
B_mech0.15,8,0.925,1,AdaptiveGCN,0.0,0.4968322515487671,34,7032,109.896,1.1487,1,25.58966418437216,9.980745380093234,74.41734880779423,83.93998640845112,2.8095238095238093,850
B_mech0.15,8,0.925,1,AdaptiveGCN,0.0,0.4968322515487671,34,7032,109.896,1.1487,2,27.492491433007324,11.641703567247811,79.30174791136942,99.0159803200141,3.7142857142857144,850
B_mech0.15,8,0.925,1,AdaptiveGCN,0.0,0.4968322515487671,34,7032,109.896,1.1487,3,29.72583454266033,13.5586621973932,88.26563261130947,112.35006778739955,5.857142857142857,850
B_mech0.15,8,0.925,2,AdaptiveGCN,0.0,0.6545736193656921,34,7032,89.353,0.8251,0,27.559898101636136,11.148575327515092,76.5806409554718,93.72398328744997,nan,2550
B_mech0.15,8,0.925,2,AdaptiveGCN,0.0,0.6545736193656921,34,7032,89.353,0.8251,1,25.194901510395052,9.505082327624892,70.89652589159265,79.54838248828821,2.4761904761904763,850
B_mech0.15,8,0.925,2,AdaptiveGCN,0.0,0.6545736193656921,34,7032,89.353,0.8251,2,27.187847480081366,10.922097658138064,76.10294340329129,93.20652119298393,3.3333333333333335,850
B_mech0.15,8,0.925,2,AdaptiveGCN,0.0,0.6545736193656921,34,7032,89.353,0.8251,3,30.077929406776455,13.018545996782315,82.74245357153147,108.3185014323986,5.333333333333333,850
B_mech0.2,1,0.4,0,AdaptiveGCN,0.0,0.7762001156806946,34,7032,27.171,0.6716,0,93.77948114618297,37.7726328550218,60.73185385771199,58.6207058294286,nan,2550
B_mech0.2,1,0.4,0,AdaptiveGCN,0.0,0.7762001156806946,34,7032,27.171,0.6716,1,60.53472462909681,27.23803128958543,54.17771664283244,54.85005059692454,2.44,850
B_mech0.2,1,0.4,0,AdaptiveGCN,0.0,0.7762001156806946,34,7032,27.171,0.6716,2,80.08306258674334,35.682473559121,60.0675485754097,60.281823892495076,3.2,850
B_mech0.2,1,0.4,0,AdaptiveGCN,0.0,0.7762001156806946,34,7032,27.171,0.6716,3,127.69504083146313,50.39739371635896,67.95029635489385,60.70435275407981,6.2,850
B_mech0.2,1,0.4,1,AdaptiveGCN,0.0,0.8063927888870239,34,7032,24.656,0.4832,0,89.54560761369,36.756308750722596,60.44227677954937,59.704570947595506,nan,2550
B_mech0.2,1,0.4,1,AdaptiveGCN,0.0,0.8063927888870239,34,7032,24.656,0.4832,1,58.431463842647766,26.805985675113384,55.25685998393427,57.428489834667054,3.08,850
B_mech0.2,1,0.4,1,AdaptiveGCN,0.0,0.8063927888870239,34,7032,24.656,0.4832,2,84.75672717371356,36.718327360098414,59.97500170396046,62.09053557908556,3.72,850
B_mech0.2,1,0.4,1,AdaptiveGCN,0.0,0.8063927888870239,34,7032,24.656,0.4832,3,116.00564107284114,46.74461321695598,66.09496865075333,59.5840771824849,6.2,850
B_mech0.2,1,0.4,2,AdaptiveGCN,0.0,0.7418044805526733,34,7032,30.046,0.5533,0,113.67920603182449,43.88023493953378,64.0904708919527,58.6585289178612,nan,2550
B_mech0.2,1,0.4,2,AdaptiveGCN,0.0,0.7418044805526733,34,7032,30.046,0.5533,1,73.27966973170678,30.831126137818483,55.80051631481345,54.130229928436314,3.08,850
B_mech0.2,1,0.4,2,AdaptiveGCN,0.0,0.7418044805526733,34,7032,30.046,0.5533,2,103.7297491756873,42.62031518295517,63.99282338574417,59.95049982195949,3.88,850
B_mech0.2,1,0.4,2,AdaptiveGCN,0.0,0.7418044805526733,34,7032,30.046,0.5533,3,150.46300140579072,58.18926349782768,72.47807297530045,61.86121470546869,8.76,850
B_mech0.2,2,0.475,0,AdaptiveGCN,0.0,0.8011956810951233,34,7032,30.759,0.841,0,117.74128933637154,42.83856685820748,42.98736098651303,51.76870973116783,nan,2550
B_mech0.2,2,0.475,0,AdaptiveGCN,0.0,0.8011956810951233,34,7032,30.759,0.841,1,94.57499271462792,35.26725013038691,37.45162939975985,43.45003686247206,1.24,850
B_mech0.2,2,0.475,0,AdaptiveGCN,0.0,0.8011956810951233,34,7032,30.759,0.841,2,122.43221544340003,45.08660664270906,42.49580872410047,51.11573416567553,2.0,850
B_mech0.2,2,0.475,0,AdaptiveGCN,0.0,0.8011956810951233,34,7032,30.759,0.841,3,132.87195723109684,48.161843801526466,49.01464483567877,60.740358165355914,3.8,850
B_mech0.2,2,0.475,1,AdaptiveGCN,0.0,0.5473674535751343,34,7032,88.009,0.7587,0,148.9345463374669,50.74026450109559,46.93867107961306,54.815633167377875,nan,2550
B_mech0.2,2,0.475,1,AdaptiveGCN,0.0,0.5473674535751343,34,7032,88.009,0.7587,1,112.80655174437051,39.30337979878792,40.229559556650244,41.900608057649386,3.32,850
B_mech0.2,2,0.475,1,AdaptiveGCN,0.0,0.5473674535751343,34,7032,88.009,0.7587,2,135.56560680563226,49.471178163956196,46.19445968536855,51.90364707432198,3.8,850
B_mech0.2,2,0.475,1,AdaptiveGCN,0.0,0.5473674535751343,34,7032,88.009,0.7587,3,188.258188170413,63.446235540542645,54.39199399682037,70.64264437016224,3.56,850
B_mech0.2,2,0.475,2,AdaptiveGCN,0.0,0.5830880403518677,34,7032,125.259,1.4296,0,165.73897489494004,50.26142248395356,45.74469145829467,56.52663499316174,nan,2550
B_mech0.2,2,0.475,2,AdaptiveGCN,0.0,0.5830880403518677,34,7032,125.259,1.4296,1,82.95523931900937,32.24362603803001,38.92022358492942,43.03241012188532,1.2,850
B_mech0.2,2,0.475,2,AdaptiveGCN,0.0,0.5830880403518677,34,7032,125.259,1.4296,2,133.68442934224637,47.55606206470553,44.86833893155521,54.225238203638824,2.12,850
B_mech0.2,2,0.475,2,AdaptiveGCN,0.0,0.5830880403518677,34,7032,125.259,1.4296,3,240.11481632469184,70.98457934912513,53.445511858399364,72.32225665396108,3.16,850
B_mech0.2,3,0.55,0,AdaptiveGCN,0.0,0.4865727722644806,34,7032,73.893,0.676,0,22.800390944307207,12.178818644691743,57.51457022646584,60.59669183385174,nan,2550
B_mech0.2,3,0.55,0,AdaptiveGCN,0.0,0.4865727722644806,34,7032,73.893,0.676,1,16.596442052894336,9.489143444073031,50.78458629821993,54.31037182441541,1.7916666666666667,850
B_mech0.2,3,0.55,0,AdaptiveGCN,0.0,0.4865727722644806,34,7032,73.893,0.676,2,22.919243103734185,12.332426256603178,58.49530893591014,61.83983050384019,3.0833333333333335,850
B_mech0.2,3,0.55,0,AdaptiveGCN,0.0,0.4865727722644806,34,7032,73.893,0.676,3,27.547048632777187,14.71488623339902,63.26381544526751,65.6535726912548,4.458333333333333,850
B_mech0.2,3,0.55,1,AdaptiveGCN,0.0,0.5745232105255127,34,7032,55.169,0.9163,0,22.053995381285,12.31848611524712,56.74860085616369,63.816164837863965,nan,2550
B_mech0.2,3,0.55,1,AdaptiveGCN,0.0,0.5745232105255127,34,7032,55.169,0.9163,1,16.3848927990142,9.688697345263927,50.39691409062785,55.86031774807672,1.4166666666666667,850
B_mech0.2,3,0.55,1,AdaptiveGCN,0.0,0.5745232105255127,34,7032,55.169,0.9163,2,22.592654078453943,12.5486229355447,58.09486631339625,65.65873353242696,3.6666666666666665,850
B_mech0.2,3,0.55,1,AdaptiveGCN,0.0,0.5745232105255127,34,7032,55.169,0.9163,3,26.081476309621564,14.718138064932736,61.754022164466946,69.94645547672187,4.625,850
B_mech0.2,3,0.55,2,AdaptiveGCN,0.0,0.5112854838371277,34,7032,71.12,1.3642,0,19.562835516223917,11.25272325649538,55.44175875617231,62.151514580612556,nan,2550
B_mech0.2,3,0.55,2,AdaptiveGCN,0.0,0.5112854838371277,34,7032,71.12,1.3642,1,15.16459435326263,9.18980769125553,49.93121374484894,55.7603973131322,1.875,850
B_mech0.2,3,0.55,2,AdaptiveGCN,0.0,0.5112854838371277,34,7032,71.12,1.3642,2,19.943097633255846,11.353336056755746,56.13826196214995,63.986719619834616,3.9166666666666665,850
B_mech0.2,3,0.55,2,AdaptiveGCN,0.0,0.5112854838371277,34,7032,71.12,1.3642,3,22.812749400191027,13.215026021474863,60.25580056151804,66.72066384574599,4.583333333333333,850
B_mech0.2,4,0.625,0,AdaptiveGCN,0.0,0.6232683062553406,34,7032,56.189,0.9666,0,30.57217931027753,14.231273297811402,52.288689604626526,57.137122960326195,nan,2550
B_mech0.2,4,0.625,0,AdaptiveGCN,0.0,0.6232683062553406,34,7032,56.189,0.9666,1,26.778717001454293,12.63383534837076,50.9769976800213,55.46503559853735,2.6666666666666665,850
B_mech0.2,4,0.625,0,AdaptiveGCN,0.0,0.6232683062553406,34,7032,56.189,0.9666,2,28.424286142609155,13.483110272700296,51.52178087871678,56.22261610456887,3.375,850
B_mech0.2,4,0.625,0,AdaptiveGCN,0.0,0.6232683062553406,34,7032,56.189,0.9666,3,35.762196749897576,16.576874272363153,54.367290255141484,59.72371717787237,3.8333333333333335,850
B_mech0.2,4,0.625,1,AdaptiveGCN,0.0,0.6825658082962036,34,7032,52.863,0.622,0,30.62690783673732,14.291275517427382,51.67489925103179,57.82231747153782,nan,2550
B_mech0.2,4,0.625,1,AdaptiveGCN,0.0,0.6825658082962036,34,7032,52.863,0.622,1,26.950638334478032,12.842751963291974,50.9085315866772,57.30154110937365,2.25,850
B_mech0.2,4,0.625,1,AdaptiveGCN,0.0,0.6825658082962036,34,7032,52.863,0.622,2,28.741117773021102,13.789530868185135,51.40849024653045,58.79958692995414,2.875,850
B_mech0.2,4,0.625,1,AdaptiveGCN,0.0,0.6825658082962036,34,7032,52.863,0.622,3,35.519483293560164,16.24154372080503,52.707675919887755,57.36582437528567,3.3333333333333335,850
B_mech0.2,4,0.625,2,AdaptiveGCN,0.0,0.4803450107574463,34,7032,89.189,0.7337,0,32.94926976465982,15.359685315543823,53.12858333393421,59.49430507063482,nan,2550
B_mech0.2,4,0.625,2,AdaptiveGCN,0.0,0.4803450107574463,34,7032,89.189,0.7337,1,27.103437813865217,12.752296468867536,50.33638708364997,55.08102402338773,2.5,850
B_mech0.2,4,0.625,2,AdaptiveGCN,0.0,0.4803450107574463,34,7032,89.189,0.7337,2,31.15656784541006,14.854859676644864,52.485958447033376,58.91450989771092,3.25,850
B_mech0.2,4,0.625,2,AdaptiveGCN,0.0,0.4803450107574463,34,7032,89.189,0.7337,3,39.390799342451494,18.471899801119065,56.56340447111926,64.48738129080583,4.75,850
B_mech0.2,5,0.7,0,AdaptiveGCN,0.0,0.605395495891571,34,7032,65.016,0.5867,0,56.93870253640618,28.51503070710752,45.05144551965288,51.07140820627175,nan,2550
B_mech0.2,5,0.7,0,AdaptiveGCN,0.0,0.605395495891571,34,7032,65.016,0.5867,1,40.30542389132446,21.313025624484563,37.34942067677993,39.289649427714515,1.2,850
B_mech0.2,5,0.7,0,AdaptiveGCN,0.0,0.605395495891571,34,7032,65.016,0.5867,2,55.67735005730533,28.789478853905354,43.92972072169335,48.06480028558013,2.84,850
B_mech0.2,5,0.7,0,AdaptiveGCN,0.0,0.605395495891571,34,7032,65.016,0.5867,3,70.72165888272825,35.44258764293264,53.87519516048537,66.060362380361,4.083333333333333,850
B_mech0.2,5,0.7,1,AdaptiveGCN,0.0,0.6200116872787476,34,7032,67.184,1.0335,0,56.74542669992664,29.098041751695632,46.076246009012564,53.04617841814668,nan,2550
B_mech0.2,5,0.7,1,AdaptiveGCN,0.0,0.6200116872787476,34,7032,67.184,1.0335,1,40.360726538697435,21.188103594740525,38.52020144536386,39.4601013879689,1.36,850
B_mech0.2,5,0.7,1,AdaptiveGCN,0.0,0.6200116872787476,34,7032,67.184,1.0335,2,55.177240868728816,29.025598263018217,44.739116390138854,49.10957581829475,3.24,850
B_mech0.2,5,0.7,1,AdaptiveGCN,0.0,0.6200116872787476,34,7032,67.184,1.0335,3,70.61596276659415,37.080423397328154,54.969420191534994,70.80557542427198,4.5,850
B_mech0.2,5,0.7,2,AdaptiveGCN,0.0,0.5092020034790039,34,7032,94.47,1.6307,0,60.16517517860376,30.236518636355267,47.3247815492906,54.12525324926823,nan,2550
B_mech0.2,5,0.7,2,AdaptiveGCN,0.0,0.5092020034790039,34,7032,94.47,1.6307,1,42.1285578473536,21.919072743172702,38.06144703493211,39.40498528667311,2.12,850
B_mech0.2,5,0.7,2,AdaptiveGCN,0.0,0.5092020034790039,34,7032,94.47,1.6307,2,59.42259650315224,30.543215826352345,46.617592524446735,50.414560684793486,3.08,850
B_mech0.2,5,0.7,2,AdaptiveGCN,0.0,0.5092020034790039,34,7032,94.47,1.6307,3,74.52304711525134,38.247267339540755,57.29530508849293,72.80630235593969,4.375,850
B_mech0.2,6,0.775,0,AdaptiveGCN,0.0,0.7643203139305115,34,7032,60.515,0.7724,0,10.607120303659826,5.271758616413184,83.53110036140616,84.43992396775771,nan,2550
B_mech0.2,6,0.775,0,AdaptiveGCN,0.0,0.7643203139305115,34,7032,60.515,0.7724,1,8.444812614930296,4.39957671578275,80.64839247006893,71.22775091401078,2.5,850
B_mech0.2,6,0.775,0,AdaptiveGCN,0.0,0.7643203139305115,34,7032,60.515,0.7724,2,10.353150575668106,5.226771092059995,80.89678558831062,84.89094986458853,4.142857142857143,850
B_mech0.2,6,0.775,0,AdaptiveGCN,0.0,0.7643203139305115,34,7032,60.515,0.7724,3,12.610726246540876,6.188928041396807,89.04812302583893,97.24483616296035,3.9285714285714284,850
B_mech0.2,6,0.775,1,AdaptiveGCN,0.0,0.7624611258506775,34,7032,56.382,0.6024,0,10.870980364537541,5.423658921020453,90.41828222837232,87.86084476487684,nan,2550
B_mech0.2,6,0.775,1,AdaptiveGCN,0.0,0.7624611258506775,34,7032,56.382,0.6024,1,8.579608225691091,4.4656823619082395,86.98262293192384,72.22638833439495,2.2142857142857144,850
B_mech0.2,6,0.775,1,AdaptiveGCN,0.0,0.7624611258506775,34,7032,56.382,0.6024,2,10.653124024146953,5.362583492694881,91.47279011222922,88.3236570691695,4.0,850
B_mech0.2,6,0.775,1,AdaptiveGCN,0.0,0.7624611258506775,34,7032,56.382,0.6024,3,12.939702990342516,6.442710908458239,92.79943364096388,103.08383797955933,4.642857142857143,850
B_mech0.2,6,0.775,2,AdaptiveGCN,0.0,0.7850033044815063,34,7032,57.069,0.6186,0,10.599322782375275,5.302172577668103,88.48498340160494,85.90271306513529,nan,2550
B_mech0.2,6,0.775,2,AdaptiveGCN,0.0,0.7850033044815063,34,7032,57.069,0.6186,1,8.597005175329196,4.49754413433628,94.79449541576155,73.90136376399076,2.7857142857142856,850
B_mech0.2,6,0.775,2,AdaptiveGCN,0.0,0.7850033044815063,34,7032,57.069,0.6186,2,10.261457287977834,5.193259554192294,83.37691864859477,84.81874666756171,3.142857142857143,850
B_mech0.2,6,0.775,2,AdaptiveGCN,0.0,0.7850033044815063,34,7032,57.069,0.6186,3,12.563077914162125,6.215714044475736,87.28353614045847,99.01851997782555,4.785714285714286,850
B_mech0.2,7,0.85,0,AdaptiveGCN,0.0,0.7581679224967957,34,7032,68.292,0.7671,0,88.47346704801528,21.42646079053276,86.89982310896708,395.77283233165264,nan,2550
B_mech0.2,7,0.85,0,AdaptiveGCN,0.0,0.7581679224967957,34,7032,68.292,0.7671,1,89.80983178644192,20.681584241257653,82.360858095247,423.7949782510389,2.76,850
B_mech0.2,7,0.85,0,AdaptiveGCN,0.0,0.7581679224967957,34,7032,68.292,0.7671,2,88.39002583564653,21.322689212718295,87.85623688788287,317.66449913848476,3.52,850
B_mech0.2,7,0.85,0,AdaptiveGCN,0.0,0.7581679224967957,34,7032,68.292,0.7671,3,87.20126467978247,22.275108917622333,90.48237434377138,445.87621471240374,4.36,850
B_mech0.2,7,0.85,1,AdaptiveGCN,0.0,0.7587963938713074,34,7032,66.298,0.5547,0,89.87714109061716,21.739261161023425,96.16450101250061,410.09969489720174,nan,2550
B_mech0.2,7,0.85,1,AdaptiveGCN,0.0,0.7587963938713074,34,7032,66.298,0.5547,1,90.49457452533363,20.79413806561843,96.40018426857151,432.3944074554046,2.76,850
B_mech0.2,7,0.85,1,AdaptiveGCN,0.0,0.7587963938713074,34,7032,66.298,0.5547,2,90.43279966399001,21.80604674860342,95.94944854183777,333.7910636855356,3.32,850
B_mech0.2,7,0.85,1,AdaptiveGCN,0.0,0.7587963938713074,34,7032,66.298,0.5547,3,88.69240214516456,22.617598668848427,96.14387022709258,464.0864144351179,4.16,850
B_mech0.2,7,0.85,2,AdaptiveGCN,0.0,0.6595110893249512,34,7032,80.831,0.7439,0,85.2031911056623,20.885214870417887,95.71778512710492,369.0671390484138,nan,2550
B_mech0.2,7,0.85,2,AdaptiveGCN,0.0,0.6595110893249512,34,7032,80.831,0.7439,1,86.8887697019483,20.182529592571697,86.93477201809142,399.643418330709,2.76,850
B_mech0.2,7,0.85,2,AdaptiveGCN,0.0,0.6595110893249512,34,7032,80.831,0.7439,2,85.25506944229016,20.833009098147432,98.85426094991085,299.2293163890222,3.52,850
B_mech0.2,7,0.85,2,AdaptiveGCN,0.0,0.6595110893249512,34,7032,80.831,0.7439,3,83.43060684087168,21.640105920534527,101.36432241331248,408.3918599585188,4.6,850
B_mech0.2,8,0.925,0,AdaptiveGCN,0.0,0.497312992811203,34,7032,129.611,0.762,0,28.011641549621665,11.85933333680618,79.17396749311652,104.8156872977122,nan,2550
B_mech0.2,8,0.925,0,AdaptiveGCN,0.0,0.497312992811203,34,7032,129.611,0.762,1,25.203404553086504,9.834507539116927,73.53844338867908,84.14990636957492,2.619047619047619,850
B_mech0.2,8,0.925,0,AdaptiveGCN,0.0,0.497312992811203,34,7032,129.611,0.762,2,27.421415879066707,11.581733761406504,77.38112259283068,103.99320679489259,3.5238095238095237,850
B_mech0.2,8,0.925,0,AdaptiveGCN,0.0,0.497312992811203,34,7032,129.611,0.762,3,31.0935771025818,14.161758709895109,86.6023364978398,126.16000812166344,5.761904761904762,850
B_mech0.2,8,0.925,1,AdaptiveGCN,0.0,0.49885499477386475,34,7032,109.406,1.4405,0,27.661947075474895,11.718883028545317,79.91523848650378,98.18941646727801,nan,2550
B_mech0.2,8,0.925,1,AdaptiveGCN,0.0,0.49885499477386475,34,7032,109.406,1.4405,1,25.49505709934305,9.882911029772915,73.37483746242472,83.17143341766526,2.857142857142857,850
B_mech0.2,8,0.925,1,AdaptiveGCN,0.0,0.49885499477386475,34,7032,109.406,1.4405,2,27.434313332715366,11.626243712576757,78.71715863564387,98.5111800104293,3.761904761904762,850
B_mech0.2,8,0.925,1,AdaptiveGCN,0.0,0.49885499477386475,34,7032,109.406,1.4405,3,29.88160744476032,13.647494343286278,87.65371936144274,112.78478614432643,5.857142857142857,850
B_mech0.2,8,0.925,2,AdaptiveGCN,0.0,0.6558014750480652,34,7032,88.614,0.5799,0,27.60490225500543,11.129500230261657,76.54811994645566,93.48891868734867,nan,2550
B_mech0.2,8,0.925,2,AdaptiveGCN,0.0,0.6558014750480652,34,7032,88.614,0.5799,1,25.282489505797688,9.508190073695424,70.85659290055204,79.65199594049874,2.1904761904761907,850
B_mech0.2,8,0.925,2,AdaptiveGCN,0.0,0.6558014750480652,34,7032,88.614,0.5799,2,27.211423761667557,10.897746575019486,75.88195246443668,92.89975164805591,3.380952380952381,850
B_mech0.2,8,0.925,2,AdaptiveGCN,0.0,0.6558014750480652,34,7032,88.614,0.5799,3,30.10690995066408,12.98256404207006,82.90581447437818,107.8184749838966,5.380952380952381,850
B_mech0.45,1,0.4,0,AdaptiveGCN,0.0,0.7939450740814209,34,7032,26.027,1.0108,0,87.87310672958596,35.94529726383662,59.6290437623984,58.31210883417788,nan,2550
B_mech0.45,1,0.4,0,AdaptiveGCN,0.0,0.7939450740814209,34,7032,26.027,1.0108,1,53.97499311299695,25.575273082753274,53.604360396124854,55.571104471760044,2.52,850
B_mech0.45,1,0.4,0,AdaptiveGCN,0.0,0.7939450740814209,34,7032,26.027,1.0108,2,76.44870830970959,34.443399849485274,58.615683148866104,59.37572301967929,3.04,850
B_mech0.45,1,0.4,0,AdaptiveGCN,0.0,0.7939450740814209,34,7032,26.027,1.0108,3,120.0305951628854,47.817218859271314,66.66708774220425,59.97015658306476,6.12,850
B_mech0.45,1,0.4,1,AdaptiveGCN,0.0,0.8082201480865479,34,7032,24.356,0.853,0,88.27187702930152,36.320477279161295,60.07421627755258,59.50105739173058,nan,2550
B_mech0.45,1,0.4,1,AdaptiveGCN,0.0,0.8082201480865479,34,7032,24.356,0.853,1,59.18425699202287,26.956711729754666,55.34712214567045,56.91926334347615,3.0,850
B_mech0.45,1,0.4,1,AdaptiveGCN,0.0,0.8082201480865479,34,7032,24.356,0.853,2,79.72888642945284,35.2253073074948,59.15444770683038,61.89110787258642,3.64,850
B_mech0.45,1,0.4,1,AdaptiveGCN,0.0,0.8082201480865479,34,7032,24.356,0.853,3,116.25962848663328,46.77941280023441,65.7210789801569,59.679617879449346,6.2,850
B_mech0.45,1,0.4,2,AdaptiveGCN,0.0,0.7870071530342102,34,7032,26.475,0.585,0,108.67406744548772,41.849875475338415,62.51140687568424,59.15883116067664,nan,2550
B_mech0.45,1,0.4,2,AdaptiveGCN,0.0,0.7870071530342102,34,7032,26.475,0.585,1,67.08495647957768,29.012035061504584,54.774397937045116,54.990703049841784,2.44,850
B_mech0.45,1,0.4,2,AdaptiveGCN,0.0,0.7870071530342102,34,7032,26.475,0.585,2,94.46104388411949,39.594271385025316,61.951408271564866,60.604108045046125,3.52,850
B_mech0.45,1,0.4,2,AdaptiveGCN,0.0,0.7870071530342102,34,7032,26.475,0.585,3,148.34715571218368,56.943319979485345,70.80841441844274,61.85164482230192,8.4,850
B_mech0.45,2,0.475,0,AdaptiveGCN,0.0,0.8018555641174316,34,7032,30.798,0.8862,0,119.8367496049791,43.56414786573002,43.26887356409016,52.09081896264885,nan,2550
B_mech0.45,2,0.475,0,AdaptiveGCN,0.0,0.8018555641174316,34,7032,30.798,0.8862,1,102.51710868993301,37.25050325808759,38.36132467062193,44.54162334011832,1.24,850
B_mech0.45,2,0.475,0,AdaptiveGCN,0.0,0.8018555641174316,34,7032,30.798,0.8862,2,119.65440949237012,44.00027886594043,42.21495010991457,49.80246272892801,2.0,850
B_mech0.45,2,0.475,0,AdaptiveGCN,0.0,0.8018555641174316,34,7032,30.798,0.8862,3,135.11330201926103,49.441661473162036,49.230345911734,61.92837081890019,3.84,850
B_mech0.45,2,0.475,1,AdaptiveGCN,0.0,0.6186953783035278,34,7032,137.712,2.1368,0,361.9651629717071,80.50608361756593,48.813896086410665,65.53484369098285,nan,2550
B_mech0.45,2,0.475,1,AdaptiveGCN,0.0,0.6186953783035278,34,7032,137.712,2.1368,1,143.52785715154835,45.45045197569382,40.477504712700906,47.06127720287418,1.28,850
B_mech0.45,2,0.475,1,AdaptiveGCN,0.0,0.6186953783035278,34,7032,137.712,2.1368,2,304.3075519482884,77.40267368597635,48.28699733069041,63.175232854938734,2.44,850
B_mech0.45,2,0.475,1,AdaptiveGCN,0.0,0.6186953783035278,34,7032,137.712,2.1368,3,529.0113473869233,118.66512519102763,57.67718621584069,86.36802101513562,3.76,850
B_mech0.45,2,0.475,2,AdaptiveGCN,0.0,0.5368297696113586,34,7032,92.994,2.5659,0,135.83415404766183,51.95588381254352,49.064208289121474,65.16776175905257,nan,2550
B_mech0.45,2,0.475,2,AdaptiveGCN,0.0,0.5368297696113586,34,7032,92.994,2.5659,1,97.57564288702142,36.899189980605286,40.15048305425657,46.089449579437826,2.96,850
B_mech0.45,2,0.475,2,AdaptiveGCN,0.0,0.5368297696113586,34,7032,92.994,2.5659,2,135.32928757121553,51.809604459984556,48.71421345995939,64.02304196336166,3.76,850
B_mech0.45,2,0.475,2,AdaptiveGCN,0.0,0.5368297696113586,34,7032,92.994,2.5659,3,165.88468904086196,67.1588569970407,58.32792835314849,85.3907937343582,4.4,850
B_mech0.45,3,0.55,0,AdaptiveGCN,0.0,0.48260360956192017,34,7032,116.185,3.4497,0,22.535598487075166,12.469501816012038,57.170653512265666,63.80757263879503,nan,2550
B_mech0.45,3,0.55,0,AdaptiveGCN,0.0,0.48260360956192017,34,7032,116.185,3.4497,1,16.17112943512727,9.621963436400847,50.42605221718722,56.59823371190631,1.3333333333333333,850
B_mech0.45,3,0.55,0,AdaptiveGCN,0.0,0.48260360956192017,34,7032,116.185,3.4497,2,22.490922278054033,12.588591056097956,58.24842545833867,65.51464676401028,2.8333333333333335,850
B_mech0.45,3,0.55,0,AdaptiveGCN,0.0,0.48260360956192017,34,7032,116.185,3.4497,3,27.499319725892985,15.197950955537312,62.837482861271084,69.32520818258287,3.75,850
B_mech0.45,3,0.55,1,AdaptiveGCN,0.0,0.5182534456253052,34,7032,140.675,0.7427,0,24.184405393550886,12.653175998105137,58.907239786169406,62.74672580710325,nan,2550
B_mech0.45,3,0.55,1,AdaptiveGCN,0.0,0.5182534456253052,34,7032,140.675,0.7427,1,16.634053948786335,9.565926045950722,50.82736367337208,55.83826375635441,1.4166666666666667,850
B_mech0.45,3,0.55,1,AdaptiveGCN,0.0,0.5182534456253052,34,7032,140.675,0.7427,2,24.010227114233594,12.756442159046145,59.59156151366094,64.52228794759806,3.75,850
B_mech0.45,3,0.55,1,AdaptiveGCN,0.0,0.5182534456253052,34,7032,140.675,0.7427,3,30.024550552350103,15.637159789318547,66.30279417147521,67.89418600993412,3.7916666666666665,850
B_mech0.45,3,0.55,2,AdaptiveGCN,0.0,0.5747886300086975,34,7032,57.758,1.1493,0,21.25902891610037,11.532319943565948,55.605256887155775,58.994620483077696,nan,2550
B_mech0.45,3,0.55,2,AdaptiveGCN,0.0,0.5747886300086975,34,7032,57.758,1.1493,1,15.701934660538207,9.236033172326929,49.94093340144512,53.93953836844235,1.2916666666666667,850
B_mech0.45,3,0.55,2,AdaptiveGCN,0.0,0.5747886300086975,34,7032,57.758,1.1493,2,21.534065883150383,11.706430598777883,56.79240882408927,61.51946886354601,4.083333333333333,850
B_mech0.45,3,0.55,2,AdaptiveGCN,0.0,0.5747886300086975,34,7032,57.758,1.1493,3,25.408112598599338,13.654496059593033,60.08242843593291,61.53402630412358,4.791666666666667,850
B_mech0.45,4,0.625,0,AdaptiveGCN,0.0,0.4755162000656128,34,7032,82.519,0.5387,0,33.399765246308235,15.471017260289837,53.15971409954431,59.33078437271049,nan,2550
B_mech0.45,4,0.625,0,AdaptiveGCN,0.0,0.4755162000656128,34,7032,82.519,0.5387,1,27.181107462600387,12.932828846721746,50.15305889223771,55.164655139649234,2.1666666666666665,850
B_mech0.45,4,0.625,0,AdaptiveGCN,0.0,0.4755162000656128,34,7032,82.519,0.5387,2,31.62531816575731,15.130768735015641,52.4690661163611,58.91634455423373,4.916666666666667,850
B_mech0.45,4,0.625,0,AdaptiveGCN,0.0,0.4755162000656128,34,7032,82.519,0.5387,3,40.09563072887979,18.349454199132126,56.85701729003411,63.911353424248496,7.041666666666667,850
B_mech0.45,4,0.625,1,AdaptiveGCN,0.0,0.6853683590888977,34,7032,50.356,0.731,0,30.865748335724817,14.370153974911162,51.872592869082546,57.57215022886086,nan,2550
B_mech0.45,4,0.625,1,AdaptiveGCN,0.0,0.6853683590888977,34,7032,50.356,0.731,1,26.828173751576756,12.711127581907546,50.931912666681335,56.224968344506586,3.4166666666666665,850
B_mech0.45,4,0.625,1,AdaptiveGCN,0.0,0.6853683590888977,34,7032,50.356,0.731,2,28.94348064588485,13.836956200731152,51.548042293190555,58.26284134099553,4.083333333333333,850
B_mech0.45,4,0.625,1,AdaptiveGCN,0.0,0.6853683590888977,34,7032,50.356,0.731,3,36.06393326066078,16.562378142094786,53.13782364737575,58.22864100108045,6.416666666666667,850
B_mech0.45,4,0.625,2,AdaptiveGCN,0.0,0.48451119661331177,34,7032,86.604,0.71,0,34.03255556920736,15.894423314549215,54.00601381476711,62.13030105076918,nan,2550
B_mech0.45,4,0.625,2,AdaptiveGCN,0.0,0.48451119661331177,34,7032,86.604,0.71,1,27.73576825316514,13.069280636546267,50.915245934933694,56.346166574049626,2.0833333333333335,850
B_mech0.45,4,0.625,2,AdaptiveGCN,0.0,0.48451119661331177,34,7032,86.604,0.71,2,32.04736330085819,15.45353507683448,53.34914491677593,61.57841746681396,4.083333333333333,850
B_mech0.45,4,0.625,2,AdaptiveGCN,0.0,0.48451119661331177,34,7032,86.604,0.71,3,40.96752592704477,19.160454230266897,57.75365059259169,68.46631911144392,4.458333333333333,850
B_mech0.45,5,0.7,0,AdaptiveGCN,0.0,0.6105504035949707,34,7032,65.808,0.7317,0,55.68134431056861,28.173117936014872,45.04653032736416,52.02477951680158,nan,2550
B_mech0.45,5,0.7,0,AdaptiveGCN,0.0,0.6105504035949707,34,7032,65.808,0.7317,1,40.07554618957985,21.189504752623684,37.35684274907488,39.631105411033715,1.24,850
B_mech0.45,5,0.7,0,AdaptiveGCN,0.0,0.6105504035949707,34,7032,65.808,0.7317,2,54.36168368378279,28.353630012426635,43.851380995630045,48.543590933593364,2.92,850
B_mech0.45,5,0.7,0,AdaptiveGCN,0.0,0.6105504035949707,34,7032,65.808,0.7317,3,68.84761620686274,34.9762190429943,53.93136723738754,68.11431712563979,3.75,850
B_mech0.45,5,0.7,1,AdaptiveGCN,0.0,0.6217148303985596,34,7032,67.365,1.1768,0,56.56753617695228,29.105322697440148,46.21695070731047,53.48618329696464,nan,2550
B_mech0.45,5,0.7,1,AdaptiveGCN,0.0,0.6217148303985596,34,7032,67.365,1.1768,1,40.19325967854754,21.266528362870655,38.73705919100721,39.65915215397604,1.36,850
B_mech0.45,5,0.7,1,AdaptiveGCN,0.0,0.6217148303985596,34,7032,67.365,1.1768,2,55.187415379935665,29.175802131666636,44.661021517815655,49.96111013733949,3.12,850
B_mech0.45,5,0.7,1,AdaptiveGCN,0.0,0.6217148303985596,34,7032,67.365,1.1768,3,70.27452957855854,36.87363759778315,55.25277141310855,71.07365635887354,4.208333333333333,850
B_mech0.45,5,0.7,2,AdaptiveGCN,0.0,0.5719841122627258,34,7032,75.453,1.1488,0,57.9178216001413,29.13417414290301,45.77992374448167,52.11492445626622,nan,2550
B_mech0.45,5,0.7,2,AdaptiveGCN,0.0,0.5719841122627258,34,7032,75.453,1.1488,1,41.07832275482832,21.67376935697544,38.02824121132847,39.31784973095252,1.2,850
B_mech0.45,5,0.7,2,AdaptiveGCN,0.0,0.5719841122627258,34,7032,75.453,1.1488,2,56.81521738218873,29.475290286008487,44.36845644111371,48.2889961843813,2.88,850
B_mech0.45,5,0.7,2,AdaptiveGCN,0.0,0.5719841122627258,34,7032,75.453,1.1488,3,71.74973623771852,36.2534627857251,54.943073581002835,68.96225674466258,4.416666666666667,850
B_mech0.45,6,0.775,0,AdaptiveGCN,0.0,0.74666428565979,34,7032,62.184,0.848,0,11.959854639116534,5.965777414788403,100.61550825709966,96.59792573550747,nan,2550
B_mech0.45,6,0.775,0,AdaptiveGCN,0.0,0.74666428565979,34,7032,62.184,0.848,1,8.998539157230763,4.696315215447753,97.74972238491866,76.44715799831336,2.5,850
B_mech0.45,6,0.775,0,AdaptiveGCN,0.0,0.74666428565979,34,7032,62.184,0.848,2,11.541076265972874,5.860221945661401,100.35466223029228,96.22403129360431,4.142857142857143,850
B_mech0.45,6,0.775,0,AdaptiveGCN,0.0,0.74666428565979,34,7032,62.184,0.848,3,14.66097611433748,7.3407950832560545,103.74214015608803,117.18275219011906,4.642857142857143,850
B_mech0.45,6,0.775,1,AdaptiveGCN,0.0,0.5901048183441162,34,7032,79.454,0.6852,0,12.133388031370464,6.003665159291949,93.71763986341705,98.1294371199027,nan,2550
B_mech0.45,6,0.775,1,AdaptiveGCN,0.0,0.5901048183441162,34,7032,79.454,0.6852,1,9.05618068163084,4.689533304553907,90.44041135582258,75.72782403702237,3.357142857142857,850
B_mech0.45,6,0.775,1,AdaptiveGCN,0.0,0.5901048183441162,34,7032,79.454,0.6852,2,11.829227877189076,5.95964592836715,93.6806642432423,97.63450232142172,5.5,850
B_mech0.45,6,0.775,1,AdaptiveGCN,0.0,0.5901048183441162,34,7032,79.454,0.6852,3,14.822694581303404,7.361816244954791,97.03184399118628,121.0923780043211,5.928571428571429,850
B_mech0.45,6,0.775,2,AdaptiveGCN,0.0,0.785694420337677,34,7032,59.577,0.595,0,10.56363880654436,5.279390972514144,86.7940778535241,85.53194558948202,nan,2550
B_mech0.45,6,0.775,2,AdaptiveGCN,0.0,0.785694420337677,34,7032,59.577,0.595,1,8.51594012674945,4.450950396813568,90.90400609983121,72.8462567676494,2.7857142857142856,850
B_mech0.45,6,0.775,2,AdaptiveGCN,0.0,0.785694420337677,34,7032,59.577,0.595,2,10.272044729651183,5.202398576569668,84.27891936029798,85.20569721031086,3.142857142857143,850
B_mech0.45,6,0.775,2,AdaptiveGCN,0.0,0.785694420337677,34,7032,59.577,0.595,3,12.519395166502802,6.184823944159194,85.19930810044309,98.58119501393845,4.785714285714286,850
B_mech0.45,7,0.85,0,AdaptiveGCN,0.0,0.7605716586112976,34,7032,66.994,0.6839,0,88.81708234139053,21.484133656096652,86.96901314538422,398.77283966069814,nan,2550
B_mech0.45,7,0.85,0,AdaptiveGCN,0.0,0.7605716586112976,34,7032,66.994,0.6839,1,90.10628181564539,20.723880058845833,82.3113699300528,426.49236157203256,2.76,850
B_mech0.45,7,0.85,0,AdaptiveGCN,0.0,0.7605716586112976,34,7032,66.994,0.6839,2,88.7413570241028,21.389181474123,88.01532149323603,320.2564112053181,3.52,850
B_mech0.45,7,0.85,0,AdaptiveGCN,0.0,0.7605716586112976,34,7032,66.994,0.6839,3,87.58568306402732,22.33933943532113,90.58034801286382,449.58314342632696,4.36,850
B_mech0.45,7,0.85,1,AdaptiveGCN,0.0,0.7356018424034119,34,7032,69.873,0.7395,0,89.95132806582134,21.743708599900447,93.23733518890816,412.3765319227576,nan,2550
B_mech0.45,7,0.85,1,AdaptiveGCN,0.0,0.7356018424034119,34,7032,69.873,0.7395,1,90.06428481905434,20.728557737435434,89.90050805425352,428.59880459735837,2.56,850
B_mech0.45,7,0.85,1,AdaptiveGCN,0.0,0.7356018424034119,34,7032,69.873,0.7395,2,89.800157728542,21.619997763460816,92.53195750355226,327.3532416181526,3.32,850
B_mech0.45,7,0.85,1,AdaptiveGCN,0.0,0.7356018424034119,34,7032,69.873,0.7395,3,89.98933567026869,22.882570298805092,97.27954000891872,481.072624668834,4.16,850
B_mech0.45,7,0.85,2,AdaptiveGCN,0.0,0.6635013222694397,34,7032,79.066,0.8718,0,85.76501586632776,20.988272623136314,95.39419558727383,373.76225423452496,nan,2550
B_mech0.45,7,0.85,2,AdaptiveGCN,0.0,0.6635013222694397,34,7032,79.066,0.8718,1,87.69857004115553,20.344451365088634,88.4275207048229,406.9515553441227,2.76,850
B_mech0.45,7,0.85,2,AdaptiveGCN,0.0,0.6635013222694397,34,7032,79.066,0.8718,2,85.7120135276032,20.912034802321003,97.91692376233196,302.26264517289087,3.52,850
B_mech0.45,7,0.85,2,AdaptiveGCN,0.0,0.6635013222694397,34,7032,79.066,0.8718,3,83.84107221067042,21.70833170199931,99.83814229466664,412.1535673648216,4.6,850
B_mech0.45,8,0.925,0,AdaptiveGCN,0.0,0.5099461674690247,34,7032,121.22,0.6629,0,28.05782161546682,11.932167682039971,81.9944134509676,103.83352084843204,nan,2550
B_mech0.45,8,0.925,0,AdaptiveGCN,0.0,0.5099461674690247,34,7032,121.22,0.6629,1,25.38986872435812,9.810112236895435,76.05013984057264,83.70729697859034,2.7142857142857144,850
B_mech0.45,8,0.925,0,AdaptiveGCN,0.0,0.5099461674690247,34,7032,121.22,0.6629,2,27.520122680185334,11.743419903236825,82.14968040414912,103.37889935762318,3.619047619047619,850
B_mech0.45,8,0.925,0,AdaptiveGCN,0.0,0.5099461674690247,34,7032,121.22,0.6629,3,30.979371769670895,14.242970905987656,87.78342010818105,124.275597523611,5.619047619047619,850
B_mech0.45,8,0.925,1,AdaptiveGCN,0.0,0.508994460105896,34,7032,109.632,1.2313,0,27.550079913701108,11.67134918474816,81.64470043742021,98.32372960107712,nan,2550
B_mech0.45,8,0.925,1,AdaptiveGCN,0.0,0.508994460105896,34,7032,109.632,1.2313,1,25.34521273039079,9.813553851756664,74.90502399808719,82.57506644152186,2.857142857142857,850
B_mech0.45,8,0.925,1,AdaptiveGCN,0.0,0.508994460105896,34,7032,109.632,1.2313,2,27.225329541215586,11.514023007636904,81.56481993856137,98.33344685020009,3.761904761904762,850
B_mech0.45,8,0.925,1,AdaptiveGCN,0.0,0.508994460105896,34,7032,109.632,1.2313,3,29.890171173437636,13.686470694850911,88.46425737561206,113.95558141076054,6.0476190476190474,850
B_mech0.45,8,0.925,2,AdaptiveGCN,0.0,0.6634965538978577,34,7032,88.188,0.8794,0,27.518171285256912,11.107176738930718,76.68563173870949,92.96490827340307,nan,2550
B_mech0.45,8,0.925,2,AdaptiveGCN,0.0,0.6634965538978577,34,7032,88.188,0.8794,1,25.286656941872785,9.504749008920044,71.06275575431027,79.35505957432166,2.142857142857143,850
B_mech0.45,8,0.925,2,AdaptiveGCN,0.0,0.6634965538978577,34,7032,88.188,0.8794,2,27.152225868199544,10.894852009302875,75.94622802887358,92.50345297476515,3.2857142857142856,850
B_mech0.45,8,0.925,2,AdaptiveGCN,0.0,0.6634965538978577,34,7032,88.188,0.8794,3,29.91806918503476,12.921929198569234,83.04791143294466,106.94174477535185,5.190476190476191,850
B_mech0.6,1,0.4,0,AdaptiveGCN,0.0,0.7954439520835876,34,7032,25.372,0.8644,0,85.6446834261043,35.2733932061121,59.39056618836687,58.39408759508247,nan,2550
B_mech0.6,1,0.4,0,AdaptiveGCN,0.0,0.7954439520835876,34,7032,25.372,0.8644,1,53.12314150110763,25.329195516249474,53.751612743744104,55.74348707467415,2.52,850
B_mech0.6,1,0.4,0,AdaptiveGCN,0.0,0.7954439520835876,34,7032,25.372,0.8644,2,73.96510289950365,33.60576533094021,58.213421279117505,59.43695721146729,2.96,850
B_mech0.6,1,0.4,0,AdaptiveGCN,0.0,0.7954439520835876,34,7032,25.372,0.8644,3,117.0988077974836,46.88521877114661,66.20666454223898,59.983166026562195,6.2,850
B_mech0.6,1,0.4,1,AdaptiveGCN,0.0,0.8085209131240845,34,7032,24.916,0.6266,0,87.52013883102065,36.087805529510256,59.98076865362519,59.36162806853208,nan,2550
B_mech0.6,1,0.4,1,AdaptiveGCN,0.0,0.8085209131240845,34,7032,24.916,0.6266,1,59.143356969866964,26.9400109361901,55.370764399645125,56.727244016269154,3.0,850
B_mech0.6,1,0.4,1,AdaptiveGCN,0.0,0.8085209131240845,34,7032,24.916,0.6266,2,78.81881936514871,34.89772224768284,59.01543095584339,61.707053862870744,3.64,850
B_mech0.6,1,0.4,1,AdaptiveGCN,0.0,0.8085209131240845,34,7032,24.916,0.6266,3,115.19106364307227,46.425683404657825,65.55611060538705,59.63679622853272,6.2,850
B_mech0.6,1,0.4,2,AdaptiveGCN,0.0,0.7881309390068054,34,7032,25.595,0.464,0,107.54935736830845,41.521834545108334,62.0351595755533,59.05083375936919,nan,2550
B_mech0.6,1,0.4,2,AdaptiveGCN,0.0,0.7881309390068054,34,7032,25.595,0.464,1,66.94649858026226,28.944788630570095,54.32691881275847,54.82796313211351,2.44,850
B_mech0.6,1,0.4,2,AdaptiveGCN,0.0,0.7881309390068054,34,7032,25.595,0.464,2,93.02070484998036,39.196095812931276,61.347026305313044,60.5359400628082,3.6,850
B_mech0.6,1,0.4,2,AdaptiveGCN,0.0,0.7881309390068054,34,7032,25.595,0.464,3,146.85335409197896,56.42461919182364,70.43153360858838,61.75824164366897,8.4,850
B_mech0.6,2,0.475,0,AdaptiveGCN,0.0,0.8019073009490967,34,7032,30.315,0.7666,0,120.08312339197651,43.64700661810571,43.3707403532994,52.17170544848909,nan,2550
B_mech0.6,2,0.475,0,AdaptiveGCN,0.0,0.8019073009490967,34,7032,30.315,0.7666,1,104.12658029887217,37.583010473794246,38.67245013821321,44.604004297252565,1.24,850
B_mech0.6,2,0.475,0,AdaptiveGCN,0.0,0.8019073009490967,34,7032,30.315,0.7666,2,119.27528995878137,43.809996639910864,42.15953243164074,49.68698069491202,2.0,850
B_mech0.6,2,0.475,0,AdaptiveGCN,0.0,0.8019073009490967,34,7032,30.315,0.7666,3,134.8737559765766,49.54801274061203,49.28023849004426,62.2241313533027,3.08,850
B_mech0.6,2,0.475,1,AdaptiveGCN,0.0,0.5356955528259277,34,7032,68.573,1.815,0,153.0946761481156,49.94327679413407,46.265690631224146,56.62457928755531,nan,2550
B_mech0.6,2,0.475,1,AdaptiveGCN,0.0,0.5356955528259277,34,7032,68.573,1.815,1,94.47084739702807,35.56344916094478,39.528215003615735,43.10679515024318,1.48,850
B_mech0.6,2,0.475,1,AdaptiveGCN,0.0,0.5356955528259277,34,7032,68.573,1.815,2,138.8683395845754,49.821506503706466,45.7054542687561,54.46101368626537,3.92,850
B_mech0.6,2,0.475,1,AdaptiveGCN,0.0,0.5356955528259277,34,7032,68.573,1.815,3,205.1945000427635,64.44487471775096,53.5634026213006,72.30592902615739,3.64,850
B_mech0.6,2,0.475,2,AdaptiveGCN,0.0,0.5994941592216492,34,7032,127.485,1.3019,0,349.28693727102973,85.98984439905368,50.41650491795835,74.85536277425004,nan,2550
B_mech0.6,2,0.475,2,AdaptiveGCN,0.0,0.5994941592216492,34,7032,127.485,1.3019,1,137.65042995749937,45.23113292834448,40.50161577663947,47.011224959224535,1.8,850
B_mech0.6,2,0.475,2,AdaptiveGCN,0.0,0.5994941592216492,34,7032,127.485,1.3019,2,283.6105775174131,81.82804153218318,49.65931008219276,70.04284239815244,3.0,850
B_mech0.6,2,0.475,2,AdaptiveGCN,0.0,0.5994941592216492,34,7032,127.485,1.3019,3,516.3540385213267,130.91035873663338,61.08858889504285,107.51202096537315,3.76,850
B_mech0.6,3,0.55,0,AdaptiveGCN,0.0,0.4935859739780426,34,7032,75.384,0.6277,0,22.48902487522267,12.044650590397126,57.09744918356204,61.05241261337754,nan,2550
B_mech0.6,3,0.55,0,AdaptiveGCN,0.0,0.4935859739780426,34,7032,75.384,0.6277,1,16.147953837466208,9.421065200807199,50.486768621579095,54.896029523692555,1.2916666666666667,850
B_mech0.6,3,0.55,0,AdaptiveGCN,0.0,0.4935859739780426,34,7032,75.384,0.6277,2,22.535023648174676,12.187418073137454,58.169170371722245,62.770093105893096,3.4583333333333335,850
B_mech0.6,3,0.55,0,AdaptiveGCN,0.0,0.4935859739780426,34,7032,75.384,0.6277,3,27.362109121089706,14.525468497246724,62.63640855738479,65.50392668054313,3.875,850
B_mech0.6,3,0.55,1,AdaptiveGCN,0.0,0.5085985660552979,34,7032,78.325,0.6756,0,22.87801613192258,12.299537866453768,56.92947489773048,62.74948112979059,nan,2550
B_mech0.6,3,0.55,1,AdaptiveGCN,0.0,0.5085985660552979,34,7032,78.325,0.6756,1,16.465120797011554,9.597899331923793,50.4224176321729,55.98382798247277,1.7916666666666667,850
B_mech0.6,3,0.55,1,AdaptiveGCN,0.0,0.5085985660552979,34,7032,78.325,0.6756,2,23.119840317803508,12.51641866177978,58.24955107517504,64.85436509157238,2.6666666666666665,850
B_mech0.6,3,0.55,1,AdaptiveGCN,0.0,0.5085985660552979,34,7032,78.325,0.6756,3,27.651105714177397,14.784295605657732,62.11645598584351,67.4240670291511,4.333333333333333,850
B_mech0.6,3,0.55,2,AdaptiveGCN,0.0,0.5031856894493103,34,7032,72.696,0.7273,0,19.7644569597775,11.224525949266539,54.945234244506935,61.43826902933463,nan,2550
B_mech0.6,3,0.55,2,AdaptiveGCN,0.0,0.5031856894493103,34,7032,72.696,0.7273,1,14.666072179163413,9.05669575436698,49.63383016880713,55.131359225984625,2.7083333333333335,850
B_mech0.6,3,0.55,2,AdaptiveGCN,0.0,0.5031856894493103,34,7032,72.696,0.7273,2,20.083096607890855,11.268176216739503,55.68523199472332,63.653738129020155,3.5416666666666665,850
B_mech0.6,3,0.55,2,AdaptiveGCN,0.0,0.5031856894493103,34,7032,72.696,0.7273,3,23.526088374789037,13.34870587669313,59.51664056999037,65.5422833128141,4.083333333333333,850
B_mech0.6,4,0.625,0,AdaptiveGCN,0.0,0.5342552661895752,34,7032,65.904,1.2966,0,31.954123082794638,14.93146752330018,52.42970162989092,61.20670262811404,nan,2550
B_mech0.6,4,0.625,0,AdaptiveGCN,0.0,0.5342552661895752,34,7032,65.904,1.2966,1,27.556895447985898,12.945052973969894,51.13754541808958,56.72375935693592,2.6666666666666665,850
B_mech0.6,4,0.625,0,AdaptiveGCN,0.0,0.5342552661895752,34,7032,65.904,1.2966,2,29.734798814070068,14.340846999366494,51.74779931160353,60.78772725982453,3.2083333333333335,850
B_mech0.6,4,0.625,0,AdaptiveGCN,0.0,0.5342552661895752,34,7032,65.904,1.2966,3,37.67833858766491,17.508502596564153,54.4037601599797,66.10862126758168,3.875,850
B_mech0.6,4,0.625,1,AdaptiveGCN,0.0,0.6948865652084351,34,7032,51.012,0.5436,0,30.777042233779376,14.255625960440991,51.81041393779221,56.73319760244397,nan,2550
B_mech0.6,4,0.625,1,AdaptiveGCN,0.0,0.6948865652084351,34,7032,51.012,0.5436,1,26.630066214450128,12.585934482277645,50.89849868570552,55.48728413767622,3.4166666666666665,850
B_mech0.6,4,0.625,1,AdaptiveGCN,0.0,0.6948865652084351,34,7032,51.012,0.5436,2,28.80218356516029,13.692005534236634,51.430553958059576,57.05257322329113,4.041666666666667,850
B_mech0.6,4,0.625,1,AdaptiveGCN,0.0,0.6948865652084351,34,7032,51.012,0.5436,3,36.09643723793708,16.488937864808694,53.102189169611535,57.65973544636457,5.083333333333333,850
B_mech0.6,4,0.625,2,AdaptiveGCN,0.0,0.48592332005500793,34,7032,87.517,0.6654,0,32.868772548986236,15.266730236281349,53.28767945696852,57.72093510242943,nan,2550
B_mech0.6,4,0.625,2,AdaptiveGCN,0.0,0.48592332005500793,34,7032,87.517,0.6654,1,27.25639840395202,12.846292958236026,50.17568299045827,54.319652288762,2.25,850
B_mech0.6,4,0.625,2,AdaptiveGCN,0.0,0.48592332005500793,34,7032,87.517,0.6654,2,31.175191073978095,14.856636872506318,52.663433754008985,57.59974975700829,4.0,850
B_mech0.6,4,0.625,2,AdaptiveGCN,0.0,0.48592332005500793,34,7032,87.517,0.6654,3,39.067439565154146,18.097260878101704,57.02392162643831,61.243403261518004,5.333333333333333,850
B_mech0.6,5,0.7,0,AdaptiveGCN,0.0,0.6121413111686707,34,7032,65.643,1.0368,0,59.16133631107711,29.504518479961973,46.06117007162581,51.74827546815204,nan,2550
B_mech0.6,5,0.7,0,AdaptiveGCN,0.0,0.6121413111686707,34,7032,65.643,1.0368,1,41.255595543523604,21.819479063863263,37.7874469724611,39.79852917541776,1.24,850
B_mech0.6,5,0.7,0,AdaptiveGCN,0.0,0.6121413111686707,34,7032,65.643,1.0368,2,57.68071525661623,29.746010833194152,44.826447819921036,48.49181555257663,2.84,850
B_mech0.6,5,0.7,0,AdaptiveGCN,0.0,0.6121413111686707,34,7032,65.643,1.0368,3,73.96689844904589,36.94806554282851,55.5696154224953,67.16031438895884,3.8333333333333335,850
B_mech0.6,5,0.7,1,AdaptiveGCN,0.0,0.6211974620819092,34,7032,66.629,0.793,0,56.945862546830035,29.347411730020607,46.90292091117889,53.69982136026663,nan,2550
B_mech0.6,5,0.7,1,AdaptiveGCN,0.0,0.6211974620819092,34,7032,66.629,0.793,1,40.360167229209075,21.412960023900684,39.812967573840126,39.7130598500164,2.44,850
B_mech0.6,5,0.7,1,AdaptiveGCN,0.0,0.6211974620819092,34,7032,66.629,0.793,2,55.556277275367464,29.476746104878977,45.68929478092465,50.14770791009685,3.36,850
B_mech0.6,5,0.7,1,AdaptiveGCN,0.0,0.6211974620819092,34,7032,66.629,0.793,3,70.80290064778524,37.152529061282166,55.206500378771906,71.47662640732467,4.208333333333333,850
B_mech0.6,5,0.7,2,AdaptiveGCN,0.0,0.5751394629478455,34,7032,73.575,1.0236,0,58.93330282200031,29.779216537860258,46.09020353038408,52.40211992129479,nan,2550
B_mech0.6,5,0.7,2,AdaptiveGCN,0.0,0.5751394629478455,34,7032,73.575,1.0236,1,41.34445481794699,21.859821024006234,38.3300436930946,39.36373881758451,1.2,850
B_mech0.6,5,0.7,2,AdaptiveGCN,0.0,0.5751394629478455,34,7032,73.575,1.0236,2,57.7045335283716,30.070312936257515,44.80349270151853,48.43477634155899,2.92,850
B_mech0.6,5,0.7,2,AdaptiveGCN,0.0,0.5751394629478455,34,7032,73.575,1.0236,3,73.35001984054635,37.40751565331703,55.137074196539125,69.63720220315116,4.208333333333333,850
B_mech0.6,6,0.775,0,AdaptiveGCN,0.0,0.7517956495285034,34,7032,60.77,0.8254,0,12.025430368380501,6.017641238185666,101.16329733966174,97.8977537778183,nan,2550
B_mech0.6,6,0.775,0,AdaptiveGCN,0.0,0.7517956495285034,34,7032,60.77,0.8254,1,9.074487478686407,4.747350259441711,98.27024116536128,77.2774757114199,2.5,850
B_mech0.6,6,0.775,0,AdaptiveGCN,0.0,0.7517956495285034,34,7032,60.77,0.8254,2,11.593689118800494,5.889990597066798,100.65767670636066,97.01178764260237,5.428571428571429,850
B_mech0.6,6,0.775,0,AdaptiveGCN,0.0,0.7517956495285034,34,7032,60.77,0.8254,3,14.733396629768526,7.415582858048489,104.5619741472633,119.46244246252087,4.928571428571429,850
B_mech0.6,6,0.775,1,AdaptiveGCN,0.0,0.594165027141571,34,7032,71.886,0.2691,0,12.121825660086548,6.001798150342348,93.01461199481855,97.83849364526576,nan,2550
B_mech0.6,6,0.775,1,AdaptiveGCN,0.0,0.594165027141571,34,7032,71.886,0.2691,1,9.072141826071398,4.687278475790722,90.03290712596201,75.72709712920557,3.357142857142857,850
B_mech0.6,6,0.775,1,AdaptiveGCN,0.0,0.594165027141571,34,7032,71.886,0.2691,2,11.807880914798949,5.955997701570193,92.40776324433773,97.40843455619414,6.214285714285714,850
B_mech0.6,6,0.775,1,AdaptiveGCN,0.0,0.594165027141571,34,7032,71.886,0.2691,3,14.801559478317504,7.362118273666129,96.6031656141559,120.44584468710424,6.642857142857143,850
B_mech0.6,6,0.775,2,AdaptiveGCN,0.0,0.7859299778938293,34,7032,56.918,0.7887,0,10.560177764615977,5.277190224301362,86.39799406579276,85.41631274430284,nan,2550
B_mech0.6,6,0.775,2,AdaptiveGCN,0.0,0.7859299778938293,34,7032,56.918,0.7887,1,8.507104998200406,4.446362069350058,89.28975150321608,72.65628717003896,2.7857142857142856,850
B_mech0.6,6,0.775,2,AdaptiveGCN,0.0,0.7859299778938293,34,7032,56.918,0.7887,2,10.286691925126979,5.209224765717381,84.7487980851286,85.30060165635206,3.142857142857143,850
B_mech0.6,6,0.775,2,AdaptiveGCN,0.0,0.7859299778938293,34,7032,56.918,0.7887,3,12.504607032929513,6.175983837836649,85.15543260903358,98.33089778914803,4.571428571428571,850
B_mech0.6,7,0.85,0,AdaptiveGCN,0.0,0.7626069784164429,34,7032,64.246,0.2886,0,88.77000374311153,21.473186668518043,87.59688965784649,398.75513816193325,nan,2550
B_mech0.6,7,0.85,0,AdaptiveGCN,0.0,0.7626069784164429,34,7032,64.246,0.2886,1,90.07550979217929,20.715557168801727,82.96867775002771,426.35208529359153,2.76,850
B_mech0.6,7,0.85,0,AdaptiveGCN,0.0,0.7626069784164429,34,7032,64.246,0.2886,2,88.66619651461092,21.369200656252385,88.37195392840424,319.9831543830366,3.52,850
B_mech0.6,7,0.85,0,AdaptiveGCN,0.0,0.7626069784164429,34,7032,64.246,0.2886,3,87.55026456252158,22.334802180500017,91.45003729510758,449.9417732438499,4.36,850
B_mech0.6,7,0.85,1,AdaptiveGCN,0.0,0.7666866779327393,34,7032,61.826,0.4188,0,91.0600077763895,21.969078391312706,95.84367770023003,420.8738960761121,nan,2550
B_mech0.6,7,0.85,1,AdaptiveGCN,0.0,0.7666866779327393,34,7032,61.826,0.4188,1,91.11469175099468,20.9061462973875,94.61524345701005,437.6088359082143,2.76,850
B_mech0.6,7,0.85,1,AdaptiveGCN,0.0,0.7666866779327393,34,7032,61.826,0.4188,2,91.1663985647632,21.9099008813824,95.95429521750548,338.50987885113625,3.32,850
B_mech0.6,7,0.85,1,AdaptiveGCN,0.0,0.7666866779327393,34,7032,61.826,0.4188,3,90.89871158911062,23.091187995168216,96.96149442617455,486.4101619315291,4.16,850
B_mech0.6,7,0.85,2,AdaptiveGCN,0.0,0.6631184816360474,34,7032,68.636,0.7629,0,85.57366896243438,20.936045917067847,95.39235660288105,371.3421724164344,nan,2550
B_mech0.6,7,0.85,2,AdaptiveGCN,0.0,0.6631184816360474,34,7032,68.636,0.7629,1,87.91801341609897,20.385228880551466,89.84977272017686,409.0498072849573,2.76,850
B_mech0.6,7,0.85,2,AdaptiveGCN,0.0,0.6631184816360474,34,7032,68.636,0.7629,2,85.60434521786112,20.886334807111176,97.51734561644203,300.98742380367736,3.52,850
B_mech0.6,7,0.85,2,AdaptiveGCN,0.0,0.6631184816360474,34,7032,68.636,0.7629,3,83.13168743544676,21.5365740635409,98.80995147202427,404.11271518229273,4.6,850
B_mech0.6,8,0.925,0,AdaptiveGCN,0.0,0.5093697905540466,34,7032,60.204,0.2951,0,28.04467320809631,11.932857314553283,81.59447216919726,102.95964234702294,nan,2550
B_mech0.6,8,0.925,0,AdaptiveGCN,0.0,0.5093697905540466,34,7032,60.204,0.2951,1,25.36435368471259,9.791799593254485,75.22121187893626,83.29291721935847,2.7142857142857144,850
B_mech0.6,8,0.925,0,AdaptiveGCN,0.0,0.5093697905540466,34,7032,60.204,0.2951,2,27.54930405850039,11.75491983228911,81.61147555109228,102.58336307681076,3.5238095238095237,850
B_mech0.6,8,0.925,0,AdaptiveGCN,0.0,0.5093697905540466,34,7032,60.204,0.2951,3,30.938592309538677,14.251852518116253,87.95072907756327,122.86732366537719,5.380952380952381,850
B_mech0.6,8,0.925,1,AdaptiveGCN,0.0,0.509798526763916,34,7032,55.501,0.2866,0,27.64038776397264,11.716676176447665,79.93206515221326,98.43970534637944,nan,2550
B_mech0.6,8,0.925,1,AdaptiveGCN,0.0,0.509798526763916,34,7032,55.501,0.2866,1,25.362234328938705,9.805716808006297,73.54507805313264,82.46044365679136,2.857142857142857,850
B_mech0.6,8,0.925,1,AdaptiveGCN,0.0,0.509798526763916,34,7032,55.501,0.2866,2,27.261221373238868,11.557610774150886,78.86574452101173,98.07265271692027,3.761904761904762,850
B_mech0.6,8,0.925,1,AdaptiveGCN,0.0,0.509798526763916,34,7032,55.501,0.2866,3,30.09245729932292,13.786700947185814,87.38537288249539,114.6758190309555,6.0476190476190474,850
B_mech0.6,8,0.925,2,AdaptiveGCN,0.0,0.6702969074249268,34,7032,43.819,0.5935,0,27.485569815011203,11.104878572827028,76.72688599576595,93.20738354775474,nan,2550
B_mech0.6,8,0.925,2,AdaptiveGCN,0.0,0.6702969074249268,34,7032,43.819,0.5935,1,25.249788452804736,9.499401964997489,71.06715245698031,79.34895978926843,2.4285714285714284,850
B_mech0.6,8,0.925,2,AdaptiveGCN,0.0,0.6702969074249268,34,7032,43.819,0.5935,2,27.10069230909675,10.87928344145972,76.07246830197889,92.73711743692627,3.3333333333333335,850
B_mech0.6,8,0.925,2,AdaptiveGCN,0.0,0.6702969074249268,34,7032,43.819,0.5935,3,29.906024537270714,12.935950312023873,83.04103722833867,107.4398789720016,5.380952380952381,850
persistence,1,0.4,0,Persistence,0.0,nan,34,0,0.0,0.0,0,73.5201586334673,32.512549019607846,56.92076398350993,59.570052410688376,nan,2550
persistence,1,0.4,0,Persistence,0.0,nan,34,0,0.0,0.0,1,53.27343450097254,25.331764705882353,52.04820153998707,56.003322914535744,2.52,850
persistence,1,0.4,0,Persistence,0.0,nan,34,0,0.0,0.0,2,64.20278535280868,30.863529411764706,56.09017636034833,60.756974553725954,3.12,850
persistence,1,0.4,0,Persistence,0.0,nan,34,0,0.0,0.0,3,96.20594943080367,41.34235294117647,62.62391405019437,61.923975434850654,6.32,850
persistence,2,0.475,0,Persistence,0.0,nan,34,0,0.0,0.0,0,129.58545670033845,46.742745098039215,44.023604399543075,56.97793978106264,nan,2550
persistence,2,0.475,0,Persistence,0.0,nan,34,0,0.0,0.0,1,85.1948562379899,33.43176470588235,37.408803898948875,44.00656892100401,1.0,850
persistence,2,0.475,0,Persistence,0.0,nan,34,0,0.0,0.0,2,128.20830476909327,48.129411764705885,43.2921151920175,55.00767482624587,2.0,850
persistence,2,0.475,0,Persistence,0.0,nan,34,0,0.0,0.0,3,163.34515243351854,58.66705882352941,51.36989410766286,71.91957559593801,3.24,850
persistence,3,0.55,0,Persistence,0.0,nan,34,0,0.0,0.0,0,21.993100522396457,12.27843137254902,55.149097501207876,65.67583110011772,nan,2550
persistence,3,0.55,0,Persistence,0.0,nan,34,0,0.0,0.0,1,15.631830271822261,9.50470588235294,49.48022300843049,56.72869017332414,1.0,850
persistence,3,0.55,0,Persistence,0.0,nan,34,0,0.0,0.0,2,21.750780919043695,12.298823529411765,56.29332570818066,67.80034117763428,2.5833333333333335,850
persistence,3,0.55,0,Persistence,0.0,nan,34,0,0.0,0.0,3,27.08576791470775,15.031764705882352,59.67374378701251,72.51753059724976,3.5,850
persistence,4,0.625,0,Persistence,0.0,nan,34,0,0.0,0.0,0,31.00985927973585,14.347058823529412,50.567734519365146,54.16594941393969,nan,2550
persistence,4,0.625,0,Persistence,0.0,nan,34,0,0.0,0.0,1,26.47040522812555,12.470588235294118,48.96059400899452,53.197712837648794,2.0833333333333335,850
persistence,4,0.625,0,Persistence,0.0,nan,34,0,0.0,0.0,2,29.16407943707061,13.828235294117647,49.53569569228292,53.80531561587003,2.75,850
persistence,4,0.625,0,Persistence,0.0,nan,34,0,0.0,0.0,3,36.51860122313172,16.74235294117647,53.20691385681802,55.49481978830029,3.2916666666666665,850
persistence,5,0.7,0,Persistence,0.0,nan,34,0,0.0,0.0,0,53.94683657519307,28.974901960784315,43.7844504351759,58.564547112253265,nan,2550
persistence,5,0.7,0,Persistence,0.0,nan,34,0,0.0,0.0,1,39.370577249275584,21.35058823529412,36.38352292948993,41.770220528229686,1.0,850
persistence,5,0.7,0,Persistence,0.0,nan,34,0,0.0,0.0,2,52.68707844713083,28.885882352941177,42.58830076596147,53.86556324112117,1.96,850
persistence,5,0.7,0,Persistence,0.0,nan,34,0,0.0,0.0,3,66.36876480074396,36.688235294117646,52.3815276100763,80.34854700052605,2.875,850
persistence,6,0.775,0,Persistence,0.0,nan,34,0,0.0,0.0,0,10.671291889374748,5.33764705882353,72.2814990501309,86.60236722438475,nan,2550
persistence,6,0.775,0,Persistence,0.0,nan,34,0,0.0,0.0,1,8.540078522851566,4.46235294117647,70.4466173025324,72.11903616673888,2.2142857142857144,850
persistence,6,0.775,0,Persistence,0.0,nan,34,0,0.0,0.0,2,10.430441872090503,5.26,70.52648951740231,86.74668301341792,4.0,850
persistence,6,0.775,0,Persistence,0.0,nan,34,0,0.0,0.0,3,12.645250212675764,6.290588235294118,75.87139033045803,100.98718702830196,4.571428571428571,850
persistence,7,0.85,0,Persistence,0.0,nan,34,0,0.0,0.0,0,93.21324066512288,22.40078431372549,84.30944525147098,436.62126157854016,nan,2550
persistence,7,0.85,0,Persistence,0.0,nan,34,0,0.0,0.0,1,92.48094239291873,21.167058823529413,81.54886467885923,447.7949590304546,2.76,850
persistence,7,0.85,0,Persistence,0.0,nan,34,0,0.0,0.0,2,93.27423198794605,22.341176470588234,85.89823639925514,350.80484888259724,3.52,850
persistence,7,0.85,0,Persistence,0.0,nan,34,0,0.0,0.0,3,93.87927165811857,23.694117647058825,85.48123467629857,511.11305237714254,4.36,850
persistence,8,0.925,0,Persistence,0.0,nan,34,0,0.0,0.0,0,26.986292816909845,10.992549019607843,70.71305272493106,92.99962474795123,nan,2550
persistence,8,0.925,0,Persistence,0.0,nan,34,0,0.0,0.0,1,25.22165269576683,9.444705882352942,63.76796952938193,79.78157289457334,1.0,850
persistence,8,0.925,0,Persistence,0.0,nan,34,0,0.0,0.0,2,26.738427953261663,10.795294117647058,70.27159713686022,92.31713755959544,1.9047619047619047,850
persistence,8,0.925,0,Persistence,0.0,nan,34,0,0.0,0.0,3,28.873945104234597,12.73764705882353,78.09959150855104,106.80745940760066,4.0,850
