district,date,ndvi,valid_pixels,pixels
Ampara,2012-09-13,0.6304525282569899,1681,1681
Ampara,2012-09-29,0.6542152885187389,1681,1681
Ampara,2012-10-15,0.6156695419393218,1681,1681
Ampara,2012-10-31,0.7027999405116002,1681,1681
Ampara,2012-11-16,0.6651214158239144,1681,1681
Ampara,2012-12-02,0.6554340566606389,1659,1681
Ampara,2012-12-18,0.7419022113022113,1628,1681
Ampara,2013-01-01,0.7602687960687962,1628,1681
Ampara,2013-01-17,0.7411842331288344,1630,1681
Ampara,2013-02-02,0.5868120833333333,1680,1681
Ampara,2013-02-18,0.7372534271725827,1634,1681
Ampara,2013-03-06,0.6027011911852294,1679,1681
Ampara,2013-03-22,0.6260453896490185,1681,1681
Ampara,2013-04-07,0.6960653182629388,1681,1681
Ampara,2013-04-23,0.6611005353955979,1681,1681
Ampara,2013-05-09,0.6260519333729923,1681,1681
Ampara,2013-05-25,0.6239693634741226,1681,1681
Ampara,2013-06-10,0.6416280190362879,1681,1681
Ampara,2013-06-26,0.6568867340868532,1681,1681
Ampara,2013-07-12,0.7014009518143962,1681,1681
Ampara,2013-07-28,0.6792778703152885,1681,1681
Ampara,2013-08-13,0.6744500892325996,1681,1681
Ampara,2013-08-29,0.6425376561570494,1681,1681
Ampara,2013-09-14,0.6506755065554232,1678,1681
Ampara,2013-09-30,0.6168296847114813,1681,1681
Ampara,2013-10-16,0.6642770969660917,1681,1681
Ampara,2013-11-01,0.5971480071386079,1681,1681
Ampara,2013-11-17,0.5642905413444379,1681,1681
Ampara,2013-12-03,0.6677883402736466,1681,1681
Ampara,2013-12-19,0.3727631766805473,1681,1681
Ampara,2014-01-01,0.5945984533016062,1681,1681
Ampara,2014-01-17,0.6323315288518739,1681,1681
Ampara,2014-02-02,0.6746609756097561,1681,1681
Ampara,2014-02-18,0.6694984533016062,1681,1681
Ampara,2014-03-06,0.5381303390838786,1681,1681
Ampara,2014-03-22,0.6362786436644854,1681,1681
Ampara,2014-04-07,0.6429225000000001,1680,1681
Ampara,2014-04-23,0.6330654144305308,1677,1681
Ampara,2014-05-09,0.6949976799524094,1681,1681
Ampara,2014-05-25,0.7041179654967282,1681,1681
Ampara,2014-06-10,0.673717251635931,1681,1681
Ampara,2014-06-26,0.6434772045590882,1667,1681
Ampara,2014-07-12,0.5898327186198692,1681,1681
Ampara,2014-07-28,0.5288076740035693,1681,1681
Ampara,2014-08-13,0.6106117257967529,1663,1681
Ampara,2014-08-29,0.668332242712671,1681,1681
Ampara,2014-09-14,0.6649121951219512,1681,1681
Ampara,2014-09-30,0.7045579511614056,1679,1681
Ampara,2014-10-16,0.6686712823600242,1661,1681
Ampara,2014-11-01,0.6476004199160169,1667,1681
Ampara,2014-11-17,0.5400253004807692,1664,1681
Ampara,2014-12-03,0.4240716328963052,1678,1681
Ampara,2014-12-19,0.6397652882205513,1596,1681
Ampara,2015-01-01,0.748875411913815,1578,1681
Ampara,2015-01-17,0.7192788816180845,1681,1681
Ampara,2015-02-02,0.6915061867935752,1681,1681
Ampara,2015-02-18,0.6589162874251497,1670,1681
Ampara,2015-03-06,0.6423073301549463,1678,1681
Ampara,2015-03-22,0.595914592019059,1679,1681
Ampara,2015-04-07,0.6300961882072662,1679,1681
Ampara,2015-04-23,0.6510886377156455,1681,1681
Ampara,2015-05-09,0.620713503866746,1681,1681
Ampara,2015-05-25,0.7077553837001785,1681,1681
Ampara,2015-06-10,0.7417795954788816,1681,1681
Ampara,2015-06-26,0.7477185603807258,1681,1681
Ampara,2015-07-12,0.6858716835217133,1681,1681
Ampara,2015-07-28,0.6701627380952381,1680,1681
Ampara,2015-08-13,0.6111483640690066,1681,1681
Ampara,2015-08-29,0.5912834425253127,1679,1681
Ampara,2015-09-14,0.5961607971445568,1681,1681
Ampara,2015-09-30,0.6673175804529202,1678,1681
Ampara,2015-10-16,0.5535695419393218,1681,1681
Ampara,2015-11-01,0.5660111838191554,1681,1681
Ampara,2015-11-17,0.6487093301435407,1672,1681
Ampara,2015-12-03,0.633720607504467,1679,1681
Ampara,2015-12-19,0.6449091666666666,1680,1681
Ampara,2016-01-01,0.6972762046400952,1681,1681
Ampara,2016-01-17,0.7463938726948245,1681,1681
Ampara,2016-02-02,0.59544,1680,1681
Ampara,2016-02-18,0.3606662700773349,1681,1681
Ampara,2016-03-05,0.6400843545508625,1681,1681
Ampara,2016-03-21,0.6208001799640073,1667,1681
Ampara,2016-04-06,0.657654675402025,1679,1681
Ampara,2016-04-22,0.6462270432692307,1664,1681
Ampara,2016-05-08,0.6653949434860202,1681,1681
Ampara,2016-05-24,0.7076154074955384,1681,1681
Ampara,2016-06-09,0.7655688280785248,1681,1681
Ampara,2016-06-25,0.6743305770374778,1681,1681
Ampara,2016-07-11,0.6499675193337299,1681,1681
Ampara,2016-07-27,0.626444497323022,1681,1681
Ampara,2016-08-12,0.6118225461035098,1681,1681
Ampara,2016-08-28,0.5994437239738252,1681,1681
Ampara,2016-09-13,0.5872700773349198,1681,1681
Ampara,2016-09-29,0.5748284354550862,1681,1681
Ampara,2016-10-15,0.6652983938132064,1681,1681
Ampara,2016-10-31,0.6632756097560976,1681,1681
Ampara,2016-11-16,0.5163594883997621,1681,1681
Ampara,2016-12-02,0.6436602022605592,1681,1681
Ampara,2016-12-18,0.715314277215943,1681,1681
Ampara,2017-01-01,0.7461043426531827,1681,1681
Ampara,2017-01-17,0.6439155542312277,1678,1681
Ampara,2017-02-02,0.7063306538692262,1667,1681
Ampara,2017-02-18,0.6996245238095239,1680,1681
Ampara,2017-03-06,0.6742259818731118,1655,1681
Ampara,2017-03-22,0.6388376561570493,1681,1681
Ampara,2017-04-07,0.6689038072575848,1681,1681
Ampara,2017-04-23,0.633504759071981,1681,1681
Ampara,2017-05-09,0.6298513384889947,1681,1681
Ampara,2017-05-25,0.6797016656751934,1681,1681
Ampara,2017-06-10,0.6993019631171922,1681,1681
Ampara,2017-06-26,0.7121942891136229,1681,1681
Ampara,2017-07-12,0.6822810232004759,1681,1681
Ampara,2017-07-28,0.6874812611540749,1681,1681
Ampara,2017-08-13,0.6688483640690066,1681,1681
Ampara,2017-08-29,0.6669710872162485,1674,1681
Ampara,2017-09-14,0.6647967261904761,1680,1681
Ampara,2017-09-30,0.6721891291291291,1665,1681
Ampara,2017-10-16,0.6708064110245656,1669,1681
Ampara,2017-11-01,0.6588623011015913,1634,1681
Ampara,2017-11-17,0.5529618820726624,1679,1681
Ampara,2017-12-03,0.684680169286578,1654,1681
Ampara,2017-12-19,0.7434449137418204,1681,1681
Ampara,2018-01-01,0.7409443188578227,1681,1681
Ampara,2018-01-17,0.6847402736466389,1681,1681
Ampara,2018-02-02,0.6407103880597015,1675,1681
Ampara,2018-02-18,0.6549155952380952,1680,1681
Ampara,2018-03-06,0.5609050565139798,1681,1681
Ampara,2018-03-22,0.656305234979179,1681,1681
Ampara,2018-04-07,0.5405176680547293,1681,1681
Ampara,2018-04-23,0.6524751190476191,1680,1681
Ampara,2018-05-09,0.6555408090422368,1681,1681
Ampara,2018-05-25,0.7176883997620463,1681,1681
Ampara,2018-06-10,0.748316240333135,1681,1681
Ampara,2018-06-26,0.7605273051754908,1681,1681
Ampara,2018-07-12,0.6860316478286734,1681,1681
Ampara,2018-07-28,0.5848669839381321,1681,1681
Ampara,2018-08-13,0.5762782272456871,1681,1681
Ampara,2018-08-29,0.5782549077929804,1681,1681
Ampara,2018-09-14,0.5501610714285715,1680,1681
Ampara,2018-09-30,0.5764935080405003,1679,1681
Ampara,2018-10-16,0.7046190970103723,1639,1681
Ampara,2018-11-01,0.6479147943523634,1629,1681
Ampara,2018-11-17,0.6170695440729483,1645,1681
Ampara,2018-12-03,0.7197751794258374,1672,1681
Ampara,2018-12-19,0.6857749850746269,1675,1681
Ampara,2019-01-01,0.7547053808948005,1654,1681
Ampara,2019-01-17,0.6059479166666667,1680,1681
Ampara,2019-02-02,0.6419289113622844,1681,1681
Ampara,2019-02-18,0.6270957168352173,1681,1681
Ampara,2019-03-06,0.6635477691850089,1681,1681
Ampara,2019-03-22,0.6341750743604998,1681,1681
Ampara,2019-04-07,0.5824941106484236,1681,1681
Ampara,2019-04-23,0.645879000594884,1681,1681
Ampara,2019-05-09,0.6660544371649791,1679,1681
Ampara,2019-05-25,0.6679443783462226,1681,1681
Ampara,2019-06-10,0.7160945865556217,1681,1681
Ampara,2019-06-26,0.668186020226056,1681,1681
Ampara,2019-07-12,0.6535487746563061,1673,1681
Ampara,2019-07-28,0.58639750148721,1681,1681
Ampara,2019-08-13,0.6490255827854154,1673,1681
Ampara,2019-08-29,0.6708452111838192,1681,1681
Ampara,2019-09-14,0.6780308841099164,1674,1681
Ampara,2019-09-30,0.6805493373493976,1660,1681
Ampara,2019-10-16,0.47466400951814397,1681,1681
Ampara,2019-11-01,0.6710595770392749,1655,1681
Ampara,2019-11-17,0.5284421334922527,1678,1681
Ampara,2019-12-03,0.5372028554431886,1681,1681
Ampara,2019-12-19,0.6299524382901867,1661,1681
Ampara,2020-01-01,0.7206758353221957,1676,1681
Ampara,2020-01-17,0.6227167261904762,1680,1681
Ampara,2020-02-02,0.6809018441403926,1681,1681
Ampara,2020-02-18,0.5617706968433591,1679,1681
Ampara,2020-03-05,0.5671349404761905,1680,1681
Ampara,2020-03-21,0.5689431137724551,1670,1681
Ampara,2020-04-06,0.5526532421177871,1681,1681
Ampara,2020-04-22,0.6029374925373134,1675,1681
Ampara,2020-05-08,0.6840326591314694,1681,1681
Ampara,2020-05-24,0.7534452706722189,1681,1681
Ampara,2020-06-09,0.7244098155859608,1681,1681
Ampara,2020-06-25,0.7429010113027961,1681,1681
Ampara,2020-07-11,0.7460408090422368,1681,1681
Ampara,2020-07-27,0.6829345627602618,1681,1681
Ampara,2020-08-12,0.6235088042831648,1681,1681
Ampara,2020-08-28,0.6564869720404521,1681,1681
Ampara,2020-09-13,0.6512218322427127,1681,1681
Ampara,2020-09-29,0.6563003569303986,1681,1681
Ampara,2020-10-15,0.6351518761167362,1679,1681
Ampara,2020-10-31,0.5715913146936348,1681,1681
Ampara,2020-11-16,0.6718572873289709,1681,1681
Ampara,2020-12-02,0.7075254610350982,1681,1681
Ampara,2020-12-18,0.7028036374478236,1677,1681
Ampara,2021-01-01,0.5638779306220095,1672,1681
Ampara,2021-01-17,0.7428179868969625,1679,1681
Ampara,2021-02-02,0.6262055357142857,1680,1681
Ampara,2021-02-18,0.6183575252825699,1681,1681
Ampara,2021-03-06,0.5430257142857143,1680,1681
Ampara,2021-03-22,0.6339333729922665,1681,1681
Ampara,2021-04-07,0.639286130952381,1680,1681
Ampara,2021-04-23,0.6222518143961928,1681,1681
Ampara,2021-05-09,0.7215303985722784,1681,1681
Ampara,2021-05-25,0.7328828673408685,1681,1681
Ampara,2021-06-10,0.7249249851279002,1681,1681
Ampara,2021-06-26,0.7421411659726354,1681,1681
Ampara,2021-07-12,0.7326606781677574,1681,1681
Ampara,2021-07-28,0.6644475907198096,1681,1681
Ampara,2021-08-13,0.6355203450327186,1681,1681
Ampara,2021-08-29,0.6433948245092207,1681,1681
Ampara,2021-09-14,0.624719512195122,1681,1681
Ampara,2021-09-30,0.6879362284354551,1681,1681
Ampara,2021-10-16,0.661846519928614,1681,1681
Ampara,2021-11-01,0.6611062575941677,1646,1681
Ampara,2021-11-17,0.676262682038835,1648,1681
Ampara,2021-12-03,0.7037723723723724,1665,1681
Ampara,2021-12-19,0.7052674016686532,1678,1681
Ampara,2022-01-01,0.6907209735576924,1664,1681
Ampara,2022-01-17,0.750782986317668,1681,1681
Ampara,2022-02-02,0.7209772754312909,1681,1681
Ampara,2022-02-18,0.6988528256989888,1681,1681
Ampara,2022-03-06,0.7086022010707913,1681,1681
Ampara,2022-03-22,0.6653300416418799,1681,1681
Ampara,2022-04-07,0.6738118976799524,1681,1681
Ampara,2022-04-23,0.6717999404761905,1680,1681
Ampara,2022-05-09,0.6759732897085069,1681,1681
Ampara,2022-05-25,0.6690191552647234,1681,1681
Ampara,2022-06-10,0.7063968471148127,1681,1681
Ampara,2022-06-26,0.6733569898869721,1681,1681
Ampara,2022-07-12,0.657172450805009,1677,1681
Ampara,2022-07-28,0.669144021415824,1681,1681
Ampara,2022-08-13,0.6747063057703748,1681,1681
Ampara,2022-08-29,0.6535453896490184,1681,1681
Ampara,2022-09-14,0.6474597858417609,1681,1681
Ampara,2022-09-30,0.6485681142177275,1681,1681
Ampara,2022-10-16,0.6779281547619048,1680,1681
Ampara,2022-11-01,0.5999566071428571,1680,1681
Ampara,2022-11-17,0.6712786764705883,1632,1681
Ampara,2022-12-03,0.4365392028554432,1681,1681
Ampara,2022-12-19,0.6606305721096544,1678,1681
Ampara,2023-01-01,0.7057252230814991,1681,1681
Ampara,2023-01-17,0.7194002974419988,1681,1681
Ampara,2023-02-02,0.6946724568709102,1681,1681
Ampara,2023-02-18,0.6172688280785248,1681,1681
Ampara,2023-03-06,0.48992882668254917,1679,1681
Ampara,2023-03-22,0.6668812016656752,1681,1681
Ampara,2023-04-07,0.6308378201310304,1679,1681
Ampara,2023-04-23,0.5446428316478287,1681,1681
Ampara,2023-05-09,0.6770541344437835,1681,1681
Ampara,2023-05-25,0.7107417013682332,1681,1681
Ampara,2023-06-10,0.7515955383700179,1681,1681
Ampara,2023-06-26,0.748218262938727,1681,1681
Ampara,2023-07-12,0.7417366448542535,1681,1681
Ampara,2023-07-28,0.6768905413444379,1681,1681
Ampara,2023-08-13,0.6527784651992862,1681,1681
Ampara,2023-08-29,0.6340771564544914,1681,1681
Ampara,2023-09-14,0.6359848557692308,1664,1681
Ampara,2023-09-30,0.6757829326923077,1664,1681
Ampara,2023-10-16,0.6910244179104478,1675,1681
Ampara,2023-11-01,0.6588795830778663,1631,1681
Ampara,2023-11-17,0.6295703237410072,1668,1681
Ampara,2023-12-03,0.616399880525687,1674,1681
Ampara,2023-12-19,0.5670091234347049,1677,1681
Ampara,2024-01-01,0.6708893827160494,1620,1681
Ampara,2024-01-17,0.6586571343283583,1675,1681
Ampara,2024-02-02,0.533422248661511,1681,1681
Ampara,2024-02-18,0.4714317261904762,1680,1681
Ampara,2024-03-05,0.6507821534800715,1681,1681
Ampara,2024-03-21,0.5823343248066627,1681,1681
Anuradhapura,2012-09-13,0.41322730517549083,1681,1681
Anuradhapura,2012-09-29,0.42009714455681146,1681,1681
Anuradhapura,2012-10-15,0.4228007733491969,1681,1681
Anuradhapura,2012-10-31,0.5509826579261026,1678,1681
Anuradhapura,2012-11-16,0.677210767400357,1681,1681
Anuradhapura,2012-12-02,0.5564104699583582,1681,1681
Anuradhapura,2012-12-18,0.47469102870813396,1672,1681
Anuradhapura,2013-01-01,0.44525074360499706,1681,1681
Anuradhapura,2013-01-17,0.7272229836264402,1649,1681
Anuradhapura,2013-02-02,0.6233910172516359,1681,1681
Anuradhapura,2013-02-18,0.6445298631766806,1681,1681
Anuradhapura,2013-03-06,0.6528151695419393,1681,1681
Anuradhapura,2013-03-22,0.6400374182034504,1681,1681
Anuradhapura,2013-04-07,0.6059945865556217,1681,1681
Anuradhapura,2013-04-23,0.5918972635336109,1681,1681
Anuradhapura,2013-05-09,0.6460233194527067,1681,1681
Anuradhapura,2013-05-25,0.5671961927424153,1681,1681
Anuradhapura,2013-06-10,0.5961828673408686,1681,1681
Anuradhapura,2013-06-26,0.543348245092207,1681,1681
Anuradhapura,2013-07-12,0.5808029149315884,1681,1681
Anuradhapura,2013-07-28,0.5546568114217727,1681,1681
Anuradhapura,2013-08-13,0.5796196906603213,1681,1681
Anuradhapura,2013-08-29,0.48727733491969066,1681,1681
Anuradhapura,2013-09-14,0.6327073765615706,1681,1681
Anuradhapura,2013-09-30,0.6036634146341464,1681,1681
Anuradhapura,2013-10-16,0.5024845330160619,1681,1681
Anuradhapura,2013-11-01,0.5040473527662106,1681,1681
Anuradhapura,2013-11-17,0.6491939321832243,1681,1681
Anuradhapura,2013-12-03,0.6766970850684116,1681,1681
Anuradhapura,2013-12-19,0.5969454491374182,1681,1681
Anuradhapura,2014-01-01,0.5061767995240928,1681,1681
Anuradhapura,2014-01-17,0.5782002981514609,1677,1681
Anuradhapura,2014-02-02,0.6920511600237954,1681,1681
Anuradhapura,2014-02-18,0.6783543129089828,1681,1681
Anuradhapura,2014-03-06,0.558596490184414,1681,1681
Anuradhapura,2014-03-22,0.5899790600832837,1681,1681
Anuradhapura,2014-04-07,0.5663146936347413,1681,1681
Anuradhapura,2014-04-23,0.7309572873289709,1681,1681
Anuradhapura,2014-05-09,0.6823515764425937,1681,1681
Anuradhapura,2014-05-25,0.6633302201070791,1681,1681
Anuradhapura,2014-06-10,0.6294879833432482,1681,1681
Anuradhapura,2014-06-26,0.6045590124925639,1681,1681
Anuradhapura,2014-07-12,0.5164067816775729,1681,1681
Anuradhapura,2014-07-28,0.5059979179060083,1681,1681
Anuradhapura,2014-08-13,0.5096779298036883,1681,1681
Anuradhapura,2014-08-29,0.5533290303390839,1681,1681
Anuradhapura,2014-09-14,0.5958528256989888,1681,1681
Anuradhapura,2014-09-30,0.6416226920786182,1679,1681
Anuradhapura,2014-10-16,0.6877301369863014,1679,1681
Anuradhapura,2014-11-01,0.7068520523497918,1681,1681
Anuradhapura,2014-11-17,0.3962497917906008,1681,1681
Anuradhapura,2014-12-03,0.630938534842168,1679,1681
Anuradhapura,2014-12-19,0.6056335343787697,1658,1681
Anuradhapura,2015-01-01,0.7178502082093992,1681,1681
Anuradhapura,2015-01-17,0.7172726948245093,1681,1681
Anuradhapura,2015-02-02,0.6646475907198096,1681,1681
Anuradhapura,2015-02-18,0.6660524687685901,1681,1681
Anuradhapura,2015-03-06,0.6369344437834622,1681,1681
Anuradhapura,2015-03-22,0.6007466983938132,1681,1681
Anuradhapura,2015-04-07,0.6332065437239739,1681,1681
Anuradhapura,2015-04-23,0.6265654372397383,1681,1681
Anuradhapura,2015-05-09,0.543888994646044,1681,1681
Anuradhapura,2015-05-25,0.671963533610946,1681,1681
Anuradhapura,2015-06-10,0.6976447352766211,1681,1681
Anuradhapura,2015-06-26,0.6375164187983343,1681,1681
Anuradhapura,2015-07-12,0.6168520523497918,1681,1681
Anuradhapura,2015-07-28,0.5652960737656157,1681,1681
Anuradhapura,2015-08-13,0.536369244497323,1681,1681
Anuradhapura,2015-08-29,0.6384584176085664,1681,1681
Anuradhapura,2015-09-14,0.6495207614515169,1681,1681
Anuradhapura,2015-09-30,0.6788311719214754,1681,1681
Anuradhapura,2015-10-16,0.5576054729327782,1681,1681
Anuradhapura,2015-11-01,0.44827608566329563,1681,1681
Anuradhapura,2015-11-17,0.614862634730539,1670,1681
Anuradhapura,2015-12-03,0.5768201070791196,1681,1681
Anuradhapura,2015-12-19,0.7303287923854849,1681,1681
Anuradhapura,2016-01-01,0.6842364663890541,1681,1681
Anuradhapura,2016-01-17,0.7409688280785247,1681,1681
Anuradhapura,2016-02-02,0.6456411064842356,1681,1681
Anuradhapura,2016-02-18,0.46757220238095243,1680,1681
Anuradhapura,2016-03-05,0.6107067221891731,1681,1681
Anuradhapura,2016-03-21,0.531149494348602,1681,1681
Anuradhapura,2016-04-06,0.58387751338489,1681,1681
Anuradhapura,2016-04-22,0.6725870910172517,1681,1681
Anuradhapura,2016-05-08,0.6728460440214159,1681,1681
Anuradhapura,2016-05-24,0.6585942891136228,1681,1681
Anuradhapura,2016-06-09,0.6430666270077335,1681,1681
Anuradhapura,2016-06-25,0.5652233789411065,1681,1681
Anuradhapura,2016-07-11,0.6101489589530041,1681,1681
Anuradhapura,2016-07-27,0.6448063057703749,1681,1681
Anuradhapura,2016-08-12,0.5918490779298037,1681,1681
Anuradhapura,2016-08-28,0.5290501487209994,1681,1681
Anuradhapura,2016-09-13,0.47353670434265316,1681,1681
Anuradhapura,2016-09-29,0.4732615704937537,1681,1681
Anuradhapura,2016-10-15,0.5707311719214753,1681,1681
Anuradhapura,2016-10-31,0.6764723378941107,1681,1681
Anuradhapura,2016-11-16,0.621701011302796,1681,1681
Anuradhapura,2016-12-02,0.7405505651397978,1681,1681
Anuradhapura,2016-12-18,0.7614215348007138,1681,1681
Anuradhapura,2017-01-01,0.7588170731707318,1681,1681
Anuradhapura,2017-01-17,0.7422872099940512,1681,1681
Anuradhapura,2017-02-02,0.7323239738251041,1681,1681
Anuradhapura,2017-02-18,0.7105554431885782,1681,1681
Anuradhapura,2017-03-06,0.6918272456870911,1681,1681
Anuradhapura,2017-03-22,0.7105903033908387,1681,1681
Anuradhapura,2017-04-07,0.6632613920285545,1681,1681
Anuradhapura,2017-04-23,0.6458984533016062,1681,1681
Anuradhapura,2017-05-09,0.5809041046995836,1681,1681
Anuradhapura,2017-05-25,0.6264883402736466,1681,1681
Anuradhapura,2017-06-10,0.5499286734086853,1681,1681
Anuradhapura,2017-06-26,0.5800917906008329,1681,1681
Anuradhapura,2017-07-12,0.5016396192742415,1681,1681
Anuradhapura,2017-07-28,0.5063351576442594,1681,1681
Anuradhapura,2017-08-13,0.5816878048780488,1681,1681
Anuradhapura,2017-08-29,0.6988613325401547,1681,1681
Anuradhapura,2017-09-14,0.7412989292088044,1681,1681
Anuradhapura,2017-09-30,0.6070644259369423,1681,1681
Anuradhapura,2017-10-16,0.7145176085663296,1681,1681
Anuradhapura,2017-11-01,0.7552384295062463,1681,1681
Anuradhapura,2017-11-17,0.7525706127305176,1681,1681
Anuradhapura,2017-12-03,0.7642971445568114,1681,1681
Anuradhapura,2017-12-19,0.7558028554431886,1681,1681
Anuradhapura,2018-01-01,0.720036763831053,1681,1681
Anuradhapura,2018-01-17,0.6843632361689471,1681,1681
Anuradhapura,2018-02-02,0.6565530636525878,1681,1681
Anuradhapura,2018-02-18,0.6546370612730518,1681,1681
Anuradhapura,2018-03-06,0.5859848304580607,1681,1681
Anuradhapura,2018-03-22,0.5802049375371803,1681,1681
Anuradhapura,2018-04-07,0.6787202260559191,1681,1681
Anuradhapura,2018-04-23,0.705174003569304,1681,1681
Anuradhapura,2018-05-09,0.586467757287329,1681,1681
Anuradhapura,2018-05-25,0.6629834027364664,1681,1681
Anuradhapura,2018-06-10,0.6388194527067222,1681,1681
Anuradhapura,2018-06-26,0.5844848899464604,1681,1681
Anuradhapura,2018-07-12,0.5985828673408685,1681,1681
Anuradhapura,2018-07-28,0.4819219512195122,1681,1681
Anuradhapura,2018-08-13,0.50800999405116,1681,1681
Anuradhapura,2018-08-29,0.5525661511005354,1681,1681
Anuradhapura,2018-09-14,0.5602760261748959,1681,1681
Anuradhapura,2018-09-30,0.6749386674598453,1681,1681
Anuradhapura,2018-10-16,0.5861517117117118,1665,1681
Anuradhapura,2018-11-01,0.5060569303985722,1681,1681
Anuradhapura,2018-11-17,0.6668972602739727,1679,1681
Anuradhapura,2018-12-03,0.7223971445568115,1681,1681
Anuradhapura,2018-12-19,0.728680524121501,1679,1681
Anuradhapura,2019-01-01,0.7152148720999405,1681,1681
Anuradhapura,2019-01-17,0.600129268292683,1681,1681
Anuradhapura,2019-02-02,0.5630475907198096,1681,1681
Anuradhapura,2019-02-18,0.6454751933372993,1681,1681
Anuradhapura,2019-03-06,0.5985176085663296,1681,1681
Anuradhapura,2019-03-22,0.550495240928019,1681,1681
Anuradhapura,2019-04-07,0.54250499702558,1681,1681
Anuradhapura,2019-04-23,0.6295259369422963,1681,1681
Anuradhapura,2019-05-09,0.6303898869720406,1681,1681
Anuradhapura,2019-05-25,0.676771267102915,1681,1681
Anuradhapura,2019-06-10,0.6010441403926235,1681,1681
Anuradhapura,2019-06-26,0.5752117787031529,1681,1681
Anuradhapura,2019-07-12,0.48838720999405116,1681,1681
Anuradhapura,2019-07-28,0.5120911362284355,1681,1681
Anuradhapura,2019-08-13,0.5880684116597265,1681,1681
Anuradhapura,2019-08-29,0.5402909577632362,1681,1681
Anuradhapura,2019-09-14,0.5222662105889352,1681,1681
Anuradhapura,2019-09-30,0.6372904052443386,1678,1681
Anuradhapura,2019-10-16,0.516391493158834,1681,1681
Anuradhapura,2019-11-01,0.6248718619869126,1681,1681
Anuradhapura,2019-11-17,0.6031816775728733,1681,1681
Anuradhapura,2019-12-03,0.6663584984984985,1665,1681
Anuradhapura,2019-12-19,0.5615268292682927,1681,1681
Anuradhapura,2020-01-01,0.7321225461035099,1681,1681
Anuradhapura,2020-01-17,0.6264974419988103,1681,1681
Anuradhapura,2020-02-02,0.680644021415824,1681,1681
Anuradhapura,2020-02-18,0.6425265318262938,1681,1681
Anuradhapura,2020-03-05,0.6354707911957168,1681,1681
Anuradhapura,2020-03-21,0.5299396192742416,1681,1681
Anuradhapura,2020-04-06,0.5648798929208805,1681,1681
Anuradhapura,2020-04-22,0.6826463414634146,1681,1681
Anuradhapura,2020-05-08,0.6972357525282571,1681,1681
Anuradhapura,2020-05-24,0.6282020820939918,1681,1681
Anuradhapura,2020-06-09,0.6667969660916121,1681,1681
Anuradhapura,2020-06-25,0.6572852468768591,1681,1681
Anuradhapura,2020-07-11,0.6154555621653778,1681,1681
Anuradhapura,2020-07-27,0.7090415229030339,1681,1681
Anuradhapura,2020-08-12,0.6979866745984533,1681,1681
Anuradhapura,2020-08-28,0.605772992266508,1681,1681
Anuradhapura,2020-09-13,0.5782269482450922,1681,1681
Anuradhapura,2020-09-29,0.5434856632956574,1681,1681
Anuradhapura,2020-10-15,0.5446437239738251,1681,1681
Anuradhapura,2020-10-31,0.5246681142177275,1681,1681
Anuradhapura,2020-11-16,0.6974187983343249,1681,1681
Anuradhapura,2020-12-02,0.6338403331350387,1681,1681
Anuradhapura,2020-12-18,0.438876502082094,1681,1681
Anuradhapura,2021-01-01,0.6790169350029815,1677,1681
Anuradhapura,2021-01-17,0.748972754312909,1681,1681
Anuradhapura,2021-02-02,0.7146153480071387,1681,1681
Anuradhapura,2021-02-18,0.6718084473527662,1681,1681
Anuradhapura,2021-03-06,0.5151999405116002,1681,1681
Anuradhapura,2021-03-22,0.5276977989292088,1681,1681
Anuradhapura,2021-04-07,0.6242173111243308,1681,1681
Anuradhapura,2021-04-23,0.638517927337701,1679,1681
Anuradhapura,2021-05-09,0.611572754312909,1681,1681
Anuradhapura,2021-05-25,0.6932221891731112,1681,1681
Anuradhapura,2021-06-10,0.6427159428911363,1681,1681
Anuradhapura,2021-06-26,0.5024776918500892,1681,1681
Anuradhapura,2021-07-12,0.6035077929803689,1681,1681
Anuradhapura,2021-07-28,0.6098459845330161,1681,1681
Anuradhapura,2021-08-13,0.5489451516954194,1681,1681
Anuradhapura,2021-08-29,0.6123469363474123,1681,1681
Anuradhapura,2021-09-14,0.6659200475907198,1681,1681
Anuradhapura,2021-09-30,0.616001011302796,1681,1681
Anuradhapura,2021-10-16,0.5999901249256395,1681,1681
Anuradhapura,2021-11-01,0.5970550715990454,1676,1681
Anuradhapura,2021-11-17,0.670535872825435,1667,1681
Anuradhapura,2021-12-03,0.7051516359309935,1681,1681
Anuradhapura,2021-12-19,0.6694161213563355,1681,1681
Anuradhapura,2022-01-01,0.634694765020821,1681,1681
Anuradhapura,2022-01-17,0.7211883997620464,1681,1681
Anuradhapura,2022-02-02,0.6858440809042237,1681,1681
Anuradhapura,2022-02-18,0.5935709101725164,1681,1681
Anuradhapura,2022-03-06,0.5883535395597859,1681,1681
Anuradhapura,2022-03-22,0.6169714455681142,1681,1681
Anuradhapura,2022-04-07,0.6002684116597264,1681,1681
Anuradhapura,2022-04-23,0.6968173111243308,1681,1681
Anuradhapura,2022-05-09,0.5547169541939322,1681,1681
Anuradhapura,2022-05-25,0.5269346222486615,1681,1681
Anuradhapura,2022-06-10,0.5532382510410471,1681,1681
Anuradhapura,2022-06-26,0.5656800118976799,1681,1681
Anuradhapura,2022-07-12,0.6095216537775133,1681,1681
Anuradhapura,2022-07-28,0.6808118381915527,1681,1681
Anuradhapura,2022-08-13,0.6337588935157644,1681,1681
Anuradhapura,2022-08-29,0.5087763831052945,1681,1681
Anuradhapura,2022-09-14,0.5534151100535396,1681,1681
Anuradhapura,2022-09-30,0.4635208804283165,1681,1681
Anuradhapura,2022-10-16,0.7410329166666667,1680,1681
Anuradhapura,2022-11-01,0.46113777513384896,1681,1681
Anuradhapura,2022-11-17,0.7277516954193932,1681,1681
Anuradhapura,2022-12-03,0.6240726948245092,1681,1681
Anuradhapura,2022-12-19,0.7419988102320049,1681,1681
Anuradhapura,2023-01-01,0.6947149910767401,1681,1681
Anuradhapura,2023-01-17,0.5551169541939323,1681,1681
Anuradhapura,2023-02-02,0.700399762046401,1681,1681
Anuradhapura,2023-02-18,0.6757953599048185,1681,1681
Anuradhapura,2023-03-06,0.5910446757882214,1681,1681
Anuradhapura,2023-03-22,0.6150117192147532,1681,1681
Anuradhapura,2023-04-07,0.6510527662105889,1681,1681
Anuradhapura,2023-04-23,0.5869164782867341,1681,1681
Anuradhapura,2023-05-09,0.6892911362284354,1681,1681
Anuradhapura,2023-05-25,0.6850295657346818,1681,1681
Anuradhapura,2023-06-10,0.6459432480666271,1681,1681
Anuradhapura,2023-06-26,0.660625758477097,1681,1681
Anuradhapura,2023-07-12,0.6105279595478882,1681,1681
Anuradhapura,2023-07-28,0.571336525877454,1681,1681
Anuradhapura,2023-08-13,0.5049706722189173,1681,1681
Anuradhapura,2023-08-29,0.38812284354550863,1681,1681
Anuradhapura,2023-09-14,0.48462486615110056,1681,1681
Anuradhapura,2023-09-30,0.5680961927424153,1681,1681
Anuradhapura,2023-10-16,0.6572811421772755,1681,1681
Anuradhapura,2023-11-01,0.5974004239854634,1651,1681
Anuradhapura,2023-11-17,0.6026025641025641,1677,1681
Anuradhapura,2023-12-03,0.6636555621653778,1681,1681
Anuradhapura,2023-12-19,0.6322155859607377,1681,1681
Anuradhapura,2024-01-01,0.7242867340868531,1681,1681
Anuradhapura,2024-01-17,0.6035246876859013,1681,1681
Anuradhapura,2024-02-02,0.7230438429506246,1681,1681
Anuradhapura,2024-02-18,0.6289706722189173,1681,1681
Anuradhapura,2024-03-05,0.5857333135038667,1681,1681
Anuradhapura,2024-03-21,0.5771138013087448,1681,1681
Badulla,2012-09-13,0.7278183224271267,1681,1681
Badulla,2012-09-29,0.7356479476502082,1681,1681
Badulla,2012-10-15,0.7236601427721595,1681,1681
Badulla,2012-10-31,0.826542236763831,1681,1681
Badulla,2012-11-16,0.8366339678762641,1681,1681
Badulla,2012-12-02,0.8232805472932778,1681,1681
Badulla,2012-12-18,0.7667667459845331,1681,1681
Badulla,2013-01-01,0.8475144556811421,1681,1681
Badulla,2013-01-17,0.833518024985128,1681,1681
Badulla,2013-02-02,0.8093547293277812,1681,1681
Badulla,2013-02-18,0.8198258179654968,1681,1681
Badulla,2013-03-06,0.7861057108863772,1681,1681
Badulla,2013-03-22,0.7748913741820346,1681,1681
Badulla,2013-04-07,0.8242063652587746,1681,1681
Badulla,2013-04-23,0.8253215942891137,1681,1681
Badulla,2013-05-09,0.8130955383700179,1681,1681
Badulla,2013-05-25,0.7749337894110648,1681,1681
Badulla,2013-06-10,0.7985705532421178,1681,1681
Badulla,2013-06-26,0.7352922070196312,1681,1681
Badulla,2013-07-12,0.7909447947650209,1681,1681
Badulla,2013-07-28,0.7568285544318859,1681,1681
Badulla,2013-08-13,0.7405511600237954,1681,1681
Badulla,2013-08-29,0.7594694229625223,1681,1681
Badulla,2013-09-14,0.7808910767400358,1681,1681
Badulla,2013-09-30,0.7813904223676383,1681,1681
Badulla,2013-10-16,0.7862741225461036,1681,1681
Badulla,2013-11-01,0.7515113162596784,1679,1681
Badulla,2013-11-17,0.8268766805472934,1681,1681
Badulla,2013-12-03,0.7919989292088043,1681,1681
Badulla,2013-12-19,0.3866157049375372,1681,1681
Badulla,2014-01-01,0.7124591666666666,1680,1681
Badulla,2014-01-17,0.8004303985722785,1681,1681
Badulla,2014-02-02,0.8399507436049971,1681,1681
Badulla,2014-02-18,0.7959914931588341,1681,1681
Badulla,2014-03-06,0.8421801308744795,1681,1681
Badulla,2014-03-22,0.7990709696609162,1681,1681
Badulla,2014-04-07,0.789655502676978,1681,1681
Badulla,2014-04-23,0.7729928613920286,1681,1681
Badulla,2014-05-09,0.8084737656157049,1681,1681
Badulla,2014-05-25,0.8158433670434265,1681,1681
Badulla,2014-06-10,0.7737832242712672,1681,1681
Badulla,2014-06-26,0.7836729922665081,1681,1681
Badulla,2014-07-12,0.7251314693634742,1681,1681
Badulla,2014-07-28,0.7278302201070791,1681,1681
Badulla,2014-08-13,0.7411846519928614,1681,1681
Badulla,2014-08-29,0.7026186198691255,1681,1681
Badulla,2014-09-14,0.6874149910767401,1681,1681
Badulla,2014-09-30,0.765033016061868,1681,1681
Badulla,2014-10-16,0.8035556811421773,1681,1681
Badulla,2014-11-01,0.8412002379535991,1681,1681
Badulla,2014-11-17,0.608683997620464,1681,1681
Badulla,2014-12-03,0.60378820726623,1679,1681
Badulla,2014-12-19,0.8472817370612731,1681,1681
Badulla,2015-01-01,0.8520075550267698,1681,1681
Badulla,2015-01-17,0.827254015466984,1681,1681
Badulla,2015-02-02,0.8492129089827484,1681,1681
Badulla,2015-02-18,0.8399184414039262,1681,1681
Badulla,2015-03-06,0.810814039262344,1681,1681
Badulla,2015-03-22,0.800203747769185,1681,1681
Badulla,2015-04-07,0.8242891731112434,1681,1681
Badulla,2015-04-23,0.8260903628792386,1681,1681
Badulla,2015-05-09,0.8064564544913743,1681,1681
Badulla,2015-05-25,0.8217386674598455,1681,1681
Badulla,2015-06-10,0.8543508625817966,1681,1681
Badulla,2015-06-26,0.836020523497918,1681,1681
Badulla,2015-07-12,0.784198750743605,1681,1681
Badulla,2015-07-28,0.7907748958953005,1681,1681
Badulla,2015-08-13,0.8014425936942297,1681,1681
Badulla,2015-08-29,0.7823750743604998,1681,1681
Badulla,2015-09-14,0.754604759071981,1681,1681
Badulla,2015-09-30,0.8064570493753719,1681,1681
Badulla,2015-10-16,0.6435666270077335,1681,1681
Badulla,2015-11-01,0.7574080309339679,1681,1681
Badulla,2015-11-17,0.7883554431885782,1681,1681
Badulla,2015-12-03,0.8521171326591316,1681,1681
Badulla,2015-12-19,0.8256007138607971,1681,1681
Badulla,2016-01-01,0.7091577037477692,1681,1681
Badulla,2016-01-17,0.8407930993456275,1681,1681
Badulla,2016-02-02,0.828878286734087,1681,1681
Badulla,2016-02-18,0.4501033452807647,1674,1681
Badulla,2016-03-05,0.8665917906008328,1681,1681
Badulla,2016-03-21,0.7986830458060679,1681,1681
Badulla,2016-04-06,0.7931911362284355,1681,1681
Badulla,2016-04-22,0.7829017846519929,1681,1681
Badulla,2016-05-08,0.8170838191552647,1681,1681
Badulla,2016-05-24,0.8135320047590721,1681,1681
Badulla,2016-06-09,0.8226977989292089,1681,1681
Badulla,2016-06-25,0.8139109458655562,1681,1681
Badulla,2016-07-11,0.7861361689470553,1681,1681
Badulla,2016-07-27,0.8092740630577038,1681,1681
Badulla,2016-08-12,0.7759029149315885,1681,1681
Badulla,2016-08-28,0.7589089827483642,1681,1681
Badulla,2016-09-13,0.7743802498512791,1681,1681
Badulla,2016-09-29,0.7383708506841167,1681,1681
Badulla,2016-10-15,0.7208476502082094,1681,1681
Badulla,2016-10-31,0.7728976799524093,1681,1681
Badulla,2016-11-16,0.8227077929803689,1681,1681
Badulla,2016-12-02,0.8273776918500894,1681,1681
Badulla,2016-12-18,0.8583226650803094,1681,1681
Badulla,2017-01-01,0.841931528851874,1681,1681
Badulla,2017-01-17,0.6902591909577633,1681,1681
Badulla,2017-02-02,0.8330203450327186,1681,1681
Badulla,2017-02-18,0.8335477096966092,1681,1681
Badulla,2017-03-06,0.8281089232599643,1681,1681
Badulla,2017-03-22,0.8151468768590125,1681,1681
Badulla,2017-04-07,0.8161593694229625,1681,1681
Badulla,2017-04-23,0.7983049375371803,1681,1681
Badulla,2017-05-09,0.8009428911362285,1681,1681
Badulla,2017-05-25,0.8206006543723974,1681,1681
Badulla,2017-06-10,0.7890936347412255,1681,1681
Badulla,2017-06-26,0.7935850684116598,1681,1681
Badulla,2017-07-12,0.7383531231409874,1681,1681
Badulla,2017-07-28,0.7493067221891732,1681,1681
Badulla,2017-08-13,0.7968634146341464,1681,1681
Badulla,2017-08-29,0.8399869720404523,1681,1681
Badulla,2017-09-14,0.7844484830458062,1681,1681
Badulla,2017-09-30,0.8070584770969661,1681,1681
Badulla,2017-10-16,0.8448026769779894,1681,1681
Badulla,2017-11-01,0.824175490779298,1681,1681
Badulla,2017-11-17,0.8609481261154075,1681,1681
Badulla,2017-12-03,0.8328634146341464,1681,1681
Badulla,2017-12-19,0.8187038072575848,1681,1681
Badulla,2018-01-01,0.8388196311719216,1681,1681
Badulla,2018-01-17,0.834486020226056,1681,1681
Badulla,2018-02-02,0.8231746579417013,1681,1681
Badulla,2018-02-18,0.8125732897085068,1681,1681
Badulla,2018-03-06,0.8202503271861988,1681,1681
Badulla,2018-03-22,0.8266027364663892,1681,1681
Badulla,2018-04-07,0.7287929803688281,1681,1681
Badulla,2018-04-23,0.7949512790005949,1681,1681
Badulla,2018-05-09,0.758881261154075,1681,1681
Badulla,2018-05-25,0.8498143961927425,1681,1681
Badulla,2018-06-10,0.8157961927424152,1681,1681
Badulla,2018-06-26,0.8118164782867342,1681,1681
Badulla,2018-07-12,0.822754729327781,1681,1681
Badulla,2018-07-28,0.7687274241522903,1681,1681
Badulla,2018-08-13,0.7854593694229626,1681,1681
Badulla,2018-08-29,0.7770713265913147,1681,1681
Badulla,2018-09-14,0.73285752528257,1681,1681
Badulla,2018-09-30,0.8178336109458656,1681,1681
Badulla,2018-10-16,0.8327059488399763,1681,1681
Badulla,2018-11-01,0.8483488399762048,1681,1681
Badulla,2018-11-17,0.7890193337299227,1681,1681
Badulla,2018-12-03,0.8479280190362879,1681,1681
Badulla,2018-12-19,0.8407713265913148,1681,1681
Badulla,2019-01-01,0.8195982153480073,1681,1681
Badulla,2019-01-17,0.8303914336704343,1681,1681
Badulla,2019-02-02,0.8580063057703748,1681,1681
Badulla,2019-02-18,0.8300503271861989,1681,1681
Badulla,2019-03-06,0.8524263533610945,1681,1681
Badulla,2019-03-22,0.818778762641285,1681,1681
Badulla,2019-04-07,0.8155659131469364,1681,1681
Badulla,2019-04-23,0.8179967876264129,1681,1681
Badulla,2019-05-09,0.8058361689470553,1681,1681
Badulla,2019-05-25,0.8125998215348007,1681,1681
Badulla,2019-06-10,0.7842225461035098,1681,1681
Badulla,2019-06-26,0.753209756097561,1681,1681
Badulla,2019-07-12,0.8192243902439025,1681,1681
Badulla,2019-07-28,0.8127568114217728,1681,1681
Badulla,2019-08-13,0.7981541939321833,1681,1681
Badulla,2019-08-29,0.7900567519333731,1681,1681
Badulla,2019-09-14,0.7638853063652588,1681,1681
Badulla,2019-09-30,0.79386002379536,1681,1681
Badulla,2019-10-16,0.546765496728138,1681,1681
Badulla,2019-11-01,0.8551600832837598,1681,1681
Badulla,2019-11-17,0.6375271267102915,1681,1681
Badulla,2019-12-03,0.5608004164187984,1681,1681
Badulla,2019-12-19,0.8383296847114813,1681,1681
Badulla,2020-01-01,0.8650158239143368,1681,1681
Badulla,2020-01-17,0.8540152290303391,1681,1681
Badulla,2020-02-02,0.8598591314693635,1681,1681
Badulla,2020-02-18,0.8230505651397978,1681,1681
Badulla,2020-03-05,0.8188541344437835,1681,1681
Badulla,2020-03-21,0.8142509220701963,1681,1681
Badulla,2020-04-06,0.7847578227245687,1681,1681
Badulla,2020-04-22,0.7901546103509817,1681,1681
Badulla,2020-05-08,0.8178794765020821,1681,1681
Badulla,2020-05-24,0.8665316478286734,1681,1681
Badulla,2020-06-09,0.8125798334324807,1681,1681
Badulla,2020-06-25,0.8249888756692444,1681,1681
Badulla,2020-07-11,0.8146425936942296,1681,1681
Badulla,2020-07-27,0.8521819750148721,1681,1681
Badulla,2020-08-12,0.8249618084473529,1681,1681
Badulla,2020-08-28,0.8227409280190363,1681,1681
Badulla,2020-09-13,0.8395575847709698,1681,1681
Badulla,2020-09-29,0.7994953599048186,1681,1681
Badulla,2020-10-15,0.7920478286734087,1681,1681
Badulla,2020-10-31,0.6900665080309341,1681,1681
Badulla,2020-11-16,0.8205116597263534,1681,1681
Badulla,2020-12-02,0.7133266508030934,1681,1681
Badulla,2020-12-18,0.6549966686496134,1681,1681
Badulla,2021-01-01,0.7353921475312315,1681,1681
Badulla,2021-01-17,0.8272396428571429,1680,1681
Badulla,2021-02-02,0.8468098750743606,1681,1681
Badulla,2021-02-18,0.8304509220701963,1681,1681
Badulla,2021-03-06,0.804566745984533,1681,1681
Badulla,2021-03-22,0.8001658536585367,1681,1681
Badulla,2021-04-07,0.8471436049970257,1681,1681
Badulla,2021-04-23,0.805841760856633,1681,1681
Badulla,2021-05-09,0.8072882212968472,1681,1681
Badulla,2021-05-25,0.8510889351576444,1681,1681
Badulla,2021-06-10,0.8500968471148126,1681,1681
Badulla,2021-06-26,0.8479697204045211,1681,1681
Badulla,2021-07-12,0.8255797144556811,1681,1681
Badulla,2021-07-28,0.8048950029744201,1681,1681
Badulla,2021-08-13,0.802845508625818,1681,1681
Badulla,2021-08-29,0.8208318262938727,1681,1681
Badulla,2021-09-14,0.7980832242712672,1681,1681
Badulla,2021-09-30,0.8666521713265913,1681,1681
Badulla,2021-10-16,0.8274450922070197,1681,1681
Badulla,2021-11-01,0.8307788816180844,1681,1681
Badulla,2021-11-17,0.8624303985722783,1681,1681
Badulla,2021-12-03,0.8249056513979774,1681,1681
Badulla,2021-12-19,0.8539535395597859,1681,1681
Badulla,2022-01-01,0.7993861392028555,1681,1681
Badulla,2022-01-17,0.8489796549672814,1681,1681
Badulla,2022-02-02,0.8383753718024985,1681,1681
Badulla,2022-02-18,0.8314549077929804,1681,1681
Badulla,2022-03-06,0.810148007138608,1681,1681
Badulla,2022-03-22,0.8357598453301606,1681,1681
Badulla,2022-04-07,0.8423528256989887,1681,1681
Badulla,2022-04-23,0.8663675788221298,1681,1681
Badulla,2022-05-09,0.8090104699583581,1681,1681
Badulla,2022-05-25,0.8045866745984533,1681,1681
Badulla,2022-06-10,0.7513801308744795,1681,1681
Badulla,2022-06-26,0.7998894705532422,1681,1681
Badulla,2022-07-12,0.7426154669839382,1681,1681
Badulla,2022-07-28,0.8345395597858418,1681,1681
Badulla,2022-08-13,0.8118365258774539,1681,1681
Badulla,2022-08-29,0.7952895300416419,1681,1681
Badulla,2022-09-14,0.8125350386674599,1681,1681
Badulla,2022-09-30,0.8028908982748364,1681,1681
Badulla,2022-10-16,0.841145508625818,1681,1681
Badulla,2022-11-01,0.8317041641879834,1681,1681
Badulla,2022-11-17,0.8512348007138608,1681,1681
Badulla,2022-12-03,0.5191591314693634,1681,1681
Badulla,2022-12-19,0.8007685527099464,1679,1681
Badulla,2023-01-01,0.7091013087447947,1681,1681
Badulla,2023-01-17,0.5763132738095238,1680,1681
Badulla,2023-02-02,0.8340772159428911,1681,1681
Badulla,2023-02-18,0.7793666864961334,1681,1681
Badulla,2023-03-06,0.7399493158834028,1681,1681
Badulla,2023-03-22,0.8266658536585366,1681,1681
Badulla,2023-04-07,0.8233123140987507,1681,1681
Badulla,2023-04-23,0.7826748958953005,1681,1681
Badulla,2023-05-09,0.8299214753123141,1681,1681
Badulla,2023-05-25,0.8309040452111839,1681,1681
Badulla,2023-06-10,0.8269396787626413,1681,1681
Badulla,2023-06-26,0.8344464604402142,1681,1681
Badulla,2023-07-12,0.8403057703747769,1681,1681
Badulla,2023-07-28,0.7983555026769781,1681,1681
Badulla,2023-08-13,0.7988276026174896,1681,1681
Badulla,2023-08-29,0.7827916121356336,1681,1681
Badulla,2023-09-14,0.8325908982748365,1681,1681
Badulla,2023-09-30,0.7879421177870316,1681,1681
Badulla,2023-10-16,0.84666252230815,1681,1681
Badulla,2023-11-01,0.8246584176085664,1681,1681
Badulla,2023-11-17,0.8202423557406306,1681,1681
Badulla,2023-12-03,0.5658532421177871,1681,1681
Badulla,2023-12-19,0.7119265913146937,1681,1681
Badulla,2024-01-01,0.6396196311719214,1681,1681
Badulla,2024-01-17,0.8612218322427126,1681,1681
Badulla,2024-02-02,0.8318273051754909,1681,1681
Badulla,2024-02-18,0.8487076145151696,1681,1681
Badulla,2024-03-05,0.8460029744199882,1681,1681
Badulla,2024-03-21,0.8107632361689471,1681,1681
Batticaloa,2012-09-13,0.4500694925373135,1675,1681
Batticaloa,2012-09-29,0.44896666666666674,1665,1681
Batticaloa,2012-10-15,0.4286987944544907,1659,1681
Batticaloa,2012-10-31,0.5744182582582583,1665,1681
Batticaloa,2012-11-16,0.6635256594724221,1668,1681
Batticaloa,2012-12-02,0.6500522957662492,1677,1681
Batticaloa,2012-12-18,0.675923130106851,1591,1681
Batticaloa,2013-01-01,0.6741107855361597,1604,1681
Batticaloa,2013-01-17,0.6975959509202454,1630,1681
Batticaloa,2013-02-02,0.5019203256936068,1658,1681
Batticaloa,2013-02-18,0.5685674698795181,1660,1681
Batticaloa,2013-03-06,0.5734284751990203,1633,1681
Batticaloa,2013-03-22,0.5927574893875076,1649,1681
Batticaloa,2013-04-07,0.6263917883211679,1644,1681
Batticaloa,2013-04-23,0.57887251635931,1681,1681
Batticaloa,2013-05-09,0.6671538964901844,1681,1681
Batticaloa,2013-05-25,0.6098720999405116,1681,1681
Batticaloa,2013-06-10,0.5579028554431886,1681,1681
Batticaloa,2013-06-26,0.5202998810232005,1681,1681
Batticaloa,2013-07-12,0.5462997025580012,1681,1681
Batticaloa,2013-07-28,0.5041845330160619,1681,1681
Batticaloa,2013-08-13,0.5268399167162404,1681,1681
Batticaloa,2013-08-29,0.4841237187127533,1678,1681
Batticaloa,2013-09-14,0.46539952009598085,1667,1681
Batticaloa,2013-09-30,0.4471007733491969,1681,1681
Batticaloa,2013-10-16,0.4517149582836711,1678,1681
Batticaloa,2013-11-01,0.5010858333333333,1680,1681
Batticaloa,2013-11-17,0.6363011343283582,1675,1681
Batticaloa,2013-12-03,0.6621863120143455,1673,1681
Batticaloa,2013-12-19,0.618767757287329,1681,1681
Batticaloa,2014-01-01,0.385420488385944,1679,1681
Batticaloa,2014-01-17,0.5891593210244194,1679,1681
Batticaloa,2014-02-02,0.7141923261390888,1668,1681
Batticaloa,2014-02-18,0.6277187611673615,1679,1681
Batticaloa,2014-03-06,0.561489755807028,1679,1681
Batticaloa,2014-03-22,0.6041819750148721,1681,1681
Batticaloa,2014-04-07,0.5493425253126861,1679,1681
Batticaloa,2014-04-23,0.49383253445176756,1669,1681
Batticaloa,2014-05-09,0.6016491566265061,1660,1681
Batticaloa,2014-05-25,0.6381560975609757,1681,1681
Batticaloa,2014-06-10,0.5754405598570579,1679,1681
Batticaloa,2014-06-26,0.5174040694195092,1671,1681
Batticaloa,2014-07-12,0.46217537180249857,1681,1681
Batticaloa,2014-07-28,0.41805421398684994,1673,1681
Batticaloa,2014-08-13,0.5000231971153846,1664,1681
Batticaloa,2014-08-29,0.5679354278874926,1671,1681
Batticaloa,2014-09-14,0.4694289113622844,1681,1681
Batticaloa,2014-09-30,0.4872981314044605,1659,1681
Batticaloa,2014-10-16,0.52368038163387,1677,1681
Batticaloa,2014-11-01,0.5773152290303392,1681,1681
Batticaloa,2014-11-17,0.46900410469958365,1681,1681
Batticaloa,2014-12-03,0.5421002388059702,1675,1681
Batticaloa,2014-12-19,0.5798317441158721,1657,1681
Batticaloa,2015-01-01,0.7232685996298581,1621,1681
Batticaloa,2015-01-17,0.5333045997610514,1674,1681
Batticaloa,2015-02-02,0.61741289933695,1659,1681
Batticaloa,2015-02-18,0.5788867699642432,1678,1681
Batticaloa,2015-03-06,0.6072783132530121,1660,1681
Batticaloa,2015-03-22,0.5673558070279929,1679,1681
Batticaloa,2015-04-07,0.5645417313432836,1675,1681
Batticaloa,2015-04-23,0.5581123427201917,1669,1681
Batticaloa,2015-05-09,0.6226341463414634,1681,1681
Batticaloa,2015-05-25,0.6573883202889825,1661,1681
Batticaloa,2015-06-10,0.6619771206690562,1674,1681
Batticaloa,2015-06-26,0.5748801308744794,1681,1681
Batticaloa,2015-07-12,0.4750364069006544,1681,1681
Batticaloa,2015-07-28,0.45650155875299764,1668,1681
Batticaloa,2015-08-13,0.4660985515992759,1657,1681
Batticaloa,2015-08-29,0.49399123337363965,1654,1681
Batticaloa,2015-09-14,0.439985551558753,1668,1681
Batticaloa,2015-09-30,0.4873117220543807,1655,1681
Batticaloa,2015-10-16,0.399144,1675,1681
Batticaloa,2015-11-01,0.5003246517262265,1651,1681
Batticaloa,2015-11-17,0.5598212868310283,1663,1681
Batticaloa,2015-12-03,0.7156164698570542,1609,1681
Batticaloa,2015-12-19,0.6619527261833433,1669,1681
Batticaloa,2016-01-01,0.6743806567164179,1675,1681
Batticaloa,2016-01-17,0.6959128562765313,1649,1681
Batticaloa,2016-02-02,0.4963849552238806,1675,1681
Batticaloa,2016-02-18,0.4447991060786651,1678,1681
Batticaloa,2016-03-05,0.5512890541344438,1681,1681
Batticaloa,2016-03-21,0.5352446428571429,1680,1681
Batticaloa,2016-04-06,0.5257440576230492,1666,1681
Batticaloa,2016-04-22,0.4804615890083632,1674,1681
Batticaloa,2016-05-08,0.529205190102595,1657,1681
Batticaloa,2016-05-24,0.5991682038834952,1648,1681
Batticaloa,2016-06-09,0.5689194527067223,1681,1681
Batticaloa,2016-06-25,0.5396881023200476,1681,1681
Batticaloa,2016-07-11,0.48128703152885194,1681,1681
Batticaloa,2016-07-27,0.5253970850684117,1681,1681
Batticaloa,2016-08-12,0.515793991671624,1681,1681
Batticaloa,2016-08-28,0.4740443188578227,1681,1681
Batticaloa,2016-09-13,0.47475050565139804,1681,1681
Batticaloa,2016-09-29,0.43787447823494335,1677,1681
Batticaloa,2016-10-15,0.4856260559190958,1681,1681
Batticaloa,2016-10-31,0.5383309339678762,1681,1681
Batticaloa,2016-11-16,0.6890341521869383,1669,1681
Batticaloa,2016-12-02,0.6682533212560386,1656,1681
Batticaloa,2016-12-18,0.7397730885009031,1661,1681
Batticaloa,2017-01-01,0.7558693188667872,1659,1681
Batticaloa,2017-01-17,0.6182243712574851,1670,1681
Batticaloa,2017-02-02,0.5991346222486615,1681,1681
Batticaloa,2017-02-18,0.6320191450933174,1661,1681
Batticaloa,2017-03-06,0.6129775571600482,1662,1681
Batticaloa,2017-03-22,0.6006611540749554,1681,1681
Batticaloa,2017-04-07,0.5463891731112434,1681,1681
Batticaloa,2017-04-23,0.5236759666864962,1681,1681
Batticaloa,2017-05-09,0.5093450922070197,1681,1681
Batticaloa,2017-05-25,0.5803962740384615,1664,1681
Batticaloa,2017-06-10,0.5723899464604403,1681,1681
Batticaloa,2017-06-26,0.5286133848899465,1681,1681
Batticaloa,2017-07-12,0.44732956573468174,1681,1681
Batticaloa,2017-07-28,0.48442546213476445,1677,1681
Batticaloa,2017-08-13,0.5568067816775729,1681,1681
Batticaloa,2017-08-29,0.569958018018018,1665,1681
Batticaloa,2017-09-14,0.5212668054729328,1681,1681
Batticaloa,2017-09-30,0.5313143537820132,1679,1681
Batticaloa,2017-10-16,0.532354642857143,1680,1681
Batticaloa,2017-11-01,0.6373367884961054,1669,1681
Batticaloa,2017-11-17,0.6260180672268908,1666,1681
Batticaloa,2017-12-03,0.7627561791044777,1675,1681
Batticaloa,2017-12-19,0.7103080335731415,1668,1681
Batticaloa,2018-01-01,0.658907568533969,1678,1681
Batticaloa,2018-01-17,0.4966162998215348,1681,1681
Batticaloa,2018-02-02,0.4670619474313023,1674,1681
Batticaloa,2018-02-18,0.5075926770708283,1666,1681
Batticaloa,2018-03-06,0.5141491017964073,1670,1681
Batticaloa,2018-03-22,0.5769261104441776,1666,1681
Batticaloa,2018-04-07,0.5838574063057704,1681,1681
Batticaloa,2018-04-23,0.6150788242351529,1667,1681
Batticaloa,2018-05-09,0.5989095636580993,1673,1681
Batticaloa,2018-05-25,0.6795013855421687,1660,1681
Batticaloa,2018-06-10,0.643549018441404,1681,1681
Batticaloa,2018-06-26,0.5867607358262968,1658,1681
Batticaloa,2018-07-12,0.5314321832242713,1681,1681
Batticaloa,2018-07-28,0.4830203450327186,1681,1681
Batticaloa,2018-08-13,0.47036977989292095,1681,1681
Batticaloa,2018-08-29,0.5043794765020821,1681,1681
Batticaloa,2018-09-14,0.4569753482737735,1651,1681
Batticaloa,2018-09-30,0.5194345238095239,1680,1681
Batticaloa,2018-10-16,0.4671719067543336,1673,1681
Batticaloa,2018-11-01,0.5880038072575848,1681,1681
Batticaloa,2018-11-17,0.6777389524382902,1661,1681
Batticaloa,2018-12-03,0.6419694229625224,1681,1681
Batticaloa,2018-12-19,0.7624260974143116,1663,1681
Batticaloa,2019-01-01,0.7462641646489104,1652,1681
Batticaloa,2019-01-17,0.5569135633551457,1681,1681
Batticaloa,2019-02-02,0.502628656716418,1675,1681
Batticaloa,2019-02-18,0.5883205970149253,1675,1681
Batticaloa,2019-03-06,0.578895038852361,1673,1681
Batticaloa,2019-03-22,0.5562999401197606,1670,1681
Batticaloa,2019-04-07,0.5259252825698989,1681,1681
Batticaloa,2019-04-23,0.48986829268292686,1681,1681
Batticaloa,2019-05-09,0.4767711481261155,1681,1681
Batticaloa,2019-05-25,0.4987549253731343,1675,1681
Batticaloa,2019-06-10,0.5118083283759668,1681,1681
Batticaloa,2019-06-26,0.4571046400951815,1681,1681
Batticaloa,2019-07-12,0.5008735871505057,1681,1681
Batticaloa,2019-07-28,0.4762403331350387,1681,1681
Batticaloa,2019-08-13,0.5176584770969661,1681,1681
Batticaloa,2019-08-29,0.5390666270077336,1681,1681
Batticaloa,2019-09-14,0.5734973762671437,1677,1681
Batticaloa,2019-09-30,0.5893988602279545,1667,1681
Batticaloa,2019-10-16,0.5450996426444312,1679,1681
Batticaloa,2019-11-01,0.6512212469733656,1652,1681
Batticaloa,2019-11-17,0.706943248066627,1681,1681
Batticaloa,2019-12-03,0.6700324535092982,1667,1681
Batticaloa,2019-12-19,0.6079173886138615,1616,1681
Batticaloa,2020-01-01,0.6765986746987952,1660,1681
Batticaloa,2020-01-17,0.584603299340132,1667,1681
Batticaloa,2020-02-02,0.4948361791044777,1675,1681
Batticaloa,2020-02-18,0.49851806722689085,1666,1681
Batticaloa,2020-03-05,0.498950743604997,1681,1681
Batticaloa,2020-03-21,0.4446380725758477,1681,1681
Batticaloa,2020-04-06,0.4678456716417911,1675,1681
Batticaloa,2020-04-22,0.46027146268656716,1675,1681
Batticaloa,2020-05-08,0.5197038072575848,1681,1681
Batticaloa,2020-05-24,0.5455952835820895,1675,1681
Batticaloa,2020-06-09,0.5037146936347413,1681,1681
Batticaloa,2020-06-25,0.5117603571428572,1680,1681
Batticaloa,2020-07-11,0.5806770343580471,1659,1681
Batticaloa,2020-07-27,0.6059049969897652,1661,1681
Batticaloa,2020-08-12,0.5328131469363474,1681,1681
Batticaloa,2020-08-28,0.4930125520523498,1681,1681
Batticaloa,2020-09-13,0.52127421875,1664,1681
Batticaloa,2020-09-29,0.47410998803827753,1672,1681
Batticaloa,2020-10-15,0.4823616586538462,1664,1681
Batticaloa,2020-10-31,0.5241511600237954,1681,1681
Batticaloa,2020-11-16,0.6989352409638555,1660,1681
Batticaloa,2020-12-02,0.7101892920880428,1681,1681
Batticaloa,2020-12-18,0.584346328358209,1675,1681
Batticaloa,2021-01-01,0.5535917519566527,1661,1681
Batticaloa,2021-01-17,0.7015225628448806,1631,1681
Batticaloa,2021-02-02,0.4101788690476191,1680,1681
Batticaloa,2021-02-18,0.5506765409934171,1671,1681
Batticaloa,2021-03-06,0.4605757738095238,1680,1681
Batticaloa,2021-03-22,0.5271894110648424,1681,1681
Batticaloa,2021-04-07,0.5854368233194528,1681,1681
Batticaloa,2021-04-23,0.5812016061867936,1681,1681
Batticaloa,2021-05-09,0.5912206424747175,1681,1681
Batticaloa,2021-05-25,0.6230109188544153,1676,1681
Batticaloa,2021-06-10,0.610283759666865,1681,1681
Batticaloa,2021-06-26,0.5621782634730539,1670,1681
Batticaloa,2021-07-12,0.5951061594202899,1656,1681
Batticaloa,2021-07-28,0.5640986202759448,1667,1681
Batticaloa,2021-08-13,0.550601487209994,1681,1681
Batticaloa,2021-08-29,0.5351470202622169,1678,1681
Batticaloa,2021-09-14,0.5111049190161968,1667,1681
Batticaloa,2021-09-30,0.5202583582983823,1669,1681
Batticaloa,2021-10-16,0.4719963073257892,1679,1681
Batticaloa,2021-11-01,0.5449362874251497,1670,1681
Batticaloa,2021-11-17,0.663789661426844,1654,1681
Batticaloa,2021-12-03,0.7036155968806239,1667,1681
Batticaloa,2021-12-19,0.6313172824791419,1678,1681
Batticaloa,2022-01-01,0.6482860759493672,1659,1681
Batticaloa,2022-01-17,0.6850313620071685,1674,1681
Batticaloa,2022-02-02,0.6145240166865316,1678,1681
Batticaloa,2022-02-18,0.5456092207019632,1681,1681
Batticaloa,2022-03-06,0.6287230814991077,1681,1681
Batticaloa,2022-03-22,0.5782323022010708,1681,1681
Batticaloa,2022-04-07,0.5828650178784267,1678,1681
Batticaloa,2022-04-23,0.6251959808038392,1667,1681
Batticaloa,2022-05-09,0.5841425074626866,1675,1681
Batticaloa,2022-05-25,0.562397263533611,1681,1681
Batticaloa,2022-06-10,0.5449993456276027,1681,1681
Batticaloa,2022-06-26,0.4898130279595479,1681,1681
Batticaloa,2022-07-12,0.4594878643664485,1681,1681
Batticaloa,2022-07-28,0.4601939140811456,1676,1681
Batticaloa,2022-08-13,0.4428059488399762,1681,1681
Batticaloa,2022-08-29,0.5705114268440145,1654,1681
Batticaloa,2022-09-14,0.5890068113321277,1659,1681
Batticaloa,2022-09-30,0.5299260559190958,1681,1681
Batticaloa,2022-10-16,0.5538454761904762,1680,1681
Batticaloa,2022-11-01,0.5350387864366448,1681,1681
Batticaloa,2022-11-17,0.6815561340514663,1671,1681
Batticaloa,2022-12-03,0.2733440809042237,1681,1681
Batticaloa,2022-12-19,0.6407218844984803,1645,1681
Batticaloa,2023-01-01,0.7301314626865673,1675,1681
Batticaloa,2023-01-17,0.5395880810488677,1678,1681
Batticaloa,2023-02-02,0.5417126710291493,1681,1681
Batticaloa,2023-02-18,0.588410647307925,1653,1681
Batticaloa,2023-03-06,0.48958596073765615,1681,1681
Batticaloa,2023-03-22,0.5725498512790007,1681,1681
Batticaloa,2023-04-07,0.5525161213563355,1681,1681
Batticaloa,2023-04-23,0.5756314098750744,1681,1681
Batticaloa,2023-05-09,0.6328045211183819,1681,1681
Batticaloa,2023-05-25,0.5775761451516954,1681,1681
Batticaloa,2023-06-10,0.5706558001189769,1681,1681
Batticaloa,2023-06-26,0.5545088637715646,1681,1681
Batticaloa,2023-07-12,0.5111823319452706,1681,1681
Batticaloa,2023-07-28,0.4296400595238095,1680,1681
Batticaloa,2023-08-13,0.42878979104477616,1675,1681
Batticaloa,2023-08-29,0.40597968843618937,1669,1681
Batticaloa,2023-09-14,0.43489275014979034,1669,1681
Batticaloa,2023-09-30,0.4813443236714976,1656,1681
Batticaloa,2023-10-16,0.5465554761904762,1680,1681
Batticaloa,2023-11-01,0.5549588164973102,1673,1681
Batticaloa,2023-11-17,0.7076663647342996,1656,1681
Batticaloa,2023-12-03,0.7560814328358209,1675,1681
Batticaloa,2023-12-19,0.6267163973668463,1671,1681
Batticaloa,2024-01-01,0.6594385039852851,1631,1681
Batticaloa,2024-01-17,0.5967875521143539,1679,1681
Batticaloa,2024-02-02,0.5096760699216396,1659,1681
Batticaloa,2024-02-18,0.4106881547619048,1680,1681
Batticaloa,2024-03-05,0.540947020262217,1678,1681
Batticaloa,2024-03-21,0.5408941354292625,1654,1681
Colombo,2012-09-13,0.606558536585366,1681,1681
Colombo,2012-09-29,0.6610904223676384,1681,1681
Colombo,2012-10-15,0.6657455681142177,1681,1681
Colombo,2012-10-31,0.6506558001189768,1681,1681
Colombo,2012-11-16,0.6749966091612136,1681,1681
Colombo,2012-12-02,0.7049766805472933,1681,1681
Colombo,2012-12-18,0.7336040452111838,1681,1681
Colombo,2013-01-01,0.7377525282569899,1681,1681
Colombo,2013-01-17,0.6990499107674004,1681,1681
Colombo,2013-02-02,0.6544859607376562,1681,1681
Colombo,2013-02-18,0.6452325996430697,1681,1681
Colombo,2013-03-06,0.6794856632956574,1681,1681
Colombo,2013-03-22,0.6993728732897085,1681,1681
Colombo,2013-04-07,0.6260663295657347,1681,1681
Colombo,2013-04-23,0.49029446757882217,1681,1681
Colombo,2013-05-09,0.5413468173706127,1681,1681
Colombo,2013-05-25,0.5247753123140988,1681,1681
Colombo,2013-06-10,0.39228346222486615,1681,1681
Colombo,2013-06-26,0.513076502082094,1681,1681
Colombo,2013-07-12,0.4816683521713266,1681,1681
Colombo,2013-07-28,0.46285603807257586,1681,1681
Colombo,2013-08-13,0.5227483640690066,1681,1681
Colombo,2013-08-29,0.6321051160023795,1681,1681
Colombo,2013-09-14,0.579050267697799,1681,1681
Colombo,2013-09-30,0.6018036882807853,1681,1681
Colombo,2013-10-16,0.5260736466389054,1681,1681
Colombo,2013-11-01,0.6996751338488995,1681,1681
Colombo,2013-11-17,0.680039262343843,1681,1681
Colombo,2013-12-03,0.6909610350981559,1681,1681
Colombo,2013-12-19,0.6875991671624033,1681,1681
Colombo,2014-01-01,0.6781425342058299,1681,1681
Colombo,2014-01-17,0.6813205829863177,1681,1681
Colombo,2014-02-02,0.6319405116002379,1681,1681
Colombo,2014-02-18,0.6129391433670435,1681,1681
Colombo,2014-03-06,0.6024184414039263,1681,1681
Colombo,2014-03-22,0.6106240333135039,1681,1681
Colombo,2014-04-07,0.6672880428316479,1681,1681
Colombo,2014-04-23,0.6841344437834622,1681,1681
Colombo,2014-05-09,0.5284498512790007,1681,1681
Colombo,2014-05-25,0.5737048780487806,1681,1681
Colombo,2014-06-10,0.4270474122546104,1681,1681
Colombo,2014-06-26,0.422475252825699,1681,1681
Colombo,2014-07-12,0.5655403331350387,1681,1681
Colombo,2014-07-28,0.48706377156454495,1681,1681
Colombo,2014-08-13,0.5714782867340868,1681,1681
Colombo,2014-08-29,0.505609756097561,1681,1681
Colombo,2014-09-14,0.6515257584770969,1681,1681
Colombo,2014-09-30,0.5399550267697799,1681,1681
Colombo,2014-10-16,0.6405345627602618,1681,1681
Colombo,2014-11-01,0.6706079119571684,1681,1681
Colombo,2014-11-17,0.6756988697204045,1681,1681
Colombo,2014-12-03,0.6990723973825104,1681,1681
Colombo,2014-12-19,0.7215496728138013,1681,1681
Colombo,2015-01-01,0.7020324806662701,1681,1681
Colombo,2015-01-17,0.6702533016061868,1681,1681
Colombo,2015-02-02,0.6569649613325401,1681,1681
Colombo,2015-02-18,0.6346936942296252,1681,1681
Colombo,2015-03-06,0.6408696014277216,1681,1681
Colombo,2015-03-22,0.622460261748959,1681,1681
Colombo,2015-04-07,0.6733431290898275,1681,1681
Colombo,2015-04-23,0.612724747174301,1681,1681
Colombo,2015-05-09,0.7025196311719215,1681,1681
Colombo,2015-05-25,0.5985647828673409,1681,1681
Colombo,2015-06-10,0.6003234979179061,1681,1681
Colombo,2015-06-26,0.6576322427126711,1681,1681
Colombo,2015-07-12,0.4109725758477097,1681,1681
Colombo,2015-07-28,0.5942531231409874,1681,1681
Colombo,2015-08-13,0.6449716835217133,1681,1681
Colombo,2015-08-29,0.613931766805473,1681,1681
Colombo,2015-09-14,0.6517212968471149,1681,1681
Colombo,2015-09-30,0.6711741820345033,1681,1681
Colombo,2015-10-16,0.6091438429506246,1681,1681
Colombo,2015-11-01,0.53700249851279,1681,1681
Colombo,2015-11-17,0.6990287923854849,1681,1681
Colombo,2015-12-03,0.7200925639500299,1681,1681
Colombo,2015-12-19,0.7255340868530638,1681,1681
Colombo,2016-01-01,0.7149160618679358,1681,1681
Colombo,2016-01-17,0.6656800713860798,1681,1681
Colombo,2016-02-02,0.6417847709696609,1681,1681
Colombo,2016-02-18,0.6695142772159429,1681,1681
Colombo,2016-03-05,0.5931886377156455,1681,1681
Colombo,2016-03-21,0.6150648423557407,1681,1681
Colombo,2016-04-06,0.6409850089232599,1681,1681
Colombo,2016-04-22,0.698517013682332,1681,1681
Colombo,2016-05-08,0.4136681142177276,1681,1681
Colombo,2016-05-24,0.5856083283759668,1681,1681
Colombo,2016-06-09,0.5790692444973231,1681,1681
Colombo,2016-06-25,0.6214256395002975,1681,1681
Colombo,2016-07-11,0.5299657941701369,1681,1681
Colombo,2016-07-27,0.6030148720999405,1681,1681
Colombo,2016-08-12,0.4231515764425937,1681,1681
Colombo,2016-08-28,0.4692869720404521,1681,1681
Colombo,2016-09-13,0.397061748958953,1681,1681
Colombo,2016-09-29,0.5876698988697204,1681,1681
Colombo,2016-10-15,0.47043991671624036,1681,1681
Colombo,2016-10-31,0.5514140392623439,1681,1681
Colombo,2016-11-16,0.6637541939321833,1681,1681
Colombo,2016-12-02,0.6548113622843545,1681,1681
Colombo,2016-12-18,0.6667703152885188,1681,1681
Colombo,2017-01-01,0.6661287923854848,1681,1681
Colombo,2017-01-17,0.640092266508031,1681,1681
Colombo,2017-02-02,0.6603856632956574,1681,1681
Colombo,2017-02-18,0.6499291493158834,1681,1681
Colombo,2017-03-06,0.6335007138607972,1681,1681
Colombo,2017-03-22,0.6409048185603807,1681,1681
Colombo,2017-04-07,0.5100786436644854,1681,1681
Colombo,2017-04-23,0.5686003569303986,1681,1681
Colombo,2017-05-09,0.5177803688280785,1681,1681
Colombo,2017-05-25,0.4025841760856633,1681,1681
Colombo,2017-06-10,0.5884089827483641,1681,1681
Colombo,2017-06-26,0.648171505056514,1681,1681
Colombo,2017-07-12,0.5806913146936348,1681,1681
Colombo,2017-07-28,0.3882944675788222,1681,1681
Colombo,2017-08-13,0.5701749553837002,1681,1681
Colombo,2017-08-29,0.6612888756692445,1681,1681
Colombo,2017-09-14,0.5729425936942296,1681,1681
Colombo,2017-09-30,0.5170830458060679,1681,1681
Colombo,2017-10-16,0.6342020226055919,1681,1681
Colombo,2017-11-01,0.6684632956573469,1681,1681
Colombo,2017-11-17,0.5380396787626414,1681,1681
Colombo,2017-12-03,0.693328256989887,1681,1681
Colombo,2017-12-19,0.6962239143367044,1681,1681
Colombo,2018-01-01,0.657548007138608,1681,1681
Colombo,2018-01-17,0.6442803688280786,1681,1681
Colombo,2018-02-02,0.6390478286734088,1681,1681
Colombo,2018-02-18,0.6219484235574063,1681,1681
Colombo,2018-03-06,0.6216169541939323,1681,1681
Colombo,2018-03-22,0.6035589530041643,1681,1681
Colombo,2018-04-07,0.628378524687686,1681,1681
Colombo,2018-04-23,0.6310261748958953,1681,1681
Colombo,2018-05-09,0.4824471743010113,1681,1681
Colombo,2018-05-25,0.47263432480666273,1681,1681
Colombo,2018-06-10,0.44228126115407496,1681,1681
Colombo,2018-06-26,0.5890558596073766,1681,1681
Colombo,2018-07-12,0.5451753718024985,1681,1681
Colombo,2018-07-28,0.4741167162403332,1681,1681
Colombo,2018-08-13,0.5059636525877454,1681,1681
Colombo,2018-08-29,0.6010421177870316,1681,1681
Colombo,2018-09-14,0.5237516954193933,1681,1681
Colombo,2018-09-30,0.40888132064247473,1681,1681
Colombo,2018-10-16,0.5786869125520523,1681,1681
Colombo,2018-11-01,0.674117727543129,1681,1681
Colombo,2018-11-17,0.6878883997620464,1681,1681
Colombo,2018-12-03,0.6847575847709697,1681,1681
Colombo,2018-12-19,0.6791813801308745,1681,1681
Colombo,2019-01-01,0.67009250446163,1681,1681
Colombo,2019-01-17,0.6320992861392029,1681,1681
Colombo,2019-02-02,0.6211502082093991,1681,1681
Colombo,2019-02-18,0.6200807257584772,1681,1681
Colombo,2019-03-06,0.6179784057108864,1681,1681
Colombo,2019-03-22,0.6253549077929804,1681,1681
Colombo,2019-04-07,0.6219681737061273,1681,1681
Colombo,2019-04-23,0.6251503866745985,1681,1681
Colombo,2019-05-09,0.5792597263533611,1681,1681
Colombo,2019-05-25,0.5833223676383106,1681,1681
Colombo,2019-06-10,0.6002476502082095,1681,1681
Colombo,2019-06-26,0.605412380952381,1680,1681
Colombo,2019-07-12,0.44038572278405713,1681,1681
Colombo,2019-07-28,0.5892121356335516,1681,1681
Colombo,2019-08-13,0.5094114812611541,1681,1681
Colombo,2019-08-29,0.5610613920285545,1681,1681
Colombo,2019-09-14,0.40982135633551464,1681,1681
Colombo,2019-09-30,0.6502028554431886,1681,1681
Colombo,2019-10-16,0.658819274241523,1681,1681
Colombo,2019-11-01,0.6346732897085069,1681,1681
Colombo,2019-11-17,0.676761748958953,1681,1681
Colombo,2019-12-03,0.6886027364663891,1681,1681
Colombo,2019-12-19,0.7012728732897086,1681,1681
Colombo,2020-01-01,0.6830469958358121,1681,1681
Colombo,2020-01-17,0.6688390243902439,1681,1681
Colombo,2020-02-02,0.6248588935157645,1681,1681
Colombo,2020-02-18,0.6011471743010113,1681,1681
Colombo,2020-03-05,0.5639403926234384,1681,1681
Colombo,2020-03-21,0.6160334324806663,1681,1681
Colombo,2020-04-06,0.6435674003569304,1681,1681
Colombo,2020-04-22,0.5590345627602618,1681,1681
Colombo,2020-05-08,0.5583508030933969,1681,1681
Colombo,2020-05-24,0.6688901844140392,1681,1681
Colombo,2020-06-09,0.5888548483045807,1681,1681
Colombo,2020-06-25,0.7455791195716835,1681,1681
Colombo,2020-07-11,0.6248220701963118,1681,1681
Colombo,2020-07-27,0.5360629982153481,1681,1681
Colombo,2020-08-12,0.6373776918500892,1681,1681
Colombo,2020-08-28,0.5136873289708507,1681,1681
Colombo,2020-09-13,0.5067925044616299,1681,1681
Colombo,2020-09-29,0.45212248661511006,1681,1681
Colombo,2020-10-15,0.5581376561570494,1681,1681
Colombo,2020-10-31,0.6386088042831648,1681,1681
Colombo,2020-11-16,0.6072408685306365,1681,1681
Colombo,2020-12-02,0.7193151695419393,1681,1681
Colombo,2020-12-18,0.7417643069601428,1681,1681
Colombo,2021-01-01,0.7135782867340869,1681,1681
Colombo,2021-01-17,0.683019274241523,1681,1681
Colombo,2021-02-02,0.6290861392028555,1681,1681
Colombo,2021-02-18,0.6230418203450327,1681,1681
Colombo,2021-03-06,0.6148745389649019,1681,1681
Colombo,2021-03-22,0.6192959547888163,1681,1681
Colombo,2021-04-07,0.5609961332540154,1681,1681
Colombo,2021-04-23,0.6161224271267104,1681,1681
Colombo,2021-05-09,0.5645318262938727,1681,1681
Colombo,2021-05-25,0.5427373587150506,1681,1681
Colombo,2021-06-10,0.5859248661511006,1681,1681
Colombo,2021-06-26,0.5227977989292089,1681,1681
Colombo,2021-07-12,0.5851358120166568,1681,1681
Colombo,2021-07-28,0.5046451516954193,1681,1681
Colombo,2021-08-13,0.6665308149910768,1681,1681
Colombo,2021-08-29,0.5801570493753718,1681,1681
Colombo,2021-09-14,0.5108410469958358,1681,1681
Colombo,2021-09-30,0.5668684711481261,1681,1681
Colombo,2021-10-16,0.6560010707911957,1681,1681
Colombo,2021-11-01,0.56257751338489,1681,1681
Colombo,2021-11-17,0.6849817965496728,1681,1681
Colombo,2021-12-03,0.6909493753718026,1681,1681
Colombo,2021-12-19,0.6805965496728138,1681,1681
Colombo,2022-01-01,0.696213503866746,1681,1681
Colombo,2022-01-17,0.6642892325996431,1681,1681
Colombo,2022-02-02,0.6332914336704343,1681,1681
Colombo,2022-02-18,0.6389775728732897,1681,1681
Colombo,2022-03-06,0.6433433670434265,1681,1681
Colombo,2022-03-22,0.6128388459250447,1681,1681
Colombo,2022-04-07,0.5961866151100536,1681,1681
Colombo,2022-04-23,0.5601453301606187,1681,1681
Colombo,2022-05-09,0.5584723973825104,1681,1681
Colombo,2022-05-25,0.4311744794765021,1681,1681
Colombo,2022-06-10,0.5461520523497918,1681,1681
Colombo,2022-06-26,0.6548186198691256,1681,1681
Colombo,2022-07-12,0.5524928613920286,1681,1681
Colombo,2022-07-28,0.5361087447947651,1681,1681
Colombo,2022-08-13,0.50603497917906,1681,1681
Colombo,2022-08-29,0.540676502082094,1681,1681
Colombo,2022-09-14,0.5962245092207019,1681,1681
Colombo,2022-09-30,0.49415508625817967,1681,1681
Colombo,2022-10-16,0.6831311124330756,1681,1681
Colombo,2022-11-01,0.6158196906603213,1681,1681
Colombo,2022-11-17,0.6579298036882808,1681,1681
Colombo,2022-12-03,0.6523224271267104,1681,1681
Colombo,2022-12-19,0.6698352171326591,1681,1681
Colombo,2023-01-01,0.6910033908387865,1681,1681
Colombo,2023-01-17,0.6727666270077335,1681,1681
Colombo,2023-02-02,0.6521835217132659,1681,1681
Colombo,2023-02-18,0.6440672813801309,1681,1681
Colombo,2023-03-06,0.6684740630577037,1681,1681
Colombo,2023-03-22,0.6550175490779299,1681,1681
Colombo,2023-04-07,0.6183666864961334,1681,1681
Colombo,2023-04-23,0.3982723973825104,1681,1681
Colombo,2023-05-09,0.5353648423557407,1681,1681
Colombo,2023-05-25,0.5746746579417014,1681,1681
Colombo,2023-06-10,0.6358105294467579,1681,1681
Colombo,2023-06-26,0.5432940511600238,1681,1681
Colombo,2023-07-12,0.5728074955383701,1681,1681
Colombo,2023-07-28,0.5104337299226651,1681,1681
Colombo,2023-08-13,0.6122744199881024,1681,1681
Colombo,2023-08-29,0.5467023795359904,1681,1681
Colombo,2023-09-14,0.5462503271861987,1681,1681
Colombo,2023-09-30,0.5733852468768591,1681,1681
Colombo,2023-10-16,0.6848773349196907,1681,1681
Colombo,2023-11-01,0.7132531826293873,1681,1681
Colombo,2023-11-17,0.6764301606186794,1681,1681
Colombo,2023-12-03,0.6440878048780488,1681,1681
Colombo,2023-12-19,0.7012170731707317,1681,1681
Colombo,2024-01-01,0.7222165972635337,1681,1681
Colombo,2024-01-17,0.6815659131469364,1681,1681
Colombo,2024-02-02,0.6707337894110649,1681,1681
Colombo,2024-02-18,0.6511698393813207,1681,1681
Colombo,2024-03-05,0.619682748364069,1681,1681
Colombo,2024-03-21,0.6372042831647828,1681,1681
Galle,2012-09-13,0.5566107079119572,1681,1681
Galle,2012-09-29,0.7191408333333335,1680,1681
Galle,2012-10-15,0.7111659131469363,1681,1681
Galle,2012-10-31,0.7726151695419393,1681,1681
Galle,2012-11-16,0.7986048780487806,1681,1681
Galle,2012-12-02,0.7614878643664486,1681,1681
Galle,2012-12-18,0.7904814396192743,1681,1681
Galle,2013-01-01,0.6073409280190363,1681,1681
Galle,2013-01-17,0.8223973825104106,1681,1681
Galle,2013-02-02,0.7035794170136824,1681,1681
Galle,2013-02-18,0.7843643069601428,1681,1681
Galle,2013-03-06,0.7492244497323023,1681,1681
Galle,2013-03-22,0.7032360499702558,1681,1681
Galle,2013-04-07,0.7608085663295658,1681,1681
Galle,2013-04-23,0.7652883997620464,1681,1681
Galle,2013-05-09,0.6118897085068412,1681,1681
Galle,2013-05-25,0.5609346817370613,1681,1681
Galle,2013-06-10,0.5500936347412255,1681,1681
Galle,2013-06-26,0.6884042236763831,1681,1681
Galle,2013-07-12,0.5026829268292683,1681,1681
Galle,2013-07-28,0.5882166567519334,1681,1681
Galle,2013-08-13,0.6185023795359905,1681,1681
Galle,2013-08-29,0.660927245687091,1681,1681
Galle,2013-09-14,0.6195076190476191,1680,1681
Galle,2013-09-30,0.7742933372992267,1681,1681
Galle,2013-10-16,0.6752254015466984,1681,1681
Galle,2013-11-01,0.7638745984533016,1681,1681
Galle,2013-11-17,0.7670847114812612,1681,1681
Galle,2013-12-03,0.6914022010707912,1681,1681
Galle,2013-12-19,0.8187119571683522,1681,1681
Galle,2014-01-01,0.8203384295062462,1681,1681
Galle,2014-01-17,0.7925368233194527,1681,1681
Galle,2014-02-02,0.8013906603212374,1681,1681
Galle,2014-02-18,0.7464678762641286,1681,1681
Galle,2014-03-06,0.749103271861987,1681,1681
Galle,2014-03-22,0.7957237953599049,1681,1681
Galle,2014-04-07,0.7102760856632957,1681,1681
Galle,2014-04-23,0.6683617261904762,1680,1681
Galle,2014-05-09,0.6828784651992862,1681,1681
Galle,2014-05-25,0.670961748958953,1681,1681
Galle,2014-06-10,0.6762881023200477,1681,1681
Galle,2014-06-26,0.5884977989292088,1681,1681
Galle,2014-07-12,0.5907588935157645,1681,1681
Galle,2014-07-28,0.5890787031528852,1681,1681
Galle,2014-08-13,0.698082748364069,1681,1681
Galle,2014-08-29,0.6445565734681737,1681,1681
Galle,2014-09-14,0.6230698988697204,1681,1681
Galle,2014-09-30,0.6657546698393814,1681,1681
Galle,2014-10-16,0.718125520523498,1681,1681
Galle,2014-11-01,0.7736775728732898,1681,1681
Galle,2014-11-17,0.7335330952380953,1680,1681
Galle,2014-12-03,0.7885306365258775,1681,1681
Galle,2014-12-19,0.8121045806067817,1681,1681
Galle,2015-01-01,0.8115533610945866,1681,1681
Galle,2015-01-17,0.7979926829268293,1681,1681
Galle,2015-02-02,0.7322518143961928,1681,1681
Galle,2015-02-18,0.7686137418203451,1681,1681
Galle,2015-03-06,0.7893055919095777,1681,1681
Galle,2015-03-22,0.7688132064247473,1681,1681
Galle,2015-04-07,0.7904462819750149,1681,1681
Galle,2015-04-23,0.641149494348602,1681,1681
Galle,2015-05-09,0.7255188690476191,1680,1681
Galle,2015-05-25,0.7031713860797145,1681,1681
Galle,2015-06-10,0.6753386674598454,1681,1681
Galle,2015-06-26,0.7250978584176087,1681,1681
Galle,2015-07-12,0.4754524092801904,1681,1681
Galle,2015-07-28,0.7064276026174897,1681,1681
Galle,2015-08-13,0.6141192742415229,1681,1681
Galle,2015-08-29,0.7509168947055325,1681,1681
Galle,2015-09-14,0.6704406900654373,1681,1681
Galle,2015-09-30,0.739893753718025,1681,1681
Galle,2015-10-16,0.6719541344437835,1681,1681
Galle,2015-11-01,0.7484369422962522,1681,1681
Galle,2015-11-17,0.8005027364663891,1681,1681
Galle,2015-12-03,0.8217406900654373,1681,1681
Galle,2015-12-19,0.8285161213563356,1681,1681
Galle,2016-01-01,0.8210448542534207,1681,1681
Galle,2016-01-17,0.785384473527662,1681,1681
Galle,2016-02-02,0.8048179060083284,1681,1681
Galle,2016-02-18,0.8284538370017847,1681,1681
Galle,2016-03-05,0.7962189767995241,1681,1681
Galle,2016-03-21,0.7841934562760262,1681,1681
Galle,2016-04-06,0.821173765615705,1681,1681
Galle,2016-04-22,0.790025520523498,1681,1681
Galle,2016-05-08,0.7105920880428317,1681,1681
Galle,2016-05-24,0.7042067221891731,1681,1681
Galle,2016-06-09,0.5983098155859607,1681,1681
Galle,2016-06-25,0.7042753123140988,1681,1681
Galle,2016-07-11,0.6807022605591909,1681,1681
Galle,2016-07-27,0.6357525282569899,1681,1681
Galle,2016-08-12,0.5169071386079714,1681,1681
Galle,2016-08-28,0.5110204045211184,1681,1681
Galle,2016-09-13,0.5748127305175491,1681,1681
Galle,2016-09-29,0.7270683521713266,1681,1681
Galle,2016-10-15,0.7286950624628198,1681,1681
Galle,2016-10-31,0.7678696014277216,1681,1681
Galle,2016-11-16,0.649993753718025,1681,1681
Galle,2016-12-02,0.8009834027364664,1681,1681
Galle,2016-12-18,0.8285922665080309,1681,1681
Galle,2017-01-01,0.826122784057109,1681,1681
Galle,2017-01-17,0.815755978584176,1681,1681
Galle,2017-02-02,0.8110776918500893,1681,1681
Galle,2017-02-18,0.7514584176085664,1681,1681
Galle,2017-03-06,0.7627792980368829,1681,1681
Galle,2017-03-22,0.7997816180844736,1681,1681
Galle,2017-04-07,0.6980182034503273,1681,1681
Galle,2017-04-23,0.8186944675788221,1681,1681
Galle,2017-05-09,0.6363064285714286,1680,1681
Galle,2017-05-25,0.5908102320047591,1681,1681
Galle,2017-06-10,0.6230553571428572,1680,1681
Galle,2017-06-26,0.720097025580012,1681,1681
Galle,2017-07-12,0.6182434265318263,1681,1681
Galle,2017-07-28,0.5760480666270078,1681,1681
Galle,2017-08-13,0.6406929208804283,1681,1681
Galle,2017-08-29,0.6919661511005354,1681,1681
Galle,2017-09-14,0.740966508030934,1681,1681
Galle,2017-09-30,0.6940453301606188,1681,1681
Galle,2017-10-16,0.6321563355145747,1681,1681
Galle,2017-11-01,0.6987955383700178,1681,1681
Galle,2017-11-17,0.587154253420583,1681,1681
Galle,2017-12-03,0.8083263533610946,1681,1681
Galle,2017-12-19,0.8294138607971445,1681,1681
Galle,2018-01-01,0.8242535990481856,1681,1681
Galle,2018-01-17,0.7989070791195717,1681,1681
Galle,2018-02-02,0.787774003569304,1681,1681
Galle,2018-02-18,0.7684613325401547,1681,1681
Galle,2018-03-06,0.8138030933967877,1681,1681
Galle,2018-03-22,0.7949088637715647,1681,1681
Galle,2018-04-07,0.8000860797144558,1681,1681
Galle,2018-04-23,0.5378569303985723,1681,1681
Galle,2018-05-09,0.5858954788816181,1681,1681
Galle,2018-05-25,0.6814569898869721,1681,1681
Galle,2018-06-10,0.5007495538370018,1681,1681
Galle,2018-06-26,0.7285356930398572,1681,1681
Galle,2018-07-12,0.7148174301011303,1681,1681
Galle,2018-07-28,0.6262632361689471,1681,1681
Galle,2018-08-13,0.4361917906008329,1681,1681
Galle,2018-08-29,0.7778141582391435,1681,1681
Galle,2018-09-14,0.7295567519333731,1681,1681
Galle,2018-09-30,0.6804018441403926,1681,1681
Galle,2018-10-16,0.7552666270077335,1681,1681
Galle,2018-11-01,0.814911005353956,1681,1681
Galle,2018-11-17,0.7609909577632362,1681,1681
Galle,2018-12-03,0.8101179060083284,1681,1681
Galle,2018-12-19,0.81897751338489,1681,1681
Galle,2019-01-01,0.8067991671624034,1681,1681
Galle,2019-01-17,0.7859180844735277,1681,1681
Galle,2019-02-02,0.8019179060083285,1681,1681
Galle,2019-02-18,0.7795620464009518,1681,1681
Galle,2019-03-06,0.7935163593099346,1681,1681
Galle,2019-03-22,0.7976281380130875,1681,1681
Galle,2019-04-07,0.7355897497020263,1678,1681
Galle,2019-04-23,0.8093970255800119,1681,1681
Galle,2019-05-09,0.7374973230220108,1681,1681
Galle,2019-05-25,0.7191578822129685,1681,1681
Galle,2019-06-10,0.517527007733492,1681,1681
Galle,2019-06-26,0.6673190362879239,1681,1681
Galle,2019-07-12,0.5974162998215349,1681,1681
Galle,2019-07-28,0.6602161808447353,1681,1681
Galle,2019-08-13,0.41028245092207016,1681,1681
Galle,2019-08-29,0.7366453301606187,1681,1681
Galle,2019-09-14,0.7636573468173706,1681,1681
Galle,2019-09-30,0.8413821534800715,1681,1681
Galle,2019-10-16,0.49461719214753125,1681,1681
Galle,2019-11-01,0.7941478286734087,1681,1681
Galle,2019-11-17,0.7881255800118977,1681,1681
Galle,2019-12-03,0.8182376561570494,1681,1681
Galle,2019-12-19,0.8223608566329565,1681,1681
Galle,2020-01-01,0.8296502082093992,1681,1681
Galle,2020-01-17,0.7994660321237359,1681,1681
Galle,2020-02-02,0.8063725163593101,1681,1681
Galle,2020-02-18,0.8142936347412255,1681,1681
Galle,2020-03-05,0.7785265913146937,1681,1681
Galle,2020-03-21,0.772350267697799,1681,1681
Galle,2020-04-06,0.7905145746579417,1681,1681
Galle,2020-04-22,0.6665435455086258,1681,1681
Galle,2020-05-08,0.7760013087447948,1681,1681
Galle,2020-05-24,0.7833362879238549,1681,1681
Galle,2020-06-09,0.819443010113028,1681,1681
Galle,2020-06-25,0.6862889351576443,1681,1681
Galle,2020-07-11,0.5435035693039858,1681,1681
Galle,2020-07-27,0.3987447352766211,1681,1681
Galle,2020-08-12,0.742682748364069,1681,1681
Galle,2020-08-28,0.4876687091017252,1681,1681
Galle,2020-09-13,0.5127595238095238,1680,1681
Galle,2020-09-29,0.7016274241522904,1681,1681
Galle,2020-10-15,0.5831739440809043,1681,1681
Galle,2020-10-31,0.692449494348602,1681,1681
Galle,2020-11-16,0.7685787031528852,1681,1681
Galle,2020-12-02,0.8151691850089233,1681,1681
Galle,2020-12-18,0.7998655562165379,1681,1681
Galle,2021-01-01,0.5878710886377156,1681,1681
Galle,2021-01-17,0.8480723378941106,1681,1681
Galle,2021-02-02,0.8417861986912553,1681,1681
Galle,2021-02-18,0.7789703152885188,1681,1681
Galle,2021-03-06,0.781749018441404,1681,1681
Galle,2021-03-22,0.7822042831647829,1681,1681
Galle,2021-04-07,0.7805506246281976,1681,1681
Galle,2021-04-23,0.7800071980963712,1681,1681
Galle,2021-05-09,0.655646281975015,1681,1681
Galle,2021-05-25,0.5189121356335515,1681,1681
Galle,2021-06-10,0.7250314472900536,1679,1681
Galle,2021-06-26,0.6572665675193338,1681,1681
Galle,2021-07-12,0.6229116002379537,1681,1681
Galle,2021-07-28,0.6190691255205236,1681,1681
Galle,2021-08-13,0.7159296847114813,1681,1681
Galle,2021-08-29,0.656780249851279,1681,1681
Galle,2021-09-14,0.6980098155859608,1681,1681
Galle,2021-09-30,0.6407938132064248,1681,1681
Galle,2021-10-16,0.6937029744199882,1681,1681
Galle,2021-11-01,0.7630657941701369,1681,1681
Galle,2021-11-17,0.8418381320642475,1681,1681
Galle,2021-12-03,0.8096532421177871,1681,1681
Galle,2021-12-19,0.8104809637120761,1681,1681
Galle,2022-01-01,0.7865608566329566,1681,1681
Galle,2022-01-17,0.7988265913146937,1681,1681
Galle,2022-02-02,0.795222248661511,1681,1681
Galle,2022-02-18,0.793982748364069,1681,1681
Galle,2022-03-06,0.6339975609756098,1681,1681
Galle,2022-03-22,0.7293742415229031,1681,1681
Galle,2022-04-07,0.7816531826293873,1681,1681
Galle,2022-04-23,0.644291017251636,1681,1681
Galle,2022-05-09,0.5283170731707317,1681,1681
Galle,2022-05-25,0.661110767400357,1681,1681
Galle,2022-06-10,0.6673462819750149,1681,1681
Galle,2022-06-26,0.6975298631766806,1681,1681
Galle,2022-07-12,0.615572721858249,1679,1681
Galle,2022-07-28,0.6131676383105296,1681,1681
Galle,2022-08-13,0.5960211778703153,1681,1681
Galle,2022-08-29,0.5387224271267104,1681,1681
Galle,2022-09-14,0.7141323022010708,1681,1681
Galle,2022-09-30,0.6057255205234979,1681,1681
Galle,2022-10-16,0.8210296185935638,1678,1681
Galle,2022-11-01,0.5818618084473528,1681,1681
Galle,2022-11-17,0.7482965496728138,1681,1681
Galle,2022-12-03,0.74247001784652,1681,1681
Galle,2022-12-19,0.8082111243307556,1681,1681
Galle,2023-01-01,0.7997772159428912,1681,1681
Galle,2023-01-17,0.7885462224866151,1681,1681
Galle,2023-02-02,0.8225189767995242,1681,1681
Galle,2023-02-18,0.774692742415229,1681,1681
Galle,2023-03-06,0.8159511005353957,1681,1681
Galle,2023-03-22,0.7751433670434266,1681,1681
Galle,2023-04-07,0.8234063652587745,1681,1681
Galle,2023-04-23,0.6704121951219513,1681,1681
Galle,2023-05-09,0.6217019631171922,1681,1681
Galle,2023-05-25,0.6944230220107079,1681,1681
Galle,2023-06-10,0.6424180844735278,1681,1681
Galle,2023-06-26,0.6446591909577633,1681,1681
Galle,2023-07-12,0.6320034503271863,1681,1681
Galle,2023-07-28,0.625811481261154,1681,1681
Galle,2023-08-13,0.7502054134443784,1681,1681
Galle,2023-08-29,0.6079624033313504,1681,1681
Galle,2023-09-14,0.6402281975014872,1681,1681
Galle,2023-09-30,0.5867184414039263,1681,1681
Galle,2023-10-16,0.8188294467578823,1681,1681
Galle,2023-11-01,0.7871804878048781,1681,1681
Galle,2023-11-17,0.7631970850684117,1681,1681
Galle,2023-12-03,0.7996788816180845,1681,1681
Galle,2023-12-19,0.818765258774539,1681,1681
Galle,2024-01-01,0.8363934562760262,1681,1681
Galle,2024-01-17,0.8275290898274836,1681,1681
Galle,2024-02-02,0.7964750743604998,1681,1681
Galle,2024-02-18,0.8147196906603212,1681,1681
Galle,2024-03-05,0.7768032718619869,1681,1681
Galle,2024-03-21,0.7859988697204046,1681,1681
Gampaha,2012-09-13,0.6270713860797145,1681,1681
Gampaha,2012-09-29,0.6936916716240333,1681,1681
Gampaha,2012-10-15,0.6021012492563951,1681,1681
Gampaha,2012-10-31,0.6742869125520523,1681,1681
Gampaha,2012-11-16,0.7527294467578822,1681,1681
Gampaha,2012-12-02,0.7711872099940512,1681,1681
Gampaha,2012-12-18,0.797981261154075,1681,1681
Gampaha,2013-01-01,0.7932101130279595,1681,1681
Gampaha,2013-01-17,0.7504639500297443,1681,1681
Gampaha,2013-02-02,0.6833750743604997,1681,1681
Gampaha,2013-02-18,0.6799430696014278,1681,1681
Gampaha,2013-03-06,0.6929907792980369,1681,1681
Gampaha,2013-03-22,0.7283601427721594,1681,1681
Gampaha,2013-04-07,0.5990649791542586,1679,1681
Gampaha,2013-04-23,0.5213404521118382,1681,1681
Gampaha,2013-05-09,0.6433607971445569,1681,1681
Gampaha,2013-05-25,0.38793480071386083,1681,1681
Gampaha,2013-06-10,0.4414208804283165,1681,1681
Gampaha,2013-06-26,0.5020354550862582,1681,1681
Gampaha,2013-07-12,0.724620999405116,1681,1681
Gampaha,2013-07-28,0.5223275431290898,1681,1681
Gampaha,2013-08-13,0.5391790600832838,1681,1681
Gampaha,2013-08-29,0.6837926829268293,1681,1681
Gampaha,2013-09-14,0.6277143367043426,1681,1681
Gampaha,2013-09-30,0.5966908387864367,1681,1681
Gampaha,2013-10-16,0.5834373587150506,1681,1681
Gampaha,2013-11-01,0.7201325401546699,1681,1681
Gampaha,2013-11-17,0.7662566924449733,1681,1681
Gampaha,2013-12-03,0.7763772754312909,1681,1681
Gampaha,2013-12-19,0.7659444378346223,1681,1681
Gampaha,2014-01-01,0.7676129684711481,1681,1681
Gampaha,2014-01-17,0.7081121951219512,1681,1681
Gampaha,2014-02-02,0.6584633551457466,1681,1681
Gampaha,2014-02-18,0.6411546698393813,1681,1681
Gampaha,2014-03-06,0.6131945270672219,1681,1681
Gampaha,2014-03-22,0.6682411064842356,1681,1681
Gampaha,2014-04-07,0.7219535990481857,1681,1681
Gampaha,2014-04-23,0.7102612730517549,1681,1681
Gampaha,2014-05-09,0.6557496728138014,1681,1681
Gampaha,2014-05-25,0.5768164782867341,1681,1681
Gampaha,2014-06-10,0.5808434860202262,1681,1681
Gampaha,2014-06-26,0.6435281975014873,1681,1681
Gampaha,2014-07-12,0.6755920880428317,1681,1681
Gampaha,2014-07-28,0.4924574657941701,1681,1681
Gampaha,2014-08-13,0.5795237358715051,1681,1681
Gampaha,2014-08-29,0.6188881618084474,1681,1681
Gampaha,2014-09-14,0.6621207019631172,1681,1681
Gampaha,2014-09-30,0.6118876859012493,1681,1681
Gampaha,2014-10-16,0.7003781677572873,1681,1681
Gampaha,2014-11-01,0.7235290898274838,1681,1681
Gampaha,2014-11-17,0.6028138013087448,1681,1681
Gampaha,2014-12-03,0.7241302795954789,1681,1681
Gampaha,2014-12-19,0.8089450922070197,1681,1681
Gampaha,2015-01-01,0.7713977989292088,1681,1681
Gampaha,2015-01-17,0.731575252825699,1681,1681
Gampaha,2015-02-02,0.6909569898869721,1681,1681
Gampaha,2015-02-18,0.6773806067816777,1681,1681
Gampaha,2015-03-06,0.6858772754312908,1681,1681
Gampaha,2015-03-22,0.6968549077929804,1681,1681
Gampaha,2015-04-07,0.726220761451517,1681,1681
Gampaha,2015-04-23,0.6890353955978584,1681,1681
Gampaha,2015-05-09,0.6514126115407496,1681,1681
Gampaha,2015-05-25,0.7329938726948245,1681,1681
Gampaha,2015-06-10,0.7387851873884592,1681,1681
Gampaha,2015-06-26,0.7199053539559787,1681,1681
Gampaha,2015-07-12,0.499493753718025,1681,1681
Gampaha,2015-07-28,0.6324713860797145,1681,1681
Gampaha,2015-08-13,0.6443424152290304,1681,1681
Gampaha,2015-08-29,0.701712254610351,1681,1681
Gampaha,2015-09-14,0.6080785246876859,1681,1681
Gampaha,2015-09-30,0.694109280190363,1681,1681
Gampaha,2015-10-16,0.717022010707912,1681,1681
Gampaha,2015-11-01,0.4674179654967282,1681,1681
Gampaha,2015-11-17,0.7440396192742416,1681,1681
Gampaha,2015-12-03,0.7471613325401547,1681,1681
Gampaha,2015-12-19,0.7847508030933968,1681,1681
Gampaha,2016-01-01,0.7708223081499108,1681,1681
Gampaha,2016-01-17,0.7080930398572278,1681,1681
Gampaha,2016-02-02,0.6854287328970851,1681,1681
Gampaha,2016-02-18,0.6918749553837003,1681,1681
Gampaha,2016-03-05,0.6848266508030935,1681,1681
Gampaha,2016-03-21,0.6301405710886377,1681,1681
Gampaha,2016-04-06,0.7124760856632957,1681,1681
Gampaha,2016-04-22,0.721941760856633,1681,1681
Gampaha,2016-05-08,0.4676468768590126,1681,1681
Gampaha,2016-05-24,0.6522187983343248,1681,1681
Gampaha,2016-06-09,0.7384559190957763,1681,1681
Gampaha,2016-06-25,0.7194771564544914,1681,1681
Gampaha,2016-07-11,0.5431499107674004,1681,1681
Gampaha,2016-07-27,0.6664120761451517,1681,1681
Gampaha,2016-08-12,0.41793045806067824,1681,1681
Gampaha,2016-08-28,0.5432124330755502,1681,1681
Gampaha,2016-09-13,0.4237168947055324,1681,1681
Gampaha,2016-09-29,0.5632488399762047,1681,1681
Gampaha,2016-10-15,0.6002634741225461,1681,1681
Gampaha,2016-10-31,0.5819609756097561,1681,1681
Gampaha,2016-11-16,0.6976968471148126,1681,1681
Gampaha,2016-12-02,0.7351004759071981,1681,1681
Gampaha,2016-12-18,0.7432500297441998,1681,1681
Gampaha,2017-01-01,0.729018262938727,1681,1681
Gampaha,2017-01-17,0.7049411659726355,1681,1681
Gampaha,2017-02-02,0.6937886377156455,1681,1681
Gampaha,2017-02-18,0.6561017846519929,1681,1681
Gampaha,2017-03-06,0.6596839381320643,1681,1681
Gampaha,2017-03-22,0.7073243902439025,1681,1681
Gampaha,2017-04-07,0.573586130952381,1680,1681
Gampaha,2017-04-23,0.6773219512195122,1681,1681
Gampaha,2017-05-09,0.5657140392623439,1681,1681
Gampaha,2017-05-25,0.596028256989887,1681,1681
Gampaha,2017-06-10,0.5016913146936348,1681,1681
Gampaha,2017-06-26,0.6401114217727544,1681,1681
Gampaha,2017-07-12,0.6406552976190477,1680,1681
Gampaha,2017-07-28,0.5330891731112434,1681,1681
Gampaha,2017-08-13,0.6099048185603807,1681,1681
Gampaha,2017-08-29,0.6405961927424153,1681,1681
Gampaha,2017-09-14,0.6732878643664485,1681,1681
Gampaha,2017-09-30,0.5456732897085069,1681,1681
Gampaha,2017-10-16,0.6137518143961928,1681,1681
Gampaha,2017-11-01,0.72680499702558,1681,1681
Gampaha,2017-11-17,0.6099828078524688,1681,1681
Gampaha,2017-12-03,0.7612012492563951,1681,1681
Gampaha,2017-12-19,0.765696252230815,1681,1681
Gampaha,2018-01-01,0.7452367043426532,1681,1681
Gampaha,2018-01-17,0.7186187388459251,1681,1681
Gampaha,2018-02-02,0.6947766210588935,1681,1681
Gampaha,2018-02-18,0.6462004164187983,1681,1681
Gampaha,2018-03-06,0.6643268292682927,1681,1681
Gampaha,2018-03-22,0.6423412849494349,1681,1681
Gampaha,2018-04-07,0.7231126710291493,1681,1681
Gampaha,2018-04-23,0.7012104699583581,1681,1681
Gampaha,2018-05-09,0.5123683521713266,1681,1681
Gampaha,2018-05-25,0.5337997025580012,1681,1681
Gampaha,2018-06-10,0.6293699583581202,1681,1681
Gampaha,2018-06-26,0.7199947055324212,1681,1681
Gampaha,2018-07-12,0.6833041641879833,1681,1681
Gampaha,2018-07-28,0.5404262343842952,1681,1681
Gampaha,2018-08-13,0.5614065437239739,1681,1681
Gampaha,2018-08-29,0.6437038667459846,1681,1681
Gampaha,2018-09-14,0.5631609756097562,1681,1681
Gampaha,2018-09-30,0.5176176680547294,1681,1681
Gampaha,2018-10-16,0.6020792385484831,1681,1681
Gampaha,2018-11-01,0.7027681737061274,1681,1681
Gampaha,2018-11-17,0.7385957168352172,1681,1681
Gampaha,2018-12-03,0.7572980963712076,1681,1681
Gampaha,2018-12-19,0.7589002379535991,1681,1681
Gampaha,2019-01-01,0.7543625817965497,1681,1681
Gampaha,2019-01-17,0.7086596073765616,1681,1681
Gampaha,2019-02-02,0.6833621058893515,1681,1681
Gampaha,2019-02-18,0.6389748364069007,1681,1681
Gampaha,2019-03-06,0.6285816775728733,1681,1681
Gampaha,2019-03-22,0.6460862581796549,1681,1681
Gampaha,2019-04-07,0.678813503866746,1681,1681
Gampaha,2019-04-23,0.6665269482450922,1681,1681
Gampaha,2019-05-09,0.4551291071428572,1680,1681
Gampaha,2019-05-25,0.6178731112433076,1681,1681
Gampaha,2019-06-10,0.6249919690660322,1681,1681
Gampaha,2019-06-26,0.6855157049375372,1681,1681
Gampaha,2019-07-12,0.6792462819750149,1681,1681
Gampaha,2019-07-28,0.4958596073765616,1681,1681
Gampaha,2019-08-13,0.47857227840571087,1681,1681
Gampaha,2019-08-29,0.5800626785714286,1680,1681
Gampaha,2019-09-14,0.5127657346817371,1681,1681
Gampaha,2019-09-30,0.7203591314693635,1681,1681
Gampaha,2019-10-16,0.6516766805472933,1681,1681
Gampaha,2019-11-01,0.6875327781082688,1681,1681
Gampaha,2019-11-17,0.7307511005353956,1681,1681
Gampaha,2019-12-03,0.7608412849494349,1681,1681
Gampaha,2019-12-19,0.7786677572873291,1681,1681
Gampaha,2020-01-01,0.7673334324806663,1681,1681
Gampaha,2020-01-17,0.6946142772159429,1681,1681
Gampaha,2020-02-02,0.6339517549077931,1681,1681
Gampaha,2020-02-18,0.6280106484235575,1681,1681
Gampaha,2020-03-05,0.6196074360499703,1681,1681
Gampaha,2020-03-21,0.629059012492564,1681,1681
Gampaha,2020-04-06,0.645858536585366,1681,1681
Gampaha,2020-04-22,0.5678719809637122,1681,1681
Gampaha,2020-05-08,0.6272787031528853,1681,1681
Gampaha,2020-05-24,0.7172669244497324,1681,1681
Gampaha,2020-06-09,0.6977855443188579,1681,1681
Gampaha,2020-06-25,0.7833926829268293,1681,1681
Gampaha,2020-07-11,0.6811383700178465,1681,1681
Gampaha,2020-07-27,0.5046820939916716,1681,1681
Gampaha,2020-08-12,0.628927245687091,1681,1681
Gampaha,2020-08-28,0.5479769779892921,1681,1681
Gampaha,2020-09-13,0.6275091612135634,1681,1681
Gampaha,2020-09-29,0.48645978584176086,1681,1681
Gampaha,2020-10-15,0.6484379535990482,1681,1681
Gampaha,2020-10-31,0.7002025580011898,1681,1681
Gampaha,2020-11-16,0.6434803093396788,1681,1681
Gampaha,2020-12-02,0.7641863771564545,1681,1681
Gampaha,2020-12-18,0.7924209399167164,1681,1681
Gampaha,2021-01-01,0.7178954193932183,1681,1681
Gampaha,2021-01-17,0.7388246281975015,1681,1681
Gampaha,2021-02-02,0.663004759071981,1681,1681
Gampaha,2021-02-18,0.6616755502676979,1681,1681
Gampaha,2021-03-06,0.6355443783462226,1681,1681
Gampaha,2021-03-22,0.6335593099345628,1681,1681
Gampaha,2021-04-07,0.6465979773944082,1681,1681
Gampaha,2021-04-23,0.5933487209994052,1681,1681
Gampaha,2021-05-09,0.6517348602022606,1681,1681
Gampaha,2021-05-25,0.542045508625818,1681,1681
Gampaha,2021-06-10,0.6731331945270672,1681,1681
Gampaha,2021-06-26,0.5802986317668055,1681,1681
Gampaha,2021-07-12,0.6342933372992267,1681,1681
Gampaha,2021-07-28,0.5269781082688876,1681,1681
Gampaha,2021-08-13,0.622140749553837,1681,1681
Gampaha,2021-08-29,0.5752886972040452,1681,1681
Gampaha,2021-09-14,0.6758252230814992,1681,1681
Gampaha,2021-09-30,0.5545910767400357,1681,1681
Gampaha,2021-10-16,0.6001619274241523,1681,1681
Gampaha,2021-11-01,0.40520606781677576,1681,1681
Gampaha,2021-11-17,0.728139500297442,1681,1681
Gampaha,2021-12-03,0.7574300416418799,1681,1681
Gampaha,2021-12-19,0.7574020820939917,1681,1681
Gampaha,2022-01-01,0.7593507436049971,1681,1681
Gampaha,2022-01-17,0.6942295657346818,1681,1681
Gampaha,2022-02-02,0.625519274241523,1681,1681
Gampaha,2022-02-18,0.6486772754312908,1681,1681
Gampaha,2022-03-06,0.5152782272456871,1681,1681
Gampaha,2022-03-22,0.6347798929208804,1681,1681
Gampaha,2022-04-07,0.5812367638310529,1681,1681
Gampaha,2022-04-23,0.6621834622248662,1681,1681
Gampaha,2022-05-09,0.5708673408685306,1681,1681
Gampaha,2022-05-25,0.4491948245092207,1681,1681
Gampaha,2022-06-10,0.6367838191552647,1681,1681
Gampaha,2022-06-26,0.7159669244497323,1681,1681
Gampaha,2022-07-12,0.5915923259964307,1681,1681
Gampaha,2022-07-28,0.5761023795359904,1681,1681
Gampaha,2022-08-13,0.5802004164187984,1681,1681
Gampaha,2022-08-29,0.4603663295657347,1681,1681
Gampaha,2022-09-14,0.6272986317668054,1681,1681
Gampaha,2022-09-30,0.4353930398572278,1681,1681
Gampaha,2022-10-16,0.6998267102914931,1681,1681
Gampaha,2022-11-01,0.683197263533611,1681,1681
Gampaha,2022-11-17,0.7306741225461035,1681,1681
Gampaha,2022-12-03,0.700349018441404,1681,1681
Gampaha,2022-12-19,0.7434033908387865,1681,1681
Gampaha,2023-01-01,0.7371656751933373,1681,1681
Gampaha,2023-01-17,0.7223072575847711,1681,1681
Gampaha,2023-02-02,0.6916662700773349,1681,1681
Gampaha,2023-02-18,0.6842853063652587,1681,1681
Gampaha,2023-03-06,0.69500499702558,1681,1681
Gampaha,2023-03-22,0.679770493753718,1681,1681
Gampaha,2023-04-07,0.7090089827483641,1681,1681
Gampaha,2023-04-23,0.6836693039857228,1681,1681
Gampaha,2023-05-09,0.5799229030339084,1681,1681
Gampaha,2023-05-25,0.6283269482450922,1681,1681
Gampaha,2023-06-10,0.6555005948839977,1681,1681
Gampaha,2023-06-26,0.5465539559785841,1681,1681
Gampaha,2023-07-12,0.601711243307555,1681,1681
Gampaha,2023-07-28,0.5928816180844735,1681,1681
Gampaha,2023-08-13,0.6401776323616896,1681,1681
Gampaha,2023-08-29,0.3895977989292088,1681,1681
Gampaha,2023-09-14,0.5685399167162404,1681,1681
Gampaha,2023-09-30,0.426043010113028,1681,1681
Gampaha,2023-10-16,0.7082050565139798,1681,1681
Gampaha,2023-11-01,0.6759117331745087,1679,1681
Gampaha,2023-11-17,0.6767183224271267,1681,1681
Gampaha,2023-12-03,0.7166229625223082,1681,1681
Gampaha,2023-12-19,0.7392711481261155,1681,1681
Gampaha,2024-01-01,0.7647539559785842,1681,1681
Gampaha,2024-01-17,0.7486481856038073,1681,1681
Gampaha,2024-02-02,0.7152240333135039,1681,1681
Gampaha,2024-02-18,0.7062146341463414,1681,1681
Gampaha,2024-03-05,0.6636795359904819,1681,1681
Gampaha,2024-03-21,0.6715659131469364,1681,1681
Hambantota,2012-09-13,0.4189842857142857,1680,1681
Hambantota,2012-09-29,0.44296219439475254,1677,1681
Hambantota,2012-10-15,0.5047221692491061,1678,1681
Hambantota,2012-10-31,0.7067649459783915,1666,1681
Hambantota,2012-11-16,0.704699578820698,1662,1681
Hambantota,2012-12-02,0.7225610475617098,1661,1681
Hambantota,2012-12-18,0.6119380610412927,1671,1681
Hambantota,2013-01-01,0.7540148461074231,1657,1681
Hambantota,2013-01-17,0.7539636746987952,1660,1681
Hambantota,2013-02-02,0.7044079809410363,1679,1681
Hambantota,2013-02-18,0.7317803347280335,1673,1681
Hambantota,2013-03-06,0.7187061419200955,1677,1681
Hambantota,2013-03-22,0.6742631201434549,1673,1681
Hambantota,2013-04-07,0.6980236904761905,1680,1681
Hambantota,2013-04-23,0.698296473401076,1673,1681
Hambantota,2013-05-09,0.6619300416418799,1681,1681
Hambantota,2013-05-25,0.6421658536585366,1681,1681
Hambantota,2013-06-10,0.7024686940966011,1677,1681
Hambantota,2013-06-26,0.6127481261154075,1681,1681
Hambantota,2013-07-12,0.6008877453896491,1681,1681
Hambantota,2013-07-28,0.5647179060083284,1681,1681
Hambantota,2013-08-13,0.47930339892665474,1677,1681
Hambantota,2013-08-29,0.39816662700773353,1681,1681
Hambantota,2013-09-14,0.558392742415229,1681,1681
Hambantota,2013-09-30,0.5283173706127305,1681,1681
Hambantota,2013-10-16,0.6519390243902439,1681,1681
Hambantota,2013-11-01,0.7300903571428571,1680,1681
Hambantota,2013-11-17,0.7440849135360763,1677,1681
Hambantota,2013-12-03,0.7568663277511962,1672,1681
Hambantota,2013-12-19,0.7394516457211251,1671,1681
Hambantota,2014-01-01,0.7035591836734695,1666,1681
Hambantota,2014-01-17,0.6459348530293942,1667,1681
Hambantota,2014-02-02,0.5969975316074654,1661,1681
Hambantota,2014-02-18,0.5477542413381123,1674,1681
Hambantota,2014-03-06,0.4687788690476191,1680,1681
Hambantota,2014-03-22,0.5469013157894737,1672,1681
Hambantota,2014-04-07,0.564191423466349,1679,1681
Hambantota,2014-04-23,0.6689111575178998,1676,1681
Hambantota,2014-05-09,0.6843932778108269,1681,1681
Hambantota,2014-05-25,0.5882540749553837,1681,1681
Hambantota,2014-06-10,0.5244673408685306,1681,1681
Hambantota,2014-06-26,0.48339035139964265,1679,1681
Hambantota,2014-07-12,0.4310258774538965,1681,1681
Hambantota,2014-07-28,0.43163355145746585,1681,1681
Hambantota,2014-08-13,0.39208322427126713,1681,1681
Hambantota,2014-08-29,0.3989508625817966,1681,1681
Hambantota,2014-09-14,0.38667340868530636,1681,1681
Hambantota,2014-09-30,0.40846484235574065,1681,1681
Hambantota,2014-10-16,0.6027863771564544,1681,1681
Hambantota,2014-11-01,0.6773207019631172,1681,1681
Hambantota,2014-11-17,0.7226679019725045,1673,1681
Hambantota,2014-12-03,0.7483703747769185,1681,1681
Hambantota,2014-12-19,0.7226618587809294,1657,1681
Hambantota,2015-01-01,0.7439774018126889,1655,1681
Hambantota,2015-01-17,0.6978946827794562,1655,1681
Hambantota,2015-02-02,0.7065730168269231,1664,1681
Hambantota,2015-02-18,0.6916419374247894,1662,1681
Hambantota,2015-03-06,0.6754576413959086,1662,1681
Hambantota,2015-03-22,0.6533008348240906,1677,1681
Hambantota,2015-04-07,0.6616340718562874,1670,1681
Hambantota,2015-04-23,0.6855309934562761,1681,1681
Hambantota,2015-05-09,0.6357698988697205,1681,1681
Hambantota,2015-05-25,0.6479227840571089,1681,1681
Hambantota,2015-06-10,0.5963454491374183,1681,1681
Hambantota,2015-06-26,0.5326844735276621,1681,1681
Hambantota,2015-07-12,0.49589238548483044,1681,1681
Hambantota,2015-07-28,0.5181457910447762,1675,1681
Hambantota,2015-08-13,0.505091566985646,1672,1681
Hambantota,2015-08-29,0.6892687091017252,1681,1681
Hambantota,2015-09-14,0.7105548483045807,1681,1681
Hambantota,2015-09-30,0.705981932021467,1677,1681
Hambantota,2015-10-16,0.5928118381915527,1681,1681
Hambantota,2015-11-01,0.6457800713860797,1681,1681
Hambantota,2015-11-17,0.7334511614055986,1679,1681
Hambantota,2015-12-03,0.6263499404761905,1680,1681
Hambantota,2015-12-19,0.7806779298036883,1681,1681
Hambantota,2016-01-01,0.7798817044100119,1678,1681
Hambantota,2016-01-17,0.7243993456276027,1681,1681
Hambantota,2016-02-02,0.6809348602022606,1681,1681
Hambantota,2016-02-18,0.5537815585960738,1681,1681
Hambantota,2016-03-05,0.6148846519928615,1681,1681
Hambantota,2016-03-21,0.4831369239976062,1671,1681
Hambantota,2016-04-06,0.4883349196906604,1681,1681
Hambantota,2016-04-22,0.537398332340679,1679,1681
Hambantota,2016-05-08,0.5928746579417015,1681,1681
Hambantota,2016-05-24,0.7193273051754908,1681,1681
Hambantota,2016-06-09,0.7081274836406901,1681,1681
Hambantota,2016-06-25,0.6044353361094588,1681,1681
Hambantota,2016-07-11,0.5565161808447353,1681,1681
Hambantota,2016-07-27,0.48557192147531236,1681,1681
Hambantota,2016-08-12,0.48215603807257584,1681,1681
Hambantota,2016-08-28,0.44953973825104104,1681,1681
Hambantota,2016-09-13,0.40824880952380954,1680,1681
Hambantota,2016-09-29,0.41593482142857147,1680,1681
Hambantota,2016-10-15,0.44164895895300416,1681,1681
Hambantota,2016-10-31,0.5799395597858418,1681,1681
Hambantota,2016-11-16,0.6515022010707913,1681,1681
Hambantota,2016-12-02,0.7194620464009519,1681,1681
Hambantota,2016-12-18,0.7525951190476191,1680,1681
Hambantota,2017-01-01,0.7465832242712672,1681,1681
Hambantota,2017-01-17,0.7150612135633552,1681,1681
Hambantota,2017-02-02,0.7336164187983344,1681,1681
Hambantota,2017-02-18,0.702226769779893,1681,1681
Hambantota,2017-03-06,0.7196829268292684,1681,1681
Hambantota,2017-03-22,0.6873646638905413,1681,1681
Hambantota,2017-04-07,0.6760784651992862,1681,1681
Hambantota,2017-04-23,0.649758536585366,1681,1681
Hambantota,2017-05-09,0.6229899464604403,1681,1681
Hambantota,2017-05-25,0.6766688875669244,1681,1681
Hambantota,2017-06-10,0.6753540154669839,1681,1681
Hambantota,2017-06-26,0.649766270077335,1681,1681
Hambantota,2017-07-12,0.5497302795954789,1681,1681
Hambantota,2017-07-28,0.565674241522903,1681,1681
Hambantota,2017-08-13,0.5303488399762046,1681,1681
Hambantota,2017-08-29,0.504272992266508,1681,1681
Hambantota,2017-09-14,0.6339614515169543,1681,1681
Hambantota,2017-09-30,0.5726867340868531,1681,1681
Hambantota,2017-10-16,0.6208313503866746,1681,1681
Hambantota,2017-11-01,0.7090349791790601,1681,1681
Hambantota,2017-11-17,0.7239848304580607,1681,1681
Hambantota,2017-12-03,0.7325801554094441,1673,1681
Hambantota,2017-12-19,0.7402755807027993,1679,1681
Hambantota,2018-01-01,0.7254230357142858,1680,1681
Hambantota,2018-01-17,0.6880241522903034,1681,1681
Hambantota,2018-02-02,0.6597436526946108,1670,1681
Hambantota,2018-02-18,0.6270877453896491,1681,1681
Hambantota,2018-03-06,0.6423695860827835,1667,1681
Hambantota,2018-03-22,0.69139750148721,1681,1681
Hambantota,2018-04-07,0.6310808219178082,1679,1681
Hambantota,2018-04-23,0.681836674669868,1666,1681
Hambantota,2018-05-09,0.5970703152885188,1681,1681
Hambantota,2018-05-25,0.6841148720999405,1681,1681
Hambantota,2018-06-10,0.6467239143367044,1681,1681
Hambantota,2018-06-26,0.5867190957763236,1681,1681
Hambantota,2018-07-12,0.5008903628792386,1681,1681
Hambantota,2018-07-28,0.47041546698393816,1681,1681
Hambantota,2018-08-13,0.4083273646638906,1681,1681
Hambantota,2018-08-29,0.4203480952380953,1680,1681
Hambantota,2018-09-14,0.39036754020250153,1679,1681
Hambantota,2018-09-30,0.5985288518738846,1681,1681
Hambantota,2018-10-16,0.7197830357142857,1680,1681
Hambantota,2018-11-01,0.7246872683801554,1673,1681
Hambantota,2018-11-17,0.7259222686567165,1675,1681
Hambantota,2018-12-03,0.5840524092801904,1681,1681
Hambantota,2018-12-19,0.7264905952380952,1680,1681
Hambantota,2019-01-01,0.7153729355033153,1659,1681
Hambantota,2019-01-17,0.6489827873734365,1679,1681
Hambantota,2019-02-02,0.6399553827751197,1672,1681
Hambantota,2019-02-18,0.5982113027959548,1681,1681
Hambantota,2019-03-06,0.6404153480071386,1681,1681
Hambantota,2019-03-22,0.6117035928143713,1670,1681
Hambantota,2019-04-07,0.5207788816180845,1681,1681
Hambantota,2019-04-23,0.6139493158834028,1681,1681
Hambantota,2019-05-09,0.6437575252825699,1681,1681
Hambantota,2019-05-25,0.6388339498806683,1676,1681
Hambantota,2019-06-10,0.6259079714455681,1681,1681
Hambantota,2019-06-26,0.5331412254610352,1681,1681
Hambantota,2019-07-12,0.5446218917311125,1681,1681
Hambantota,2019-07-28,0.4633988102320048,1681,1681
Hambantota,2019-08-13,0.43851433670434264,1681,1681
Hambantota,2019-08-29,0.6622561570493753,1681,1681
Hambantota,2019-09-14,0.38253610945865557,1681,1681
Hambantota,2019-09-30,0.6609077797725913,1671,1681
Hambantota,2019-10-16,0.5336534800713861,1681,1681
Hambantota,2019-11-01,0.7157818615751791,1676,1681
Hambantota,2019-11-17,0.6892887961859356,1678,1681
Hambantota,2019-12-03,0.7040343248066627,1681,1681
Hambantota,2019-12-19,0.7235265830346477,1674,1681
Hambantota,2020-01-01,0.7447417365269461,1670,1681
Hambantota,2020-01-17,0.7258260559190958,1681,1681
Hambantota,2020-02-02,0.7018045427375972,1673,1681
Hambantota,2020-02-18,0.6621080645161291,1674,1681
Hambantota,2020-03-05,0.5893591179976163,1678,1681
Hambantota,2020-03-21,0.5734736466389054,1681,1681
Hambantota,2020-04-06,0.5119592482100239,1676,1681
Hambantota,2020-04-22,0.6447193932183225,1681,1681
Hambantota,2020-05-08,0.6412740035693041,1681,1681
Hambantota,2020-05-24,0.6616570577724836,1679,1681
Hambantota,2020-06-09,0.5952281975014873,1681,1681
Hambantota,2020-06-25,0.5907010707911957,1681,1681
Hambantota,2020-07-11,0.5959296252230816,1681,1681
Hambantota,2020-07-27,0.6955228435455086,1681,1681
Hambantota,2020-08-12,0.6563253420582986,1681,1681
Hambantota,2020-08-28,0.5150564544913742,1681,1681
Hambantota,2020-09-13,0.6337831647828673,1681,1681
Hambantota,2020-09-29,0.6274547675804529,1678,1681
Hambantota,2020-10-15,0.5919781082688875,1681,1681
Hambantota,2020-10-31,0.6542864961332541,1681,1681
Hambantota,2020-11-16,0.7159840787119858,1677,1681
Hambantota,2020-12-02,0.7201907792980369,1681,1681
Hambantota,2020-12-18,0.7220528571428572,1680,1681
Hambantota,2021-01-01,0.5970543129089828,1681,1681
Hambantota,2021-01-17,0.7546997613365156,1676,1681
Hambantota,2021-02-02,0.7276807257584771,1681,1681
Hambantota,2021-02-18,0.6730515764425937,1681,1681
Hambantota,2021-03-06,0.6105853063652588,1681,1681
Hambantota,2021-03-22,0.6259279595478882,1681,1681
Hambantota,2021-04-07,0.6245287075640262,1679,1681
Hambantota,2021-04-23,0.6251422686567165,1675,1681
Hambantota,2021-05-09,0.6288530357142857,1680,1681
Hambantota,2021-05-25,0.645165496728138,1681,1681
Hambantota,2021-06-10,0.6312402141582392,1681,1681
Hambantota,2021-06-26,0.5499799761620978,1678,1681
Hambantota,2021-07-12,0.6150010131108463,1678,1681
Hambantota,2021-07-28,0.5876788438617402,1678,1681
Hambantota,2021-08-13,0.4529118381915527,1681,1681
Hambantota,2021-08-29,0.49942766210588935,1681,1681
Hambantota,2021-09-14,0.4870352171326591,1681,1681
Hambantota,2021-09-30,0.6732613325401547,1681,1681
Hambantota,2021-10-16,0.693688518738846,1681,1681
Hambantota,2021-11-01,0.7278366289458011,1679,1681
Hambantota,2021-11-17,0.7302516071428572,1680,1681
Hambantota,2021-12-03,0.7362751653638003,1663,1681
Hambantota,2021-12-19,0.7366903187011425,1663,1681
Hambantota,2022-01-01,0.7083087604290822,1678,1681
Hambantota,2022-01-17,0.7143600719424461,1668,1681
Hambantota,2022-02-02,0.6699524746571258,1677,1681
Hambantota,2022-02-18,0.663516002379536,1681,1681
Hambantota,2022-03-06,0.5897620011911853,1679,1681
Hambantota,2022-03-22,0.6758832242712671,1681,1681
Hambantota,2022-04-07,0.704658293556086,1676,1681
Hambantota,2022-04-23,0.7207735276621059,1681,1681
Hambantota,2022-05-09,0.6149036882807853,1681,1681
Hambantota,2022-05-25,0.6854485425342058,1681,1681
Hambantota,2022-06-10,0.6375636904761904,1680,1681
Hambantota,2022-06-26,0.6340824791418355,1678,1681
Hambantota,2022-07-12,0.5485878048780488,1681,1681
Hambantota,2022-07-28,0.6817043165467627,1668,1681
Hambantota,2022-08-13,0.6797007185628743,1670,1681
Hambantota,2022-08-29,0.6139317365269462,1670,1681
Hambantota,2022-09-14,0.5551528846153846,1664,1681
Hambantota,2022-09-30,0.5382793575252826,1681,1681
Hambantota,2022-10-16,0.4882544047619048,1680,1681
Hambantota,2022-11-01,0.6729525282569899,1681,1681
Hambantota,2022-11-17,0.728868600478469,1672,1681
Hambantota,2022-12-03,0.7435790071770335,1672,1681
Hambantota,2022-12-19,0.738561893349311,1669,1681
Hambantota,2023-01-01,0.7458491586538463,1664,1681
Hambantota,2023-01-17,0.7270179060083284,1681,1681
Hambantota,2023-02-02,0.7467099460754943,1669,1681
Hambantota,2023-02-18,0.7315631641791045,1675,1681
Hambantota,2023-03-06,0.6190373587150506,1681,1681
Hambantota,2023-03-22,0.6141152885187389,1681,1681
Hambantota,2023-04-07,0.6244281975014873,1681,1681
Hambantota,2023-04-23,0.48446972040452113,1681,1681
Hambantota,2023-05-09,0.6598969660916121,1681,1681
Hambantota,2023-05-25,0.671550981558596,1681,1681
Hambantota,2023-06-10,0.6241267622461171,1674,1681
Hambantota,2023-06-26,0.5768434548714884,1673,1681
Hambantota,2023-07-12,0.5287109523809524,1680,1681
Hambantota,2023-07-28,0.527378762641285,1681,1681
Hambantota,2023-08-13,0.4646423557406306,1681,1681
Hambantota,2023-08-29,0.4695190362879239,1681,1681
Hambantota,2023-09-14,0.7066377156454492,1681,1681
Hambantota,2023-09-30,0.7298597839135654,1666,1681
Hambantota,2023-10-16,0.7529056456456457,1665,1681
Hambantota,2023-11-01,0.7202152919927756,1661,1681
Hambantota,2023-11-17,0.7357935580975317,1661,1681
Hambantota,2023-12-03,0.6815976520168574,1661,1681
Hambantota,2023-12-19,0.7513010179640719,1670,1681
Hambantota,2024-01-01,0.7490768124625524,1669,1681
Hambantota,2024-01-17,0.7678193742478941,1662,1681
Hambantota,2024-02-02,0.7261410179640719,1670,1681
Hambantota,2024-02-18,0.6817649164677805,1676,1681
Hambantota,2024-03-05,0.659473420738975,1678,1681
Hambantota,2024-03-21,0.6249337334933974,1666,1681
Jaffna,2012-09-13,0.2840901399878272,1643,1681
Jaffna,2012-09-29,0.31969892086330937,1668,1681
Jaffna,2012-10-15,0.23159207501512402,1653,1681
Jaffna,2012-10-31,0.3706383281733746,1615,1681
Jaffna,2012-11-16,0.489010270602706,1626,1681
Jaffna,2012-12-02,0.5151468869123254,1574,1681
Jaffna,2012-12-18,0.39150776818742294,1622,1681
Jaffna,2013-01-01,0.44433957286432163,1592,1681
Jaffna,2013-01-17,0.48234939063502247,1559,1681
Jaffna,2013-02-02,0.43538155844155846,1540,1681
Jaffna,2013-02-18,0.43209275641025646,1560,1681
Jaffna,2013-03-06,0.4105474586650337,1633,1681
Jaffna,2013-03-22,0.42339488459139113,1603,1681
Jaffna,2013-04-07,0.4174941802252816,1598,1681
Jaffna,2013-04-23,0.407487476866132,1621,1681
Jaffna,2013-05-09,0.3770575647980712,1659,1681
Jaffna,2013-05-25,0.40188896220755854,1667,1681
Jaffna,2013-06-10,0.3517853277209862,1663,1681
Jaffna,2013-06-26,0.2955274203247144,1663,1681
Jaffna,2013-07-12,0.2707641879833433,1681,1681
Jaffna,2013-07-28,0.3487836036036036,1665,1681
Jaffna,2013-08-13,0.35062143712574856,1670,1681
Jaffna,2013-08-29,0.33386179640718566,1670,1681
Jaffna,2013-09-14,0.32923080143540673,1672,1681
Jaffna,2013-09-30,0.39418691701998787,1651,1681
Jaffna,2013-10-16,0.37457802799756545,1643,1681
Jaffna,2013-11-01,0.3545473333333333,1650,1681
Jaffna,2013-11-17,0.4791503601440576,1666,1681
Jaffna,2013-12-03,0.4947743776563449,1647,1681
Jaffna,2013-12-19,0.4784956363636364,1650,1681
Jaffna,2014-01-01,0.4565006642512078,1656,1681
Jaffna,2014-01-17,0.4922764086687306,1615,1681
Jaffna,2014-02-02,0.45037177764202807,1637,1681
Jaffna,2014-02-18,0.40210274725274725,1638,1681
Jaffna,2014-03-06,0.3311486371895821,1651,1681
Jaffna,2014-03-22,0.3736089820359282,1670,1681
Jaffna,2014-04-07,0.3933394391408115,1676,1681
Jaffna,2014-04-23,0.33772521212121215,1650,1681
Jaffna,2014-05-09,0.3890766767371602,1655,1681
Jaffna,2014-05-25,0.36644236276849645,1676,1681
Jaffna,2014-06-10,0.35421140456182476,1666,1681
Jaffna,2014-06-26,0.33724695599758897,1659,1681
Jaffna,2014-07-12,0.31245427196149217,1662,1681
Jaffna,2014-07-28,0.3147753882915173,1674,1681
Jaffna,2014-08-13,0.3297316999395039,1653,1681
Jaffna,2014-08-29,0.3566390859891762,1663,1681
Jaffna,2014-09-14,0.377948948948949,1665,1681
Jaffna,2014-09-30,0.33290519093078763,1676,1681
Jaffna,2014-10-16,0.3935087687687688,1665,1681
Jaffna,2014-11-01,0.554975015051174,1661,1681
Jaffna,2014-11-17,0.2416793248945148,1659,1681
Jaffna,2014-12-03,0.5186827044025157,1590,1681
Jaffna,2014-12-19,0.3687648697758934,1651,1681
Jaffna,2015-01-01,0.5349812414733971,1466,1681
Jaffna,2015-01-17,0.419059349593496,1599,1681
Jaffna,2015-02-02,0.3593765943877551,1568,1681
Jaffna,2015-02-18,0.40111115409413284,1551,1681
Jaffna,2015-03-06,0.3590916007303713,1643,1681
Jaffna,2015-03-22,0.39749593446601944,1648,1681
Jaffna,2015-04-07,0.39700704310868246,1647,1681
Jaffna,2015-04-23,0.3971162621359224,1648,1681
Jaffna,2015-05-09,0.37005201928872816,1659,1681
Jaffna,2015-05-25,0.36622962056303554,1634,1681
Jaffna,2015-06-10,0.375304942037828,1639,1681
Jaffna,2015-06-26,0.3927237724550898,1670,1681
Jaffna,2015-07-12,0.3638269784172662,1668,1681
Jaffna,2015-07-28,0.3904859028194361,1667,1681
Jaffna,2015-08-13,0.36485519951632406,1654,1681
Jaffna,2015-08-29,0.3748202038369305,1668,1681
Jaffna,2015-09-14,0.34946770895971135,1663,1681
Jaffna,2015-09-30,0.3908397810218978,1644,1681
Jaffna,2015-10-16,0.3353780946601942,1648,1681
Jaffna,2015-11-01,0.4827537654320988,1620,1681
Jaffna,2015-11-17,0.44993082952318747,1531,1681
Jaffna,2015-12-03,0.4744905243209097,1583,1681
Jaffna,2015-12-19,0.5727967545638946,1479,1681
Jaffna,2016-01-01,0.48669954574951335,1541,1681
Jaffna,2016-01-17,0.4480115410273516,1499,1681
Jaffna,2016-02-02,0.4061242567567568,1480,1681
Jaffna,2016-02-18,0.3443394160583942,1644,1681
Jaffna,2016-03-05,0.4028614819350888,1633,1681
Jaffna,2016-03-21,0.39761494813910925,1639,1681
Jaffna,2016-04-06,0.37119307411907654,1646,1681
Jaffna,2016-04-22,0.37695156345800124,1631,1681
Jaffna,2016-05-08,0.36050691977954685,1633,1681
Jaffna,2016-05-24,0.3614937578027466,1602,1681
Jaffna,2016-06-09,0.4069870358716174,1589,1681
Jaffna,2016-06-25,0.4221724594107035,1663,1681
Jaffna,2016-07-11,0.3603397597597598,1665,1681
Jaffna,2016-07-27,0.3477922751961376,1657,1681
Jaffna,2016-08-12,0.3429205900060205,1661,1681
Jaffna,2016-08-28,0.36136521219366413,1673,1681
Jaffna,2016-09-13,0.39160880048221824,1659,1681
Jaffna,2016-09-29,0.37591709658068384,1667,1681
Jaffna,2016-10-15,0.385173208910295,1661,1681
Jaffna,2016-10-31,0.48006533173939037,1673,1681
Jaffna,2016-11-16,0.2642122635753508,1639,1681
Jaffna,2016-12-02,0.48979797120418855,1528,1681
Jaffna,2016-12-18,0.5101969954278249,1531,1681
Jaffna,2017-01-01,0.5077125721616421,1559,1681
Jaffna,2017-01-17,0.4230104412678683,1609,1681
Jaffna,2017-02-02,0.463176002546149,1571,1681
Jaffna,2017-02-18,0.41956328715365243,1588,1681
Jaffna,2017-03-06,0.46979097839898354,1574,1681
Jaffna,2017-03-22,0.4108761730652042,1641,1681
Jaffna,2017-04-07,0.4111578947368421,1653,1681
Jaffna,2017-04-23,0.38259411764705886,1666,1681
Jaffna,2017-05-09,0.35184465144230775,1664,1681
Jaffna,2017-05-25,0.3618472004816376,1661,1681
Jaffna,2017-06-10,0.3317758208955224,1675,1681
Jaffna,2017-06-26,0.3794491050119332,1676,1681
Jaffna,2017-07-12,0.36246921226698736,1663,1681
Jaffna,2017-07-28,0.3560564380264742,1662,1681
Jaffna,2017-08-13,0.25888534534534535,1665,1681
Jaffna,2017-08-29,0.398927007733492,1681,1681
Jaffna,2017-09-14,0.393579746070133,1654,1681
Jaffna,2017-09-30,0.29844586602293305,1657,1681
Jaffna,2017-10-16,0.39738046875,1664,1681
Jaffna,2017-11-01,0.3629230220107079,1681,1681
Jaffna,2017-11-17,0.4022589252625077,1619,1681
Jaffna,2017-12-03,0.4504539594843463,1629,1681
Jaffna,2017-12-19,0.5468452870304749,1411,1681
Jaffna,2018-01-01,0.4589266043613708,1605,1681
Jaffna,2018-01-17,0.4406540127388536,1570,1681
Jaffna,2018-02-02,0.37917978177150197,1558,1681
Jaffna,2018-02-18,0.380836,1575,1681
Jaffna,2018-03-06,0.36227637600494744,1617,1681
Jaffna,2018-03-22,0.45580777047220566,1673,1681
Jaffna,2018-04-07,0.36535710799267845,1639,1681
Jaffna,2018-04-23,0.4002993961352657,1656,1681
Jaffna,2018-05-09,0.3498813213213213,1665,1681
Jaffna,2018-05-25,0.41656684815487,1653,1681
Jaffna,2018-06-10,0.31714985020970643,1669,1681
Jaffna,2018-06-26,0.37681595680863833,1667,1681
Jaffna,2018-07-12,0.34222121936640765,1673,1681
Jaffna,2018-07-28,0.33543199520671063,1669,1681
Jaffna,2018-08-13,0.3410619246861925,1673,1681
Jaffna,2018-08-29,0.34071835632873426,1667,1681
Jaffna,2018-09-14,0.34498426426426426,1665,1681
Jaffna,2018-09-30,0.32044725738396623,1659,1681
Jaffna,2018-10-16,0.34931432024169184,1655,1681
Jaffna,2018-11-01,0.4845871262965223,1639,1681
Jaffna,2018-11-17,0.49319071601941755,1648,1681
Jaffna,2018-12-03,0.38464228468899525,1672,1681
Jaffna,2018-12-19,0.49717670141017783,1631,1681
Jaffna,2019-01-01,0.4830430420711974,1545,1681
Jaffna,2019-01-17,0.44958226319135414,1573,1681
Jaffna,2019-02-02,0.4098788083538084,1628,1681
Jaffna,2019-02-18,0.38097732484076435,1570,1681
Jaffna,2019-03-06,0.38891036585365857,1640,1681
Jaffna,2019-03-22,0.36678986486486487,1628,1681
Jaffna,2019-04-07,0.3720116810877627,1618,1681
Jaffna,2019-04-23,0.3531184401451028,1654,1681
Jaffna,2019-05-09,0.35437880239520964,1670,1681
Jaffna,2019-05-25,0.4070889754343919,1669,1681
Jaffna,2019-06-10,0.3542557888422316,1667,1681
Jaffna,2019-06-26,0.28289290479078233,1649,1681
Jaffna,2019-07-12,0.3266446375074895,1669,1681
Jaffna,2019-07-28,0.3562296096096096,1665,1681
Jaffna,2019-08-13,0.33826222088111046,1657,1681
Jaffna,2019-08-29,0.3688146794487717,1669,1681
Jaffna,2019-09-14,0.35601546827794567,1655,1681
Jaffna,2019-09-30,0.4287894273127753,1589,1681
Jaffna,2019-10-16,0.25581704681872747,1666,1681
Jaffna,2019-11-01,0.5107565347721823,1668,1681
Jaffna,2019-11-17,0.4013909811090799,1641,1681
Jaffna,2019-12-03,0.47443839611178623,1646,1681
Jaffna,2019-12-19,0.5198646183699871,1546,1681
Jaffna,2020-01-01,0.47236254901960784,1530,1681
Jaffna,2020-01-17,0.46125678330263964,1629,1681
Jaffna,2020-02-02,0.4057548638132296,1542,1681
Jaffna,2020-02-18,0.38896235220908526,1607,1681
Jaffna,2020-03-05,0.4030397642679901,1612,1681
Jaffna,2020-03-21,0.42667643784786646,1617,1681
Jaffna,2020-04-06,0.3842336591325596,1637,1681
Jaffna,2020-04-22,0.42801180086047946,1627,1681
Jaffna,2020-05-08,0.40387254423428925,1639,1681
Jaffna,2020-05-24,0.3549446135118685,1643,1681
Jaffna,2020-06-09,0.3767479567307693,1664,1681
Jaffna,2020-06-25,0.35705588412794204,1657,1681
Jaffna,2020-07-11,0.375021471291866,1672,1681
Jaffna,2020-07-27,0.34854176153385263,1669,1681
Jaffna,2020-08-12,0.35953415218693835,1669,1681
Jaffna,2020-08-28,0.35251191335740073,1662,1681
Jaffna,2020-09-13,0.3972864019253911,1662,1681
Jaffna,2020-09-29,0.4028432285368803,1654,1681
Jaffna,2020-10-15,0.3807826876513317,1652,1681
Jaffna,2020-10-31,0.353910405323654,1653,1681
Jaffna,2020-11-16,0.3759473023839398,1594,1681
Jaffna,2020-12-02,0.3395065217391305,1656,1681
Jaffna,2020-12-18,0.16321185410334346,1645,1681
Jaffna,2021-01-01,0.37382022401991294,1607,1681
Jaffna,2021-01-17,0.44249475327920057,1601,1681
Jaffna,2021-02-02,0.38252655758338583,1589,1681
Jaffna,2021-02-18,0.3926837748344371,1510,1681
Jaffna,2021-03-06,0.3781678505817514,1633,1681
Jaffna,2021-03-22,0.33088255884127943,1657,1681
Jaffna,2021-04-07,0.41374296435272045,1599,1681
Jaffna,2021-04-23,0.4419216463414634,1640,1681
Jaffna,2021-05-09,0.4196824924012158,1645,1681
Jaffna,2021-05-25,0.43432507645259943,1635,1681
Jaffna,2021-06-10,0.4054572634116938,1659,1681
Jaffna,2021-06-26,0.3633686262747451,1667,1681
Jaffna,2021-07-12,0.4003098735701385,1661,1681
Jaffna,2021-07-28,0.3659896572459411,1663,1681
Jaffna,2021-08-13,0.3487993456276027,1681,1681
Jaffna,2021-08-29,0.3470340540540541,1665,1681
Jaffna,2021-09-14,0.3432265784726398,1663,1681
Jaffna,2021-09-30,0.36006180597925563,1639,1681
Jaffna,2021-10-16,0.3805649490713002,1669,1681
Jaffna,2021-11-01,0.3292747292418773,1662,1681
Jaffna,2021-11-17,0.4921135222150676,1553,1681
Jaffna,2021-12-03,0.45398854868340477,1633,1681
Jaffna,2021-12-19,0.5102362508164598,1531,1681
Jaffna,2022-01-01,0.4247267096774194,1550,1681
Jaffna,2022-01-17,0.45956236363636366,1650,1681
Jaffna,2022-02-02,0.42942823086574655,1594,1681
Jaffna,2022-02-18,0.4171657395701644,1582,1681
Jaffna,2022-03-06,0.41391795027289263,1649,1681
Jaffna,2022-03-22,0.439956261566934,1621,1681
Jaffna,2022-04-07,0.49421898965307365,1643,1681
Jaffna,2022-04-23,0.46482468905472635,1608,1681
Jaffna,2022-05-09,0.45314320536258385,1641,1681
Jaffna,2022-05-25,0.45046438438438435,1665,1681
Jaffna,2022-06-10,0.3930130930930931,1665,1681
Jaffna,2022-06-26,0.3662184210526316,1672,1681
Jaffna,2022-07-12,0.362175226039783,1659,1681
Jaffna,2022-07-28,0.44892435201928876,1659,1681
Jaffna,2022-08-13,0.4012108695652174,1656,1681
Jaffna,2022-08-29,0.37121341389728096,1655,1681
Jaffna,2022-09-14,0.3859883171912833,1652,1681
Jaffna,2022-09-30,0.208013409500902,1663,1681
Jaffna,2022-10-16,0.5354397706698854,1657,1681
Jaffna,2022-11-01,0.320106519138756,1672,1681
Jaffna,2022-11-17,0.47187787338660114,1627,1681
Jaffna,2022-12-03,0.4612526763990268,1644,1681
Jaffna,2022-12-19,0.4700790953545233,1636,1681
Jaffna,2023-01-01,0.5068592121212121,1650,1681
Jaffna,2023-01-17,0.4444666055045872,1635,1681
Jaffna,2023-02-02,0.46416298234139963,1529,1681
Jaffna,2023-02-18,0.4388629882207068,1613,1681
Jaffna,2023-03-06,0.37734523522316044,1658,1681
Jaffna,2023-03-22,0.4734043611793612,1628,1681
Jaffna,2023-04-07,0.4627585439229844,1662,1681
Jaffna,2023-04-23,0.44187300724637685,1656,1681
Jaffna,2023-05-09,0.5228149790293589,1669,1681
Jaffna,2023-05-25,0.4710169388989716,1653,1681
Jaffna,2023-06-10,0.44621740718198416,1643,1681
Jaffna,2023-06-26,0.4527053571428572,1680,1681
Jaffna,2023-07-12,0.4208538368580061,1655,1681
Jaffna,2023-07-28,0.42955102163461545,1664,1681
Jaffna,2023-08-13,0.4206032354703415,1669,1681
Jaffna,2023-08-29,0.28897913927077107,1673,1681
Jaffna,2023-09-14,0.362991192330737,1669,1681
Jaffna,2023-09-30,0.38100567842199645,1673,1681
Jaffna,2023-10-16,0.32513958208955224,1675,1681
Jaffna,2023-11-01,0.47864105839416066,1644,1681
Jaffna,2023-11-17,0.38771909365558915,1655,1681
Jaffna,2023-12-03,0.394753301029679,1651,1681
Jaffna,2023-12-19,0.44026036318096434,1597,1681
Jaffna,2024-01-01,0.6035882742032471,1663,1681
Jaffna,2024-01-17,0.5352455743879473,1593,1681
Jaffna,2024-02-02,0.45713673594132037,1636,1681
Jaffna,2024-02-18,0.45884065868263474,1670,1681
Jaffna,2024-03-05,0.452675393939394,1650,1681
Jaffna,2024-03-21,0.418808166969147,1653,1681
Kalutara,2012-09-13,0.6700458060678167,1681,1681
Kalutara,2012-09-29,0.7184316666666667,1680,1681
Kalutara,2012-10-15,0.7822281380130875,1681,1681
Kalutara,2012-10-31,0.7747027364663891,1681,1681
Kalutara,2012-11-16,0.8054731707317074,1681,1681
Kalutara,2012-12-02,0.7932304580606783,1681,1681
Kalutara,2012-12-18,0.7533957763236169,1681,1681
Kalutara,2013-01-01,0.6282312314098751,1681,1681
Kalutara,2013-01-17,0.7730873289708506,1681,1681
Kalutara,2013-02-02,0.8010348602022606,1681,1681
Kalutara,2013-02-18,0.7034529446757882,1681,1681
Kalutara,2013-03-06,0.7600018441403926,1681,1681
Kalutara,2013-03-22,0.7279453896490184,1681,1681
Kalutara,2013-04-07,0.7335547888161809,1681,1681
Kalutara,2013-04-23,0.7568772754312909,1681,1681
Kalutara,2013-05-09,0.5659379535990482,1681,1681
Kalutara,2013-05-25,0.5154139797739441,1681,1681
Kalutara,2013-06-10,0.6080405710886377,1681,1681
Kalutara,2013-06-26,0.32070493753718027,1681,1681
Kalutara,2013-07-12,0.6281346817370612,1681,1681
Kalutara,2013-07-28,0.5028244497323022,1681,1681
Kalutara,2013-08-13,0.6252278405710887,1681,1681
Kalutara,2013-08-29,0.48552558001189766,1681,1681
Kalutara,2013-09-14,0.7029847709696609,1681,1681
Kalutara,2013-09-30,0.7087933967876264,1681,1681
Kalutara,2013-10-16,0.6196407495538371,1681,1681
Kalutara,2013-11-01,0.81698750743605,1681,1681
Kalutara,2013-11-17,0.7856336109458656,1681,1681
Kalutara,2013-12-03,0.6987396192742416,1681,1681
Kalutara,2013-12-19,0.8093006543723974,1681,1681
Kalutara,2014-01-01,0.8006635336109459,1681,1681
Kalutara,2014-01-17,0.753931766805473,1681,1681
Kalutara,2014-02-02,0.7781478881618085,1681,1681
Kalutara,2014-02-18,0.7525430696014278,1681,1681
Kalutara,2014-03-06,0.7393323616894706,1681,1681
Kalutara,2014-03-22,0.7976707911957168,1681,1681
Kalutara,2014-04-07,0.7349648004764742,1679,1681
Kalutara,2014-04-23,0.7469412254610351,1681,1681
Kalutara,2014-05-09,0.6542474717430101,1681,1681
Kalutara,2014-05-25,0.48728786436644855,1681,1681
Kalutara,2014-06-10,0.60618500892326,1681,1681
Kalutara,2014-06-26,0.6763468768590125,1681,1681
Kalutara,2014-07-12,0.6073329565734682,1681,1681
Kalutara,2014-07-28,0.6859579417013683,1681,1681
Kalutara,2014-08-13,0.6166383105294468,1681,1681
Kalutara,2014-08-29,0.5832389054134444,1681,1681
Kalutara,2014-09-14,0.6382622248661511,1681,1681
Kalutara,2014-09-30,0.6538004164187984,1681,1681
Kalutara,2014-10-16,0.7628390243902439,1681,1681
Kalutara,2014-11-01,0.8054369422962523,1681,1681
Kalutara,2014-11-17,0.6998292088042832,1681,1681
Kalutara,2014-12-03,0.806338013087448,1681,1681
Kalutara,2014-12-19,0.811640749553837,1681,1681
Kalutara,2015-01-01,0.788267757287329,1681,1681
Kalutara,2015-01-17,0.7711461629982154,1681,1681
Kalutara,2015-02-02,0.7854867340868531,1681,1681
Kalutara,2015-02-18,0.7684226650803094,1681,1681
Kalutara,2015-03-06,0.7943069006543724,1681,1681
Kalutara,2015-03-22,0.7914672218917312,1681,1681
Kalutara,2015-04-07,0.814318024985128,1681,1681
Kalutara,2015-04-23,0.8035405710886377,1681,1681
Kalutara,2015-05-09,0.7044612730517549,1681,1681
Kalutara,2015-05-25,0.708698512790006,1681,1681
Kalutara,2015-06-10,0.6742873289708506,1681,1681
Kalutara,2015-06-26,0.7322762046400951,1681,1681
Kalutara,2015-07-12,0.5930949434860202,1681,1681
Kalutara,2015-07-28,0.6977,1681,1681
Kalutara,2015-08-13,0.7784220107079121,1681,1681
Kalutara,2015-08-29,0.7105329565734682,1681,1681
Kalutara,2015-09-14,0.6443675788221297,1681,1681
Kalutara,2015-09-30,0.7554231409875074,1681,1681
Kalutara,2015-10-16,0.6595831647828674,1681,1681
Kalutara,2015-11-01,0.7265375966686497,1681,1681
Kalutara,2015-11-17,0.8106966091612136,1681,1681
Kalutara,2015-12-03,0.798033491969066,1681,1681
Kalutara,2015-12-19,0.8330302795954789,1681,1681
Kalutara,2016-01-01,0.8075729327781083,1681,1681
Kalutara,2016-01-17,0.7028694229625223,1681,1681
Kalutara,2016-02-02,0.7911667459845331,1681,1681
Kalutara,2016-02-18,0.760541284949435,1681,1681
Kalutara,2016-03-05,0.8207448542534207,1681,1681
Kalutara,2016-03-21,0.7945633551457466,1681,1681
Kalutara,2016-04-06,0.8011309339678763,1681,1681
Kalutara,2016-04-22,0.8083151100535396,1681,1681
Kalutara,2016-05-08,0.6929022010707913,1681,1681
Kalutara,2016-05-24,0.6387594883997622,1681,1681
Kalutara,2016-06-09,0.5613496728138013,1681,1681
Kalutara,2016-06-25,0.6911025580011898,1681,1681
Kalutara,2016-07-11,0.6369042236763831,1681,1681
Kalutara,2016-07-27,0.6613888756692445,1681,1681
Kalutara,2016-08-12,0.5230718619869126,1681,1681
Kalutara,2016-08-28,0.5716080904223676,1681,1681
Kalutara,2016-09-13,0.5609706127305176,1681,1681
Kalutara,2016-09-29,0.7118342653182629,1681,1681
Kalutara,2016-10-15,0.6403016061867935,1681,1681
Kalutara,2016-10-31,0.7046830357142857,1680,1681
Kalutara,2016-11-16,0.7033428911362285,1681,1681
Kalutara,2016-12-02,0.8039065437239739,1681,1681
Kalutara,2016-12-18,0.8258424747174301,1681,1681
Kalutara,2017-01-01,0.8157781082688875,1681,1681
Kalutara,2017-01-17,0.7977079119571684,1681,1681
Kalutara,2017-02-02,0.8085631766805473,1681,1681
Kalutara,2017-02-18,0.7363519928613921,1681,1681
Kalutara,2017-03-06,0.7769427126710292,1681,1681
Kalutara,2017-03-22,0.724465258774539,1681,1681
Kalutara,2017-04-07,0.667425758477097,1681,1681
Kalutara,2017-04-23,0.7732565734681738,1681,1681
Kalutara,2017-05-09,0.70387751338489,1681,1681
Kalutara,2017-05-25,0.562223022010708,1681,1681
Kalutara,2017-06-10,0.5278874479476503,1681,1681
Kalutara,2017-06-26,0.7670093991671625,1681,1681
Kalutara,2017-07-12,0.5822630577037478,1681,1681
Kalutara,2017-07-28,0.5215371207614515,1681,1681
Kalutara,2017-08-13,0.6732350981558596,1681,1681
Kalutara,2017-08-29,0.7132402736466389,1681,1681
Kalutara,2017-09-14,0.6735631171921476,1681,1681
Kalutara,2017-09-30,0.683778762641285,1681,1681
Kalutara,2017-10-16,0.7455420582986318,1681,1681
Kalutara,2017-11-01,0.7596631171921476,1681,1681
Kalutara,2017-11-17,0.6864388459250447,1681,1681
Kalutara,2017-12-03,0.8151180844735277,1681,1681
Kalutara,2017-12-19,0.8237092801903629,1681,1681
Kalutara,2018-01-01,0.810827007733492,1681,1681
Kalutara,2018-01-17,0.7866040452111839,1681,1681
Kalutara,2018-02-02,0.7757898869720405,1681,1681
Kalutara,2018-02-18,0.7844004164187984,1681,1681
Kalutara,2018-03-06,0.7862358120166568,1681,1681
Kalutara,2018-03-22,0.7678406305770376,1681,1681
Kalutara,2018-04-07,0.7907604402141584,1681,1681
Kalutara,2018-04-23,0.7081855443188579,1681,1681
Kalutara,2018-05-09,0.44023729922665084,1681,1681
Kalutara,2018-05-25,0.5563678762641285,1681,1681
Kalutara,2018-06-10,0.46467132659131466,1681,1681
Kalutara,2018-06-26,0.5577571088637716,1681,1681
Kalutara,2018-07-12,0.772837001784652,1681,1681
Kalutara,2018-07-28,0.6010401546698394,1681,1681
Kalutara,2018-08-13,0.6451970850684117,1681,1681
Kalutara,2018-08-29,0.7849323616894706,1681,1681
Kalutara,2018-09-14,0.6968377751338489,1681,1681
Kalutara,2018-09-30,0.5213606186793576,1681,1681
Kalutara,2018-10-16,0.7358619869125521,1681,1681
Kalutara,2018-11-01,0.8189058298631767,1681,1681
Kalutara,2018-11-17,0.8253275431290898,1681,1681
Kalutara,2018-12-03,0.8189436049970257,1681,1681
Kalutara,2018-12-19,0.8126769185008924,1681,1681
Kalutara,2019-01-01,0.8095696609161215,1681,1681
Kalutara,2019-01-17,0.7866276621058894,1681,1681
Kalutara,2019-02-02,0.804373765615705,1681,1681
Kalutara,2019-02-18,0.8001766210588935,1681,1681
Kalutara,2019-03-06,0.7788176680547294,1681,1681
Kalutara,2019-03-22,0.790261511005354,1681,1681
Kalutara,2019-04-07,0.7474859012492564,1681,1681
Kalutara,2019-04-23,0.7462985722784058,1681,1681
Kalutara,2019-05-09,0.6200314693634742,1681,1681
Kalutara,2019-05-25,0.6304806067816776,1681,1681
Kalutara,2019-06-10,0.7710151100535396,1681,1681
Kalutara,2019-06-26,0.7929293277810827,1681,1681
Kalutara,2019-07-12,0.616788518738846,1681,1681
Kalutara,2019-07-28,0.6085149315883404,1681,1681
Kalutara,2019-08-13,0.577706781677573,1681,1681
Kalutara,2019-08-29,0.7001882807852469,1681,1681
Kalutara,2019-09-14,0.5505374776918501,1681,1681
Kalutara,2019-09-30,0.760066508030934,1681,1681
Kalutara,2019-10-16,0.517498988697204,1681,1681
Kalutara,2019-11-01,0.7249713860797145,1681,1681
Kalutara,2019-11-17,0.7962762046400952,1681,1681
Kalutara,2019-12-03,0.7927016061867936,1681,1681
Kalutara,2019-12-19,0.8355753718024986,1681,1681
Kalutara,2020-01-01,0.835685246876859,1681,1681
Kalutara,2020-01-17,0.8129904223676384,1681,1681
Kalutara,2020-02-02,0.7973622843545509,1681,1681
Kalutara,2020-02-18,0.7719534205829863,1681,1681
Kalutara,2020-03-05,0.71537001784652,1681,1681
Kalutara,2020-03-21,0.7761497917906008,1681,1681
Kalutara,2020-04-06,0.7963189173111244,1681,1681
Kalutara,2020-04-22,0.6714024985127901,1681,1681
Kalutara,2020-05-08,0.7516475312314099,1681,1681
Kalutara,2020-05-24,0.7692568709101726,1681,1681
Kalutara,2020-06-09,0.6631402141582392,1681,1681
Kalutara,2020-06-25,0.8099810826888757,1681,1681
Kalutara,2020-07-11,0.5067929208804284,1681,1681
Kalutara,2020-07-27,0.42087376561570494,1681,1681
Kalutara,2020-08-12,0.7240111243307555,1681,1681
Kalutara,2020-08-28,0.4363990481856038,1681,1681
Kalutara,2020-09-13,0.4651411659726354,1681,1681
Kalutara,2020-09-29,0.604822248661511,1681,1681
Kalutara,2020-10-15,0.6831671624033314,1681,1681
Kalutara,2020-10-31,0.6707102914931589,1681,1681
Kalutara,2020-11-16,0.6988569303985722,1681,1681
Kalutara,2020-12-02,0.8318300416418799,1681,1681
Kalutara,2020-12-18,0.7934174301011303,1681,1681
Kalutara,2021-01-01,0.7907472337894111,1681,1681
Kalutara,2021-01-17,0.8206223081499108,1681,1681
Kalutara,2021-02-02,0.8090694824509221,1681,1681
Kalutara,2021-02-18,0.760508744794765,1681,1681
Kalutara,2021-03-06,0.7902926829268293,1681,1681
Kalutara,2021-03-22,0.7970349791790601,1681,1681
Kalutara,2021-04-07,0.732011005353956,1681,1681
Kalutara,2021-04-23,0.754959250446163,1681,1681
Kalutara,2021-05-09,0.6607391433670435,1681,1681
Kalutara,2021-05-25,0.5389421772754313,1681,1681
Kalutara,2021-06-10,0.7188809637120761,1681,1681
Kalutara,2021-06-26,0.5504296847114812,1681,1681
Kalutara,2021-07-12,0.586058001189768,1681,1681
Kalutara,2021-07-28,0.7068688280785247,1681,1681
Kalutara,2021-08-13,0.6815728138013087,1681,1681
Kalutara,2021-08-29,0.5480182629387269,1681,1681
Kalutara,2021-09-14,0.663664009518144,1681,1681
Kalutara,2021-09-30,0.5730648423557406,1681,1681
Kalutara,2021-10-16,0.6863143961927425,1681,1681
Kalutara,2021-11-01,0.7189550267697798,1681,1681
Kalutara,2021-11-17,0.8321950624628198,1681,1681
Kalutara,2021-12-03,0.7555437834622248,1681,1681
Kalutara,2021-12-19,0.8150602022605592,1681,1681
Kalutara,2022-01-01,0.7948581796549673,1681,1681
Kalutara,2022-01-17,0.8074793575252825,1681,1681
Kalutara,2022-02-02,0.7838104104699584,1681,1681
Kalutara,2022-02-18,0.7593484830458062,1681,1681
Kalutara,2022-03-06,0.7732817965496729,1681,1681
Kalutara,2022-03-22,0.7799896490184414,1681,1681
Kalutara,2022-04-07,0.7375940511600239,1681,1681
Kalutara,2022-04-23,0.7670186198691256,1681,1681
Kalutara,2022-05-09,0.6987695419393218,1681,1681
Kalutara,2022-05-25,0.6999528256989888,1681,1681
Kalutara,2022-06-10,0.6222065437239739,1681,1681
Kalutara,2022-06-26,0.6096198096371208,1681,1681
Kalutara,2022-07-12,0.5765361094586556,1681,1681
Kalutara,2022-07-28,0.6550592857142857,1680,1681
Kalutara,2022-08-13,0.5784795359904819,1681,1681
Kalutara,2022-08-29,0.5979353361094587,1681,1681
Kalutara,2022-09-14,0.7198082093991671,1681,1681
Kalutara,2022-09-30,0.5228071386079715,1681,1681
Kalutara,2022-10-16,0.8299236763831054,1681,1681
Kalutara,2022-11-01,0.6949973825104104,1681,1681
Kalutara,2022-11-17,0.7746960142772159,1681,1681
Kalutara,2022-12-03,0.7916121356335515,1681,1681
Kalutara,2022-12-19,0.7964745984533016,1681,1681
Kalutara,2023-01-01,0.6981756692444974,1681,1681
Kalutara,2023-01-17,0.8096108863771565,1681,1681
Kalutara,2023-02-02,0.8122126115407496,1681,1681
Kalutara,2023-02-18,0.794616002379536,1681,1681
Kalutara,2023-03-06,0.8335778108268888,1681,1681
Kalutara,2023-03-22,0.723339738251041,1681,1681
Kalutara,2023-04-07,0.7972837001784652,1681,1681
Kalutara,2023-04-23,0.4950830458060678,1681,1681
Kalutara,2023-05-09,0.6647629387269482,1681,1681
Kalutara,2023-05-25,0.6981308149910768,1681,1681
Kalutara,2023-06-10,0.6257525877453897,1681,1681
Kalutara,2023-06-26,0.43551766805472936,1681,1681
Kalutara,2023-07-12,0.6356165972635337,1681,1681
Kalutara,2023-07-28,0.6334041046995836,1681,1681
Kalutara,2023-08-13,0.739555502676978,1681,1681
Kalutara,2023-08-29,0.5309699583581201,1681,1681
Kalutara,2023-09-14,0.6802707317073171,1681,1681
Kalutara,2023-09-30,0.560028256989887,1681,1681
Kalutara,2023-10-16,0.8109434860202261,1681,1681
Kalutara,2023-11-01,0.7995323616894705,1681,1681
Kalutara,2023-11-17,0.7924192742415229,1681,1681
Kalutara,2023-12-03,0.817911005353956,1681,1681
Kalutara,2023-12-19,0.8181660916121357,1681,1681
Kalutara,2024-01-01,0.7844389054134444,1681,1681
Kalutara,2024-01-17,0.8209123735871505,1681,1681
Kalutara,2024-02-02,0.7936023200475908,1681,1681
Kalutara,2024-02-18,0.8126624033313504,1681,1681
Kalutara,2024-03-05,0.7990061867935753,1681,1681
Kalutara,2024-03-21,0.7769268292682927,1681,1681
Kandy,2012-09-13,0.623483997620464,1681,1681
Kandy,2012-09-29,0.5878774538964902,1681,1681
Kandy,2012-10-15,0.6632980963712076,1681,1681
Kandy,2012-10-31,0.7393041046995836,1681,1681
Kandy,2012-11-16,0.7607717430101131,1681,1681
Kandy,2012-12-02,0.7665895895300417,1681,1681
Kandy,2012-12-18,0.6184630952380953,1680,1681
Kandy,2013-01-01,0.7546220369267421,1679,1681
Kandy,2013-01-17,0.7653157049375372,1681,1681
Kandy,2013-02-02,0.7447902439024391,1681,1681
Kandy,2013-02-18,0.7239690660321237,1681,1681
Kandy,2013-03-06,0.7274008328375967,1681,1681
Kandy,2013-03-22,0.7320164187983343,1681,1681
Kandy,2013-04-07,0.7244194527067223,1681,1681
Kandy,2013-04-23,0.7413473527662107,1681,1681
Kandy,2013-05-09,0.7223219512195123,1681,1681
Kandy,2013-05-25,0.6217707911957169,1681,1681
Kandy,2013-06-10,0.4358341463414634,1681,1681
Kandy,2013-06-26,0.6412123140987508,1681,1681
Kandy,2013-07-12,0.5787334324806663,1681,1681
Kandy,2013-07-28,0.6610016656751934,1681,1681
Kandy,2013-08-13,0.7368356335514574,1681,1681
Kandy,2013-08-29,0.7273560975609756,1681,1681
Kandy,2013-09-14,0.7521374182034504,1681,1681
Kandy,2013-09-30,0.756881261154075,1681,1681
Kandy,2013-10-16,0.7206791195716835,1681,1681
Kandy,2013-11-01,0.7026462819750149,1681,1681
Kandy,2013-11-17,0.7693801903628793,1681,1681
Kandy,2013-12-03,0.6144650803093397,1681,1681
Kandy,2013-12-19,0.7504966091612136,1681,1681
Kandy,2014-01-01,0.7713185008923261,1681,1681
Kandy,2014-01-17,0.7391834622248662,1681,1681
Kandy,2014-02-02,0.7083857227840571,1681,1681
Kandy,2014-02-18,0.6628225461035099,1681,1681
Kandy,2014-03-06,0.6499064247471744,1681,1681
Kandy,2014-03-22,0.625758774538965,1681,1681
Kandy,2014-04-07,0.6475298036882808,1681,1681
Kandy,2014-04-23,0.6808039262343843,1681,1681
Kandy,2014-05-09,0.7375824509220702,1681,1681
Kandy,2014-05-25,0.7453880428316478,1681,1681
Kandy,2014-06-10,0.6627193337299228,1681,1681
Kandy,2014-06-26,0.7054268887566925,1681,1681
Kandy,2014-07-12,0.6096978584176086,1681,1681
Kandy,2014-07-28,0.5608108863771565,1681,1681
Kandy,2014-08-13,0.6878665675193337,1681,1681
Kandy,2014-08-29,0.6753721594289114,1681,1681
Kandy,2014-09-14,0.7108523497917906,1681,1681
Kandy,2014-09-30,0.7291839381320643,1681,1681
Kandy,2014-10-16,0.7666039262343843,1681,1681
Kandy,2014-11-01,0.7704740630577037,1681,1681
Kandy,2014-11-17,0.8425412254610352,1681,1681
Kandy,2014-12-03,0.8051999405116003,1681,1681
Kandy,2014-12-19,0.7386019335347432,1655,1681
Kandy,2015-01-01,0.7542519642857143,1680,1681
Kandy,2015-01-17,0.7240412254610351,1681,1681
Kandy,2015-02-02,0.7384575847709697,1681,1681
Kandy,2015-02-18,0.7054797144556813,1681,1681
Kandy,2015-03-06,0.6989173111243308,1681,1681
Kandy,2015-03-22,0.6862805472932778,1681,1681
Kandy,2015-04-07,0.7128932183224271,1681,1681
Kandy,2015-04-23,0.7528005948839976,1681,1681
Kandy,2015-05-09,0.6509299226650803,1681,1681
Kandy,2015-05-25,0.7433328970850684,1681,1681
Kandy,2015-06-10,0.7275950624628198,1681,1681
Kandy,2015-06-26,0.6753076740035693,1681,1681
Kandy,2015-07-12,0.5934840571088638,1681,1681
Kandy,2015-07-28,0.668158536585366,1681,1681
Kandy,2015-08-13,0.7182549672813802,1681,1681
Kandy,2015-08-29,0.6219151695419394,1681,1681
Kandy,2015-09-14,0.6635886377156455,1681,1681
Kandy,2015-09-30,0.7665469958358121,1681,1681
Kandy,2015-10-16,0.6914641284949434,1681,1681
Kandy,2015-11-01,0.5192611540749554,1681,1681
Kandy,2015-11-17,0.7512368828078525,1681,1681
Kandy,2015-12-03,0.790267142857143,1680,1681
Kandy,2015-12-19,0.7735359904818561,1681,1681
Kandy,2016-01-01,0.7675359309934563,1681,1681
Kandy,2016-01-17,0.7392455681142177,1681,1681
Kandy,2016-02-02,0.7050847114812612,1681,1681
Kandy,2016-02-18,0.6594314693634742,1681,1681
Kandy,2016-03-05,0.7002246876859013,1681,1681
Kandy,2016-03-21,0.6464976204640096,1681,1681
Kandy,2016-04-06,0.7190823319452707,1681,1681
Kandy,2016-04-22,0.753207019631172,1681,1681
Kandy,2016-05-08,0.6799170731707317,1681,1681
Kandy,2016-05-24,0.6298813801308745,1681,1681
Kandy,2016-06-09,0.6305337299226651,1681,1681
Kandy,2016-06-25,0.6572125520523497,1681,1681
Kandy,2016-07-11,0.6236865556216538,1681,1681
Kandy,2016-07-27,0.6775758477096966,1681,1681
Kandy,2016-08-12,0.5679411659726354,1681,1681
Kandy,2016-08-28,0.5615231409875074,1681,1681
Kandy,2016-09-13,0.5391043426531826,1681,1681
Kandy,2016-09-29,0.5922324806662701,1681,1681
Kandy,2016-10-15,0.6246552052349792,1681,1681
Kandy,2016-10-31,0.6941609161213563,1681,1681
Kandy,2016-11-16,0.7330296847114812,1681,1681
Kandy,2016-12-02,0.7655215348007138,1681,1681
Kandy,2016-12-18,0.775512016656752,1681,1681
Kandy,2017-01-01,0.7598418203450328,1681,1681
Kandy,2017-01-17,0.7770199286139203,1681,1681
Kandy,2017-02-02,0.7652312314098751,1681,1681
Kandy,2017-02-18,0.754405770374777,1681,1681
Kandy,2017-03-06,0.7706080904223677,1681,1681
Kandy,2017-03-22,0.7528164187983344,1681,1681
Kandy,2017-04-07,0.7517731112433076,1681,1681
Kandy,2017-04-23,0.7325081499107674,1681,1681
Kandy,2017-05-09,0.664433254015467,1681,1681
Kandy,2017-05-25,0.5709757287328971,1681,1681
Kandy,2017-06-10,0.6354605591909578,1681,1681
Kandy,2017-06-26,0.6616267102914932,1681,1681
Kandy,2017-07-12,0.6247460440214159,1681,1681
Kandy,2017-07-28,0.6351635336109459,1681,1681
Kandy,2017-08-13,0.6560356930398573,1681,1681
Kandy,2017-08-29,0.6882756097560976,1681,1681
Kandy,2017-09-14,0.7540637120761452,1681,1681
Kandy,2017-09-30,0.6832048780487805,1681,1681
Kandy,2017-10-16,0.7831530636525877,1681,1681
Kandy,2017-11-01,0.7641023795359905,1681,1681
Kandy,2017-11-17,0.7931763831052945,1681,1681
Kandy,2017-12-03,0.7933897085068412,1681,1681
Kandy,2017-12-19,0.7867834027364664,1681,1681
Kandy,2018-01-01,0.7586886377156455,1681,1681
Kandy,2018-01-17,0.7414132064247473,1681,1681
Kandy,2018-02-02,0.7430358715050566,1681,1681
Kandy,2018-02-18,0.725113741820345,1681,1681
Kandy,2018-03-06,0.707043248066627,1681,1681
Kandy,2018-03-22,0.6989843545508626,1681,1681
Kandy,2018-04-07,0.7514930398572278,1681,1681
Kandy,2018-04-23,0.7418268887566924,1681,1681
Kandy,2018-05-09,0.6360301606186795,1681,1681
Kandy,2018-05-25,0.6051516954193933,1681,1681
Kandy,2018-06-10,0.5769564544913742,1681,1681
Kandy,2018-06-26,0.6799573468173706,1681,1681
Kandy,2018-07-12,0.7517861392028554,1681,1681
Kandy,2018-07-28,0.5543156454491375,1681,1681
Kandy,2018-08-13,0.6095602617489589,1681,1681
Kandy,2018-08-29,0.7079513384889947,1681,1681
Kandy,2018-09-14,0.6950232004759073,1681,1681
Kandy,2018-09-30,0.6974889946460441,1681,1681
Kandy,2018-10-16,0.754213503866746,1681,1681
Kandy,2018-11-01,0.7510904818560381,1681,1681
Kandy,2018-11-17,0.7791439024390244,1681,1681
Kandy,2018-12-03,0.7413062462819751,1681,1681
Kandy,2018-12-19,0.764483759666865,1681,1681
Kandy,2019-01-01,0.7540700595238096,1680,1681
Kandy,2019-01-17,0.7226574063057705,1681,1681
Kandy,2019-02-02,0.7362639500297443,1681,1681
Kandy,2019-02-18,0.711569006543724,1681,1681
Kandy,2019-03-06,0.684549018441404,1681,1681
Kandy,2019-03-22,0.6500326591314693,1681,1681
Kandy,2019-04-07,0.6877967876264129,1681,1681
Kandy,2019-04-23,0.7487728732897085,1681,1681
Kandy,2019-05-09,0.7465928019036289,1681,1681
Kandy,2019-05-25,0.7421851873884593,1681,1681
Kandy,2019-06-10,0.5963438429506247,1681,1681
Kandy,2019-06-26,0.7029329565734682,1681,1681
Kandy,2019-07-12,0.5310719214753123,1681,1681
Kandy,2019-07-28,0.5248797739440809,1681,1681
Kandy,2019-08-13,0.487182748364069,1681,1681
Kandy,2019-08-29,0.6811637120761451,1681,1681
Kandy,2019-09-14,0.5997381320642475,1681,1681
Kandy,2019-09-30,0.7613283164782867,1681,1681
Kandy,2019-10-16,0.5838660321237359,1681,1681
Kandy,2019-11-01,0.7807772754312909,1681,1681
Kandy,2019-11-17,0.7594719214753124,1681,1681
Kandy,2019-12-03,0.7462928613920287,1681,1681
Kandy,2019-12-19,0.7921767995240928,1681,1681
Kandy,2020-01-01,0.7668523497917906,1681,1681
Kandy,2020-01-17,0.7446913741820346,1681,1681
Kandy,2020-02-02,0.7319146341463415,1681,1681
Kandy,2020-02-18,0.6930780487804878,1681,1681
Kandy,2020-03-05,0.6648721594289114,1681,1681
Kandy,2020-03-21,0.6346778703152886,1681,1681
Kandy,2020-04-06,0.6643411064842356,1681,1681
Kandy,2020-04-22,0.7228958358120168,1681,1681
Kandy,2020-05-08,0.7400375966686497,1681,1681
Kandy,2020-05-24,0.7749421177870316,1681,1681
Kandy,2020-06-09,0.7107996430696015,1681,1681
Kandy,2020-06-25,0.766340749553837,1681,1681
Kandy,2020-07-11,0.7079497917906009,1681,1681
Kandy,2020-07-27,0.5958674003569304,1681,1681
Kandy,2020-08-12,0.7350080904223676,1681,1681
Kandy,2020-08-28,0.6521690660321238,1681,1681
Kandy,2020-09-13,0.6155036287923855,1681,1681
Kandy,2020-09-29,0.7315565734681737,1681,1681
Kandy,2020-10-15,0.7249512195121952,1681,1681
Kandy,2020-10-31,0.7239023795359905,1681,1681
Kandy,2020-11-16,0.7665325401546699,1681,1681
Kandy,2020-12-02,0.7749046995835812,1681,1681
Kandy,2020-12-18,0.7919299821534801,1681,1681
Kandy,2021-01-01,0.7230686496133254,1681,1681
Kandy,2021-01-17,0.7755701963117193,1681,1681
Kandy,2021-02-02,0.7452940511600239,1681,1681
Kandy,2021-02-18,0.7251189767995241,1681,1681
Kandy,2021-03-06,0.707336287923855,1681,1681
Kandy,2021-03-22,0.6691331945270672,1681,1681
Kandy,2021-04-07,0.7354763236168947,1681,1681
Kandy,2021-04-23,0.7357169541939322,1681,1681
Kandy,2021-05-09,0.7254848899464604,1681,1681
Kandy,2021-05-25,0.7172753123140988,1681,1681
Kandy,2021-06-10,0.7112692444973231,1681,1681
Kandy,2021-06-26,0.6645796549672814,1681,1681
Kandy,2021-07-12,0.6839540749553837,1681,1681
Kandy,2021-07-28,0.7003202855443188,1681,1681
Kandy,2021-08-13,0.7297530636525877,1681,1681
Kandy,2021-08-29,0.6838499702558002,1681,1681
Kandy,2021-09-14,0.6935093991671625,1681,1681
Kandy,2021-09-30,0.700064782867341,1681,1681
Kandy,2021-10-16,0.781108506841166,1681,1681
Kandy,2021-11-01,0.7068756692444973,1681,1681
Kandy,2021-11-17,0.7951190362879239,1681,1681
Kandy,2021-12-03,0.7797878643664485,1681,1681
Kandy,2021-12-19,0.7539216537775134,1681,1681
Kandy,2022-01-01,0.762515526472338,1681,1681
Kandy,2022-01-17,0.7415801308744795,1681,1681
Kandy,2022-02-02,0.6810960142772159,1681,1681
Kandy,2022-02-18,0.7115920880428317,1681,1681
Kandy,2022-03-06,0.7009061867935753,1681,1681
Kandy,2022-03-22,0.6959144556811422,1681,1681
Kandy,2022-04-07,0.7552384295062463,1681,1681
Kandy,2022-04-23,0.7597314098750745,1681,1681
Kandy,2022-05-09,0.5960723378941107,1681,1681
Kandy,2022-05-25,0.7821884592504462,1681,1681
Kandy,2022-06-10,0.7255658536585367,1681,1681
Kandy,2022-06-26,0.6033559190957763,1681,1681
Kandy,2022-07-12,0.7895815585960738,1681,1681
Kandy,2022-07-28,0.7540596648713346,1671,1681
Kandy,2022-08-13,0.6915314472900537,1679,1681
Kandy,2022-08-29,0.6547905413444379,1681,1681
Kandy,2022-09-14,0.7075301011302796,1681,1681
Kandy,2022-09-30,0.6556588935157645,1681,1681
Kandy,2022-10-16,0.7480184414039263,1681,1681
Kandy,2022-11-01,0.709476740035693,1681,1681
Kandy,2022-11-17,0.7623269482450922,1681,1681
Kandy,2022-12-03,0.7755031528851875,1681,1681
Kandy,2022-12-19,0.764028630952381,1680,1681
Kandy,2023-01-01,0.7516280785246877,1681,1681
Kandy,2023-01-17,0.7392133254015467,1681,1681
Kandy,2023-02-02,0.7312240928019036,1681,1681
Kandy,2023-02-18,0.7209915526472338,1681,1681
Kandy,2023-03-06,0.6926802498512791,1681,1681
Kandy,2023-03-22,0.7249392028554432,1681,1681
Kandy,2023-04-07,0.7394637120761451,1681,1681
Kandy,2023-04-23,0.7507898274836408,1681,1681
Kandy,2023-05-09,0.7777522903033909,1681,1681
Kandy,2023-05-25,0.7598165377751339,1681,1681
Kandy,2023-06-10,0.6042752528256989,1681,1681
Kandy,2023-06-26,0.4674036287923855,1681,1681
Kandy,2023-07-12,0.6927277215942892,1681,1681
Kandy,2023-07-28,0.674626769779893,1681,1681
Kandy,2023-08-13,0.6508079714455681,1681,1681
Kandy,2023-08-29,0.6644495538370019,1681,1681
Kandy,2023-09-14,0.7288543723973825,1681,1681
Kandy,2023-09-30,0.7749017846519929,1681,1681
Kandy,2023-10-16,0.7577797144556813,1681,1681
Kandy,2023-11-01,0.769660035735557,1679,1681
Kandy,2023-11-17,0.7774180946674656,1669,1681
Kandy,2023-12-03,0.7703836710369487,1678,1681
Kandy,2023-12-19,0.7658424747174302,1681,1681
Kandy,2024-01-01,0.7795781082688876,1681,1681
Kandy,2024-01-17,0.7757539559785842,1681,1681
Kandy,2024-02-02,0.7431470553242118,1681,1681
Kandy,2024-02-18,0.7212263533610946,1681,1681
Kandy,2024-03-05,0.7149466983938133,1681,1681
Kandy,2024-03-21,0.6765495538370019,1681,1681
Kegalle,2012-09-13,0.784068768590125,1681,1681
Kegalle,2012-09-29,0.8073757882212969,1681,1681
Kegalle,2012-10-15,0.7723149910767401,1681,1681
Kegalle,2012-10-31,0.8355371802498512,1681,1681
Kegalle,2012-11-16,0.8402902439024391,1681,1681
Kegalle,2012-12-02,0.8427763236168947,1681,1681
Kegalle,2012-12-18,0.7527512790005949,1681,1681
Kegalle,2013-01-01,0.8119433075550269,1681,1681
Kegalle,2013-01-17,0.826151516954194,1681,1681
Kegalle,2013-02-02,0.775542772159429,1681,1681
Kegalle,2013-02-18,0.813815764425937,1681,1681
Kegalle,2013-03-06,0.8452129089827484,1681,1681
Kegalle,2013-03-22,0.7762817370612731,1681,1681
Kegalle,2013-04-07,0.8324769185008923,1681,1681
Kegalle,2013-04-23,0.7859463414634146,1681,1681
Kegalle,2013-05-09,0.7465434860202261,1681,1681
Kegalle,2013-05-25,0.6643110648423557,1681,1681
Kegalle,2013-06-10,0.2797300416418798,1681,1681
Kegalle,2013-06-26,0.3990139797739441,1681,1681
Kegalle,2013-07-12,0.6134628792385486,1681,1681
Kegalle,2013-07-28,0.5163399167162404,1681,1681
Kegalle,2013-08-13,0.6475939285714286,1680,1681
Kegalle,2013-08-29,0.8196066032123736,1681,1681
Kegalle,2013-09-14,0.7510238548483046,1681,1681
Kegalle,2013-09-30,0.7969964901844141,1681,1681
Kegalle,2013-10-16,0.7612126115407496,1681,1681
Kegalle,2013-11-01,0.7037720999405117,1681,1681
Kegalle,2013-11-17,0.7965796549672814,1681,1681
Kegalle,2013-12-03,0.7111107079119572,1681,1681
Kegalle,2013-12-19,0.8314924449732302,1681,1681
Kegalle,2014-01-01,0.8112385484830459,1681,1681
Kegalle,2014-01-17,0.7719979773944081,1681,1681
Kegalle,2014-02-02,0.7781008923259964,1681,1681
Kegalle,2014-02-18,0.8013072575847711,1681,1681
Kegalle,2014-03-06,0.7884342058298632,1681,1681
Kegalle,2014-03-22,0.8111005948839977,1681,1681
Kegalle,2014-04-07,0.8197813206424748,1681,1681
Kegalle,2014-04-23,0.8129155859607377,1681,1681
Kegalle,2014-05-09,0.6671841165972635,1681,1681
Kegalle,2014-05-25,0.7111356335514575,1681,1681
Kegalle,2014-06-10,0.6703376561570493,1681,1681
Kegalle,2014-06-26,0.5823988102320048,1681,1681
Kegalle,2014-07-12,0.5716932183224271,1681,1681
Kegalle,2014-07-28,0.8275511005353956,1681,1681
Kegalle,2014-08-13,0.6808220701963117,1681,1681
Kegalle,2014-08-29,0.5851278405710887,1681,1681
Kegalle,2014-09-14,0.7947613325401547,1681,1681
Kegalle,2014-09-30,0.7334886904761905,1680,1681
Kegalle,2014-10-16,0.7860640643623361,1678,1681
Kegalle,2014-11-01,0.8350289708506842,1681,1681
Kegalle,2014-11-17,0.7467656157049375,1681,1681
Kegalle,2014-12-03,0.8499713860797145,1681,1681
Kegalle,2014-12-19,0.8297622843545509,1681,1681
Kegalle,2015-01-01,0.8393909577632361,1681,1681
Kegalle,2015-01-17,0.7832838191552648,1681,1681
Kegalle,2015-02-02,0.8015346222486616,1681,1681
Kegalle,2015-02-18,0.8017104699583582,1681,1681
Kegalle,2015-03-06,0.8124715645449139,1681,1681
Kegalle,2015-03-22,0.8237489589530042,1681,1681
Kegalle,2015-04-07,0.8522057108863772,1681,1681
Kegalle,2015-04-23,0.8426013087447948,1681,1681
Kegalle,2015-05-09,0.6168756097560976,1681,1681
Kegalle,2015-05-25,0.8263312314098751,1681,1681
Kegalle,2015-06-10,0.8106711481261155,1681,1681
Kegalle,2015-06-26,0.750366270077335,1681,1681
Kegalle,2015-07-12,0.482572754312909,1681,1681
Kegalle,2015-07-28,0.789964247471743,1681,1681
Kegalle,2015-08-13,0.8199568709101724,1681,1681
Kegalle,2015-08-29,0.8098020820939917,1681,1681
Kegalle,2015-09-14,0.7577113027959549,1681,1681
Kegalle,2015-09-30,0.7827176785714286,1680,1681
Kegalle,2015-10-16,0.6437403926234384,1681,1681
Kegalle,2015-11-01,0.6202674598453302,1681,1681
Kegalle,2015-11-17,0.8392763236168947,1681,1681
Kegalle,2015-12-03,0.6237379535990482,1681,1681
Kegalle,2015-12-19,0.8596853063652589,1681,1681
Kegalle,2016-01-01,0.8486453301606187,1681,1681
Kegalle,2016-01-17,0.8334069601427723,1681,1681
Kegalle,2016-02-02,0.7913826293872696,1681,1681
Kegalle,2016-02-18,0.8443867935752529,1681,1681
Kegalle,2016-03-05,0.8210088637715646,1681,1681
Kegalle,2016-03-21,0.8301738845925045,1681,1681
Kegalle,2016-04-06,0.8462534205829864,1681,1681
Kegalle,2016-04-22,0.8342311124330756,1681,1681
Kegalle,2016-05-08,0.6032858417608566,1681,1681
Kegalle,2016-05-24,0.7456317073170732,1681,1681
Kegalle,2016-06-09,0.5379604402141583,1681,1681
Kegalle,2016-06-25,0.6583533610945866,1681,1681
Kegalle,2016-07-11,0.5238965496728137,1681,1681
Kegalle,2016-07-27,0.7290245833333334,1680,1681
Kegalle,2016-08-12,0.5503724568709102,1681,1681
Kegalle,2016-08-28,0.6064583581201666,1681,1681
Kegalle,2016-09-13,0.529562760261749,1681,1681
Kegalle,2016-09-29,0.6721856038072576,1681,1681
Kegalle,2016-10-15,0.7859115407495538,1681,1681
Kegalle,2016-10-31,0.7369020226055919,1681,1681
Kegalle,2016-11-16,0.8508044616299821,1681,1681
Kegalle,2016-12-02,0.8351553242117787,1681,1681
Kegalle,2016-12-18,0.8474751933372993,1681,1681
Kegalle,2017-01-01,0.8248284354550862,1681,1681
Kegalle,2017-01-17,0.8163242117787032,1681,1681
Kegalle,2017-02-02,0.811643248066627,1681,1681
Kegalle,2017-02-18,0.7914704342653183,1681,1681
Kegalle,2017-03-06,0.792271267102915,1681,1681
Kegalle,2017-03-22,0.8178237358715051,1681,1681
Kegalle,2017-04-07,0.8099757882212969,1681,1681
Kegalle,2017-04-23,0.863097739440809,1681,1681
Kegalle,2017-05-09,0.7812113027959549,1681,1681
Kegalle,2017-05-25,0.539895776323617,1681,1681
Kegalle,2017-06-10,0.5993945238095238,1680,1681
Kegalle,2017-06-26,0.6339911957168353,1681,1681
Kegalle,2017-07-12,0.7236600832837596,1681,1681
Kegalle,2017-07-28,0.5730633551457466,1681,1681
Kegalle,2017-08-13,0.7872403331350387,1681,1681
Kegalle,2017-08-29,0.7812543129089828,1681,1681
Kegalle,2017-09-14,0.7359684711481261,1681,1681
Kegalle,2017-09-30,0.7220633710541989,1679,1681
Kegalle,2017-10-16,0.8275478286734088,1681,1681
Kegalle,2017-11-01,0.8402778703152887,1681,1681
Kegalle,2017-11-17,0.8687538370017847,1681,1681
Kegalle,2017-12-03,0.8530370017846521,1681,1681
Kegalle,2017-12-19,0.855551516954194,1681,1681
Kegalle,2018-01-01,0.8276209399167163,1681,1681
Kegalle,2018-01-17,0.8039937537180251,1681,1681
Kegalle,2018-02-02,0.8324776323616895,1681,1681
Kegalle,2018-02-18,0.8106547888161809,1681,1681
Kegalle,2018-03-06,0.8146462224866151,1681,1681
Kegalle,2018-03-22,0.832454253420583,1681,1681
Kegalle,2018-04-07,0.8773008328375967,1681,1681
Kegalle,2018-04-23,0.8479738251041047,1681,1681
Kegalle,2018-05-09,0.7464319452706722,1681,1681
Kegalle,2018-05-25,0.5789817370612731,1681,1681
Kegalle,2018-06-10,0.5863941701368234,1681,1681
Kegalle,2018-06-26,0.619060261748959,1681,1681
Kegalle,2018-07-12,0.8509061273051756,1681,1681
Kegalle,2018-07-28,0.43346983938132067,1681,1681
Kegalle,2018-08-13,0.6709116002379537,1681,1681
Kegalle,2018-08-29,0.8338465794170138,1681,1681
Kegalle,2018-09-14,0.7695774538964902,1681,1681
Kegalle,2018-09-30,0.7507269642857143,1680,1681
Kegalle,2018-10-16,0.7741441403926235,1681,1681
Kegalle,2018-11-01,0.8479064247471743,1681,1681
Kegalle,2018-11-17,0.8583115407495538,1681,1681
Kegalle,2018-12-03,0.8433683521713267,1681,1681
Kegalle,2018-12-19,0.8405258774538965,1681,1681
Kegalle,2019-01-01,0.828518262938727,1681,1681
Kegalle,2019-01-17,0.7974526472337895,1681,1681
Kegalle,2019-02-02,0.8129867340868531,1681,1681
Kegalle,2019-02-18,0.7960644854253421,1681,1681
Kegalle,2019-03-06,0.8277160618679358,1681,1681
Kegalle,2019-03-22,0.8248953599048185,1681,1681
Kegalle,2019-04-07,0.8406732302201072,1681,1681
Kegalle,2019-04-23,0.8417709696609161,1681,1681
Kegalle,2019-05-09,0.7603234523809524,1680,1681
Kegalle,2019-05-25,0.7267832837596668,1681,1681
Kegalle,2019-06-10,0.6012585365853659,1681,1681
Kegalle,2019-06-26,0.774558001189768,1681,1681
Kegalle,2019-07-12,0.4787694824509221,1681,1681
Kegalle,2019-07-28,0.5818434265318263,1681,1681
Kegalle,2019-08-13,0.4446205829863177,1681,1681
Kegalle,2019-08-29,0.7567305952380953,1680,1681
Kegalle,2019-09-14,0.6364844735276621,1681,1681
Kegalle,2019-09-30,0.8157255800118977,1681,1681
Kegalle,2019-10-16,0.6111631171921476,1681,1681
Kegalle,2019-11-01,0.8279289708506842,1681,1681
Kegalle,2019-11-17,0.8500658536585367,1681,1681
Kegalle,2019-12-03,0.8452104699583581,1681,1681
Kegalle,2019-12-19,0.8578436049970256,1681,1681
Kegalle,2020-01-01,0.8526926234384296,1681,1681
Kegalle,2020-01-17,0.8046580606781678,1681,1681
Kegalle,2020-02-02,0.8064807257584772,1681,1681
Kegalle,2020-02-18,0.8158920880428316,1681,1681
Kegalle,2020-03-05,0.7997337894110649,1681,1681
Kegalle,2020-03-21,0.8011623438429507,1681,1681
Kegalle,2020-04-06,0.8243969066032123,1681,1681
Kegalle,2020-04-22,0.8470059488399763,1681,1681
Kegalle,2020-05-08,0.8607694229625225,1681,1681
Kegalle,2020-05-24,0.8149176680547294,1681,1681
Kegalle,2020-06-09,0.6984585365853659,1681,1681
Kegalle,2020-06-25,0.6554991076740037,1681,1681
Kegalle,2020-07-11,0.6438348602022606,1681,1681
Kegalle,2020-07-27,0.23402873289708506,1681,1681
Kegalle,2020-08-12,0.7885605591909578,1681,1681
Kegalle,2020-08-28,0.4578908387864367,1681,1681
Kegalle,2020-09-13,0.5346973825104104,1681,1681
Kegalle,2020-09-29,0.6357922070196311,1681,1681
Kegalle,2020-10-15,0.7754926234384295,1681,1681
Kegalle,2020-10-31,0.7937468768590126,1681,1681
Kegalle,2020-11-16,0.8626244497323021,1681,1681
Kegalle,2020-12-02,0.8504978584176086,1681,1681
Kegalle,2020-12-18,0.801355264723379,1681,1681
Kegalle,2021-01-01,0.5533681737061273,1681,1681
Kegalle,2021-01-17,0.8493277810826889,1681,1681
Kegalle,2021-02-02,0.7937033313503866,1681,1681
Kegalle,2021-02-18,0.7941641879833433,1681,1681
Kegalle,2021-03-06,0.8188509220701964,1681,1681
Kegalle,2021-03-22,0.7257133254015468,1681,1681
Kegalle,2021-04-07,0.8320212968471149,1681,1681
Kegalle,2021-04-23,0.8445728138013089,1681,1681
Kegalle,2021-05-09,0.8215153480071385,1681,1681
Kegalle,2021-05-25,0.6864463414634147,1681,1681
Kegalle,2021-06-10,0.7550764880952381,1680,1681
Kegalle,2021-06-26,0.7209157738095239,1680,1681
Kegalle,2021-07-12,0.5663685901249256,1681,1681
Kegalle,2021-07-28,0.7408048780487805,1681,1681
Kegalle,2021-08-13,0.7203559190957763,1681,1681
Kegalle,2021-08-29,0.5722520523497918,1681,1681
Kegalle,2021-09-14,0.7333591909577633,1681,1681
Kegalle,2021-09-30,0.806670255800119,1681,1681
Kegalle,2021-10-16,0.7438351576442594,1681,1681
Kegalle,2021-11-01,0.6125221891731112,1681,1681
Kegalle,2021-11-17,0.859632242712671,1681,1681
Kegalle,2021-12-03,0.8555525282569899,1681,1681
Kegalle,2021-12-19,0.8406353361094587,1681,1681
Kegalle,2022-01-01,0.8383402141582392,1681,1681
Kegalle,2022-01-17,0.820075550267698,1681,1681
Kegalle,2022-02-02,0.779608506841166,1681,1681
Kegalle,2022-02-18,0.8366541939321833,1681,1681
Kegalle,2022-03-06,0.822939262343843,1681,1681
Kegalle,2022-03-22,0.8465963712076146,1681,1681
Kegalle,2022-04-07,0.8553240928019037,1681,1681
Kegalle,2022-04-23,0.820674538964902,1681,1681
Kegalle,2022-05-09,0.5172256989886973,1681,1681
Kegalle,2022-05-25,0.7898415823914338,1681,1681
Kegalle,2022-06-10,0.7751612730517549,1681,1681
Kegalle,2022-06-26,0.6632329565734681,1681,1681
Kegalle,2022-07-12,0.7981963712076146,1681,1681
Kegalle,2022-07-28,0.5710306960142773,1681,1681
Kegalle,2022-08-13,0.6732099345627603,1681,1681
Kegalle,2022-08-29,0.7268959547888162,1681,1681
Kegalle,2022-09-14,0.743001011302796,1681,1681
Kegalle,2022-09-30,0.7076029744199881,1681,1681
Kegalle,2022-10-16,0.860200773349197,1681,1681
Kegalle,2022-11-01,0.7755243902439024,1681,1681
Kegalle,2022-11-17,0.8352487209994052,1681,1681
Kegalle,2022-12-03,0.8244420582986319,1681,1681
Kegalle,2022-12-19,0.8398387864366449,1681,1681
Kegalle,2023-01-01,0.8301571088637717,1681,1681
Kegalle,2023-01-17,0.8142293277810827,1681,1681
Kegalle,2023-02-02,0.8134500297441999,1681,1681
Kegalle,2023-02-18,0.8187116597263534,1681,1681
Kegalle,2023-03-06,0.8368673408685307,1681,1681
Kegalle,2023-03-22,0.8232706127305175,1681,1681
Kegalle,2023-04-07,0.8554183224271267,1681,1681
Kegalle,2023-04-23,0.7898340273646639,1681,1681
Kegalle,2023-05-09,0.8427478286734088,1681,1681
Kegalle,2023-05-25,0.7712604402141583,1681,1681
Kegalle,2023-06-10,0.5221488399762046,1681,1681
Kegalle,2023-06-26,0.5314629387269483,1681,1681
Kegalle,2023-07-12,0.6734606186793576,1681,1681
Kegalle,2023-07-28,0.8072173706127306,1681,1681
Kegalle,2023-08-13,0.6732317073170732,1681,1681
Kegalle,2023-08-29,0.6445374776918501,1681,1681
Kegalle,2023-09-14,0.7193819750148721,1681,1681
Kegalle,2023-09-30,0.7212588340273647,1681,1681
Kegalle,2023-10-16,0.8012292682926829,1681,1681
Kegalle,2023-11-01,0.8354440809042237,1681,1681
Kegalle,2023-11-17,0.8785249256395004,1681,1681
Kegalle,2023-12-03,0.8520431290898276,1681,1681
Kegalle,2023-12-19,0.8591026174895895,1681,1681
Kegalle,2024-01-01,0.8303374776918502,1681,1681
Kegalle,2024-01-17,0.8460959547888163,1681,1681
Kegalle,2024-02-02,0.8295815585960739,1681,1681
Kegalle,2024-02-18,0.8452217132659131,1681,1681
Kegalle,2024-03-05,0.843399286139203,1681,1681
Kegalle,2024-03-21,0.8212681737061274,1681,1681
Kilinochchi,2012-09-13,0.31671160659743436,1637,1681
Kilinochchi,2012-09-29,0.34289896782027934,1647,1681
Kilinochchi,2012-10-15,0.25937628865979384,1649,1681
Kilinochchi,2012-10-31,0.4309349177330896,1641,1681
Kilinochchi,2012-11-16,0.5589573610262676,1637,1681
Kilinochchi,2012-12-02,0.6013123304562269,1622,1681
Kilinochchi,2012-12-18,0.47524302469135804,1620,1681
Kilinochchi,2013-01-01,0.5340323584318606,1607,1681
Kilinochchi,2013-01-17,0.5881976353453641,1607,1681
Kilinochchi,2013-02-02,0.5256953429830081,1589,1681
Kilinochchi,2013-02-18,0.5031439506172839,1620,1681
Kilinochchi,2013-03-06,0.5019249230769232,1625,1681
Kilinochchi,2013-03-22,0.4745410397553517,1635,1681
Kilinochchi,2013-04-07,0.47296398537477147,1641,1681
Kilinochchi,2013-04-23,0.46897872603586893,1617,1681
Kilinochchi,2013-05-09,0.4708587800369686,1623,1681
Kilinochchi,2013-05-25,0.4356993932038835,1648,1681
Kilinochchi,2013-06-10,0.4108815217391304,1656,1681
Kilinochchi,2013-06-26,0.4153163782447466,1618,1681
Kilinochchi,2013-07-12,0.3698759270516717,1645,1681
Kilinochchi,2013-07-28,0.3746946210268949,1636,1681
Kilinochchi,2013-08-13,0.3669180097680098,1638,1681
Kilinochchi,2013-08-29,0.36612678899082574,1635,1681
Kilinochchi,2013-09-14,0.35828132754342434,1612,1681
Kilinochchi,2013-09-30,0.35552102659245516,1617,1681
Kilinochchi,2013-10-16,0.3263094153846154,1625,1681
Kilinochchi,2013-11-01,0.3769704938271605,1620,1681
Kilinochchi,2013-11-17,0.45976586121437424,1614,1681
Kilinochchi,2013-12-03,0.5003480267152399,1647,1681
Kilinochchi,2013-12-19,0.5553909426987061,1623,1681
Kilinochchi,2014-01-01,0.49940781057810585,1626,1681
Kilinochchi,2014-01-17,0.6056536842105263,1615,1681
Kilinochchi,2014-02-02,0.5591469113149847,1635,1681
Kilinochchi,2014-02-18,0.5066508588957056,1630,1681
Kilinochchi,2014-03-06,0.4139646304215027,1637,1681
Kilinochchi,2014-03-22,0.43898167379352476,1637,1681
Kilinochchi,2014-04-07,0.41720704310868245,1647,1681
Kilinochchi,2014-04-23,0.3908108455882353,1632,1681
Kilinochchi,2014-05-09,0.41833238326258343,1649,1681
Kilinochchi,2014-05-25,0.3947686658506732,1634,1681
Kilinochchi,2014-06-10,0.36641831501831507,1638,1681
Kilinochchi,2014-06-26,0.34933201219512194,1640,1681
Kilinochchi,2014-07-12,0.32290916310323764,1637,1681
Kilinochchi,2014-07-28,0.32822247397428045,1633,1681
Kilinochchi,2014-08-13,0.29384646341463416,1640,1681
Kilinochchi,2014-08-29,0.349453521974714,1661,1681
Kilinochchi,2014-09-14,0.3801285454545455,1650,1681
Kilinochchi,2014-09-30,0.41364094536525475,1629,1681
Kilinochchi,2014-10-16,0.48738973880597014,1608,1681
Kilinochchi,2014-11-01,0.5692563337393423,1642,1681
Kilinochchi,2014-11-17,0.27898021026592457,1617,1681
Kilinochchi,2014-12-03,0.5637412275263484,1613,1681
Kilinochchi,2014-12-19,0.40530662613981766,1645,1681
Kilinochchi,2015-01-01,0.6089248423707441,1586,1681
Kilinochchi,2015-01-17,0.47978683385579934,1595,1681
Kilinochchi,2015-02-02,0.4726938537185003,1627,1681
Kilinochchi,2015-02-18,0.47485712545676007,1642,1681
Kilinochchi,2015-03-06,0.4635836165048544,1648,1681
Kilinochchi,2015-03-22,0.44751771084337355,1660,1681
Kilinochchi,2015-04-07,0.4920462252475248,1616,1681
Kilinochchi,2015-04-23,0.47080658536585374,1640,1681
Kilinochchi,2015-05-09,0.41718987951807235,1660,1681
Kilinochchi,2015-05-25,0.46639848759830616,1653,1681
Kilinochchi,2015-06-10,0.5179913610938471,1609,1681
Kilinochchi,2015-06-26,0.45570594660194175,1648,1681
Kilinochchi,2015-07-12,0.4313237484737485,1638,1681
Kilinochchi,2015-07-28,0.40321679853925746,1643,1681
Kilinochchi,2015-08-13,0.3836674019607843,1632,1681
Kilinochchi,2015-08-29,0.4184410380205191,1657,1681
Kilinochchi,2015-09-14,0.37143061349693257,1630,1681
Kilinochchi,2015-09-30,0.39518567110036273,1654,1681
Kilinochchi,2015-10-16,0.45112438271604943,1620,1681
Kilinochchi,2015-11-01,0.471558629130967,1634,1681
Kilinochchi,2015-11-17,0.5560731250000001,1600,1681
Kilinochchi,2015-12-03,0.5895700123915737,1614,1681
Kilinochchi,2015-12-19,0.6352943714821764,1599,1681
Kilinochchi,2016-01-01,0.6274993125,1600,1681
Kilinochchi,2016-01-17,0.5398447254780999,1621,1681
Kilinochchi,2016-02-02,0.4680089783281734,1615,1681
Kilinochchi,2016-02-18,0.3634080832823025,1633,1681
Kilinochchi,2016-03-05,0.4286291666666667,1632,1681
Kilinochchi,2016-03-21,0.3891437538461539,1625,1681
Kilinochchi,2016-04-06,0.38327553386211105,1639,1681
Kilinochchi,2016-04-22,0.3774317489335771,1641,1681
Kilinochchi,2016-05-08,0.41786520666255406,1621,1681
Kilinochchi,2016-05-24,0.4315481617647059,1632,1681
Kilinochchi,2016-06-09,0.42995904936014623,1641,1681
Kilinochchi,2016-06-25,0.438527886977887,1628,1681
Kilinochchi,2016-07-11,0.4119368453105968,1642,1681
Kilinochchi,2016-07-27,0.4149929878048781,1640,1681
Kilinochchi,2016-08-12,0.3670785194174757,1648,1681
Kilinochchi,2016-08-28,0.35075018203883496,1648,1681
Kilinochchi,2016-09-13,0.3573749070631971,1614,1681
Kilinochchi,2016-09-29,0.3553693865030675,1630,1681
Kilinochchi,2016-10-15,0.3544326805385557,1634,1681
Kilinochchi,2016-10-31,0.42069373464373466,1628,1681
Kilinochchi,2016-11-16,0.46027817730936144,1613,1681
Kilinochchi,2016-12-02,0.5843819135802469,1620,1681
Kilinochchi,2016-12-18,0.6249869084204057,1627,1681
Kilinochchi,2017-01-01,0.6305497509339976,1606,1681
Kilinochchi,2017-01-17,0.5699603362391034,1606,1681
Kilinochchi,2017-02-02,0.5570140210006177,1619,1681
Kilinochchi,2017-02-18,0.47400653111521873,1623,1681
Kilinochchi,2017-03-06,0.4835702417854929,1613,1681
Kilinochchi,2017-03-22,0.44448566153846153,1625,1681
Kilinochchi,2017-04-07,0.40806634499396865,1658,1681
Kilinochchi,2017-04-23,0.40047243047158404,1654,1681
Kilinochchi,2017-05-09,0.40922366180048664,1644,1681
Kilinochchi,2017-05-25,0.4089984737484738,1638,1681
Kilinochchi,2017-06-10,0.4187751240694789,1612,1681
Kilinochchi,2017-06-26,0.3883164307692308,1625,1681
Kilinochchi,2017-07-12,0.3539020012128563,1649,1681
Kilinochchi,2017-07-28,0.3686899320568252,1619,1681
Kilinochchi,2017-08-13,0.3504037794299876,1614,1681
Kilinochchi,2017-08-29,0.3471076354679803,1624,1681
Kilinochchi,2017-09-14,0.3643790611488573,1619,1681
Kilinochchi,2017-09-30,0.36323097725875847,1627,1681
Kilinochchi,2017-10-16,0.36590365630712984,1641,1681
Kilinochchi,2017-11-01,0.5541747252747253,1638,1681
Kilinochchi,2017-11-17,0.533713258983891,1614,1681
Kilinochchi,2017-12-03,0.6090172839506173,1620,1681
Kilinochchi,2017-12-19,0.6056567433188316,1609,1681
Kilinochchi,2018-01-01,0.5833407384615384,1625,1681
Kilinochchi,2018-01-17,0.5275532669570628,1607,1681
Kilinochchi,2018-02-02,0.45921516290726816,1596,1681
Kilinochchi,2018-02-18,0.4165741915802319,1639,1681
Kilinochchi,2018-03-06,0.40340061652281134,1622,1681
Kilinochchi,2018-03-22,0.3981971635485818,1657,1681
Kilinochchi,2018-04-07,0.39884564820450397,1643,1681
Kilinochchi,2018-04-23,0.4031662956091528,1617,1681
Kilinochchi,2018-05-09,0.3679205811138015,1652,1681
Kilinochchi,2018-05-25,0.45295776173285196,1662,1681
Kilinochchi,2018-06-10,0.3806600845410628,1656,1681
Kilinochchi,2018-06-26,0.37779435679611656,1648,1681
Kilinochchi,2018-07-12,0.367224004898959,1633,1681
Kilinochchi,2018-07-28,0.3337168491484185,1644,1681
Kilinochchi,2018-08-13,0.31388647642679907,1612,1681
Kilinochchi,2018-08-29,0.31888981314044607,1659,1681
Kilinochchi,2018-09-14,0.3127299082568808,1635,1681
Kilinochchi,2018-09-30,0.3419287201469688,1633,1681
Kilinochchi,2018-10-16,0.3618096873083998,1631,1681
Kilinochchi,2018-11-01,0.5116429274292743,1626,1681
Kilinochchi,2018-11-17,0.6012570365778054,1613,1681
Kilinochchi,2018-12-03,0.6135994427244582,1615,1681
Kilinochchi,2018-12-19,0.5699733252131547,1642,1681
Kilinochchi,2019-01-01,0.5731711833231147,1631,1681
Kilinochchi,2019-01-17,0.4821280223186609,1613,1681
Kilinochchi,2019-02-02,0.41814585908529056,1618,1681
Kilinochchi,2019-02-18,0.4478440720049659,1611,1681
Kilinochchi,2019-03-06,0.3988827818627451,1632,1681
Kilinochchi,2019-03-22,0.37652805623471886,1636,1681
Kilinochchi,2019-04-07,0.37952844984802436,1645,1681
Kilinochchi,2019-04-23,0.4120322208737865,1648,1681
Kilinochchi,2019-05-09,0.40381458080194416,1646,1681
Kilinochchi,2019-05-25,0.40875912722802704,1627,1681
Kilinochchi,2019-06-10,0.39358125,1632,1681
Kilinochchi,2019-06-26,0.3771669090909091,1650,1681
Kilinochchi,2019-07-12,0.3670494196701283,1637,1681
Kilinochchi,2019-07-28,0.3462949969493594,1639,1681
Kilinochchi,2019-08-13,0.3212956547978274,1657,1681
Kilinochchi,2019-08-29,0.2987027092113185,1661,1681
Kilinochchi,2019-09-14,0.2917083538083538,1628,1681
Kilinochchi,2019-09-30,0.33157524390243903,1640,1681
Kilinochchi,2019-10-16,0.30558871454435727,1657,1681
Kilinochchi,2019-11-01,0.5033915604128719,1647,1681
Kilinochchi,2019-11-17,0.554391253101737,1612,1681
Kilinochchi,2019-12-03,0.5752771551724138,1624,1681
Kilinochchi,2019-12-19,0.5959517757009346,1605,1681
Kilinochchi,2020-01-01,0.5225465230769231,1625,1681
Kilinochchi,2020-01-17,0.4028705152079454,1611,1681
Kilinochchi,2020-02-02,0.4259695174098962,1637,1681
Kilinochchi,2020-02-18,0.39176664619164625,1628,1681
Kilinochchi,2020-03-05,0.37578353733170133,1634,1681
Kilinochchi,2020-03-21,0.37377375537799634,1627,1681
Kilinochchi,2020-04-06,0.3757721781574131,1639,1681
Kilinochchi,2020-04-22,0.431787012987013,1617,1681
Kilinochchi,2020-05-08,0.4501176181706568,1629,1681
Kilinochchi,2020-05-24,0.44076425479282627,1617,1681
Kilinochchi,2020-06-09,0.4200164400494438,1618,1681
Kilinochchi,2020-06-25,0.32840696821515897,1636,1681
Kilinochchi,2020-07-11,0.38706429447852764,1630,1681
Kilinochchi,2020-07-27,0.36217314423657215,1657,1681
Kilinochchi,2020-08-12,0.37121034063260344,1644,1681
Kilinochchi,2020-08-28,0.36575392574558735,1643,1681
Kilinochchi,2020-09-13,0.3400294117647059,1649,1681
Kilinochchi,2020-09-29,0.35106303549571605,1634,1681
Kilinochchi,2020-10-15,0.3555656670746634,1634,1681
Kilinochchi,2020-10-31,0.3436153086419753,1620,1681
Kilinochchi,2020-11-16,0.5196683076923078,1625,1681
Kilinochchi,2020-12-02,0.5237307787391842,1618,1681
Kilinochchi,2020-12-18,0.3326747524752475,1616,1681
Kilinochchi,2021-01-01,0.4416533582089553,1608,1681
Kilinochchi,2021-01-17,0.5341806411837238,1622,1681
Kilinochchi,2021-02-02,0.44642295482295485,1638,1681
Kilinochchi,2021-02-18,0.4356572580645161,1612,1681
Kilinochchi,2021-03-06,0.425611512134412,1607,1681
Kilinochchi,2021-03-22,0.3741089860352156,1647,1681
Kilinochchi,2021-04-07,0.39913653610771116,1634,1681
Kilinochchi,2021-04-23,0.437330198019802,1616,1681
Kilinochchi,2021-05-09,0.4690858895705522,1630,1681
Kilinochchi,2021-05-25,0.45370860681114555,1615,1681
Kilinochchi,2021-06-10,0.45514206642066424,1626,1681
Kilinochchi,2021-06-26,0.4268509852216749,1624,1681
Kilinochchi,2021-07-12,0.3966439851943245,1621,1681
Kilinochchi,2021-07-28,0.41025300982800983,1628,1681
Kilinochchi,2021-08-13,0.37080779220779225,1617,1681
Kilinochchi,2021-08-29,0.37426747720364745,1645,1681
Kilinochchi,2021-09-14,0.3632446571957999,1619,1681
Kilinochchi,2021-09-30,0.38028821339950375,1612,1681
Kilinochchi,2021-10-16,0.41938077158603804,1633,1681
Kilinochchi,2021-11-01,0.34485140415140414,1638,1681
Kilinochchi,2021-11-17,0.5666447929736512,1594,1681
Kilinochchi,2021-12-03,0.572633601983881,1613,1681
Kilinochchi,2021-12-19,0.5822528395061729,1620,1681
Kilinochchi,2022-01-01,0.5102557001239157,1614,1681
Kilinochchi,2022-01-17,0.47797744916820706,1623,1681
Kilinochchi,2022-02-02,0.4361830153846154,1625,1681
Kilinochchi,2022-02-18,0.44622084870848716,1626,1681
Kilinochchi,2022-03-06,0.433418905775076,1645,1681
Kilinochchi,2022-03-22,0.4636659901599016,1626,1681
Kilinochchi,2022-04-07,0.4546179937304075,1595,1681
Kilinochchi,2022-04-23,0.46251932515337424,1630,1681
Kilinochchi,2022-05-09,0.4561887925696595,1615,1681
Kilinochchi,2022-05-25,0.41504279686558165,1659,1681
Kilinochchi,2022-06-10,0.4441479468599034,1656,1681
Kilinochchi,2022-06-26,0.44110328867235077,1642,1681
Kilinochchi,2022-07-12,0.4139556307692308,1625,1681
Kilinochchi,2022-07-28,0.3472234798314269,1661,1681
Kilinochchi,2022-08-13,0.3738985932721713,1635,1681
Kilinochchi,2022-08-29,0.3831129822412737,1633,1681
Kilinochchi,2022-09-14,0.38821839009287923,1615,1681
Kilinochchi,2022-09-30,0.2798792406613595,1633,1681
Kilinochchi,2022-10-16,0.36041942046855735,1622,1681
Kilinochchi,2022-11-01,0.49075762289981334,1607,1681
Kilinochchi,2022-11-17,0.5595814678899083,1635,1681
Kilinochchi,2022-12-03,0.500288188976378,1651,1681
Kilinochchi,2022-12-19,0.45498377219840785,1633,1681
Kilinochchi,2023-01-01,0.5529117537313433,1608,1681
Kilinochchi,2023-01-17,0.46962771604938275,1620,1681
Kilinochchi,2023-02-02,0.46769925233644866,1605,1681
Kilinochchi,2023-02-18,0.4152084158415842,1616,1681
Kilinochchi,2023-03-06,0.3954061811505508,1634,1681
Kilinochchi,2023-03-22,0.4248328484848485,1650,1681
Kilinochchi,2023-04-07,0.4447182634730539,1670,1681
Kilinochchi,2023-04-23,0.40454770642201837,1635,1681
Kilinochchi,2023-05-09,0.4858519685039371,1651,1681
Kilinochchi,2023-05-25,0.4884848894348895,1628,1681
Kilinochchi,2023-06-10,0.4508530834340992,1654,1681
Kilinochchi,2023-06-26,0.497265299877601,1634,1681
Kilinochchi,2023-07-12,0.4358290853658537,1640,1681
Kilinochchi,2023-07-28,0.3977761094224924,1645,1681
Kilinochchi,2023-08-13,0.3643599036724865,1661,1681
Kilinochchi,2023-08-29,0.3551461584996975,1653,1681
Kilinochchi,2023-09-14,0.3545634580012263,1631,1681
Kilinochchi,2023-09-30,0.3792207570207571,1638,1681
Kilinochchi,2023-10-16,0.37229735417919424,1663,1681
Kilinochchi,2023-11-01,0.4978986609860013,1643,1681
Kilinochchi,2023-11-17,0.5217868667917448,1599,1681
Kilinochchi,2023-12-03,0.5028136829415311,1659,1681
Kilinochchi,2023-12-19,0.5588274656679152,1602,1681
Kilinochchi,2024-01-01,0.5689647525962126,1637,1681
Kilinochchi,2024-01-17,0.5224589616810877,1618,1681
Kilinochchi,2024-02-02,0.42896055384615384,1625,1681
Kilinochchi,2024-02-18,0.3911497557997558,1638,1681
Kilinochchi,2024-03-05,0.4182023708206687,1645,1681
Kilinochchi,2024-03-21,0.4094004884004884,1638,1681
Kurunegala,2012-09-13,0.5345515764425938,1681,1681
Kurunegala,2012-09-29,0.6010513384889947,1681,1681
Kurunegala,2012-10-15,0.612254253420583,1681,1681
Kurunegala,2012-10-31,0.7130375371802499,1681,1681
Kurunegala,2012-11-16,0.7362527067221892,1681,1681
Kurunegala,2012-12-02,0.8014211778703153,1681,1681
Kurunegala,2012-12-18,0.7989342058298632,1681,1681
Kurunegala,2013-01-01,0.7767079714455681,1681,1681
Kurunegala,2013-01-17,0.7895334324806663,1681,1681
Kurunegala,2013-02-02,0.7504535395597859,1681,1681
Kurunegala,2013-02-18,0.7205723378941107,1681,1681
Kurunegala,2013-03-06,0.6883850089232599,1681,1681
Kurunegala,2013-03-22,0.5887381320642475,1681,1681
Kurunegala,2013-04-07,0.6801087447947651,1681,1681
Kurunegala,2013-04-23,0.6413707317073172,1681,1681
Kurunegala,2013-05-09,0.7227656157049376,1681,1681
Kurunegala,2013-05-25,0.6102236168947056,1681,1681
Kurunegala,2013-06-10,0.6938368233194527,1681,1681
Kurunegala,2013-06-26,0.5411223081499108,1681,1681
Kurunegala,2013-07-12,0.6669154669839381,1681,1681
Kurunegala,2013-07-28,0.6480784057108864,1681,1681
Kurunegala,2013-08-13,0.6149056513979774,1681,1681
Kurunegala,2013-08-29,0.6388886377156455,1681,1681
Kurunegala,2013-09-14,0.6258990481856038,1681,1681
Kurunegala,2013-09-30,0.6951731707317074,1681,1681
Kurunegala,2013-10-16,0.6081176085663296,1681,1681
Kurunegala,2013-11-01,0.7146619642857144,1680,1681
Kurunegala,2013-11-17,0.7533053539559786,1681,1681
Kurunegala,2013-12-03,0.556180487804878,1681,1681
Kurunegala,2013-12-19,0.7388163593099346,1681,1681
Kurunegala,2014-01-01,0.7940969660916122,1681,1681
Kurunegala,2014-01-17,0.7674521713265913,1681,1681
Kurunegala,2014-02-02,0.6911229030339084,1681,1681
Kurunegala,2014-02-18,0.6070646044021416,1681,1681
Kurunegala,2014-03-06,0.593230517549078,1681,1681
Kurunegala,2014-03-22,0.617342772159429,1681,1681
Kurunegala,2014-04-07,0.6758228435455087,1681,1681
Kurunegala,2014-04-23,0.6955590719809638,1681,1681
Kurunegala,2014-05-09,0.6724878643664486,1681,1681
Kurunegala,2014-05-25,0.528612016656752,1681,1681
Kurunegala,2014-06-10,0.6723186198691256,1681,1681
Kurunegala,2014-06-26,0.6509008328375967,1681,1681
Kurunegala,2014-07-12,0.5404324211778704,1681,1681
Kurunegala,2014-07-28,0.5621853063652588,1681,1681
Kurunegala,2014-08-13,0.6389575252825699,1681,1681
Kurunegala,2014-08-29,0.6426450327186198,1681,1681
Kurunegala,2014-09-14,0.6568841165972635,1681,1681
Kurunegala,2014-09-30,0.6408045211183819,1681,1681
Kurunegala,2014-10-16,0.7136375298329356,1676,1681
Kurunegala,2014-11-01,0.7761792261904763,1680,1681
Kurunegala,2014-11-17,0.7311422275163788,1679,1681
Kurunegala,2014-12-03,0.7628974374255065,1678,1681
Kurunegala,2014-12-19,0.8019531493701261,1667,1681
Kurunegala,2015-01-01,0.7309111243307556,1681,1681
Kurunegala,2015-01-17,0.692786020226056,1681,1681
Kurunegala,2015-02-02,0.6697308149910768,1681,1681
Kurunegala,2015-02-18,0.6697067816775729,1681,1681
Kurunegala,2015-03-06,0.6743495538370018,1681,1681
Kurunegala,2015-03-22,0.6696088042831648,1681,1681
Kurunegala,2015-04-07,0.6802345032718621,1681,1681
Kurunegala,2015-04-23,0.7513001189767996,1681,1681
Kurunegala,2015-05-09,0.6318035693039857,1681,1681
Kurunegala,2015-05-25,0.7496969660916122,1681,1681
Kurunegala,2015-06-10,0.7110967281380131,1681,1681
Kurunegala,2015-06-26,0.6612477691850089,1681,1681
Kurunegala,2015-07-12,0.5747576442593695,1681,1681
Kurunegala,2015-07-28,0.6037675788221297,1681,1681
Kurunegala,2015-08-13,0.6291543129089828,1681,1681
Kurunegala,2015-08-29,0.6387644259369423,1681,1681
Kurunegala,2015-09-14,0.6527058893515765,1681,1681
Kurunegala,2015-09-30,0.6330010113027961,1681,1681
Kurunegala,2015-10-16,0.6738327771156138,1678,1681
Kurunegala,2015-11-01,0.6537475330926594,1662,1681
Kurunegala,2015-11-17,0.7629649846153846,1625,1681
Kurunegala,2015-12-03,0.7353120761451517,1681,1681
Kurunegala,2015-12-19,0.7904852834740652,1658,1681
Kurunegala,2016-01-01,0.7765653777513385,1681,1681
Kurunegala,2016-01-17,0.7474418452380953,1680,1681
Kurunegala,2016-02-02,0.6578340273646639,1681,1681
Kurunegala,2016-02-18,0.627491255205235,1681,1681
Kurunegala,2016-03-05,0.5986751338488995,1681,1681
Kurunegala,2016-03-21,0.6437513979773944,1681,1681
Kurunegala,2016-04-06,0.7056857227840572,1681,1681
Kurunegala,2016-04-22,0.7542626412849495,1681,1681
Kurunegala,2016-05-08,0.7194474717430102,1681,1681
Kurunegala,2016-05-24,0.7298437537718769,1657,1681
Kurunegala,2016-06-09,0.6901576716417911,1675,1681
Kurunegala,2016-06-25,0.6968306960142773,1681,1681
Kurunegala,2016-07-11,0.6492753718024986,1681,1681
Kurunegala,2016-07-27,0.6468171326591315,1681,1681
Kurunegala,2016-08-12,0.4824572873289709,1681,1681
Kurunegala,2016-08-28,0.515703747769185,1681,1681
Kurunegala,2016-09-13,0.47340713860797146,1681,1681
Kurunegala,2016-09-29,0.5268051160023796,1681,1681
Kurunegala,2016-10-15,0.5393813206424748,1681,1681
Kurunegala,2016-10-31,0.6725190362879239,1681,1681
Kurunegala,2016-11-16,0.6451703152885188,1681,1681
Kurunegala,2016-12-02,0.7346580606781677,1681,1681
Kurunegala,2016-12-18,0.7381496728138014,1681,1681
Kurunegala,2017-01-01,0.7332588935157645,1681,1681
Kurunegala,2017-01-17,0.7098086853063653,1681,1681
Kurunegala,2017-02-02,0.7139992266508032,1681,1681
Kurunegala,2017-02-18,0.678348007138608,1681,1681
Kurunegala,2017-03-06,0.6965924865831843,1677,1681
Kurunegala,2017-03-22,0.7021616299821535,1681,1681
Kurunegala,2017-04-07,0.592475611210495,1677,1681
Kurunegala,2017-04-23,0.6882372992266508,1681,1681
Kurunegala,2017-05-09,0.4792947055324212,1681,1681
Kurunegala,2017-05-25,0.6232459250446164,1681,1681
Kurunegala,2017-06-10,0.6118613095238096,1680,1681
Kurunegala,2017-06-26,0.6129899464604402,1681,1681
Kurunegala,2017-07-12,0.5974916716240333,1681,1681
Kurunegala,2017-07-28,0.5396876264128495,1681,1681
Kurunegala,2017-08-13,0.5275170731707317,1681,1681
Kurunegala,2017-08-29,0.6354129761904762,1680,1681
Kurunegala,2017-09-14,0.6519908387864367,1681,1681
Kurunegala,2017-09-30,0.7032838191552647,1681,1681
Kurunegala,2017-10-16,0.7031764425936943,1681,1681
Kurunegala,2017-11-01,0.7593133254015467,1681,1681
Kurunegala,2017-11-17,0.7003716240333135,1681,1681
Kurunegala,2017-12-03,0.7562057703747769,1681,1681
Kurunegala,2017-12-19,0.7448509815585961,1681,1681
Kurunegala,2018-01-01,0.7397639500297443,1681,1681
Kurunegala,2018-01-17,0.6984938132064248,1681,1681
Kurunegala,2018-02-02,0.6592323022010709,1681,1681
Kurunegala,2018-02-18,0.6449781082688876,1681,1681
Kurunegala,2018-03-06,0.6376825698988697,1681,1681
Kurunegala,2018-03-22,0.6723002379535991,1681,1681
Kurunegala,2018-04-07,0.7293625817965498,1681,1681
Kurunegala,2018-04-23,0.7541929803688281,1681,1681
Kurunegala,2018-05-09,0.5401483025610483,1679,1681
Kurunegala,2018-05-25,0.49188506841165974,1681,1681
Kurunegala,2018-06-10,0.6122071129707113,1673,1681
Kurunegala,2018-06-26,0.6451379535990482,1681,1681
Kurunegala,2018-07-12,0.7112728732897086,1681,1681
Kurunegala,2018-07-28,0.5794629387269482,1681,1681
Kurunegala,2018-08-13,0.5654093396787626,1681,1681
Kurunegala,2018-08-29,0.6187939916716241,1681,1681
Kurunegala,2018-09-14,0.5824123140987507,1681,1681
Kurunegala,2018-09-30,0.5224101190476191,1680,1681
Kurunegala,2018-10-16,0.6643436887254902,1632,1681
Kurunegala,2018-11-01,0.6470952181709504,1673,1681
Kurunegala,2018-11-17,0.7961780755176614,1642,1681
Kurunegala,2018-12-03,0.7763699940227137,1673,1681
Kurunegala,2018-12-19,0.7806427375971309,1673,1681
Kurunegala,2019-01-01,0.7442383971291866,1672,1681
Kurunegala,2019-01-17,0.6500278405710886,1681,1681
Kurunegala,2019-02-02,0.6463976799524093,1681,1681
Kurunegala,2019-02-18,0.6534754907792981,1681,1681
Kurunegala,2019-03-06,0.6312190362879239,1681,1681
Kurunegala,2019-03-22,0.6138782272456871,1681,1681
Kurunegala,2019-04-07,0.6624124330755503,1681,1681
Kurunegala,2019-04-23,0.6328891136228435,1681,1681
Kurunegala,2019-05-09,0.6904668054729328,1681,1681
Kurunegala,2019-05-25,0.656800475907198,1681,1681
Kurunegala,2019-06-10,0.5476798929208805,1681,1681
Kurunegala,2019-06-26,0.7088091017251636,1681,1681
Kurunegala,2019-07-12,0.662431528851874,1681,1681
Kurunegala,2019-07-28,0.5875580011897681,1681,1681
Kurunegala,2019-08-13,0.5163043426531827,1681,1681
Kurunegala,2019-08-29,0.5314804283164782,1681,1681
Kurunegala,2019-09-14,0.6776360499702558,1681,1681
Kurunegala,2019-09-30,0.7195885646217987,1679,1681
Kurunegala,2019-10-16,0.6150657125819917,1677,1681
Kurunegala,2019-11-01,0.7311465199286139,1681,1681
Kurunegala,2019-11-17,0.7517299344066787,1677,1681
Kurunegala,2019-12-03,0.7721638349514564,1648,1681
Kurunegala,2019-12-19,0.8119506773399014,1624,1681
Kurunegala,2020-01-01,0.7694356024096386,1660,1681
Kurunegala,2020-01-17,0.67608251041047,1681,1681
Kurunegala,2020-02-02,0.616759880952381,1680,1681
Kurunegala,2020-02-18,0.5950834622248662,1681,1681
Kurunegala,2020-03-05,0.5849017889087658,1677,1681
Kurunegala,2020-03-21,0.566203630952381,1680,1681
Kurunegala,2020-04-06,0.6439253293413174,1670,1681
Kurunegala,2020-04-22,0.6937084523809524,1680,1681
Kurunegala,2020-05-08,0.6646511309523809,1680,1681
Kurunegala,2020-05-24,0.684657763236169,1681,1681
Kurunegala,2020-06-09,0.7007724568709102,1681,1681
Kurunegala,2020-06-25,0.6989348602022606,1681,1681
Kurunegala,2020-07-11,0.7035807257584771,1681,1681
Kurunegala,2020-07-27,0.5865810826888757,1681,1681
Kurunegala,2020-08-12,0.6597883997620464,1681,1681
Kurunegala,2020-08-28,0.5216893515764426,1681,1681
Kurunegala,2020-09-13,0.5294895895300417,1681,1681
Kurunegala,2020-09-29,0.6738494348602023,1681,1681
Kurunegala,2020-10-15,0.7023967281380131,1681,1681
Kurunegala,2020-10-31,0.7402040452111839,1681,1681
Kurunegala,2020-11-16,0.6907655296229803,1671,1681
Kurunegala,2020-12-02,0.7535962522308151,1681,1681
Kurunegala,2020-12-18,0.7411685152057246,1677,1681
Kurunegala,2021-01-01,0.7305494348602023,1681,1681
Kurunegala,2021-01-17,0.7359872531418312,1671,1681
Kurunegala,2021-02-02,0.6891499702558002,1681,1681
Kurunegala,2021-02-18,0.6651048185603807,1681,1681
Kurunegala,2021-03-06,0.6289956573468174,1681,1681
Kurunegala,2021-03-22,0.6281549077929803,1681,1681
Kurunegala,2021-04-07,0.6671674003569305,1681,1681
Kurunegala,2021-04-23,0.71525625,1680,1681
Kurunegala,2021-05-09,0.6865989090909091,1650,1681
Kurunegala,2021-05-25,0.6957242951409719,1667,1681
Kurunegala,2021-06-10,0.7332302214242968,1671,1681
Kurunegala,2021-06-26,0.7023208804283165,1681,1681
Kurunegala,2021-07-12,0.5113625223081499,1681,1681
Kurunegala,2021-07-28,0.6229372397382511,1681,1681
Kurunegala,2021-08-13,0.581410767400357,1681,1681
Kurunegala,2021-08-29,0.6093908928571429,1680,1681
Kurunegala,2021-09-14,0.6458882212968472,1681,1681
Kurunegala,2021-09-30,0.547398512790006,1681,1681
Kurunegala,2021-10-16,0.5737481834425254,1679,1681
Kurunegala,2021-11-01,0.5582301682692308,1664,1681
Kurunegala,2021-11-17,0.771435595311536,1621,1681
Kurunegala,2021-12-03,0.7857039561777237,1643,1681
Kurunegala,2021-12-19,0.7702120933087784,1629,1681
Kurunegala,2022-01-01,0.7560713244228433,1646,1681
Kurunegala,2022-01-17,0.6623923854848305,1681,1681
Kurunegala,2022-02-02,0.6079625817965497,1681,1681
Kurunegala,2022-02-18,0.6019033948779036,1679,1681
Kurunegala,2022-03-06,0.5717926234384295,1681,1681
Kurunegala,2022-03-22,0.5903584770969661,1681,1681
Kurunegala,2022-04-07,0.6572800837320574,1672,1681
Kurunegala,2022-04-23,0.7018534800713861,1681,1681
Kurunegala,2022-05-09,0.7014721594289114,1681,1681
Kurunegala,2022-05-25,0.6075100655151876,1679,1681
Kurunegala,2022-06-10,0.6228688875669245,1681,1681
Kurunegala,2022-06-26,0.6583706722189173,1681,1681
Kurunegala,2022-07-12,0.6476935752528257,1681,1681
Kurunegala,2022-07-28,0.6652583184257603,1677,1681
Kurunegala,2022-08-13,0.6554049375371803,1681,1681
Kurunegala,2022-08-29,0.4909484486873508,1676,1681
Kurunegala,2022-09-14,0.6550760410380205,1657,1681
Kurunegala,2022-09-30,0.43093450327186206,1681,1681
Kurunegala,2022-10-16,0.7410979654747226,1622,1681
Kurunegala,2022-11-01,0.591219916517591,1677,1681
Kurunegala,2022-11-17,0.7466803130644191,1661,1681
Kurunegala,2022-12-03,0.7046143367043427,1681,1681
Kurunegala,2022-12-19,0.7543373792270531,1656,1681
Kurunegala,2023-01-01,0.7717538367844092,1642,1681
Kurunegala,2023-01-17,0.7257825483091788,1656,1681
Kurunegala,2023-02-02,0.7052726948245093,1681,1681
Kurunegala,2023-02-18,0.6656418203450327,1681,1681
Kurunegala,2023-03-06,0.6330878643664485,1681,1681
Kurunegala,2023-03-22,0.6507356547619049,1680,1681
Kurunegala,2023-04-07,0.7139732302201071,1681,1681
Kurunegala,2023-04-23,0.6427958953004165,1681,1681
Kurunegala,2023-05-09,0.5656318262938727,1681,1681
Kurunegala,2023-05-25,0.6741570493753719,1681,1681
Kurunegala,2023-06-10,0.6512002974419988,1681,1681
Kurunegala,2023-06-26,0.4837556811421773,1681,1681
Kurunegala,2023-07-12,0.5948262343842952,1681,1681
Kurunegala,2023-07-28,0.5943278405710887,1681,1681
Kurunegala,2023-08-13,0.5436349196906604,1681,1681
Kurunegala,2023-08-29,0.394127245687091,1681,1681
Kurunegala,2023-09-14,0.6498751933372993,1681,1681
Kurunegala,2023-09-30,0.6707231547619048,1680,1681
Kurunegala,2023-10-16,0.7329893515764426,1681,1681
Kurunegala,2023-11-01,0.7178667903525047,1617,1681
Kurunegala,2023-11-17,0.7598343827160494,1620,1681
Kurunegala,2023-12-03,0.7786016756433274,1671,1681
Kurunegala,2023-12-19,0.7832942143727163,1642,1681
Kurunegala,2024-01-01,0.7888098429951691,1656,1681
Kurunegala,2024-01-17,0.749754204476709,1653,1681
Kurunegala,2024-02-02,0.7190723378941107,1681,1681
Kurunegala,2024-02-18,0.667056989886972,1681,1681
Kurunegala,2024-03-05,0.6279694344163659,1662,1681
Kurunegala,2024-03-21,0.5902253420582987,1681,1681
Mannar,2012-09-13,0.5935961332540155,1681,1681
Mannar,2012-09-29,0.6945128494943487,1681,1681
Mannar,2012-10-15,0.458876502082094,1681,1681
Mannar,2012-10-31,0.6714384523809523,1680,1681
Mannar,2012-11-16,0.7893760856632956,1681,1681
Mannar,2012-12-02,0.6307903033908387,1681,1681
Mannar,2012-12-18,0.5718015466983939,1681,1681
Mannar,2013-01-01,0.7914732897085069,1681,1681
Mannar,2013-01-17,0.7755799524092802,1681,1681
Mannar,2013-02-02,0.6290539559785842,1681,1681
Mannar,2013-02-18,0.8058064247471743,1681,1681
Mannar,2013-03-06,0.8090033313503867,1681,1681
Mannar,2013-03-22,0.7959308744794765,1681,1681
Mannar,2013-04-07,0.6954809042236765,1681,1681
Mannar,2013-04-23,0.6125108863771566,1681,1681
Mannar,2013-05-09,0.7629003569303986,1681,1681
Mannar,2013-05-25,0.6864043426531826,1681,1681
Mannar,2013-06-10,0.674903747769185,1681,1681
Mannar,2013-06-26,0.7334734681737062,1681,1681
Mannar,2013-07-12,0.7243559785841761,1681,1681
Mannar,2013-07-28,0.746247769185009,1681,1681
Mannar,2013-08-13,0.738061273051755,1681,1681
Mannar,2013-08-29,0.519113265913147,1681,1681
Mannar,2013-09-14,0.7346542908224076,1678,1681
Mannar,2013-09-30,0.768345746579417,1681,1681
Mannar,2013-10-16,0.7324050565139798,1681,1681
Mannar,2013-11-01,0.4782695419393218,1681,1681
Mannar,2013-11-17,0.6003945270672219,1681,1681
Mannar,2013-12-03,0.8063719642857143,1680,1681
Mannar,2013-12-19,0.7810802498512791,1681,1681
Mannar,2014-01-01,0.7710216537775134,1681,1681
Mannar,2014-01-17,0.8189790600832838,1681,1681
Mannar,2014-02-02,0.7980778108268889,1681,1681
Mannar,2014-02-18,0.781412016656752,1681,1681
Mannar,2014-03-06,0.7057375966686497,1681,1681
Mannar,2014-03-22,0.772955264723379,1681,1681
Mannar,2014-04-07,0.7350100535395598,1681,1681
Mannar,2014-04-23,0.7598932183224272,1681,1681
Mannar,2014-05-09,0.7472399167162403,1681,1681
Mannar,2014-05-25,0.7710178465199287,1681,1681
Mannar,2014-06-10,0.7529138607971446,1681,1681
Mannar,2014-06-26,0.7430353955978585,1681,1681
Mannar,2014-07-12,0.684766270077335,1681,1681
Mannar,2014-07-28,0.7009851279000595,1681,1681
Mannar,2014-08-13,0.7162064247471743,1681,1681
Mannar,2014-08-29,0.6795895895300417,1681,1681
Mannar,2014-09-14,0.6618158239143367,1681,1681
Mannar,2014-09-30,0.6444853063652588,1681,1681
Mannar,2014-10-16,0.7811828078524689,1681,1681
Mannar,2014-11-01,0.7992994036970782,1677,1681
Mannar,2014-11-17,0.35874080904223676,1681,1681
Mannar,2014-12-03,0.6623760856632956,1681,1681
Mannar,2014-12-19,0.45326781677572875,1681,1681
Mannar,2015-01-01,0.7520226650803093,1681,1681
Mannar,2015-01-17,0.7746194527067223,1681,1681
Mannar,2015-02-02,0.7694705532421178,1681,1681
Mannar,2015-02-18,0.7399289708506841,1681,1681
Mannar,2015-03-06,0.749745270672219,1681,1681
Mannar,2015-03-22,0.7569595478881619,1681,1681
Mannar,2015-04-07,0.7278719809637122,1681,1681
Mannar,2015-04-23,0.8135918500892326,1681,1681
Mannar,2015-05-09,0.6689163593099345,1681,1681
Mannar,2015-05-25,0.7729197501487209,1681,1681
Mannar,2015-06-10,0.8163340868530637,1681,1681
Mannar,2015-06-26,0.7455837001784652,1681,1681
Mannar,2015-07-12,0.7148750148720999,1681,1681
Mannar,2015-07-28,0.7817742415229031,1681,1681
Mannar,2015-08-13,0.7395136390708755,1679,1681
Mannar,2015-08-29,0.8093617997616209,1678,1681
Mannar,2015-09-14,0.7692723049434187,1679,1681
Mannar,2015-09-30,0.7442910767400357,1681,1681
Mannar,2015-10-16,0.49903646638905413,1681,1681
Mannar,2015-11-01,0.7092799524092802,1681,1681
Mannar,2015-11-17,0.6959570493753718,1681,1681
Mannar,2015-12-03,0.6467145238095238,1680,1681
Mannar,2015-12-19,0.8403820939916716,1681,1681
Mannar,2016-01-01,0.8057379535990482,1681,1681
Mannar,2016-01-17,0.7610449404761905,1680,1681
Mannar,2016-02-02,0.7944421177870316,1681,1681
Mannar,2016-02-18,0.5503583581201666,1681,1681
Mannar,2016-03-05,0.796709518143962,1681,1681
Mannar,2016-03-21,0.7205208209399168,1681,1681
Mannar,2016-04-06,0.7178260559190958,1681,1681
Mannar,2016-04-22,0.7156982153480071,1681,1681
Mannar,2016-05-08,0.5962538370017847,1681,1681
Mannar,2016-05-24,0.7564444378346222,1681,1681
Mannar,2016-06-09,0.6276254610350982,1681,1681
Mannar,2016-06-25,0.7670359904818561,1681,1681
Mannar,2016-07-11,0.751704759071981,1681,1681
Mannar,2016-07-27,0.7685913146936347,1681,1681
Mannar,2016-08-12,0.7335061867935753,1681,1681
Mannar,2016-08-28,0.7290434265318263,1681,1681
Mannar,2016-09-13,0.7129046400951815,1681,1681
Mannar,2016-09-29,0.7123227840571089,1681,1681
Mannar,2016-10-15,0.5515535395597858,1681,1681
Mannar,2016-10-31,0.6070863771564545,1681,1681
Mannar,2016-11-16,0.47257162403331354,1681,1681
Mannar,2016-12-02,0.7888971445568115,1681,1681
Mannar,2016-12-18,0.8158560975609757,1681,1681
Mannar,2017-01-01,0.7991682926829269,1681,1681
Mannar,2017-01-17,0.7658784651992862,1681,1681
Mannar,2017-02-02,0.8070272185824896,1679,1681
Mannar,2017-02-18,0.791096252230815,1681,1681
Mannar,2017-03-06,0.7647445568114218,1681,1681
Mannar,2017-03-22,0.7866778703152886,1681,1681
Mannar,2017-04-07,0.7033745984533016,1681,1681
Mannar,2017-04-23,0.6944350386674599,1681,1681
Mannar,2017-05-09,0.6475371275327771,1678,1681
Mannar,2017-05-25,0.7159529516994634,1677,1681
Mannar,2017-06-10,0.6573385484830458,1681,1681
Mannar,2017-06-26,0.6566704342653183,1681,1681
Mannar,2017-07-12,0.6110186198691255,1681,1681
Mannar,2017-07-28,0.600914753123141,1681,1681
Mannar,2017-08-13,0.6716158239143367,1681,1681
Mannar,2017-08-29,0.5514371802498513,1681,1681
Mannar,2017-09-14,0.7165406305770375,1681,1681
Mannar,2017-09-30,0.745331766805473,1681,1681
Mannar,2017-10-16,0.677254491374182,1681,1681
Mannar,2017-11-01,0.750524271267103,1681,1681
Mannar,2017-11-17,0.7624279544091181,1667,1681
Mannar,2017-12-03,0.7899274241522903,1681,1681
Mannar,2017-12-19,0.7856265913146937,1681,1681
Mannar,2018-01-01,0.7959449137418204,1681,1681
Mannar,2018-01-17,0.7599602976190477,1680,1681
Mannar,2018-02-02,0.7827418203450328,1681,1681
Mannar,2018-02-18,0.7721349196906604,1681,1681
Mannar,2018-03-06,0.7531634741225461,1681,1681
Mannar,2018-03-22,0.6832857227840571,1681,1681
Mannar,2018-04-07,0.7717625223081499,1681,1681
Mannar,2018-04-23,0.6772013087447948,1681,1681
Mannar,2018-05-09,0.5833857142857143,1673,1681
Mannar,2018-05-25,0.5550708506841167,1681,1681
Mannar,2018-06-10,0.6369913146936348,1681,1681
Mannar,2018-06-26,0.6548540749553837,1681,1681
Mannar,2018-07-12,0.6394854253420583,1681,1681
Mannar,2018-07-28,0.6068304580606783,1681,1681
Mannar,2018-08-13,0.6046393813206425,1681,1681
Mannar,2018-08-29,0.6135271590232281,1679,1681
Mannar,2018-09-14,0.5647945801072066,1679,1681
Mannar,2018-09-30,0.5574862581796549,1681,1681
Mannar,2018-10-16,0.5063037567084079,1677,1681
Mannar,2018-11-01,0.7358582986317668,1681,1681
Mannar,2018-11-17,0.7098379166666667,1680,1681
Mannar,2018-12-03,0.7398116597263534,1681,1681
Mannar,2018-12-19,0.8020453301606187,1681,1681
Mannar,2019-01-01,0.794531766805473,1681,1681
Mannar,2019-01-17,0.7651709696609161,1681,1681
Mannar,2019-02-02,0.7622165972635336,1681,1681
Mannar,2019-02-18,0.8120126115407496,1681,1681
Mannar,2019-03-06,0.7662470167064439,1676,1681
Mannar,2019-03-22,0.7731012507444909,1679,1681
Mannar,2019-04-07,0.6599215604526504,1679,1681
Mannar,2019-04-23,0.6896096371207615,1681,1681
Mannar,2019-05-09,0.7518339094159714,1678,1681
Mannar,2019-05-25,0.7333773349196907,1681,1681
Mannar,2019-06-10,0.7276475595238096,1680,1681
Mannar,2019-06-26,0.6893857738095238,1680,1681
Mannar,2019-07-12,0.7222327186198692,1681,1681
Mannar,2019-07-28,0.6539406305770376,1681,1681
Mannar,2019-08-13,0.713368768590125,1681,1681
Mannar,2019-08-29,0.6241791195716836,1681,1681
Mannar,2019-09-14,0.6563706127305177,1681,1681
Mannar,2019-09-30,0.7271175909361957,1677,1681
Mannar,2019-10-16,0.3082142772159429,1681,1681
Mannar,2019-11-01,0.7055106547619048,1680,1681
Mannar,2019-11-17,0.6430957687723481,1678,1681
Mannar,2019-12-03,0.5991157049375372,1681,1681
Mannar,2019-12-19,0.8503708557749852,1671,1681
Mannar,2020-01-01,0.8352065671641791,1675,1681
Mannar,2020-01-17,0.7825870910172517,1681,1681
Mannar,2020-02-02,0.8113950269622529,1669,1681
Mannar,2020-02-18,0.7553145833333333,1680,1681
Mannar,2020-03-05,0.7458120166567519,1681,1681
Mannar,2020-03-21,0.7664032296650718,1672,1681
Mannar,2020-04-06,0.7792488066825776,1676,1681
Mannar,2020-04-22,0.7420292537313433,1675,1681
Mannar,2020-05-08,0.746299100179964,1667,1681
Mannar,2020-05-24,0.7532074955383701,1681,1681
Mannar,2020-06-09,0.795901196888091,1671,1681
Mannar,2020-06-25,0.8223556552962299,1671,1681
Mannar,2020-07-11,0.6611151695419394,1681,1681
Mannar,2020-07-27,0.8119786523553966,1677,1681
Mannar,2020-08-12,0.7542061867935752,1681,1681
Mannar,2020-08-28,0.7537182359952325,1678,1681
Mannar,2020-09-13,0.7016063132817153,1679,1681
Mannar,2020-09-29,0.7702975360576924,1664,1681
Mannar,2020-10-15,0.7432988045427377,1673,1681
Mannar,2020-10-31,0.6218235364396655,1674,1681
Mannar,2020-11-16,0.6969051785714286,1680,1681
Mannar,2020-12-02,0.5685377459749553,1677,1681
Mannar,2020-12-18,0.47007252681764006,1678,1681
Mannar,2021-01-01,0.5196331547619047,1680,1681
Mannar,2021-01-17,0.8083835812016658,1681,1681
Mannar,2021-02-02,0.8283410469958359,1681,1681
Mannar,2021-02-18,0.7901929383602634,1671,1681
Mannar,2021-03-06,0.6496283075089392,1678,1681
Mannar,2021-03-22,0.785118502994012,1670,1681
Mannar,2021-04-07,0.6853567084078712,1677,1681
Mannar,2021-04-23,0.684722248661511,1681,1681
Mannar,2021-05-09,0.705511481261154,1681,1681
Mannar,2021-05-25,0.7935377751338489,1681,1681
Mannar,2021-06-10,0.7957261620977355,1678,1681
Mannar,2021-06-26,0.7824032412965186,1666,1681
Mannar,2021-07-12,0.7512344105326153,1671,1681
Mannar,2021-07-28,0.766397438951757,1679,1681
Mannar,2021-08-13,0.7344009535160907,1678,1681
Mannar,2021-08-29,0.7245386268656717,1675,1681
Mannar,2021-09-14,0.7526143543543543,1665,1681
Mannar,2021-09-30,0.7361915324985093,1677,1681
Mannar,2021-10-16,0.7319136823319453,1681,1681
Mannar,2021-11-01,0.7239261933174225,1676,1681
Mannar,2021-11-17,0.7629727976190477,1680,1681
Mannar,2021-12-03,0.7462430357142857,1680,1681
Mannar,2021-12-19,0.7988868735083533,1676,1681
Mannar,2022-01-01,0.6577240476190477,1680,1681
Mannar,2022-01-17,0.8152527380952381,1680,1681
Mannar,2022-02-02,0.8070604290822408,1678,1681
Mannar,2022-02-18,0.7760423214285714,1680,1681
Mannar,2022-03-06,0.7762167361524718,1679,1681
Mannar,2022-03-22,0.652911243307555,1681,1681
Mannar,2022-04-07,0.7319790005948841,1681,1681
Mannar,2022-04-23,0.7932058298631767,1681,1681
Mannar,2022-05-09,0.6260819750148722,1681,1681
Mannar,2022-05-25,0.740908462455304,1678,1681
Mannar,2022-06-10,0.7083201438848921,1668,1681
Mannar,2022-06-26,0.5825089232599643,1681,1681
Mannar,2022-07-12,0.6655453896490184,1681,1681
Mannar,2022-07-28,0.7332096234309624,1673,1681
Mannar,2022-08-13,0.6834996417910448,1675,1681
Mannar,2022-08-29,0.5245013682331946,1681,1681
Mannar,2022-09-14,0.7525368105515587,1668,1681
Mannar,2022-09-30,0.4085941106484236,1681,1681
Mannar,2022-10-16,0.548736974789916,1666,1681
Mannar,2022-11-01,0.5657773349196907,1681,1681
Mannar,2022-11-17,0.8074164782867341,1681,1681
Mannar,2022-12-03,0.524980487804878,1681,1681
Mannar,2022-12-19,0.5630466389054134,1681,1681
Mannar,2023-01-01,0.7081835812016657,1681,1681
Mannar,2023-01-17,0.6007948214285714,1680,1681
Mannar,2023-02-02,0.8141673408685307,1681,1681
Mannar,2023-02-18,0.7858922070196311,1681,1681
Mannar,2023-03-06,0.7099005353955979,1681,1681
Mannar,2023-03-22,0.7087670434265319,1681,1681
Mannar,2023-04-07,0.7528546698393813,1681,1681
Mannar,2023-04-23,0.47624182034503276,1681,1681
Mannar,2023-05-09,0.7931459845330161,1681,1681
Mannar,2023-05-25,0.7595258774538965,1681,1681
Mannar,2023-06-10,0.7557008923259965,1681,1681
Mannar,2023-06-26,0.7693916367980885,1674,1681
Mannar,2023-07-12,0.7583257602862254,1677,1681
Mannar,2023-07-28,0.7431333135038667,1681,1681
Mannar,2023-08-13,0.6993397849462366,1674,1681
Mannar,2023-08-29,0.6969268292682927,1681,1681
Mannar,2023-09-14,0.7152336704342653,1681,1681
Mannar,2023-09-30,0.690469244497323,1681,1681
Mannar,2023-10-16,0.615423259964307,1681,1681
Mannar,2023-11-01,0.7193726890756303,1666,1681
Mannar,2023-11-17,0.6251939809296783,1678,1681
Mannar,2023-12-03,0.6588461629982154,1681,1681
Mannar,2023-12-19,0.6127065437239739,1681,1681
Mannar,2024-01-01,0.8028599048185605,1681,1681
Mannar,2024-01-17,0.8129135633551458,1681,1681
Mannar,2024-02-02,0.7506494047619048,1680,1681
Mannar,2024-02-18,0.6770051160023796,1681,1681
Mannar,2024-03-05,0.7590509815585961,1681,1681
Mannar,2024-03-21,0.719301249256395,1681,1681
Matale,2012-09-13,0.6633362879238549,1681,1681
Matale,2012-09-29,0.6771915526472339,1681,1681
Matale,2012-10-15,0.6367202260559192,1681,1681
Matale,2012-10-31,0.7857591909577633,1681,1681
Matale,2012-11-16,0.7987960737656158,1681,1681
Matale,2012-12-02,0.7821520523497918,1681,1681
Matale,2012-12-18,0.7772722189173111,1681,1681
Matale,2013-01-01,0.7958690660321238,1681,1681
Matale,2013-01-17,0.8215833432480666,1681,1681
Matale,2013-02-02,0.7665102914931589,1681,1681
Matale,2013-02-18,0.8193298036882809,1681,1681
Matale,2013-03-06,0.7864367043426532,1681,1681
Matale,2013-03-22,0.7598947055324212,1681,1681
Matale,2013-04-07,0.8006768590124926,1681,1681
Matale,2013-04-23,0.7699208209399168,1681,1681
Matale,2013-05-09,0.8002657346817371,1681,1681
Matale,2013-05-25,0.7398018441403926,1681,1681
Matale,2013-06-10,0.7410821534800714,1681,1681
Matale,2013-06-26,0.71999750148721,1681,1681
Matale,2013-07-12,0.7579546103509817,1681,1681
Matale,2013-07-28,0.7574314693634742,1681,1681
Matale,2013-08-13,0.7293738251041048,1681,1681
Matale,2013-08-29,0.7407639500297443,1681,1681
Matale,2013-09-14,0.769521237358715,1681,1681
Matale,2013-09-30,0.7721792980368829,1681,1681
Matale,2013-10-16,0.7480179060083284,1681,1681
Matale,2013-11-01,0.7558023200475907,1681,1681
Matale,2013-11-17,0.8042057703747769,1681,1681
Matale,2013-12-03,0.77808001189768,1681,1681
Matale,2013-12-19,0.37189821534800716,1681,1681
Matale,2014-01-01,0.7583634741225461,1681,1681
Matale,2014-01-17,0.6096766210588935,1681,1681
Matale,2014-02-02,0.8365187983343249,1681,1681
Matale,2014-02-18,0.8314653182629387,1681,1681
Matale,2014-03-06,0.7251346222486615,1681,1681
Matale,2014-03-22,0.8065570493753719,1681,1681
Matale,2014-04-07,0.7861499107674004,1681,1681
Matale,2014-04-23,0.7695534800713861,1681,1681
Matale,2014-05-09,0.779588756692445,1681,1681
Matale,2014-05-25,0.7622365853658537,1681,1681
Matale,2014-06-10,0.7269647233789411,1681,1681
Matale,2014-06-26,0.7215148126115408,1681,1681
Matale,2014-07-12,0.6730293277810827,1681,1681
Matale,2014-07-28,0.7031801308744795,1681,1681
Matale,2014-08-13,0.690835752528257,1681,1681
Matale,2014-08-29,0.6538346222486615,1681,1681
Matale,2014-09-14,0.6187778108268889,1681,1681
Matale,2014-09-30,0.7477812016656753,1681,1681
Matale,2014-10-16,0.7967597263533611,1681,1681
Matale,2014-11-01,0.8145794765020821,1681,1681
Matale,2014-11-17,0.7912200475907198,1681,1681
Matale,2014-12-03,0.7166803093396787,1681,1681
Matale,2014-12-19,0.8186700773349198,1681,1681
Matale,2015-01-01,0.8300867340868531,1681,1681
Matale,2015-01-17,0.7258136309523809,1680,1681
Matale,2015-02-02,0.8184033313503867,1681,1681
Matale,2015-02-18,0.8177661511005354,1681,1681
Matale,2015-03-06,0.7896917311124331,1681,1681
Matale,2015-03-22,0.7712086853063653,1681,1681
Matale,2015-04-07,0.8242490184414039,1681,1681
Matale,2015-04-23,0.7947639500297443,1681,1681
Matale,2015-05-09,0.7644635930993456,1681,1681
Matale,2015-05-25,0.7673249256395003,1681,1681
Matale,2015-06-10,0.7996171326591315,1681,1681
Matale,2015-06-26,0.7808395597858417,1681,1681
Matale,2015-07-12,0.728120999405116,1681,1681
Matale,2015-07-28,0.7575951814396193,1681,1681
Matale,2015-08-13,0.7820741225461035,1681,1681
Matale,2015-08-29,0.7494166567519334,1681,1681
Matale,2015-09-14,0.7662798334324807,1681,1681
Matale,2015-09-30,0.8066563950029745,1681,1681
Matale,2015-10-16,0.6603434265318263,1681,1681
Matale,2015-11-01,0.535800773349197,1681,1681
Matale,2015-11-17,0.7970165972635337,1681,1681
Matale,2015-12-03,0.7316469326980346,1679,1681
Matale,2015-12-19,0.7467538964901844,1681,1681
Matale,2016-01-01,0.6880797739440809,1681,1681
Matale,2016-01-17,0.8257907792980368,1681,1681
Matale,2016-02-02,0.7994350386674599,1681,1681
Matale,2016-02-18,0.4440989874925551,1679,1681
Matale,2016-03-05,0.8314516954193932,1681,1681
Matale,2016-03-21,0.7825625817965497,1681,1681
Matale,2016-04-06,0.7858771564544914,1681,1681
Matale,2016-04-22,0.7790262938726948,1681,1681
Matale,2016-05-08,0.8038523497917907,1681,1681
Matale,2016-05-24,0.7808697204045212,1681,1681
Matale,2016-06-09,0.7816924449732303,1681,1681
Matale,2016-06-25,0.776644735276621,1681,1681
Matale,2016-07-11,0.7622293872694824,1681,1681
Matale,2016-07-27,0.7450807852468769,1681,1681
Matale,2016-08-12,0.6663837001784653,1681,1681
Matale,2016-08-28,0.7061041046995836,1681,1681
Matale,2016-09-13,0.6591465794170137,1681,1681
Matale,2016-09-29,0.6244084473527662,1681,1681
Matale,2016-10-15,0.6243400356930399,1681,1681
Matale,2016-10-31,0.7387145746579418,1681,1681
Matale,2016-11-16,0.7200466983938133,1681,1681
Matale,2016-12-02,0.8178121951219512,1681,1681
Matale,2016-12-18,0.8456055324211779,1681,1681
Matale,2017-01-01,0.8449103509815586,1681,1681
Matale,2017-01-17,0.8009398572278406,1681,1681
Matale,2017-02-02,0.8024441071428572,1680,1681
Matale,2017-02-18,0.825908506841166,1681,1681
Matale,2017-03-06,0.8011743010113028,1681,1681
Matale,2017-03-22,0.7907593099345628,1681,1681
Matale,2017-04-07,0.7366067221891731,1681,1681
Matale,2017-04-23,0.7517932778108269,1681,1681
Matale,2017-05-09,0.7537029744199881,1681,1681
Matale,2017-05-25,0.7339452111838192,1681,1681
Matale,2017-06-10,0.7288734681737062,1681,1681
Matale,2017-06-26,0.733549018441404,1681,1681
Matale,2017-07-12,0.6700371207614515,1681,1681
Matale,2017-07-28,0.6609992266508031,1681,1681
Matale,2017-08-13,0.6788249256395003,1681,1681
Matale,2017-08-29,0.6742918500892326,1681,1681
Matale,2017-09-14,0.7227496133254016,1681,1681
Matale,2017-09-30,0.7151111838191553,1681,1681
Matale,2017-10-16,0.7409574657941701,1681,1681
Matale,2017-11-01,0.7627451516954195,1681,1681
Matale,2017-11-17,0.7651192147531232,1681,1681
Matale,2017-12-03,0.7833850089232599,1681,1681
Matale,2017-12-19,0.7827211183819155,1681,1681
Matale,2018-01-01,0.780552766210589,1681,1681
Matale,2018-01-17,0.7689869720404522,1681,1681
Matale,2018-02-02,0.7548362284354552,1681,1681
Matale,2018-02-18,0.739732242712671,1681,1681
Matale,2018-03-06,0.6961363690476191,1680,1681
Matale,2018-03-22,0.7073841572364503,1679,1681
Matale,2018-04-07,0.6984202260559191,1681,1681
Matale,2018-04-23,0.709204759071981,1681,1681
Matale,2018-05-09,0.6652900536033354,1679,1681
Matale,2018-05-25,0.6715577037477692,1681,1681
Matale,2018-06-10,0.6972535395597859,1681,1681
Matale,2018-06-26,0.6764587150505651,1681,1681
Matale,2018-07-12,0.6340781082688876,1681,1681
Matale,2018-07-28,0.6150466983938132,1681,1681
Matale,2018-08-13,0.6343323616894705,1681,1681
Matale,2018-08-29,0.673759012492564,1681,1681
Matale,2018-09-14,0.6582306365258774,1681,1681
Matale,2018-09-30,0.7772251635930995,1681,1681
Matale,2018-10-16,0.728976264128495,1681,1681
Matale,2018-11-01,0.7382073170731708,1681,1681
Matale,2018-11-17,0.7428378362223551,1673,1681
Matale,2018-12-03,0.7354506841165973,1681,1681
Matale,2018-12-19,0.7733127900059489,1681,1681
Matale,2019-01-01,0.6415375371802499,1681,1681
Matale,2019-01-17,0.7249114217727544,1681,1681
Matale,2019-02-02,0.7615039262343843,1681,1681
Matale,2019-02-18,0.7107994646044021,1681,1681
Matale,2019-03-06,0.737235752528257,1681,1681
Matale,2019-03-22,0.7183480666270078,1681,1681
Matale,2019-04-07,0.7143808447352766,1681,1681
Matale,2019-04-23,0.6832762046400952,1681,1681
Matale,2019-05-09,0.6568161808447354,1681,1681
Matale,2019-05-25,0.6644155264723379,1681,1681
Matale,2019-06-10,0.6118058298631767,1681,1681
Matale,2019-06-26,0.6067135038667459,1681,1681
Matale,2019-07-12,0.5751302201070791,1681,1681
Matale,2019-07-28,0.5558636525877454,1681,1681
Matale,2019-08-13,0.49329619274241526,1681,1681
Matale,2019-08-29,0.5596503271861987,1681,1681
Matale,2019-09-14,0.5685607971445569,1681,1681
Matale,2019-09-30,0.6191773349196907,1681,1681
Matale,2019-10-16,0.5853118381915527,1681,1681
Matale,2019-11-01,0.7351206424747174,1681,1681
Matale,2019-11-17,0.554714515169542,1681,1681
Matale,2019-12-03,0.5434422367638311,1681,1681
Matale,2019-12-19,0.7514662105889351,1681,1681
Matale,2020-01-01,0.7391431885782274,1681,1681
Matale,2020-01-17,0.6730232004759072,1681,1681
Matale,2020-02-02,0.7715031528851874,1681,1681
Matale,2020-02-18,0.737932242712671,1681,1681
Matale,2020-03-05,0.7155622248661511,1681,1681
Matale,2020-03-21,0.6995784651992862,1681,1681
Matale,2020-04-06,0.7072876859012494,1681,1681
Matale,2020-04-22,0.7134825698988697,1681,1681
Matale,2020-05-08,0.7064747174301012,1681,1681
Matale,2020-05-24,0.6904851873884593,1681,1681
Matale,2020-06-09,0.6734433670434266,1681,1681
Matale,2020-06-25,0.6965171326591315,1681,1681
Matale,2020-07-11,0.6964508030933969,1681,1681
Matale,2020-07-27,0.702073230220107,1681,1681
Matale,2020-08-12,0.7001806662700774,1681,1681
Matale,2020-08-28,0.6686058893515765,1681,1681
Matale,2020-09-13,0.6702513979773944,1681,1681
Matale,2020-09-29,0.6313054134443784,1681,1681
Matale,2020-10-15,0.6444026174895896,1681,1681
Matale,2020-10-31,0.6754607971445569,1681,1681
Matale,2020-11-16,0.6853766805472933,1681,1681
Matale,2020-12-02,0.6407806067816776,1681,1681
Matale,2020-12-18,0.6853011302795955,1681,1681
Matale,2021-01-01,0.5793371802498513,1681,1681
Matale,2021-01-17,0.7116287328970851,1681,1681
Matale,2021-02-02,0.7429829268292684,1681,1681
Matale,2021-02-18,0.7491781677572874,1681,1681
Matale,2021-03-06,0.7068848304580607,1681,1681
Matale,2021-03-22,0.7006121356335515,1681,1681
Matale,2021-04-07,0.7266458060678168,1681,1681
Matale,2021-04-23,0.7874867340868531,1681,1681
Matale,2021-05-09,0.7153151695419393,1681,1681
Matale,2021-05-25,0.7125065437239739,1681,1681
Matale,2021-06-10,0.7246938726948245,1681,1681
Matale,2021-06-26,0.7287055919095777,1681,1681
Matale,2021-07-12,0.6754632956573469,1681,1681
Matale,2021-07-28,0.7085255205234979,1681,1681
Matale,2021-08-13,0.6423726948245092,1681,1681
Matale,2021-08-29,0.6857781677572874,1681,1681
Matale,2021-09-14,0.6568348007138609,1681,1681
Matale,2021-09-30,0.6383525595238095,1680,1681
Matale,2021-10-16,0.6981587745389649,1681,1681
Matale,2021-11-01,0.7368135038667459,1681,1681
Matale,2021-11-17,0.7652513384889947,1681,1681
Matale,2021-12-03,0.7309750595238096,1680,1681
Matale,2021-12-19,0.7192981558596074,1681,1681
Matale,2022-01-01,0.7866875669244499,1681,1681
Matale,2022-01-17,0.8051475312314099,1681,1681
Matale,2022-02-02,0.7729438429506247,1681,1681
Matale,2022-02-18,0.7787801785714287,1680,1681
Matale,2022-03-06,0.7744115407495539,1681,1681
Matale,2022-03-22,0.7601055919095777,1681,1681
Matale,2022-04-07,0.7207576442593694,1681,1681
Matale,2022-04-23,0.7463575847709697,1681,1681
Matale,2022-05-09,0.4798979166666667,1680,1681
Matale,2022-05-25,0.6571060678167757,1681,1681
Matale,2022-06-10,0.5216126710291493,1681,1681
Matale,2022-06-26,0.6409251041046996,1681,1681
Matale,2022-07-12,0.6365657941701368,1681,1681
Matale,2022-07-28,0.681549018441404,1681,1681
Matale,2022-08-13,0.6786214158239143,1681,1681
Matale,2022-08-29,0.7069027364663891,1681,1681
Matale,2022-09-14,0.7269871505056514,1681,1681
Matale,2022-09-30,0.7070183224271267,1681,1681
Matale,2022-10-16,0.720545589988081,1678,1681
Matale,2022-11-01,0.6093105889351577,1681,1681
Matale,2022-11-17,0.7581684711481261,1681,1681
Matale,2022-12-03,0.5940671624033314,1681,1681
Matale,2022-12-19,0.7249124925639501,1681,1681
Matale,2023-01-01,0.5973866745984533,1681,1681
Matale,2023-01-17,0.7274892920880429,1681,1681
Matale,2023-02-02,0.7489916716240334,1681,1681
Matale,2023-02-18,0.6669349791790601,1681,1681
Matale,2023-03-06,0.7046004164187983,1681,1681
Matale,2023-03-22,0.7361839381320643,1681,1681
Matale,2023-04-07,0.7212578227245687,1681,1681
Matale,2023-04-23,0.7720771564544914,1681,1681
Matale,2023-05-09,0.7237236763831054,1681,1681
Matale,2023-05-25,0.695099524092802,1681,1681
Matale,2023-06-10,0.6751375966686497,1681,1681
Matale,2023-06-26,0.5128470553242118,1681,1681
Matale,2023-07-12,0.6666394408090422,1681,1681
Matale,2023-07-28,0.6355390243902439,1681,1681
Matale,2023-08-13,0.6073007138607972,1681,1681
Matale,2023-08-29,0.5955779298036883,1681,1681
Matale,2023-09-14,0.6278864961332541,1681,1681
Matale,2023-09-30,0.6586506841165972,1681,1681
Matale,2023-10-16,0.7112981558596074,1681,1681
Matale,2023-11-01,0.7379311563810665,1669,1681
Matale,2023-11-17,0.7270047051816558,1679,1681
Matale,2023-12-03,0.6977356335514575,1681,1681
Matale,2023-12-19,0.5866532421177871,1681,1681
Matale,2024-01-01,0.6962365853658536,1681,1681
Matale,2024-01-17,0.7471406900654373,1681,1681
Matale,2024-02-02,0.6937377751338489,1681,1681
Matale,2024-02-18,0.7127758477096966,1681,1681
Matale,2024-03-05,0.7146644259369423,1681,1681
Matale,2024-03-21,0.727432242712671,1681,1681
Matara,2012-09-13,0.7128520523497918,1681,1681
Matara,2012-09-29,0.786493277810827,1681,1681
Matara,2012-10-15,0.6577977394408091,1681,1681
Matara,2012-10-31,0.8093609756097562,1681,1681
Matara,2012-11-16,0.8319650803093397,1681,1681
Matara,2012-12-02,0.8020598453301606,1681,1681
Matara,2012-12-18,0.8366493753718025,1681,1681
Matara,2013-01-01,0.8530758477096967,1681,1681
Matara,2013-01-17,0.8304249256395004,1681,1681
Matara,2013-02-02,0.6391630577037478,1681,1681
Matara,2013-02-18,0.7576890541344439,1681,1681
Matara,2013-03-06,0.7567637120761451,1681,1681
Matara,2013-03-22,0.697920523497918,1681,1681
Matara,2013-04-07,0.7871108863771565,1681,1681
Matara,2013-04-23,0.825765258774539,1681,1681
Matara,2013-05-09,0.6672001784651993,1681,1681
Matara,2013-05-25,0.5607610350981559,1681,1681
Matara,2013-06-10,0.6499653777513386,1681,1681
Matara,2013-06-26,0.6116632361689471,1681,1681
Matara,2013-07-12,0.8095606186793576,1681,1681
Matara,2013-07-28,0.6234591314693635,1681,1681
Matara,2013-08-13,0.7390919690660321,1681,1681
Matara,2013-08-29,0.5647609756097561,1681,1681
Matara,2013-09-14,0.7249041046995837,1681,1681
Matara,2013-09-30,0.7439211778703153,1681,1681
Matara,2013-10-16,0.7147830952380952,1680,1681
Matara,2013-11-01,0.812569244497323,1681,1681
Matara,2013-11-17,0.7481621653777514,1681,1681
Matara,2013-12-03,0.8407088042831649,1681,1681
Matara,2013-12-19,0.81979750148721,1681,1681
Matara,2014-01-01,0.8403736466389056,1681,1681
Matara,2014-01-17,0.8072738251041047,1681,1681
Matara,2014-02-02,0.7847950624628197,1681,1681
Matara,2014-02-18,0.7972725163593101,1681,1681
Matara,2014-03-06,0.7592556811421773,1681,1681
Matara,2014-03-22,0.7880319452706723,1681,1681
Matara,2014-04-07,0.7722187983343248,1681,1681
Matara,2014-04-23,0.7888352171326591,1681,1681
Matara,2014-05-09,0.746250267697799,1681,1681
Matara,2014-05-25,0.5469125520523498,1681,1681
Matara,2014-06-10,0.7922109458655562,1681,1681
Matara,2014-06-26,0.7638649613325401,1681,1681
Matara,2014-07-12,0.719166745984533,1681,1681
Matara,2014-07-28,0.6914394408090423,1681,1681
Matara,2014-08-13,0.6489058893515766,1681,1681
Matara,2014-08-29,0.636231766805473,1681,1681
Matara,2014-09-14,0.6910491374182035,1681,1681
Matara,2014-09-30,0.7241716240333135,1681,1681
Matara,2014-10-16,0.7528934562760262,1681,1681
Matara,2014-11-01,0.8310281380130875,1681,1681
Matara,2014-11-17,0.8104101130279595,1681,1681
Matara,2014-12-03,0.8118315883402737,1681,1681
Matara,2014-12-19,0.8287391433670435,1681,1681
Matara,2015-01-01,0.8343882212968471,1681,1681
Matara,2015-01-17,0.8304592504461631,1681,1681
Matara,2015-02-02,0.7853657941701369,1681,1681
Matara,2015-02-18,0.7887338488994647,1681,1681
Matara,2015-03-06,0.7939754312908983,1681,1681
Matara,2015-03-22,0.7744484830458062,1681,1681
Matara,2015-04-07,0.7984808447352767,1681,1681
Matara,2015-04-23,0.7874246281975015,1681,1681
Matara,2015-05-09,0.8119950029744201,1681,1681
Matara,2015-05-25,0.7154008328375967,1681,1681
Matara,2015-06-10,0.7426326591314694,1681,1681
Matara,2015-06-26,0.8009562165377752,1681,1681
Matara,2015-07-12,0.6700643664485426,1681,1681
Matara,2015-07-28,0.7692705532421178,1681,1681
Matara,2015-08-13,0.7266775133848901,1681,1681
Matara,2015-08-29,0.7762234384295063,1681,1681
Matara,2015-09-14,0.7723124330755503,1681,1681
Matara,2015-09-30,0.6878914931588341,1681,1681
Matara,2015-10-16,0.6536241522903035,1681,1681
Matara,2015-11-01,0.7422361689470554,1681,1681
Matara,2015-11-17,0.8222516954193932,1681,1681
Matara,2015-12-03,0.8021553837001785,1681,1681
Matara,2015-12-19,0.8597268292682928,1681,1681
Matara,2016-01-01,0.8475728732897085,1681,1681
Matara,2016-01-17,0.8330549077929804,1681,1681
Matara,2016-02-02,0.7981856632956574,1681,1681
Matara,2016-02-18,0.7616105294467579,1681,1681
Matara,2016-03-05,0.82146252230815,1681,1681
Matara,2016-03-21,0.7645516954193933,1681,1681
Matara,2016-04-06,0.8000618084473528,1681,1681
Matara,2016-04-22,0.8101019047619048,1680,1681
Matara,2016-05-08,0.6797067816775729,1681,1681
Matara,2016-05-24,0.7789883997620464,1681,1681
Matara,2016-06-09,0.6577225461035099,1681,1681
Matara,2016-06-25,0.6539168352171327,1681,1681
Matara,2016-07-11,0.7879551457465795,1681,1681
Matara,2016-07-27,0.6845558596073765,1681,1681
Matara,2016-08-12,0.6547957142857143,1680,1681
Matara,2016-08-28,0.6088505651397977,1681,1681
Matara,2016-09-13,0.7170719809637122,1681,1681
Matara,2016-09-29,0.7739323616894705,1681,1681
Matara,2016-10-15,0.76056002379536,1681,1681
Matara,2016-10-31,0.8009515764425937,1681,1681
Matara,2016-11-16,0.7475115407495538,1681,1681
Matara,2016-12-02,0.8312084473527662,1681,1681
Matara,2016-12-18,0.8383420582986318,1681,1681
Matara,2017-01-01,0.8355405710886377,1681,1681
Matara,2017-01-17,0.8222224271267103,1681,1681
Matara,2017-02-02,0.8265126115407497,1681,1681
Matara,2017-02-18,0.7221726948245092,1681,1681
Matara,2017-03-06,0.7870316478286735,1681,1681
Matara,2017-03-22,0.8072578227245688,1681,1681
Matara,2017-04-07,0.7852806662700773,1681,1681
Matara,2017-04-23,0.7930379535990482,1681,1681
Matara,2017-05-09,0.7607340868530638,1681,1681
Matara,2017-05-25,0.6342920880428317,1681,1681
Matara,2017-06-10,0.7410687685901249,1681,1681
Matara,2017-06-26,0.7765314098750744,1681,1681
Matara,2017-07-12,0.7317861986912553,1681,1681
Matara,2017-07-28,0.5591224271267103,1681,1681
Matara,2017-08-13,0.724417013682332,1681,1681
Matara,2017-08-29,0.7592814991076741,1681,1681
Matara,2017-09-14,0.7651304580606783,1681,1681
Matara,2017-09-30,0.7254434265318264,1681,1681
Matara,2017-10-16,0.7703013087447947,1681,1681
Matara,2017-11-01,0.734265258774539,1681,1681
Matara,2017-11-17,0.8466881618084474,1681,1681
Matara,2017-12-03,0.8443259964306961,1681,1681
Matara,2017-12-19,0.8601008923259964,1681,1681
Matara,2018-01-01,0.8311603212373588,1681,1681
Matara,2018-01-17,0.76554253420583,1681,1681
Matara,2018-02-02,0.8104837001784653,1681,1681
Matara,2018-02-18,0.7835130279595479,1681,1681
Matara,2018-03-06,0.8032310529446758,1681,1681
Matara,2018-03-22,0.7990838191552647,1681,1681
Matara,2018-04-07,0.7905828078524688,1681,1681
Matara,2018-04-23,0.726239738251041,1681,1681
Matara,2018-05-09,0.5680126115407496,1681,1681
Matara,2018-05-25,0.7654545508625819,1681,1681
Matara,2018-06-10,0.6752043426531826,1681,1681
Matara,2018-06-26,0.7865773349196907,1681,1681
Matara,2018-07-12,0.6296179060083285,1681,1681
Matara,2018-07-28,0.6916730517549079,1681,1681
Matara,2018-08-13,0.6685218322427127,1681,1681
Matara,2018-08-29,0.7830835217132659,1681,1681
Matara,2018-09-14,0.7369783462224867,1681,1681
Matara,2018-09-30,0.6274052349791791,1681,1681
Matara,2018-10-16,0.8172166567519334,1681,1681
Matara,2018-11-01,0.8272953004164189,1681,1681
Matara,2018-11-17,0.7905060678167758,1681,1681
Matara,2018-12-03,0.839443486020226,1681,1681
Matara,2018-12-19,0.8385967281380132,1681,1681
Matara,2019-01-01,0.8356475907198098,1681,1681
Matara,2019-01-17,0.8080716240333136,1681,1681
Matara,2019-02-02,0.805462760261749,1681,1681
Matara,2019-02-18,0.7856254610350981,1681,1681
Matara,2019-03-06,0.8215427126710293,1681,1681
Matara,2019-03-22,0.8118067816775729,1681,1681
Matara,2019-04-07,0.7844613920285545,1681,1681
Matara,2019-04-23,0.805775252825699,1681,1681
Matara,2019-05-09,0.7875736466389054,1681,1681
Matara,2019-05-25,0.7866204640095181,1681,1681
Matara,2019-06-10,0.5631117192147532,1681,1681
Matara,2019-06-26,0.799815764425937,1681,1681
Matara,2019-07-12,0.6770154669839382,1681,1681
Matara,2019-07-28,0.5705458060678168,1681,1681
Matara,2019-08-13,0.4928964306960143,1681,1681
Matara,2019-08-29,0.750207257584771,1681,1681
Matara,2019-09-14,0.6806217132659131,1681,1681
Matara,2019-09-30,0.8334868530636527,1681,1681
Matara,2019-10-16,0.6232093991671624,1681,1681
Matara,2019-11-01,0.7712201665675193,1681,1681
Matara,2019-11-17,0.7903204640095182,1681,1681
Matara,2019-12-03,0.7975466389054134,1681,1681
Matara,2019-12-19,0.8238013087447947,1681,1681
Matara,2020-01-01,0.8495299821534802,1681,1681
Matara,2020-01-17,0.8302873289708507,1681,1681
Matara,2020-02-02,0.782631766805473,1681,1681
Matara,2020-02-18,0.7939051754907793,1681,1681
Matara,2020-03-05,0.7645791790600833,1681,1681
Matara,2020-03-21,0.748278227245687,1681,1681
Matara,2020-04-06,0.7789306960142772,1681,1681
Matara,2020-04-22,0.7958201665675193,1681,1681
Matara,2020-05-08,0.7656494348602023,1681,1681
Matara,2020-05-24,0.8000579417013682,1681,1681
Matara,2020-06-09,0.7838644854253422,1681,1681
Matara,2020-06-25,0.759458001189768,1681,1681
Matara,2020-07-11,0.5748448542534206,1681,1681
Matara,2020-07-27,0.5421403331350387,1681,1681
Matara,2020-08-12,0.7900405116002379,1681,1681
Matara,2020-08-28,0.5067140392623439,1681,1681
Matara,2020-09-13,0.7093402736466389,1681,1681
Matara,2020-09-29,0.7829117192147532,1681,1681
Matara,2020-10-15,0.7675516954193933,1681,1681
Matara,2020-10-31,0.7640555026769781,1681,1681
Matara,2020-11-16,0.7789340273646639,1681,1681
Matara,2020-12-02,0.8302184414039263,1681,1681
Matara,2020-12-18,0.8007883997620464,1681,1681
Matara,2021-01-01,0.4469690660321238,1681,1681
Matara,2021-01-17,0.8624951814396192,1681,1681
Matara,2021-02-02,0.8107056513979775,1681,1681
Matara,2021-02-18,0.8033243307555027,1681,1681
Matara,2021-03-06,0.7697851279000596,1681,1681
Matara,2021-03-22,0.7649647619047619,1680,1681
Matara,2021-04-07,0.7833597263533612,1681,1681
Matara,2021-04-23,0.7837258774538965,1681,1681
Matara,2021-05-09,0.7280091612135633,1681,1681
Matara,2021-05-25,0.6781694642857143,1680,1681
Matara,2021-06-10,0.8030036882807853,1681,1681
Matara,2021-06-26,0.6741009518143962,1681,1681
Matara,2021-07-12,0.5998960737656157,1681,1681
Matara,2021-07-28,0.7327605591909578,1681,1681
Matara,2021-08-13,0.6780511005353956,1681,1681
Matara,2021-08-29,0.6068816180844735,1681,1681
Matara,2021-09-14,0.7967678167757287,1681,1681
Matara,2021-09-30,0.7539164187983344,1681,1681
Matara,2021-10-16,0.7694091017251636,1681,1681
Matara,2021-11-01,0.7172528256989887,1681,1681
Matara,2021-11-17,0.8499493158834028,1681,1681
Matara,2021-12-03,0.8272903033908388,1681,1681
Matara,2021-12-19,0.8232378346222488,1681,1681
Matara,2022-01-01,0.8254259964306961,1681,1681
Matara,2022-01-17,0.8153387269482452,1681,1681
Matara,2022-02-02,0.7781414634146342,1681,1681
Matara,2022-02-18,0.8264294467578822,1681,1681
Matara,2022-03-06,0.7991225461035099,1681,1681
Matara,2022-03-22,0.7744361094586556,1681,1681
Matara,2022-04-07,0.8035058298631768,1681,1681
Matara,2022-04-23,0.7976294467578823,1681,1681
Matara,2022-05-09,0.6326401546698394,1681,1681
Matara,2022-05-25,0.7323259369422963,1681,1681
Matara,2022-06-10,0.6952896490184414,1681,1681
Matara,2022-06-26,0.7020364663890541,1681,1681
Matara,2022-07-12,0.8590439619274243,1681,1681
Matara,2022-07-28,0.7647951219512196,1681,1681
Matara,2022-08-13,0.7685581201665675,1681,1681
Matara,2022-08-29,0.49400202260559195,1681,1681
Matara,2022-09-14,0.7700312314098752,1681,1681
Matara,2022-09-30,0.7456468173706128,1681,1681
Matara,2022-10-16,0.7040357568533969,1678,1681
Matara,2022-11-01,0.7117920285544319,1681,1681
Matara,2022-11-17,0.8040311719214753,1681,1681
Matara,2022-12-03,0.5769812016656752,1681,1681
Matara,2022-12-19,0.818244021415824,1681,1681
Matara,2023-01-01,0.8181249256395003,1681,1681
Matara,2023-01-17,0.8363631766805473,1681,1681
Matara,2023-02-02,0.8204500892325997,1681,1681
Matara,2023-02-18,0.7770485425342059,1681,1681
Matara,2023-03-06,0.8270171326591316,1681,1681
Matara,2023-03-22,0.7975907198096371,1681,1681
Matara,2023-04-07,0.8125281380130875,1681,1681
Matara,2023-04-23,0.7475066032123736,1681,1681
Matara,2023-05-09,0.6897123735871505,1681,1681
Matara,2023-05-25,0.6515907198096371,1681,1681
Matara,2023-06-10,0.7236789411064842,1681,1681
Matara,2023-06-26,0.7706558596073766,1681,1681
Matara,2023-07-12,0.794396787626413,1681,1681
Matara,2023-07-28,0.7745856632956574,1681,1681
Matara,2023-08-13,0.7458884592504462,1681,1681
Matara,2023-08-29,0.5276232004759073,1681,1681
Matara,2023-09-14,0.6280882212968472,1681,1681
Matara,2023-09-30,0.7037045806067816,1681,1681
Matara,2023-10-16,0.8484014277215943,1681,1681
Matara,2023-11-01,0.7273414634146341,1681,1681
Matara,2023-11-17,0.7897647233789411,1681,1681
Matara,2023-12-03,0.7536580011897681,1681,1681
Matara,2023-12-19,0.8324900654372398,1681,1681
Matara,2024-01-01,0.8440511005353956,1681,1681
Matara,2024-01-17,0.8315798929208804,1681,1681
Matara,2024-02-02,0.7877761451516955,1681,1681
Matara,2024-02-18,0.8139684711481261,1681,1681
Matara,2024-03-05,0.7908638905413444,1681,1681
Matara,2024-03-21,0.7746352380952382,1680,1681
Moneragala,2012-09-13,0.6674229625223081,1681,1681
Moneragala,2012-09-29,0.6548219512195123,1681,1681
Moneragala,2012-10-15,0.7037286734086854,1681,1681
Moneragala,2012-10-31,0.7489713265913147,1681,1681
Moneragala,2012-11-16,0.757789530041642,1681,1681
Moneragala,2012-12-02,0.8024674003569304,1681,1681
Moneragala,2012-12-18,0.8537607376561571,1681,1681
Moneragala,2013-01-01,0.8537607376561571,1681,1681
Moneragala,2013-01-17,0.8236484830458062,1681,1681
Moneragala,2013-02-02,0.7960977394408091,1681,1681
Moneragala,2013-02-18,0.7823132064247472,1681,1681
Moneragala,2013-03-06,0.7436086258179655,1681,1681
Moneragala,2013-03-22,0.7360149315883403,1681,1681
Moneragala,2013-04-07,0.7770292088042833,1681,1681
Moneragala,2013-04-23,0.7695991076740036,1681,1681
Moneragala,2013-05-09,0.811119750148721,1681,1681
Moneragala,2013-05-25,0.7406935752528258,1681,1681
Moneragala,2013-06-10,0.7222531231409876,1681,1681
Moneragala,2013-06-26,0.6840859607376562,1681,1681
Moneragala,2013-07-12,0.7045508625817966,1681,1681
Moneragala,2013-07-28,0.6792023795359905,1681,1681
Moneragala,2013-08-13,0.6573599643069602,1681,1681
Moneragala,2013-08-29,0.669714515169542,1681,1681
Moneragala,2013-09-14,0.6617233789411066,1681,1681
Moneragala,2013-09-30,0.6465089827483641,1681,1681
Moneragala,2013-10-16,0.7178645449137419,1681,1681
Moneragala,2013-11-01,0.7237434860202261,1681,1681
Moneragala,2013-11-17,0.7572819750148722,1681,1681
Moneragala,2013-12-03,0.7901359309934562,1681,1681
Moneragala,2013-12-19,0.7451251041046997,1681,1681
Moneragala,2014-01-01,0.8238446757882214,1681,1681
Moneragala,2014-01-17,0.8002722784057109,1681,1681
Moneragala,2014-02-02,0.7999030933967877,1681,1681
Moneragala,2014-02-18,0.7472981558596075,1681,1681
Moneragala,2014-03-06,0.686179000594884,1681,1681
Moneragala,2014-03-22,0.6997073765615706,1681,1681
Moneragala,2014-04-07,0.70250999405116,1681,1681
Moneragala,2014-04-23,0.7326342653182629,1681,1681
Moneragala,2014-05-09,0.7615663890541345,1681,1681
Moneragala,2014-05-25,0.7308475312314099,1681,1681
Moneragala,2014-06-10,0.6794202855443189,1681,1681
Moneragala,2014-06-26,0.6242290898274837,1681,1681
Moneragala,2014-07-12,0.5843655562165379,1681,1681
Moneragala,2014-07-28,0.5773339678762642,1681,1681
Moneragala,2014-08-13,0.6370390243902438,1681,1681
Moneragala,2014-08-29,0.6790782272456871,1681,1681
Moneragala,2014-09-14,0.6897232599643071,1681,1681
Moneragala,2014-09-30,0.7331079714455682,1681,1681
Moneragala,2014-10-16,0.7455646044021417,1681,1681
Moneragala,2014-11-01,0.7625494943486021,1681,1681
Moneragala,2014-11-17,0.7094055919095776,1681,1681
Moneragala,2014-12-03,0.7549707911957169,1681,1681
Moneragala,2014-12-19,0.8350635336109459,1681,1681
Moneragala,2015-01-01,0.8330311719214754,1681,1681
Moneragala,2015-01-17,0.8088258179654968,1681,1681
Moneragala,2015-02-02,0.8010337894110648,1681,1681
Moneragala,2015-02-18,0.7758674598453302,1681,1681
Moneragala,2015-03-06,0.7413988102320048,1681,1681
Moneragala,2015-03-22,0.7191483640690066,1681,1681
Moneragala,2015-04-07,0.7484755502676979,1681,1681
Moneragala,2015-04-23,0.7552368233194527,1681,1681
Moneragala,2015-05-09,0.7738715645449138,1681,1681
Moneragala,2015-05-25,0.7746584176085664,1681,1681
Moneragala,2015-06-10,0.7778173706127306,1681,1681
Moneragala,2015-06-26,0.7778776323616895,1681,1681
Moneragala,2015-07-12,0.7169365853658537,1681,1681
Moneragala,2015-07-28,0.710134503271862,1681,1681
Moneragala,2015-08-13,0.7180275431290899,1681,1681
Moneragala,2015-08-29,0.7075353955978584,1681,1681
Moneragala,2015-09-14,0.6950183819155266,1681,1681
Moneragala,2015-09-30,0.7428046400951815,1681,1681
Moneragala,2015-10-16,0.607420761451517,1681,1681
Moneragala,2015-11-01,0.6908547293277811,1681,1681
Moneragala,2015-11-17,0.7798868530636527,1681,1681
Moneragala,2015-12-03,0.7153818452380952,1680,1681
Moneragala,2015-12-19,0.8365118381915527,1681,1681
Moneragala,2016-01-01,0.8219769185008924,1681,1681
Moneragala,2016-01-17,0.8091593099345629,1681,1681
Moneragala,2016-02-02,0.732193515764426,1681,1681
Moneragala,2016-02-18,0.6261748364069006,1681,1681
Moneragala,2016-03-05,0.7662249256395003,1681,1681
Moneragala,2016-03-21,0.6826982153480071,1681,1681
Moneragala,2016-04-06,0.7499845330160619,1681,1681
Moneragala,2016-04-22,0.7642138607971446,1681,1681
Moneragala,2016-05-08,0.7848456870910172,1681,1681
Moneragala,2016-05-24,0.7810212373587151,1681,1681
Moneragala,2016-06-09,0.7333006543723974,1681,1681
Moneragala,2016-06-25,0.7155422367638311,1681,1681
Moneragala,2016-07-11,0.6678828078524688,1681,1681
Moneragala,2016-07-27,0.7338212373587151,1681,1681
Moneragala,2016-08-12,0.7343606781677573,1681,1681
Moneragala,2016-08-28,0.740498274836407,1681,1681
Moneragala,2016-09-13,0.7160381320642475,1681,1681
Moneragala,2016-09-29,0.6723391433670435,1681,1681
Moneragala,2016-10-15,0.7435798334324807,1681,1681
Moneragala,2016-10-31,0.7645161213563355,1681,1681
Moneragala,2016-11-16,0.7609105889351577,1681,1681
Moneragala,2016-12-02,0.7925572278405711,1681,1681
Moneragala,2016-12-18,0.8154720999405116,1681,1681
Moneragala,2017-01-01,0.7954750148720999,1681,1681
Moneragala,2017-01-17,0.7945928613920287,1681,1681
Moneragala,2017-02-02,0.7953851279000596,1681,1681
Moneragala,2017-02-18,0.7621209399167163,1681,1681
Moneragala,2017-03-06,0.7588232004759072,1681,1681
Moneragala,2017-03-22,0.7583093991671624,1681,1681
Moneragala,2017-04-07,0.7586248661511006,1681,1681
Moneragala,2017-04-23,0.7744363474122546,1681,1681
Moneragala,2017-05-09,0.7577979179060084,1681,1681
Moneragala,2017-05-25,0.7801409875074361,1681,1681
Moneragala,2017-06-10,0.7318852468768591,1681,1681
Moneragala,2017-06-26,0.7182668054729329,1681,1681
Moneragala,2017-07-12,0.7275198096371208,1681,1681
Moneragala,2017-07-28,0.729649494348602,1681,1681
Moneragala,2017-08-13,0.7236068411659727,1681,1681
Moneragala,2017-08-29,0.764604521118382,1681,1681
Moneragala,2017-09-14,0.6520907792980369,1681,1681
Moneragala,2017-09-30,0.7206237358715051,1681,1681
Moneragala,2017-10-16,0.7335729922665081,1681,1681
Moneragala,2017-11-01,0.7547445568114218,1681,1681
Moneragala,2017-11-17,0.7536580011897681,1681,1681
Moneragala,2017-12-03,0.7889625223081499,1681,1681
Moneragala,2017-12-19,0.8226204045211184,1681,1681
Moneragala,2018-01-01,0.8098573468173706,1681,1681
Moneragala,2018-01-17,0.7994135633551458,1681,1681
Moneragala,2018-02-02,0.7969033908387865,1681,1681
Moneragala,2018-02-18,0.7671015466983939,1681,1681
Moneragala,2018-03-06,0.7435290898274837,1681,1681
Moneragala,2018-03-22,0.7600438429506247,1681,1681
Moneragala,2018-04-07,0.7240774538964903,1681,1681
Moneragala,2018-04-23,0.7679435455086259,1681,1681
Moneragala,2018-05-09,0.7321872099940512,1681,1681
Moneragala,2018-05-25,0.7900298631766806,1681,1681
Moneragala,2018-06-10,0.749269779892921,1681,1681
Moneragala,2018-06-26,0.7408936347412255,1681,1681
Moneragala,2018-07-12,0.7420671029149316,1681,1681
Moneragala,2018-07-28,0.6489202855443188,1681,1681
Moneragala,2018-08-13,0.7022465794170137,1681,1681
Moneragala,2018-08-29,0.7057569898869721,1681,1681
Moneragala,2018-09-14,0.7026506841165973,1681,1681
Moneragala,2018-09-30,0.8030006543723974,1681,1681
Moneragala,2018-10-16,0.7746105889351577,1681,1681
Moneragala,2018-11-01,0.7883660321237359,1681,1681
Moneragala,2018-11-17,0.8086397382510411,1681,1681
Moneragala,2018-12-03,0.823475490779298,1681,1681
Moneragala,2018-12-19,0.823840511600238,1681,1681
Moneragala,2019-01-01,0.8104061867935752,1681,1681
Moneragala,2019-01-17,0.776533254015467,1681,1681
Moneragala,2019-02-02,0.7607834622248661,1681,1681
Moneragala,2019-02-18,0.7482152290303391,1681,1681
Moneragala,2019-03-06,0.7627067221891731,1681,1681
Moneragala,2019-03-22,0.7285199286139203,1681,1681
Moneragala,2019-04-07,0.736364247471743,1681,1681
Moneragala,2019-04-23,0.7624408685306365,1681,1681
Moneragala,2019-05-09,0.7776645449137418,1681,1681
Moneragala,2019-05-25,0.7910647828673409,1681,1681
Moneragala,2019-06-10,0.7604799524092802,1681,1681
Moneragala,2019-06-26,0.7302026174895896,1681,1681
Moneragala,2019-07-12,0.7106538370017846,1681,1681
Moneragala,2019-07-28,0.6755023795359905,1681,1681
Moneragala,2019-08-13,0.6590891136228435,1681,1681
Moneragala,2019-08-29,0.6116056513979774,1681,1681
Moneragala,2019-09-14,0.4914966686496134,1681,1681
Moneragala,2019-09-30,0.7191774538964902,1681,1681
Moneragala,2019-10-16,0.5656095776323616,1681,1681
Moneragala,2019-11-01,0.7674080309339679,1681,1681
Moneragala,2019-11-17,0.7684691850089233,1681,1681
Moneragala,2019-12-03,0.7236361689470553,1681,1681
Moneragala,2019-12-19,0.8361679357525283,1681,1681
Moneragala,2020-01-01,0.8224831052944676,1681,1681
Moneragala,2020-01-17,0.7924196311719215,1681,1681
Moneragala,2020-02-02,0.8002719809637122,1681,1681
Moneragala,2020-02-18,0.7677395002974421,1681,1681
Moneragala,2020-03-05,0.7360204640095181,1681,1681
Moneragala,2020-03-21,0.678272754312909,1681,1681
Moneragala,2020-04-06,0.7092427126710291,1681,1681
Moneragala,2020-04-22,0.7659603212373587,1681,1681
Moneragala,2020-05-08,0.7913799524092803,1681,1681
Moneragala,2020-05-24,0.8005149315883403,1681,1681
Moneragala,2020-06-09,0.7434833432480666,1681,1681
Moneragala,2020-06-25,0.7961552052349792,1681,1681
Moneragala,2020-07-11,0.7270979179060083,1681,1681
Moneragala,2020-07-27,0.7396878048780489,1681,1681
Moneragala,2020-08-12,0.7022189767995242,1681,1681
Moneragala,2020-08-28,0.6802852468768591,1681,1681
Moneragala,2020-09-13,0.7668151695419393,1681,1681
Moneragala,2020-09-29,0.7502500892325997,1681,1681
Moneragala,2020-10-15,0.7209676977989292,1681,1681
Moneragala,2020-10-31,0.7517575252825699,1681,1681
Moneragala,2020-11-16,0.7735830458060678,1681,1681
Moneragala,2020-12-02,0.7843536585365855,1681,1681
Moneragala,2020-12-18,0.8089782272456871,1681,1681
Moneragala,2021-01-01,0.5999693039857228,1681,1681
Moneragala,2021-01-17,0.8220760856632957,1681,1681
Moneragala,2021-02-02,0.8118673408685307,1681,1681
Moneragala,2021-02-18,0.7727475907198097,1681,1681
Moneragala,2021-03-06,0.7669631171921476,1681,1681
Moneragala,2021-03-22,0.7570182034503272,1681,1681
Moneragala,2021-04-07,0.7753150505651398,1681,1681
Moneragala,2021-04-23,0.7741903033908388,1681,1681
Moneragala,2021-05-09,0.7931340273646639,1681,1681
Moneragala,2021-05-25,0.7888920880428316,1681,1681
Moneragala,2021-06-10,0.7927953004164189,1681,1681
Moneragala,2021-06-26,0.7492133848899465,1681,1681
Moneragala,2021-07-12,0.7789699583581202,1681,1681
Moneragala,2021-07-28,0.7612886972040452,1681,1681
Moneragala,2021-08-13,0.7694284354550862,1681,1681
Moneragala,2021-08-29,0.7556205829863176,1681,1681
Moneragala,2021-09-14,0.7326200475907199,1681,1681
Moneragala,2021-09-30,0.7906582986317668,1681,1681
Moneragala,2021-10-16,0.7635074360499703,1681,1681
Moneragala,2021-11-01,0.7769153480071387,1681,1681
Moneragala,2021-11-17,0.8116790005948841,1681,1681
Moneragala,2021-12-03,0.8120663890541345,1681,1681
Moneragala,2021-12-19,0.8135624628197502,1681,1681
Moneragala,2022-01-01,0.8166783462224867,1681,1681
Moneragala,2022-01-17,0.8091365853658536,1681,1681
Moneragala,2022-02-02,0.7856166567519334,1681,1681
Moneragala,2022-02-18,0.7719071980963712,1681,1681
Moneragala,2022-03-06,0.7340751933372993,1681,1681
Moneragala,2022-03-22,0.7490645449137419,1681,1681
Moneragala,2022-04-07,0.7567494348602023,1681,1681
Moneragala,2022-04-23,0.8051682331945271,1681,1681
Moneragala,2022-05-09,0.7693207019631172,1681,1681
Moneragala,2022-05-25,0.7882788221296847,1681,1681
Moneragala,2022-06-10,0.7515655562165379,1681,1681
Moneragala,2022-06-26,0.730268530636526,1681,1681
Moneragala,2022-07-12,0.7382186198691256,1681,1681
Moneragala,2022-07-28,0.7677738251041047,1681,1681
Moneragala,2022-08-13,0.7803309934562761,1681,1681
Moneragala,2022-08-29,0.7657064247471743,1681,1681
Moneragala,2022-09-14,0.7926788816180845,1681,1681
Moneragala,2022-09-30,0.7895941106484236,1681,1681
Moneragala,2022-10-16,0.7894142772159429,1681,1681
Moneragala,2022-11-01,0.5793788221296847,1681,1681
Moneragala,2022-11-17,0.7822248066627008,1681,1681
Moneragala,2022-12-03,0.7740944080904224,1681,1681
Moneragala,2022-12-19,0.8260152885187388,1681,1681
Moneragala,2023-01-01,0.798209518143962,1681,1681
Moneragala,2023-01-17,0.798641998810232,1681,1681
Moneragala,2023-02-02,0.8056378346222487,1681,1681
Moneragala,2023-02-18,0.8043283759666865,1681,1681
Moneragala,2023-03-06,0.6831896490184414,1681,1681
Moneragala,2023-03-22,0.7573234384295062,1681,1681
Moneragala,2023-04-07,0.7417254015466984,1681,1681
Moneragala,2023-04-23,0.7452816180844736,1681,1681
Moneragala,2023-05-09,0.7783009518143962,1681,1681
Moneragala,2023-05-25,0.769922248661511,1681,1681
Moneragala,2023-06-10,0.7969043426531827,1681,1681
Moneragala,2023-06-26,0.7678019036287924,1681,1681
Moneragala,2023-07-12,0.7889224271267103,1681,1681
Moneragala,2023-07-28,0.7299991671624033,1681,1681
Moneragala,2023-08-13,0.7346170731707318,1681,1681
Moneragala,2023-08-29,0.5963340868530637,1681,1681
Moneragala,2023-09-14,0.6876584770969661,1681,1681
Moneragala,2023-09-30,0.7698428911362285,1681,1681
Moneragala,2023-10-16,0.7859670434265319,1681,1681
Moneragala,2023-11-01,0.7560424747174301,1681,1681
Moneragala,2023-11-17,0.7558503866745985,1681,1681
Moneragala,2023-12-03,0.7668128494943486,1681,1681
Moneragala,2023-12-19,0.7642394408090423,1681,1681
Moneragala,2024-01-01,0.8158149910767402,1681,1681
Moneragala,2024-01-17,0.829041998810232,1681,1681
Moneragala,2024-02-02,0.7958299821534801,1681,1681
Moneragala,2024-02-18,0.7745283759666866,1681,1681
Moneragala,2024-03-05,0.7721359309934563,1681,1681
Moneragala,2024-03-21,0.7389888161808448,1681,1681
Mullaitivu,2012-09-13,0.6142614515169542,1681,1681
Mullaitivu,2012-09-29,0.7201543129089828,1681,1681
Mullaitivu,2012-10-15,0.4426039857227841,1681,1681
Mullaitivu,2012-10-31,0.7786036882807853,1681,1681
Mullaitivu,2012-11-16,0.7786793575252826,1681,1681
Mullaitivu,2012-12-02,0.7341236763831054,1681,1681
Mullaitivu,2012-12-18,0.504003511904762,1680,1681
Mullaitivu,2013-01-01,0.6849113095238095,1680,1681
Mullaitivu,2013-01-17,0.7304886241810602,1679,1681
Mullaitivu,2013-02-02,0.7525129684711481,1681,1681
Mullaitivu,2013-02-18,0.7686404521118383,1681,1681
Mullaitivu,2013-03-06,0.7880640095181439,1681,1681
Mullaitivu,2013-03-22,0.7745150505651398,1681,1681
Mullaitivu,2013-04-07,0.7506676383105295,1681,1681
Mullaitivu,2013-04-23,0.7889631766805473,1681,1681
Mullaitivu,2013-05-09,0.7664823319452707,1681,1681
Mullaitivu,2013-05-25,0.7411368828078525,1681,1681
Mullaitivu,2013-06-10,0.7347597263533612,1681,1681
Mullaitivu,2013-06-26,0.6873796549672814,1681,1681
Mullaitivu,2013-07-12,0.6802880428316479,1681,1681
Mullaitivu,2013-07-28,0.7209557406305771,1681,1681
Mullaitivu,2013-08-13,0.7103682331945271,1681,1681
Mullaitivu,2013-08-29,0.6555651992861392,1681,1681
Mullaitivu,2013-09-14,0.7388446757882213,1681,1681
Mullaitivu,2013-09-30,0.7326958358120167,1681,1681
Mullaitivu,2013-10-16,0.7778402141582392,1681,1681
Mullaitivu,2013-11-01,0.7006738690476191,1680,1681
Mullaitivu,2013-11-17,0.6572998810232005,1681,1681
Mullaitivu,2013-12-03,0.6468034503271862,1681,1681
Mullaitivu,2013-12-19,0.7349685901249257,1681,1681
Mullaitivu,2014-01-01,0.5318852976190477,1680,1681
Mullaitivu,2014-01-17,0.762887269482451,1681,1681
Mullaitivu,2014-02-02,0.8090534205829863,1681,1681
Mullaitivu,2014-02-18,0.7983354550862582,1681,1681
Mullaitivu,2014-03-06,0.6919412254610351,1681,1681
Mullaitivu,2014-03-22,0.7635910767400358,1681,1681
Mullaitivu,2014-04-07,0.7166321237358715,1681,1681
Mullaitivu,2014-04-23,0.6816023200475908,1681,1681
Mullaitivu,2014-05-09,0.7428773944080905,1681,1681
Mullaitivu,2014-05-25,0.7542428911362284,1681,1681
Mullaitivu,2014-06-10,0.6964957168352172,1681,1681
Mullaitivu,2014-06-26,0.695359250446163,1681,1681
Mullaitivu,2014-07-12,0.6444077929803689,1681,1681
Mullaitivu,2014-07-28,0.6450005353955979,1681,1681
Mullaitivu,2014-08-13,0.6232393218322427,1681,1681
Mullaitivu,2014-08-29,0.7176813206424748,1681,1681
Mullaitivu,2014-09-14,0.7398016656751933,1681,1681
Mullaitivu,2014-09-30,0.6182632142857143,1680,1681
Mullaitivu,2014-10-16,0.7141133848899465,1681,1681
Mullaitivu,2014-11-01,0.8155919690660322,1681,1681
Mullaitivu,2014-11-17,0.5088958953004165,1681,1681
Mullaitivu,2014-12-03,0.6018566746126341,1678,1681
Mullaitivu,2014-12-19,0.45170428316478284,1681,1681
Mullaitivu,2015-01-01,0.7330235714285714,1680,1681
Mullaitivu,2015-01-17,0.6738067857142858,1680,1681
Mullaitivu,2015-02-02,0.7695270672218918,1681,1681
Mullaitivu,2015-02-18,0.7463298631766806,1681,1681
Mullaitivu,2015-03-06,0.7623205829863177,1681,1681
Mullaitivu,2015-03-22,0.7494079119571684,1681,1681
Mullaitivu,2015-04-07,0.6133757287328971,1681,1681
Mullaitivu,2015-04-23,0.7805787031528852,1681,1681
Mullaitivu,2015-05-09,0.5314788816180845,1681,1681
Mullaitivu,2015-05-25,0.7610414634146342,1681,1681
Mullaitivu,2015-06-10,0.798692742415229,1681,1681
Mullaitivu,2015-06-26,0.7371744794765022,1681,1681
Mullaitivu,2015-07-12,0.7276149910767401,1681,1681
Mullaitivu,2015-07-28,0.7426001189767996,1681,1681
Mullaitivu,2015-08-13,0.6914436644854254,1681,1681
Mullaitivu,2015-08-29,0.7349195716835217,1681,1681
Mullaitivu,2015-09-14,0.7609080904223676,1681,1681
Mullaitivu,2015-09-30,0.7203075595238095,1680,1681
Mullaitivu,2015-10-16,0.7045975609756098,1681,1681
Mullaitivu,2015-11-01,0.6999691850089232,1681,1681
Mullaitivu,2015-11-17,0.7401174404761905,1680,1681
Mullaitivu,2015-12-03,0.7489090638044127,1677,1681
Mullaitivu,2015-12-19,0.7863716835217134,1681,1681
Mullaitivu,2016-01-01,0.7531721858248958,1679,1681
Mullaitivu,2016-01-17,0.6839268887566925,1681,1681
Mullaitivu,2016-02-02,0.7532785841760857,1681,1681
Mullaitivu,2016-02-18,0.5172957687723481,1678,1681
Mullaitivu,2016-03-05,0.8097531826293873,1681,1681
Mullaitivu,2016-03-21,0.7243664485425342,1681,1681
Mullaitivu,2016-04-06,0.7342533016061868,1681,1681
Mullaitivu,2016-04-22,0.7297405116002379,1681,1681
Mullaitivu,2016-05-08,0.7054835217132659,1681,1681
Mullaitivu,2016-05-24,0.7772,1681,1681
Mullaitivu,2016-06-09,0.6912627007733493,1681,1681
Mullaitivu,2016-06-25,0.7688537180249851,1681,1681
Mullaitivu,2016-07-11,0.7364088637715646,1681,1681
Mullaitivu,2016-07-27,0.7693929803688282,1681,1681
Mullaitivu,2016-08-12,0.7174168352171327,1681,1681
Mullaitivu,2016-08-28,0.709464247471743,1681,1681
Mullaitivu,2016-09-13,0.6935536585365855,1681,1681
Mullaitivu,2016-09-29,0.7017688280785247,1681,1681
Mullaitivu,2016-10-15,0.7097823914336705,1681,1681
Mullaitivu,2016-10-31,0.7482299226650803,1681,1681
Mullaitivu,2016-11-16,0.5254823319452707,1681,1681
Mullaitivu,2016-12-02,0.8157174301011304,1681,1681
Mullaitivu,2016-12-18,0.8173275431290898,1681,1681
Mullaitivu,2017-01-01,0.8029835812016657,1681,1681
Mullaitivu,2017-01-17,0.5309301606186794,1681,1681
Mullaitivu,2017-02-02,0.8105766805472934,1681,1681
Mullaitivu,2017-02-18,0.7395531231409875,1681,1681
Mullaitivu,2017-03-06,0.8194438429506247,1681,1681
Mullaitivu,2017-03-22,0.7812182034503272,1681,1681
Mullaitivu,2017-04-07,0.7337202855443189,1681,1681
Mullaitivu,2017-04-23,0.7262524687685902,1681,1681
Mullaitivu,2017-05-09,0.7345414039262345,1681,1681
Mullaitivu,2017-05-25,0.7357701963117192,1681,1681
Mullaitivu,2017-06-10,0.7090714455681142,1681,1681
Mullaitivu,2017-06-26,0.7023018441403927,1681,1681
Mullaitivu,2017-07-12,0.6411891731112433,1681,1681
Mullaitivu,2017-07-28,0.6524371802498513,1681,1681
Mullaitivu,2017-08-13,0.6490464009518144,1681,1681
Mullaitivu,2017-08-29,0.7456296252230815,1681,1681
Mullaitivu,2017-09-14,0.7499293872694824,1681,1681
Mullaitivu,2017-09-30,0.6564596073765616,1681,1681
Mullaitivu,2017-10-16,0.7534165972635337,1681,1681
Mullaitivu,2017-11-01,0.8197701368233195,1681,1681
Mullaitivu,2017-11-17,0.8164343248066628,1681,1681
Mullaitivu,2017-12-03,0.6731769185008923,1681,1681
Mullaitivu,2017-12-19,0.8061308744794765,1681,1681
Mullaitivu,2018-01-01,0.7854845330160619,1681,1681
Mullaitivu,2018-01-17,0.7825080309339679,1681,1681
Mullaitivu,2018-02-02,0.7723241522903034,1681,1681
Mullaitivu,2018-02-18,0.7702248066627008,1681,1681
Mullaitivu,2018-03-06,0.7799597263533612,1681,1681
Mullaitivu,2018-03-22,0.7045471148126116,1681,1681
Mullaitivu,2018-04-07,0.7460582986317668,1681,1681
Mullaitivu,2018-04-23,0.7132161808447354,1681,1681
Mullaitivu,2018-05-09,0.5557578822129685,1681,1681
Mullaitivu,2018-05-25,0.761376740035693,1681,1681
Mullaitivu,2018-06-10,0.6866632361689471,1681,1681
Mullaitivu,2018-06-26,0.7601538370017846,1681,1681
Mullaitivu,2018-07-12,0.7149323616894705,1681,1681
Mullaitivu,2018-07-28,0.6895248661511006,1681,1681
Mullaitivu,2018-08-13,0.7185823319452707,1681,1681
Mullaitivu,2018-08-29,0.7677098750743605,1681,1681
Mullaitivu,2018-09-14,0.7279943486020227,1681,1681
Mullaitivu,2018-09-30,0.705807257584771,1681,1681
Mullaitivu,2018-10-16,0.634845270672219,1681,1681
Mullaitivu,2018-11-01,0.7009316666666667,1680,1681
Mullaitivu,2018-11-17,0.7217709850746269,1675,1681
Mullaitivu,2018-12-03,0.6117953004164188,1681,1681
Mullaitivu,2018-12-19,0.7130123140987508,1681,1681
Mullaitivu,2019-01-01,0.76662248661511,1681,1681
Mullaitivu,2019-01-17,0.7913876859012493,1681,1681
Mullaitivu,2019-02-02,0.6610292857142858,1680,1681
Mullaitivu,2019-02-18,0.7724918500892326,1681,1681
Mullaitivu,2019-03-06,0.7579066032123736,1681,1681
Mullaitivu,2019-03-22,0.7391117787031529,1681,1681
Mullaitivu,2019-04-07,0.7208798929208804,1681,1681
Mullaitivu,2019-04-23,0.6758148720999405,1681,1681
Mullaitivu,2019-05-09,0.6975358715050566,1681,1681
Mullaitivu,2019-05-25,0.7066617489589531,1681,1681
Mullaitivu,2019-06-10,0.7265124330755502,1681,1681
Mullaitivu,2019-06-26,0.6915829268292684,1681,1681
Mullaitivu,2019-07-12,0.7328970255800119,1681,1681
Mullaitivu,2019-07-28,0.6994397382510411,1681,1681
Mullaitivu,2019-08-13,0.6134148720999405,1681,1681
Mullaitivu,2019-08-29,0.5928873289708507,1681,1681
Mullaitivu,2019-09-14,0.7142298036882808,1681,1681
Mullaitivu,2019-09-30,0.7557493452380953,1680,1681
Mullaitivu,2019-10-16,0.5589082093991672,1681,1681
Mullaitivu,2019-11-01,0.6971025580011898,1681,1681
Mullaitivu,2019-11-17,0.7841611540749553,1681,1681
Mullaitivu,2019-12-03,0.7161450327186198,1681,1681
Mullaitivu,2019-12-19,0.6423631171921476,1681,1681
Mullaitivu,2020-01-01,0.8172773349196907,1681,1681
Mullaitivu,2020-01-17,0.6989977394408091,1681,1681
Mullaitivu,2020-02-02,0.7848967281380131,1681,1681
Mullaitivu,2020-02-18,0.7695356930398572,1681,1681
Mullaitivu,2020-03-05,0.6802483640690066,1681,1681
Mullaitivu,2020-03-21,0.7317028554431886,1681,1681
Mullaitivu,2020-04-06,0.6865377156454492,1681,1681
Mullaitivu,2020-04-22,0.7319316478286735,1681,1681
Mullaitivu,2020-05-08,0.7455593694229625,1681,1681
Mullaitivu,2020-05-24,0.7336684116597264,1681,1681
Mullaitivu,2020-06-09,0.770574776918501,1681,1681
Mullaitivu,2020-06-25,0.8054656751933373,1681,1681
Mullaitivu,2020-07-11,0.7790309339678763,1681,1681
Mullaitivu,2020-07-27,0.6390762046400952,1681,1681
Mullaitivu,2020-08-12,0.7364437834622248,1681,1681
Mullaitivu,2020-08-28,0.7132126710291494,1681,1681
Mullaitivu,2020-09-13,0.7020032123735872,1681,1681
Mullaitivu,2020-09-29,0.7356071980963712,1681,1681
Mullaitivu,2020-10-15,0.6671604402141583,1681,1681
Mullaitivu,2020-10-31,0.6412065437239739,1681,1681
Mullaitivu,2020-11-16,0.7938692444973231,1681,1681
Mullaitivu,2020-12-02,0.6097553837001786,1681,1681
Mullaitivu,2020-12-18,0.30204473527662107,1681,1681
Mullaitivu,2021-01-01,0.6044495533055391,1679,1681
Mullaitivu,2021-01-17,0.633051459201906,1679,1681
Mullaitivu,2021-02-02,0.7519340868530637,1681,1681
Mullaitivu,2021-02-18,0.7791556216537775,1681,1681
Mullaitivu,2021-03-06,0.6389131030375224,1679,1681
Mullaitivu,2021-03-22,0.7470833432480667,1681,1681
Mullaitivu,2021-04-07,0.7184061867935753,1681,1681
Mullaitivu,2021-04-23,0.7182702976190476,1680,1681
Mullaitivu,2021-05-09,0.6477940511600239,1681,1681
Mullaitivu,2021-05-25,0.7446440809042237,1681,1681
Mullaitivu,2021-06-10,0.744092266508031,1681,1681
Mullaitivu,2021-06-26,0.7641748958953004,1681,1681
Mullaitivu,2021-07-12,0.7408813206424748,1681,1681
Mullaitivu,2021-07-28,0.7554423557406307,1681,1681
Mullaitivu,2021-08-13,0.73018251041047,1681,1681
Mullaitivu,2021-08-29,0.795719036287924,1681,1681
Mullaitivu,2021-09-14,0.7587453896490184,1681,1681
Mullaitivu,2021-09-30,0.7404797144556812,1681,1681
Mullaitivu,2021-10-16,0.7707285544318858,1681,1681
Mullaitivu,2021-11-01,0.6025005353955979,1681,1681
Mullaitivu,2021-11-17,0.8308604526503872,1679,1681
Mullaitivu,2021-12-03,0.7612509523809524,1680,1681
Mullaitivu,2021-12-19,0.7597083283759668,1681,1681
Mullaitivu,2022-01-01,0.7211121356335516,1681,1681
Mullaitivu,2022-01-17,0.7984282569898871,1681,1681
Mullaitivu,2022-02-02,0.7995813801308745,1681,1681
Mullaitivu,2022-02-18,0.7664237358715051,1681,1681
Mullaitivu,2022-03-06,0.7451519333729922,1681,1681
Mullaitivu,2022-03-22,0.5873396787626414,1681,1681
Mullaitivu,2022-04-07,0.7099068493150685,1679,1681
Mullaitivu,2022-04-23,0.7671165377751339,1681,1681
Mullaitivu,2022-05-09,0.6915033313503867,1681,1681
Mullaitivu,2022-05-25,0.7256646638905413,1681,1681
Mullaitivu,2022-06-10,0.7206901844140393,1681,1681
Mullaitivu,2022-06-26,0.743325758477097,1681,1681
Mullaitivu,2022-07-12,0.7193486615110054,1681,1681
Mullaitivu,2022-07-28,0.5977689470553242,1681,1681
Mullaitivu,2022-08-13,0.7140126115407496,1681,1681
Mullaitivu,2022-08-29,0.7158205829863177,1681,1681
Mullaitivu,2022-09-14,0.7885468173706127,1681,1681
Mullaitivu,2022-09-30,0.7421735276621059,1681,1681
Mullaitivu,2022-10-16,0.4895867346938776,1666,1681
Mullaitivu,2022-11-01,0.5812628792385486,1681,1681
Mullaitivu,2022-11-17,0.7749273646638906,1681,1681
Mullaitivu,2022-12-03,0.5689142772159429,1681,1681
Mullaitivu,2022-12-19,0.6915299226650803,1681,1681
Mullaitivu,2023-01-01,0.696513027959548,1681,1681
Mullaitivu,2023-01-17,0.6563944080904224,1681,1681
Mullaitivu,2023-02-02,0.6815538370017846,1681,1681
Mullaitivu,2023-02-18,0.7018804878048781,1681,1681
Mullaitivu,2023-03-06,0.6341765615704938,1681,1681
Mullaitivu,2023-03-22,0.74799750148721,1681,1681
Mullaitivu,2023-04-07,0.7495093396787627,1681,1681
Mullaitivu,2023-04-23,0.6005967281380131,1681,1681
Mullaitivu,2023-05-09,0.7918644854253422,1681,1681
Mullaitivu,2023-05-25,0.7519997025580012,1681,1681
Mullaitivu,2023-06-10,0.7497804283164783,1681,1681
Mullaitivu,2023-06-26,0.7964351576442594,1681,1681
Mullaitivu,2023-07-12,0.7772560975609757,1681,1681
Mullaitivu,2023-07-28,0.7524481856038073,1681,1681
Mullaitivu,2023-08-13,0.747712730517549,1681,1681
Mullaitivu,2023-08-29,0.716451516954194,1681,1681
Mullaitivu,2023-09-14,0.7468041046995837,1681,1681
Mullaitivu,2023-09-30,0.7377240928019037,1681,1681
Mullaitivu,2023-10-16,0.614792266508031,1681,1681
Mullaitivu,2023-11-01,0.7633051160023795,1681,1681
Mullaitivu,2023-11-17,0.6996043452380953,1680,1681
Mullaitivu,2023-12-03,0.6153201665675193,1681,1681
Mullaitivu,2023-12-19,0.5453573643410853,1677,1681
Mullaitivu,2024-01-01,0.7523712076145151,1681,1681
Mullaitivu,2024-01-17,0.749986258179655,1681,1681
Mullaitivu,2024-02-02,0.7839787626412851,1681,1681
Mullaitivu,2024-02-18,0.6153283164782868,1681,1681
Mullaitivu,2024-03-05,0.7657791195716835,1681,1681
Mullaitivu,2024-03-21,0.6969564544913742,1681,1681
NuwaraEliya,2012-09-13,0.6594242712671029,1681,1681
NuwaraEliya,2012-09-29,0.8033967876264129,1681,1681
NuwaraEliya,2012-10-15,0.735060499702558,1681,1681
NuwaraEliya,2012-10-31,0.7086024390243902,1681,1681
NuwaraEliya,2012-11-16,0.8142093396787626,1681,1681
NuwaraEliya,2012-12-02,0.7989576442593694,1681,1681
NuwaraEliya,2012-12-18,0.5312773944080905,1681,1681
NuwaraEliya,2013-01-01,0.8278704342653183,1681,1681
NuwaraEliya,2013-01-17,0.7915426531826295,1681,1681
NuwaraEliya,2013-02-02,0.7519132064247472,1681,1681
NuwaraEliya,2013-02-18,0.7871259369422963,1681,1681
NuwaraEliya,2013-03-06,0.8120794170136824,1681,1681
NuwaraEliya,2013-03-22,0.8064594883997621,1681,1681
NuwaraEliya,2013-04-07,0.7826304580606782,1681,1681
NuwaraEliya,2013-04-23,0.7450014277215943,1681,1681
NuwaraEliya,2013-05-09,0.7914107079119572,1681,1681
NuwaraEliya,2013-05-25,0.15667233789411064,1681,1681
NuwaraEliya,2013-06-10,0.2383680547293278,1681,1681
NuwaraEliya,2013-06-26,0.23108453301606188,1681,1681
NuwaraEliya,2013-07-12,0.36844556811421775,1681,1681
NuwaraEliya,2013-07-28,0.6999096966091612,1681,1681
NuwaraEliya,2013-08-13,0.6080400356930399,1681,1681
NuwaraEliya,2013-08-29,0.6234817965496728,1681,1681
NuwaraEliya,2013-09-14,0.7461898869720406,1681,1681
NuwaraEliya,2013-09-30,0.7937475907198096,1681,1681
NuwaraEliya,2013-10-16,0.7327051754907793,1681,1681
NuwaraEliya,2013-11-01,0.7737779298036883,1681,1681
NuwaraEliya,2013-11-17,0.8029710886377157,1681,1681
NuwaraEliya,2013-12-03,0.7428720404521119,1681,1681
NuwaraEliya,2013-12-19,0.7875108268887567,1681,1681
NuwaraEliya,2014-01-01,0.8102639500297443,1681,1681
NuwaraEliya,2014-01-17,0.7840948245092207,1681,1681
NuwaraEliya,2014-02-02,0.7637866745984533,1681,1681
NuwaraEliya,2014-02-18,0.760904521118382,1681,1681
NuwaraEliya,2014-03-06,0.7394372992266508,1681,1681
NuwaraEliya,2014-03-22,0.7591242712671029,1681,1681
NuwaraEliya,2014-04-07,0.7494622843545509,1681,1681
NuwaraEliya,2014-04-23,0.5771031528851874,1681,1681
NuwaraEliya,2014-05-09,0.7681343248066628,1681,1681
NuwaraEliya,2014-05-25,0.7535788221296847,1681,1681
NuwaraEliya,2014-06-10,0.3800101725163593,1681,1681
NuwaraEliya,2014-06-26,0.5892313503866746,1681,1681
NuwaraEliya,2014-07-12,0.3015271267102915,1681,1681
NuwaraEliya,2014-07-28,0.5170506246281975,1681,1681
NuwaraEliya,2014-08-13,0.7929693634741226,1681,1681
NuwaraEliya,2014-08-29,0.5069170833333334,1680,1681
NuwaraEliya,2014-09-14,0.7648045211183819,1681,1681
NuwaraEliya,2014-09-30,0.7671113027959549,1681,1681
NuwaraEliya,2014-10-16,0.4222446162998215,1681,1681
NuwaraEliya,2014-11-01,0.800859250446163,1681,1681
NuwaraEliya,2014-11-17,0.7192204640095181,1681,1681
NuwaraEliya,2014-12-03,0.6577779298036883,1681,1681
NuwaraEliya,2014-12-19,0.8012549077929804,1681,1681
NuwaraEliya,2015-01-01,0.8044340868530637,1681,1681
NuwaraEliya,2015-01-17,0.7903404521118382,1681,1681
NuwaraEliya,2015-02-02,0.8087245092207019,1681,1681
NuwaraEliya,2015-02-18,0.7848928613920286,1681,1681
NuwaraEliya,2015-03-06,0.7736785841760857,1681,1681
NuwaraEliya,2015-03-22,0.7629920285544319,1681,1681
NuwaraEliya,2015-04-07,0.7790789411064842,1681,1681
NuwaraEliya,2015-04-23,0.7514834622248662,1681,1681
NuwaraEliya,2015-05-09,0.5682982153480072,1681,1681
NuwaraEliya,2015-05-25,0.7978903033908388,1681,1681
NuwaraEliya,2015-06-10,0.7212397977394409,1681,1681
NuwaraEliya,2015-06-26,0.6257434523809524,1680,1681
NuwaraEliya,2015-07-12,0.48345389649018444,1681,1681
NuwaraEliya,2015-07-28,0.8008352171326591,1681,1681
NuwaraEliya,2015-08-13,0.745313265913147,1681,1681
NuwaraEliya,2015-08-29,0.7524967876264129,1681,1681
NuwaraEliya,2015-09-14,0.4264380725758477,1681,1681
NuwaraEliya,2015-09-30,0.7711825698988697,1681,1681
NuwaraEliya,2015-10-16,0.4382210588935158,1681,1681
NuwaraEliya,2015-11-01,0.5183390838786437,1681,1681
NuwaraEliya,2015-11-17,0.7888876264128495,1681,1681
NuwaraEliya,2015-12-03,0.8029168947055324,1681,1681
NuwaraEliya,2015-12-19,0.8306820939916716,1681,1681
NuwaraEliya,2016-01-01,0.8251739440809043,1681,1681
NuwaraEliya,2016-01-17,0.8062575847709698,1681,1681
NuwaraEliya,2016-02-02,0.782249018441404,1681,1681
NuwaraEliya,2016-02-18,0.813125520523498,1681,1681
NuwaraEliya,2016-03-05,0.7912776323616896,1681,1681
NuwaraEliya,2016-03-21,0.7496013087447948,1681,1681
NuwaraEliya,2016-04-06,0.7679176085663296,1681,1681
NuwaraEliya,2016-04-22,0.7799675193337299,1681,1681
NuwaraEliya,2016-05-08,0.3701103509815586,1681,1681
NuwaraEliya,2016-05-24,0.4318792385484831,1681,1681
NuwaraEliya,2016-06-09,0.45256662700773354,1681,1681
NuwaraEliya,2016-06-25,0.7092841760856634,1681,1681
NuwaraEliya,2016-07-11,0.6577560975609756,1681,1681
NuwaraEliya,2016-07-27,0.6629206424747175,1681,1681
NuwaraEliya,2016-08-12,0.27913789411064843,1681,1681
NuwaraEliya,2016-08-28,0.4357532421177871,1681,1681
NuwaraEliya,2016-09-13,0.25379589530041646,1681,1681
NuwaraEliya,2016-09-29,0.7882473527662106,1681,1681
NuwaraEliya,2016-10-15,0.7860575847709698,1681,1681
NuwaraEliya,2016-10-31,0.516856513979774,1681,1681
NuwaraEliya,2016-11-16,0.7372123735871505,1681,1681
NuwaraEliya,2016-12-02,0.8125944675788221,1681,1681
NuwaraEliya,2016-12-18,0.8210676977989293,1681,1681
NuwaraEliya,2017-01-01,0.7972877453896491,1681,1681
NuwaraEliya,2017-01-17,0.7924622843545509,1681,1681
NuwaraEliya,2017-02-02,0.7951681737061274,1681,1681
NuwaraEliya,2017-02-18,0.7794120761451517,1681,1681
NuwaraEliya,2017-03-06,0.7943966686496134,1681,1681
NuwaraEliya,2017-03-22,0.7890614515169542,1681,1681
NuwaraEliya,2017-04-07,0.8051676977989293,1681,1681
NuwaraEliya,2017-04-23,0.7712161213563355,1681,1681
NuwaraEliya,2017-05-09,0.6458571088637716,1681,1681
NuwaraEliya,2017-05-25,0.7244360499702558,1681,1681
NuwaraEliya,2017-06-10,0.5043892920880428,1681,1681
NuwaraEliya,2017-06-26,0.8210857227840572,1681,1681
NuwaraEliya,2017-07-12,0.6119465199286139,1681,1681
NuwaraEliya,2017-07-28,0.5720696014277216,1681,1681
NuwaraEliya,2017-08-13,0.7853647233789411,1681,1681
NuwaraEliya,2017-08-29,0.5653605591909578,1681,1681
NuwaraEliya,2017-09-14,0.7961188578227246,1681,1681
NuwaraEliya,2017-09-30,0.4382240928019036,1681,1681
NuwaraEliya,2017-10-16,0.631849494348602,1681,1681
NuwaraEliya,2017-11-01,0.8059657346817372,1681,1681
NuwaraEliya,2017-11-17,0.8049218917311125,1681,1681
NuwaraEliya,2017-12-03,0.8029559190957763,1681,1681
NuwaraEliya,2017-12-19,0.8042518143961928,1681,1681
NuwaraEliya,2018-01-01,0.8089559190957764,1681,1681
NuwaraEliya,2018-01-17,0.7870795954788816,1681,1681
NuwaraEliya,2018-02-02,0.8129014277215942,1681,1681
NuwaraEliya,2018-02-18,0.7723117787031529,1681,1681
NuwaraEliya,2018-03-06,0.8047784057108864,1681,1681
NuwaraEliya,2018-03-22,0.7948017846519929,1681,1681
NuwaraEliya,2018-04-07,0.7872890541344438,1681,1681
NuwaraEliya,2018-04-23,0.7886533610945866,1681,1681
NuwaraEliya,2018-05-09,0.3867335514574658,1681,1681
NuwaraEliya,2018-05-25,0.21627549077929803,1681,1681
NuwaraEliya,2018-06-10,0.3141070791195717,1681,1681
NuwaraEliya,2018-06-26,0.588254015466984,1681,1681
NuwaraEliya,2018-07-12,0.41935621653777516,1681,1681
NuwaraEliya,2018-07-28,0.3968986317668055,1681,1681
NuwaraEliya,2018-08-13,0.7422182034503272,1681,1681
NuwaraEliya,2018-08-29,0.7874684116597264,1681,1681
NuwaraEliya,2018-09-14,0.523258774538965,1681,1681
NuwaraEliya,2018-09-30,0.620476502082094,1681,1681
NuwaraEliya,2018-10-16,0.7975641284949435,1681,1681
NuwaraEliya,2018-11-01,0.8098563355145747,1681,1681
NuwaraEliya,2018-11-17,0.794928019036288,1681,1681
NuwaraEliya,2018-12-03,0.8138184414039262,1681,1681
NuwaraEliya,2018-12-19,0.8178062462819751,1681,1681
NuwaraEliya,2019-01-01,0.8113133848899464,1681,1681
NuwaraEliya,2019-01-17,0.8097275431290899,1681,1681
NuwaraEliya,2019-02-02,0.7933295657346817,1681,1681
NuwaraEliya,2019-02-18,0.7933448542534206,1681,1681
NuwaraEliya,2019-03-06,0.7754038667459846,1681,1681
NuwaraEliya,2019-03-22,0.7434250446162998,1681,1681
NuwaraEliya,2019-04-07,0.7695473527662107,1681,1681
NuwaraEliya,2019-04-23,0.7707008328375967,1681,1681
NuwaraEliya,2019-05-09,0.7808648423557406,1681,1681
NuwaraEliya,2019-05-25,0.7748056513979774,1681,1681
NuwaraEliya,2019-06-10,0.6429030339083879,1681,1681
NuwaraEliya,2019-06-26,0.7568698393813207,1681,1681
NuwaraEliya,2019-07-12,0.6003321237358715,1681,1681
NuwaraEliya,2019-07-28,0.4912916071428572,1680,1681
NuwaraEliya,2019-08-13,0.31545413444378345,1681,1681
NuwaraEliya,2019-08-29,0.4957647233789411,1681,1681
NuwaraEliya,2019-09-14,0.31099821534800715,1681,1681
NuwaraEliya,2019-09-30,0.6954287923854848,1681,1681
NuwaraEliya,2019-10-16,0.3920840571088638,1681,1681
NuwaraEliya,2019-11-01,0.7919397977394409,1681,1681
NuwaraEliya,2019-11-17,0.5532221296847115,1681,1681
NuwaraEliya,2019-12-03,0.7697421772754313,1681,1681
NuwaraEliya,2019-12-19,0.788546281975015,1681,1681
NuwaraEliya,2020-01-01,0.820000773349197,1681,1681
NuwaraEliya,2020-01-17,0.8153019047619048,1680,1681
NuwaraEliya,2020-02-02,0.7681411659726354,1681,1681
NuwaraEliya,2020-02-18,0.7746643069601428,1681,1681
NuwaraEliya,2020-03-05,0.7276450922070197,1681,1681
NuwaraEliya,2020-03-21,0.7534845330160619,1681,1681
NuwaraEliya,2020-04-06,0.696287745389649,1681,1681
NuwaraEliya,2020-04-22,0.7691110648423557,1681,1681
NuwaraEliya,2020-05-08,0.581119274241523,1681,1681
NuwaraEliya,2020-05-24,0.8229500892325996,1681,1681
NuwaraEliya,2020-06-09,0.5538781082688876,1681,1681
NuwaraEliya,2020-06-25,0.48229750148720996,1681,1681
NuwaraEliya,2020-07-11,0.5427602022605592,1681,1681
NuwaraEliya,2020-07-27,0.13588625817965497,1681,1681
NuwaraEliya,2020-08-12,0.7719269482450922,1681,1681
NuwaraEliya,2020-08-28,0.8308614515169542,1681,1681
NuwaraEliya,2020-09-13,0.23838423557406305,1681,1681
NuwaraEliya,2020-09-29,0.7931549672813801,1681,1681
NuwaraEliya,2020-10-15,0.7823744199881024,1681,1681
NuwaraEliya,2020-10-31,0.7529503271861987,1681,1681
NuwaraEliya,2020-11-16,0.8262167757287329,1681,1681
NuwaraEliya,2020-12-02,0.7915804283164783,1681,1681
NuwaraEliya,2020-12-18,0.83774503271862,1681,1681
NuwaraEliya,2021-01-01,0.2769696014277216,1681,1681
NuwaraEliya,2021-01-17,0.8123497323022011,1681,1681
NuwaraEliya,2021-02-02,0.8036046995835812,1681,1681
NuwaraEliya,2021-02-18,0.7925404521118382,1681,1681
NuwaraEliya,2021-03-06,0.7684185603807258,1681,1681
NuwaraEliya,2021-03-22,0.7505287328970851,1681,1681
NuwaraEliya,2021-04-07,0.7685289113622844,1681,1681
NuwaraEliya,2021-04-23,0.8028633551457466,1681,1681
NuwaraEliya,2021-05-09,0.6872979179060084,1681,1681
NuwaraEliya,2021-05-25,0.5605834622248662,1681,1681
NuwaraEliya,2021-06-10,0.7998041046995836,1681,1681
NuwaraEliya,2021-06-26,0.7758249256395003,1681,1681
NuwaraEliya,2021-07-12,0.7770986317668055,1681,1681
NuwaraEliya,2021-07-28,0.5648001189767995,1681,1681
NuwaraEliya,2021-08-13,0.6317989292088043,1681,1681
NuwaraEliya,2021-08-29,0.704164782867341,1681,1681
NuwaraEliya,2021-09-14,0.7216819750148722,1681,1681
NuwaraEliya,2021-09-30,0.6351691255205235,1681,1681
NuwaraEliya,2021-10-16,0.547061748958953,1681,1681
NuwaraEliya,2021-11-01,0.30574372397382515,1681,1681
NuwaraEliya,2021-11-17,0.8349177870315289,1681,1681
NuwaraEliya,2021-12-03,0.8219657941701369,1681,1681
NuwaraEliya,2021-12-19,0.8220119571683522,1681,1681
NuwaraEliya,2022-01-01,0.807422010707912,1681,1681
NuwaraEliya,2022-01-17,0.8098109458655562,1681,1681
NuwaraEliya,2022-02-02,0.7861965496728138,1681,1681
NuwaraEliya,2022-02-18,0.8046554431885782,1681,1681
NuwaraEliya,2022-03-06,0.7850138013087448,1681,1681
NuwaraEliya,2022-03-22,0.7579234384295063,1681,1681
NuwaraEliya,2022-04-07,0.7709497323022011,1681,1681
NuwaraEliya,2022-04-23,0.6999918452380953,1680,1681
NuwaraEliya,2022-05-09,0.21360011897679954,1681,1681
NuwaraEliya,2022-05-25,0.7139606186793576,1681,1681
NuwaraEliya,2022-06-10,0.7723236168947055,1681,1681
NuwaraEliya,2022-06-26,0.7731856632956574,1681,1681
NuwaraEliya,2022-07-12,0.7908297441998811,1681,1681
NuwaraEliya,2022-07-28,0.8285328970850684,1681,1681
NuwaraEliya,2022-08-13,0.7364224866151101,1681,1681
NuwaraEliya,2022-08-29,0.2480455681142177,1681,1681
NuwaraEliya,2022-09-14,0.7374507436049971,1681,1681
NuwaraEliya,2022-09-30,0.6553972635336109,1681,1681
NuwaraEliya,2022-10-16,0.8543154074955385,1681,1681
NuwaraEliya,2022-11-01,0.7581819750148722,1681,1681
NuwaraEliya,2022-11-17,0.8112298631766806,1681,1681
NuwaraEliya,2022-12-03,0.7678168352171327,1681,1681
NuwaraEliya,2022-12-19,0.8414656157049376,1681,1681
NuwaraEliya,2023-01-01,0.7811879833432481,1681,1681
NuwaraEliya,2023-01-17,0.803704521118382,1681,1681
NuwaraEliya,2023-02-02,0.8204568709101725,1681,1681
NuwaraEliya,2023-02-18,0.7675975609756098,1681,1681
NuwaraEliya,2023-03-06,0.7934688280785247,1681,1681
NuwaraEliya,2023-03-22,0.808068768590125,1681,1681
NuwaraEliya,2023-04-07,0.7860771564544914,1681,1681
NuwaraEliya,2023-04-23,0.6707878048780488,1681,1681
NuwaraEliya,2023-05-09,0.8068720404521119,1681,1681
NuwaraEliya,2023-05-25,0.8005213563355147,1681,1681
NuwaraEliya,2023-06-10,0.5021120761451517,1681,1681
NuwaraEliya,2023-06-26,0.5403030933967876,1681,1681
NuwaraEliya,2023-07-12,0.7490495538370019,1681,1681
NuwaraEliya,2023-07-28,0.7695383105294469,1681,1681
NuwaraEliya,2023-08-13,0.7865325401546699,1681,1681
NuwaraEliya,2023-08-29,0.6827773944080905,1681,1681
NuwaraEliya,2023-09-14,0.8091024404761905,1680,1681
NuwaraEliya,2023-09-30,0.7626779298036883,1681,1681
NuwaraEliya,2023-10-16,0.7867507436049971,1681,1681
NuwaraEliya,2023-11-01,0.5492961927424153,1681,1681
NuwaraEliya,2023-11-17,0.751544021415824,1681,1681
NuwaraEliya,2023-12-03,0.7506929208804284,1681,1681
NuwaraEliya,2023-12-19,0.8155763236168947,1681,1681
NuwaraEliya,2024-01-01,0.7975143961927424,1681,1681
NuwaraEliya,2024-01-17,0.8274748958953005,1681,1681
NuwaraEliya,2024-02-02,0.8114014277215943,1681,1681
NuwaraEliya,2024-02-18,0.7749368233194528,1681,1681
NuwaraEliya,2024-03-05,0.772462998215348,1681,1681
NuwaraEliya,2024-03-21,0.7640010707911957,1681,1681
Polonnaruwa,2012-09-13,0.4742472337894111,1681,1681
Polonnaruwa,2012-09-29,0.507656989886972,1681,1681
Polonnaruwa,2012-10-15,0.5549513384889947,1681,1681
Polonnaruwa,2012-10-31,0.6731423557406306,1681,1681
Polonnaruwa,2012-11-16,0.5703432480666271,1681,1681
Polonnaruwa,2012-12-02,0.5378518143961928,1681,1681
Polonnaruwa,2012-12-18,0.7935563950029745,1681,1681
Polonnaruwa,2013-01-01,0.7927669244497324,1681,1681
Polonnaruwa,2013-01-17,0.8057864366448543,1681,1681
Polonnaruwa,2013-02-02,0.7773152885187389,1681,1681
Polonnaruwa,2013-02-18,0.7273977394408091,1681,1681
Polonnaruwa,2013-03-06,0.5700593694229625,1681,1681
Polonnaruwa,2013-03-22,0.5459362284354551,1681,1681
Polonnaruwa,2013-04-07,0.5791947055324213,1681,1681
Polonnaruwa,2013-04-23,0.5956336109458655,1681,1681
Polonnaruwa,2013-05-09,0.5706356335514574,1681,1681
Polonnaruwa,2013-05-25,0.5883406900654372,1681,1681
Polonnaruwa,2013-06-10,0.6911223676383106,1681,1681
Polonnaruwa,2013-06-26,0.7295972040452112,1681,1681
Polonnaruwa,2013-07-12,0.75518251041047,1681,1681
Polonnaruwa,2013-07-28,0.7306106484235575,1681,1681
Polonnaruwa,2013-08-13,0.6353497917906009,1681,1681
Polonnaruwa,2013-08-29,0.5089249851279001,1681,1681
Polonnaruwa,2013-09-14,0.5145309339678763,1681,1681
Polonnaruwa,2013-09-30,0.5176117192147531,1681,1681
Polonnaruwa,2013-10-16,0.547399762046401,1681,1681
Polonnaruwa,2013-11-01,0.5775750743604997,1681,1681
Polonnaruwa,2013-11-17,0.5412002379535991,1681,1681
Polonnaruwa,2013-12-03,0.6052216537775134,1681,1681
Polonnaruwa,2013-12-19,0.6277655562165378,1681,1681
Polonnaruwa,2014-01-01,0.695419512195122,1681,1681
Polonnaruwa,2014-01-17,0.6851588935157644,1681,1681
Polonnaruwa,2014-02-02,0.836934027364664,1681,1681
Polonnaruwa,2014-02-18,0.7213947055324212,1681,1681
Polonnaruwa,2014-03-06,0.5633281380130875,1681,1681
Polonnaruwa,2014-03-22,0.5875186198691256,1681,1681
Polonnaruwa,2014-04-07,0.513291017251636,1681,1681
Polonnaruwa,2014-04-23,0.5385340273646639,1681,1681
Polonnaruwa,2014-05-09,0.6948365258774539,1681,1681
Polonnaruwa,2014-05-25,0.7505706722189174,1681,1681
Polonnaruwa,2014-06-10,0.6987917311124331,1681,1681
Polonnaruwa,2014-06-26,0.6977430696014278,1681,1681
Polonnaruwa,2014-07-12,0.6175949434860203,1681,1681
Polonnaruwa,2014-07-28,0.5501770969660916,1681,1681
Polonnaruwa,2014-08-13,0.5276180249851279,1681,1681
Polonnaruwa,2014-08-29,0.5429113027959549,1681,1681
Polonnaruwa,2014-09-14,0.5353582986317668,1681,1681
Polonnaruwa,2014-09-30,0.6117909577632362,1681,1681
Polonnaruwa,2014-10-16,0.6829690065437239,1681,1681
Polonnaruwa,2014-11-01,0.6253977989292088,1681,1681
Polonnaruwa,2014-11-17,0.5749658536585367,1681,1681
Polonnaruwa,2014-12-03,0.5511308744794765,1681,1681
Polonnaruwa,2014-12-19,0.6021104699583582,1681,1681
Polonnaruwa,2015-01-01,0.7696268292682927,1681,1681
Polonnaruwa,2015-01-17,0.7223792138177487,1679,1681
Polonnaruwa,2015-02-02,0.7346014889815367,1679,1681
Polonnaruwa,2015-02-18,0.6939752528256989,1681,1681
Polonnaruwa,2015-03-06,0.5866210588935158,1681,1681
Polonnaruwa,2015-03-22,0.5543497323022011,1681,1681
Polonnaruwa,2015-04-07,0.6141869720404521,1681,1681
Polonnaruwa,2015-04-23,0.6017045806067817,1681,1681
Polonnaruwa,2015-05-09,0.5615588340273646,1681,1681
Polonnaruwa,2015-05-25,0.7154081499107674,1681,1681
Polonnaruwa,2015-06-10,0.8006662105889352,1681,1681
Polonnaruwa,2015-06-26,0.8050092207019631,1681,1681
Polonnaruwa,2015-07-12,0.737548007138608,1681,1681
Polonnaruwa,2015-07-28,0.7539694824509221,1681,1681
Polonnaruwa,2015-08-13,0.6072389649018441,1681,1681
Polonnaruwa,2015-08-29,0.5431045211183819,1681,1681
Polonnaruwa,2015-09-14,0.5325753718024986,1681,1681
Polonnaruwa,2015-09-30,0.5900520523497917,1681,1681
Polonnaruwa,2015-10-16,0.6344523497917907,1681,1681
Polonnaruwa,2015-11-01,0.559835514574658,1681,1681
Polonnaruwa,2015-11-17,0.524960499702558,1681,1681
Polonnaruwa,2015-12-03,0.5750245687091018,1681,1681
Polonnaruwa,2015-12-19,0.7227424747174301,1681,1681
Polonnaruwa,2016-01-01,0.7368948245092207,1681,1681
Polonnaruwa,2016-01-17,0.8227838191552649,1681,1681
Polonnaruwa,2016-02-02,0.6733919690660322,1681,1681
Polonnaruwa,2016-02-18,0.49623759666864964,1681,1681
Polonnaruwa,2016-03-05,0.6177627007733493,1681,1681
Polonnaruwa,2016-03-21,0.5102296252230816,1681,1681
Polonnaruwa,2016-04-06,0.5362334324806663,1681,1681
Polonnaruwa,2016-04-22,0.5705853658536586,1681,1681
Polonnaruwa,2016-05-08,0.5622882212968472,1681,1681
Polonnaruwa,2016-05-24,0.6475063652587746,1681,1681
Polonnaruwa,2016-06-09,0.699177751338489,1681,1681
Polonnaruwa,2016-06-25,0.7872295062462821,1681,1681
Polonnaruwa,2016-07-11,0.7607973230220108,1681,1681
Polonnaruwa,2016-07-27,0.7680055324211779,1681,1681
Polonnaruwa,2016-08-12,0.6430611540749553,1681,1681
Polonnaruwa,2016-08-28,0.5423256989886973,1681,1681
Polonnaruwa,2016-09-13,0.45560648423557404,1681,1681
Polonnaruwa,2016-09-29,0.4285838191552647,1681,1681
Polonnaruwa,2016-10-15,0.49919827483640694,1681,1681
Polonnaruwa,2016-10-31,0.6591137418203451,1681,1681
Polonnaruwa,2016-11-16,0.4808290303390839,1681,1681
Polonnaruwa,2016-12-02,0.6056898869720405,1681,1681
Polonnaruwa,2016-12-18,0.6541397977394409,1681,1681
Polonnaruwa,2017-01-01,0.7500516359309934,1681,1681
Polonnaruwa,2017-01-17,0.7922847709696609,1681,1681
Polonnaruwa,2017-02-02,0.8086720999405117,1681,1681
Polonnaruwa,2017-02-18,0.772733491969066,1681,1681
Polonnaruwa,2017-03-06,0.7312985722784058,1681,1681
Polonnaruwa,2017-03-22,0.594511481261154,1681,1681
Polonnaruwa,2017-04-07,0.5433091612135633,1681,1681
Polonnaruwa,2017-04-23,0.555631766805473,1681,1681
Polonnaruwa,2017-05-09,0.5799226650803093,1681,1681
Polonnaruwa,2017-05-25,0.7016465199286139,1681,1681
Polonnaruwa,2017-06-10,0.757623259964307,1681,1681
Polonnaruwa,2017-06-26,0.7766089827483641,1681,1681
Polonnaruwa,2017-07-12,0.7121846519928614,1681,1681
Polonnaruwa,2017-07-28,0.7285013682331946,1681,1681
Polonnaruwa,2017-08-13,0.649018262938727,1681,1681
Polonnaruwa,2017-08-29,0.5728880428316478,1681,1681
Polonnaruwa,2017-09-14,0.5894422962522308,1681,1681
Polonnaruwa,2017-09-30,0.6086766210588935,1681,1681
Polonnaruwa,2017-10-16,0.6850140987507436,1681,1681
Polonnaruwa,2017-11-01,0.7099735871505057,1681,1681
Polonnaruwa,2017-11-17,0.7153838786436645,1681,1681
Polonnaruwa,2017-12-03,0.6171693634741225,1681,1681
Polonnaruwa,2017-12-19,0.6136742415229031,1681,1681
Polonnaruwa,2018-01-01,0.6144559190957763,1681,1681
Polonnaruwa,2018-01-17,0.5744800118976799,1681,1681
Polonnaruwa,2018-02-02,0.7446933967876265,1681,1681
Polonnaruwa,2018-02-18,0.770444021415824,1681,1681
Polonnaruwa,2018-03-06,0.6755920285544319,1681,1681
Polonnaruwa,2018-03-22,0.6838160618679359,1681,1681
Polonnaruwa,2018-04-07,0.5603616299821536,1681,1681
Polonnaruwa,2018-04-23,0.5856808447352766,1681,1681
Polonnaruwa,2018-05-09,0.5709052944675789,1681,1681
Polonnaruwa,2018-05-25,0.5409817370612731,1681,1681
Polonnaruwa,2018-06-10,0.6385600832837597,1681,1681
Polonnaruwa,2018-06-26,0.7390378941106485,1681,1681
Polonnaruwa,2018-07-12,0.799714039262344,1681,1681
Polonnaruwa,2018-07-28,0.718886020226056,1681,1681
Polonnaruwa,2018-08-13,0.6650938726948246,1681,1681
Polonnaruwa,2018-08-29,0.5852207019631172,1681,1681
Polonnaruwa,2018-09-14,0.5393255205234979,1681,1681
Polonnaruwa,2018-09-30,0.6194828673408685,1681,1681
Polonnaruwa,2018-10-16,0.6242226055919096,1681,1681
Polonnaruwa,2018-11-01,0.6504559190957764,1681,1681
Polonnaruwa,2018-11-17,0.5695647233789412,1681,1681
Polonnaruwa,2018-12-03,0.5943469363474123,1681,1681
Polonnaruwa,2018-12-19,0.6018,1681,1681
Polonnaruwa,2019-01-01,0.7470551457465795,1681,1681
Polonnaruwa,2019-01-17,0.7212511600237954,1681,1681
Polonnaruwa,2019-02-02,0.7424355740630577,1681,1681
Polonnaruwa,2019-02-18,0.7010043426531827,1681,1681
Polonnaruwa,2019-03-06,0.612749256395003,1681,1681
Polonnaruwa,2019-03-22,0.5233254015466985,1681,1681
Polonnaruwa,2019-04-07,0.4952697798929209,1681,1681
Polonnaruwa,2019-04-23,0.5437080309339679,1681,1681
Polonnaruwa,2019-05-09,0.539301487209994,1681,1681
Polonnaruwa,2019-05-25,0.5948533016061868,1681,1681
Polonnaruwa,2019-06-10,0.6946136823319453,1681,1681
Polonnaruwa,2019-06-26,0.7552063057703748,1681,1681
Polonnaruwa,2019-07-12,0.7705910767400358,1681,1681
Polonnaruwa,2019-07-28,0.7404071980963712,1681,1681
Polonnaruwa,2019-08-13,0.6447950624628197,1681,1681
Polonnaruwa,2019-08-29,0.47686335514574657,1681,1681
Polonnaruwa,2019-09-14,0.49371142177275434,1681,1681
Polonnaruwa,2019-09-30,0.5742732302201071,1681,1681
Polonnaruwa,2019-10-16,0.642265258774539,1681,1681
Polonnaruwa,2019-11-01,0.689771267102915,1681,1681
Polonnaruwa,2019-11-17,0.6002479476502083,1681,1681
Polonnaruwa,2019-12-03,0.46072046400951816,1681,1681
Polonnaruwa,2019-12-19,0.5958323022010709,1681,1681
Polonnaruwa,2020-01-01,0.7420703747769185,1681,1681
Polonnaruwa,2020-01-17,0.7363664485425342,1681,1681
Polonnaruwa,2020-02-02,0.8078033908387865,1681,1681
Polonnaruwa,2020-02-18,0.7184132064247473,1681,1681
Polonnaruwa,2020-03-05,0.6323941701368233,1681,1681
Polonnaruwa,2020-03-21,0.551534503271862,1681,1681
Polonnaruwa,2020-04-06,0.5340839381320642,1681,1681
Polonnaruwa,2020-04-22,0.518598512790006,1681,1681
Polonnaruwa,2020-05-08,0.5903897679952409,1681,1681
Polonnaruwa,2020-05-24,0.7531052944675789,1681,1681
Polonnaruwa,2020-06-09,0.7611241522903034,1681,1681
Polonnaruwa,2020-06-25,0.8090386079714456,1681,1681
Polonnaruwa,2020-07-11,0.7821199881023201,1681,1681
Polonnaruwa,2020-07-27,0.7673615704937538,1681,1681
Polonnaruwa,2020-08-12,0.5690920880428316,1681,1681
Polonnaruwa,2020-08-28,0.5494433670434266,1681,1681
Polonnaruwa,2020-09-13,0.5411901249256396,1681,1681
Polonnaruwa,2020-09-29,0.5265817965496729,1681,1681
Polonnaruwa,2020-10-15,0.5597658536585366,1681,1681
Polonnaruwa,2020-10-31,0.5552497917906009,1681,1681
Polonnaruwa,2020-11-16,0.6041320642474718,1681,1681
Polonnaruwa,2020-12-02,0.574226769779893,1681,1681
Polonnaruwa,2020-12-18,0.5139570493753719,1681,1681
Polonnaruwa,2021-01-01,0.6001621653777514,1681,1681
Polonnaruwa,2021-01-17,0.8389023795359905,1681,1681
Polonnaruwa,2021-02-02,0.7320387269482451,1681,1681
Polonnaruwa,2021-02-18,0.5407429506246282,1681,1681
Polonnaruwa,2021-03-06,0.47024657941701375,1681,1681
Polonnaruwa,2021-03-22,0.5256434265318263,1681,1681
Polonnaruwa,2021-04-07,0.558803747769185,1681,1681
Polonnaruwa,2021-04-23,0.5661118381915528,1681,1681
Polonnaruwa,2021-05-09,0.6450166567519334,1681,1681
Polonnaruwa,2021-05-25,0.7764607971445568,1681,1681
Polonnaruwa,2021-06-10,0.7797284354550863,1681,1681
Polonnaruwa,2021-06-26,0.8012884592504462,1681,1681
Polonnaruwa,2021-07-12,0.7650747769185009,1681,1681
Polonnaruwa,2021-07-28,0.6970980963712077,1681,1681
Polonnaruwa,2021-08-13,0.5300813801308745,1681,1681
Polonnaruwa,2021-08-29,0.48497721594289117,1681,1681
Polonnaruwa,2021-09-14,0.44954854253420584,1681,1681
Polonnaruwa,2021-09-30,0.6220920285544319,1681,1681
Polonnaruwa,2021-10-16,0.6459859607376561,1681,1681
Polonnaruwa,2021-11-01,0.6972541344437835,1681,1681
Polonnaruwa,2021-11-17,0.6714778703152885,1681,1681
Polonnaruwa,2021-12-03,0.5151215942891136,1681,1681
Polonnaruwa,2021-12-19,0.6139161808447353,1681,1681
Polonnaruwa,2022-01-01,0.5955497917906009,1681,1681
Polonnaruwa,2022-01-17,0.7728791790600833,1681,1681
Polonnaruwa,2022-02-02,0.7717215348007139,1681,1681
Polonnaruwa,2022-02-18,0.7571085068411659,1681,1681
Polonnaruwa,2022-03-06,0.6121713860797144,1681,1681
Polonnaruwa,2022-03-22,0.5493879833432481,1681,1681
Polonnaruwa,2022-04-07,0.5701422962522308,1681,1681
Polonnaruwa,2022-04-23,0.640443010113028,1681,1681
Polonnaruwa,2022-05-09,0.641476264128495,1681,1681
Polonnaruwa,2022-05-25,0.6307559785841761,1681,1681
Polonnaruwa,2022-06-10,0.5235751933372993,1681,1681
Polonnaruwa,2022-06-26,0.5986325401546698,1681,1681
Polonnaruwa,2022-07-12,0.71198750743605,1681,1681
Polonnaruwa,2022-07-28,0.7752588340273646,1681,1681
Polonnaruwa,2022-08-13,0.7633378346222487,1681,1681
Polonnaruwa,2022-08-29,0.7213417608566329,1681,1681
Polonnaruwa,2022-09-14,0.6902077929803689,1681,1681
Polonnaruwa,2022-09-30,0.5919441998810232,1681,1681
Polonnaruwa,2022-10-16,0.631566270077335,1681,1681
Polonnaruwa,2022-11-01,0.5102347412254611,1681,1681
Polonnaruwa,2022-11-17,0.576811005353956,1681,1681
Polonnaruwa,2022-12-03,0.4361088637715646,1681,1681
Polonnaruwa,2022-12-19,0.6657027959547888,1681,1681
Polonnaruwa,2023-01-01,0.7714704342653184,1681,1681
Polonnaruwa,2023-01-17,0.6620746579417014,1681,1681
Polonnaruwa,2023-02-02,0.7867177486599167,1679,1681
Polonnaruwa,2023-02-18,0.7010963712076146,1681,1681
Polonnaruwa,2023-03-06,0.6118913741820345,1681,1681
Polonnaruwa,2023-03-22,0.5400480666270078,1681,1681
Polonnaruwa,2023-04-07,0.5814997025580012,1681,1681
Polonnaruwa,2023-04-23,0.6061292088042832,1681,1681
Polonnaruwa,2023-05-09,0.5812738845925044,1681,1681
Polonnaruwa,2023-05-25,0.6324801903628793,1681,1681
Polonnaruwa,2023-06-10,0.7206997025580012,1681,1681
Polonnaruwa,2023-06-26,0.7459398572278406,1681,1681
Polonnaruwa,2023-07-12,0.7901472337894111,1681,1681
Polonnaruwa,2023-07-28,0.7687110648423557,1681,1681
Polonnaruwa,2023-08-13,0.7286279595478882,1681,1681
Polonnaruwa,2023-08-29,0.6203126115407496,1681,1681
Polonnaruwa,2023-09-14,0.5465030933967876,1681,1681
Polonnaruwa,2023-09-30,0.5863945270672218,1681,1681
Polonnaruwa,2023-10-16,0.6558399167162404,1681,1681
Polonnaruwa,2023-11-01,0.5697268612269207,1679,1681
Polonnaruwa,2023-11-17,0.5247966091612136,1681,1681
Polonnaruwa,2023-12-03,0.6222417013682332,1681,1681
Polonnaruwa,2023-12-19,0.572985246876859,1681,1681
Polonnaruwa,2024-01-01,0.6287219512195122,1681,1681
Polonnaruwa,2024-01-17,0.7980198096371208,1681,1681
Polonnaruwa,2024-02-02,0.7586456870910172,1681,1681
Polonnaruwa,2024-02-18,0.6367794765020821,1681,1681
Polonnaruwa,2024-03-05,0.5991838191552648,1681,1681
Polonnaruwa,2024-03-21,0.5449607971445568,1681,1681
Puttalam,2012-09-13,0.44468917311124334,1681,1681
Puttalam,2012-09-29,0.48389821534800714,1681,1681
Puttalam,2012-10-15,0.5376239738251041,1681,1681
Puttalam,2012-10-31,0.6791796549672814,1681,1681
Puttalam,2012-11-16,0.7012281380130875,1681,1681
Puttalam,2012-12-02,0.7338268292682927,1681,1681
Puttalam,2012-12-18,0.6664726353361096,1681,1681
Puttalam,2013-01-01,0.5798612135633552,1681,1681
Puttalam,2013-01-17,0.7904211778703153,1681,1681
Puttalam,2013-02-02,0.7621744199881024,1681,1681
Puttalam,2013-02-18,0.743153004164188,1681,1681
Puttalam,2013-03-06,0.7299872099940512,1681,1681
Puttalam,2013-03-22,0.678059250446163,1681,1681
Puttalam,2013-04-07,0.667756751933373,1681,1681
Puttalam,2013-04-23,0.5490048185603807,1681,1681
Puttalam,2013-05-09,0.6703331350386675,1681,1681
Puttalam,2013-05-25,0.5059033908387864,1681,1681
Puttalam,2013-06-10,0.5897088042831649,1681,1681
Puttalam,2013-06-26,0.5458373587150506,1681,1681
Puttalam,2013-07-12,0.5792906603212374,1681,1681
Puttalam,2013-07-28,0.5339065437239738,1681,1681
Puttalam,2013-08-13,0.443711005353956,1681,1681
Puttalam,2013-08-29,0.468349256395003,1681,1681
Puttalam,2013-09-14,0.6143271861986913,1681,1681
Puttalam,2013-09-30,0.6802486020226056,1681,1681
Puttalam,2013-10-16,0.6946440809042237,1681,1681
Puttalam,2013-11-01,0.7044921475312315,1681,1681
Puttalam,2013-11-17,0.7358362879238549,1681,1681
Puttalam,2013-12-03,0.7989503866745985,1681,1681
Puttalam,2013-12-19,0.7672766210588935,1681,1681
Puttalam,2014-01-01,0.7125276026174897,1681,1681
Puttalam,2014-01-17,0.7334632956573469,1681,1681
Puttalam,2014-02-02,0.7296541344437835,1681,1681
Puttalam,2014-02-18,0.6508121951219512,1681,1681
Puttalam,2014-03-06,0.5875760261748959,1681,1681
Puttalam,2014-03-22,0.6152682926829269,1681,1681
Puttalam,2014-04-07,0.6850120761451517,1681,1681
Puttalam,2014-04-23,0.7786861986912552,1681,1681
Puttalam,2014-05-09,0.7446050565139798,1681,1681
Puttalam,2014-05-25,0.6506058298631767,1681,1681
Puttalam,2014-06-10,0.7000334324806663,1681,1681
Puttalam,2014-06-26,0.6353778703152886,1681,1681
Puttalam,2014-07-12,0.5869871505056514,1681,1681
Puttalam,2014-07-28,0.5953885782272457,1681,1681
Puttalam,2014-08-13,0.48487168352171334,1681,1681
Puttalam,2014-08-29,0.5471848304580608,1681,1681
Puttalam,2014-09-14,0.5946268292682927,1681,1681
Puttalam,2014-09-30,0.5872688875669244,1681,1681
Puttalam,2014-10-16,0.6361649613325402,1681,1681
Puttalam,2014-11-01,0.7121792385484831,1681,1681
Puttalam,2014-11-17,0.47777192147531233,1681,1681
Puttalam,2014-12-03,0.6592528851873884,1681,1681
Puttalam,2014-12-19,0.7582390838786437,1681,1681
Puttalam,2015-01-01,0.7391296847114813,1681,1681
Puttalam,2015-01-17,0.7274204045211184,1681,1681
Puttalam,2015-02-02,0.7493447947650209,1681,1681
Puttalam,2015-02-18,0.7214816180844735,1681,1681
Puttalam,2015-03-06,0.6752979773944081,1681,1681
Puttalam,2015-03-22,0.6450506246281975,1681,1681
Puttalam,2015-04-07,0.6785027959547888,1681,1681
Puttalam,2015-04-23,0.7004996430696014,1681,1681
Puttalam,2015-05-09,0.5479966091612136,1681,1681
Puttalam,2015-05-25,0.5765935752528257,1681,1681
Puttalam,2015-06-10,0.784677751338489,1681,1681
Puttalam,2015-06-26,0.7248104104699584,1681,1681
Puttalam,2015-07-12,0.5819138607971446,1681,1681
Puttalam,2015-07-28,0.6963082093991672,1681,1681
Puttalam,2015-08-13,0.599582748364069,1681,1681
Puttalam,2015-08-29,0.6306308744794765,1681,1681
Puttalam,2015-09-14,0.7050187388459251,1681,1681
Puttalam,2015-09-30,0.6714541344437835,1681,1681
Puttalam,2015-10-16,0.6501995835812017,1681,1681
Puttalam,2015-11-01,0.5469263533610946,1681,1681
Puttalam,2015-11-17,0.7240279595478882,1681,1681
Puttalam,2015-12-03,0.8049436049970257,1681,1681
Puttalam,2015-12-19,0.7802765615704939,1681,1681
Puttalam,2016-01-01,0.8076825698988697,1681,1681
Puttalam,2016-01-17,0.7848452706722189,1681,1681
Puttalam,2016-02-02,0.7178326591314693,1681,1681
Puttalam,2016-02-18,0.6311271428571429,1680,1681
Puttalam,2016-03-05,0.670916002379536,1681,1681
Puttalam,2016-03-21,0.6268621653777514,1681,1681
Puttalam,2016-04-06,0.5840328970850684,1681,1681
Puttalam,2016-04-22,0.7080138607971446,1681,1681
Puttalam,2016-05-08,0.561636763831053,1681,1681
Puttalam,2016-05-24,0.6752723378941107,1681,1681
Puttalam,2016-06-09,0.6555117787031529,1681,1681
Puttalam,2016-06-25,0.7373848304580607,1681,1681
Puttalam,2016-07-11,0.6743731707317073,1681,1681
Puttalam,2016-07-27,0.6901681142177276,1681,1681
Puttalam,2016-08-12,0.4890603212373587,1681,1681
Puttalam,2016-08-28,0.5076367043426532,1681,1681
Puttalam,2016-09-13,0.5017931588340273,1681,1681
Puttalam,2016-09-29,0.5474134443783463,1681,1681
Puttalam,2016-10-15,0.5147807257584771,1681,1681
Puttalam,2016-10-31,0.6621697204045212,1681,1681
Puttalam,2016-11-16,0.6997598453301607,1681,1681
Puttalam,2016-12-02,0.7491544318857823,1681,1681
Puttalam,2016-12-18,0.7692517549077931,1681,1681
Puttalam,2017-01-01,0.7527785246876859,1681,1681
Puttalam,2017-01-17,0.7485085663295657,1681,1681
Puttalam,2017-02-02,0.744060499702558,1681,1681
Puttalam,2017-02-18,0.6775859012492564,1681,1681
Puttalam,2017-03-06,0.653388994646044,1681,1681
Puttalam,2017-03-22,0.6271515169541939,1681,1681
Puttalam,2017-04-07,0.6314352766210589,1681,1681
Puttalam,2017-04-23,0.623692028554432,1681,1681
Puttalam,2017-05-09,0.542762760261749,1681,1681
Puttalam,2017-05-25,0.6413783462224867,1681,1681
Puttalam,2017-06-10,0.46705151695419395,1681,1681
Puttalam,2017-06-26,0.5692122546103511,1681,1681
Puttalam,2017-07-12,0.5063408090422368,1681,1681
Puttalam,2017-07-28,0.4786958358120167,1681,1681
Puttalam,2017-08-13,0.4786835812016657,1681,1681
Puttalam,2017-08-29,0.4669713265913147,1681,1681
Puttalam,2017-09-14,0.5494599048185604,1681,1681
Puttalam,2017-09-30,0.5370547293277811,1681,1681
Puttalam,2017-10-16,0.6418346222486615,1681,1681
Puttalam,2017-11-01,0.7764935752528257,1681,1681
Puttalam,2017-11-17,0.6572807852468769,1681,1681
Puttalam,2017-12-03,0.7910387864366448,1681,1681
Puttalam,2017-12-19,0.7897965496728138,1681,1681
Puttalam,2018-01-01,0.7801960737656157,1681,1681
Puttalam,2018-01-17,0.7253785841760857,1681,1681
Puttalam,2018-02-02,0.6806585365853659,1681,1681
Puttalam,2018-02-18,0.640924747174301,1681,1681
Puttalam,2018-03-06,0.6054957168352172,1681,1681
Puttalam,2018-03-22,0.6102070791195717,1681,1681
Puttalam,2018-04-07,0.6332162403331351,1681,1681
Puttalam,2018-04-23,0.6599779892920881,1681,1681
Puttalam,2018-05-09,0.5650906603212374,1681,1681
Puttalam,2018-05-25,0.5660152885187388,1681,1681
Puttalam,2018-06-10,0.6577321832242713,1681,1681
Puttalam,2018-06-26,0.7800126115407496,1681,1681
Puttalam,2018-07-12,0.6955713265913147,1681,1681
Puttalam,2018-07-28,0.6506293277810827,1681,1681
Puttalam,2018-08-13,0.689233016061868,1681,1681
Puttalam,2018-08-29,0.5899581796549673,1681,1681
Puttalam,2018-09-14,0.5433785246876859,1681,1681
Puttalam,2018-09-30,0.5333720404521118,1681,1681
Puttalam,2018-10-16,0.6106137418203451,1681,1681
Puttalam,2018-11-01,0.6521218322427127,1681,1681
Puttalam,2018-11-17,0.74353503866746,1681,1681
Puttalam,2018-12-03,0.776363771564545,1681,1681
Puttalam,2018-12-19,0.7892956573468174,1681,1681
Puttalam,2019-01-01,0.7863383105294468,1681,1681
Puttalam,2019-01-17,0.7281988697204045,1681,1681
Puttalam,2019-02-02,0.7132689470553243,1681,1681
Puttalam,2019-02-18,0.6758938726948245,1681,1681
Puttalam,2019-03-06,0.5910520523497917,1681,1681
Puttalam,2019-03-22,0.5753274836406901,1681,1681
Puttalam,2019-04-07,0.5292215348007139,1681,1681
Puttalam,2019-04-23,0.6196688280785247,1681,1681
Puttalam,2019-05-09,0.6404808447352767,1681,1681
Puttalam,2019-05-25,0.6713726353361095,1681,1681
Puttalam,2019-06-10,0.5412375371802498,1681,1681
Puttalam,2019-06-26,0.5865682926829269,1681,1681
Puttalam,2019-07-12,0.5783292682926829,1681,1681
Puttalam,2019-07-28,0.5144063057703748,1681,1681
Puttalam,2019-08-13,0.614626769779893,1681,1681
Puttalam,2019-08-29,0.6856053539559787,1681,1681
Puttalam,2019-09-14,0.6952095776323617,1681,1681
Puttalam,2019-09-30,0.64259250446163,1681,1681
Puttalam,2019-10-16,0.5833516359309935,1681,1681
Puttalam,2019-11-01,0.7542349196906604,1681,1681
Puttalam,2019-11-17,0.7082485425342059,1681,1681
Puttalam,2019-12-03,0.6792395597858417,1681,1681
Puttalam,2019-12-19,0.7947168947055324,1681,1681
Puttalam,2020-01-01,0.7946280190362879,1681,1681
Puttalam,2020-01-17,0.7533169541939322,1681,1681
Puttalam,2020-02-02,0.6929623438429507,1681,1681
Puttalam,2020-02-18,0.5980316478286735,1681,1681
Puttalam,2020-03-05,0.6090130279595479,1681,1681
Puttalam,2020-03-21,0.5544991076740037,1681,1681
Puttalam,2020-04-06,0.6176795359904819,1681,1681
Puttalam,2020-04-22,0.6102545508625818,1681,1681
Puttalam,2020-05-08,0.6270312314098752,1681,1681
Puttalam,2020-05-24,0.7410154074955384,1681,1681
Puttalam,2020-06-09,0.6789622843545509,1681,1681
Puttalam,2020-06-25,0.7257017846519929,1681,1681
Puttalam,2020-07-11,0.6329316478286735,1681,1681
Puttalam,2020-07-27,0.7168456276026175,1681,1681
Puttalam,2020-08-12,0.6666799524092802,1681,1681
Puttalam,2020-08-28,0.6639574657941701,1681,1681
Puttalam,2020-09-13,0.5616459250446164,1681,1681
Puttalam,2020-09-29,0.6782193932183225,1681,1681
Puttalam,2020-10-15,0.6557406900654372,1681,1681
Puttalam,2020-10-31,0.6359970850684117,1681,1681
Puttalam,2020-11-16,0.6818984533016061,1681,1681
Puttalam,2020-12-02,0.6557329565734682,1681,1681
Puttalam,2020-12-18,0.5794920833333334,1680,1681
Puttalam,2021-01-01,0.7752073170731708,1681,1681
Puttalam,2021-01-17,0.779687031528852,1681,1681
Puttalam,2021-02-02,0.746881499107674,1681,1681
Puttalam,2021-02-18,0.6844529446757883,1681,1681
Puttalam,2021-03-06,0.6717288518738846,1681,1681
Puttalam,2021-03-22,0.6609939916716241,1681,1681
Puttalam,2021-04-07,0.6513399167162404,1681,1681
Puttalam,2021-04-23,0.6184869125520523,1681,1681
Puttalam,2021-05-09,0.6253530041641879,1681,1681
Puttalam,2021-05-25,0.6609325401546698,1681,1681
Puttalam,2021-06-10,0.7239934562760262,1681,1681
Puttalam,2021-06-26,0.5368058893515765,1681,1681
Puttalam,2021-07-12,0.6138494348602023,1681,1681
Puttalam,2021-07-28,0.6091556216537776,1681,1681
Puttalam,2021-08-13,0.5811888756692445,1681,1681
Puttalam,2021-08-29,0.5764159428911363,1681,1681
Puttalam,2021-09-14,0.5576335514574658,1681,1681
Puttalam,2021-09-30,0.6370873289708506,1681,1681
Puttalam,2021-10-16,0.7064092207019631,1681,1681
Puttalam,2021-11-01,0.6339661904761905,1680,1681
Puttalam,2021-11-17,0.7315113622843545,1681,1681
Puttalam,2021-12-03,0.7393513384889947,1681,1681
Puttalam,2021-12-19,0.743838488994646,1681,1681
Puttalam,2022-01-01,0.7229452706722189,1681,1681
Puttalam,2022-01-17,0.7427130874479477,1681,1681
Puttalam,2022-02-02,0.6999508625817966,1681,1681
Puttalam,2022-02-18,0.6979476502082095,1681,1681
Puttalam,2022-03-06,0.679440749553837,1681,1681
Puttalam,2022-03-22,0.6173660321237359,1681,1681
Puttalam,2022-04-07,0.6896585960737657,1681,1681
Puttalam,2022-04-23,0.742837775133849,1681,1681
Puttalam,2022-05-09,0.701389530041642,1681,1681
Puttalam,2022-05-25,0.5994091017251636,1681,1681
Puttalam,2022-06-10,0.5744994646044022,1681,1681
Puttalam,2022-06-26,0.7586933372992267,1681,1681
Puttalam,2022-07-12,0.677919750148721,1681,1681
Puttalam,2022-07-28,0.713503509815586,1681,1681
Puttalam,2022-08-13,0.688159250446163,1681,1681
Puttalam,2022-08-29,0.470765258774539,1681,1681
Puttalam,2022-09-14,0.6161184414039262,1681,1681
Puttalam,2022-09-30,0.4618977989292088,1681,1681
Puttalam,2022-10-16,0.8151287923854849,1681,1681
Puttalam,2022-11-01,0.6615425936942296,1681,1681
Puttalam,2022-11-17,0.7523161213563355,1681,1681
Puttalam,2022-12-03,0.6716911362284355,1681,1681
Puttalam,2022-12-19,0.7735872694824509,1681,1681
Puttalam,2023-01-01,0.7644726353361095,1681,1681
Puttalam,2023-01-17,0.7632628197501488,1681,1681
Puttalam,2023-02-02,0.7671176085663296,1681,1681
Puttalam,2023-02-18,0.7661748958953004,1681,1681
Puttalam,2023-03-06,0.6635481856038074,1681,1681
Puttalam,2023-03-22,0.6310526472337894,1681,1681
Puttalam,2023-04-07,0.717303747769185,1681,1681
Puttalam,2023-04-23,0.7264315288518739,1681,1681
Puttalam,2023-05-09,0.6644569898869721,1681,1681
Puttalam,2023-05-25,0.6668055324211779,1681,1681
Puttalam,2023-06-10,0.6968300416418799,1681,1681
Puttalam,2023-06-26,0.6724152885187389,1681,1681
Puttalam,2023-07-12,0.6229945270672219,1681,1681
Puttalam,2023-07-28,0.6506821534800714,1681,1681
Puttalam,2023-08-13,0.5549064842355741,1681,1681
Puttalam,2023-08-29,0.5108795359904819,1681,1681
Puttalam,2023-09-14,0.6688694229625223,1681,1681
Puttalam,2023-09-30,0.6629474122546104,1681,1681
Puttalam,2023-10-16,0.763833254015467,1681,1681
Puttalam,2023-11-01,0.7219534800713862,1681,1681
Puttalam,2023-11-17,0.7174757287328971,1681,1681
Puttalam,2023-12-03,0.6832718619869126,1681,1681
Puttalam,2023-12-19,0.6289810826888756,1681,1681
Puttalam,2024-01-01,0.7900435455086259,1681,1681
Puttalam,2024-01-17,0.7745147023809524,1680,1681
Puttalam,2024-02-02,0.7885347412254611,1681,1681
Puttalam,2024-02-18,0.7386298036882808,1681,1681
Puttalam,2024-03-05,0.6661657346817371,1681,1681
Puttalam,2024-03-21,0.655384473527662,1681,1681
Ratnapura,2012-09-13,0.8191930993456277,1681,1681
Ratnapura,2012-09-29,0.8033425342058299,1681,1681
Ratnapura,2012-10-15,0.7767910172516359,1681,1681
Ratnapura,2012-10-31,0.8218720999405116,1681,1681
Ratnapura,2012-11-16,0.8041013087447948,1681,1681
Ratnapura,2012-12-02,0.7965953599048186,1681,1681
Ratnapura,2012-12-18,0.6223329565734682,1681,1681
Ratnapura,2013-01-01,0.8006757882212968,1681,1681
Ratnapura,2013-01-17,0.8189562760261749,1681,1681
Ratnapura,2013-02-02,0.8032585960737656,1681,1681
Ratnapura,2013-02-18,0.7881801903628792,1681,1681
Ratnapura,2013-03-06,0.7905719809637122,1681,1681
Ratnapura,2013-03-22,0.7936096966091613,1681,1681
Ratnapura,2013-04-07,0.8158474717430101,1681,1681
Ratnapura,2013-04-23,0.8177088637715646,1681,1681
Ratnapura,2013-05-09,0.6666644259369423,1681,1681
Ratnapura,2013-05-25,0.5462723378941107,1681,1681
Ratnapura,2013-06-10,0.6430565734681737,1681,1681
Ratnapura,2013-06-26,0.5733450327186199,1681,1681
Ratnapura,2013-07-12,0.628570493753718,1681,1681
Ratnapura,2013-07-28,0.6602797739440809,1681,1681
Ratnapura,2013-08-13,0.7412361689470554,1681,1681
Ratnapura,2013-08-29,0.7146466389054135,1681,1681
Ratnapura,2013-09-14,0.6917039857227841,1681,1681
Ratnapura,2013-09-30,0.7808375966686497,1681,1681
Ratnapura,2013-10-16,0.7631460440214158,1681,1681
Ratnapura,2013-11-01,0.8125834027364665,1681,1681
Ratnapura,2013-11-17,0.8222485425342059,1681,1681
Ratnapura,2013-12-03,0.8174098155859608,1681,1681
Ratnapura,2013-12-19,0.7888995835812017,1681,1681
Ratnapura,2014-01-01,0.8068903033908388,1681,1681
Ratnapura,2014-01-17,0.79606502082094,1681,1681
Ratnapura,2014-02-02,0.7890559190957763,1681,1681
Ratnapura,2014-02-18,0.7548161808447353,1681,1681
Ratnapura,2014-03-06,0.7485917311124332,1681,1681
Ratnapura,2014-03-22,0.770749256395003,1681,1681
Ratnapura,2014-04-07,0.7848054134443784,1681,1681
Ratnapura,2014-04-23,0.7918036287923855,1681,1681
Ratnapura,2014-05-09,0.7793190957763236,1681,1681
Ratnapura,2014-05-25,0.5427936347412256,1681,1681
Ratnapura,2014-06-10,0.7187142772159429,1681,1681
Ratnapura,2014-06-26,0.7627522308149911,1681,1681
Ratnapura,2014-07-12,0.611617013682332,1681,1681
Ratnapura,2014-07-28,0.7892344437834623,1681,1681
Ratnapura,2014-08-13,0.7171578822129685,1681,1681
Ratnapura,2014-08-29,0.7074499107674004,1681,1681
Ratnapura,2014-09-14,0.7838273051754908,1681,1681
Ratnapura,2014-09-30,0.8029459250446164,1681,1681
Ratnapura,2014-10-16,0.8654892920880428,1681,1681
Ratnapura,2014-11-01,0.804781499107674,1681,1681
Ratnapura,2014-11-17,0.7967718619869125,1681,1681
Ratnapura,2014-12-03,0.8378729922665081,1681,1681
Ratnapura,2014-12-19,0.8174196906603213,1681,1681
Ratnapura,2015-01-01,0.8073255205234979,1681,1681
Ratnapura,2015-01-17,0.7921004164187984,1681,1681
Ratnapura,2015-02-02,0.7818346222486615,1681,1681
Ratnapura,2015-02-18,0.7941343842950626,1681,1681
Ratnapura,2015-03-06,0.7783670434265318,1681,1681
Ratnapura,2015-03-22,0.7993481261154075,1681,1681
Ratnapura,2015-04-07,0.8370055324211779,1681,1681
Ratnapura,2015-04-23,0.812687269482451,1681,1681
Ratnapura,2015-05-09,0.7853412254610351,1681,1681
Ratnapura,2015-05-25,0.7356073765615706,1681,1681
Ratnapura,2015-06-10,0.7418097560975611,1681,1681
Ratnapura,2015-06-26,0.7855299821534801,1681,1681
Ratnapura,2015-07-12,0.479664009518144,1681,1681
Ratnapura,2015-07-28,0.7493660321237359,1681,1681
Ratnapura,2015-08-13,0.8017860797144557,1681,1681
Ratnapura,2015-08-29,0.7819220701963118,1681,1681
Ratnapura,2015-09-14,0.7579571088637715,1681,1681
Ratnapura,2015-09-30,0.8576054134443785,1681,1681
Ratnapura,2015-10-16,0.8121455681142178,1681,1681
Ratnapura,2015-11-01,0.7886695419393218,1681,1681
Ratnapura,2015-11-17,0.8297868530636526,1681,1681
Ratnapura,2015-12-03,0.8462259964306961,1681,1681
Ratnapura,2015-12-19,0.8318897085068411,1681,1681
Ratnapura,2016-01-01,0.8204920880428318,1681,1681
Ratnapura,2016-01-17,0.813971267102915,1681,1681
Ratnapura,2016-02-02,0.7896309339678763,1681,1681
Ratnapura,2016-02-18,0.7910069601427723,1681,1681
Ratnapura,2016-03-05,0.7932525877453896,1681,1681
Ratnapura,2016-03-21,0.8163023200475907,1681,1681
Ratnapura,2016-04-06,0.833286258179655,1681,1681
Ratnapura,2016-04-22,0.8278716835217133,1681,1681
Ratnapura,2016-05-08,0.6687443783462226,1681,1681
Ratnapura,2016-05-24,0.7319553242117787,1681,1681
Ratnapura,2016-06-09,0.529177751338489,1681,1681
Ratnapura,2016-06-25,0.7550033313503867,1681,1681
Ratnapura,2016-07-11,0.7435788816180845,1681,1681
Ratnapura,2016-07-27,0.6465662105889352,1681,1681
Ratnapura,2016-08-12,0.6395133254015467,1681,1681
Ratnapura,2016-08-28,0.4832563355145747,1681,1681
Ratnapura,2016-09-13,0.5733110648423557,1681,1681
Ratnapura,2016-09-29,0.7739366448542535,1681,1681
Ratnapura,2016-10-15,0.7564269047619048,1680,1681
Ratnapura,2016-10-31,0.8009348007138609,1681,1681
Ratnapura,2016-11-16,0.8230238548483046,1681,1681
Ratnapura,2016-12-02,0.8167030339083879,1681,1681
Ratnapura,2016-12-18,0.8259785841760857,1681,1681
Ratnapura,2017-01-01,0.8149116597263534,1681,1681
Ratnapura,2017-01-17,0.8177039262343844,1681,1681
Ratnapura,2017-02-02,0.7992102914931588,1681,1681
Ratnapura,2017-02-18,0.7876046400951815,1681,1681
Ratnapura,2017-03-06,0.8201215348007139,1681,1681
Ratnapura,2017-03-22,0.8146433075550268,1681,1681
Ratnapura,2017-04-07,0.8174347412254611,1681,1681
Ratnapura,2017-04-23,0.826169006543724,1681,1681
Ratnapura,2017-05-09,0.7696219512195122,1681,1681
Ratnapura,2017-05-25,0.6564149910767401,1681,1681
Ratnapura,2017-06-10,0.65310999405116,1681,1681
Ratnapura,2017-06-26,0.8054468173706127,1681,1681
Ratnapura,2017-07-12,0.6844064247471744,1681,1681
Ratnapura,2017-07-28,0.6474133254015467,1681,1681
Ratnapura,2017-08-13,0.7202404521118383,1681,1681
Ratnapura,2017-08-29,0.8107424152290303,1681,1681
Ratnapura,2017-09-14,0.7733027959547888,1681,1681
Ratnapura,2017-09-30,0.8396684711481261,1681,1681
Ratnapura,2017-10-16,0.8364586555621655,1681,1681
Ratnapura,2017-11-01,0.8028129684711481,1681,1681
Ratnapura,2017-11-17,0.8451626412849496,1681,1681
Ratnapura,2017-12-03,0.8338581796549674,1681,1681
Ratnapura,2017-12-19,0.8372860797144557,1681,1681
Ratnapura,2018-01-01,0.8242497323022011,1681,1681
Ratnapura,2018-01-17,0.802792742415229,1681,1681
Ratnapura,2018-02-02,0.8028259369422963,1681,1681
Ratnapura,2018-02-18,0.8004596073765616,1681,1681
Ratnapura,2018-03-06,0.7935635336109459,1681,1681
Ratnapura,2018-03-22,0.8235090422367639,1681,1681
Ratnapura,2018-04-07,0.7989425936942297,1681,1681
Ratnapura,2018-04-23,0.8304061273051755,1681,1681
Ratnapura,2018-05-09,0.7391720999405117,1681,1681
Ratnapura,2018-05-25,0.6716929803688282,1681,1681
Ratnapura,2018-06-10,0.7002569303985723,1681,1681
Ratnapura,2018-06-26,0.7078838786436645,1681,1681
Ratnapura,2018-07-12,0.5580963095238095,1680,1681
Ratnapura,2018-07-28,0.6957518738845926,1681,1681
Ratnapura,2018-08-13,0.6455550267697798,1681,1681
Ratnapura,2018-08-29,0.7842524092801905,1681,1681
Ratnapura,2018-09-14,0.7576861986912553,1681,1681
Ratnapura,2018-09-30,0.642616002379536,1681,1681
Ratnapura,2018-10-16,0.8168722189173112,1681,1681
Ratnapura,2018-11-01,0.8224132064247471,1681,1681
Ratnapura,2018-11-17,0.8311994051160024,1681,1681
Ratnapura,2018-12-03,0.8301785841760857,1681,1681
Ratnapura,2018-12-19,0.8322399762046402,1681,1681
Ratnapura,2019-01-01,0.8273202855443189,1681,1681
Ratnapura,2019-01-17,0.7988633551457466,1681,1681
Ratnapura,2019-02-02,0.8096453301606187,1681,1681
Ratnapura,2019-02-18,0.7927596668649614,1681,1681
Ratnapura,2019-03-06,0.823042772159429,1681,1681
Ratnapura,2019-03-22,0.8014347412254611,1681,1681
Ratnapura,2019-04-07,0.832974776918501,1681,1681
Ratnapura,2019-04-23,0.7144994646044022,1681,1681
Ratnapura,2019-05-09,0.7610327186198692,1681,1681
Ratnapura,2019-05-25,0.7509703152885188,1681,1681
Ratnapura,2019-06-10,0.8017502082093992,1681,1681
Ratnapura,2019-06-26,0.8187917311124331,1681,1681
Ratnapura,2019-07-12,0.5816738251041047,1681,1681
Ratnapura,2019-07-28,0.6338527067221893,1681,1681
Ratnapura,2019-08-13,0.8084179654967282,1681,1681
Ratnapura,2019-08-29,0.7394653182629388,1681,1681
Ratnapura,2019-09-14,0.6271700178465199,1681,1681
Ratnapura,2019-09-30,0.8385187983343249,1681,1681
Ratnapura,2019-10-16,0.5815051160023795,1681,1681
Ratnapura,2019-11-01,0.832446995835812,1681,1681
Ratnapura,2019-11-17,0.7939165377751338,1681,1681
Ratnapura,2019-12-03,0.8367618084473528,1681,1681
Ratnapura,2019-12-19,0.8396229030339084,1681,1681
Ratnapura,2020-01-01,0.8256583581201665,1681,1681
Ratnapura,2020-01-17,0.7952131469363475,1681,1681
Ratnapura,2020-02-02,0.7943293872694824,1681,1681
Ratnapura,2020-02-18,0.7652006543723974,1681,1681
Ratnapura,2020-03-05,0.7623246281975015,1681,1681
Ratnapura,2020-03-21,0.7678485425342059,1681,1681
Ratnapura,2020-04-06,0.8210021415823915,1681,1681
Ratnapura,2020-04-22,0.8124928019036288,1681,1681
Ratnapura,2020-05-08,0.8174023795359905,1681,1681
Ratnapura,2020-05-24,0.7812387269482451,1681,1681
Ratnapura,2020-06-09,0.7766189767995241,1681,1681
Ratnapura,2020-06-25,0.7685581201665675,1681,1681
Ratnapura,2020-07-11,0.6271676383105296,1681,1681
Ratnapura,2020-07-27,0.6132663295657347,1681,1681
Ratnapura,2020-08-12,0.7866779892920881,1681,1681
Ratnapura,2020-08-28,0.5574624033313504,1681,1681
Ratnapura,2020-09-13,0.6668020820939917,1681,1681
Ratnapura,2020-09-29,0.6907809637120762,1681,1681
Ratnapura,2020-10-15,0.7872741225461036,1681,1681
Ratnapura,2020-10-31,0.7961386079714455,1681,1681
Ratnapura,2020-11-16,0.7959124330755503,1681,1681
Ratnapura,2020-12-02,0.8302806662700775,1681,1681
Ratnapura,2020-12-18,0.7969090422367638,1681,1681
Ratnapura,2021-01-01,0.8612240928019037,1681,1681
Ratnapura,2021-01-17,0.8415579417013682,1681,1681
Ratnapura,2021-02-02,0.8297060678167758,1681,1681
Ratnapura,2021-02-18,0.796404759071981,1681,1681
Ratnapura,2021-03-06,0.7801256395002975,1681,1681
Ratnapura,2021-03-22,0.8054907792980369,1681,1681
Ratnapura,2021-04-07,0.8244458655562165,1681,1681
Ratnapura,2021-04-23,0.8163400951814396,1681,1681
Ratnapura,2021-05-09,0.7771031528851875,1681,1681
Ratnapura,2021-05-25,0.7741143961927425,1681,1681
Ratnapura,2021-06-10,0.7988067221891731,1681,1681
Ratnapura,2021-06-26,0.7164242117787032,1681,1681
Ratnapura,2021-07-12,0.6513613325401547,1681,1681
Ratnapura,2021-07-28,0.7911027364663891,1681,1681
Ratnapura,2021-08-13,0.7278635930993457,1681,1681
Ratnapura,2021-08-29,0.650554491374182,1681,1681
Ratnapura,2021-09-14,0.7714069601427722,1681,1681
Ratnapura,2021-09-30,0.7501384889946461,1681,1681
Ratnapura,2021-10-16,0.8346271861986913,1681,1681
Ratnapura,2021-11-01,0.7928027959547889,1681,1681
Ratnapura,2021-11-17,0.8410980963712077,1681,1681
Ratnapura,2021-12-03,0.8306656157049376,1681,1681
Ratnapura,2021-12-19,0.8130145746579418,1681,1681
Ratnapura,2022-01-01,0.8231959547888162,1681,1681
Ratnapura,2022-01-17,0.8302904818560382,1681,1681
Ratnapura,2022-02-02,0.7947896490184414,1681,1681
Ratnapura,2022-02-18,0.8363463414634147,1681,1681
Ratnapura,2022-03-06,0.8299160023795361,1681,1681
Ratnapura,2022-03-22,0.7994941701368233,1681,1681
Ratnapura,2022-04-07,0.8409402141582392,1681,1681
Ratnapura,2022-04-23,0.809054015466984,1681,1681
Ratnapura,2022-05-09,0.5072641879833433,1681,1681
Ratnapura,2022-05-25,0.6652370612730518,1681,1681
Ratnapura,2022-06-10,0.7074944080904224,1681,1681
Ratnapura,2022-06-26,0.7590973825104105,1681,1681
Ratnapura,2022-07-12,0.7816440809042237,1681,1681
Ratnapura,2022-07-28,0.7804116597263534,1681,1681
Ratnapura,2022-08-13,0.7844044021415825,1681,1681
Ratnapura,2022-08-29,0.5164433670434265,1681,1681
Ratnapura,2022-09-14,0.7595639500297443,1681,1681
Ratnapura,2022-09-30,0.5825295062462821,1681,1681
Ratnapura,2022-10-16,0.8227254015466985,1681,1681
Ratnapura,2022-11-01,0.7927312908982749,1681,1681
Ratnapura,2022-11-17,0.8209411064842356,1681,1681
Ratnapura,2022-12-03,0.7448955978584176,1681,1681
Ratnapura,2022-12-19,0.818608506841166,1681,1681
Ratnapura,2023-01-01,0.8175099345627603,1681,1681
Ratnapura,2023-01-17,0.8435981558596074,1681,1681
Ratnapura,2023-02-02,0.8150684116597264,1681,1681
Ratnapura,2023-02-18,0.798688994646044,1681,1681
Ratnapura,2023-03-06,0.8280445568114218,1681,1681
Ratnapura,2023-03-22,0.8008701963117193,1681,1681
Ratnapura,2023-04-07,0.8193443783462224,1681,1681
Ratnapura,2023-04-23,0.814639500297442,1681,1681
Ratnapura,2023-05-09,0.8327178465199286,1681,1681
Ratnapura,2023-05-25,0.8036838191552648,1681,1681
Ratnapura,2023-06-10,0.6635129089827484,1681,1681
Ratnapura,2023-06-26,0.4111687685901249,1681,1681
Ratnapura,2023-07-12,0.7451064247471744,1681,1681
Ratnapura,2023-07-28,0.7910317668054729,1681,1681
Ratnapura,2023-08-13,0.7427181439619275,1681,1681
Ratnapura,2023-08-29,0.3878809637120762,1681,1681
Ratnapura,2023-09-14,0.7208305770374778,1681,1681
Ratnapura,2023-09-30,0.7819374182034503,1681,1681
Ratnapura,2023-10-16,0.832385484830458,1681,1681
Ratnapura,2023-11-01,0.8230004164187984,1681,1681
Ratnapura,2023-11-17,0.8245071386079715,1681,1681
Ratnapura,2023-12-03,0.8362029149315884,1681,1681
Ratnapura,2023-12-19,0.8276816775728734,1681,1681
Ratnapura,2024-01-01,0.7828946460440214,1681,1681
Ratnapura,2024-01-17,0.8266615110053539,1681,1681
Ratnapura,2024-02-02,0.8033149910767401,1681,1681
Ratnapura,2024-02-18,0.8128693039857228,1681,1681
Ratnapura,2024-03-05,0.801486258179655,1681,1681
Ratnapura,2024-03-21,0.7906990481856039,1681,1681
Trincomalee,2012-09-13,0.6410270721526535,1677,1681
Trincomalee,2012-09-29,0.712118664281455,1677,1681
Trincomalee,2012-10-15,0.7109318425760286,1677,1681
Trincomalee,2012-10-31,0.8126064110245657,1669,1681
Trincomalee,2012-11-16,0.8140704586063133,1679,1681
Trincomalee,2012-12-02,0.7126261776982707,1677,1681
Trincomalee,2012-12-18,0.57712561048243,1679,1681
Trincomalee,2013-01-01,0.5363530746268658,1675,1681
Trincomalee,2013-01-17,0.7829192009540847,1677,1681
Trincomalee,2013-02-02,0.6172934523809525,1680,1681
Trincomalee,2013-02-18,0.7001696119402986,1675,1681
Trincomalee,2013-03-06,0.664325584182145,1669,1681
Trincomalee,2013-03-22,0.7766750750750752,1665,1681
Trincomalee,2013-04-07,0.7690088042831648,1681,1681
Trincomalee,2013-04-23,0.732276502082094,1681,1681
Trincomalee,2013-05-09,0.7501399282725643,1673,1681
Trincomalee,2013-05-25,0.7283459250446164,1681,1681
Trincomalee,2013-06-10,0.6739162998215349,1681,1681
Trincomalee,2013-06-26,0.7190294818344253,1679,1681
Trincomalee,2013-07-12,0.711313698630137,1679,1681
Trincomalee,2013-07-28,0.7016933889219774,1679,1681
Trincomalee,2013-08-13,0.7243912133891214,1673,1681
Trincomalee,2013-08-29,0.6507335122242099,1677,1681
Trincomalee,2013-09-14,0.662019058963669,1679,1681
Trincomalee,2013-09-30,0.6650602022605592,1681,1681
Trincomalee,2013-10-16,0.7089850149253732,1675,1681
Trincomalee,2013-11-01,0.5910014907573047,1677,1681
Trincomalee,2013-11-17,0.6573394752534287,1677,1681
Trincomalee,2013-12-03,0.813847223880597,1675,1681
Trincomalee,2013-12-19,0.5930213900539245,1669,1681
Trincomalee,2014-01-01,0.5073526503871353,1679,1681
Trincomalee,2014-01-17,0.6738746268656717,1675,1681
Trincomalee,2014-02-02,0.8061589147286822,1677,1681
Trincomalee,2014-02-18,0.6069227516378798,1679,1681
Trincomalee,2014-03-06,0.6656399642644432,1679,1681
Trincomalee,2014-03-22,0.7725177870315288,1681,1681
Trincomalee,2014-04-07,0.719948236700538,1673,1681
Trincomalee,2014-04-23,0.6698701974865351,1671,1681
Trincomalee,2014-05-09,0.7407539654144305,1677,1681
Trincomalee,2014-05-25,0.7437242985074627,1675,1681
Trincomalee,2014-06-10,0.6993219701492538,1675,1681
Trincomalee,2014-06-26,0.6873711481261154,1681,1681
Trincomalee,2014-07-12,0.6426815742397138,1677,1681
Trincomalee,2014-07-28,0.6120077427039905,1679,1681
Trincomalee,2014-08-13,0.6257247766527695,1679,1681
Trincomalee,2014-08-29,0.709123942823109,1679,1681
Trincomalee,2014-09-14,0.7151908765652952,1677,1681
Trincomalee,2014-09-30,0.7455146181384248,1676,1681
Trincomalee,2014-10-16,0.7538841383422779,1677,1681
Trincomalee,2014-11-01,0.7821433512224211,1677,1681
Trincomalee,2014-11-17,0.5091795820895523,1675,1681
Trincomalee,2014-12-03,0.6470651343283582,1675,1681
Trincomalee,2014-12-19,0.5367703415218694,1669,1681
Trincomalee,2015-01-01,0.7635742108397856,1679,1681
Trincomalee,2015-01-17,0.6110577221228384,1677,1681
Trincomalee,2015-02-02,0.7820692767483562,1673,1681
Trincomalee,2015-02-18,0.7083501492537314,1675,1681
Trincomalee,2015-03-06,0.7399949374627756,1679,1681
Trincomalee,2015-03-22,0.7722735276621059,1681,1681
Trincomalee,2015-04-07,0.7517057519472738,1669,1681
Trincomalee,2015-04-23,0.7313147706968434,1679,1681
Trincomalee,2015-05-09,0.7350648600357356,1679,1681
Trincomalee,2015-05-25,0.7751196779964222,1677,1681
Trincomalee,2015-06-10,0.768254894894895,1665,1681
Trincomalee,2015-06-26,0.7282981558596074,1681,1681
Trincomalee,2015-07-12,0.6880506841165972,1681,1681
Trincomalee,2015-07-28,0.7139870736086177,1671,1681
Trincomalee,2015-08-13,0.6701602156980229,1669,1681
Trincomalee,2015-08-29,0.7239899458157737,1661,1681
Trincomalee,2015-09-14,0.7685281119714116,1679,1681
Trincomalee,2015-09-30,0.7972449552238806,1675,1681
Trincomalee,2015-10-16,0.6857188735769922,1669,1681
Trincomalee,2015-11-01,0.6154887029288704,1673,1681
Trincomalee,2015-11-17,0.7972530673019654,1679,1681
Trincomalee,2015-12-03,0.8150219235364398,1674,1681
Trincomalee,2015-12-19,0.7063555092316856,1679,1681
Trincomalee,2016-01-01,0.6204600597014925,1675,1681
Trincomalee,2016-01-17,0.714194367884961,1669,1681
Trincomalee,2016-02-02,0.7370877014925373,1675,1681
Trincomalee,2016-02-18,0.5394482078853047,1674,1681
Trincomalee,2016-03-05,0.763426003594967,1669,1681
Trincomalee,2016-03-21,0.7457558278541542,1673,1681
Trincomalee,2016-04-06,0.7344954680977938,1677,1681
Trincomalee,2016-04-22,0.7061852116875372,1677,1681
Trincomalee,2016-05-08,0.6001866986219293,1669,1681
Trincomalee,2016-05-24,0.7390564026206076,1679,1681
Trincomalee,2016-06-09,0.7711667065152421,1673,1681
Trincomalee,2016-06-25,0.7570166966966968,1665,1681
Trincomalee,2016-07-11,0.7399224416517056,1671,1681
Trincomalee,2016-07-27,0.7619449370880768,1669,1681
Trincomalee,2016-08-12,0.7660863609291245,1679,1681
Trincomalee,2016-08-28,0.7229207908927502,1669,1681
Trincomalee,2016-09-13,0.6867653548002385,1677,1681
Trincomalee,2016-09-29,0.6869030375223348,1679,1681
Trincomalee,2016-10-15,0.6969637447823495,1677,1681
Trincomalee,2016-10-31,0.6419482388059702,1675,1681
Trincomalee,2016-11-16,0.47877181328545787,1671,1681
Trincomalee,2016-12-02,0.8118278609946076,1669,1681
Trincomalee,2016-12-18,0.8407384752829065,1679,1681
Trincomalee,2017-01-01,0.8263673457159976,1669,1681
Trincomalee,2017-01-17,0.8020203450327187,1681,1681
Trincomalee,2017-02-02,0.7663342058298632,1681,1681
Trincomalee,2017-02-18,0.7706296584781307,1669,1681
Trincomalee,2017-03-06,0.8090175104228708,1679,1681
Trincomalee,2017-03-22,0.7948525282569899,1681,1681
Trincomalee,2017-04-07,0.7320842763549732,1679,1681
Trincomalee,2017-04-23,0.7119355820895523,1675,1681
Trincomalee,2017-05-09,0.6994176295413937,1679,1681
Trincomalee,2017-05-25,0.695955894673848,1671,1681
Trincomalee,2017-06-10,0.6949391851408029,1669,1681
Trincomalee,2017-06-26,0.6915017889087657,1677,1681
Trincomalee,2017-07-12,0.6933144556811421,1681,1681
Trincomalee,2017-07-28,0.7471079904591533,1677,1681
Trincomalee,2017-08-13,0.8095350150150151,1665,1681
Trincomalee,2017-08-29,0.8186172126265635,1679,1681
Trincomalee,2017-09-14,0.7987202742993441,1677,1681
Trincomalee,2017-09-30,0.8032491343283582,1675,1681
Trincomalee,2017-10-16,0.8042797611940299,1675,1681
Trincomalee,2017-11-01,0.8283731387730792,1679,1681
Trincomalee,2017-11-17,0.8299152885187389,1681,1681
Trincomalee,2017-12-03,0.8193929636255218,1677,1681
Trincomalee,2017-12-19,0.843791072498502,1669,1681
Trincomalee,2018-01-01,0.7618511071214842,1671,1681
Trincomalee,2018-01-17,0.6568561938958708,1671,1681
Trincomalee,2018-02-02,0.6736613731343284,1675,1681
Trincomalee,2018-02-18,0.787412939773405,1677,1681
Trincomalee,2018-03-06,0.6733774116237268,1669,1681
Trincomalee,2018-03-22,0.7496348421679572,1679,1681
Trincomalee,2018-04-07,0.6957404776119404,1675,1681
Trincomalee,2018-04-23,0.724300475907198,1681,1681
Trincomalee,2018-05-09,0.6046652719665273,1673,1681
Trincomalee,2018-05-25,0.7528258774538965,1681,1681
Trincomalee,2018-06-10,0.7141715739078396,1671,1681
Trincomalee,2018-06-26,0.7474341931613677,1667,1681
Trincomalee,2018-07-12,0.7616276026174896,1681,1681
Trincomalee,2018-07-28,0.6947175909361956,1677,1681
Trincomalee,2018-08-13,0.7023302686567164,1675,1681
Trincomalee,2018-08-29,0.726434187016081,1679,1681
Trincomalee,2018-09-14,0.690639534883721,1677,1681
Trincomalee,2018-09-30,0.7637371479928101,1669,1681
Trincomalee,2018-10-16,0.7235198924731183,1674,1681
Trincomalee,2018-11-01,0.6783415723645027,1679,1681
Trincomalee,2018-11-17,0.6904952722920407,1671,1681
Trincomalee,2018-12-03,0.7724992192192193,1665,1681
Trincomalee,2018-12-19,0.7003041169451074,1676,1681
Trincomalee,2019-01-01,0.8260837417812315,1673,1681
Trincomalee,2019-01-17,0.5181608100059559,1679,1681
Trincomalee,2019-02-02,0.525256343061346,1679,1681
Trincomalee,2019-02-18,0.7406642218246869,1677,1681
Trincomalee,2019-03-06,0.7513636146020347,1671,1681
Trincomalee,2019-03-22,0.7497791766109786,1676,1681
Trincomalee,2019-04-07,0.7253016696481813,1677,1681
Trincomalee,2019-04-23,0.6820773349196907,1681,1681
Trincomalee,2019-05-09,0.700458556946929,1677,1681
Trincomalee,2019-05-25,0.6988041243275553,1673,1681
Trincomalee,2019-06-10,0.6944500898741762,1669,1681
Trincomalee,2019-06-26,0.6683565812983919,1679,1681
Trincomalee,2019-07-12,0.6549878354203936,1677,1681
Trincomalee,2019-07-28,0.6265751637879691,1679,1681
Trincomalee,2019-08-13,0.6269936119402986,1675,1681
Trincomalee,2019-08-29,0.605855223880597,1675,1681
Trincomalee,2019-09-14,0.6877624329159213,1677,1681
Trincomalee,2019-09-30,0.653373404889684,1677,1681
Trincomalee,2019-10-16,0.47484817692767484,1673,1681
Trincomalee,2019-11-01,0.7082435897435898,1677,1681
Trincomalee,2019-11-17,0.5252352976190476,1680,1681
Trincomalee,2019-12-03,0.6987640429338104,1677,1681
Trincomalee,2019-12-19,0.6833961309523809,1680,1681
Trincomalee,2020-01-01,0.7052077611940298,1675,1681
Trincomalee,2020-01-17,0.7744068411659727,1681,1681
Trincomalee,2020-02-02,0.7608172331544425,1677,1681
Trincomalee,2020-02-18,0.7606910172516359,1681,1681
Trincomalee,2020-03-05,0.6630114029850747,1675,1681
Trincomalee,2020-03-21,0.7439124776119403,1675,1681
Trincomalee,2020-04-06,0.7386304477611941,1675,1681
Trincomalee,2020-04-22,0.7106854925373135,1675,1681
Trincomalee,2020-05-08,0.7030968433591424,1679,1681
Trincomalee,2020-05-24,0.7763630292188433,1677,1681
Trincomalee,2020-06-09,0.729872624028691,1673,1681
Trincomalee,2020-06-25,0.7223160405485988,1677,1681
Trincomalee,2020-07-11,0.7338674626865672,1675,1681
Trincomalee,2020-07-27,0.700167718880286,1679,1681
Trincomalee,2020-08-12,0.677824836212031,1679,1681
Trincomalee,2020-08-28,0.7147760622381808,1671,1681
Trincomalee,2020-09-13,0.6375971873129863,1671,1681
Trincomalee,2020-09-29,0.7383066110780226,1679,1681
Trincomalee,2020-10-15,0.7476622248661511,1681,1681
Trincomalee,2020-10-31,0.6496589530041642,1681,1681
Trincomalee,2020-11-16,0.782797793679189,1677,1681
Trincomalee,2020-12-02,0.4963874329958309,1679,1681
Trincomalee,2020-12-18,0.5465676646706588,1670,1681
Trincomalee,2021-01-01,0.6261970041941283,1669,1681
Trincomalee,2021-01-17,0.640301012507445,1679,1681
Trincomalee,2021-02-02,0.595688021454112,1678,1681
Trincomalee,2021-02-18,0.7213167857142858,1680,1681
Trincomalee,2021-03-06,0.5785487194758786,1679,1681
Trincomalee,2021-03-22,0.7461287923854849,1681,1681
Trincomalee,2021-04-07,0.7453959330143541,1672,1681
Trincomalee,2021-04-23,0.69963907839617,1671,1681
Trincomalee,2021-05-09,0.6983889219773676,1679,1681
Trincomalee,2021-05-25,0.7838371649791543,1679,1681
Trincomalee,2021-06-10,0.7550621347644604,1677,1681
Trincomalee,2021-06-26,0.7594347513481127,1669,1681
Trincomalee,2021-07-12,0.7591448419797258,1677,1681
Trincomalee,2021-07-28,0.7720971973762671,1677,1681
Trincomalee,2021-08-13,0.763671029149316,1681,1681
Trincomalee,2021-08-29,0.801047167561121,1677,1681
Trincomalee,2021-09-14,0.7799462552426604,1669,1681
Trincomalee,2021-09-30,0.7427769827072154,1677,1681
Trincomalee,2021-10-16,0.7721782349433512,1677,1681
Trincomalee,2021-11-01,0.7172996413628213,1673,1681
Trincomalee,2021-11-17,0.8544600832837598,1681,1681
Trincomalee,2021-12-03,0.6863843954734962,1679,1681
Trincomalee,2021-12-19,0.7299792610250299,1678,1681
Trincomalee,2022-01-01,0.657350209205021,1673,1681
Trincomalee,2022-01-17,0.8103456171735242,1677,1681
Trincomalee,2022-02-02,0.8004355992844365,1677,1681
Trincomalee,2022-02-18,0.7303253134328358,1675,1681
Trincomalee,2022-03-06,0.7731033948779036,1679,1681
Trincomalee,2022-03-22,0.7581062836624776,1671,1681
Trincomalee,2022-04-07,0.732637641453246,1679,1681
Trincomalee,2022-04-23,0.7903389649018442,1681,1681
Trincomalee,2022-05-09,0.727543537820131,1679,1681
Trincomalee,2022-05-25,0.7324075640262061,1679,1681
Trincomalee,2022-06-10,0.7289955926146516,1679,1681
Trincomalee,2022-06-26,0.7443042388059702,1675,1681
Trincomalee,2022-07-12,0.7464612999403698,1677,1681
Trincomalee,2022-07-28,0.7584591591591592,1665,1681
Trincomalee,2022-08-13,0.7588488968395946,1677,1681
Trincomalee,2022-08-29,0.7734842231553689,1667,1681
Trincomalee,2022-09-14,0.7975896716417911,1675,1681
Trincomalee,2022-09-30,0.7598198691255206,1681,1681
Trincomalee,2022-10-16,0.603179557680813,1673,1681
Trincomalee,2022-11-01,0.5225426952892069,1677,1681
Trincomalee,2022-11-17,0.792678648325359,1672,1681
Trincomalee,2022-12-03,0.7164013690476191,1680,1681
Trincomalee,2022-12-19,0.59366748064324,1679,1681
Trincomalee,2023-01-01,0.7087363799283155,1674,1681
Trincomalee,2023-01-17,0.6553998810232006,1681,1681
Trincomalee,2023-02-02,0.6316994019138756,1672,1681
Trincomalee,2023-02-18,0.7133315288518739,1681,1681
Trincomalee,2023-03-06,0.5666832835820895,1675,1681
Trincomalee,2023-03-22,0.7472806470940683,1669,1681
Trincomalee,2023-04-07,0.7355979701492538,1675,1681
Trincomalee,2023-04-23,0.7781540798094104,1679,1681
Trincomalee,2023-05-09,0.7970763267740012,1677,1681
Trincomalee,2023-05-25,0.7921320597014926,1675,1681
Trincomalee,2023-06-10,0.7990162985074627,1675,1681
Trincomalee,2023-06-26,0.7425075178997613,1676,1681
Trincomalee,2023-07-12,0.7551411064842356,1681,1681
Trincomalee,2023-07-28,0.729053007742704,1679,1681
Trincomalee,2023-08-13,0.7222716159809184,1677,1681
Trincomalee,2023-08-29,0.7929580895522389,1675,1681
Trincomalee,2023-09-14,0.797160737656157,1681,1681
Trincomalee,2023-09-30,0.793528256989887,1681,1681
Trincomalee,2023-10-16,0.8108900298507463,1675,1681
Trincomalee,2023-11-01,0.6654530257639305,1669,1681
Trincomalee,2023-11-17,0.5405322811197142,1679,1681
Trincomalee,2023-12-03,0.7358669051878355,1677,1681
Trincomalee,2023-12-19,0.4985945736434109,1677,1681
Trincomalee,2024-01-01,0.5824550327575939,1679,1681
Trincomalee,2024-01-17,0.6109537634408603,1674,1681
Trincomalee,2024-02-02,0.6998214669051879,1677,1681
Trincomalee,2024-02-18,0.5301491343283582,1675,1681
Trincomalee,2024-03-05,0.7611489577129245,1679,1681
Trincomalee,2024-03-21,0.7285268887566925,1681,1681
Vavuniya,2012-09-13,0.4657847709696609,1681,1681
Vavuniya,2012-09-29,0.5485040452111838,1681,1681
Vavuniya,2012-10-15,0.514839262343843,1681,1681
Vavuniya,2012-10-31,0.6444234979179061,1681,1681
Vavuniya,2012-11-16,0.7340855443188579,1681,1681
Vavuniya,2012-12-02,0.6941642857142857,1680,1681
Vavuniya,2012-12-18,0.5638279000594884,1681,1681
Vavuniya,2013-01-01,0.7924179060083284,1681,1681
Vavuniya,2013-01-17,0.7746986317668055,1681,1681
Vavuniya,2013-02-02,0.7284693634741226,1681,1681
Vavuniya,2013-02-18,0.7190726948245092,1681,1681
Vavuniya,2013-03-06,0.7290882212968471,1681,1681
Vavuniya,2013-03-22,0.7186220701963117,1681,1681
Vavuniya,2013-04-07,0.678359250446163,1681,1681
Vavuniya,2013-04-23,0.7314155859607376,1681,1681
Vavuniya,2013-05-09,0.7124085663295657,1681,1681
Vavuniya,2013-05-25,0.6811680547293277,1681,1681
Vavuniya,2013-06-10,0.5537594883997621,1681,1681
Vavuniya,2013-06-26,0.5492560975609757,1681,1681
Vavuniya,2013-07-12,0.5954809637120762,1681,1681
Vavuniya,2013-07-28,0.557075252825699,1681,1681
Vavuniya,2013-08-13,0.5673139797739442,1681,1681
Vavuniya,2013-08-29,0.45348405710886375,1681,1681
Vavuniya,2013-09-14,0.6371101725163594,1681,1681
Vavuniya,2013-09-30,0.6187362879238549,1681,1681
Vavuniya,2013-10-16,0.7032788221296847,1681,1681
Vavuniya,2013-11-01,0.6926852468768591,1681,1681
Vavuniya,2013-11-17,0.6714950624628198,1681,1681
Vavuniya,2013-12-03,0.7778091017251636,1681,1681
Vavuniya,2013-12-19,0.6726230814991078,1681,1681
Vavuniya,2014-01-01,0.6830606186793575,1681,1681
Vavuniya,2014-01-17,0.7646724568709102,1681,1681
Vavuniya,2014-02-02,0.7371360499702558,1681,1681
Vavuniya,2014-02-18,0.7226456276026175,1681,1681
Vavuniya,2014-03-06,0.6613606781677573,1681,1681
Vavuniya,2014-03-22,0.6585112433075551,1681,1681
Vavuniya,2014-04-07,0.6134745984533017,1681,1681
Vavuniya,2014-04-23,0.6842141582391434,1681,1681
Vavuniya,2014-05-09,0.7017348602022606,1681,1681
Vavuniya,2014-05-25,0.6603311904761905,1680,1681
Vavuniya,2014-06-10,0.6346178465199286,1681,1681
Vavuniya,2014-06-26,0.6336023200475908,1681,1681
Vavuniya,2014-07-12,0.5596624033313504,1681,1681
Vavuniya,2014-07-28,0.5444864366448543,1681,1681
Vavuniya,2014-08-13,0.5771838786436645,1681,1681
Vavuniya,2014-08-29,0.6018309934562761,1681,1681
Vavuniya,2014-09-14,0.5757424152290304,1681,1681
Vavuniya,2014-09-30,0.6877431547619048,1680,1681
Vavuniya,2014-10-16,0.6929933967876265,1681,1681
Vavuniya,2014-11-01,0.7642117787031529,1681,1681
Vavuniya,2014-11-17,0.5706228435455087,1681,1681
Vavuniya,2014-12-03,0.6680060750446695,1679,1681
Vavuniya,2014-12-19,0.5054784057108864,1681,1681
Vavuniya,2015-01-01,0.7510167162403332,1681,1681
Vavuniya,2015-01-17,0.7260596668649614,1681,1681
Vavuniya,2015-02-02,0.7154892920880429,1681,1681
Vavuniya,2015-02-18,0.6845253420582986,1681,1681
Vavuniya,2015-03-06,0.6765082093991671,1681,1681
Vavuniya,2015-03-22,0.6639670434265319,1681,1681
Vavuniya,2015-04-07,0.6927177275431291,1681,1681
Vavuniya,2015-04-23,0.6973046995835812,1681,1681
Vavuniya,2015-05-09,0.574108506841166,1681,1681
Vavuniya,2015-05-25,0.6912088042831648,1681,1681
Vavuniya,2015-06-10,0.6965936942296252,1681,1681
Vavuniya,2015-06-26,0.6362624033313504,1681,1681
Vavuniya,2015-07-12,0.6136002379535991,1681,1681
Vavuniya,2015-07-28,0.61798750743605,1681,1681
Vavuniya,2015-08-13,0.5692457465794171,1681,1681
Vavuniya,2015-08-29,0.621647769185009,1681,1681
Vavuniya,2015-09-14,0.674662998215348,1681,1681
Vavuniya,2015-09-30,0.6539851873884592,1681,1681
Vavuniya,2015-10-16,0.6909321237358715,1681,1681
Vavuniya,2015-11-01,0.5073131469363474,1681,1681
Vavuniya,2015-11-17,0.7250048185603807,1681,1681
Vavuniya,2015-12-03,0.6584735871505057,1681,1681
Vavuniya,2015-12-19,0.760454015466984,1681,1681
Vavuniya,2016-01-01,0.7145863176680548,1681,1681
Vavuniya,2016-01-17,0.7372254015466985,1681,1681
Vavuniya,2016-02-02,0.7079213563355147,1681,1681
Vavuniya,2016-02-18,0.5650630577037478,1681,1681
Vavuniya,2016-03-05,0.6541828078524689,1681,1681
Vavuniya,2016-03-21,0.5736756097560977,1681,1681
Vavuniya,2016-04-06,0.6135864961332541,1681,1681
Vavuniya,2016-04-22,0.632657763236169,1681,1681
Vavuniya,2016-05-08,0.6811722784057109,1681,1681
Vavuniya,2016-05-24,0.6960821534800714,1681,1681
Vavuniya,2016-06-09,0.6799951219512196,1681,1681
Vavuniya,2016-06-25,0.6453074360499703,1681,1681
Vavuniya,2016-07-11,0.6615096371207615,1681,1681
Vavuniya,2016-07-27,0.6140276026174897,1681,1681
Vavuniya,2016-08-12,0.5848347412254611,1681,1681
Vavuniya,2016-08-28,0.5690460440214159,1681,1681
Vavuniya,2016-09-13,0.5282469363474123,1681,1681
Vavuniya,2016-09-29,0.506723022010708,1681,1681
Vavuniya,2016-10-15,0.5701710291493159,1681,1681
Vavuniya,2016-10-31,0.5959532421177871,1681,1681
Vavuniya,2016-11-16,0.4655136228435456,1681,1681
Vavuniya,2016-12-02,0.7598013682331946,1681,1681
Vavuniya,2016-12-18,0.7698229030339084,1681,1681
Vavuniya,2017-01-01,0.7700301606186795,1681,1681
Vavuniya,2017-01-17,0.7319574493444577,1678,1681
Vavuniya,2017-02-02,0.7489044616299821,1681,1681
Vavuniya,2017-02-18,0.7174333729922665,1681,1681
Vavuniya,2017-03-06,0.7476277215942891,1681,1681
Vavuniya,2017-03-22,0.7107316478286735,1681,1681
Vavuniya,2017-04-07,0.6859597858417609,1681,1681
Vavuniya,2017-04-23,0.6591458060678168,1681,1681
Vavuniya,2017-05-09,0.6803182034503272,1681,1681
Vavuniya,2017-05-25,0.702983521713266,1681,1681
Vavuniya,2017-06-10,0.6230203450327186,1681,1681
Vavuniya,2017-06-26,0.5783552052349792,1681,1681
Vavuniya,2017-07-12,0.48509530041641885,1681,1681
Vavuniya,2017-07-28,0.5696449732302202,1681,1681
Vavuniya,2017-08-13,0.6258546103509817,1681,1681
Vavuniya,2017-08-29,0.7192724568709102,1681,1681
Vavuniya,2017-09-14,0.7494730517549079,1681,1681
Vavuniya,2017-09-30,0.6552605591909578,1681,1681
Vavuniya,2017-10-16,0.6783249851279001,1681,1681
Vavuniya,2017-11-01,0.7702297441998811,1681,1681
Vavuniya,2017-11-17,0.7651616299821535,1681,1681
Vavuniya,2017-12-03,0.7720405116002379,1681,1681
Vavuniya,2017-12-19,0.7735383700178465,1681,1681
Vavuniya,2018-01-01,0.7592966091612136,1681,1681
Vavuniya,2018-01-17,0.7018890541344438,1681,1681
Vavuniya,2018-02-02,0.678561273051755,1681,1681
Vavuniya,2018-02-18,0.6496632956573469,1681,1681
Vavuniya,2018-03-06,0.6159938726948245,1681,1681
Vavuniya,2018-03-22,0.5746027364663892,1681,1681
Vavuniya,2018-04-07,0.6541283759666865,1681,1681
Vavuniya,2018-04-23,0.6114795359904819,1681,1681
Vavuniya,2018-05-09,0.6561929208804284,1681,1681
Vavuniya,2018-05-25,0.6759473527662107,1681,1681
Vavuniya,2018-06-10,0.6543518738845926,1681,1681
Vavuniya,2018-06-26,0.6614066627007734,1681,1681
Vavuniya,2018-07-12,0.6921208804283165,1681,1681
Vavuniya,2018-07-28,0.5521950624628197,1681,1681
Vavuniya,2018-08-13,0.5742809637120762,1681,1681
Vavuniya,2018-08-29,0.6575556811421773,1681,1681
Vavuniya,2018-09-14,0.5899709101725163,1681,1681
Vavuniya,2018-09-30,0.6327230814991077,1681,1681
Vavuniya,2018-10-16,0.5413517549077931,1681,1681
Vavuniya,2018-11-01,0.600113741820345,1681,1681
Vavuniya,2018-11-17,0.7533973699940228,1673,1681
Vavuniya,2018-12-03,0.7551576442593695,1681,1681
Vavuniya,2018-12-19,0.7313578822129685,1681,1681
Vavuniya,2019-01-01,0.7582491374182035,1681,1681
Vavuniya,2019-01-17,0.7191801903628793,1681,1681
Vavuniya,2019-02-02,0.6344659726353361,1681,1681
Vavuniya,2019-02-18,0.6330841165972636,1681,1681
Vavuniya,2019-03-06,0.6066294467578822,1681,1681
Vavuniya,2019-03-22,0.5760171326591316,1681,1681
Vavuniya,2019-04-07,0.5646620464009519,1681,1681
Vavuniya,2019-04-23,0.6308841760856634,1681,1681
Vavuniya,2019-05-09,0.6303014277215943,1681,1681
Vavuniya,2019-05-25,0.6604155264723379,1681,1681
Vavuniya,2019-06-10,0.6167556811421774,1681,1681
Vavuniya,2019-06-26,0.5408529446757883,1681,1681
Vavuniya,2019-07-12,0.5041481856038073,1681,1681
Vavuniya,2019-07-28,0.4840441998810232,1681,1681
Vavuniya,2019-08-13,0.4953449137418204,1681,1681
Vavuniya,2019-08-29,0.4834535395597858,1681,1681
Vavuniya,2019-09-14,0.5546954788816181,1681,1681
Vavuniya,2019-09-30,0.6258302201070791,1681,1681
Vavuniya,2019-10-16,0.4674270672218918,1681,1681
Vavuniya,2019-11-01,0.6821329362715902,1679,1681
Vavuniya,2019-11-17,0.6660239143367044,1681,1681
Vavuniya,2019-12-03,0.6807179060083284,1681,1681
Vavuniya,2019-12-19,0.7163011316259679,1679,1681
Vavuniya,2020-01-01,0.7759454491374183,1681,1681
Vavuniya,2020-01-17,0.7189741225461036,1681,1681
Vavuniya,2020-02-02,0.6650236763831053,1681,1681
Vavuniya,2020-02-18,0.6030101130279595,1681,1681
Vavuniya,2020-03-05,0.6133474122546104,1681,1681
Vavuniya,2020-03-21,0.5668553242117788,1681,1681
Vavuniya,2020-04-06,0.5757846519928614,1681,1681
Vavuniya,2020-04-22,0.6448945865556217,1681,1681
Vavuniya,2020-05-08,0.7315265318262939,1681,1681
Vavuniya,2020-05-24,0.6952785246876859,1681,1681
Vavuniya,2020-06-09,0.6840823914336704,1681,1681
Vavuniya,2020-06-25,0.7023916716240333,1681,1681
Vavuniya,2020-07-11,0.6471248661511005,1681,1681
Vavuniya,2020-07-27,0.6715488994646045,1681,1681
Vavuniya,2020-08-12,0.5693926829268293,1681,1681
Vavuniya,2020-08-28,0.5884867935752528,1681,1681
Vavuniya,2020-09-13,0.5116820345032719,1681,1681
Vavuniya,2020-09-29,0.533413503866746,1681,1681
Vavuniya,2020-10-15,0.5493512195121952,1681,1681
Vavuniya,2020-10-31,0.5729419393218322,1681,1681
Vavuniya,2020-11-16,0.7246964901844141,1681,1681
Vavuniya,2020-12-02,0.6121958928571428,1680,1681
Vavuniya,2020-12-18,0.6878777115613827,1678,1681
Vavuniya,2021-01-01,0.6944334326579261,1678,1681
Vavuniya,2021-01-17,0.7763540749553837,1681,1681
Vavuniya,2021-02-02,0.6925001189767995,1681,1681
Vavuniya,2021-02-18,0.6578991671624034,1681,1681
Vavuniya,2021-03-06,0.5889080904223676,1681,1681
Vavuniya,2021-03-22,0.6264604402141584,1681,1681
Vavuniya,2021-04-07,0.6185745984533016,1681,1681
Vavuniya,2021-04-23,0.6685471743010113,1681,1681
Vavuniya,2021-05-09,0.6063287328970851,1681,1681
Vavuniya,2021-05-25,0.6872513384889947,1681,1681
Vavuniya,2021-06-10,0.6949950029744201,1681,1681
Vavuniya,2021-06-26,0.6529779892920881,1681,1681
Vavuniya,2021-07-12,0.5924608566329566,1681,1681
Vavuniya,2021-07-28,0.6591127900059489,1681,1681
Vavuniya,2021-08-13,0.6079801308744794,1681,1681
Vavuniya,2021-08-29,0.5967747769185009,1681,1681
Vavuniya,2021-09-14,0.5734343842950625,1681,1681
Vavuniya,2021-09-30,0.64229750148721,1681,1681
Vavuniya,2021-10-16,0.6547126710291494,1681,1681
Vavuniya,2021-11-01,0.4870005353955979,1681,1681
Vavuniya,2021-11-17,0.7005610945865557,1681,1681
Vavuniya,2021-12-03,0.7483281547619048,1680,1681
Vavuniya,2021-12-19,0.7591117401668653,1678,1681
Vavuniya,2022-01-01,0.6871552052349792,1681,1681
Vavuniya,2022-01-17,0.7393080309339679,1681,1681
Vavuniya,2022-02-02,0.6932823319452707,1681,1681
Vavuniya,2022-02-18,0.6702797144556812,1681,1681
Vavuniya,2022-03-06,0.6471771564544914,1681,1681
Vavuniya,2022-03-22,0.6564168352171327,1681,1681
Vavuniya,2022-04-07,0.6532067221891731,1681,1681
Vavuniya,2022-04-23,0.7145820939916716,1681,1681
Vavuniya,2022-05-09,0.6887148126115408,1681,1681
Vavuniya,2022-05-25,0.6173429506246282,1681,1681
Vavuniya,2022-06-10,0.6076720999405116,1681,1681
Vavuniya,2022-06-26,0.7245401546698395,1681,1681
Vavuniya,2022-07-12,0.6302292682926829,1681,1681
Vavuniya,2022-07-28,0.6560177870315289,1681,1681
Vavuniya,2022-08-13,0.6684386674598454,1681,1681
Vavuniya,2022-08-29,0.6237988697204045,1681,1681
Vavuniya,2022-09-14,0.6589046995835812,1681,1681
Vavuniya,2022-09-30,0.4358644259369423,1681,1681
Vavuniya,2022-10-16,0.5445303175554225,1669,1681
Vavuniya,2022-11-01,0.5064350386674599,1681,1681
Vavuniya,2022-11-17,0.7122155859607376,1681,1681
Vavuniya,2022-12-03,0.5173269482450922,1681,1681
Vavuniya,2022-12-19,0.7174042831647829,1681,1681
Vavuniya,2023-01-01,0.7393687091017253,1681,1681
Vavuniya,2023-01-17,0.671829506246282,1681,1681
Vavuniya,2023-02-02,0.7184835217132659,1681,1681
Vavuniya,2023-02-18,0.6691321832242714,1681,1681
Vavuniya,2023-03-06,0.5730525877453896,1681,1681
Vavuniya,2023-03-22,0.6502510410469959,1681,1681
Vavuniya,2023-04-07,0.654198750743605,1681,1681
Vavuniya,2023-04-23,0.5348986912552053,1681,1681
Vavuniya,2023-05-09,0.6487249256395003,1681,1681
Vavuniya,2023-05-25,0.6988250446162998,1681,1681
Vavuniya,2023-06-10,0.6572338488994647,1681,1681
Vavuniya,2023-06-26,0.657454491374182,1681,1681
Vavuniya,2023-07-12,0.6132851279000595,1681,1681
Vavuniya,2023-07-28,0.5544854253420582,1681,1681
Vavuniya,2023-08-13,0.5478955383700179,1681,1681
Vavuniya,2023-08-29,0.6028537180249851,1681,1681
Vavuniya,2023-09-14,0.5597881023200476,1681,1681
Vavuniya,2023-09-30,0.5466368828078525,1681,1681
Vavuniya,2023-10-16,0.6862124330755502,1681,1681
Vavuniya,2023-11-01,0.6610152562574494,1678,1681
Vavuniya,2023-11-17,0.5966066627007733,1681,1681
Vavuniya,2023-12-03,0.7152261620977355,1678,1681
Vavuniya,2023-12-19,0.7131403926234384,1681,1681
Vavuniya,2024-01-01,0.6672977989292088,1681,1681
Vavuniya,2024-01-17,0.6422521118381916,1681,1681
Vavuniya,2024-02-02,0.7572544318857823,1681,1681
Vavuniya,2024-02-18,0.5265884592504462,1681,1681
Vavuniya,2024-03-05,0.6415649018441405,1681,1681
Vavuniya,2024-03-21,0.6202196906603212,1681,1681
