row,year,week_no,week_start,district,ndvi
0,2013,26,2013-05-15,Ampara,0.6258566924449732
0,2013,26,2013-05-15,Anuradhapura,0.6386332763236169
0,2013,26,2013-05-15,Badulla,0.809517874405116
0,2013,26,2013-05-15,Batticaloa,0.6617837280636526
0,2013,26,2013-05-15,Colombo,0.5397932387715646
0,2013,26,2013-05-15,Galle,0.6071126747471743
0,2013,26,2013-05-15,Gampaha,0.6194146099791791
0,2013,26,2013-05-15,Hambantota,0.6600771490184414
0,2013,26,2013-05-15,Jaffna,0.3793855083052106
0,2013,26,2013-05-15,Kalutara,0.5612013310529447
0,2013,26,2013-05-15,Kandy,0.7128952799672814
0,2013,26,2013-05-15,Kegalle,0.7388341965348008
0,2013,26,2013-05-15,Kilinochchi,0.4675625875213669
0,2013,26,2013-05-15,Kurunegala,0.7122148033164784
0,2013,26,2013-05-15,Mannar,0.7557288555919096
0,2013,26,2013-05-15,Matale,0.794597244943486
0,2013,26,2013-05-15,Matara,0.657221508774539
0,2013,26,2013-05-15,Moneragala,0.8045172962522308
0,2013,26,2013-05-15,Mullaitivu,0.7641061960886377
0,2013,26,2013-05-15,NuwaraEliya,0.7319039857227841
0,2013,26,2013-05-15,Polonnaruwa,0.572295482599643
0,2013,26,2013-05-15,Puttalam,0.6549178465199287
0,2013,26,2013-05-15,Ratnapura,0.6553776676829268
0,2013,26,2013-05-15,Trincomalee,0.7480967404699441
0,2013,26,2013-05-15,Vavuniya,0.7094797683670434
1,2013,27,2013-06-22,Ampara,0.6487805417162403
1,2013,27,2013-06-22,Anuradhapura,0.5714166381618084
1,2013,27,2013-06-22,Badulla,0.7689088284503272
1,2013,27,2013-06-22,Batticaloa,0.5402764611838192
1,2013,27,2013-06-22,Colombo,0.44890519965794173
1,2013,27,2013-06-22,Galle,0.6149267233045806
1,2013,27,2013-06-22,Gampaha,0.4698339622992267
1,2013,27,2013-06-22,Hambantota,0.6604121778554166
1,2013,27,2013-06-22,Jaffna,0.3254144336289838
1,2013,27,2013-06-22,Kalutara,0.47335199286139207
1,2013,27,2013-06-22,Kandy,0.5321051624776919
1,2013,27,2013-06-22,Kegalle,0.33564438764128496
1,2013,27,2013-06-22,Kilinochchi,0.412960360726138
1,2013,27,2013-06-22,Kurunegala,0.62225189433373
1,2013,27,2013-06-22,Mannar,0.7023583042088043
1,2013,27,2013-06-22,Matale,0.7311987228584176
1,2013,27,2013-06-22,Matara,0.6320112488845926
1,2013,27,2013-06-22,Moneragala,0.704362265764426
1,2013,27,2013-06-22,Mullaitivu,0.7125503178911363
1,2013,27,2013-06-22,NuwaraEliya,0.2349539039262344
1,2013,27,2013-06-22,Polonnaruwa,0.7091574472040453
1,2013,27,2013-06-22,Puttalam,0.5691440641731113
1,2013,27,2013-06-22,Ratnapura,0.6103792887418203
1,2013,27,2013-06-22,Trincomalee,0.6950631038900773
1,2013,27,2013-06-22,Vavuniya,0.5516485239440809
2,2013,28,2013-06-29,Ampara,0.6554562295508627
2,2013,28,2013-06-29,Anuradhapura,0.548301490928019
2,2013,28,2013-06-29,Badulla,0.7412245519779893
2,2013,28,2013-06-29,Batticaloa,0.5238251598750744
2,2013,28,2013-06-29,Colombo,0.5017521545954788
2,2013,28,2013-06-29,Galle,0.675437605963712
2,2013,28,2013-06-29,Gampaha,0.4963528387120762
2,2013,28,2013-06-29,Hambantota,0.6211594293636444
2,2013,28,2013-06-29,Jaffna,0.3008015991431149
2,2013,28,2013-06-29,Kalutara,0.34764265318262944
2,2013,28,2013-06-29,Kandy,0.6219581108715051
2,2013,28,2013-06-29,Kegalle,0.38783111057406305
2,2013,28,2013-06-29,Kilinochchi,0.41490061044734505
2,2013,28,2013-06-29,Kurunegala,0.5554392939470554
2,2013,28,2013-06-29,Mannar,0.7279825568857823
2,2013,28,2013-06-29,Matale,0.7219741876115408
2,2013,28,2013-06-29,Matara,0.6152540619422964
2,2013,28,2013-06-29,Moneragala,0.6876641322129685
2,2013,28,2013-06-29,Mullaitivu,0.6918215366597263
2,2013,28,2013-06-29,NuwaraEliya,0.23176736317668056
2,2013,28,2013-06-29,Polonnaruwa,0.7259901881320643
2,2013,28,2013-06-29,Puttalam,0.5499503067370612
2,2013,28,2013-06-29,Ratnapura,0.5798804896638906
2,2013,28,2013-06-29,Trincomalee,0.7148001210207168
2,2013,28,2013-06-29,Vavuniya,0.5496782904521119
3,2013,29,2013-07-06,Ampara,0.6721884964306961
3,2013,29,2013-07-06,Anuradhapura,0.5562232878494944
3,2013,29,2013-07-06,Badulla,0.7544227840571088
3,2013,29,2013-07-06,Batticaloa,0.5292373196757882
3,2013,29,2013-07-06,Colombo,0.5022799505502676
3,2013,29,2013-07-06,Galle,0.6245625278851874
3,2013,29,2013-07-06,Gampaha,0.5785492359458656
3,2013,29,2013-07-06,Hambantota,0.6086711202409281
3,2013,29,2013-07-06,Jaffna,0.2870150592073681
3,2013,29,2013-07-06,Kalutara,0.42638391210588933
3,2013,29,2013-07-06,Kandy,0.6197351985425342
3,2013,29,2013-07-06,Kegalle,0.4727307889649019
3,2013,29,2013-07-06,Kilinochchi,0.3996962231471271
3,2013,29,2013-07-06,Kurunegala,0.5843637064991077
3,2013,29,2013-07-06,Mannar,0.7303393311273052
3,2013,29,2013-07-06,Matale,0.7330452576591315
3,2013,29,2013-07-06,Matara,0.6796904614069007
3,2013,29,2013-07-06,Moneragala,0.6911207707465794
3,2013,29,2013-07-06,Mullaitivu,0.6849419132956573
3,2013,29,2013-07-06,NuwaraEliya,0.27830238883105296
3,2013,29,2013-07-06,Polonnaruwa,0.7383921531082689
3,2013,29,2013-07-06,Puttalam,0.5573369311421773
3,2013,29,2013-07-06,Ratnapura,0.5923287849494349
3,2013,29,2013-07-06,Trincomalee,0.7163771813579511
3,2013,29,2013-07-06,Vavuniya,0.5651458953004165
4,2013,30,2013-07-13,Ampara,0.6916634666864961
4,2013,30,2013-07-13,Anuradhapura,0.5726097059042238
4,2013,30,2013-07-13,Badulla,0.7787707911957169
4,2013,30,2013-07-13,Batticaloa,0.5406122415972635
4,2013,30,2013-07-13,Colombo,0.488538884964307
4,2013,30,2013-07-13,Galle,0.5433094605145746
4,2013,30,2013-07-13,Gampaha,0.6759304115853659
4,2013,30,2013-07-13,Hambantota,0.6034822036734088
4,2013,30,2013-07-13,Jaffna,0.2761811450580182
4,2013,30,2013-07-13,Kalutara,0.5608844251933373
4,2013,30,2013-07-13,Kandy,0.5924006878346223
4,2013,30,2013-07-13,Kegalle,0.5665521824806663
4,2013,30,2013-07-13,Kilinochchi,0.3798160257501568
4,2013,30,2013-07-13,Kurunegala,0.6393982134889946
4,2013,30,2013-07-13,Mannar,0.7263504294318858
4,2013,30,2013-07-13,Matale,0.7496514927870316
4,2013,30,2013-07-13,Matara,0.7662705662552053
4,2013,30,2013-07-13,Moneragala,0.7000741653033908
4,2013,30,2013-07-13,Mullaitivu,0.6818393329863177
4,2013,30,2013-07-13,NuwaraEliya,0.33839784168649617
4,2013,30,2013-07-13,Polonnaruwa,0.7495857246430696
4,2013,30,2013-07-13,Puttalam,0.5719727505948841
4,2013,30,2013-07-13,Ratnapura,0.6164899241522903
4,2013,30,2013-07-13,Trincomalee,0.7130015262060752
4,2013,30,2013-07-13,Vavuniya,0.585369274241523
5,2013,31,2013-07-20,Ampara,0.6965615277364664
5,2013,31,2013-07-20,Anuradhapura,0.5750834547888163
5,2013,31,2013-07-20,Badulla,0.7834818671921476
5,2013,31,2013-07-20,Batticaloa,0.537087009220702
5,2013,31,2013-07-20,Colombo,0.47755315846222485
5,2013,31,2013-07-20,Galle,0.5213934302498513
5,2013,31,2013-07-20,Gampaha,0.6803693058447353
5,2013,31,2013-07-20,Hambantota,0.5929755930249851
5,2013,31,2013-07-20,Jaffna,0.28783093515027525
5,2013,31,2013-07-20,Kalutara,0.6007230684860202
5,2013,31,2013-07-20,Kandy,0.5967296084919691
5,2013,31,2013-07-20,Kegalle,0.5922172311867937
5,2013,31,2013-07-20,Kilinochchi,0.3709300163587518
5,2013,31,2013-07-20,Kurunegala,0.662794859830458
5,2013,31,2013-07-20,Mannar,0.7291448077781083
5,2013,31,2013-07-20,Matale,0.7578401732599644
5,2013,31,2013-07-20,Matara,0.7688509183521713
5,2013,31,2013-07-20,Moneragala,0.6990058819155265
5,2013,31,2013-07-20,Mullaitivu,0.6891841017251636
5,2013,31,2013-07-20,NuwaraEliya,0.4409533462224866
5,2013,31,2013-07-20,Polonnaruwa,0.7498074156008329
5,2013,31,2013-07-20,Puttalam,0.5693628848155861
5,2013,31,2013-07-20,Ratnapura,0.6355068987953598
5,2013,31,2013-07-20,Trincomalee,0.7092092558814771
5,2013,31,2013-07-20,Vavuniya,0.5870797144556812
6,2013,32,2013-07-27,Ampara,0.6868826795806068
6,2013,32,2013-07-27,Anuradhapura,0.5636445345032719
6,2013,32,2013-07-27,Badulla,0.768556012046401
6,2013,32,2013-07-27,Batticaloa,0.5186616225461036
6,2013,32,2013-07-27,Colombo,0.4693227710440214
6,2013,32,2013-07-27,Galle,0.5588144370910172
6,2013,32,2013-07-27,Gampaha,0.5918659187239739
6,2013,32,2013-07-27,Hambantota,0.5771512882956573
6,2013,32,2013-07-27,Jaffna,0.3219644294841391
6,2013,32,2013-07-27,Kalutara,0.5458998419839381
6,2013,32,2013-07-27,Kandy,0.6327219605145746
6,2013,32,2013-07-27,Kegalle,0.5497259350832838
6,2013,32,2013-07-27,Kilinochchi,0.3730381949729119
6,2013,32,2013-07-27,Kurunegala,0.6545536455234979
6,2013,32,2013-07-27,Mannar,0.7387224661659727
6,2013,32,2013-07-27,Matale,0.7576112990779299
6,2013,32,2013-07-27,Matara,0.687431517697799
6,2013,32,2013-07-27,Moneragala,0.6879159205829863
6,2013,32,2013-07-27,Mullaitivu,0.7069762195121951
6,2013,32,2013-07-27,NuwaraEliya,0.5859689024390244
6,2013,32,2013-07-27,Polonnaruwa,0.7390572259815587
6,2013,32,2013-07-27,Puttalam,0.5495073338042832
6,2013,32,2013-07-27,Ratnapura,0.6493797088786436
6,2013,32,2013-07-27,Trincomalee,0.7050003703841573
6,2013,32,2013-07-27,Vavuniya,0.5702772159428912
7,2013,33,2013-08-03,Ampara,0.6788252658387864
7,2013,33,2013-08-03,Anuradhapura,0.5569970813503866
7,2013,33,2013-08-03,Badulla,0.7553025487061275
7,2013,33,2013-08-03,Batticaloa,0.5063084752379536
7,2013,33,2013-08-03,Colombo,0.46847094363474123
7,2013,33,2013-08-03,Galle,0.5910559432629388
7,2013,33,2013-08-03,Gampaha,0.5239073728435455
7,2013,33,2013-08-03,Hambantota,0.5567102959694215
7,2013,33,2013-08-03,Jaffna,0.3489559004963047
7,2013,33,2013-08-03,Kalutara,0.5142997676234384
7,2013,33,2013-08-03,Kandy,0.6681111001635931
7,2013,33,2013-08-03,Kegalle,0.5286449803276643
7,2013,33,2013-08-03,Kilinochchi,0.3739655637213744
7,2013,33,2013-08-03,Kurunegala,0.6449684599940512
7,2013,33,2013-08-03,Mannar,0.7454802851725164
7,2013,33,2013-08-03,Matale,0.7548010652141582
7,2013,33,2013-08-03,Matara,0.6342997099940512
7,2013,33,2013-08-03,Moneragala,0.677154653108269
7,2013,33,2013-08-03,Mullaitivu,0.7199631618084474
7,2013,33,2013-08-03,NuwaraEliya,0.6912969158982749
7,2013,33,2013-08-03,Polonnaruwa,0.7216799431142178
7,2013,33,2013-08-03,Puttalam,0.5254507120017846
7,2013,33,2013-08-03,Ratnapura,0.6678694359756098
7,2013,33,2013-08-03,Trincomalee,0.7038213099657722
7,2013,33,2013-08-03,Vavuniya,0.558035133477097
8,2013,34,2013-08-10,Ampara,0.67671311161511
8,2013,34,2013-08-10,Anuradhapura,0.5679183410172516
8,2013,34,2013-08-10,Badulla,0.7481811886525879
8,2013,34,2013-08-10,Batticaloa,0.5162202056067817
8,2013,34,2013-08-10,Colombo,0.4946738362581797
8,2013,34,2013-08-10,Galle,0.6043059469809637
8,2013,34,2013-08-10,Gampaha,0.5312799115110053
8,2013,34,2013-08-10,Hambantota,0.5193414491211893
8,2013,34,2013-08-10,Jaffna,0.34975995266224313
8,2013,34,2013-08-10,Kalutara,0.5678512511154076
8,2013,34,2013-08-10,Kandy,0.7012884611094586
8,2013,34,2013-08-10,Kegalle,0.5860686105143091
8,2013,34,2013-08-10,Kilinochchi,0.3705632962956122
8,2013,34,2013-08-10,Kurunegala,0.6304553799821535
8,2013,34,2013-08-10,Mannar,0.7418986931142177
8,2013,34,2013-08-10,Matale,0.7425258458506842
8,2013,34,2013-08-10,Matara,0.6848890764425937
8,2013,34,2013-08-10,Moneragala,0.6675985964455682
8,2013,34,2013-08-10,Mullaitivu,0.7153311273051756
8,2013,34,2013-08-10,NuwaraEliya,0.6511039392474718
8,2013,34,2013-08-10,Polonnaruwa,0.6800033183372993
8,2013,34,2013-08-10,Puttalam,0.48599016396490186
8,2013,34,2013-08-10,Ratnapura,0.703287858789411
8,2013,34,2013-08-10,Trincomalee,0.7137516081701476
8,2013,34,2013-08-10,Vavuniya,0.5625145765169542
9,2013,35,2013-08-17,Ampara,0.6746009573914337
9,2013,35,2013-08-17,Anuradhapura,0.5788396006841167
9,2013,35,2013-08-17,Badulla,0.7410598285990482
9,2013,35,2013-08-17,Batticaloa,0.5261319359756098
9,2013,35,2013-08-17,Colombo,0.5208767288816182
9,2013,35,2013-08-17,Galle,0.6175559506989887
9,2013,35,2013-08-17,Gampaha,0.5386524501784652
9,2013,35,2013-08-17,Hambantota,0.4819726022729571
9,2013,35,2013-08-17,Jaffna,0.3505640048281815
9,2013,35,2013-08-17,Kalutara,0.6214027346073766
9,2013,35,2013-08-17,Kandy,0.7344658220553242
9,2013,35,2013-08-17,Kegalle,0.643492240700954
9,2013,35,2013-08-17,Kilinochchi,0.36716102886984997
9,2013,35,2013-08-17,Kurunegala,0.6159422999702557
9,2013,35,2013-08-17,Mannar,0.7383171010559192
9,2013,35,2013-08-17,Matale,0.7302506264872101
9,2013,35,2013-08-17,Matara,0.7354784428911363
9,2013,35,2013-08-17,Moneragala,0.6580425397828674
9,2013,35,2013-08-17,Mullaitivu,0.7106990928019037
9,2013,35,2013-08-17,NuwaraEliya,0.6109109625966687
9,2013,35,2013-08-17,Polonnaruwa,0.6383266935603809
9,2013,35,2013-08-17,Puttalam,0.4465296159280191
9,2013,35,2013-08-17,Ratnapura,0.7387062816032124
9,2013,35,2013-08-17,Trincomalee,0.7236819063745231
9,2013,35,2013-08-17,Vavuniya,0.5669940195568115
10,2013,36,2013-08-24,Ampara,0.6614856632956574
10,2013,36,2013-08-24,Anuradhapura,0.5421056086406901
10,2013,36,2013-08-24,Badulla,0.7482367043426532
10,2013,36,2013-08-24,Batticaloa,0.5094864612773238
10,2013,36,2013-08-24,Colombo,0.5671745445419394
10,2013,36,2013-08-24,Galle,0.6357374814098751
10,2013,36,2013-08-24,Gampaha,0.5979283443634741
10,2013,36,2013-08-24,Hambantota,0.446341585334593
10,2013,36,2013-08-24,Jaffna,0.34381283308383237
10,2013,36,2013-08-24,Kalutara,0.5684737972189173
10,2013,36,2013-08-24,Kandy,0.7329845720553242
10,2013,36,2013-08-24,Kegalle,0.7174740776443125
10,2013,36,2013-08-24,Kilinochchi,0.36659657632727877
10,2013,36,2013-08-24,Kurunegala,0.62464873958953
10,2013,36,2013-08-24,Mannar,0.6491136451516955
10,2013,36,2013-08-24,Matale,0.7340010633551458
10,2013,36,2013-08-24,Matara,0.66827000297442
10,2013,36,2013-08-24,Moneragala,0.6623790005948841
10,2013,36,2013-08-24,Mullaitivu,0.6881045006692446
10,2013,36,2013-08-24,NuwaraEliya,0.6143132510410471
10,2013,36,2013-08-24,Polonnaruwa,0.5839897140838787
10,2013,36,2013-08-24,Puttalam,0.45372029483938137
10,2013,36,2013-08-24,Ratnapura,0.7304341723676383
10,2013,36,2013-08-24,Trincomalee,0.6944677722908761
10,2013,36,2013-08-24,Vavuniya,0.5210705736912552
11,2013,37,2013-08-31,Ampara,0.6475239738251041
11,2013,37,2013-08-31,Anuradhapura,0.5017058280041642
11,2013,37,2013-08-31,Badulla,0.7565134443783462
11,2013,37,2013-08-31,Batticaloa,0.49079812465079814
11,2013,37,2013-08-31,Colombo,0.61501812351279
11,2013,37,2013-08-31,Galle,0.6542983603509815
11,2013,37,2013-08-31,Gampaha,0.6611968043575253
11,2013,37,2013-08-31,Hambantota,0.410844247620065
11,2013,37,2013-08-31,Jaffna,0.33648049026946114
11,2013,37,2013-08-31,Kalutara,0.5073540582242713
11,2013,37,2013-08-31,Kandy,0.7288372750594884
11,2013,37,2013-08-31,Kegalle,0.7927296227997259
11,2013,37,2013-08-31,Kilinochchi,0.36625041723726076
11,2013,37,2013-08-31,Kurunegala,0.6351412961035099
11,2013,37,2013-08-31,Mannar,0.5533238920285545
11,2013,37,2013-08-31,Matale,0.7389842430101131
11,2013,37,2013-08-31,Matara,0.5920001933372993
11,2013,37,2013-08-31,Moneragala,0.6677841165972636
11,2013,37,2013-08-31,Mullaitivu,0.6641281733343248
11,2013,37,2013-08-31,NuwaraEliya,0.621069021415824
11,2013,37,2013-08-31,Polonnaruwa,0.528678861168947
11,2013,37,2013-08-31,Puttalam,0.46449952966983943
11,2013,37,2013-08-31,Ratnapura,0.71880125297442
11,2013,37,2013-08-31,Trincomalee,0.6622425280312274
11,2013,37,2013-08-31,Vavuniya,0.47126998252528257
12,2013,38,2013-09-07,Ampara,0.6448264265815921
12,2013,38,2013-09-07,Anuradhapura,0.5281795341314695
12,2013,38,2013-09-07,Badulla,0.765494263087448
12,2013,38,2013-09-07,Batticaloa,0.47885753785178603
12,2013,38,2013-09-07,Colombo,0.6171834399167162
12,2013,38,2013-09-07,Galle,0.6492779756947396
12,2013,38,2013-09-07,Gampaha,0.6680206480517549
12,2013,38,2013-09-07,Hambantota,0.44323022196609163
12,2013,38,2013-09-07,Jaffna,0.3325593290713728
12,2013,38,2013-09-07,Kalutara,0.5466859774687686
12,2013,38,2013-09-07,Kandy,0.7343258439916717
12,2013,38,2013-09-07,Kegalle,0.8003177052349791
12,2013,38,2013-09-07,Kilinochchi,0.3639202529587441
12,2013,38,2013-09-07,Kurunegala,0.6352353156603213
12,2013,38,2013-09-07,Mannar,0.5797341791688766
12,2013,38,2013-09-07,Matale,0.7488519370910173
12,2013,38,2013-09-07,Matara,0.6098012306662701
12,2013,38,2013-09-07,Moneragala,0.6674670081052945
12,2013,38,2013-09-07,Mullaitivu,0.6789875520523498
12,2013,38,2013-09-07,NuwaraEliya,0.6579934469809637
12,2013,38,2013-09-07,Polonnaruwa,0.5105016582391434
12,2013,38,2013-09-07,Puttalam,0.5094055491522903
12,2013,38,2013-09-07,Ratnapura,0.708194017697799
12,2013,38,2013-09-07,Trincomalee,0.6539075722446828
12,2013,38,2013-09-07,Vavuniya,0.5051289020672218
13,2013,39,2013-09-14,Ampara,0.6483867361308805
13,2013,39,2013-09-14,Anuradhapura,0.5918051773497919
13,2013,39,2013-09-14,Badulla,0.7748662366151101
13,2013,39,2013-09-14,Batticaloa,0.4706657009569481
13,2013,39,2013-09-14,Colombo,0.5939719437834623
13,2013,39,2013-09-14,Galle,0.6311568890399706
13,2013,39,2013-09-14,Gampaha,0.643486371579417
13,2013,39,2013-09-14,Hambantota,0.5133291474568709
13,2013,39,2013-09-14,Jaffna,0.3305332687712196
13,2013,39,2013-09-14,Kalutara,0.64182437351279
13,2013,39,2013-09-14,Kandy,0.7451676717727543
13,2013,39,2013-09-14,Kegalle,0.770312752825699
13,2013,39,2013-09-14,Kilinochchi,0.360487863575506
13,2013,39,2013-09-14,Kurunegala,0.629552370240928
13,2013,39,2013-09-14,Mannar,0.674033377566678
13,2013,39,2013-09-14,Matale,0.761433250297442
13,2013,39,2013-09-14,Matara,0.6798638496430697
13,2013,39,2013-09-14,Moneragala,0.663970886005354
13,2013,39,2013-09-14,Mullaitivu,0.7154223230220107
13,2013,39,2013-09-14,NuwaraEliya,0.7116782365407497
13,2013,39,2013-09-14,Polonnaruwa,0.512954260856633
13,2013,39,2013-09-14,Puttalam,0.573270893441404
13,2013,39,2013-09-14,Ratnapura,0.6981566069303986
13,2013,39,2013-09-14,Trincomalee,0.6588449989431961
13,2013,39,2013-09-14,Vavuniya,0.5854653275580012
14,2013,40,2013-09-21,Ampara,0.6453870968923072
14,2013,40,2013-09-21,Anuradhapura,0.6281692575104105
14,2013,40,2013-09-21,Badulla,0.7809690994943487
14,2013,40,2013-09-21,Batticaloa,0.46254034091679586
14,2013,40,2013-09-21,Colombo,0.5826054896638906
14,2013,40,2013-09-21,Galle,0.6436928875244328
14,2013,40,2013-09-21,Gampaha,0.6228669151546699
14,2013,40,2013-09-21,Hambantota,0.5536934655710886
14,2013,40,2013-09-21,Jaffna,0.33938019449549756
14,2013,40,2013-09-21,Kalutara,0.7038923687537181
14,2013,40,2013-09-21,Kandy,0.7528786436644854
14,2013,40,2013-09-21,Kegalle,0.7582070791195717
14,2013,40,2013-09-21,Kilinochchi,0.3578500305198354
14,2013,40,2013-09-21,Kurunegala,0.6367231298334325
14,2013,40,2013-09-21,Mannar,0.7399185807844404
14,2013,40,2013-09-21,Matale,0.7699365593396787
14,2013,40,2013-09-21,Matara,0.7278755223825105
14,2013,40,2013-09-21,Moneragala,0.6593461295359906
14,2013,40,2013-09-21,Mullaitivu,0.7378839195419393
14,2013,40,2013-09-21,NuwaraEliya,0.7536207781826295
14,2013,40,2013-09-21,Polonnaruwa,0.5150123066627008
14,2013,40,2013-09-21,Puttalam,0.624627407421178
14,2013,40,2013-09-21,Ratnapura,0.7056311124330756
14,2013,40,2013-09-21,Trincomalee,0.6624942376038081
14,2013,40,2013-09-21,Vavuniya,0.6342392530487806
15,2013,41,2013-09-28,Ampara,0.6305795498355826
15,2013,41,2013-09-28,Anuradhapura,0.6154625241671625
15,2013,41,2013-09-28,Badulla,0.7811875632064248
15,2013,41,2013-09-28,Batticaloa,0.45453463921507786
15,2013,41,2013-09-28,Colombo,0.5925601111689471
15,2013,41,2013-09-28,Galle,0.7114116392595111
15,2013,41,2013-09-28,Gampaha,0.609294134815586
15,2013,41,2013-09-28,Hambantota,0.5405354904074955
15,2013,41,2013-09-28,Jaffna,0.3677984950637518
15,2013,41,2013-09-28,Kalutara,0.7064336425490779
15,2013,41,2013-09-28,Kandy,0.7549540749553837
15,2013,41,2013-09-28,Kegalle,0.7783201070791196
15,2013,41,2013-09-28,Kilinochchi,0.3566423988537864
15,2013,41,2013-09-28,Kurunegala,0.6670305584473528
15,2013,41,2013-09-28,Mannar,0.754658592678132
15,2013,41,2013-09-28,Matale,0.7710994608863772
15,2013,41,2013-09-28,Matara,0.7361954918947056
15,2013,41,2013-09-28,Moneragala,0.6526898312016657
15,2013,41,2013-09-28,Mullaitivu,0.7351938020523499
15,2013,41,2013-09-28,NuwaraEliya,0.7744272735722785
15,2013,41,2013-09-28,Polonnaruwa,0.5163601502082095
15,2013,41,2013-09-28,Puttalam,0.6534680268441404
15,2013,41,2013-09-28,Ratnapura,0.7446270672218919
15,2013,41,2013-09-28,Trincomalee,0.6638247377961976
15,2013,41,2013-09-28,Vavuniya,0.6262006785395599
16,2013,42,2013-10-05,Ampara,0.6183124163444378
16,2013,42,2013-10-05,Anuradhapura,0.6005015745835812
16,2013,42,2013-10-05,Badulla,0.7815430379982153
16,2013,42,2013-10-05,Batticaloa,0.44724496662839924
16,2013,42,2013-10-05,Colombo,0.5994371244794766
16,2013,42,2013-10-05,Galle,0.7711974643069601
16,2013,42,2013-10-05,Gampaha,0.5962766675342058
16,2013,42,2013-10-05,Hambantota,0.5321805472932778
16,2013,42,2013-10-05,Jaffna,0.3935741392380372
16,2013,42,2013-10-05,Kalutara,0.7060073765615705
16,2013,42,2013-10-05,Kandy,0.7557499442296252
16,2013,42,2013-10-05,Kegalle,0.7958782439767996
16,2013,42,2013-10-05,Kilinochchi,0.35460816374221016
16,2013,42,2013-10-05,Kurunegala,0.6924526844140393
16,2013,42,2013-10-05,Mannar,0.7672226000148721
16,2013,42,2013-10-05,Matale,0.7714242545359906
16,2013,42,2013-10-05,Matara,0.7430106127880585
16,2013,42,2013-10-05,Moneragala,0.6487388440660321
16,2013,42,2013-10-05,Mullaitivu,0.7341065976353361
16,2013,42,2013-10-05,NuwaraEliya,0.7918400152439025
16,2013,42,2013-10-05,Polonnaruwa,0.5185425955532421
16,2013,42,2013-10-05,Puttalam,0.6806984607376562
16,2013,42,2013-10-05,Ratnapura,0.7802847356484237
16,2013,42,2013-10-05,Trincomalee,0.6664328526563346
16,2013,42,2013-10-05,Vavuniya,0.6213782421177871
17,2013,43,2013-10-12,Ampara,0.63907065920583
17,2013,43,2013-10-12,Anuradhapura,0.5562358138756693
17,2013,43,2013-10-12,Badulla,0.7836796568262939
17,2013,43,2013-10-12,Batticaloa,0.44926367253723165
17,2013,43,2013-10-12,Colombo,0.5663052312611542
17,2013,43,2013-10-12,Galle,0.727855242415229
17,2013,43,2013-10-12,Gampaha,0.5904782700029745
17,2013,43,2013-10-12,Hambantota,0.5862650208209399
17,2013,43,2013-10-12,Jaffna,0.38499525029072734
17,2013,43,2013-10-12,Kalutara,0.6670030933967876
17,2013,43,2013-10-12,Kandy,0.739911507287329
17,2013,43,2013-10-12,Kegalle,0.7802227970701964
17,2013,43,2013-10-12,Kilinochchi,0.3418280838387803
17,2013,43,2013-10-12,Kurunegala,0.6543658759666865
17,2013,43,2013-10-12,Mannar,0.7514985481112433
17,2013,43,2013-10-12,Matale,0.760853645523498
17,2013,43,2013-10-12,Matara,0.7302627016364621
17,2013,43,2013-10-12,Moneragala,0.6799569025133849
17,2013,43,2013-10-12,Mullaitivu,0.7538572631618085
17,2013,43,2013-10-12,NuwaraEliya,0.7651339585812017
17,2013,43,2013-10-12,Polonnaruwa,0.531574864292088
17,2013,43,2013-10-12,Puttalam,0.6869964827483641
17,2013,43,2013-10-12,Ratnapura,0.7725446813652588
17,2013,43,2013-10-12,Trincomalee,0.6856499581971908
17,2013,43,2013-10-12,Vavuniya,0.6583656008328377
18,2013,44,2013-10-19,Ampara,0.659828902067222
18,2013,44,2013-10-19,Anuradhapura,0.5119700531677573
18,2013,44,2013-10-19,Badulla,0.7858162756543725
18,2013,44,2013-10-19,Batticaloa,0.4512823784460641
18,2013,44,2013-10-19,Colombo,0.5331733380428316
18,2013,44,2013-10-19,Galle,0.6845130205234979
18,2013,44,2013-10-19,Gampaha,0.5846798724717431
18,2013,44,2013-10-19,Hambantota,0.640349494348602
18,2013,44,2013-10-19,Jaffna,0.37641636134341755
18,2013,44,2013-10-19,Kalutara,0.6279988102320049
18,2013,44,2013-10-19,Kandy,0.7240730703450327
18,2013,44,2013-10-19,Kegalle,0.7645673501635931
18,2013,44,2013-10-19,Kilinochchi,0.3290480039353504
18,2013,44,2013-10-19,Kurunegala,0.6162790675193337
18,2013,44,2013-10-19,Mannar,0.7357744962076145
18,2013,44,2013-10-19,Matale,0.7502830365110054
18,2013,44,2013-10-19,Matara,0.7175147904848659
18,2013,44,2013-10-19,Moneragala,0.7111749609607377
18,2013,44,2013-10-19,Mullaitivu,0.7736079286882809
18,2013,44,2013-10-19,NuwaraEliya,0.7384279019185009
18,2013,44,2013-10-19,Polonnaruwa,0.544607133030934
18,2013,44,2013-10-19,Puttalam,0.693294504759072
18,2013,44,2013-10-19,Ratnapura,0.7648046270820941
18,2013,44,2013-10-19,Trincomalee,0.704867063738047
18,2013,44,2013-10-19,Vavuniya,0.6953529595478882
19,2013,45,2013-10-26,Ampara,0.6412014723378942
19,2013,45,2013-10-26,Anuradhapura,0.5030217523051755
19,2013,45,2013-10-26,Badulla,0.7743244078851449
19,2013,45,2013-10-26,Batticaloa,0.4686861965819925
19,2013,45,2013-10-26,Colombo,0.5857491578673408
19,2013,45,2013-10-26,Galle,0.7056985629833433
19,2013,45,2013-10-26,Gampaha,0.6304263273349198
19,2013,45,2013-10-26,Hambantota,0.6788035450239547
19,2013,45,2013-10-26,Jaffna,0.36769247670673566
19,2013,45,2013-10-26,Kalutara,0.6874786975758478
19,2013,45,2013-10-26,Kandy,0.7144803316478286
19,2013,45,2013-10-26,Kegalle,0.7414674356781679
19,2013,45,2013-10-26,Kilinochchi,0.34372416109924026
19,2013,45,2013-10-26,Kurunegala,0.6447422308448681
19,2013,45,2013-10-26,Mannar,0.6450459733789411
19,2013,45,2013-10-26,Matale,0.7506937983343248
19,2013,45,2013-10-26,Matara,0.7483970840459548
19,2013,45,2013-10-26,Moneragala,0.7198854309190958
19,2013,45,2013-10-26,Mullaitivu,0.7513142830264635
19,2013,45,2013-10-26,NuwaraEliya,0.7468239347858417
19,2013,45,2013-10-26,Polonnaruwa,0.5577725256543724
19,2013,45,2013-10-26,Puttalam,0.6980293538072576
19,2013,45,2013-10-26,Ratnapura,0.7801401360797144
19,2013,45,2013-10-26,Trincomalee,0.6684281784925997
19,2013,45,2013-10-26,Vavuniya,0.6996372806365259
20,2013,46,2013-11-02,Ampara,0.61183249553837
20,2013,46,2013-11-02,Anuradhapura,0.5037054859458656
20,2013,46,2013-11-02,Badulla,0.7591156801348339
20,2013,46,2013-11-02,Batticaloa,0.4902859544162197
20,2013,46,2013-11-02,Colombo,0.6616998085217133
20,2013,46,2013-11-02,Galle,0.7444825866299822
20,2013,46,2013-11-02,Gampaha,0.6902304692147532
20,2013,46,2013-11-02,Hambantota,0.7129947531032229
20,2013,46,2013-11-02,Jaffna,0.3589290477911341
20,2013,46,2013-11-02,Kalutara,0.7738179041493158
20,2013,46,2013-11-02,Kandy,0.7065909651992861
20,2013,46,2013-11-02,Kegalle,0.7163372118530638
20,2013,46,2013-11-02,Kilinochchi,0.36588838291785375
20,2013,46,2013-11-02,Kurunegala,0.6913553864720989
20,2013,46,2013-11-02,Mannar,0.5338616857525282
20,2013,46,2013-11-02,Matale,0.7540994794765021
20,2013,46,2013-11-02,Matara,0.791178524346867
20,2013,46,2013-11-02,Moneragala,0.7224574676531826
20,2013,46,2013-11-02,Mullaitivu,0.7175540070405673
20,2013,46,2013-11-02,NuwaraEliya,0.7647932647977395
20,2013,46,2013-11-02,Polonnaruwa,0.5709742247917906
20,2013,46,2013-11-02,Puttalam,0.7023378829565735
20,2013,46,2013-11-02,Ratnapura,0.8017689805175491
20,2013,46,2013-11-02,Trincomalee,0.6168103866690697
20,2013,46,2013-11-02,Vavuniya,0.6950025914634147
21,2013,47,2013-11-09,Ampara,0.5899604364961333
21,2013,47,2013-11-09,Anuradhapura,0.5357981670136823
21,2013,47,2013-11-09,Badulla,0.7679974896975942
21,2013,47,2013-11-09,Batticaloa,0.5306641804259951
21,2013,47,2013-11-09,Colombo,0.6953797869571684
21,2013,47,2013-11-09,Galle,0.7645768106781679
21,2013,47,2013-11-09,Gampaha,0.7302221984681737
21,2013,47,2013-11-09,Hambantota,0.7331516663538737
21,2013,47,2013-11-09,Jaffna,0.38180424544817926
21,2013,47,2013-11-09,Kalutara,0.8101288425788221
21,2013,47,2013-11-09,Kandy,0.7172443244348602
21,2013,47,2013-11-09,Kegalle,0.7240737526026176
21,2013,47,2013-11-09,Kilinochchi,0.39508198044311355
21,2013,47,2013-11-09,Kurunegala,0.7231152057760847
21,2013,47,2013-11-09,Mannar,0.5049843824360499
21,2013,47,2013-11-09,Matale,0.7663905748066627
21,2013,47,2013-11-09,Matara,0.7984801959399167
21,2013,47,2013-11-09,Moneragala,0.7310800304878049
21,2013,47,2013-11-09,Mullaitivu,0.6911858091672776
21,2013,47,2013-11-09,NuwaraEliya,0.7801639332986318
21,2013,47,2013-11-09,Polonnaruwa,0.5696180788964902
21,2013,47,2013-11-09,Puttalam,0.7113486782421179
21,2013,47,2013-11-09,Ratnapura,0.814697652067222
21,2013,47,2013-11-09,Trincomalee,0.6055129248658319
21,2013,47,2013-11-09,Vavuniya,0.6880498940362879
22,2013,48,2013-11-16,Ampara,0.5755852952111838
22,2013,48,2013-11-16,Anuradhapura,0.5992997955086259
22,2013,48,2013-11-16,Badulla,0.8009698365734257
22,2013,48,2013-11-16,Batticaloa,0.5898208746113184
22,2013,48,2013-11-16,Colombo,0.6867890931737062
22,2013,48,2013-11-16,Galle,0.7659812351279001
22,2013,48,2013-11-16,Gampaha,0.7504015150951815
22,2013,48,2013-11-16,Hambantota,0.7392742847759072
22,2013,48,2013-11-16,Jaffna,0.4363180696778711
22,2013,48,2013-11-16,Kalutara,0.7964115128643665
22,2013,48,2013-11-16,Kandy,0.7464404093545509
22,2013,48,2013-11-16,Kegalle,0.7646770579268294
22,2013,48,2013-11-16,Kilinochchi,0.43130495367501953
22,2013,48,2013-11-16,Kurunegala,0.7400216887568253
22,2013,48,2013-11-16,Mannar,0.5584140634295062
22,2013,48,2013-11-16,Matale,0.7875670843248067
22,2013,48,2013-11-16,Matara,0.7703020988251041
22,2013,48,2013-11-16,Moneragala,0.7457531194229625
22,2013,48,2013-11-16,Mullaitivu,0.6722096894065943
22,2013,48,2013-11-16,NuwaraEliya,0.7929359402885188
22,2013,48,2013-11-16,Polonnaruwa,0.5537040879684711
22,2013,48,2013-11-16,Puttalam,0.7250617396638906
22,2013,48,2013-11-16,Ratnapura,0.818926150728733
22,2013,48,2013-11-16,Trincomalee,0.6345357930828861
22,2013,48,2013-11-16,Vavuniya,0.6787791883551457
23,2013,49,2013-11-23,Ampara,0.5739934599940513
23,2013,49,2013-11-23,Anuradhapura,0.6517723527662106
23,2013,49,2013-11-23,Badulla,0.82360689135931
23,2013,49,2013-11-23,Batticaloa,0.6387278697364195
23,2013,49,2013-11-23,Colombo,0.6810631785395599
23,2013,49,2013-11-23,Galle,0.7599894761302797
23,2013,49,2013-11-23,Gampaha,0.7672054970999406
23,2013,49,2013-11-23,Hambantota,0.7452831711187438
23,2013,49,2013-11-23,Jaffna,0.48061511178583455
23,2013,49,2013-11-23,Kalutara,0.7774872992266508
23,2013,49,2013-11-23,Kandy,0.75485689879536
23,2013,49,2013-11-23,Kegalle,0.7885669411808448
23,2013,49,2013-11-23,Kilinochchi,0.4635704392300804
23,2013,49,2013-11-23,Kurunegala,0.7348248977543129
23,2013,49,2013-11-23,Mannar,0.6197049118064555
23,2013,49,2013-11-23,Matale,0.8017564805175491
23,2013,49,2013-11-23,Matara,0.7568384127751339
23,2013,49,2013-11-23,Moneragala,0.7603620333878645
23,2013,49,2013-11-23,Mullaitivu,0.6563158406454491
23,2013,49,2013-11-23,NuwaraEliya,0.7973368028703154
23,2013,49,2013-11-23,Polonnaruwa,0.5472022456870911
23,2013,49,2013-11-23,Puttalam,0.7417532346817372
23,2013,49,2013-11-23,Ratnapura,0.8217949118828078
23,2013,49,2013-11-23,Trincomalee,0.6720120766872257
23,2013,49,2013-11-23,Vavuniya,0.6814620036436645
24,2013,50,2013-11-30,Ampara,0.61927374702558
24,2013,50,2013-11-30,Anuradhapura,0.66380498215348
24,2013,50,2013-11-30,Badulla,0.8083478751487211
24,2013,50,2013-11-30,Batticaloa,0.650052634974039
24,2013,50,2013-11-30,Colombo,0.6858414541195718
24,2013,50,2013-11-30,Galle,0.7268783778256991
24,2013,50,2013-11-30,Gampaha,0.7716332521564545
24,2013,50,2013-11-30,Hambantota,0.7508750398378587
24,2013,50,2013-11-30,Jaffna,0.4874506194474602
24,2013,50,2013-11-30,Kalutara,0.7394711778703154
24,2013,50,2013-11-30,Kandy,0.6870815381469364
24,2013,50,2013-11-30,Kegalle,0.7511742768441404
24,2013,50,2013-11-30,Kilinochchi,0.4813251366367091
24,2013,50,2013-11-30,Kurunegala,0.6485827688132064
24,2013,50,2013-11-30,Mannar,0.709820040589546
24,2013,50,2013-11-30,Matale,0.7903264611838191
24,2013,50,2013-11-30,Matara,0.7973275672962523
24,2013,50,2013-11-30,Moneragala,0.774735639128495
24,2013,50,2013-11-30,Mullaitivu,0.6517236522159429
24,2013,50,2013-11-30,NuwaraEliya,0.7710434692891137
24,2013,50,2013-11-30,Polonnaruwa,0.5752116151100535
24,2013,50,2013-11-30,Puttalam,0.7693656528851874
24,2013,50,2013-11-30,Ratnapura,0.8196779688429507
24,2013,50,2013-11-30,Trincomalee,0.7404842167116119
24,2013,50,2013-11-30,Vavuniya,0.7279743958209399
25,2013,51,2013-12-07,Ampara,0.6645540340571089
25,2013,51,2013-12-07,Anuradhapura,0.6758376115407495
25,2013,51,2013-12-07,Badulla,0.7930888589381321
25,2013,51,2013-12-07,Batticaloa,0.6613774002116585
25,2013,51,2013-12-07,Colombo,0.6906197296995836
25,2013,51,2013-12-07,Galle,0.6937672795211184
25,2013,51,2013-12-07,Gampaha,0.7760610072129684
25,2013,51,2013-12-07,Hambantota,0.7564669085569737
25,2013,51,2013-12-07,Jaffna,0.4942861271090859
25,2013,51,2013-12-07,Kalutara,0.7014550565139798
25,2013,51,2013-12-07,Kandy,0.6193061774985128
25,2013,51,2013-12-07,Kegalle,0.7137816125074361
25,2013,51,2013-12-07,Kilinochchi,0.4990798340433379
25,2013,51,2013-12-07,Kurunegala,0.5623406398720999
25,2013,51,2013-12-07,Mannar,0.7999351693726364
25,2013,51,2013-12-07,Matale,0.7788964418500892
25,2013,51,2013-12-07,Matara,0.8378167218173707
25,2013,51,2013-12-07,Moneragala,0.7891092448691255
25,2013,51,2013-12-07,Mullaitivu,0.6471314637864367
25,2013,51,2013-12-07,NuwaraEliya,0.7447501357079119
25,2013,51,2013-12-07,Polonnaruwa,0.6032209845330161
25,2013,51,2013-12-07,Puttalam,0.7969780710886377
25,2013,51,2013-12-07,Ratnapura,0.8175610258030934
25,2013,51,2013-12-07,Trincomalee,0.8089563567359981
25,2013,51,2013-12-07,Vavuniya,0.7744867879982154
26,2013,52,2013-12-14,Ampara,0.5479343675639501
26,2013,52,2013-12-14,Anuradhapura,0.6442979829714456
26,2013,52,2013-12-14,Badulla,0.6273119943486021
26,2013,52,2013-12-14,Batticaloa,0.6445475241564951
26,2013,52,2013-12-14,Colombo,0.6895952762492564
26,2013,52,2013-12-14,Galle,0.7431217894854254
26,2013,52,2013-12-14,Gampaha,0.7721389351576443
26,2013,52,2013-12-14,Hambantota,0.7497916131764798
26,2013,52,2013-12-14,Jaffna,0.4881611390061821
26,2013,52,2013-12-14,Kalutara,0.7436550397828674
26,2013,52,2013-12-14,Kandy,0.6697278889054135
26,2013,52,2013-12-14,Kegalle,0.7600157885930994
26,2013,52,2013-12-14,Kilinochchi,0.5227092113335231
26,2013,52,2013-12-14,Kurunegala,0.6303763106038073
26,2013,52,2013-12-14,Mannar,0.796097205296725
26,2013,52,2013-12-14,Matale,0.6130686570493753
26,2013,52,2013-12-14,Matara,0.8322135875223082
26,2013,52,2013-12-14,Moneragala,0.7718502825698988
26,2013,52,2013-12-14,Mullaitivu,0.6826205383700179
26,2013,52,2013-12-14,NuwaraEliya,0.7610065474419988
26,2013,52,2013-12-14,Polonnaruwa,0.614380114143367
26,2013,52,2013-12-14,Puttalam,0.7860829193932184
26,2013,52,2013-12-14,Ratnapura,0.8058275338340274
26,2013,52,2013-12-14,Trincomalee,0.7241367288885113
26,2013,52,2013-12-14,Vavuniya,0.7350772810083284
27,2014,1,2013-12-21,Ampara,0.4188608584919691
27,2014,1,2013-12-21,Anuradhapura,0.609406642251636
27,2014,1,2013-12-21,Badulla,0.4499568337299227
27,2014,1,2013-12-21,Batticaloa,0.6255519064634254
27,2014,1,2013-12-21,Colombo,0.6881244590273646
27,2014,1,2013-12-21,Galle,0.7988198077781083
27,2014,1,2013-12-21,Gampaha,0.7675745687091018
27,2014,1,2013-12-21,Hambantota,0.7421726897883237
27,2014,1,2013-12-21,Jaffna,0.4810391896906221
27,2014,1,2013-12-21,Kalutara,0.7920254926383106
27,2014,1,2013-12-21,Kandy,0.7292416827781083
27,2014,1,2013-12-21,Kegalle,0.8126827985574063
27,2014,1,2013-12-21,Kilinochchi,0.5467904870762895
27,2014,1,2013-12-21,Kurunegala,0.7102795043872695
27,2014,1,2013-12-21,Mannar,0.7850320802316596
27,2014,1,2013-12-21,Matale,0.4353641210588935
27,2014,1,2013-12-21,Matara,0.8230648925490779
27,2014,1,2013-12-21,Moneragala,0.7521580458060679
27,2014,1,2013-12-21,Mullaitivu,0.7211927870315289
27,2014,1,2013-12-21,NuwaraEliya,0.780536016508031
27,2014,1,2013-12-21,Polonnaruwa,0.6242430714604402
27,2014,1,2013-12-21,Puttalam,0.7722256469363474
27,2014,1,2013-12-21,Ratnapura,0.7933543073319453
27,2014,1,2013-12-21,Trincomalee,0.6275254265893421
27,2014,1,2013-12-21,Vavuniya,0.689058397159429
28,2014,2,2013-12-28,Ampara,0.4495523108955293
28,2014,2,2013-12-28,Anuradhapura,0.5655255319635748
28,2014,2,2013-12-28,Badulla,0.49940767245915896
28,2014,2,2013-12-28,Batticaloa,0.5379937026676188
28,2014,2,2013-12-28,Colombo,0.6843257172928202
28,2014,2,2013-12-28,Galle,0.8192749668237771
28,2014,2,2013-12-28,Gampaha,0.7665220061318813
28,2014,2,2013-12-28,Hambantota,0.7270273319353981
28,2014,2,2013-12-28,Jaffna,0.4708819921708726
28,2014,2,2013-12-28,Kalutara,0.8063108818011258
28,2014,2,2013-12-28,Kandy,0.7577041870681371
28,2014,2,2013-12-28,Kegalle,0.824481480803551
28,2014,2,2013-12-28,Kilinochchi,0.5360121661954215
28,2014,2,2013-12-28,Kurunegala,0.7579519539651307
28,2014,2,2013-12-28,Mannar,0.7775984281334372
28,2014,2,2013-12-28,Matale,0.5056746510776553
28,2014,2,2013-12-28,Matara,0.8269200132704893
28,2014,2,2013-12-28,Moneragala,0.7723741866105341
28,2014,2,2013-12-28,Mullaitivu,0.6646705273344294
28,2014,2,2013-12-28,NuwaraEliya,0.7953869079760216
28,2014,2,2013-12-28,Polonnaruwa,0.6511842332860478
28,2014,2,2013-12-28,Puttalam,0.7483250377522537
28,2014,2,2013-12-28,Ratnapura,0.7951271404383837
28,2014,2,2013-12-28,Trincomalee,0.5633668263231129
28,2014,2,2013-12-28,Vavuniya,0.676236075138425
29,2014,3,2014-01-04,Ampara,0.5690020752299456
29,2014,3,2014-01-04,Anuradhapura,0.5166501052487072
29,2014,3,2014-01-04,Badulla,0.6748618441594594
29,2014,3,2014-01-04,Batticaloa,0.41234517325918074
29,2014,3,2014-01-04,Colombo,0.6792336841623576
29,2014,3,2014-01-04,Galle,0.8201507596211046
29,2014,3,2014-01-04,Gampaha,0.7674204457053951
29,2014,3,2014-01-04,Hambantota,0.7077006216020452
29,2014,3,2014-01-04,Jaffna,0.4590385456487957
29,2014,3,2014-01-04,Kalutara,0.8016601244680365
29,2014,3,2014-01-04,Kandy,0.7689159749233516
29,2014,3,2014-01-04,Kegalle,0.8135755365396056
29,2014,3,2014-01-04,Kilinochchi,0.5058674027458674
29,2014,3,2014-01-04,Kurunegala,0.7877184345398801
29,2014,3,2014-01-04,Mannar,0.7721822610167941
29,2014,3,2014-01-04,Matale,0.7137713288793301
29,2014,3,2014-01-04,Matara,0.8379994760444791
29,2014,3,2014-01-04,Moneragala,0.8147616482862766
29,2014,3,2014-01-04,Mullaitivu,0.5553179852158797
29,2014,3,2014-01-04,NuwaraEliya,0.8076385896673226
29,2014,3,2014-01-04,Polonnaruwa,0.6876132865052853
29,2014,3,2014-01-04,Puttalam,0.7188447970530363
29,2014,3,2014-01-04,Ratnapura,0.8048144511051114
29,2014,3,2014-01-04,Trincomalee,0.5172375049640725
29,2014,3,2014-01-04,Vavuniya,0.6818562874662518
30,2014,4,2014-01-11,Ampara,0.6075691980220107
30,2014,4,2014-01-11,Anuradhapura,0.5309348771772505
30,2014,4,2014-01-11,Badulla,0.7426992776342207
30,2014,4,2014-01-11,Batticaloa,0.4554557121054199
30,2014,4,2014-01-11,Colombo,0.6792349884741226
30,2014,4,2014-01-11,Galle,0.810781627379536
30,2014,4,2014-01-11,Gampaha,0.7471595776323617
30,2014,4,2014-01-11,Hambantota,0.6837508200145687
30,2014,4,2014-01-11,Jaffna,0.46879857639473127
30,2014,4,2014-01-11,Kalutara,0.7845994887715646
30,2014,4,2014-01-11,Kandy,0.7602720813503868
30,2014,4,2014-01-11,Kegalle,0.7977496021713266
30,2014,4,2014-01-11,Kilinochchi,0.5359298296392504
30,2014,4,2014-01-11,Kurunegala,0.7849378178911363
30,2014,4,2014-01-11,Mannar,0.787507012195122
30,2014,4,2014-01-11,Matale,0.7072523683819155
30,2014,4,2014-01-11,Matara,0.8289955829863178
30,2014,4,2014-01-11,Moneragala,0.8157416641879834
30,2014,4,2014-01-11,Mullaitivu,0.6112922254470926
30,2014,4,2014-01-11,NuwaraEliya,0.8012683131320643
30,2014,4,2014-01-11,Polonnaruwa,0.6918924245240928
30,2014,4,2014-01-11,Puttalam,0.7197242470999407
30,2014,4,2014-01-11,Ratnapura,0.8031691125074361
30,2014,4,2014-01-11,Trincomalee,0.5645945798016322
30,2014,4,2014-01-11,Vavuniya,0.7111146880577037
31,2014,5,2014-01-18,Ampara,0.6240774185752529
31,2014,5,2014-01-18,Anuradhapura,0.5624451578267241
31,2014,5,2014-01-18,Badulla,0.7811866915929259
31,2014,5,2014-01-18,Batticaloa,0.544591451384753
31,2014,5,2014-01-18,Colombo,0.680625384815586
31,2014,5,2014-01-18,Galle,0.7986184246728139
31,2014,5,2014-01-18,Gampaha,0.7211279892920881
31,2014,5,2014-01-18,Hambantota,0.6585401753577858
31,2014,5,2014-01-18,Jaffna,0.4844504645773975
31,2014,5,2014-01-18,Kalutara,0.7641543407941702
31,2014,5,2014-01-18,Kandy,0.746213001933373
31,2014,5,2014-01-18,Kegalle,0.7805818523200476
31,2014,5,2014-01-18,Kilinochchi,0.5824123993534344
31,2014,5,2014-01-18,Kurunegala,0.7732807201814396
31,2014,5,2014-01-18,Mannar,0.8084883774538966
31,2014,5,2014-01-18,Matale,0.6422018701665675
31,2014,5,2014-01-18,Matara,0.8145144110648425
31,2014,5,2014-01-18,Moneragala,0.805428740333135
31,2014,5,2014-01-18,Mullaitivu,0.7123555881373316
31,2014,5,2014-01-18,NuwaraEliya,0.7898193207168352
31,2014,5,2014-01-18,Polonnaruwa,0.6874034038518739
31,2014,5,2014-01-18,Puttalam,0.7288836128048781
31,2014,5,2014-01-18,Ratnapura,0.7984330513831054
31,2014,5,2014-01-18,Trincomalee,0.6374479445109918
31,2014,5,2014-01-18,Vavuniya,0.7468198672665081
32,2014,6,2014-01-25,Ampara,0.6415910953301607
32,2014,6,2014-01-25,Anuradhapura,0.603105174186034
32,2014,6,2014-01-25,Badulla,0.8090754740481857
32,2014,6,2014-01-25,Batticaloa,0.6165102908932533
32,2014,6,2014-01-25,Colombo,0.6705186923706128
32,2014,6,2014-01-25,Galle,0.7944736001635931
32,2014,6,2014-01-25,Gampaha,0.6972515113771565
32,2014,6,2014-01-25,Hambantota,0.6352298139683473
32,2014,6,2014-01-25,Jaffna,0.48310977063163946
32,2014,6,2014-01-25,Kalutara,0.7592290433521715
32,2014,6,2014-01-25,Kandy,0.7324464567221892
32,2014,6,2014-01-25,Kegalle,0.7733329900356931
32,2014,6,2014-01-25,Kilinochchi,0.5954803276396267
32,2014,6,2014-01-25,Kurunegala,0.7507551438875669
32,2014,6,2014-01-25,Mannar,0.8144069118084474
32,2014,6,2014-01-25,Matale,0.6592983473378942
32,2014,6,2014-01-25,Matara,0.8023565957763237
32,2014,6,2014-01-25,Moneragala,0.800191519185009
32,2014,6,2014-01-25,Mullaitivu,0.7729861150356931
32,2014,6,2014-01-25,NuwaraEliya,0.7796524167162404
32,2014,6,2014-01-25,Polonnaruwa,0.7183597040452112
32,2014,6,2014-01-25,Puttalam,0.73263004164188
32,2014,6,2014-01-25,Ratnapura,0.7945317798185605
32,2014,6,2014-01-25,Trincomalee,0.7028118148357052
32,2014,6,2014-01-25,Vavuniya,0.7586488678613921
33,2014,7,2014-02-01,Ampara,0.6601102282867342
33,2014,7,2014-02-01,Anuradhapura,0.6529149262551804
33,2014,7,2014-02-01,Badulla,0.8263656250000001
33,2014,7,2014-02-01,Batticaloa,0.6712122306309212
33,2014,7,2014-02-01,Colombo,0.6489149111392029
33,2014,7,2014-02-01,Galle,0.7983471538518739
33,2014,7,2014-02-01,Gampaha,0.6755301438875669
33,2014,7,2014-02-01,Hambantota,0.6138197358462534
33,2014,7,2014-02-01,Jaffna,0.46477649455745706
33,2014,7,2014-02-01,Kalutara,0.7698235964455682
33,2014,7,2014-02-01,Kandy,0.7189724457168353
33,2014,7,2014-02-01,Kegalle,0.776003015318263
33,2014,7,2014-02-01,Kilinochchi,0.5751336144978272
33,2014,7,2014-02-01,Kurunegala,0.7173610890095181
33,2014,7,2014-02-01,Mannar,0.8052626152587746
33,2014,7,2014-02-01,Matale,0.7585417998958953
33,2014,7,2014-02-01,Matara,0.7925221371207615
33,2014,7,2014-02-01,Moneragala,0.8000300007436051
33,2014,7,2014-02-01,Mullaitivu,0.7931838061421773
33,2014,7,2014-02-01,NuwaraEliya,0.7707676011302796
33,2014,7,2014-02-01,Polonnaruwa,0.7847613251041048
33,2014,7,2014-02-01,Puttalam,0.7309635336109459
33,2014,7,2014-02-01,Ratnapura,0.7914652978138014
33,2014,7,2014-02-01,Trincomalee,0.7606861907757723
33,2014,7,2014-02-01,Vavuniya,0.7466016898423558
34,2014,8,2014-02-08,Ampara,0.6741769891433671
34,2014,8,2014-02-08,Anuradhapura,0.6907670806067817
34,2014,8,2014-02-08,Badulla,0.8358295638756693
34,2014,8,2014-02-08,Batticaloa,0.7060854294229894
34,2014,8,2014-02-08,Colombo,0.6301591333283759
34,2014,8,2014-02-08,Galle,0.7962416493158835
34,2014,8,2014-02-08,Gampaha,0.6568406658982748
34,2014,8,2014-02-08,Hambantota,0.5923809731447135
34,2014,8,2014-02-08,Jaffna,0.44584655604303297
34,2014,8,2014-02-08,Kalutara,0.7757474364217728
34,2014,8,2014-02-08,Kandy,0.7041141749702557
34,2014,8,2014-02-08,Kegalle,0.7802764890690066
34,2014,8,2014-02-08,Kilinochchi,0.5542254064006773
34,2014,8,2014-02-08,Kurunegala,0.6832424375371803
34,2014,8,2014-02-08,Mannar,0.7965153926234385
34,2014,8,2014-02-08,Matale,0.8360450345776324
34,2014,8,2014-02-08,Matara,0.7859648237656157
34,2014,8,2014-02-08,Moneragala,0.794971380502677
34,2014,8,2014-02-08,Mullaitivu,0.8080486113176681
34,2014,8,2014-02-08,NuwaraEliya,0.7635164727096966
34,2014,8,2014-02-08,Polonnaruwa,0.8261022159428912
34,2014,8,2014-02-08,Puttalam,0.7222627026323617
34,2014,8,2014-02-08,Ratnapura,0.7858459436347413
34,2014,8,2014-02-08,Trincomalee,0.7874805244389195
34,2014,8,2014-02-08,Vavuniya,0.7357775728732897
35,2014,9,2014-02-15,Ampara,0.6719183856335514
35,2014,9,2014-02-15,Anuradhapura,0.6847747099940512
35,2014,9,2014-02-15,Badulla,0.816597391805473
35,2014,9,2014-02-15,Batticaloa,0.6682532447478586
35,2014,9,2014-02-15,Colombo,0.6218460347263534
35,2014,9,2014-02-15,Galle,0.7722129312908983
35,2014,9,2014-02-15,Gampaha,0.6492681160767401
35,2014,9,2014-02-15,Hambantota,0.5708370336518716
35,2014,9,2014-02-15,Jaffna,0.42472885524772264
35,2014,9,2014-02-15,Kalutara,0.7645453283016063
35,2014,9,2014-02-15,Kandy,0.6841802851725164
35,2014,9,2014-02-15,Kegalle,0.7904292738697205
35,2014,9,2014-02-15,Kilinochchi,0.5312583834672427
35,2014,9,2014-02-15,Kurunegala,0.6464669318857823
35,2014,9,2014-02-15,Mannar,0.7892241076740036
35,2014,9,2014-02-15,Matale,0.833834137046401
35,2014,9,2014-02-15,Matara,0.7914237098453302
35,2014,9,2014-02-15,Moneragala,0.7719567203301607
35,2014,9,2014-02-15,Mullaitivu,0.8033595014128495
35,2014,9,2014-02-15,NuwaraEliya,0.7622555305621654
35,2014,9,2014-02-15,Polonnaruwa,0.7755537626412851
35,2014,9,2014-02-15,Puttalam,0.68776935417906
35,2014,9,2014-02-15,Ratnapura,0.7708660581499108
35,2014,9,2014-02-15,Trincomalee,0.7003147030866934
35,2014,9,2014-02-15,Vavuniya,0.7294380130874479
36,2014,10,2014-02-22,Ampara,0.6696597821237359
36,2014,10,2014-02-22,Anuradhapura,0.6787823393813207
36,2014,10,2014-02-22,Badulla,0.7973652197352767
36,2014,10,2014-02-22,Batticaloa,0.6304210600727279
36,2014,10,2014-02-22,Colombo,0.6135329361243308
36,2014,10,2014-02-22,Galle,0.7481842132659132
36,2014,10,2014-02-22,Gampaha,0.6416955662552052
36,2014,10,2014-02-22,Hambantota,0.5492930941590296
36,2014,10,2014-02-22,Jaffna,0.40361115445241225
36,2014,10,2014-02-22,Kalutara,0.7533432201814397
36,2014,10,2014-02-22,Kandy,0.664246395374777
36,2014,10,2014-02-22,Kegalle,0.8005820586704343
36,2014,10,2014-02-22,Kilinochchi,0.5082913605338081
36,2014,10,2014-02-22,Kurunegala,0.6096914262343843
36,2014,10,2014-02-22,Mannar,0.7819328227245688
36,2014,10,2014-02-22,Matale,0.8316232395151695
36,2014,10,2014-02-22,Matara,0.7968825959250447
36,2014,10,2014-02-22,Moneragala,0.7489420601576443
36,2014,10,2014-02-22,Mullaitivu,0.798670391508031
36,2014,10,2014-02-22,NuwaraEliya,0.7609945884146343
36,2014,10,2014-02-22,Polonnaruwa,0.7250053093396789
36,2014,10,2014-02-22,Puttalam,0.6532760057257585
36,2014,10,2014-02-22,Ratnapura,0.7558861726650804
36,2014,10,2014-02-22,Trincomalee,0.6131488817344674
36,2014,10,2014-02-22,Vavuniya,0.7230984533016063
37,2014,11,2014-03-01,Ampara,0.6161301569006543
37,2014,11,2014-03-01,Anuradhapura,0.6297026974271268
37,2014,11,2014-03-01,Badulla,0.8147556272308151
37,2014,11,2014-03-01,Batticaloa,0.600813227739726
37,2014,11,2014-03-01,Colombo,0.6086651081945271
37,2014,11,2014-03-01,Galle,0.7475385057257585
37,2014,11,2014-03-01,Gampaha,0.6297958618381916
37,2014,11,2014-03-01,Hambantota,0.5156704963450994
37,2014,11,2014-03-01,Jaffna,0.3732776400395864
37,2014,11,2014-03-01,Kalutara,0.7471762195121951
37,2014,11,2014-03-01,Kandy,0.6575753718024986
37,2014,11,2014-03-01,Kegalle,0.7960775803093397
37,2014,11,2014-03-01,Kilinochchi,0.46899707857806067
37,2014,11,2014-03-01,Kurunegala,0.6014445066180845
37,2014,11,2014-03-01,Mannar,0.7506692835365854
37,2014,11,2014-03-01,Matale,0.7882684730071385
37,2014,11,2014-03-01,Matara,0.7818281770523499
37,2014,11,2014-03-01,Moneragala,0.7224684990333136
37,2014,11,2014-03-01,Mullaitivu,0.7551127993010114
37,2014,11,2014-03-01,NuwaraEliya,0.7521834622248662
37,2014,11,2014-03-01,Polonnaruwa,0.6571801624776918
37,2014,11,2014-03-01,Puttalam,0.6251225014872099
37,2014,11,2014-03-01,Ratnapura,0.7522874981409876
37,2014,11,2014-03-01,Trincomalee,0.6307766192674211
37,2014,11,2014-03-01,Vavuniya,0.6977486168947056
38,2014,12,2014-03-08,Ampara,0.5586566069303985
38,2014,12,2014-03-08,Anuradhapura,0.5773086499851279
38,2014,12,2014-03-08,Badulla,0.8349631562314099
38,2014,12,2014-03-08,Batticaloa,0.5718380378945801
38,2014,12,2014-03-08,Colombo,0.6040623010856634
38,2014,12,2014-03-08,Galle,0.7486914912998216
38,2014,12,2014-03-08,Gampaha,0.6175632993753718
38,2014,12,2014-03-08,Hambantota,0.4811187709680087
38,2014,12,2014-03-08,Jaffna,0.34223521688695163
38,2014,12,2014-03-08,Kalutara,0.7413965348007139
38,2014,12,2014-03-08,Kandy,0.6519245687091019
38,2014,12,2014-03-08,Kegalle,0.7904456201665676
38,2014,12,2014-03-08,Kilinochchi,0.4284468536205969
38,2014,12,2014-03-08,Kurunegala,0.5953920936198691
38,2014,12,2014-03-08,Mannar,0.7175617247917907
38,2014,12,2014-03-08,Matale,0.7417487935008924
38,2014,12,2014-03-08,Matara,0.7651958116448543
38,2014,12,2014-03-08,Moneragala,0.695728868604997
38,2014,12,2014-03-08,Mullaitivu,0.7085653238399762
38,2014,12,2014-03-08,NuwaraEliya,0.7427915526472338
38,2014,12,2014-03-08,Polonnaruwa,0.5880260391879834
38,2014,12,2014-03-08,Puttalam,0.5974566775728734
38,2014,12,2014-03-08,Ratnapura,0.7495643013831054
38,2014,12,2014-03-08,Trincomalee,0.6564653997915426
38,2014,12,2014-03-08,Vavuniya,0.6709364515169542
39,2014,13,2014-03-15,Ampara,0.5657345497471743
39,2014,13,2014-03-15,Anuradhapura,0.5674228379684711
39,2014,13,2014-03-15,Badulla,0.8300556792831648
39,2014,13,2014-03-15,Batticaloa,0.5734969424592341
39,2014,13,2014-03-15,Colombo,0.604726264128495
39,2014,13,2014-03-15,Galle,0.7622152940957764
39,2014,13,2014-03-15,Gampaha,0.628676377528257
39,2014,13,2014-03-15,Hambantota,0.4907508071937657
39,2014,13,2014-03-15,Jaffna,0.3430906091776169
39,2014,13,2014-03-15,Kalutara,0.7557400449881023
39,2014,13,2014-03-15,Kandy,0.6431148981261156
39,2014,13,2014-03-15,Kegalle,0.7948091277513385
39,2014,13,2014-03-15,Kilinochchi,0.42100067386988393
39,2014,13,2014-03-15,Kurunegala,0.6000120891582392
39,2014,13,2014-03-15,Mannar,0.7246425658090423
39,2014,13,2014-03-15,Matale,0.7480346798780488
39,2014,13,2014-03-15,Matara,0.7673490054283165
39,2014,13,2014-03-15,Moneragala,0.6899838563355146
39,2014,13,2014-03-15,Mullaitivu,0.712092746133254
39,2014,13,2014-03-15,NuwaraEliya,0.7449742601130279
39,2014,13,2014-03-15,Polonnaruwa,0.5701317110350982
39,2014,13,2014-03-15,Puttalam,0.5953644761302797
39,2014,13,2014-03-15,Ratnapura,0.7548235350981559
39,2014,13,2014-03-15,Trincomalee,0.6956993519176861
39,2014,13,2014-03-15,Vavuniya,0.6605592746133254
40,2014,14,2014-03-22,Ampara,0.6086744330011897
40,2014,14,2014-03-22,Anuradhapura,0.5811527122992266
40,2014,14,2014-03-22,Badulla,0.8111954212522309
40,2014,14,2014-03-22,Batticaloa,0.592174788362666
40,2014,14,2014-03-22,Colombo,0.6083162105889353
40,2014,14,2014-03-22,Galle,0.7826117731261155
40,2014,14,2014-03-22,Gampaha,0.6527592560232005
40,2014,14,2014-03-22,Hambantota,0.524929377643327
40,2014,14,2014-03-22,Jaffna,0.36166701004789337
40,2014,14,2014-03-22,Kalutara,0.7812631078970851
40,2014,14,2014-03-22,Kandy,0.6325503011600239
40,2014,14,2014-03-22,Kegalle,0.8047256729625224
40,2014,14,2014-03-22,Kilinochchi,0.43194563034514355
40,2014,14,2014-03-22,Kurunegala,0.6105612005502677
40,2014,14,2014-03-22,Mannar,0.7540502955829864
40,2014,14,2014-03-22,Matale,0.7836569917459846
40,2014,14,2014-03-22,Matara,0.7799386209845331
40,2014,14,2014-03-22,Moneragala,0.69590252082094
40,2014,14,2014-03-22,Mullaitivu,0.7434395560678169
40,2014,14,2014-03-22,NuwaraEliya,0.7535873103807258
40,2014,14,2014-03-22,Polonnaruwa,0.5807150468471148
40,2014,14,2014-03-22,Puttalam,0.6074798427275432
40,2014,14,2014-03-22,Ratnapura,0.7645174524092803
40,2014,14,2014-03-22,Trincomalee,0.7424583993782861
40,2014,14,2014-03-22,Vavuniya,0.659312646861987
41,2014,15,2014-03-29,Ampara,0.6373167462169096
41,2014,15,2014-03-29,Anuradhapura,0.5862815028256989
41,2014,15,2014-03-29,Badulla,0.7975998029446758
41,2014,15,2014-03-29,Batticaloa,0.5956133109989056
41,2014,15,2014-03-29,Colombo,0.6194777848007139
41,2014,15,2014-03-29,Galle,0.7823725907198097
41,2014,15,2014-03-29,Gampaha,0.6766336834473529
41,2014,15,2014-03-29,Hambantota,0.5496028951139854
41,2014,15,2014-03-29,Jaffna,0.3766918659585662
41,2014,15,2014-03-29,Kalutara,0.7878729801458352
41,2014,15,2014-03-29,Kandy,0.6291604978435456
41,2014,15,2014-03-29,Kegalle,0.8124569582837597
41,2014,15,2014-03-29,Kilinochchi,0.43557938774901817
41,2014,15,2014-03-29,Kurunegala,0.6264802833135039
41,2014,15,2014-03-29,Mannar,0.7670263254759073
41,2014,15,2014-03-29,Matale,0.8033684339678763
41,2014,15,2014-03-29,Matara,0.785561141061868
41,2014,15,2014-03-29,Moneragala,0.7001452855443189
41,2014,15,2014-03-29,Mullaitivu,0.7562537403331351
41,2014,15,2014-03-29,NuwaraEliya,0.7576145858120167
41,2014,15,2014-03-29,Polonnaruwa,0.5759205569601428
41,2014,15,2014-03-29,Puttalam,0.6261657588488996
41,2014,15,2014-03-29,Ratnapura,0.7729455309339679
41,2014,15,2014-03-29,Trincomalee,0.7643037947923115
41,2014,15,2014-03-29,Vavuniya,0.651474267549078
42,2014,16,2014-04-05,Ampara,0.6402234333636972
42,2014,16,2014-04-05,Anuradhapura,0.5759283425044617
42,2014,16,2014-04-05,Badulla,0.7934805361392029
42,2014,16,2014-04-05,Batticaloa,0.5716210517541992
42,2014,16,2014-04-05,Colombo,0.6442682889649018
42,2014,16,2014-04-05,Galle,0.7449892177275432
42,2014,16,2014-04-05,Gampaha,0.7001328989440809
42,2014,16,2014-04-05,Hambantota,0.5571673172226184
42,2014,16,2014-04-05,Jaffna,0.38532394094195266
42,2014,16,2014-04-05,Kalutara,0.7604391092061665
42,2014,16,2014-04-05,Kandy,0.6386853230963713
42,2014,16,2014-04-05,Kegalle,0.8162547758030935
42,2014,16,2014-04-05,Kilinochchi,0.4260529868243996
42,2014,16,2014-04-05,Kurunegala,0.6520653145449138
42,2014,16,2014-04-05,Mannar,0.7504252955829864
42,2014,16,2014-04-05,Matale,0.7944403108268888
42,2014,16,2014-04-05,Matara,0.778642889277216
42,2014,16,2014-04-05,Moneragala,0.7013714306960143
42,2014,16,2014-04-05,Mullaitivu,0.7357091983938132
42,2014,16,2014-04-05,NuwaraEliya,0.7533874665377751
42,2014,16,2014-04-05,Polonnaruwa,0.5434459808149911
42,2014,16,2014-04-05,Puttalam,0.6566786641136229
42,2014,16,2014-04-05,Ratnapura,0.7790950996430697
42,2014,16,2014-04-05,Trincomalee,0.741304616522503
42,2014,16,2014-04-05,Vavuniya,0.6317707354253421
43,2014,17,2014-04-12,Ampara,0.6426144660759542
43,2014,17,2014-04-12,Anuradhapura,0.5714597746876859
43,2014,17,2014-04-12,Badulla,0.7891347951368234
43,2014,17,2014-04-12,Batticaloa,0.5476078380982824
43,2014,17,2014-04-12,Colombo,0.667814492861392
43,2014,17,2014-04-12,Galle,0.7089662619297701
43,2014,17,2014-04-12,Gampaha,0.7215882138607972
43,2014,17,2014-04-12,Hambantota,0.5674639151554599
43,2014,17,2014-04-12,Jaffna,0.391601494546449
43,2014,17,2014-04-12,Kalutara,0.7353390637572417
43,2014,17,2014-04-12,Kandy,0.6485696200178466
43,2014,17,2014-04-12,Kegalle,0.8195667664336704
43,2014,17,2014-04-12,Kilinochchi,0.4163821619361685
43,2014,17,2014-04-12,Kurunegala,0.6764396006841167
43,2014,17,2014-04-12,Mannar,0.7357876524390244
43,2014,17,2014-04-12,Matale,0.7856312723081499
43,2014,17,2014-04-12,Matara,0.7727380614217728
43,2014,17,2014-04-12,Moneragala,0.7034513775282569
43,2014,17,2014-04-12,Mullaitivu,0.7155374423706127
43,2014,17,2014-04-12,NuwaraEliya,0.7440760614961333
43,2014,17,2014-04-12,Polonnaruwa,0.514079861317668
43,2014,17,2014-04-12,Puttalam,0.6879393924747175
43,2014,17,2014-04-12,Ratnapura,0.7850241076740035
43,2014,17,2014-04-12,Trincomalee,0.7183832979751004
43,2014,17,2014-04-12,Vavuniya,0.6156852096966092
44,2014,18,2014-04-19,Ampara,0.6383019911393113
44,2014,18,2014-04-19,Anuradhapura,0.6434909094289114
44,2014,18,2014-04-19,Badulla,0.781844889574658
44,2014,18,2014-04-19,Batticaloa,0.5233222170966305
44,2014,18,2014-04-19,Colombo,0.6751847932778109
44,2014,18,2014-04-19,Galle,0.6906287296604116
44,2014,18,2014-04-19,Gampaha,0.7164728212373588
44,2014,18,2014-04-19,Hambantota,0.6132787988030134
44,2014,18,2014-04-19,Jaffna,0.3672702702253743
44,2014,18,2014-04-19,Kalutara,0.7405787496879871
44,2014,18,2014-04-19,Kandy,0.6631270486317669
44,2014,18,2014-04-19,Kegalle,0.8165630075104104
44,2014,18,2014-04-19,Kilinochchi,0.40483382552097286
44,2014,18,2014-04-19,Kurunegala,0.6850742006246283
44,2014,18,2014-04-19,Mannar,0.7466740370315289
44,2014,18,2014-04-19,Matale,0.7783703338786437
44,2014,18,2014-04-19,Matara,0.780007744646044
44,2014,18,2014-04-19,Moneragala,0.7166307462076145
44,2014,18,2014-04-19,Mullaitivu,0.7002119032569899
44,2014,18,2014-04-19,NuwaraEliya,0.6686689414782867
44,2014,18,2014-04-19,Polonnaruwa,0.5251236782421178
44,2014,18,2014-04-19,Puttalam,0.7289218210886377
44,2014,18,2014-04-19,Ratnapura,0.7880858268887567
44,2014,18,2014-04-19,Trincomalee,0.6964741558189741
44,2014,18,2014-04-19,Vavuniya,0.646633767102915
45,2014,19,2014-04-26,Ampara,0.6339895162026685
45,2014,19,2014-04-26,Anuradhapura,0.7155220441701369
45,2014,19,2014-04-26,Badulla,0.7745549840124926
45,2014,19,2014-04-26,Batticaloa,0.4990365960949787
45,2014,19,2014-04-26,Colombo,0.6825550936942296
45,2014,19,2014-04-26,Galle,0.672291197391053
45,2014,19,2014-04-26,Gampaha,0.7113574286139203
45,2014,19,2014-04-26,Hambantota,0.6590936824505669
45,2014,19,2014-04-26,Jaffna,0.3429390459042996
45,2014,19,2014-04-26,Kalutara,0.7458184356187325
45,2014,19,2014-04-26,Kandy,0.6776844772456871
45,2014,19,2014-04-26,Kegalle,0.8135592485871506
45,2014,19,2014-04-26,Kilinochchi,0.3932854891057772
45,2014,19,2014-04-26,Kurunegala,0.6937088005651398
45,2014,19,2014-04-26,Mannar,0.7575604216240334
45,2014,19,2014-04-26,Matale,0.7711093954491375
45,2014,19,2014-04-26,Matara,0.7872774278703153
45,2014,19,2014-04-26,Moneragala,0.729810114886972
45,2014,19,2014-04-26,Mullaitivu,0.6848863641433671
45,2014,19,2014-04-26,NuwaraEliya,0.5932618214604403
45,2014,19,2014-04-26,Polonnaruwa,0.5361674951665676
45,2014,19,2014-04-26,Puttalam,0.769904249702558
45,2014,19,2014-04-26,Ratnapura,0.7911475461035099
45,2014,19,2014-04-26,Trincomalee,0.6745650136628478
45,2014,19,2014-04-26,Vavuniya,0.6775823245092207
46,2014,20,2014-05-03,Ampara,0.6543546307036765
46,2014,20,2014-05-03,Anuradhapura,0.7142490742117787
46,2014,20,2014-05-03,Badulla,0.7851894222189173
46,2014,20,2014-05-03,Batticaloa,0.5308944983243339
46,2014,20,2014-05-03,Colombo,0.6306178651100536
46,2014,20,2014-05-03,Galle,0.6733518552247546
46,2014,20,2014-05-03,Gampaha,0.6915229104699584
46,2014,20,2014-05-03,Hambantota,0.6742331363685935
46,2014,20,2014-05-03,Jaffna,0.3553772780829443
46,2014,20,2014-05-03,Kalutara,0.715077747620464
46,2014,20,2014-05-03,Kandy,0.7003215440957764
46,2014,20,2014-05-03,Kegalle,0.7628203933670434
46,2014,20,2014-05-03,Kilinochchi,0.4002713741637925
46,2014,20,2014-05-03,Kurunegala,0.6876283443634742
46,2014,20,2014-05-03,Mannar,0.7555436458953004
46,2014,20,2014-05-03,Matale,0.7730031064098751
46,2014,20,2014-05-03,Matara,0.774196640764426
46,2014,20,2014-05-03,Moneragala,0.7425796828524688
46,2014,20,2014-05-03,Mullaitivu,0.7026656268590126
46,2014,20,2014-05-03,NuwaraEliya,0.6427701182331946
46,2014,20,2014-05-03,Polonnaruwa,0.5922630112284355
46,2014,20,2014-05-03,Puttalam,0.7669708060678168
46,2014,20,2014-05-03,Ratnapura,0.7875120705681142
46,2014,20,2014-05-03,Trincomalee,0.6942364927117491
46,2014,20,2014-05-03,Vavuniya,0.6902368995389649
47,2014,21,2014-05-10,Ampara,0.6814499968694984
47,2014,21,2014-05-10,Anuradhapura,0.6929840756989887
47,2014,21,2014-05-10,Badulla,0.8007123178167758
47,2014,21,2014-05-10,Batticaloa,0.578064270525782
47,2014,21,2014-05-10,Colombo,0.5625058558893516
47,2014,21,2014-05-10,Galle,0.679702928541109
47,2014,21,2014-05-10,Gampaha,0.6676740853658537
47,2014,21,2014-05-10,Hambantota,0.6810065639967491
47,2014,21,2014-05-10,Jaffna,0.3778435438524215
47,2014,21,2014-05-10,Kalutara,0.6745242303688281
47,2014,21,2014-05-10,Kandy,0.7251621486466389
47,2014,21,2014-05-10,Kegalle,0.6990628755205235
47,2014,21,2014-05-10,Kilinochchi,0.4123120468963198
47,2014,21,2014-05-10,Kurunegala,0.6775346910321238
47,2014,21,2014-05-10,Mannar,0.7500078264425937
47,2014,21,2014-05-10,Matale,0.7773935399315883
47,2014,21,2014-05-10,Matara,0.7555657253866747
47,2014,21,2014-05-10,Moneragala,0.7552374869869126
47,2014,21,2014-05-10,Mullaitivu,0.7294734718917312
47,2014,21,2014-05-10,NuwaraEliya,0.7263462559488401
47,2014,21,2014-05-10,Polonnaruwa,0.6606453543277812
47,2014,21,2014-05-10,Puttalam,0.7520603063652588
47,2014,21,2014-05-10,Ratnapura,0.7820500873735872
47,2014,21,2014-05-10,Trincomalee,0.7252481411802034
47,2014,21,2014-05-10,Vavuniya,0.6979022066478288
48,2014,22,2014-05-17,Ampara,0.6969927424152291
48,2014,22,2014-05-17,Anuradhapura,0.6781906547441999
48,2014,22,2014-05-17,Badulla,0.810085865928019
48,2014,22,2014-05-17,Batticaloa,0.6096350499559213
48,2014,22,2014-05-17,Colombo,0.53834938838489
48,2014,22,2014-05-17,Galle,0.6802716835217133
48,2014,22,2014-05-17,Gampaha,0.6384830365110054
48,2014,22,2014-05-17,Hambantota,0.6633628271861988
48,2014,22,2014-05-17,Jaffna,0.384125420556515
48,2014,22,2014-05-17,Kalutara,0.6177250576293872
48,2014,22,2014-05-17,Kandy,0.7392899241522903
48,2014,22,2014-05-17,Kegalle,0.6767985109309934
48,2014,22,2014-05-17,Kilinochchi,0.41317782007872805
48,2014,22,2014-05-17,Kurunegala,0.6410150226799525
48,2014,22,2014-05-17,Mannar,0.7524413388607971
48,2014,22,2014-05-17,Matale,0.7757929692147532
48,2014,22,2014-05-17,Matara,0.702645142400357
48,2014,22,2014-05-17,Moneragala,0.7548466389054135
48,2014,22,2014-05-17,Mullaitivu,0.7453635968173707
48,2014,22,2014-05-17,NuwaraEliya,0.7649503085960738
48,2014,22,2014-05-17,Polonnaruwa,0.707028370389649
48,2014,22,2014-05-17,Puttalam,0.7240427256841167
48,2014,22,2014-05-17,Ratnapura,0.7275791511748959
48,2014,22,2014-05-17,Trincomalee,0.7414037257785313
48,2014,22,2014-05-17,Vavuniya,0.6926778074496828
49,2014,23,2014-05-24,Ampara,0.7009828673408686
49,2014,23,2014-05-24,Anuradhapura,0.6698688113474123
49,2014,23,2014-05-24,Badulla,0.8133100665526473
49,2014,23,2014-05-24,Batticaloa,0.6256068366147518
49,2014,23,2014-05-24,Colombo,0.5581484625966687
49,2014,23,2014-05-24,Galle,0.6750581201665675
49,2014,23,2014-05-24,Gampaha,0.6039497639054134
49,2014,23,2014-05-24,Hambantota,0.6213019259369423
49,2014,23,2014-05-24,Jaffna,0.37422290819522464
49,2014,23,2014-05-24,Kalutara,0.5446802294021416
49,2014,23,2014-05-24,Kandy,0.7427048706127305
49,2014,23,2014-05-24,Kegalle,0.6960272995984533
49,2014,23,2014-05-24,Kilinochchi,0.40286869371101736
49,2014,23,2014-05-24,Kurunegala,0.5780693393069601
49,2014,23,2014-05-24,Mannar,0.7628441831499108
49,2014,23,2014-05-24,Matale,0.7682013942593695
49,2014,23,2014-05-24,Matara,0.615434891805473
49,2014,23,2014-05-24,Moneragala,0.7414071386079715
49,2014,23,2014-05-24,Mullaitivu,0.7503360016359311
49,2014,23,2014-05-24,NuwaraEliya,0.7585822761748959
49,2014,23,2014-05-24,Polonnaruwa,0.7314120594140393
49,2014,23,2014-05-24,Puttalam,0.6829180640243903
49,2014,23,2014-05-24,Ratnapura,0.6240992619720405
49,2014,23,2014-05-24,Trincomalee,0.7427032465067329
49,2014,23,2014-05-24,Vavuniya,0.6745637019445271
50,2014,24,2014-05-31,Ampara,0.7012678985722784
50,2014,24,2014-05-31,Anuradhapura,0.66015751041047
50,2014,24,2014-05-31,Badulla,0.8119002286585366
50,2014,24,2014-05-31,Batticaloa,0.6322765159012333
50,2014,24,2014-05-31,Colombo,0.5599557406305771
50,2014,24,2014-05-31,Galle,0.6714610945865557
50,2014,24,2014-05-31,Gampaha,0.577194010261749
50,2014,24,2014-05-31,Hambantota,0.5822740686347413
50,2014,24,2014-05-31,Jaffna,0.36529571043662096
50,2014,24,2014-05-31,Kalutara,0.4984344716686496
50,2014,24,2014-05-31,Kandy,0.7376378513533611
50,2014,24,2014-05-31,Kegalle,0.7073108231707317
50,2014,24,2014-05-31,Kilinochchi,0.3921108204601396
50,2014,24,2014-05-31,Kurunegala,0.542084510707912
50,2014,24,2014-05-31,Mannar,0.7693205978584177
50,2014,24,2014-05-31,Matale,0.7589298483045807
50,2014,24,2014-05-31,Matara,0.5699092764723379
50,2014,24,2014-05-31,Moneragala,0.7260262269482451
50,2014,24,2014-05-31,Mullaitivu,0.7488290935455086
50,2014,24,2014-05-31,NuwaraEliya,0.7185567612284355
50,2014,24,2014-05-31,Polonnaruwa,0.7457163964901845
50,2014,24,2014-05-31,Puttalam,0.6552396676085663
50,2014,24,2014-05-31,Ratnapura,0.5592861949732303
50,2014,24,2014-05-31,Trincomalee,0.7395615802238806
50,2014,24,2014-05-31,Vavuniya,0.6579205644802909
51,2014,25,2014-06-07,Ampara,0.6879675862581797
51,2014,25,2014-06-07,Anuradhapura,0.6453515318262939
51,2014,25,2014-06-07,Badulla,0.7934989161957169
51,2014,25,2014-06-07,Batticaloa,0.6048384681557694
51,2014,25,2014-06-07,Colombo,0.49579309934562765
51,2014,25,2014-06-07,Galle,0.6737913741820345
51,2014,25,2014-06-07,Gampaha,0.5789558261451517
51,2014,25,2014-06-07,Hambantota,0.5543673724717431
51,2014,25,2014-06-07,Jaffna,0.35994466622120214
51,2014,25,2014-06-07,Kalutara,0.5504519724122546
51,2014,25,2014-06-07,Kandy,0.7014702911213564
51,2014,25,2014-06-07,Kegalle,0.6894617080606782
51,2014,25,2014-06-07,Kilinochchi,0.37970754197098294
51,2014,25,2014-06-07,Kurunegala,0.6049561496133254
51,2014,25,2014-06-07,Mannar,0.7614001041046996
51,2014,25,2014-06-07,Matale,0.7434984086853064
51,2014,25,2014-06-07,Matara,0.6772273237656157
51,2014,25,2014-06-07,Moneragala,0.7035268069601428
51,2014,25,2014-06-07,Mullaitivu,0.7235647047888162
51,2014,25,2014-06-07,NuwaraEliya,0.5551204770226056
51,2014,25,2014-06-07,Polonnaruwa,0.7230631097560976
51,2014,25,2014-06-07,Puttalam,0.676864243753718
51,2014,25,2014-06-07,Ratnapura,0.6362514760559191
51,2014,25,2014-06-07,Trincomalee,0.7201355615671642
51,2014,25,2014-06-07,Vavuniya,0.6466709764994264
52,2014,26,2014-06-14,Ampara,0.6746672739440809
52,2014,26,2014-06-14,Anuradhapura,0.6305455532421179
52,2014,26,2014-06-14,Badulla,0.7750976037328972
52,2014,26,2014-06-14,Batticaloa,0.5774004204103054
52,2014,26,2014-06-14,Colombo,0.43163045806067823
52,2014,26,2014-06-14,Galle,0.6761216537775134
52,2014,26,2014-06-14,Gampaha,0.5807176420285546
52,2014,26,2014-06-14,Hambantota,0.5264606763087448
52,2014,26,2014-06-14,Jaffna,0.35459362200578326
52,2014,26,2014-06-14,Kalutara,0.6024694731558596
52,2014,26,2014-06-14,Kandy,0.6653027308893517
52,2014,26,2014-06-14,Kegalle,0.6716125929506246
52,2014,26,2014-06-14,Kilinochchi,0.36730426348182627
52,2014,26,2014-06-14,Kurunegala,0.6678277885187389
52,2014,26,2014-06-14,Mannar,0.7534796103509817
52,2014,26,2014-06-14,Matale,0.7280669690660322
52,2014,26,2014-06-14,Matara,0.7845453710588934
52,2014,26,2014-06-14,Moneragala,0.6810273869720405
52,2014,26,2014-06-14,Mullaitivu,0.6983003160321237
52,2014,26,2014-06-14,NuwaraEliya,0.39168419281677574
52,2014,26,2014-06-14,Polonnaruwa,0.7004098230220107
52,2014,26,2014-06-14,Puttalam,0.6984888198988697
52,2014,26,2014-06-14,Ratnapura,0.713216757138608
52,2014,26,2014-06-14,Trincomalee,0.7007095429104478
52,2014,26,2014-06-14,Vavuniya,0.6354213885185618
53,2014,27,2014-06-21,Ampara,0.6614322325109636
53,2014,27,2014-06-21,Anuradhapura,0.6193605889351577
53,2014,27,2014-06-21,Badulla,0.7778009425193338
53,2014,27,2014-06-21,Batticaloa,0.5518632356168037
53,2014,27,2014-06-21,Colombo,0.42518997248661516
53,2014,27,2014-06-21,Galle,0.6406232915675194
53,2014,27,2014-06-21,Gampaha,0.6063091500594885
53,2014,27,2014-06-21,Hambantota,0.5077798138967949
53,2014,27,2014-06-21,Jaffna,0.347319597332604
53,2014,27,2014-06-21,Kalutara,0.6346882677721595
53,2014,27,2014-06-21,Kandy,0.680069277959548
53,2014,27,2014-06-21,Kegalle,0.6346125
53,2014,27,2014-06-21,Kilinochchi,0.35947700449639286
53,2014,27,2014-06-21,Kurunegala,0.6636176438875669
53,2014,27,2014-06-21,Mannar,0.7489007343099346
53,2014,27,2014-06-21,Matale,0.7247506971296848
53,2014,27,2014-06-21,Matara,0.7806953896490184
53,2014,27,2014-06-21,Moneragala,0.6569988622843546
53,2014,27,2014-06-21,Mullaitivu,0.6960340273646639
53,2014,27,2014-06-21,NuwaraEliya,0.4650062760261749
53,2014,27,2014-06-21,Polonnaruwa,0.6983657123735872
53,2014,27,2014-06-21,Puttalam,0.6737671103509816
53,2014,27,2014-06-21,Ratnapura,0.7366046958655562
53,2014,27,2014-06-21,Trincomalee,0.6944669487023538
53,2014,27,2014-06-21,Vavuniya,0.6342052888905414
54,2014,28,2014-06-28,Ampara,0.6482022119148448
54,2014,28,2014-06-28,Anuradhapura,0.6084541641879834
54,2014,28,2014-06-28,Badulla,0.7821277160172517
54,2014,28,2014-06-28,Batticaloa,0.5264722710503762
54,2014,28,2014-06-28,Colombo,0.42318965273646636
54,2014,28,2014-06-28,Galle,0.6022150338340274
54,2014,28,2014-06-28,Gampaha,0.6337337113325402
54,2014,28,2014-06-28,Hambantota,0.4898086310041564
54,2014,28,2014-06-28,Jaffna,0.3398976510857508
54,2014,28,2014-06-28,Kalutara,0.6653840849940512
54,2014,28,2014-06-28,Kandy,0.6987538332837597
54,2014,28,2014-06-28,Kegalle,0.596139254907793
54,2014,28,2014-06-28,Kilinochchi,0.35200174701124587
54,2014,28,2014-06-28,Kurunegala,0.6542473620612731
54,2014,28,2014-06-28,Mannar,0.7445789057852469
54,2014,28,2014-06-28,Matale,0.7223663611689471
54,2014,28,2014-06-28,Matara,0.7682940214158239
54,2014,28,2014-06-28,Moneragala,0.6328527141582392
54,2014,28,2014-06-28,Mullaitivu,0.6955368233194527
54,2014,28,2014-06-28,NuwaraEliya,0.5565405413444379
54,2014,28,2014-06-28,Polonnaruwa,0.6979069229625224
54,2014,28,2014-06-28,Puttalam,0.6454803019036288
54,2014,28,2014-06-28,Ratnapura,0.7558713005651398
54,2014,28,2014-06-28,Trincomalee,0.6892384640672308
54,2014,28,2014-06-28,Vavuniya,0.6337609960588936
55,2014,29,2014-07-05,Ampara,0.6283896928886828
55,2014,29,2014-07-05,Anuradhapura,0.5797661975758477
55,2014,29,2014-07-05,Badulla,0.7672081889500298
55,2014,29,2014-07-05,Batticaloa,0.501870998214725
55,2014,29,2014-07-05,Colombo,0.4627123066627008
55,2014,29,2014-07-05,Galle,0.5891337317816776
55,2014,29,2014-07-05,Gampaha,0.6525461667162403
55,2014,29,2014-07-05,Hambantota,0.4686628431024015
55,2014,29,2014-07-05,Jaffna,0.33027401361243675
55,2014,29,2014-07-05,Kalutara,0.6569367117787032
55,2014,29,2014-07-05,Kandy,0.6785030989738251
55,2014,29,2014-07-05,Kegalle,0.5793878625074361
55,2014,29,2014-07-05,Kilinochchi,0.34190058588802946
55,2014,29,2014-07-05,Kurunegala,0.6198315920582986
55,2014,29,2014-07-05,Mannar,0.7266472040452112
55,2014,29,2014-07-05,Matale,0.7078782700029744
55,2014,29,2014-07-05,Matara,0.7512935882659131
55,2014,29,2014-07-05,Moneragala,0.6130174709994052
55,2014,29,2014-07-05,Mullaitivu,0.6810291530339084
55,2014,29,2014-07-05,NuwaraEliya,0.5083145374776918
55,2014,29,2014-07-05,Polonnaruwa,0.6752014091314694
55,2014,29,2014-07-05,Puttalam,0.6217679803688281
55,2014,29,2014-07-05,Ratnapura,0.7202454509964308
55,2014,29,2014-07-05,Trincomalee,0.674802205470565
55,2014,29,2014-07-05,Vavuniya,0.6128067184711482
56,2014,30,2014-07-12,Ampara,0.6049202302902745
56,2014,30,2014-07-12,Anuradhapura,0.5411995965942892
56,2014,30,2014-07-12,Badulla,0.7415962726799524
56,2014,30,2014-07-12,Batticaloa,0.4777084430072828
56,2014,30,2014-07-12,Colombo,0.5253032792980369
56,2014,30,2014-07-12,Galle,0.5901229606632957
56,2014,30,2014-07-12,Gampaha,0.6665741188280786
56,2014,30,2014-07-12,Hambantota,0.4457533857511376
56,2014,30,2014-07-12,Jaffna,0.3194272143466444
56,2014,30,2014-07-12,Kalutara,0.6267431216537775
56,2014,30,2014-07-12,Kandy,0.636621648200476
56,2014,30,2014-07-12,Kegalle,0.5747041660469958
56,2014,30,2014-07-12,Kilinochchi,0.3303405894103301
56,2014,30,2014-07-12,Kurunegala,0.5715016619571684
56,2014,30,2014-07-12,Mannar,0.7011544616299823
56,2014,30,2014-07-12,Matale,0.6866658703896491
56,2014,30,2014-07-12,Matara,0.73173811905116
56,2014,30,2014-07-12,Moneragala,0.5955771750446164
56,2014,30,2014-07-12,Mullaitivu,0.6587378903926234
56,2014,30,2014-07-12,NuwaraEliya,0.38244393961927425
56,2014,30,2014-07-12,Polonnaruwa,0.6401366039559787
56,2014,30,2014-07-12,Puttalam,0.6005970404521119
56,2014,30,2014-07-12,Ratnapura,0.6541237935008923
56,2014,30,2014-07-12,Trincomalee,0.6552505168952643
56,2014,30,2014-07-12,Vavuniya,0.580458004907793
57,2014,31,2014-07-19,Ampara,0.5802975553985723
57,2014,31,2014-07-19,Anuradhapura,0.5147803967132659
57,2014,31,2014-07-19,Badulla,0.7255531491671624
57,2014,31,2014-07-19,Batticaloa,0.45528144089380346
57,2014,31,2014-07-19,Colombo,0.5532783703896491
57,2014,31,2014-07-19,Galle,0.5904963637715646
57,2014,31,2014-07-19,Gampaha,0.6469773033164783
57,2014,31,2014-07-19,Hambantota,0.4311208265169542
57,2014,31,2014-07-19,Jaffna,0.31281694638805857
57,2014,31,2014-07-19,Kalutara,0.6196181104997026
57,2014,31,2014-07-19,Kandy,0.6020592690362879
57,2014,31,2014-07-19,Kegalle,0.6116710124182034
57,2014,31,2014-07-19,Kilinochchi,0.3237393679268381
57,2014,31,2014-07-19,Kurunegala,0.5438313094883999
57,2014,31,2014-07-19,Mannar,0.6873004666121357
57,2014,31,2014-07-19,Matale,0.6777403907644259
57,2014,31,2014-07-19,Matara,0.7148343545508626
57,2014,31,2014-07-19,Moneragala,0.5832668705383701
57,2014,31,2014-07-19,Mullaitivu,0.6445004089827484
57,2014,31,2014-07-19,NuwaraEliya,0.33520267325996433
57,2014,31,2014-07-19,Polonnaruwa,0.6070609049672815
57,2014,31,2014-07-19,Puttalam,0.5882998735871505
57,2014,31,2014-07-19,Ratnapura,0.6393697371356336
57,2014,31,2014-07-19,Trincomalee,0.637888788062257
57,2014,31,2014-07-19,Vavuniya,0.5572911585365854
58,2014,32,2014-07-26,Ampara,0.5535990983789412
58,2014,32,2014-07-26,Anuradhapura,0.5102265188132065
58,2014,32,2014-07-26,Badulla,0.7267338526174896
58,2014,32,2014-07-26,Batticaloa,0.4359784343494572
58,2014,32,2014-07-26,Colombo,0.518944874702558
58,2014,32,2014-07-26,Galle,0.589761280487805
58,2014,32,2014-07-26,Gampaha,0.5668559060826889
58,2014,32,2014-07-26,Hambantota,0.4313866838935158
58,2014,32,2014-07-26,Jaffna,0.3138324347824446
58,2014,32,2014-07-26,Kalutara,0.6540165414931589
58,2014,32,2014-07-26,Kandy,0.5806712187685902
58,2014,32,2014-07-26,Kegalle,0.7236088358863771
58,2014,32,2014-07-26,Kilinochchi,0.3260639414329193
58,2014,32,2014-07-26,Kurunegala,0.5533481967578823
58,2014,32,2014-07-26,Mannar,0.6943962169095776
58,2014,32,2014-07-26,Matale,0.690931367117787
58,2014,32,2014-07-26,Matara,0.7027036585365853
58,2014,32,2014-07-26,Moneragala,0.5801905506395004
58,2014,32,2014-07-26,Mullaitivu,0.6447597337894111
58,2014,32,2014-07-26,NuwaraEliya,0.4294942035990482
58,2014,32,2014-07-26,Polonnaruwa,0.5775655971148126
58,2014,32,2014-07-26,Puttalam,0.591975498215348
58,2014,32,2014-07-26,Ratnapura,0.7170773628048781
58,2014,32,2014-07-26,Trincomalee,0.6244689867653781
58,2014,32,2014-07-26,Vavuniya,0.5506516731112433
59,2014,33,2014-08-02,Ampara,0.5313640506221063
59,2014,33,2014-08-02,Anuradhapura,0.5061129182778108
59,2014,33,2014-08-02,Badulla,0.7282475461035098
59,2014,33,2014-08-02,Batticaloa,0.42061574470961666
59,2014,33,2014-08-02,Colombo,0.4897017251635931
59,2014,33,2014-08-02,Galle,0.5924850795657347
59,2014,33,2014-08-02,Gampaha,0.4951782867340868
59,2014,33,2014-08-02,Hambantota,0.43039760373289715
59,2014,33,2014-08-02,Jaffna,0.3152427730305169
59,2014,33,2014-08-02,Kalutara,0.6837917032272457
59,2014,33,2014-08-02,Kandy,0.5647813764128495
59,2014,33,2014-08-02,Kegalle,0.8229658183372992
59,2014,33,2014-08-02,Kilinochchi,0.3271482236442915
59,2014,33,2014-08-02,Kurunegala,0.5645844382064248
59,2014,33,2014-08-02,Mannar,0.7014607934265319
59,2014,33,2014-08-02,Matale,0.70279436905116
59,2014,33,2014-08-02,Matara,0.6901102673259965
59,2014,33,2014-08-02,Moneragala,0.5791997508923261
59,2014,33,2014-08-02,Mullaitivu,0.644320497471743
59,2014,33,2014-08-02,NuwaraEliya,0.5256730852171326
59,2014,33,2014-08-02,Polonnaruwa,0.5494721259666865
59,2014,33,2014-08-02,Puttalam,0.5919349252676978
59,2014,33,2014-08-02,Ratnapura,0.7869820512343844
59,2014,33,2014-08-02,Trincomalee,0.6124364000148899
59,2014,33,2014-08-02,Vavuniya,0.5455082317073171
60,2014,34,2014-08-09,Ampara,0.5671533232816242
60,2014,34,2014-08-09,Anuradhapura,0.5077229234830458
60,2014,34,2014-08-09,Badulla,0.7340901100535395
60,2014,34,2014-08-09,Batticaloa,0.45647717482835054
60,2014,34,2014-08-09,Colombo,0.5266330755502677
60,2014,34,2014-08-09,Galle,0.6401743493456277
60,2014,34,2014-08-09,Gampaha,0.5332697798929209
60,2014,34,2014-08-09,Hambantota,0.4130943355889352
60,2014,34,2014-08-09,Jaffna,0.321786159376511
60,2014,34,2014-08-09,Kalutara,0.6534643645895301
60,2014,34,2014-08-09,Kandy,0.620368236912552
60,2014,34,2014-08-09,Kegalle,0.75877186756395
60,2014,34,2014-08-09,Kilinochchi,0.31210871902444626
60,2014,34,2014-08-09,Kurunegala,0.5981722839827484
60,2014,34,2014-08-09,Mannar,0.7081201107971445
60,2014,34,2014-08-09,Matale,0.6973937035246878
60,2014,34,2014-08-09,Matara,0.6715018385633552
60,2014,34,2014-08-09,Moneragala,0.6053207131171922
60,2014,34,2014-08-09,Mullaitivu,0.6347999665377752
60,2014,34,2014-08-09,NuwaraEliya,0.6463875334622249
60,2014,34,2014-08-09,Polonnaruwa,0.5396025319750148
60,2014,34,2014-08-09,Puttalam,0.5435837838340274
60,2014,34,2014-08-09,Ratnapura,0.7554485555472933
60,2014,34,2014-08-09,Trincomalee,0.6184376023674807
60,2014,34,2014-08-09,Vavuniya,0.5598133625817966
61,2014,35,2014-08-16,Ampara,0.602942595941142
61,2014,35,2014-08-16,Anuradhapura,0.5093329286882808
61,2014,35,2014-08-16,Badulla,0.7399326740035693
61,2014,35,2014-08-16,Batticaloa,0.4923386049470844
61,2014,35,2014-08-16,Colombo,0.5635644259369423
61,2014,35,2014-08-16,Galle,0.6878636191255205
61,2014,35,2014-08-16,Gampaha,0.5713612730517549
61,2014,35,2014-08-16,Hambantota,0.3957910674449733
61,2014,35,2014-08-16,Jaffna,0.32832954572250517
61,2014,35,2014-08-16,Kalutara,0.6231370259518145
61,2014,35,2014-08-16,Kandy,0.6759550974122546
61,2014,35,2014-08-16,Kegalle,0.6945779167906008
61,2014,35,2014-08-16,Kilinochchi,0.297069214404601
61,2014,35,2014-08-16,Kurunegala,0.6317601297590719
61,2014,35,2014-08-16,Mannar,0.7147794281677573
61,2014,35,2014-08-16,Matale,0.6919930379982153
61,2014,35,2014-08-16,Matara,0.652893409800714
61,2014,35,2014-08-16,Moneragala,0.6314416753420583
61,2014,35,2014-08-16,Mullaitivu,0.6252794356038073
61,2014,35,2014-08-16,NuwaraEliya,0.7671019817073171
61,2014,35,2014-08-16,Polonnaruwa,0.5297329379833432
61,2014,35,2014-08-16,Puttalam,0.495232642400357
61,2014,35,2014-08-16,Ratnapura,0.7239150598602023
61,2014,35,2014-08-16,Trincomalee,0.6244388047200714
61,2014,35,2014-08-16,Vavuniya,0.5741184934562761
62,2014,36,2014-08-23,Ampara,0.6304531534865998
62,2014,36,2014-08-23,Anuradhapura,0.5246829956127306
62,2014,36,2014-08-23,Badulla,0.7279275784503272
62,2014,36,2014-08-23,Batticaloa,0.5233680264432967
62,2014,36,2014-08-23,Colombo,0.548835979327781
62,2014,36,2014-08-23,Galle,0.679683125743605
62,2014,36,2014-08-23,Gampaha,0.593055257287329
62,2014,36,2014-08-23,Hambantota,0.39444397494051164
62,2014,36,2014-08-23,Jaffna,0.33898111389407876
62,2014,36,2014-08-23,Kalutara,0.605157265020821
62,2014,36,2014-08-23,Kandy,0.683571614738251
62,2014,36,2014-08-23,Kegalle,0.6479271787626413
62,2014,36,2014-08-23,Kilinochchi,0.3129613897946616
62,2014,36,2014-08-23,Kurunegala,0.6402251059637121
62,2014,36,2014-08-23,Mannar,0.703619387641285
62,2014,36,2014-08-23,Matale,0.6781166139946461
62,2014,36,2014-08-23,Matara,0.6445491597263535
62,2014,36,2014-08-23,Moneragala,0.6514900003718025
62,2014,36,2014-08-23,Mullaitivu,0.65570375892326
62,2014,36,2014-08-23,NuwaraEliya,0.6946388921757263
62,2014,36,2014-08-23,Polonnaruwa,0.5328750892325996
62,2014,36,2014-08-23,Puttalam,0.5062918277810827
62,2014,36,2014-08-23,Ratnapura,0.7138207670285545
62,2014,36,2014-08-23,Trincomalee,0.6543932400238237
62,2014,36,2014-08-23,Vavuniya,0.5856563243604997
63,2014,37,2014-08-30,Ampara,0.655705879637314
63,2014,37,2014-08-30,Anuradhapura,0.5437803520969661
63,2014,37,2014-08-30,Badulla,0.7110549393961928
63,2014,37,2014-08-30,Batticaloa,0.553079627406094
63,2014,37,2014-08-30,Colombo,0.520018497174301
63,2014,37,2014-08-30,Galle,0.6562654242266508
63,2014,37,2014-08-30,Gampaha,0.6102771936347413
63,2014,37,2014-08-30,Hambantota,0.39744856670136824
63,2014,37,2014-08-30,Jaffna,0.3507530952908104
63,2014,37,2014-08-30,Kalutara,0.5905450252825699
63,2014,37,2014-08-30,Kandy,0.6781053111986912
63,2014,37,2014-08-30,Kegalle,0.6060609533016063
63,2014,37,2014-08-30,Kilinochchi,0.33728947791469654
63,2014,37,2014-08-30,Kurunegala,0.6418383904669839
63,2014,37,2014-08-30,Mannar,0.6875995222337894
63,2014,37,2014-08-30,Matale,0.6619286194973231
63,2014,37,2014-08-30,Matara,0.6390042311124331
63,2014,37,2014-08-30,Moneragala,0.6698821516210589
63,2014,37,2014-08-30,Mullaitivu,0.6970221334027366
63,2014,37,2014-08-30,NuwaraEliya,0.5694910196141311
63,2014,37,2014-08-30,Polonnaruwa,0.5395658982748365
63,2014,37,2014-08-30,Puttalam,0.5335538295657347
63,2014,37,2014-08-30,Ratnapura,0.7095735295211184
63,2014,37,2014-08-30,Trincomalee,0.6908803752233472
63,2014,37,2014-08-30,Vavuniya,0.5964394370910173
64,2014,38,2014-09-06,Ampara,0.6675841073022011
64,2014,38,2014-09-06,Anuradhapura,0.5626311105740631
64,2014,38,2014-09-06,Badulla,0.6992928260707912
64,2014,38,2014-09-06,Batticaloa,0.5463871273976033
64,2014,38,2014-09-06,Colombo,0.5375288816180844
64,2014,38,2014-09-06,Galle,0.639856363399762
64,2014,38,2014-09-06,Gampaha,0.6283452799672814
64,2014,38,2014-09-06,Hambantota,0.39626516954193935
64,2014,38,2014-09-06,Jaffna,0.3613006185116265
64,2014,38,2014-09-06,Kalutara,0.5952752565437239
64,2014,38,2014-09-06,Kandy,0.6831334510707912
64,2014,38,2014-09-06,Kegalle,0.6309851669393218
64,2014,38,2014-09-06,Kilinochchi,0.35616368336092713
64,2014,38,2014-09-06,Kurunegala,0.6457598323170731
64,2014,38,2014-09-06,Mannar,0.6757015783016062
64,2014,38,2014-09-06,Matale,0.6461659447501488
64,2014,38,2014-09-06,Matara,0.6482230666270078
64,2014,38,2014-09-06,Moneragala,0.6814068281528852
64,2014,38,2014-09-06,Mullaitivu,0.722520146118382
64,2014,38,2014-09-06,NuwaraEliya,0.5633299603488128
64,2014,38,2014-09-06,Polonnaruwa,0.5412590831350388
64,2014,38,2014-09-06,Puttalam,0.557562767697799
64,2014,38,2014-09-06,Ratnapura,0.7241574657941702
64,2014,38,2014-09-06,Trincomalee,0.7104510845792122
64,2014,38,2014-09-06,Vavuniya,0.5961241169690661
65,2014,39,2014-09-13,Ampara,0.6660878364812611
65,2014,39,2014-09-13,Anuradhapura,0.5812352710440215
65,2014,39,2014-09-13,Badulla,0.6926412384741226
65,2014,39,2014-09-13,Batticaloa,0.5032905264178247
65,2014,39,2014-09-13,Colombo,0.6013671326591314
65,2014,39,2014-09-13,Galle,0.6304559432629387
65,2014,39,2014-09-13,Gampaha,0.6472595162849495
65,2014,39,2014-09-13,Hambantota,0.39089378346222486
65,2014,39,2014-09-13,Jaffna,0.3706236835565271
65,2014,39,2014-09-13,Kalutara,0.6193479588042832
65,2014,39,2014-09-13,Kandy,0.6986560343545508
65,2014,39,2014-09-13,Kegalle,0.7226998196757882
65,2014,39,2014-09-13,Kilinochchi,0.3695840061333534
65,2014,39,2014-09-13,Kurunegala,0.6519894315139798
65,2014,39,2014-09-13,Mannar,0.6679255558447352
65,2014,39,2014-09-13,Matale,0.6308285897531232
65,2014,39,2014-09-13,Matara,0.6722056662700774
65,2014,39,2014-09-13,Moneragala,0.6860640299672814
65,2014,39,2014-09-13,Mullaitivu,0.7321977970701964
65,2014,39,2014-09-13,NuwaraEliya,0.6761557143797715
65,2014,39,2014-09-13,Polonnaruwa,0.5379546438132065
65,2014,39,2014-09-13,Puttalam,0.5783186421772755
65,2014,39,2014-09-13,Ratnapura,0.7575725758477098
65,2014,39,2014-09-13,Trincomalee,0.7131053680914187
65,2014,39,2014-09-13,Vavuniya,0.584710363994646
66,2014,40,2014-09-20,Ampara,0.66862898475065
66,2014,40,2014-09-20,Anuradhapura,0.600143750672079
66,2014,40,2014-09-20,Badulla,0.6946916809190958
66,2014,40,2014-09-20,Batticaloa,0.4711041507412384
66,2014,40,2014-09-20,Colombo,0.6410660023795359
66,2014,40,2014-09-20,Galle,0.6270715961481261
66,2014,40,2014-09-20,Gampaha,0.6574113567073171
66,2014,40,2014-09-20,Hambantota,0.3887163555919096
66,2014,40,2014-09-20,Jaffna,0.3737260966347464
66,2014,40,2014-09-20,Kalutara,0.6397189303242118
66,2014,40,2014-09-20,Kandy,0.7125709361986913
66,2014,40,2014-09-20,Kegalle,0.789017022346658
66,2014,40,2014-09-20,Kilinochchi,0.38327033294617446
66,2014,40,2014-09-20,Kurunegala,0.6553766545211184
66,2014,40,2014-09-20,Mannar,0.6601910878941106
66,2014,40,2014-09-20,Matale,0.6308718787180251
66,2014,40,2014-09-20,Matara,0.69415437053837
66,2014,40,2014-09-20,Moneragala,0.6937905766656753
66,2014,40,2014-09-20,Mullaitivu,0.7284074358574297
66,2014,40,2014-09-20,NuwaraEliya,0.7650207819006544
66,2014,40,2014-09-20,Polonnaruwa,0.5425238604253421
66,2014,40,2014-09-20,Puttalam,0.5939370222337894
66,2014,40,2014-09-20,Ratnapura,0.7856196757882213
66,2014,40,2014-09-20,Trincomalee,0.7180337273377762
66,2014,40,2014-09-20,Vavuniya,0.5862424845602373
67,2014,41,2014-09-27,Ampara,0.6859740030179113
67,2014,41,2014-09-27,Anuradhapura,0.620168067213167
67,2014,41,2014-09-27,Badulla,0.7286495668500893
67,2014,41,2014-09-27,Batticaloa,0.47892193450969045
67,2014,41,2014-09-27,Colombo,0.5922538072575848
67,2014,41,2014-09-27,Galle,0.6457461834473528
67,2014,41,2014-09-27,Gampaha,0.6354344121802499
67,2014,41,2014-09-27,Hambantota,0.3982501078227246
67,2014,41,2014-09-27,Jaffna,0.3540194525018008
67,2014,41,2014-09-27,Kalutara,0.646516889128495
67,2014,41,2014-09-27,Kandy,0.720591006097561
67,2014,41,2014-09-27,Kegalle,0.7622102414436737
67,2014,41,2014-09-27,Kilinochchi,0.3979320079071098
67,2014,41,2014-09-27,Kurunegala,0.6483418314991077
67,2014,41,2014-09-27,Mannar,0.6526089864663891
67,2014,41,2014-09-27,Matale,0.6873108622099942
67,2014,41,2014-09-27,Matara,0.7086454584324807
67,2014,41,2014-09-27,Moneragala,0.712771387938727
67,2014,41,2014-09-27,Mullaitivu,0.6752343633745326
67,2014,41,2014-09-27,NuwaraEliya,0.7660299988845926
67,2014,41,2014-09-27,Polonnaruwa,0.5759631487953599
67,2014,41,2014-09-27,Puttalam,0.5907179227394408
67,2014,41,2014-09-27,Ratnapura,0.7939840719809638
67,2014,41,2014-09-27,Trincomalee,0.7313003642760203
67,2014,41,2014-09-27,Vavuniya,0.63524280810587
68,2014,42,2014-10-04,Ampara,0.7033190212851727
68,2014,42,2014-10-04,Anuradhapura,0.6401923837542548
68,2014,42,2014-10-04,Badulla,0.7626074527810828
68,2014,42,2014-10-04,Batticaloa,0.4867397182781425
68,2014,42,2014-10-04,Colombo,0.5434416121356336
68,2014,42,2014-10-04,Galle,0.6644207707465795
68,2014,42,2014-10-04,Gampaha,0.6134574676531827
68,2014,42,2014-10-04,Hambantota,0.40778386005353956
68,2014,42,2014-10-04,Jaffna,0.3343128083688552
68,2014,42,2014-10-04,Kalutara,0.6533148479327782
68,2014,42,2014-10-04,Kandy,0.7286110759964307
68,2014,42,2014-10-04,Kegalle,0.7354034605406894
68,2014,42,2014-10-04,Kilinochchi,0.4125936828680451
68,2014,42,2014-10-04,Kurunegala,0.641307008477097
68,2014,42,2014-10-04,Mannar,0.6450268850386675
68,2014,42,2014-10-04,Matale,0.7437498457019632
68,2014,42,2014-10-04,Matara,0.7231365463265913
68,2014,42,2014-10-04,Moneragala,0.7317521992117788
68,2014,42,2014-10-04,Mullaitivu,0.6220612908916355
68,2014,42,2014-10-04,NuwaraEliya,0.7670392158685307
68,2014,42,2014-10-04,Polonnaruwa,0.6094024371653778
68,2014,42,2014-10-04,Puttalam,0.5874988232450922
68,2014,42,2014-10-04,Ratnapura,0.8023484681737062
68,2014,42,2014-10-04,Trincomalee,0.7445670012142644
68,2014,42,2014-10-04,Vavuniya,0.6842431316515025
69,2014,43,2014-10-11,Ampara,0.6899789919608444
69,2014,43,2014-10-11,Anuradhapura,0.6603538415723645
69,2014,43,2014-10-11,Badulla,0.7806828487507437
69,2014,43,2014-10-11,Batticaloa,0.5020784205601581
69,2014,43,2014-10-11,Colombo,0.5808154632659132
69,2014,43,2014-10-11,Galle,0.6870303279298038
69,2014,43,2014-10-11,Gampaha,0.6478369441552647
69,2014,43,2014-10-11,Hambantota,0.48740796586853063
69,2014,43,2014-10-11,Jaffna,0.35752539442746745
69,2014,43,2014-10-11,Kalutara,0.6980973509071982
69,2014,43,2014-10-11,Kandy,0.7443858082986318
69,2014,43,2014-10-11,Kegalle,0.7548474361174371
69,2014,43,2014-10-11,Kilinochchi,0.4436013927005454
69,2014,43,2014-10-11,Kurunegala,0.6703929309086694
69,2014,43,2014-10-11,Mannar,0.7000186663444379
69,2014,43,2014-10-11,Matale,0.7676787273200477
69,2014,43,2014-10-11,Matara,0.7358398683819155
69,2014,43,2014-10-11,Moneragala,0.7381684785841761
69,2014,43,2014-10-11,Mullaitivu,0.6572023460936836
69,2014,43,2014-10-11,NuwaraEliya,0.6270092114069007
69,2014,43,2014-10-11,Polonnaruwa,0.6407070400803093
69,2014,43,2014-10-11,Puttalam,0.6071329175342058
69,2014,43,2014-10-11,Ratnapura,0.8283541679060084
69,2014,43,2014-10-11,Trincomalee,0.7489147357212401
69,2014,43,2014-10-11,Vavuniya,0.6898760655848543
70,2014,44,2014-10-18,Ampara,0.67427857436024
70,2014,44,2014-10-18,Anuradhapura,0.6805258487194759
70,2014,44,2014-10-18,Badulla,0.797536514723379
70,2014,44,2014-10-18,Batticaloa,0.5179956550355248
70,2014,44,2014-10-18,Colombo,0.624819010261749
70,2014,44,2014-10-18,Galle,0.7099425751041047
70,2014,44,2014-10-18,Gampaha,0.6865515299672814
70,2014,44,2014-10-18,Hambantota,0.5724236373438429
70,2014,44,2014-10-18,Jaffna,0.3840394597315842
70,2014,44,2014-10-18,Kalutara,0.7458017418947055
70,2014,44,2014-10-18,Kandy,0.7607570530933968
70,2014,44,2014-10-18,Kegalle,0.7778491621926259
70,2014,44,2014-10-18,Kilinochchi,0.4758664898308584
70,2014,44,2014-10-18,Kurunegala,0.7022573722212866
70,2014,44,2014-10-18,Mannar,0.7598238232450922
70,2014,44,2014-10-18,Matale,0.7891068318709102
70,2014,44,2014-10-18,Matara,0.7484056699881023
70,2014,44,2014-10-18,Moneragala,0.743618255502677
70,2014,44,2014-10-18,Mullaitivu,0.6991367957330352
70,2014,44,2014-10-18,NuwaraEliya,0.47613003606484233
70,2014,44,2014-10-18,Polonnaruwa,0.6718474364217727
70,2014,44,2014-10-18,Puttalam,0.6285249498066627
70,2014,44,2014-10-18,Ratnapura,0.8557168909875075
70,2014,44,2014-10-18,Trincomalee,0.7525764008104258
70,2014,44,2014-10-18,Vavuniya,0.6921730464711074
71,2014,45,2014-10-25,Ampara,0.6627451022976472
71,2014,45,2014-10-25,Anuradhapura,0.693108175682283
71,2014,45,2014-10-25,Badulla,0.8141432127453897
71,2014,45,2014-10-25,Batticaloa,0.538765182464127
71,2014,45,2014-10-25,Colombo,0.6489926922218917
71,2014,45,2014-10-25,Galle,0.7337495352468769
71,2014,45,2014-10-25,Gampaha,0.7068893645895301
71,2014,45,2014-10-25,Hambantota,0.6237491560083284
71,2014,45,2014-10-25,Jaffna,0.43892115053569525
71,2014,45,2014-10-25,Kalutara,0.7748196888013087
71,2014,45,2014-10-25,Kandy,0.7676924022159429
71,2014,45,2014-10-25,Kegalle,0.799835444312184
71,2014,45,2014-10-25,Kilinochchi,0.5104147186309811
71,2014,45,2014-10-25,Kurunegala,0.7312273819334939
71,2014,45,2014-10-25,Mannar,0.7862781004337652
71,2014,45,2014-10-25,Matale,0.8017715310826888
71,2014,45,2014-10-25,Matara,0.7748688355145747
71,2014,45,2014-10-25,Moneragala,0.7503416046995837
71,2014,45,2014-10-25,Mullaitivu,0.7426542366894706
71,2014,45,2014-10-25,NuwaraEliya,0.5287299821534801
71,2014,45,2014-10-25,Polonnaruwa,0.6667771044021416
71,2014,45,2014-10-25,Puttalam,0.6575439767995241
71,2014,45,2014-10-25,Ratnapura,0.8484152253123141
71,2014,45,2014-10-25,Trincomalee,0.7618320419648181
71,2014,45,2014-10-25,Vavuniya,0.7130235667013683
72,2014,46,2014-11-01,Ampara,0.6535265999783939
72,2014,46,2014-11-01,Anuradhapura,0.7014740136538101
72,2014,46,2014-11-01,Badulla,0.8306127063503868
72,2014,46,2014-11-01,Batticaloa,0.5622304282000822
72,2014,46,2014-11-01,Colombo,0.6621497824955385
72,2014,46,2014-11-01,Galle,0.7580535581499108
72,2014,46,2014-11-01,Gampaha,0.717017892995241
72,2014,46,2014-11-01,Hambantota,0.6563579231112433
72,2014,46,2014-11-01,Jaffna,0.5095626332842476
72,2014,46,2014-11-01,Kalutara,0.7934562778851875
72,2014,46,2014-11-01,Kandy,0.7693855870761451
72,2014,46,2014-11-01,Kegalle,0.8212575909008363
72,2014,46,2014-11-01,Kilinochchi,0.5462313539143313
72,2014,46,2014-11-01,Kurunegala,0.758589374089918
72,2014,46,2014-11-01,Mannar,0.7942041111157818
72,2014,46,2014-11-01,Matale,0.8095676717727543
72,2014,46,2014-11-01,Matara,0.809052758774539
72,2014,46,2014-11-01,Moneragala,0.7577724940511601
72,2014,46,2014-11-01,Mullaitivu,0.787051117266508
72,2014,46,2014-11-01,NuwaraEliya,0.6943738845925045
72,2014,46,2014-11-01,Polonnaruwa,0.6415897010707912
72,2014,46,2014-11-01,Puttalam,0.6908002230814991
72,2014,46,2014-11-01,Ratnapura,0.8218555658834028
72,2014,46,2014-11-01,Trincomalee,0.7741954475998808
72,2014,46,2014-11-01,Vavuniya,0.7441816087894111
73,2014,47,2014-11-08,Ampara,0.6307918075042594
73,2014,47,2014-11-08,Anuradhapura,0.6583204491374182
73,2014,47,2014-11-08,Badulla,0.8048695754015467
73,2014,47,2014-11-08,Batticaloa,0.5603916158536586
73,2014,47,2014-11-08,Colombo,0.671403374107674
73,2014,47,2014-11-08,Galle,0.7674049982427906
73,2014,47,2014-11-08,Gampaha,0.7046673259964308
73,2014,47,2014-11-08,Hambantota,0.684406201964584
73,2014,47,2014-11-08,Jaffna,0.5060225634641959
73,2014,47,2014-11-08,Kalutara,0.7889357339381321
73,2014,47,2014-11-08,Kandy,0.7817345571832243
73,2014,47,2014-11-08,Kegalle,0.8212378216091613
73,2014,47,2014-11-08,Kilinochchi,0.5239006894466207
73,2014,47,2014-11-08,Kurunegala,0.7691421951476486
73,2014,47,2014-11-08,Mannar,0.7304621232822592
73,2014,47,2014-11-08,Matale,0.8109295657346817
73,2014,47,2014-11-08,Matara,0.8278065716091613
73,2014,47,2014-11-08,Moneragala,0.7542457595925045
73,2014,47,2014-11-08,Mullaitivu,0.7676707075401547
73,2014,47,2014-11-08,NuwaraEliya,0.7881031900654373
73,2014,47,2014-11-08,Polonnaruwa,0.6175178074806662
73,2014,47,2014-11-08,Puttalam,0.6755530952558002
73,2014,47,2014-11-08,Ratnapura,0.803529993307555
73,2014,47,2014-11-08,Trincomalee,0.7394927622954103
73,2014,47,2014-11-08,Vavuniya,0.733963507584771
74,2014,48,2014-11-15,Ampara,0.5837276927513386
74,2014,48,2014-11-15,Anuradhapura,0.5224319601427722
74,2014,48,2014-11-15,Badulla,0.7031437202558002
74,2014,48,2014-11-15,Batticaloa,0.5130054989589531
74,2014,48,2014-11-15,Colombo,0.6736306681290898
74,2014,48,2014-11-15,Galle,0.7498417892773931
74,2014,48,2014-11-15,Gampaha,0.6518543872694825
74,2014,48,2014-11-15,Hambantota,0.7042456019686909
74,2014,48,2014-11-15,Jaffna,0.3689556990206576
74,2014,48,2014-11-15,Kalutara,0.7427323505353957
74,2014,48,2014-11-15,Kandy,0.8132639407346818
74,2014,48,2014-11-15,Kegalle,0.782622603732897
74,2014,48,2014-11-15,Kilinochchi,0.39690488542700053
74,2014,48,2014-11-15,Kurunegala,0.749438508227731
74,2014,48,2014-11-15,Mannar,0.5377177381207661
74,2014,48,2014-11-15,Matale,0.8007098155859608
74,2014,48,2014-11-15,Matara,0.8187861856781677
74,2014,48,2014-11-15,Moneragala,0.7309953022754313
74,2014,48,2014-11-15,Mullaitivu,0.6334911752676978
74,2014,48,2014-11-15,NuwaraEliya,0.7523862209994051
74,2014,48,2014-11-15,Polonnaruwa,0.5954538314247473
74,2014,48,2014-11-15,Puttalam,0.5729998940362879
74,2014,48,2014-11-15,Ratnapura,0.8000257770672219
74,2014,48,2014-11-15,Trincomalee,0.6200711132997803
74,2014,48,2014-11-15,Vavuniya,0.6492683484533017
75,2014,49,2014-11-22,Ampara,0.5364017483687548
75,2014,49,2014-11-22,Anuradhapura,0.4035838150109623
75,2014,49,2014-11-22,Badulla,0.6085310041718942
75,2014,49,2014-11-22,Batticaloa,0.4712883588904082
75,2014,49,2014-11-22,Colombo,0.6764292924598453
75,2014,49,2014-11-22,Galle,0.7352517684033385
75,2014,49,2014-11-22,Gampaha,0.6066049412552053
75,2014,49,2014-11-22,Hambantota,0.7234711042476425
75,2014,49,2014-11-22,Jaffna,0.25033568050413985
75,2014,49,2014-11-22,Kalutara,0.7031576089381322
75,2014,49,2014-11-22,Kandy,0.8413743103063653
75,2014,49,2014-11-22,Kegalle,0.7499907960291493
75,2014,49,2014-11-22,Kilinochchi,0.2878789920553128
75,2014,49,2014-11-22,Kurunegala,0.7321345778260391
75,2014,49,2014-11-22,Mannar,0.36822941143664484
75,2014,49,2014-11-22,Matale,0.7888906807703748
75,2014,49,2014-11-22,Matara,0.8104545341314693
75,2014,49,2014-11-22,Moneragala,0.7108295043872694
75,2014,49,2014-11-22,Mullaitivu,0.5118009196539233
75,2014,49,2014-11-22,NuwaraEliya,0.7173003848155859
75,2014,49,2014-11-22,Polonnaruwa,0.5742210105591911
75,2014,49,2014-11-22,Puttalam,0.4834432015913147
75,2014,49,2014-11-22,Ratnapura,0.7980562723081499
75,2014,49,2014-11-22,Trincomalee,0.513488505597015
75,2014,49,2014-11-22,Vavuniya,0.5736660695298575
76,2014,50,2014-11-29,Ampara,0.4856720188005517
76,2014,50,2014-11-29,Anuradhapura,0.5062601400960229
76,2014,50,2014-11-29,Badulla,0.6063890958919168
76,2014,50,2014-11-29,Batticaloa,0.5032679175619523
76,2014,50,2014-11-29,Colombo,0.6866552108120166
76,2014,50,2014-11-29,Galle,0.7593131927167432
76,2014,50,2014-11-29,Gampaha,0.6596809005056514
76,2014,50,2014-11-29,Hambantota,0.7347159360995735
76,2014,50,2014-11-29,Jaffna,0.3715246590388902
76,2014,50,2014-11-29,Kalutara,0.7497552108120167
76,2014,50,2014-11-29,Kandy,0.8250374981409876
76,2014,50,2014-11-29,Kegalle,0.7951433205681142
76,2014,50,2014-11-29,Kilinochchi,0.4124619371067482
76,2014,50,2014-11-29,Kurunegala,0.7460274821612825
76,2014,50,2014-11-29,Mannar,0.5010698449583582
76,2014,50,2014-11-29,Matale,0.7562795452855443
76,2014,50,2014-11-29,Matara,0.8110764295806068
76,2014,50,2014-11-29,Moneragala,0.7307642790749554
76,2014,50,2014-11-29,Mullaitivu,0.5524712606030185
76,2014,50,2014-11-29,NuwaraEliya,0.6904192761005354
76,2014,50,2014-11-29,Polonnaruwa,0.5637932071683522
76,2014,50,2014-11-29,Puttalam,0.562841123215348
76,2014,50,2014-11-29,Ratnapura,0.8160380168054729
76,2014,50,2014-11-29,Trincomalee,0.5738134347014926
76,2014,50,2014-11-29,Vavuniya,0.6162712333107403
77,2014,51,2014-12-06,Ampara,0.4349422892323487
77,2014,51,2014-12-06,Anuradhapura,0.6089364651810836
77,2014,51,2014-12-06,Badulla,0.6042471876119394
77,2014,51,2014-12-06,Batticaloa,0.5352474762334964
77,2014,51,2014-12-06,Colombo,0.696881129164188
77,2014,51,2014-12-06,Galle,0.7833746170301479
77,2014,51,2014-12-06,Gampaha,0.7127568597560976
77,2014,51,2014-12-06,Hambantota,0.7459607679515047
77,2014,51,2014-12-06,Jaffna,0.4927136375736406
77,2014,51,2014-12-06,Kalutara,0.7963528126859013
77,2014,51,2014-12-06,Kandy,0.8087006859756097
77,2014,51,2014-12-06,Kegalle,0.8402958451070791
77,2014,51,2014-12-06,Kilinochchi,0.5370448821581837
77,2014,51,2014-12-06,Kurunegala,0.7599203864965258
77,2014,51,2014-12-06,Mannar,0.6339102784800714
77,2014,51,2014-12-06,Matale,0.7236684098007139
77,2014,51,2014-12-06,Matara,0.8116983250297443
77,2014,51,2014-12-06,Moneragala,0.7506990537626413
77,2014,51,2014-12-06,Mullaitivu,0.5931416015521137
77,2014,51,2014-12-06,NuwaraEliya,0.6635381673854849
77,2014,51,2014-12-06,Polonnaruwa,0.5533654037775134
77,2014,51,2014-12-06,Puttalam,0.6422390448393813
77,2014,51,2014-12-06,Ratnapura,0.8340197613027961
77,2014,51,2014-12-06,Trincomalee,0.6341383638059701
77,2014,51,2014-12-06,Vavuniya,0.6588763970916232
78,2014,52,2014-12-13,Ampara,0.4982163269140148
78,2014,52,2014-12-13,Anuradhapura,0.6222399409328748
78,2014,52,2014-12-13,Badulla,0.687489108133276
78,2014,52,2014-12-13,Batticaloa,0.555070443756249
78,2014,52,2014-12-13,Colombo,0.7067989608120167
78,2014,52,2014-12-13,Galle,0.7966341798036883
78,2014,52,2014-12-13,Gampaha,0.7532853714306961
78,2014,52,2014-12-13,Hambantota,0.7395330724032972
78,2014,52,2014-12-13,Jaffna,0.4671484487496143
78,2014,52,2014-12-13,Kalutara,0.8081608287477693
78,2014,52,2014-12-13,Kandy,0.7823068756133057
78,2014,52,2014-12-13,Kegalle,0.8430245073616894
78,2014,52,2014-12-13,Kilinochchi,0.5092793332997284
78,2014,52,2014-12-13,Kurunegala,0.7763228384064695
78,2014,52,2014-12-13,Mannar,0.5904951182331946
78,2014,52,2014-12-13,Matale,0.7517392920880429
78,2014,52,2014-12-13,Matara,0.8176435603807258
78,2014,52,2014-12-13,Moneragala,0.7825026714009519
78,2014,52,2014-12-13,Mullaitivu,0.5502417900524352
78,2014,52,2014-12-13,NuwaraEliya,0.7070981409875075
78,2014,52,2014-12-13,Polonnaruwa,0.5686551104253421
78,2014,52,2014-12-13,Puttalam,0.6932793909875075
78,2014,52,2014-12-13,Ratnapura,0.8308421698393814
78,2014,52,2014-12-13,Trincomalee,0.6091512993011277
78,2014,52,2014-12-13,Vavuniya,0.6121371887111815
79,2015,1,2014-12-20,Ampara,0.5925823011183725
79,2015,1,2014-12-20,Anuradhapura,0.611169003230138
79,2015,1,2014-12-20,Badulla,0.7940175274186074
79,2015,1,2014-12-20,Batticaloa,0.5715779773293311
79,2015,1,2014-12-20,Colombo,0.7166327688132065
79,2015,1,2014-12-20,Galle,0.8069477803390839
79,2015,1,2014-12-20,Gampaha,0.7903918519482451
79,2015,1,2014-12-20,Hambantota,0.728285596655052
79,2015,1,2014-12-20,Jaffna,0.40155939610046704
79,2015,1,2014-12-20,Kalutara,0.8104807759518144
79,2015,1,2014-12-20,Kandy,0.7531702475609308
79,2015,1,2014-12-20,Kegalle,0.8341830253569305
79,2015,1,2014-12-20,Kilinochchi,0.43996419519312124
79,2015,1,2014-12-20,Kurunegala,0.7934097123822406
79,2015,1,2014-12-20,Mannar,0.499010250594884
79,2015,1,2014-12-20,Matale,0.7963598155859608
79,2015,1,2014-12-20,Matara,0.8250406157049376
79,2015,1,2014-12-20,Moneragala,0.8175432462076145
79,2015,1,2014-12-20,Mullaitivu,0.48455011879400034
79,2015,1,2014-12-20,NuwaraEliya,0.7698693188578227
79,2015,1,2014-12-20,Polonnaruwa,0.5909586834473528
79,2015,1,2014-12-20,Puttalam,0.7365858529149316
79,2015,1,2014-12-20,Ratnapura,0.8218938503866746
79,2015,1,2014-12-20,Trincomalee,0.5608973274482889
79,2015,1,2014-12-20,Vavuniya,0.5410313333776515
80,2015,2,2014-12-27,Ampara,0.6691410907533532
80,2015,2,2014-12-27,Anuradhapura,0.6358457157947084
80,2015,2,2014-12-27,Badulla,0.8485540726673684
80,2015,2,2014-12-27,Batticaloa,0.6184493590619453
80,2015,2,2014-12-27,Colombo,0.7162950441586968
80,2015,2,2014-12-27,Galle,0.8119561753534984
80,2015,2,2014-12-27,Gampaha,0.7988362055553014
80,2015,2,2014-12-27,Hambantota,0.7284006588279416
80,2015,2,2014-12-27,Jaffna,0.4135154313867598
80,2015,2,2014-12-27,Kalutara,0.8053480208667002
80,2015,2,2014-12-27,Kandy,0.7428154033523123
80,2015,2,2014-12-27,Kegalle,0.8323546195030431
80,2015,2,2014-12-27,Kilinochchi,0.4601269151250671
80,2015,2,2014-12-27,Kurunegala,0.7828264503210648
80,2015,2,2014-12-27,Mannar,0.5337018143961928
80,2015,2,2014-12-27,Matale,0.8217437926142864
80,2015,2,2014-12-27,Matara,0.830260048963529
80,2015,2,2014-12-27,Moneragala,0.8345163593099346
80,2015,2,2014-12-27,Mullaitivu,0.5274440915434951
80,2015,2,2014-12-27,NuwaraEliya,0.802110840616849
80,2015,2,2014-12-27,Polonnaruwa,0.6472110282341098
80,2015,2,2014-12-27,Puttalam,0.7530942456413308
80,2015,2,2014-12-27,Ratnapura,0.8147020294696381
80,2015,2,2014-12-27,Trincomalee,0.5978329217228469
80,2015,2,2014-12-27,Vavuniya,0.5715848739303528
81,2015,3,2015-01-03,Ampara,0.7278926958189567
81,2015,3,2015-01-03,Anuradhapura,0.6962700786265857
81,2015,3,2015-01-03,Badulla,0.851098743879559
81,2015,3,2015-01-03,Batticaloa,0.6956845889540916
81,2015,3,2015-01-03,Colombo,0.7057857868484877
81,2015,3,2015-01-03,Galle,0.8116593648469318
81,2015,3,2015-01-03,Gampaha,0.7786184322518648
81,2015,3,2015-01-03,Hambantota,0.7398782589219659
81,2015,3,2015-01-03,Jaffna,0.5030165546084926
81,2015,3,2015-01-03,Kalutara,0.7927625634924267
81,2015,3,2015-01-03,Kandy,0.7512423429874506
81,2015,3,2015-01-03,Kegalle,0.8375392898000275
81,2015,3,2015-01-03,Kilinochchi,0.5697674930955658
81,2015,3,2015-01-03,Kurunegala,0.7445730522229422
81,2015,3,2015-01-03,Mannar,0.6945698096371208
81,2015,3,2015-01-03,Matale,0.8278912231730198
81,2015,3,2015-01-03,Matara,0.8333018601565002
81,2015,3,2015-01-03,Moneragala,0.833422010707912
81,2015,3,2015-01-03,Mullaitivu,0.6789237083009197
81,2015,3,2015-01-03,NuwaraEliya,0.8038227062645862
81,2015,3,2015-01-03,Polonnaruwa,0.737412144785613
81,2015,3,2015-01-03,Puttalam,0.7428045691667049
81,2015,3,2015-01-03,Ratnapura,0.8092667070882716
81,2015,3,2015-01-03,Trincomalee,0.7199580821248017
81,2015,3,2015-01-03,Vavuniya,0.7037978103692857
82,2015,4,2015-01-10,Ampara,0.7405513877681408
82,2015,4,2015-01-10,Anuradhapura,0.7176877825698988
82,2015,4,2015-01-10,Badulla,0.8450456220255801
82,2015,4,2015-01-10,Batticaloa,0.6698412246667562
82,2015,4,2015-01-10,Colombo,0.6930945865556217
82,2015,4,2015-01-10,Galle,0.8077394203599049
82,2015,4,2015-01-10,Gampaha,0.7601977078375967
82,2015,4,2015-01-10,Hambantota,0.7310166370845922
82,2015,4,2015-01-10,Jaffna,0.5023782093821749
82,2015,4,2015-01-10,Kalutara,0.7834523088935158
82,2015,4,2015-01-10,Kandy,0.7457551939912732
82,2015,4,2015-01-10,Kegalle,0.8236108250297441
82,2015,4,2015-01-10,Kilinochchi,0.5726047774759159
82,2015,4,2015-01-10,Kurunegala,0.7201884388013088
82,2015,4,2015-01-10,Mannar,0.758378011600238
82,2015,4,2015-01-10,Matale,0.8007599238302828
82,2015,4,2015-01-10,Matara,0.8332831982450922
82,2015,4,2015-01-10,Moneragala,0.8262234161213564
82,2015,4,2015-01-10,Mullaitivu,0.7163688504464286
82,2015,4,2015-01-10,NuwaraEliya,0.8004702520820941
82,2015,4,2015-01-10,Polonnaruwa,0.7563384374228272
82,2015,4,2015-01-10,Puttalam,0.7358364496579418
82,2015,4,2015-01-10,Ratnapura,0.8030434599940511
82,2015,4,2015-01-10,Trincomalee,0.7206789483881442
82,2015,4,2015-01-10,Vavuniya,0.7439975461035099
83,2015,5,2015-01-17,Ampara,0.7276029057637587
83,2015,5,2015-01-17,Anuradhapura,0.7174351204640096
83,2015,5,2015-01-17,Badulla,0.8342159484681737
83,2015,5,2015-01-17,Batticaloa,0.5867319747241533
83,2015,5,2015-01-17,Colombo,0.6791911957168352
83,2015,5,2015-01-17,Galle,0.8018066236615111
83,2015,5,2015-01-17,Gampaha,0.7427753439173111
83,2015,5,2015-01-17,Hambantota,0.7108554475075529
83,2015,5,2015-01-17,Jaffna,0.4516623816847182
83,2015,5,2015-01-17,Kalutara,0.7759616113920286
83,2015,5,2015-01-17,Kandy,0.7325379957554762
83,2015,5,2015-01-17,Kegalle,0.7990639518887568
83,2015,5,2015-01-17,Kilinochchi,0.5161068987506275
83,2015,5,2015-01-17,Kurunegala,0.7035087057555027
83,2015,5,2015-01-17,Mannar,0.7682641061867936
83,2015,5,2015-01-17,Matale,0.7551404412089512
83,2015,5,2015-01-17,Matara,0.831564273497918
83,2015,5,2015-01-17,Moneragala,0.8156335737656157
83,2015,5,2015-01-17,Mullaitivu,0.6904615066964286
83,2015,5,2015-01-17,NuwaraEliya,0.7943042868828079
83,2015,5,2015-01-17,Polonnaruwa,0.7356676056632142
83,2015,5,2015-01-17,Puttalam,0.730713639574658
83,2015,5,2015-01-17,Ratnapura,0.7963824769482452
83,2015,5,2015-01-17,Trincomalee,0.6539529845744798
83,2015,5,2015-01-17,Vavuniya,0.7330788370017847
84,2015,6,2015-01-24,Ampara,0.7149393980517549
84,2015,6,2015-01-24,Anuradhapura,0.70905002230815
84,2015,6,2015-01-24,Badulla,0.8306850925788222
84,2015,6,2015-01-24,Batticaloa,0.5464465215697856
84,2015,6,2015-01-24,Colombo,0.6681769984384295
84,2015,6,2015-01-24,Galle,0.7877206722189174
84,2015,6,2015-01-24,Gampaha,0.725228649241523
84,2015,6,2015-01-24,Hambantota,0.6992506724743729
84,2015,6,2015-01-24,Jaffna,0.409733919092599
84,2015,6,2015-01-24,Kalutara,0.773386877230815
84,2015,6,2015-01-24,Kandy,0.7262937816032123
84,2015,6,2015-01-24,Kegalle,0.786135507138608
84,2015,6,2015-01-24,Kilinochchi,0.47867855570934636
84,2015,6,2015-01-24,Kurunegala,0.6891836444080904
84,2015,6,2015-01-24,Mannar,0.7738149371653779
84,2015,6,2015-01-24,Matale,0.7402807716395693
84,2015,6,2015-01-24,Matara,0.823413397903034
84,2015,6,2015-01-24,Moneragala,0.8076083135038667
84,2015,6,2015-01-24,Mullaitivu,0.6887630796998492
84,2015,6,2015-01-24,NuwaraEliya,0.7932129610350982
84,2015,6,2015-01-24,Polonnaruwa,0.7242889443120906
84,2015,6,2015-01-24,Puttalam,0.7308460904967282
84,2015,6,2015-01-24,Ratnapura,0.7904963860797145
84,2015,6,2015-01-24,Trincomalee,0.6377782775330756
84,2015,6,2015-01-24,Vavuniya,0.7244080458060679
85,2015,7,2015-01-31,Ampara,0.7027888440660321
85,2015,7,2015-01-31,Anuradhapura,0.6860265392623438
85,2015,7,2015-01-31,Badulla,0.8402921084919691
85,2015,7,2015-01-31,Batticaloa,0.5832439026342412
85,2015,7,2015-01-31,Colombo,0.6623633495687091
85,2015,7,2015-01-31,Galle,0.7589590422367639
85,2015,7,2015-01-31,Gampaha,0.7074581592058299
85,2015,7,2015-01-31,Hambantota,0.7030474436201397
85,2015,7,2015-01-31,Jaffna,0.3836227136900873
85,2015,7,2015-01-31,Kalutara,0.779660877082094
85,2015,7,2015-01-31,Kandy,0.7326009388013087
85,2015,7,2015-01-31,Kegalle,0.7941202334919691
85,2015,7,2015-01-31,Kilinochchi,0.47557537689927804
85,2015,7,2015-01-31,Kurunegala,0.6790969921177871
85,2015,7,2015-01-31,Mannar,0.7715622936496134
85,2015,7,2015-01-31,Matale,0.7807887655636968
85,2015,7,2015-01-31,Matara,0.8036850107822725
85,2015,7,2015-01-31,Moneragala,0.8041993010113029
85,2015,7,2015-01-31,Mullaitivu,0.7306407028594268
85,2015,7,2015-01-31,NuwaraEliya,0.8012559860202261
85,2015,7,2015-01-31,Polonnaruwa,0.7296361896962478
85,2015,7,2015-01-31,Puttalam,0.7404380112284356
85,2015,7,2015-01-31,Ratnapura,0.7860051011302797
85,2015,7,2015-01-31,Trincomalee,0.7125958326817396
85,2015,7,2015-01-31,Vavuniya,0.719783506841166
86,2015,8,2015-02-07,Ampara,0.690487752438312
86,2015,8,2015-02-07,Anuradhapura,0.664691493158834
86,2015,8,2015-02-07,Badulla,0.8489224568709102
86,2015,8,2015-02-07,Batticaloa,0.6162089577940529
86,2015,8,2015-02-07,Colombo,0.656268984235574
86,2015,8,2015-02-07,Galle,0.7333881246281976
86,2015,8,2015-02-07,Gampaha,0.6905327279149316
86,2015,8,2015-02-07,Hambantota,0.7061064205956064
86,2015,8,2015-02-07,Jaffna,0.3606807993785794
86,2015,8,2015-02-07,Kalutara,0.7849534819303986
86,2015,8,2015-02-07,Kandy,0.7374270263236169
86,2015,8,2015-02-07,Kegalle,0.8015401174895895
86,2015,8,2015-02-07,Kilinochchi,0.47276145596032093
86,2015,8,2015-02-07,Kurunegala,0.6697300639500298
86,2015,8,2015-02-07,Mannar,0.7685473787923854
86,2015,8,2015-02-07,Matale,0.8183834194675789
86,2015,8,2015-02-07,Matara,0.7854710458804284
86,2015,8,2015-02-07,Moneragala,0.8002473416121356
86,2015,8,2015-02-07,Mullaitivu,0.768802154595479
86,2015,8,2015-02-07,NuwaraEliya,0.8079797702260559
86,2015,8,2015-02-07,Polonnaruwa,0.7333319191016667
86,2015,8,2015-02-07,Puttalam,0.7484740704937538
86,2015,8,2015-02-07,Ratnapura,0.7822189898126115
86,2015,8,2015-02-07,Trincomalee,0.7797655540141493
86,2015,8,2015-02-07,Vavuniya,0.7145216686496134
87,2015,9,2015-02-14,Ampara,0.6762296714646258
87,2015,9,2015-02-14,Anuradhapura,0.6653061273051755
87,2015,9,2015-02-14,Badulla,0.8448561273051755
87,2015,9,2015-02-14,Batticaloa,0.5993537761934936
87,2015,9,2015-02-14,Colombo,0.6465253048780487
87,2015,9,2015-02-14,Galle,0.7492964678762642
87,2015,9,2015-02-14,Gampaha,0.6845930603063654
87,2015,9,2015-02-14,Hambantota,0.6995740733571729
87,2015,9,2015-02-14,Jaffna,0.3789396692501197
87,2015,9,2015-02-14,Kalutara,0.7774879517400357
87,2015,9,2015-02-14,Kandy,0.7229992080606782
87,2015,9,2015-02-14,Kegalle,0.8016170508625818
87,2015,9,2015-02-14,Kilinochchi,0.4737078873458096
87,2015,9,2015-02-14,Kurunegala,0.6697195493753718
87,2015,9,2015-02-14,Mannar,0.7556229364961332
87,2015,9,2015-02-14,Matale,0.8181046531082689
87,2015,9,2015-02-14,Matara,0.7869445698245093
87,2015,9,2015-02-14,Moneragala,0.7892370724271267
87,2015,9,2015-02-14,Mullaitivu,0.7586533778256991
87,2015,9,2015-02-14,NuwaraEliya,0.7975534243010113
87,2015,9,2015-02-14,Polonnaruwa,0.7155579407834878
87,2015,9,2015-02-14,Puttalam,0.7362839306960143
87,2015,9,2015-02-14,Ratnapura,0.787600135707912
87,2015,9,2015-02-14,Trincomalee,0.7475134357352509
87,2015,9,2015-02-14,Vavuniya,0.7009749405116003
88,2015,10,2015-02-21,Ampara,0.6619715904909397
88,2015,10,2015-02-21,Anuradhapura,0.665920761451517
88,2015,10,2015-02-21,Badulla,0.8407897977394408
88,2015,10,2015-02-21,Batticaloa,0.5824985945929344
88,2015,10,2015-02-21,Colombo,0.6367816255205234
88,2015,10,2015-02-21,Galle,0.7652048111243308
88,2015,10,2015-02-21,Gampaha,0.678653392697799
88,2015,10,2015-02-21,Hambantota,0.6930417261187395
88,2015,10,2015-02-21,Jaffna,0.3971985391216599
88,2015,10,2015-02-21,Kalutara,0.7700224215496729
88,2015,10,2015-02-21,Kandy,0.7085713897977396
88,2015,10,2015-02-21,Kegalle,0.8016939842355741
88,2015,10,2015-02-21,Kilinochchi,0.4746543187312982
88,2015,10,2015-02-21,Kurunegala,0.6697090348007139
88,2015,10,2015-02-21,Mannar,0.742698494199881
88,2015,10,2015-02-21,Matale,0.817825886748959
88,2015,10,2015-02-21,Matara,0.7884180937685903
88,2015,10,2015-02-21,Moneragala,0.7782268032421179
88,2015,10,2015-02-21,Mullaitivu,0.7485046010559191
88,2015,10,2015-02-21,NuwaraEliya,0.7871270783759667
88,2015,10,2015-02-21,Polonnaruwa,0.6977839624653087
88,2015,10,2015-02-21,Puttalam,0.7240937908982749
88,2015,10,2015-02-21,Ratnapura,0.7929812816032125
88,2015,10,2015-02-21,Trincomalee,0.7152613174563525
88,2015,10,2015-02-21,Vavuniya,0.6874282123735872
89,2015,11,2015-02-28,Ampara,0.6532069583635173
89,2015,11,2015-02-28,Anuradhapura,0.6560431476799524
89,2015,11,2015-02-28,Badulla,0.8299138031677573
89,2015,11,2015-02-28,Batticaloa,0.5886463629697575
89,2015,11,2015-02-28,Colombo,0.6368166623289708
89,2015,11,2015-02-28,Galle,0.7757265652885188
89,2015,11,2015-02-28,Gampaha,0.6803013366299822
89,2015,11,2015-02-28,Hambantota,0.6860785856648616
89,2015,11,2015-02-28,Jaffna,0.3866669326253398
89,2015,11,2015-02-28,Kalutara,0.7773203710588936
89,2015,11,2015-02-28,Kandy,0.7032238883105295
89,2015,11,2015-02-28,Kegalle,0.8054095962224866
89,2015,11,2015-02-28,Kilinochchi,0.4709818567545425
89,2015,11,2015-02-28,Kurunegala,0.6713027346073766
89,2015,11,2015-02-28,Mannar,0.7433033239143367
89,2015,11,2015-02-28,Matale,0.8081155692296252
89,2015,11,2015-02-28,Matara,0.79053564284652
89,2015,11,2015-02-28,Moneragala,0.7640188615407496
89,2015,11,2015-02-28,Mullaitivu,0.7518266731112433
89,2015,11,2015-02-28,NuwaraEliya,0.7810379535990483
89,2015,11,2015-02-28,Polonnaruwa,0.657072248661511
89,2015,11,2015-02-28,Puttalam,0.7056059915972636
89,2015,11,2015-02-28,Ratnapura,0.7887143608715051
89,2015,11,2015-02-28,Trincomalee,0.7192280452005904
89,2015,11,2015-02-28,Vavuniya,0.6817694527067222
90,2015,12,2015-03-07,Ampara,0.6459405395578033
90,2015,12,2015-03-07,Anuradhapura,0.6433040117489589
90,2015,12,2015-03-07,Badulla,0.8171806272308151
90,2015,12,2015-03-07,Batticaloa,0.6010676631585938
90,2015,12,2015-03-07,Colombo,0.639518621728138
90,2015,12,2015-03-07,Galle,0.7847792497025581
90,2015,12,2015-03-07,Gampaha,0.684018629164188
90,2015,12,2015-03-07,Hambantota,0.6789979561522262
90,2015,12,2015-03-07,Jaffna,0.3682833780286941
90,2015,12,2015-03-07,Kalutara,0.788644724122546
90,2015,12,2015-03-07,Kandy,0.7003528368530637
90,2015,12,2015-03-07,Kegalle,0.8101175751041048
90,2015,12,2015-03-07,Kilinochchi,0.46604969658808376
90,2015,12,2015-03-07,Kurunegala,0.6733339474271267
90,2015,12,2015-03-07,Mannar,0.7475979550862583
90,2015,12,2015-03-07,Matale,0.7958330104848305
90,2015,12,2015-03-07,Matara,0.7928288351427722
90,2015,12,2015-03-07,Moneragala,0.7489388273349198
90,2015,12,2015-03-07,Mullaitivu,0.7588226130279595
90,2015,12,2015-03-07,NuwaraEliya,0.7761317073170733
90,2015,12,2015-03-07,Polonnaruwa,0.6101047888161808
90,2015,12,2015-03-07,Puttalam,0.6854006487953599
90,2015,12,2015-03-07,Ratnapura,0.781816149241523
90,2015,12,2015-03-07,Trincomalee,0.7330726400420472
90,2015,12,2015-03-07,Vavuniya,0.6782619571683521
91,2015,13,2015-03-14,Ampara,0.632158918687721
91,2015,13,2015-03-14,Anuradhapura,0.6290183744794765
91,2015,13,2015-03-14,Badulla,0.8084930379982155
91,2015,13,2015-03-14,Batticaloa,0.5985452650162891
91,2015,13,2015-03-14,Colombo,0.6368425583729923
91,2015,13,2015-03-14,Galle,0.7848228825847711
91,2015,13,2015-03-14,Gampaha,0.6882786325104104
91,2015,13,2015-03-14,Hambantota,0.6706108399583234
91,2015,13,2015-03-14,Jaffna,0.36749254873504433
91,2015,13,2015-03-14,Kalutara,0.7936857209250446
91,2015,13,2015-03-14,Kandy,0.6961530190362879
91,2015,13,2015-03-14,Kegalle,0.8149384945716837
91,2015,13,2015-03-14,Kilinochchi,0.46006919964140547
91,2015,13,2015-03-14,Kurunegala,0.6733125148721
91,2015,13,2015-03-14,Mannar,0.7513233938132065
91,2015,13,2015-03-14,Matale,0.7856485648423558
91,2015,13,2015-03-14,Matara,0.7897039113622843
91,2015,13,2015-03-14,Moneragala,0.736531525133849
91,2015,13,2015-03-14,Mullaitivu,0.7594959361986913
91,2015,13,2015-03-14,NuwaraEliya,0.7713409001338489
91,2015,13,2015-03-14,Polonnaruwa,0.5795617062016657
91,2015,13,2015-03-14,Puttalam,0.6686813689767995
91,2015,13,2015-03-14,Ratnapura,0.7829566552647234
91,2015,13,2015-03-14,Trincomalee,0.747055879068879
91,2015,13,2015-03-14,Vavuniya,0.6737648293426531
92,2015,14,2015-03-21,Ampara,0.6118620957532703
92,2015,14,2015-03-21,Anuradhapura,0.6131862358715051
92,2015,14,2015-03-21,Badulla,0.8038510354699584
92,2015,14,2015-03-21,Batticaloa,0.5810791685428432
92,2015,14,2015-03-21,Colombo,0.6287884722635336
92,2015,14,2015-03-21,Galle,0.7758574639351578
92,2015,14,2015-03-21,Gampaha,0.6930813466686496
92,2015,14,2015-03-21,Hambantota,0.6609172370831531
92,2015,14,2015-03-21,Jaffna,0.3842944447443904
92,2015,14,2015-03-21,Kalutara,0.7924433614663892
92,2015,14,2015-03-21,Kandy,0.6906244348602023
92,2015,14,2015-03-21,Kegalle,0.8198723546252231
92,2015,14,2015-03-21,Kilinochchi,0.4530403659145076
92,2015,14,2015-03-21,Kurunegala,0.6712384369422962
92,2015,14,2015-03-21,Mannar,0.7544796400951815
92,2015,14,2015-03-21,Matale,0.7775622323022011
92,2015,14,2015-03-21,Matara,0.7811608715050566
92,2015,14,2015-03-21,Moneragala,0.7267969549375373
92,2015,14,2015-03-21,Mullaitivu,0.7538466426234385
92,2015,14,2015-03-21,NuwaraEliya,0.7666655320493754
92,2015,14,2015-03-21,Polonnaruwa,0.5654430008179655
92,2015,14,2015-03-21,Puttalam,0.6554481521415824
92,2015,14,2015-03-21,Ratnapura,0.7921358789411065
92,2015,14,2015-03-21,Trincomalee,0.7611777622810861
92,2015,14,2015-03-21,Vavuniya,0.6682780692296253
93,2015,15,2015-03-28,Ampara,0.5991191166617035
93,2015,15,2015-03-28,Anuradhapura,0.6037898088935157
93,2015,15,2015-03-28,Badulla,0.802461756395003
93,2015,15,2015-03-28,Batticaloa,0.5670919874325514
93,2015,15,2015-03-28,Colombo,0.6272305305621654
93,2015,15,2015-03-28,Galle,0.7708413072575848
93,2015,15,2015-03-28,Gampaha,0.6996079565734682
93,2015,15,2015-03-28,Hambantota,0.6540820757958591
93,2015,15,2015-03-28,Jaffna,0.3974501009012691
93,2015,15,2015-03-28,Kalutara,0.7936094846817372
93,2015,15,2015-03-28,Kandy,0.6887754852022605
93,2015,15,2015-03-28,Kegalle,0.8264167794467578
93,2015,15,2015-03-28,Kilinochchi,0.4516922590687627
93,2015,15,2015-03-28,Kurunegala,0.6706049635633552
93,2015,15,2015-03-28,Mannar,0.7542325884889948
93,2015,15,2015-03-28,Matale,0.7761812165377752
93,2015,15,2015-03-28,Matara,0.776701516954194
93,2015,15,2015-03-28,Moneragala,0.7218977877751339
93,2015,15,2015-03-28,Mullaitivu,0.736654894779893
93,2015,15,2015-03-28,NuwaraEliya,0.7645001766061869
93,2015,15,2015-03-28,Polonnaruwa,0.5599594735276621
93,2015,15,2015-03-28,Puttalam,0.6481867656900654
93,2015,15,2015-03-28,Ratnapura,0.8028785079565735
93,2015,15,2015-03-28,Trincomalee,0.7703452986888404
93,2015,15,2015-03-28,Vavuniya,0.6666624200624629
94,2015,16,2015-04-04,Ampara,0.6140735649940441
94,2015,16,2015-04-04,Anuradhapura,0.6179909912254611
94,2015,16,2015-04-04,Badulla,0.8129991299821535
94,2015,16,2015-04-04,Batticaloa,0.5658608293204911
94,2015,16,2015-04-04,Colombo,0.6494917850237953
94,2015,16,2015-04-04,Galle,0.7803057778108269
94,2015,16,2015-04-04,Gampaha,0.712455517549078
94,2015,16,2015-04-04,Hambantota,0.6577278669974451
94,2015,16,2015-04-04,Jaffna,0.39723621093243416
94,2015,16,2015-04-04,Kalutara,0.8036067110350983
94,2015,16,2015-04-04,Kandy,0.7004185287775134
94,2015,16,2015-04-04,Kegalle,0.8388666084176086
94,2015,16,2015-04-04,Kilinochchi,0.4711734841205789
94,2015,16,2015-04-04,Kurunegala,0.6752537068709102
94,2015,16,2015-04-04,Mannar,0.741506777959548
94,2015,16,2015-04-04,Matale,0.7993863622843546
94,2015,16,2015-04-04,Matara,0.7872156751933373
94,2015,16,2015-04-04,Moneragala,0.7347284317370614
94,2015,16,2015-04-04,Mullaitivu,0.6771408146192743
94,2015,16,2015-04-04,NuwaraEliya,0.7715382008477097
94,2015,16,2015-04-04,Polonnaruwa,0.586138265913147
94,2015,16,2015-04-04,Puttalam,0.6628220906454492
94,2015,16,2015-04-04,Ratnapura,0.819353623215348
94,2015,16,2015-04-04,Trincomalee,0.7613468968136013
94,2015,16,2015-04-04,Vavuniya,0.6792408443634742
95,2015,17,2015-04-11,Ampara,0.6290280133263847
95,2015,17,2015-04-11,Anuradhapura,0.6321921735574063
95,2015,17,2015-04-11,Badulla,0.8235365035693041
95,2015,17,2015-04-11,Batticaloa,0.5646296712084308
95,2015,17,2015-04-11,Colombo,0.6717530394854254
95,2015,17,2015-04-11,Galle,0.7897702483640691
95,2015,17,2015-04-11,Gampaha,0.7253030785246878
95,2015,17,2015-04-11,Hambantota,0.6613736581990313
95,2015,17,2015-04-11,Jaffna,0.39702232096359924
95,2015,17,2015-04-11,Kalutara,0.8136039373884593
95,2015,17,2015-04-11,Kandy,0.7120615723527662
95,2015,17,2015-04-11,Kegalle,0.8513164373884593
95,2015,17,2015-04-11,Kilinochchi,0.49065470917239506
95,2015,17,2015-04-11,Kurunegala,0.6799024501784653
95,2015,17,2015-04-11,Mannar,0.7287809674301012
95,2015,17,2015-04-11,Matale,0.822591508030934
95,2015,17,2015-04-11,Matara,0.7977298334324807
95,2015,17,2015-04-11,Moneragala,0.7475590756989887
95,2015,17,2015-04-11,Mullaitivu,0.6176267344586557
95,2015,17,2015-04-11,NuwaraEliya,0.7785762250892326
95,2015,17,2015-04-11,Polonnaruwa,0.6123170582986318
95,2015,17,2015-04-11,Puttalam,0.6774574156008328
95,2015,17,2015-04-11,Ratnapura,0.8358287384741226
95,2015,17,2015-04-11,Trincomalee,0.7523484949383623
95,2015,17,2015-04-11,Vavuniya,0.6918192686644854
96,2015,18,2015-04-18,Ampara,0.6386243708200453
96,2015,18,2015-04-18,Anuradhapura,0.6305085942147532
96,2015,18,2015-04-18,Badulla,0.8250209064544914
96,2015,18,2015-04-18,Batticaloa,0.5619297922151525
96,2015,18,2015-04-18,Colombo,0.6487169114366449
96,2015,18,2015-04-18,Galle,0.7297944620017847
96,2015,18,2015-04-18,Gampaha,0.7111142065734682
96,2015,18,2015-04-18,Hambantota,0.6713421962562828
96,2015,18,2015-04-18,Jaffna,0.3970514133384987
96,2015,18,2015-04-18,Kalutara,0.8099396843396788
96,2015,18,2015-04-18,Kandy,0.7291055900505652
96,2015,18,2015-04-18,Kegalle,0.8483039225163593
96,2015,18,2015-04-18,Kilinochchi,0.4834176215455959
96,2015,18,2015-04-18,Kurunegala,0.7091049096519929
96,2015,18,2015-04-18,Mannar,0.7626956777959548
96,2015,18,2015-04-18,Matale,0.8122707093991671
96,2015,18,2015-04-18,Matara,0.7939892567668055
96,2015,18,2015-04-18,Moneragala,0.7512223174449733
96,2015,18,2015-04-18,Mullaitivu,0.6813019370910173
96,2015,18,2015-04-18,NuwaraEliya,0.7678682778108269
96,2015,18,2015-04-18,Polonnaruwa,0.6091160005205235
96,2015,18,2015-04-18,Puttalam,0.6874390150951815
96,2015,18,2015-04-18,Ratnapura,0.8271262381023201
96,2015,18,2015-04-18,Trincomalee,0.7434219158142865
96,2015,18,2015-04-18,Vavuniya,0.6945811849345628
97,2015,19,2015-04-25,Ampara,0.6478085674799613
97,2015,19,2015-04-25,Anuradhapura,0.6276031101279002
97,2015,19,2015-04-25,Badulla,0.8258089269779894
97,2015,19,2015-04-25,Batticaloa,0.5591169346925499
97,2015,19,2015-04-25,Colombo,0.622196369348602
97,2015,19,2015-04-25,Galle,0.6644771174152291
97,2015,19,2015-04-25,Gampaha,0.6948456090124926
97,2015,19,2015-04-25,Hambantota,0.6817970994562779
97,2015,19,2015-04-25,Jaffna,0.39709919666291615
97,2015,19,2015-04-25,Kalutara,0.8052245482599644
97,2015,19,2015-04-25,Kandy,0.7465650672962523
97,2015,19,2015-04-25,Kegalle,0.844101996579417
97,2015,19,2015-04-25,Kilinochchi,0.47412527909736485
97,2015,19,2015-04-25,Kurunegala,0.7401961165229031
97,2015,19,2015-04-25,Mannar,0.80019812053837
97,2015,19,2015-04-25,Matale,0.7993709919690661
97,2015,19,2015-04-25,Matara,0.7891521620315288
97,2015,19,2015-04-25,Moneragala,0.7541803744051161
97,2015,19,2015-04-25,Mullaitivu,0.7544532383997621
97,2015,19,2015-04-25,NuwaraEliya,0.755795255800119
97,2015,19,2015-04-25,Polonnaruwa,0.6036549542682926
97,2015,19,2015-04-25,Puttalam,0.6970626357079119
97,2015,19,2015-04-25,Ratnapura,0.8164869980666271
97,2015,19,2015-04-25,Trincomalee,0.7345008615172232
97,2015,19,2015-04-25,Vavuniya,0.6965879852022606
98,2015,20,2015-05-02,Ampara,0.6425456313206425
98,2015,20,2015-05-02,Anuradhapura,0.6033126877602618
98,2015,20,2015-05-02,Badulla,0.8205683261451517
98,2015,20,2015-05-02,Batticaloa,0.5762590999886744
98,2015,20,2015-05-02,Colombo,0.6379795582986318
98,2015,20,2015-05-02,Galle,0.6648783809827006
98,2015,20,2015-05-02,Gampaha,0.6784539875817965
98,2015,20,2015-05-02,Hambantota,0.6715356856038073
98,2015,20,2015-05-02,Jaffna,0.389504443835149
98,2015,20,2015-05-02,Kalutara,0.7756745185157644
98,2015,20,2015-05-02,Kandy,0.7241494683224271
98,2015,20,2015-05-02,Kegalle,0.7791159559042237
98,2015,20,2015-05-02,Kilinochchi,0.45572688684616525
98,2015,20,2015-05-02,Kurunegala,0.7176917143813207
98,2015,20,2015-05-02,Mannar,0.772901868307555
98,2015,20,2015-05-02,Matale,0.7862419746430697
98,2015,20,2015-05-02,Matara,0.7943350461035098
98,2015,20,2015-05-02,Moneragala,0.7604778442891137
98,2015,20,2015-05-02,Mullaitivu,0.7105193783462226
98,2015,20,2015-05-02,NuwaraEliya,0.6999626115407496
98,2015,20,2015-05-02,Polonnaruwa,0.5904135893813206
98,2015,20,2015-05-02,Puttalam,0.6576081647828673
98,2015,20,2015-05-02,Ratnapura,0.8049961946014278
98,2015,20,2015-05-02,Trincomalee,0.7323694833234068
98,2015,20,2015-05-02,Vavuniya,0.662655770374777
99,2015,21,2015-05-09,Ampara,0.629256510261749
99,2015,21,2015-05-09,Anuradhapura,0.5671417441255205
99,2015,21,2015-05-09,Badulla,0.8119784912254612
99,2015,21,2015-05-09,Batticaloa,0.6044873890729807
99,2015,21,2015-05-09,Colombo,0.6772648200475907
99,2015,21,2015-05-09,Galle,0.7017899824135205
99,2015,21,2015-05-09,Gampaha,0.6619940195568115
99,2015,21,2015-05-09,Hambantota,0.6497652067221893
99,2015,21,2015-05-09,Jaffna,0.37766383758950156
99,2015,21,2015-05-09,Kalutara,0.7323273256246282
99,2015,21,2015-05-09,Kandy,0.6795810492266509
99,2015,21,2015-05-09,Kegalle,0.6803609625966687
99,2015,21,2015-05-09,Kilinochchi,0.43226957803776084
99,2015,21,2015-05-09,Kurunegala,0.6654119738994646
99,2015,21,2015-05-09,Mannar,0.7096063410916121
99,2015,21,2015-05-09,Matale,0.7729855684860203
99,2015,21,2015-05-09,Matara,0.8050845850684117
99,2015,21,2015-05-09,Moneragala,0.7686305435752528
99,2015,21,2015-05-09,Mullaitivu,0.6015382064247472
99,2015,21,2015-05-09,NuwaraEliya,0.6198190660321238
99,2015,21,2015-05-09,Polonnaruwa,0.5728498252528257
99,2015,21,2015-05-09,Puttalam,0.5908880874479476
99,2015,21,2015-05-09,Ratnapura,0.7930323003420583
99,2015,21,2015-05-09,Trincomalee,0.7340101474091721
99,2015,21,2015-05-09,Vavuniya,0.6087574360499702
100,2015,22,2015-05-16,Ampara,0.6343137975907198
100,2015,22,2015-05-16,Anuradhapura,0.56390064135931
100,2015,22,2015-05-16,Badulla,0.8088443002676979
100,2015,22,2015-05-16,Batticaloa,0.6280644860207633
100,2015,22,2015-05-16,Colombo,0.6862766861243308
100,2015,22,2015-05-16,Galle,0.722027074833884
100,2015,22,2015-05-16,Gampaha,0.6641596835960738
100,2015,22,2015-05-16,Hambantota,0.6376687871802499
100,2015,22,2015-05-16,Jaffna,0.3694547694878387
100,2015,22,2015-05-16,Kalutara,0.7051233417608566
100,2015,22,2015-05-16,Kandy,0.6653678874182034
100,2015,22,2015-05-16,Kegalle,0.6496030506395003
100,2015,22,2015-05-16,Kilinochchi,0.4248787245306089
100,2015,22,2015-05-16,Kurunegala,0.6502244125520523
100,2015,22,2015-05-16,Mannar,0.6851668891284949
100,2015,22,2015-05-16,Matale,0.7649106763087448
100,2015,22,2015-05-16,Matara,0.7969021638905414
100,2015,22,2015-05-16,Moneragala,0.7739945103361096
100,2015,22,2015-05-16,Mullaitivu,0.5673480350237954
100,2015,22,2015-05-16,NuwaraEliya,0.6041719791046997
100,2015,22,2015-05-16,Polonnaruwa,0.5855977896341463
100,2015,22,2015-05-16,Puttalam,0.552464885113028
100,2015,22,2015-05-16,Ratnapura,0.7775703115704938
100,2015,22,2015-05-16,Trincomalee,0.7413234253420928
100,2015,22,2015-05-16,Vavuniya,0.5924054283164784
101,2015,23,2015-05-23,Ampara,0.6723946200178466
101,2015,23,2015-05-23,Anuradhapura,0.6199332521564546
101,2015,23,2015-05-23,Badulla,0.8155302684414041
101,2015,23,2015-05-23,Batticaloa,0.6432694371228029
101,2015,23,2015-05-23,Colombo,0.6407964399910768
101,2015,23,2015-05-23,Galle,0.7122500510354257
101,2015,23,2015-05-23,Gampaha,0.6998514853509816
101,2015,23,2015-05-23,Hambantota,0.6429856744497323
101,2015,23,2015-05-23,Jaffna,0.36778247004534814
101,2015,23,2015-05-23,Kalutara,0.7069771341463414
101,2015,23,2015-05-23,Kandy,0.7057941887269483
101,2015,23,2015-05-23,Kegalle,0.741239885113028
101,2015,23,2015-05-23,Kilinochchi,0.44640749056571116
101,2015,23,2015-05-23,Kurunegala,0.7018027736466389
101,2015,23,2015-05-23,Mannar,0.7306683726204639
101,2015,23,2015-05-23,Matale,0.7661625092950625
101,2015,23,2015-05-23,Matara,0.7546422144556812
101,2015,23,2015-05-23,Moneragala,0.7743387585514575
101,2015,23,2015-05-23,Mullaitivu,0.6677816645597858
101,2015,23,2015-05-23,NuwaraEliya,0.7046185176234384
101,2015,23,2015-05-23,Polonnaruwa,0.652906865333135
101,2015,23,2015-05-23,Puttalam,0.5649760577781083
101,2015,23,2015-05-23,Ratnapura,0.7558117526769781
101,2015,23,2015-05-23,Trincomalee,0.7588474081998933
101,2015,23,2015-05-23,Vavuniya,0.6436368084473527
102,2015,24,2015-05-30,Ampara,0.708818640318263
102,2015,24,2015-05-30,Anuradhapura,0.6727660711629984
102,2015,24,2015-05-30,Badulla,0.8227577985574065
102,2015,24,2015-05-30,Batticaloa,0.6575317203008598
102,2015,24,2015-05-30,Colombo,0.5986197427126712
102,2015,24,2015-05-30,Galle,0.7023016136228436
102,2015,24,2015-05-30,Gampaha,0.7331748512790006
102,2015,24,2015-05-30,Hambantota,0.6463109923408685
102,2015,24,2015-05-30,Jaffna,0.3665132243591228
102,2015,24,2015-05-30,Kalutara,0.7076231632956573
102,2015,24,2015-05-30,Kandy,0.7428410897531231
102,2015,24,2015-05-30,Kegalle,0.8258418538072576
102,2015,24,2015-05-30,Kilinochchi,0.4680107648950418
102,2015,24,2015-05-30,Kurunegala,0.7484907086555622
102,2015,24,2015-05-30,Mannar,0.7742764481707316
102,2015,24,2015-05-30,Matale,0.7683340571088637
102,2015,24,2015-05-30,Matara,0.7162518274092802
102,2015,24,2015-05-30,Moneragala,0.7747571348899465
102,2015,24,2015-05-30,Mullaitivu,0.7622180658834028
102,2015,24,2015-05-30,NuwaraEliya,0.7954949750892326
102,2015,24,2015-05-30,Polonnaruwa,0.7180724643069601
102,2015,24,2015-05-30,Puttalam,0.5830962057555027
102,2015,24,2015-05-30,Ratnapura,0.7358012009220704
102,2015,24,2015-05-30,Trincomalee,0.7749051535244995
102,2015,24,2015-05-30,Vavuniya,0.6913770820939916
103,2015,25,2015-06-06,Ampara,0.7237042329714456
103,2015,25,2015-06-06,Anuradhapura,0.6840015968917311
103,2015,25,2015-06-06,Badulla,0.83702563392326
103,2015,25,2015-06-06,Batticaloa,0.659539320467142
103,2015,25,2015-06-06,Colombo,0.5993891805472933
103,2015,25,2015-06-06,Galle,0.6901247992266508
103,2015,25,2015-06-06,Gampaha,0.7357085514574658
103,2015,25,2015-06-06,Hambantota,0.623745908313504
103,2015,25,2015-06-06,Jaffna,0.3704836775043445
103,2015,25,2015-06-06,Kalutara,0.6925682703747769
103,2015,25,2015-06-06,Kandy,0.7359557871058894
103,2015,25,2015-06-06,Kegalle,0.8189905673706128
103,2015,25,2015-06-06,Kilinochchi,0.490582647049341
103,2015,25,2015-06-06,Kurunegala,0.7316031045508626
103,2015,25,2015-06-06,Mannar,0.7932702204788816
103,2015,25,2015-06-06,Matale,0.7824618976799524
103,2015,25,2015-06-06,Matara,0.7281657514128496
103,2015,25,2015-06-06,Moneragala,0.7761391768292684
103,2015,25,2015-06-06,Mullaitivu,0.7786905004461631
103,2015,25,2015-06-06,NuwaraEliya,0.7619603788667461
103,2015,25,2015-06-06,Polonnaruwa,0.7553728658536585
103,2015,25,2015-06-06,Puttalam,0.6741330327929804
103,2015,25,2015-06-06,Ratnapura,0.7385147419690661
103,2015,25,2015-06-06,Trincomalee,0.7719018109175814
103,2015,25,2015-06-06,Vavuniya,0.6937329714455681
104,2015,26,2015-06-13,Ampara,0.7385898256246282
104,2015,26,2015-06-13,Anuradhapura,0.695237122620464
104,2015,26,2015-06-13,Badulla,0.8512934692891136
104,2015,26,2015-06-13,Batticaloa,0.6615469206334244
104,2015,26,2015-06-13,Colombo,0.6001586183819156
104,2015,26,2015-06-13,Galle,0.6779479848304582
104,2015,26,2015-06-13,Gampaha,0.7382422516359309
104,2015,26,2015-06-13,Hambantota,0.6011808242861393
104,2015,26,2015-06-13,Jaffna,0.3744541306495662
104,2015,26,2015-06-13,Kalutara,0.6775133774538965
104,2015,26,2015-06-13,Kandy,0.7290704844586556
104,2015,26,2015-06-13,Kegalle,0.8121392809339679
104,2015,26,2015-06-13,Kilinochchi,0.5131545292036401
104,2015,26,2015-06-13,Kurunegala,0.7147155004461629
104,2015,26,2015-06-13,Mannar,0.8122639927870317
104,2015,26,2015-06-13,Matale,0.7965897382510411
104,2015,26,2015-06-13,Matara,0.7400796754164188
104,2015,26,2015-06-13,Moneragala,0.7775212187685901
104,2015,26,2015-06-13,Mullaitivu,0.7951629350089232
104,2015,26,2015-06-13,NuwaraEliya,0.7284257826442595
104,2015,26,2015-06-13,Polonnaruwa,0.7926732674003569
104,2015,26,2015-06-13,Puttalam,0.7651698598304582
104,2015,26,2015-06-13,Ratnapura,0.7412282830160619
104,2015,26,2015-06-13,Trincomalee,0.7688984683106631
104,2015,26,2015-06-13,Vavuniya,0.6960888607971446
105,2015,27,2015-06-20,Ampara,0.7438211146638906
105,2015,27,2015-06-20,Anuradhapura,0.67697562648721
105,2015,27,2015-06-20,Badulla,0.8480498085217133
105,2015,27,2015-06-20,Batticaloa,0.6320375304271705
105,2015,27,2015-06-20,Colombo,0.6200233789411065
105,2015,27,2015-06-20,Galle,0.6924433893515765
105,2015,27,2015-06-20,Gampaha,0.732295244646044
105,2015,27,2015-06-20,Hambantota,0.5744619887715646
105,2015,27,2015-06-20,Jaffna,0.38129266499376174
105,2015,27,2015-06-20,Kalutara,0.6942210049821534
105,2015,27,2015-06-20,Kandy,0.7096212726799525
105,2015,27,2015-06-20,Kegalle,0.7899413462968472
105,2015,27,2015-06-20,Kilinochchi,0.49658074986225464
105,2015,27,2015-06-20,Kurunegala,0.6939611484979179
105,2015,27,2015-06-20,Mannar,0.7920136414336705
105,2015,27,2015-06-20,Matale,0.7931623419839381
105,2015,27,2015-06-20,Matara,0.762681381989887
105,2015,27,2015-06-20,Moneragala,0.7778380855889352
105,2015,27,2015-06-20,Mullaitivu,0.7775458395300416
105,2015,27,2015-06-20,NuwaraEliya,0.6884129290224605
105,2015,27,2015-06-20,Polonnaruwa,0.8021591203152886
105,2015,27,2015-06-20,Puttalam,0.7640983529149317
105,2015,27,2015-06-20,Ratnapura,0.7568385838042833
105,2015,27,2015-06-20,Trincomalee,0.7545197658515149
105,2015,27,2015-06-20,Vavuniya,0.6758548129833433
106,2015,28,2015-06-27,Ampara,0.7464194118084474
106,2015,28,2015-06-27,Anuradhapura,0.6506694880279595
106,2015,28,2015-06-27,Badulla,0.8400302851725164
106,2015,28,2015-06-27,Batticaloa,0.5939325973920431
106,2015,28,2015-06-27,Colombo,0.6450959547888162
106,2015,28,2015-06-27,Galle,0.714213035395598
106,2015,28,2015-06-27,Gampaha,0.7240353175193338
106,2015,28,2015-06-27,Hambantota,0.5466103119422963
106,2015,28,2015-06-27,Jaffna,0.3889134033013138
106,2015,28,2015-06-27,Kalutara,0.7195911380874479
106,2015,28,2015-06-27,Kandy,0.6867455402290303
106,2015,28,2015-06-27,Kegalle,0.7635579621505058
106,2015,28,2015-06-27,Kilinochchi,0.46933088102204606
106,2015,28,2015-06-27,Kurunegala,0.6721522289559786
106,2015,28,2015-06-27,Mannar,0.7610603472635337
106,2015,28,2015-06-27,Matale,0.7849471538518739
106,2015,28,2015-06-27,Matara,0.7881979383551457
106,2015,28,2015-06-27,Moneragala,0.7778644501041048
106,2015,28,2015-06-27,Mullaitivu,0.7506315994943487
106,2015,28,2015-06-27,NuwaraEliya,0.6466332779281218
106,2015,28,2015-06-27,Polonnaruwa,0.8040591872397382
106,2015,28,2015-06-27,Puttalam,0.7379063912849495
106,2015,28,2015-06-27,Ratnapura,0.7759661827037478
106,2015,28,2015-06-27,Trincomalee,0.7370386925235766
106,2015,28,2015-06-27,Vavuniya,0.649459873215348
107,2015,29,2015-07-04,Ampara,0.7341895560678169
107,2015,29,2015-07-04,Anuradhapura,0.6329960886377156
107,2015,29,2015-07-04,Badulla,0.824684510707912
107,2015,29,2015-07-04,Batticaloa,0.5530393162552052
107,2015,29,2015-07-04,Colombo,0.6036754405859608
107,2015,29,2015-07-04,Galle,0.6704879164187985
107,2015,29,2015-07-04,Gampaha,0.6716903164039263
107,2015,29,2015-07-04,Hambantota,0.5246362042682927
107,2015,29,2015-07-04,Jaffna,0.38640259875931593
107,2015,29,2015-07-04,Kalutara,0.7018303037626412
107,2015,29,2015-07-04,Kandy,0.6574087578078525
107,2015,29,2015-07-04,Kegalle,0.6917864385038668
107,2015,29,2015-07-04,Kilinochchi,0.4503723407613995
107,2015,29,2015-07-04,Kurunegala,0.6423280543575253
107,2015,29,2015-07-04,Mannar,0.7388661752676978
107,2015,29,2015-07-04,Matale,0.769307374702558
107,2015,29,2015-07-04,Matara,0.7723236243307555
107,2015,29,2015-07-04,Moneragala,0.7645467783313504
107,2015,29,2015-07-04,Mullaitivu,0.7350833413890542
107,2015,29,2015-07-04,NuwaraEliya,0.594617612029847
107,2015,29,2015-07-04,Polonnaruwa,0.7902520802349792
107,2015,29,2015-07-04,Puttalam,0.6935517902290304
107,2015,29,2015-07-04,Ratnapura,0.7186218006395003
107,2015,29,2015-07-04,Trincomalee,0.719494021415824
107,2015,29,2015-07-04,Vavuniya,0.6313050546549673
108,2015,30,2015-07-11,Ampara,0.7071315474419989
108,2015,30,2015-07-11,Anuradhapura,0.6239554283164783
108,2015,30,2015-07-11,Badulla,0.8020124851279001
108,2015,30,2015-07-11,Batticaloa,0.5093576870166567
108,2015,30,2015-07-11,Colombo,0.4957618363325401
108,2015,30,2015-07-11,Galle,0.5612680324211778
108,2015,30,2015-07-11,Gampaha,0.5752602412998216
108,2015,30,2015-07-11,Hambantota,0.5085396657495538
108,2015,30,2015-07-11,Jaffna,0.3737602513677681
108,2015,30,2015-07-11,Kalutara,0.6409385020077335
108,2015,30,2015-07-11,Kandy,0.6216109254164188
108,2015,30,2015-07-11,Kegalle,0.5746267753569305
108,2015,30,2015-07-11,Kilinochchi,0.43970512908031495
108,2015,30,2015-07-11,Kurunegala,0.604488624702558
108,2015,30,2015-07-11,Mannar,0.725431125446163
108,2015,30,2015-07-11,Matale,0.7462430045359905
108,2015,30,2015-07-11,Matara,0.7150584399167164
108,2015,30,2015-07-11,Moneragala,0.7378850702706723
108,2015,30,2015-07-11,Mullaitivu,0.7309010652141583
108,2015,30,2015-07-11,NuwaraEliya,0.5323659313276359
108,2015,30,2015-07-11,Polonnaruwa,0.7607377993010114
108,2015,30,2015-07-11,Puttalam,0.6310345497471743
108,2015,30,2015-07-11,Ratnapura,0.5848054376115408
108,2015,30,2015-07-11,Trincomalee,0.701885752528257
108,2015,30,2015-07-11,Vavuniya,0.6213903573022012
109,2015,31,2015-07-18,Ampara,0.6843989698879813
109,2015,31,2015-07-18,Anuradhapura,0.6120186793575253
109,2015,31,2015-07-18,Badulla,0.7848152643515764
109,2015,31,2015-07-18,Batticaloa,0.4732987648868116
109,2015,31,2015-07-18,Colombo,0.4281551271564545
109,2015,31,2015-07-18,Galle,0.4971063336555622
109,2015,31,2015-07-18,Gampaha,0.5119604067519334
109,2015,31,2015-07-18,Hambantota,0.49797864225607535
109,2015,31,2015-07-18,Jaffna,0.36632625257996965
109,2015,31,2015-07-18,Kalutara,0.6029016675342058
109,2015,31,2015-07-18,Kandy,0.6004847895597858
109,2015,31,2015-07-18,Kegalle,0.5113907067965497
109,2015,31,2015-07-18,Kilinochchi,0.42868872191738994
109,2015,31,2015-07-18,Kurunegala,0.5774773256246283
109,2015,31,2015-07-18,Mannar,0.7211468173706127
109,2015,31,2015-07-18,Matale,0.7308842039708506
109,2015,31,2015-07-18,Matara,0.6793649464604403
109,2015,31,2015-07-18,Moneragala,0.716298890169542
109,2015,31,2015-07-18,Mullaitivu,0.7290198468173706
109,2015,31,2015-07-18,NuwaraEliya,0.5132083953004164
109,2015,31,2015-07-18,Polonnaruwa,0.7390875204491375
109,2015,31,2015-07-18,Puttalam,0.5926383309785842
109,2015,31,2015-07-18,Ratnapura,0.5049485741374182
109,2015,31,2015-07-18,Trincomalee,0.6904822206314741
109,2015,31,2015-07-18,Vavuniya,0.6140115444675789
110,2015,32,2015-07-25,Ampara,0.6775263062638983
110,2015,32,2015-07-25,Anuradhapura,0.5894629387269482
110,2015,32,2015-07-25,Badulla,0.7876923278554432
110,2015,32,2015-07-25,Batticaloa,0.46518976882221175
110,2015,32,2015-07-25,Colombo,0.5083403665972634
110,2015,32,2015-07-25,Galle,0.5981579807406306
110,2015,32,2015-07-25,Gampaha,0.5701381209101726
110,2015,32,2015-07-25,Hambantota,0.5077145071885516
110,2015,32,2015-07-25,Jaffna,0.37798953200591895
110,2015,32,2015-07-25,Kalutara,0.6486663797590719
110,2015,32,2015-07-25,Kandy,0.6331548743307556
110,2015,32,2015-07-25,Kegalle,0.6458744850535396
110,2015,32,2015-07-25,Kilinochchi,0.4163919313210501
110,2015,32,2015-07-25,Kurunegala,0.5901691719958359
110,2015,32,2015-07-25,Mannar,0.7504152290303391
110,2015,32,2015-07-25,Matale,0.7437791586109459
110,2015,32,2015-07-25,Matara,0.7227676531826295
110,2015,32,2015-07-25,Moneragala,0.7133229792534206
110,2015,32,2015-07-25,Mullaitivu,0.7355758402736466
110,2015,32,2015-07-25,NuwaraEliya,0.6520627230814992
110,2015,32,2015-07-25,Polonnaruwa,0.7462719158982749
110,2015,32,2015-07-25,Puttalam,0.642685858491969
110,2015,32,2015-07-25,Ratnapura,0.6229432090273647
110,2015,32,2015-07-25,Trincomalee,0.701829391034233
110,2015,32,2015-07-25,Vavuniya,0.6159309748661511
111,2015,33,2015-08-01,Ampara,0.6706536426398154
111,2015,33,2015-08-01,Anuradhapura,0.5669071980963712
111,2015,33,2015-08-01,Badulla,0.79056939135931
111,2015,33,2015-08-01,Batticaloa,0.45708077275761194
111,2015,33,2015-08-01,Colombo,0.5885256060380725
111,2015,33,2015-08-01,Galle,0.6992096278256991
111,2015,33,2015-08-01,Gampaha,0.6283158350684117
111,2015,33,2015-08-01,Hambantota,0.517450372121028
111,2015,33,2015-08-01,Jaffna,0.3896528114318683
111,2015,33,2015-08-01,Kalutara,0.6944310919839382
111,2015,33,2015-08-01,Kandy,0.6658249591017252
111,2015,33,2015-08-01,Kegalle,0.7803582633105295
111,2015,33,2015-08-01,Kilinochchi,0.4040951407247103
111,2015,33,2015-08-01,Kurunegala,0.6028610183670434
111,2015,33,2015-08-01,Mannar,0.7796836406900655
111,2015,33,2015-08-01,Matale,0.7566741132510412
111,2015,33,2015-08-01,Matara,0.7661703599048185
111,2015,33,2015-08-01,Moneragala,0.7103470683372992
111,2015,33,2015-08-01,Mullaitivu,0.7421318337299228
111,2015,33,2015-08-01,NuwaraEliya,0.7909170508625818
111,2015,33,2015-08-01,Polonnaruwa,0.7534563113474123
111,2015,33,2015-08-01,Puttalam,0.692733386005354
111,2015,33,2015-08-01,Ratnapura,0.7409378439173111
111,2015,33,2015-08-01,Trincomalee,0.713176561436992
111,2015,33,2015-08-01,Vavuniya,0.6178504052647235
112,2015,34,2015-08-08,Ampara,0.6461881486470815
112,2015,34,2015-08-08,Anuradhapura,0.5535445493753718
112,2015,34,2015-08-08,Badulla,0.7951086481261155
112,2015,34,2015-08-08,Batticaloa,0.4604003370967982
112,2015,34,2015-08-08,Colombo,0.6148575382956574
112,2015,34,2015-08-08,Galle,0.6689273442147532
112,2015,34,2015-08-08,Gampaha,0.637293991671624
112,2015,34,2015-08-08,Hambantota,0.5128425125207545
112,2015,34,2015-08-08,Jaffna,0.38007342960254686
112,2015,34,2015-08-08,Kalutara,0.7304933168500892
112,2015,34,2015-08-08,Kandy,0.6885102115556218
112,2015,34,2015-08-08,Kegalle,0.8021487507436049
112,2015,34,2015-08-08,Kilinochchi,0.39527485617925273
112,2015,34,2015-08-08,Kurunegala,0.6140809395449138
112,2015,34,2015-08-08,Mannar,0.7646058717767669
112,2015,34,2015-08-08,Matale,0.7675397512641285
112,2015,34,2015-08-08,Matara,0.751967130800119
112,2015,34,2015-08-08,Moneragala,0.7133410507138609
112,2015,34,2015-08-08,Mullaitivu,0.7218178093396788
112,2015,34,2015-08-08,NuwaraEliya,0.7782794244497323
112,2015,34,2015-08-08,Polonnaruwa,0.6943602096966092
112,2015,34,2015-08-08,Puttalam,0.6570134908536586
112,2015,34,2015-08-08,Ratnapura,0.7706616764574657
112,2015,34,2015-08-08,Trincomalee,0.6961824125824385
112,2015,34,2015-08-08,Vavuniya,0.5981861670880428
113,2015,35,2015-08-15,Ampara,0.6203693600106053
113,2015,35,2015-08-15,Anuradhapura,0.5408890615704938
113,2015,35,2015-08-15,Badulla,0.7997757659131469
113,2015,35,2015-08-15,Batticaloa,0.4645990214670449
113,2015,35,2015-08-15,Colombo,0.6370469084622249
113,2015,35,2015-08-15,Galle,0.6285424505502677
113,2015,35,2015-08-15,Gampaha,0.6424875669244497
113,2015,35,2015-08-15,Hambantota,0.5071312894948851
113,2015,35,2015-08-15,Jaffna,0.3688599969074353
113,2015,35,2015-08-15,Kalutara,0.7658091965348008
113,2015,35,2015-08-15,Kandy,0.7104273999851279
113,2015,35,2015-08-15,Kegalle,0.8152705234979178
113,2015,35,2015-08-15,Kilinochchi,0.38672199517617073
113,2015,35,2015-08-15,Kurunegala,0.625187635707912
113,2015,35,2015-08-15,Mannar,0.7461168582040049
113,2015,35,2015-08-15,Matale,0.7782492879982154
113,2015,35,2015-08-15,Matara,0.7333326758625819
113,2015,35,2015-08-15,Moneragala,0.716794255651398
113,2015,35,2015-08-15,Mullaitivu,0.6994368604997026
113,2015,35,2015-08-15,NuwaraEliya,0.7539885707911957
113,2015,35,2015-08-15,Polonnaruwa,0.6301656082688876
113,2015,35,2015-08-15,Puttalam,0.614696101650803
113,2015,35,2015-08-15,Ratnapura,0.7935954472784057
113,2015,35,2015-08-15,Trincomalee,0.6770081622465534
113,2015,35,2015-08-15,Vavuniya,0.576861646713266
114,2015,36,2015-08-22,Ampara,0.6055613548848428
114,2015,36,2015-08-22,Anuradhapura,0.5650818244348602
114,2015,36,2015-08-22,Badulla,0.7960798538816182
114,2015,36,2015-08-22,Batticaloa,0.4739433683483157
114,2015,36,2015-08-22,Colombo,0.6362417069452707
114,2015,36,2015-08-22,Galle,0.6525936049970256
114,2015,36,2015-08-22,Gampaha,0.6604776825550268
114,2015,36,2015-08-22,Hambantota,0.5568913882057932
114,2015,36,2015-08-22,Jaffna,0.3676578569814946
114,2015,36,2015-08-22,Kalutara,0.7593282142325997
114,2015,36,2015-08-22,Kandy,0.6911593991671624
114,2015,36,2015-08-22,Kegalle,0.8171008365556216
114,2015,36,2015-08-22,Kilinochchi,0.3934474871025847
114,2015,36,2015-08-22,Kurunegala,0.6318571571980964
114,2015,36,2015-08-22,Mannar,0.7591584342651476
114,2015,36,2015-08-22,Matale,0.7728892102914932
114,2015,36,2015-08-22,Matara,0.7406123048036883
114,2015,36,2015-08-22,Moneragala,0.7150766266359311
114,2015,36,2015-08-22,Mullaitivu,0.70367126338489
114,2015,36,2015-08-22,NuwaraEliya,0.747333631395003
114,2015,36,2015-08-22,Polonnaruwa,0.5892011525877454
114,2015,36,2015-08-22,Puttalam,0.6083150338340274
114,2015,36,2015-08-22,Ratnapura,0.7961993270374778
114,2015,36,2015-08-22,Trincomalee,0.6852998272936403
114,2015,36,2015-08-22,Vavuniya,0.5839838154372398
115,2015,37,2015-08-29,Ampara,0.5968704517094766
115,2015,37,2015-08-29,Anuradhapura,0.6097458376710292
115,2015,37,2015-08-29,Badulla,0.7877378141731113
115,2015,37,2015-08-29,Batticaloa,0.48614641662459984
115,2015,37,2015-08-29,Colombo,0.6226617433819156
115,2015,37,2015-08-29,Galle,0.7124425639500298
115,2015,37,2015-08-29,Gampaha,0.6855769872843546
115,2015,37,2015-08-29,Hambantota,0.637468887881578
115,2015,37,2015-08-29,Jaffna,0.37201754637175993
115,2015,37,2015-08-29,Kalutara,0.7296267530487806
115,2015,37,2015-08-29,Kandy,0.6490107376561571
115,2015,37,2015-08-29,Kegalle,0.8126581164485426
115,2015,37,2015-08-29,Kilinochchi,0.4086609528787187
115,2015,37,2015-08-29,Kurunegala,0.6360615816478287
115,2015,37,2015-08-29,Mannar,0.7897170045673487
115,2015,37,2015-08-29,Matale,0.7586015690065437
115,2015,37,2015-08-29,Matara,0.762288647010708
115,2015,37,2015-08-29,Moneragala,0.7104863120910172
115,2015,37,2015-08-29,Mullaitivu,0.7226919727840572
115,2015,37,2015-08-29,NuwaraEliya,0.7504764221445569
115,2015,37,2015-08-29,Polonnaruwa,0.5611423334324807
115,2015,37,2015-08-29,Puttalam,0.6218985890095181
115,2015,37,2015-08-29,Ratnapura,0.7875088228732897
115,2015,37,2015-08-29,Trincomalee,0.7088503342201563
115,2015,37,2015-08-29,Vavuniya,0.6069097003271863
116,2015,38,2015-09-05,Ampara,0.5920455291845697
116,2015,38,2015-09-05,Anuradhapura,0.6401869088340274
116,2015,38,2015-09-05,Badulla,0.7780359625966687
116,2015,38,2015-09-05,Batticaloa,0.4855528455900636
116,2015,38,2015-09-05,Colombo,0.6198363808744796
116,2015,38,2015-09-05,Galle,0.7383424877305176
116,2015,38,2015-09-05,Gampaha,0.6870819843099346
116,2015,38,2015-09-05,Hambantota,0.6925946683521714
116,2015,38,2015-09-05,Jaffna,0.370858876512365
116,2015,38,2015-09-05,Kalutara,0.7001946162998215
116,2015,38,2015-09-05,Kandy,0.628426648944081
116,2015,38,2015-09-05,Kegalle,0.8016628978286735
116,2015,38,2015-09-05,Kilinochchi,0.41109565918870866
116,2015,38,2015-09-05,Kurunegala,0.6409427795954789
116,2015,38,2015-09-05,Mannar,0.8030978161962768
116,2015,38,2015-09-05,Matale,0.7520515281082689
116,2015,38,2015-09-05,Matara,0.7756123438429506
116,2015,38,2015-09-05,Moneragala,0.705579612209994
116,2015,38,2015-09-05,Mullaitivu,0.7389802777364664
116,2015,38,2015-09-05,NuwaraEliya,0.7015501133997621
116,2015,38,2015-09-05,Polonnaruwa,0.5414593415377752
116,2015,38,2015-09-05,Puttalam,0.6422539782867341
116,2015,38,2015-09-05,Ratnapura,0.7781775449881023
116,2015,38,2015-09-05,Trincomalee,0.7309490342775922
116,2015,38,2015-09-05,Vavuniya,0.6299313987209995
117,2015,39,2015-09-12,Ampara,0.594179371830489
117,2015,39,2015-09-12,Anuradhapura,0.6450266842653183
117,2015,39,2015-09-12,Badulla,0.7658864496579417
117,2015,39,2015-09-12,Batticaloa,0.4619253597960507
117,2015,39,2015-09-12,Colombo,0.6363693002676979
117,2015,39,2015-09-12,Galle,0.7031341482004759
117,2015,39,2015-09-12,Gampaha,0.6461172274687685
117,2015,39,2015-09-12,Hambantota,0.7019073542534207
117,2015,39,2015-09-12,Jaffna,0.3597671600035816
117,2015,39,2015-09-12,Kalutara,0.671247263533611
117,2015,39,2015-09-12,Kandy,0.6466587912700774
117,2015,39,2015-09-12,Kegalle,0.7788731818857824
117,2015,39,2015-09-12,Kilinochchi,0.3905285984596396
117,2015,39,2015-09-12,Kurunegala,0.6470421698393813
117,2015,39,2015-09-12,Mannar,0.7855586622133134
117,2015,39,2015-09-12,Matale,0.7594291679060083
117,2015,39,2015-09-12,Matara,0.7739012790005949
117,2015,39,2015-09-12,Moneragala,0.7001034187239739
117,2015,39,2015-09-12,Mullaitivu,0.7503502546847115
117,2015,39,2015-09-12,NuwaraEliya,0.5588994255651398
117,2015,39,2015-09-12,Polonnaruwa,0.5368528387120762
117,2015,39,2015-09-12,Puttalam,0.6747986689470554
117,2015,39,2015-09-12,Ratnapura,0.767692874405116
117,2015,39,2015-09-12,Trincomalee,0.7504344819706836
117,2015,39,2015-09-12,Vavuniya,0.6531255614217728
118,2015,40,2015-09-19,Ampara,0.5983844466229432
118,2015,40,2015-09-19,Anuradhapura,0.6504367117787031
118,2015,40,2015-09-19,Badulla,0.7562251431439619
118,2015,40,2015-09-19,Batticaloa,0.4414644943867414
118,2015,40,2015-09-19,Colombo,0.6523291995092207
118,2015,40,2015-09-19,Galle,0.6726110983045807
118,2015,40,2015-09-19,Gampaha,0.6107669857971445
118,2015,40,2015-09-19,Hambantota,0.7104119446707334
118,2015,40,2015-09-19,Jaffna,0.3507605862116547
118,2015,40,2015-09-19,Kalutara,0.6478380651397977
118,2015,40,2015-09-19,Kandy,0.6668060864069006
118,2015,40,2015-09-19,Kegalle,0.7584927520389384
118,2015,40,2015-09-19,Kilinochchi,0.3721729590470398
118,2015,40,2015-09-19,Kurunegala,0.6520901119125521
118,2015,40,2015-09-19,Mannar,0.768491641562063
118,2015,40,2015-09-19,Matale,0.7675416009815587
118,2015,40,2015-09-19,Matara,0.769674278703153
118,2015,40,2015-09-19,Moneragala,0.6965117024836408
118,2015,40,2015-09-19,Mullaitivu,0.7596393238317877
118,2015,40,2015-09-19,NuwaraEliya,0.43721133811719215
118,2015,40,2015-09-19,Polonnaruwa,0.5343715180696015
118,2015,40,2015-09-19,Puttalam,0.7039698449583582
118,2015,40,2015-09-19,Ratnapura,0.7610711183819155
118,2015,40,2015-09-19,Trincomalee,0.7694255133230512
118,2015,40,2015-09-19,Vavuniya,0.6740168166270077
119,2015,41,2015-09-26,Ampara,0.6295155393203522
119,2015,41,2015-09-26,Anuradhapura,0.66326001635931
119,2015,41,2015-09-26,Badulla,0.7789105201516955
119,2015,41,2015-09-26,Batticaloa,0.4621696939785785
119,2015,41,2015-09-26,Colombo,0.6608398367787032
119,2015,41,2015-09-26,Galle,0.7029968136525878
119,2015,41,2015-09-26,Gampaha,0.6484054413295658
119,2015,41,2015-09-26,Hambantota,0.7084112937968712
119,2015,41,2015-09-26,Jaffna,0.36886086773886123
119,2015,41,2015-09-26,Kalutara,0.6964248735871506
119,2015,41,2015-09-26,Kandy,0.7118503680844736
119,2015,41,2015-09-26,Kegalle,0.7694330414407082
119,2015,41,2015-09-26,Kilinochchi,0.38256579674854047
119,2015,41,2015-09-26,Kurunegala,0.6434692277662106
119,2015,41,2015-09-26,Mannar,0.7575623542230829
119,2015,41,2015-09-26,Matale,0.7852063466686496
119,2015,41,2015-09-26,Matara,0.7327401174895896
119,2015,41,2015-09-26,Moneragala,0.7174181904372399
119,2015,41,2015-09-26,Mullaitivu,0.7418765915636685
119,2015,41,2015-09-26,NuwaraEliya,0.5880370556960143
119,2015,41,2015-09-26,Polonnaruwa,0.5595175658090422
119,2015,41,2015-09-26,Puttalam,0.6892853305324212
119,2015,41,2015-09-26,Ratnapura,0.804667251635931
119,2015,41,2015-09-26,Trincomalee,0.7819891322460064
119,2015,41,2015-09-26,Vavuniya,0.6649702743902439
120,2015,42,2015-10-03,Ampara,0.6606466320177612
120,2015,42,2015-10-03,Anuradhapura,0.6760833209399167
120,2015,42,2015-10-03,Badulla,0.801595897159429
120,2015,42,2015-10-03,Batticaloa,0.48287489357041563
120,2015,42,2015-10-03,Colombo,0.6693504740481856
120,2015,42,2015-10-03,Galle,0.7333825290005949
120,2015,42,2015-10-03,Gampaha,0.686043896861987
120,2015,42,2015-10-03,Hambantota,0.7064106429230089
120,2015,42,2015-10-03,Jaffna,0.38696114926606784
120,2015,42,2015-10-03,Kalutara,0.7450116820345032
120,2015,42,2015-10-03,Kandy,0.7568946497620465
120,2015,42,2015-10-03,Kegalle,0.780373330842478
120,2015,42,2015-10-03,Kilinochchi,0.39295863445004114
120,2015,42,2015-10-03,Kurunegala,0.6348483436198692
120,2015,42,2015-10-03,Mannar,0.7466330668841028
120,2015,42,2015-10-03,Matale,0.8028710923557407
120,2015,42,2015-10-03,Matara,0.6958059562760263
120,2015,42,2015-10-03,Moneragala,0.7383246783908389
120,2015,42,2015-10-03,Mullaitivu,0.7241138592955494
120,2015,42,2015-10-03,NuwaraEliya,0.7388627732748364
120,2015,42,2015-10-03,Polonnaruwa,0.5846636135484831
120,2015,42,2015-10-03,Puttalam,0.6746008161064844
120,2015,42,2015-10-03,Ratnapura,0.8482633848899466
120,2015,42,2015-10-03,Trincomalee,0.7945527511689616
120,2015,42,2015-10-03,Vavuniya,0.6559237321534801
121,2015,43,2015-10-10,Ampara,0.6282166922138708
121,2015,43,2015-10-10,Anuradhapura,0.6371598378941107
121,2015,43,2015-10-10,Badulla,0.7504634666864962
121,2015,43,2015-10-10,Batticaloa,0.45700406759818735
121,2015,43,2015-10-10,Colombo,0.64985125297442
121,2015,43,2015-10-10,Galle,0.7165395095925045
121,2015,43,2015-10-10,Gampaha,0.7019855313057705
121,2015,43,2015-10-10,Hambantota,0.6670797122674339
121,2015,43,2015-10-10,Jaffna,0.3717748263350622
121,2015,43,2015-10-10,Kalutara,0.7224781491671624
121,2015,43,2015-10-10,Kandy,0.7407372601873885
121,2015,43,2015-10-10,Kegalle,0.734944236526807
121,2015,43,2015-10-10,Kilinochchi,0.414414603218255
121,2015,43,2015-10-10,Kurunegala,0.6470369308009521
121,2015,43,2015-10-10,Mannar,0.6599848044318858
121,2015,43,2015-10-10,Matale,0.7563613120910173
121,2015,43,2015-10-10,Matara,0.6761120947352767
121,2015,43,2015-10-10,Moneragala,0.6962664318114219
121,2015,43,2015-10-10,Mullaitivu,0.7149072475228658
121,2015,43,2015-10-10,NuwaraEliya,0.6567270504907793
121,2015,43,2015-10-10,Polonnaruwa,0.6053146545954788
121,2015,43,2015-10-10,Puttalam,0.664147882584771
121,2015,43,2015-10-10,Ratnapura,0.8419785916121357
121,2015,43,2015-10-10,Trincomalee,0.7589078646577627
121,2015,43,2015-10-10,Vavuniya,0.6666856967578823
122,2015,44,2015-10-17,Ampara,0.5784519253641714
122,2015,44,2015-10-17,Anuradhapura,0.5841235945865557
122,2015,44,2015-10-17,Badulla,0.6791989069006543
122,2015,44,2015-10-17,Batticaloa,0.4184306891993958
122,2015,44,2015-10-17,Colombo,0.6227129796252231
122,2015,44,2015-10-17,Galle,0.6868159261600238
122,2015,44,2015-10-17,Gampaha,0.7120098509071981
122,2015,44,2015-10-17,Hambantota,0.6175677962168464
122,2015,44,2015-10-17,Jaffna,0.34751033855181684
122,2015,44,2015-10-17,Kalutara,0.6805481595776324
122,2015,44,2015-10-17,Kandy,0.7078885057257585
122,2015,44,2015-10-17,Kegalle,0.6741416739245613
122,2015,44,2015-10-17,Kilinochchi,0.438887789550118
122,2015,44,2015-10-17,Kurunegala,0.66490082834406
122,2015,44,2015-10-17,Mannar,0.5526859124033314
122,2015,44,2015-10-17,Matale,0.69234938838489
122,2015,44,2015-10-17,Matara,0.6611201331052945
122,2015,44,2015-10-17,Moneragala,0.6370359849048186
122,2015,44,2015-10-17,Mullaitivu,0.7080341231580285
122,2015,44,2015-10-17,NuwaraEliya,0.511056389425937
122,2015,44,2015-10-17,Polonnaruwa,0.6247397847263534
122,2015,44,2015-10-17,Puttalam,0.6548490165823915
122,2015,44,2015-10-17,Ratnapura,0.8220899092801904
122,2015,44,2015-10-17,Trincomalee,0.710115203937249
122,2015,44,2015-10-17,Vavuniya,0.6828499814098751
123,2015,45,2015-10-24,Ampara,0.5562911511005354
123,2015,45,2015-10-24,Anuradhapura,0.5336896694675789
123,2015,45,2015-10-24,Badulla,0.6684694341165973
123,2015,45,2015-10-24,Batticaloa,0.4212772675651121
123,2015,45,2015-10-24,Colombo,0.5933629238548483
123,2015,45,2015-10-24,Galle,0.6886847486615111
123,2015,45,2015-10-24,Gampaha,0.6624211258179655
123,2015,45,2015-10-24,Hambantota,0.6043986392028555
123,2015,45,2015-10-24,Jaffna,0.3676165226415483
123,2015,45,2015-10-24,Kalutara,0.6742294467578822
123,2015,45,2015-10-24,Kandy,0.653794727840571
123,2015,45,2015-10-24,Kegalle,0.6386056885782272
123,2015,45,2015-10-24,Kilinochchi,0.45559437411931264
123,2015,45,2015-10-24,Kurunegala,0.6694391299855925
123,2015,45,2015-10-24,Mannar,0.5450272289559785
123,2015,45,2015-10-24,Matale,0.6330997211481262
123,2015,45,2015-10-24,Matara,0.673008030933968
123,2015,45,2015-10-24,Moneragala,0.6256719419244497
123,2015,45,2015-10-24,Mullaitivu,0.7035851037328971
123,2015,45,2015-10-24,NuwaraEliya,0.45574687685901255
123,2015,45,2015-10-24,Polonnaruwa,0.6181299170880429
123,2015,45,2015-10-24,Puttalam,0.6276085644705532
123,2015,45,2015-10-24,Ratnapura,0.8070101873884593
123,2015,45,2015-10-24,Trincomalee,0.6703560237477155
123,2015,45,2015-10-24,Vavuniya,0.6507654725609756
124,2015,46,2015-10-31,Ampara,0.5617343694229626
124,2015,46,2015-10-31,Anuradhapura,0.4858580625371803
124,2015,46,2015-10-31,Badulla,0.7182750483343249
124,2015,46,2015-10-31,Batticaloa,0.46554380269533613
124,2015,46,2015-10-31,Colombo,0.5618010856632957
124,2015,46,2015-10-31,Galle,0.7221459770969662
124,2015,46,2015-10-31,Gampaha,0.5532193560380727
124,2015,46,2015-10-31,Hambantota,0.6275722412254611
124,2015,46,2015-10-31,Jaffna,0.4320933786042566
124,2015,46,2015-10-31,Kalutara,0.703522010707912
124,2015,46,2015-10-31,Kandy,0.5784559265318263
124,2015,46,2015-10-31,Kegalle,0.6283362804878049
124,2015,46,2015-10-31,Kilinochchi,0.4645343569258391
124,2015,46,2015-10-31,Kurunegala,0.66065183572555
124,2015,46,2015-10-31,Mannar,0.6370087540898275
124,2015,46,2015-10-31,Matale,0.5786123103807258
124,2015,46,2015-10-31,Matara,0.711775788221297
124,2015,46,2015-10-31,Moneragala,0.6621743028703153
124,2015,46,2015-10-31,Mullaitivu,0.7015601892474718
124,2015,46,2015-10-31,NuwaraEliya,0.49079851279000597
124,2015,46,2015-10-31,Polonnaruwa,0.5854850516805473
124,2015,46,2015-10-31,Puttalam,0.5824265262492564
124,2015,46,2015-10-31,Ratnapura,0.7967394259369424
124,2015,46,2015-10-31,Trincomalee,0.6396303240891623
124,2015,46,2015-10-31,Vavuniya,0.5704321702111839
125,2015,47,2015-11-07,Ampara,0.5737641350370665
125,2015,47,2015-11-07,Anuradhapura,0.4638935746383497
125,2015,47,2015-11-07,Badulla,0.7603093508328376
125,2015,47,2015-11-07,Batticaloa,0.5059024612673017
125,2015,47,2015-11-07,Colombo,0.5521924635633552
125,2015,47,2015-11-07,Galle,0.7533181104997025
125,2015,47,2015-11-07,Gampaha,0.49335124553837006
125,2015,47,2015-11-07,Hambantota,0.6539992360754097
125,2015,47,2015-11-07,Jaffna,0.47967661519063837
125,2015,47,2015-11-07,Kalutara,0.7344275040898276
125,2015,47,2015-11-07,Kandy,0.5410088786436645
125,2015,47,2015-11-07,Kegalle,0.6407995408239143
125,2015,47,2015-11-07,Kilinochchi,0.47948186311868884
125,2015,47,2015-11-07,Kurunegala,0.6639866691729149
125,2015,47,2015-11-07,Mannar,0.7080309302498513
125,2015,47,2015-11-07,Matale,0.560289756841166
125,2015,47,2015-11-07,Matara,0.7497376245538371
125,2015,47,2015-11-07,Moneragala,0.6992014909280191
125,2015,47,2015-11-07,Mullaitivu,0.7037330839589796
125,2015,47,2015-11-07,NuwaraEliya,0.5437030097412254
125,2015,47,2015-11-07,Polonnaruwa,0.5565659819303986
125,2015,47,2015-11-07,Puttalam,0.5635296289411065
125,2015,47,2015-11-07,Ratnapura,0.7925242898572278
125,2015,47,2015-11-07,Trincomalee,0.632529112088848
125,2015,47,2015-11-07,Vavuniya,0.5277217411511006
126,2015,48,2015-11-14,Ampara,0.6099445740539851
126,2015,48,2015-11-14,Anuradhapura,0.5367751898552687
126,2015,48,2015-11-14,Badulla,0.7738488436942297
126,2015,48,2015-11-14,Batticaloa,0.5319322391256525
126,2015,48,2015-11-14,Colombo,0.6230789671326592
126,2015,48,2015-11-14,Galle,0.7760968954491375
126,2015,48,2015-11-14,Gampaha,0.6143732190660322
126,2015,48,2015-11-14,Hambantota,0.6923553379589491
126,2015,48,2015-11-14,Jaffna,0.46531658073048965
126,2015,48,2015-11-14,Kalutara,0.7712470720553243
126,2015,48,2015-11-14,Kandy,0.642498259964307
126,2015,48,2015-11-14,Kegalle,0.7366159187239738
126,2015,48,2015-11-14,Kilinochchi,0.5164569550613908
126,2015,48,2015-11-14,Kurunegala,0.7117693042141072
126,2015,48,2015-11-14,Mannar,0.7022021601725164
126,2015,48,2015-11-14,Matale,0.6745716798036884
126,2015,48,2015-11-14,Matara,0.7847444173854848
126,2015,48,2015-11-14,Moneragala,0.7381530450624629
126,2015,48,2015-11-14,Mullaitivu,0.721297945725909
126,2015,48,2015-11-14,NuwaraEliya,0.6620679970999406
126,2015,48,2015-11-14,Polonnaruwa,0.5413081629238549
126,2015,48,2015-11-14,Puttalam,0.6410115816478287
126,2015,48,2015-11-14,Ratnapura,0.8105131134741226
126,2015,48,2015-11-14,Trincomalee,0.7120510215020771
126,2015,48,2015-11-14,Vavuniya,0.6229618474866151
127,2015,49,2015-11-21,Ampara,0.6461250130709036
127,2015,49,2015-11-21,Anuradhapura,0.6096568050721877
127,2015,49,2015-11-21,Badulla,0.7873883365556217
127,2015,49,2015-11-21,Batticaloa,0.5579620169840033
127,2015,49,2015-11-21,Colombo,0.6939654707019631
127,2015,49,2015-11-21,Galle,0.7988756803985724
127,2015,49,2015-11-21,Gampaha,0.7353951925936942
127,2015,49,2015-11-21,Hambantota,0.7307114398424887
127,2015,49,2015-11-21,Jaffna,0.45095654627034093
127,2015,49,2015-11-21,Kalutara,0.808066640020821
127,2015,49,2015-11-21,Kandy,0.7439876412849494
127,2015,49,2015-11-21,Kegalle,0.8324322966240334
127,2015,49,2015-11-21,Kilinochchi,0.5534320470040928
127,2015,49,2015-11-21,Kurunegala,0.7595519392552995
127,2015,49,2015-11-21,Mannar,0.6963733900951815
127,2015,49,2015-11-21,Matale,0.7888536027662106
127,2015,49,2015-11-21,Matara,0.8197512102171327
127,2015,49,2015-11-21,Moneragala,0.7771045991969067
127,2015,49,2015-11-21,Mullaitivu,0.7388628074928385
127,2015,49,2015-11-21,NuwaraEliya,0.7804329844586555
127,2015,49,2015-11-21,Polonnaruwa,0.5260503439173111
127,2015,49,2015-11-21,Puttalam,0.7184935343545509
127,2015,49,2015-11-21,Ratnapura,0.8285019370910173
127,2015,49,2015-11-21,Trincomalee,0.7915729309153062
127,2015,49,2015-11-21,Vavuniya,0.7182019538221296
128,2015,50,2015-11-28,Ampara,0.642620161571417
128,2015,50,2015-11-28,Anuradhapura,0.5994078578721499
128,2015,50,2015-11-28,Badulla,0.8142586295359905
128,2015,50,2015-11-28,Batticaloa,0.6231130799353513
128,2015,50,2015-11-28,Colombo,0.7075859495835812
128,2015,50,2015-11-28,Galle,0.8091306551160025
128,2015,50,2015-11-28,Gampaha,0.7453078152885187
128,2015,50,2015-11-28,Hambantota,0.6899412904030265
128,2015,50,2015-11-28,Jaffna,0.45990820553476214
128,2015,50,2015-11-28,Kalutara,0.8055522178019037
128,2015,50,2015-11-28,Kandy,0.7670929259528767
128,2015,50,2015-11-28,Kegalle,0.7517138607971445
128,2015,50,2015-11-28,Kilinochchi,0.5696812355028269
128,2015,50,2015-11-28,Kurunegala,0.7517309905493526
128,2015,50,2015-11-28,Mannar,0.675952273364246
128,2015,50,2015-11-28,Matale,0.7704601710337997
128,2015,50,2015-11-28,Matara,0.8140875687834622
128,2015,50,2015-11-28,Moneragala,0.75368169363452
128,2015,50,2015-11-28,Mullaitivu,0.7436890374532807
128,2015,50,2015-11-28,NuwaraEliya,0.7945870166567519
128,2015,50,2015-11-28,Polonnaruwa,0.5452990277364664
128,2015,50,2015-11-28,Puttalam,0.7568999405116004
128,2015,50,2015-11-28,Ratnapura,0.836465255056514
128,2015,50,2015-11-28,Trincomalee,0.8044716651472207
128,2015,50,2015-11-28,Vavuniya,0.6979765058001189
129,2015,51,2015-12-05,Ampara,0.6360625954168223
129,2015,51,2015-12-05,Anuradhapura,0.5827642520246539
129,2015,51,2015-12-05,Badulla,0.8421543686793577
129,2015,51,2015-12-05,Batticaloa,0.6912734725092377
129,2015,51,2015-12-05,Colombo,0.7168013496430697
129,2015,51,2015-12-05,Galle,0.818422259815586
129,2015,51,2015-12-05,Gampaha,0.7466735648423558
129,2015,51,2015-12-05,Hambantota,0.6430845062464106
129,2015,51,2015-12-05,Jaffna,0.4706530720087656
129,2015,51,2015-12-05,Kalutara,0.8000121040303391
129,2015,51,2015-12-05,Kandy,0.7841686647244414
129,2015,51,2015-12-05,Kegalle,0.6574158239143367
129,2015,51,2015-12-05,Kilinochchi,0.5843361237366403
129,2015,51,2015-12-05,Kurunegala,0.7396328430936256
129,2015,51,2015-12-05,Mannar,0.6544086684291875
129,2015,51,2015-12-05,Matale,0.7418609427863938
129,2015,51,2015-12-05,Matara,0.8052954324063057
129,2015,51,2015-12-05,Moneragala,0.7254607527108385
129,2015,51,2015-12-05,Mullaitivu,0.747535372659378
129,2015,51,2015-12-05,NuwaraEliya,0.8007248215348007
129,2015,51,2015-12-05,Polonnaruwa,0.5672020579268293
129,2015,51,2015-12-05,Puttalam,0.792300535395598
129,2015,51,2015-12-05,Ratnapura,0.8436573802795956
129,2015,51,2015-12-05,Trincomalee,0.8122455397498032
129,2015,51,2015-12-05,Vavuniya,0.6688690920582987
130,2015,52,2015-12-12,Ampara,0.6368673897688356
130,2015,52,2015-12-12,Anuradhapura,0.6199944248215348
130,2015,52,2015-12-12,Badulla,0.8446593898721
130,2015,52,2015-12-12,Batticaloa,0.700523541948823
130,2015,52,2015-12-12,Colombo,0.7216229922665082
130,2015,52,2015-12-12,Galle,0.8236462801160024
130,2015,52,2015-12-12,Gampaha,0.757733371133254
130,2015,52,2015-12-12,Hambantota,0.6697546874745492
130,2015,52,2015-12-12,Jaffna,0.5021391515767492
130,2015,52,2015-12-12,Kalutara,0.8078763384889946
130,2015,52,2015-12-12,Kandy,0.7855615062515935
130,2015,52,2015-12-12,Kegalle,0.6900981465645449
130,2015,52,2015-12-12,Kilinochchi,0.6024299883858057
130,2015,52,2015-12-12,Kurunegala,0.7508295407064086
130,2015,52,2015-12-12,Mannar,0.7011835279232529
130,2015,52,2015-12-12,Matale,0.7358957662645768
130,2015,52,2015-12-12,Matara,0.8183473527662106
130,2015,52,2015-12-12,Moneragala,0.7494496557562551
130,2015,52,2015-12-12,Mullaitivu,0.7594454255999035
130,2015,52,2015-12-12,NuwaraEliya,0.8107258570047591
130,2015,52,2015-12-12,Polonnaruwa,0.6165702297739442
130,2015,52,2015-12-12,Puttalam,0.7980059990333136
130,2015,52,2015-12-12,Ratnapura,0.8421939154521119
130,2015,52,2015-12-12,Trincomalee,0.7844594945132276
130,2015,52,2015-12-12,Vavuniya,0.6871555826145153
131,2016,1,2015-12-19,Ampara,0.641762384402298
131,2016,1,2015-12-19,Anuradhapura,0.6871544746430697
131,2016,1,2015-12-19,Badulla,0.8330584566478287
131,2016,1,2015-12-19,Batticaloa,0.6770456540915745
131,2016,1,2015-12-19,Colombo,0.7240036585365854
131,2016,1,2015-12-19,Galle,0.8266105313057704
131,2016,1,2015-12-19,Gampaha,0.7741787645002975
131,2016,1,2015-12-19,Hambantota,0.7372731828053296
131,2016,1,2015-12-19,Jaffna,0.5451481273080551
131,2016,1,2015-12-19,Kalutara,0.8231874330755503
131,2016,1,2015-12-19,Kandy,0.7782416270874055
131,2016,1,2015-12-19,Kegalle,0.7933251133997621
131,2016,1,2015-12-19,Kilinochchi,0.6224343954879443
131,2016,1,2015-12-19,Kurunegala,0.7749678189128083
131,2016,1,2015-12-19,Mannar,0.7859130898779425
131,2016,1,2015-12-19,Matale,0.7425050629236423
131,2016,1,2015-12-19,Matara,0.8435348602022607
131,2016,1,2015-12-19,Moneragala,0.8024440276733928
131,2016,1,2015-12-19,Mullaitivu,0.7758353217262226
131,2016,1,2015-12-19,NuwaraEliya,0.8228731316924449
131,2016,1,2015-12-19,Polonnaruwa,0.6811968136525878
131,2016,1,2015-12-19,Puttalam,0.7872141675342059
131,2016,1,2015-12-19,Ratnapura,0.8359217894854253
131,2016,1,2015-12-19,Trincomalee,0.7369179382548977
131,2016,1,2015-12-19,Vavuniya,0.7317720200029745
132,2016,2,2015-12-26,Ampara,0.654979750892326
132,2016,2,2015-12-26,Anuradhapura,0.7214648835400174
132,2016,2,2015-12-26,Badulla,0.8032078273005995
132,2016,2,2015-12-26,Batticaloa,0.6643427128243192
132,2016,2,2015-12-26,Colombo,0.7234921589713084
132,2016,2,2015-12-26,Galle,0.8270793392211596
132,2016,2,2015-12-26,Gampaha,0.7820722463734957
132,2016,2,2015-12-26,Hambantota,0.7805248095356736
132,2016,2,2015-12-26,Jaffna,0.5562395990226674
132,2016,2,2015-12-26,Kalutara,0.8281346359767539
132,2016,2,2015-12-26,Kandy,0.772382132887933
132,2016,2,2015-12-26,Kegalle,0.8575622340182126
132,2016,2,2015-12-26,Kilinochchi,0.6337953216779117
132,2016,2,2015-12-26,Kurunegala,0.787808378527387
132,2016,2,2015-12-26,Mannar,0.8337197593007825
132,2016,2,2015-12-26,Matale,0.7354704113851646
132,2016,2,2015-12-26,Matara,0.857389530041642
132,2016,2,2015-12-26,Moneragala,0.8337166613279642
132,2016,2,2015-12-26,Mullaitivu,0.7799871647338639
132,2016,2,2015-12-26,NuwaraEliya,0.8296228343934471
132,2016,2,2015-12-26,Polonnaruwa,0.7254640804466206
132,2016,2,2015-12-26,Puttalam,0.7855469477874892
132,2016,2,2015-12-26,Ratnapura,0.8296978584176086
132,2016,2,2015-12-26,Trincomalee,0.6898371535528023
132,2016,2,2015-12-26,Vavuniya,0.7516333043518053
133,2016,3,2016-01-02,Ampara,0.6831773867241722
133,2016,3,2016-01-02,Anuradhapura,0.6966459387727085
133,2016,3,2016-01-02,Badulla,0.740507744932046
133,2016,3,2016-01-02,Batticaloa,0.6710346754190517
133,2016,3,2016-01-02,Colombo,0.7177747609023933
133,2016,3,2016-01-02,Galle,0.823056349242667
133,2016,3,2016-01-02,Gampaha,0.7745722875577724
133,2016,3,2016-01-02,Hambantota,0.7800960727852325
133,2016,3,2016-01-02,Jaffna,0.5098795635072314
133,2016,3,2016-01-02,Kalutara,0.8144268338443235
133,2016,3,2016-01-02,Kandy,0.7691513316249485
133,2016,3,2016-01-02,Kegalle,0.8516176314464834
133,2016,3,2016-01-02,Kilinochchi,0.6295979822259705
133,2016,3,2016-01-02,Kurunegala,0.7803130446766879
133,2016,3,2016-01-02,Mannar,0.815065222166293
133,2016,3,2016-01-02,Matale,0.7038766530911088
133,2016,3,2016-01-02,Matara,0.8508450922070196
133,2016,3,2016-01-02,Moneragala,0.8258901661099163
133,2016,3,2016-01-02,Mullaitivu,0.7621105121278852
133,2016,3,2016-01-02,NuwaraEliya,0.8266569075184186
133,2016,3,2016-01-02,Polonnaruwa,0.733084576488354
133,2016,3,2016-01-02,Puttalam,0.8003040291950761
133,2016,3,2016-01-02,Ratnapura,0.8235606781677574
133,2016,3,2016-01-02,Trincomalee,0.6435857576519292
133,2016,3,2016-01-02,Vavuniya,0.7269353132293049
134,2016,4,2016-01-09,Ampara,0.7080206945270673
134,2016,4,2016-01-09,Anuradhapura,0.6966466705086258
134,2016,4,2016-01-09,Badulla,0.7379529465348007
134,2016,4,2016-01-09,Batticaloa,0.6790908253701927
134,2016,4,2016-01-09,Colombo,0.7041456889500297
134,2016,4,2016-01-09,Galle,0.813244145969661
134,2016,4,2016-01-09,Gampaha,0.7571002807108864
134,2016,4,2016-01-09,Hambantota,0.7677449384263599
134,2016,4,2016-01-09,Jaffna,0.4782365447165405
134,2016,4,2016-01-09,Kalutara,0.7846690400059488
134,2016,4,2016-01-09,Kandy,0.7613474141136228
134,2016,4,2016-01-09,Kegalle,0.8453119367192148
134,2016,4,2016-01-09,Kilinochchi,0.6083248715889593
134,2016,4,2016-01-09,Kurunegala,0.7701946050140666
134,2016,4,2016-01-09,Mannar,0.7959613569784231
134,2016,4,2016-01-09,Matale,0.7182040563652587
134,2016,4,2016-01-09,Matara,0.8443970683372992
134,2016,4,2016-01-09,Moneragala,0.8191730666270078
134,2016,4,2016-01-09,Mullaitivu,0.7380247770912263
134,2016,4,2016-01-09,NuwaraEliya,0.821035990481856
134,2016,4,2016-01-09,Polonnaruwa,0.7556830420880429
134,2016,4,2016-01-09,Puttalam,0.8026869106930398
134,2016,4,2016-01-09,Ratnapura,0.819065658462225
134,2016,4,2016-01-09,Trincomalee,0.6409644396166263
134,2016,4,2016-01-09,Vavuniya,0.7195386172665081
135,2016,5,2016-01-16,Ampara,0.7295096743010113
135,2016,5,2016-01-16,Anuradhapura,0.7214670787477692
135,2016,5,2016-01-16,Badulla,0.7955434321088637
135,2016,5,2016-01-16,Batticaloa,0.6885111626777424
135,2016,5,2016-01-16,Colombo,0.6826049431142178
135,2016,5,2016-01-16,Galle,0.7976427294021415
135,2016,5,2016-01-16,Gampaha,0.7296562258328376
135,2016,5,2016-01-16,Hambantota,0.7434714064590559
135,2016,5,2016-01-16,Jaffna,0.4613105426505947
135,2016,5,2016-01-16,Kalutara,0.73886125446163
135,2016,5,2016-01-16,Kandy,0.748970380353956
135,2016,5,2016-01-16,Kegalle,0.838645149836407
135,2016,5,2016-01-16,Kilinochchi,0.5699759897668781
135,2016,5,2016-01-16,Kurunegala,0.7574530595395227
135,2016,5,2016-01-16,Mannar,0.7764081637371729
135,2016,5,2016-01-16,Matale,0.7784526212076145
135,2016,5,2016-01-16,Matara,0.8380454584324807
135,2016,5,2016-01-16,Moneragala,0.8135653628792386
135,2016,5,2016-01-16,Mullaitivu,0.7077299596238874
135,2016,5,2016-01-16,NuwaraEliya,0.8127600832837597
135,2016,5,2016-01-16,Polonnaruwa,0.7932594772456872
135,2016,5,2016-01-16,Puttalam,0.7926955922813801
135,2016,5,2016-01-16,Ratnapura,0.8162127993010114
135,2016,5,2016-01-16,Trincomalee,0.6819731994468937
135,2016,5,2016-01-16,Vavuniya,0.7294432164634147
136,2016,6,2016-01-23,Ampara,0.7322419471296847
136,2016,6,2016-01-23,Anuradhapura,0.7320318541790601
136,2016,6,2016-01-23,Badulla,0.8396760856632955
136,2016,6,2016-01-23,Batticaloa,0.6772071155528453
136,2016,6,2016-01-23,Colombo,0.6634398869720405
136,2016,6,2016-01-23,Galle,0.7872063578227245
136,2016,6,2016-01-23,Gampaha,0.7059682610797144
136,2016,6,2016-01-23,Hambantota,0.7203245501189769
136,2016,6,2016-01-23,Jaffna,0.4440846081269833
136,2016,6,2016-01-23,Kalutara,0.7111472969958358
136,2016,6,2016-01-23,Kandy,0.736042987804878
136,2016,6,2016-01-23,Kegalle,0.8294671791344439
136,2016,6,2016-01-23,Kilinochchi,0.5331101241827944
136,2016,6,2016-01-23,Kurunegala,0.7390411123124612
136,2016,6,2016-01-23,Mannar,0.7641759258490819
136,2016,6,2016-01-23,Matale,0.8233199286139202
136,2016,6,2016-01-23,Matara,0.8297859161213564
136,2016,6,2016-01-23,Moneragala,0.8019437667311126
136,2016,6,2016-01-23,Mullaitivu,0.6904286102022607
136,2016,6,2016-01-23,NuwaraEliya,0.804006781677573
136,2016,6,2016-01-23,Polonnaruwa,0.8087783332093993
136,2016,6,2016-01-23,Puttalam,0.7785628383402736
136,2016,6,2016-01-23,Ratnapura,0.8116893608715051
136,2016,6,2016-01-23,Trincomalee,0.7163406179106713
136,2016,6,2016-01-23,Vavuniya,0.73447814730815
137,2016,7,2016-01-30,Ampara,0.666199627825699
137,2016,7,2016-01-30,Anuradhapura,0.6903259759815586
137,2016,7,2016-01-30,Badulla,0.8344633551457467
137,2016,7,2016-01-30,Batticaloa,0.5899136588423106
137,2016,7,2016-01-30,Colombo,0.6529856930398572
137,2016,7,2016-01-30,Galle,0.795708484533016
137,2016,7,2016-01-30,Gampaha,0.696052626784652
137,2016,7,2016-01-30,Hambantota,0.7013088377453897
137,2016,7,2016-01-30,Jaffna,0.4257589212585981
137,2016,7,2016-01-30,Kalutara,0.7497773758179656
137,2016,7,2016-01-30,Kandy,0.7210976130279596
137,2016,7,2016-01-30,Kegalle,0.8110815344289114
137,2016,7,2016-01-30,Kilinochchi,0.5016819848047015
137,2016,7,2016-01-30,Kurunegala,0.6998376919928349
137,2016,7,2016-01-30,Mannar,0.7787871909225749
137,2016,7,2016-01-30,Matale,0.8117892920880428
137,2016,7,2016-01-30,Matara,0.8145306216537775
137,2016,7,2016-01-30,Moneragala,0.7682712317816777
137,2016,7,2016-01-30,Mullaitivu,0.7207699769482452
137,2016,7,2016-01-30,NuwaraEliya,0.793503033908388
137,2016,7,2016-01-30,Polonnaruwa,0.74341939879536
137,2016,7,2016-01-30,Puttalam,0.7492448207911957
137,2016,7,2016-01-30,Ratnapura,0.8010404651249257
137,2016,7,2016-01-30,Trincomalee,0.726356451363986
137,2016,7,2016-01-30,Vavuniya,0.7216576275282571
138,2016,8,2016-02-06,Ampara,0.6001573085217132
138,2016,8,2016-02-06,Anuradhapura,0.648620097784057
138,2016,8,2016-02-06,Badulla,0.8292506246281977
138,2016,8,2016-02-06,Batticaloa,0.5026202021317759
138,2016,8,2016-02-06,Colombo,0.642531499107674
138,2016,8,2016-02-06,Galle,0.8042106112433075
138,2016,8,2016-02-06,Gampaha,0.6861369924895895
138,2016,8,2016-02-06,Hambantota,0.6822931253718025
138,2016,8,2016-02-06,Jaffna,0.4074332343902129
138,2016,8,2016-02-06,Kalutara,0.7884074546400952
138,2016,8,2016-02-06,Kandy,0.706152238251041
138,2016,8,2016-02-06,Kegalle,0.792695889723379
138,2016,8,2016-02-06,Kilinochchi,0.4702538454266086
138,2016,8,2016-02-06,Kurunegala,0.6606342716732087
138,2016,8,2016-02-06,Mannar,0.7933984559960677
138,2016,8,2016-02-06,Matale,0.8002586555621655
138,2016,8,2016-02-06,Matara,0.7992753271861988
138,2016,8,2016-02-06,Moneragala,0.7345986968322428
138,2016,8,2016-02-06,Mullaitivu,0.7511113436942297
138,2016,8,2016-02-06,NuwaraEliya,0.782999286139203
138,2016,8,2016-02-06,Polonnaruwa,0.6780604643813206
138,2016,8,2016-02-06,Puttalam,0.7199268032421178
138,2016,8,2016-02-06,Ratnapura,0.7903915693783463
138,2016,8,2016-02-06,Trincomalee,0.7363722848173005
138,2016,8,2016-02-06,Vavuniya,0.7088371077483642
139,2016,9,2016-02-13,Ampara,0.5000631722189173
139,2016,9,2016-02-13,Anuradhapura,0.5733006141922767
139,2016,9,2016-02-13,Badulla,0.6750009667686748
139,2016,9,2016-02-13,Batticaloa,0.4754282040086368
139,2016,9,2016-02-13,Colombo,0.653049882882213
139,2016,9,2016-02-13,Galle,0.81442000297442
139,2016,9,2016-02-13,Gampaha,0.6880475107822724
139,2016,9,2016-02-13,Hambantota,0.6292788314247472
139,2016,9,2016-02-13,Jaffna,0.381024165223047
139,2016,9,2016-02-13,Kalutara,0.7787251524390245
139,2016,9,2016-02-13,Kandy,0.6865380818709103
139,2016,9,2016-02-13,Kegalle,0.8129155710886378
139,2016,9,2016-02-13,Kilinochchi,0.42551486471578837
139,2016,9,2016-02-13,Kurunegala,0.6455072761748959
139,2016,9,2016-02-13,Mannar,0.6952830904223677
139,2016,9,2016-02-13,Matale,0.6550797678776548
139,2016,9,2016-02-13,Matara,0.783327015169542
139,2016,9,2016-02-13,Moneragala,0.6891234272754313
139,2016,9,2016-02-13,Mullaitivu,0.6574105654183173
139,2016,9,2016-02-13,NuwaraEliya,0.7947925974122547
139,2016,9,2016-02-13,Polonnaruwa,0.6014230052795955
139,2016,9,2016-02-13,Puttalam,0.6826085431450242
139,2016,9,2016-02-13,Ratnapura,0.7901899446014278
139,2016,9,2016-02-13,Trincomalee,0.6567966572145991
139,2016,9,2016-02-13,Vavuniya,0.6498851725163594
140,2016,10,2016-02-20,Ampara,0.39734966537775135
140,2016,10,2016-02-20,Anuradhapura,0.4953954686470904
140,2016,10,2016-02-20,Badulla,0.5092869298828463
140,2016,10,2016-02-20,Batticaloa,0.45285939500760497
140,2016,10,2016-02-20,Colombo,0.6651815418649614
140,2016,10,2016-02-20,Galle,0.8247607227840571
140,2016,10,2016-02-20,Gampaha,0.6908677331201666
140,2016,10,2016-02-20,Hambantota,0.5736492619720405
140,2016,10,2016-02-20,Jaffna,0.35399329741751334
140,2016,10,2016-02-20,Kalutara,0.7653265132361691
140,2016,10,2016-02-20,Kandy,0.6665647884443784
140,2016,10,2016-02-20,Kegalle,0.8361048929208805
140,2016,10,2016-02-20,Kilinochchi,0.37975197313321984
140,2016,10,2016-02-20,Kurunegala,0.6322323133551457
140,2016,10,2016-02-20,Mannar,0.5884964455681143
140,2016,10,2016-02-20,Matale,0.499620245488634
140,2016,10,2016-02-20,Matara,0.7673253941106485
140,2016,10,2016-02-20,Moneragala,0.642740255056514
140,2016,10,2016-02-20,Mullaitivu,0.554168083679182
140,2016,10,2016-02-20,NuwaraEliya,0.8083010670731707
140,2016,10,2016-02-20,Polonnaruwa,0.5239179673557407
140,2016,10,2016-02-20,Puttalam,0.6446748797750064
140,2016,10,2016-02-20,Ratnapura,0.7907919560529448
140,2016,10,2016-02-20,Trincomalee,0.5703293787614347
140,2016,10,2016-02-20,Vavuniya,0.5873846668649614
141,2016,11,2016-02-27,Ampara,0.43925260633551455
141,2016,11,2016-02-27,Anuradhapura,0.5078287860770145
141,2016,11,2016-02-27,Badulla,0.5672407205270338
141,2016,11,2016-02-27,Batticaloa,0.47474940396935283
141,2016,11,2016-02-27,Colombo,0.6480476911064843
141,2016,11,2016-02-27,Galle,0.8193877825698989
141,2016,11,2016-02-27,Gampaha,0.6898926197204046
141,2016,11,2016-02-27,Hambantota,0.5709668036139204
141,2016,11,2016-02-27,Jaffna,0.36079874708621457
141,2016,11,2016-02-27,Kalutara,0.777473538816181
141,2016,11,2016-02-27,Kandy,0.6709045620166568
141,2016,11,2016-02-27,Kegalle,0.8378117508179656
141,2016,11,2016-02-27,Kilinochchi,0.38175151298415494
141,2016,11,2016-02-27,Kurunegala,0.6193867210737656
141,2016,11,2016-02-27,Mannar,0.6196446218768591
141,2016,11,2016-02-27,Matale,0.5530419365969783
141,2016,11,2016-02-27,Matara,0.7784439024390244
141,2016,11,2016-02-27,Moneragala,0.6655639240035693
141,2016,11,2016-02-27,Mullaitivu,0.5995494164196403
141,2016,11,2016-02-27,NuwaraEliya,0.8069808019779894
141,2016,11,2016-02-27,Polonnaruwa,0.5304165321980964
141,2016,11,2016-02-27,Puttalam,0.6423177595978159
141,2016,11,2016-02-27,Ratnapura,0.7916385429060084
141,2016,11,2016-02-27,Trincomalee,0.6024419629286473
141,2016,11,2016-02-27,Vavuniya,0.5901279874330756
142,2016,12,2016-03-05,Ampara,0.5614980182926829
142,2016,12,2016-03-05,Anuradhapura,0.570450138493111
142,2016,12,2016-03-05,Badulla,0.7494544153545637
142,2016,12,2016-03-05,Batticaloa,0.521338756243756
142,2016,12,2016-03-05,Colombo,0.6146552238251041
142,2016,12,2016-03-05,Galle,0.8052850312314099
142,2016,12,2016-03-05,Gampaha,0.6868089864663891
142,2016,12,2016-03-05,Hambantota,0.5976994069750149
142,2016,12,2016-03-05,Jaffna,0.3864021509072684
142,2016,12,2016-03-05,Kalutara,0.8038126003866747
142,2016,12,2016-03-05,Kandy,0.6887515950327187
142,2016,12,2016-03-05,Kegalle,0.8275839065288519
142,2016,12,2016-03-05,Kilinochchi,0.4102857369648143
142,2016,12,2016-03-05,Kurunegala,0.6067796679803689
142,2016,12,2016-03-05,Mannar,0.7274232543872695
142,2016,12,2016-03-05,Matale,0.72250874631497
142,2016,12,2016-03-05,Matara,0.8046291493158835
142,2016,12,2016-03-05,Moneragala,0.7268358380428317
142,2016,12,2016-03-05,Mullaitivu,0.7274995349820951
142,2016,12,2016-03-05,NuwaraEliya,0.7974223509071982
142,2016,12,2016-03-05,Polonnaruwa,0.5835837652439025
142,2016,12,2016-03-05,Puttalam,0.659725385638863
142,2016,12,2016-03-05,Ratnapura,0.7926210049821535
142,2016,12,2016-03-05,Trincomalee,0.7004322485516246
142,2016,12,2016-03-05,Vavuniya,0.629117878123141
143,2016,13,2016-03-12,Ampara,0.6370712022716664
143,2016,13,2016-03-12,Anuradhapura,0.5982759053390839
143,2016,13,2016-03-12,Badulla,0.8559810492266507
143,2016,13,2016-03-12,Batticaloa,0.5487821148723656
143,2016,13,2016-03-12,Colombo,0.5966067946906604
143,2016,13,2016-03-12,Galle,0.7943399892177276
143,2016,13,2016-03-12,Gampaha,0.6762819508477098
143,2016,13,2016-03-12,Hambantota,0.5942990694936028
143,2016,13,2016-03-12,Jaffna,0.402041711029467
143,2016,13,2016-03-12,Kalutara,0.8166539950178466
143,2016,13,2016-03-12,Kandy,0.6918298334324807
143,2016,13,2016-03-12,Kegalle,0.8224408982748365
143,2016,13,2016-03-12,Kilinochchi,0.4224595709134616
143,2016,13,2016-03-12,Kurunegala,0.6057183001189768
143,2016,13,2016-03-12,Mannar,0.7848050342058299
143,2016,13,2016-03-12,Matale,0.8238127714158239
143,2016,13,2016-03-12,Matara,0.8125702056067817
143,2016,13,2016-03-12,Moneragala,0.7531738771564545
143,2016,13,2016-03-12,Mullaitivu,0.7964115054283165
143,2016,13,2016-03-12,NuwaraEliya,0.7847657067965498
143,2016,13,2016-03-12,Polonnaruwa,0.60096065771862
143,2016,13,2016-03-12,Puttalam,0.6640325903480071
143,2016,13,2016-03-12,Ratnapura,0.7968541084176086
143,2016,13,2016-03-12,Trincomalee,0.760665038635465
143,2016,13,2016-03-12,Vavuniya,0.6416035581499109
144,2016,14,2016-03-19,Ampara,0.6286343758899172
144,2016,14,2016-03-19,Anuradhapura,0.563469618158834
144,2016,14,2016-03-19,Badulla,0.8262709733789411
144,2016,14,2016-03-19,Batticaloa,0.5417626849385464
144,2016,14,2016-03-19,Colombo,0.606177634220702
144,2016,14,2016-03-19,Galle,0.7890788239886972
144,2016,14,2016-03-19,Gampaha,0.6523567909726353
144,2016,14,2016-03-19,Hambantota,0.5366594384956787
144,2016,14,2016-03-19,Jaffna,0.3997463524937259
144,2016,14,2016-03-19,Kalutara,0.8051995891582392
144,2016,14,2016-03-19,Kandy,0.6683242415229032
144,2016,14,2016-03-19,Kegalle,0.8264505948839976
144,2016,14,2016-03-19,Kilinochchi,0.40518470280448726
144,2016,14,2016-03-19,Kurunegala,0.6254391656751933
144,2016,14,2016-03-19,Mannar,0.7514724791790601
144,2016,14,2016-03-19,Matale,0.8024237842058299
144,2016,14,2016-03-19,Matara,0.7876717188429507
144,2016,14,2016-03-19,Moneragala,0.7166309414039262
144,2016,14,2016-03-19,Mullaitivu,0.7590548092653183
144,2016,14,2016-03-19,NuwaraEliya,0.7665323152141583
144,2016,14,2016-03-19,Polonnaruwa,0.5539149371653779
144,2016,14,2016-03-19,Puttalam,0.6447590366597263
144,2016,14,2016-03-19,Ratnapura,0.8069383662998215
144,2016,14,2016-03-19,Trincomalee,0.7529343367488595
144,2016,14,2016-03-19,Vavuniya,0.6063816589827484
145,2016,15,2016-03-26,Ampara,0.6219518829464453
145,2016,15,2016-03-26,Anuradhapura,0.532797244943486
145,2016,15,2016-03-26,Badulla,0.7985114236317669
145,2016,15,2016-03-26,Batticaloa,0.5349477495685775
145,2016,15,2016-03-26,Colombo,0.6158748475609757
145,2016,15,2016-03-26,Galle,0.7853490909428912
145,2016,15,2016-03-26,Gampaha,0.6327135559190958
145,2016,15,2016-03-26,Hambantota,0.48329936136301416
145,2016,15,2016-03-26,Jaffna,0.39678926457598324
145,2016,15,2016-03-26,Kalutara,0.7947685919839381
145,2016,15,2016-03-26,Kandy,0.648765892697799
145,2016,15,2016-03-26,Kegalle,0.8306763700922071
145,2016,15,2016-03-26,Kilinochchi,0.38896037197165256
145,2016,15,2016-03-26,Kurunegala,0.6456868456276027
145,2016,15,2016-03-26,Mannar,0.7204366095330161
145,2016,15,2016-03-26,Matale,0.7826661622546104
145,2016,15,2016-03-26,Matara,0.765661386451517
145,2016,15,2016-03-26,Moneragala,0.6848009127751339
145,2016,15,2016-03-26,Mullaitivu,0.7246754127007733
145,2016,15,2016-03-26,NuwaraEliya,0.7501736931142178
145,2016,15,2016-03-26,Polonnaruwa,0.5110422441998811
145,2016,15,2016-03-26,Puttalam,0.6255237507436051
145,2016,15,2016-03-26,Ratnapura,0.8168330681142177
145,2016,15,2016-03-26,Trincomalee,0.7454039416117679
145,2016,15,2016-03-26,Vavuniya,0.5749228249553838
146,2016,16,2016-04-02,Ampara,0.638075724700578
146,2016,16,2016-04-02,Anuradhapura,0.555865753271862
146,2016,16,2016-04-02,Badulla,0.7961087131915527
146,2016,16,2016-04-02,Batticaloa,0.5307912435286615
146,2016,16,2016-04-02,Colombo,0.6272149204342653
146,2016,16,2016-04-02,Galle,0.8015279762790006
146,2016,16,2016-04-02,Gampaha,0.6687353435455087
146,2016,16,2016-04-02,Hambantota,0.48557348447872534
146,2016,16,2016-04-02,Jaffna,0.3852296946922189
146,2016,16,2016-04-02,Kalutara,0.7976419077186199
146,2016,16,2016-04-02,Kandy,0.6805217039708508
146,2016,16,2016-04-02,Kegalle,0.8377111670880428
146,2016,16,2016-04-02,Kilinochchi,0.3863930257286338
146,2016,16,2016-04-02,Kurunegala,0.6727831127305176
146,2016,16,2016-04-02,Mannar,0.7192576498364069
146,2016,16,2016-04-02,Matale,0.7841162886674599
146,2016,16,2016-04-02,Matara,0.7811970609012493
146,2016,16,2016-04-02,Moneragala,0.7142386767549078
146,2016,16,2016-04-02,Mullaitivu,0.7290009109161214
146,2016,16,2016-04-02,NuwaraEliya,0.7581870742861393
146,2016,16,2016-04-02,Polonnaruwa,0.5224189098750744
146,2016,16,2016-04-02,Puttalam,0.6067859458655562
146,2016,16,2016-04-02,Ratnapura,0.8242635410469958
146,2016,16,2016-04-02,Trincomalee,0.7404775342183603
146,2016,16,2016-04-02,Vavuniya,0.5923838377453897
147,2016,17,2016-04-09,Ampara,0.6541995664547109
147,2016,17,2016-04-09,Anuradhapura,0.578934261600238
147,2016,17,2016-04-09,Badulla,0.7937060027513385
147,2016,17,2016-04-09,Batticaloa,0.5266347374887455
147,2016,17,2016-04-09,Colombo,0.638554993307555
147,2016,17,2016-04-09,Galle,0.8177068616151101
147,2016,17,2016-04-09,Gampaha,0.7047571311719215
147,2016,17,2016-04-09,Hambantota,0.48784760759443657
147,2016,17,2016-04-09,Jaffna,0.37367012480845463
147,2016,17,2016-04-09,Kalutara,0.8005152234533016
147,2016,17,2016-04-09,Kandy,0.7122775152439025
147,2016,17,2016-04-09,Kegalle,0.8447459640838787
147,2016,17,2016-04-09,Kilinochchi,0.3838256794856151
147,2016,17,2016-04-09,Kurunegala,0.6998793798334325
147,2016,17,2016-04-09,Mannar,0.7180786901397977
147,2016,17,2016-04-09,Matale,0.7855664150803093
147,2016,17,2016-04-09,Matara,0.7967327353509815
147,2016,17,2016-04-09,Moneragala,0.7436764407346818
147,2016,17,2016-04-09,Mullaitivu,0.7333264091314694
147,2016,17,2016-04-09,NuwaraEliya,0.7662004554580607
147,2016,17,2016-04-09,Polonnaruwa,0.5337955755502678
147,2016,17,2016-04-09,Puttalam,0.5880481409875075
147,2016,17,2016-04-09,Ratnapura,0.8316940139797739
147,2016,17,2016-04-09,Trincomalee,0.7355511268249525
147,2016,17,2016-04-09,Vavuniya,0.6098448505353957
148,2016,18,2016-04-16,Ampara,0.653726426856377
148,2016,18,2016-04-16,Anuradhapura,0.6143714306960143
148,2016,18,2016-04-16,Badulla,0.7896541716240334
148,2016,18,2016-04-16,Batticaloa,0.5101782090367509
148,2016,18,2016-04-16,Colombo,0.660761635559191
148,2016,18,2016-04-16,Galle,0.8104665563652588
148,2016,18,2016-04-16,Gampaha,0.7157299115110054
148,2016,18,2016-04-16,Hambantota,0.5052004677891043
148,2016,18,2016-04-16,Jaffna,0.3731725548293319
148,2016,18,2016-04-16,Kalutara,0.8036004944973231
148,2016,18,2016-04-16,Kandy,0.7308126933372993
148,2016,18,2016-04-16,Kegalle,0.8421207521564545
148,2016,18,2016-04-16,Kilinochchi,0.3812667327929275
148,2016,18,2016-04-16,Kurunegala,0.7223840385187389
148,2016,18,2016-04-16,Mannar,0.717094610722784
148,2016,18,2016-04-16,Matale,0.7835221724419988
148,2016,18,2016-04-16,Matara,0.80351309155548
148,2016,18,2016-04-16,Moneragala,0.7548758644408091
148,2016,18,2016-04-16,Mullaitivu,0.7327020300416419
148,2016,18,2016-04-16,NuwaraEliya,0.7720597653926234
148,2016,18,2016-04-16,Polonnaruwa,0.5480419095776324
148,2016,18,2016-04-16,Puttalam,0.6266513533610946
148,2016,18,2016-04-16,Ratnapura,0.8314249981409875
148,2016,18,2016-04-16,Trincomalee,0.7247638174567681
148,2016,18,2016-04-16,Vavuniya,0.6201422441998811
149,2016,19,2016-04-23,Ampara,0.6487268377982796
149,2016,19,2016-04-23,Anuradhapura,0.6531818709101725
149,2016,19,2016-04-23,Badulla,0.7851525803093398
149,2016,19,2016-04-23,Batticaloa,0.49036712901782575
149,2016,19,2016-04-23,Colombo,0.685931887641285
149,2016,19,2016-04-23,Galle,0.7968391991374182
149,2016,19,2016-04-23,Gampaha,0.7198711444080904
149,2016,19,2016-04-23,Hambantota,0.5266657108234875
149,2016,19,2016-04-23,Jaffna,0.3756918939151115
149,2016,19,2016-04-23,Kalutara,0.8067435715348008
149,2016,19,2016-04-23,Kandy,0.7457422441998811
149,2016,19,2016-04-23,Kegalle,0.8368609923408685
149,2016,19,2016-04-23,Kilinochchi,0.3787100768866939
149,2016,19,2016-04-23,Kurunegala,0.7436364403628792
149,2016,19,2016-04-23,Mannar,0.7161636804729328
149,2016,19,2016-04-23,Matale,0.7805249200624629
149,2016,19,2016-04-23,Matara,0.8079056336930965
149,2016,19,2016-04-23,Moneragala,0.7611011953450327
149,2016,19,2016-04-23,Mullaitivu,0.7307276844140392
149,2016,19,2016-04-23,NuwaraEliya,0.7773316013533611
149,2016,19,2016-04-23,Polonnaruwa,0.5630708804283165
149,2016,19,2016-04-23,Puttalam,0.6808930249851279
149,2016,19,2016-04-23,Ratnapura,0.829056121728138
149,2016,19,2016-04-23,Trincomalee,0.7123780802772809
149,2016,19,2016-04-23,Vavuniya,0.6284859235574063
150,2016,20,2016-04-30,Ampara,0.6504200214416535
150,2016,20,2016-04-30,Anuradhapura,0.6726437369869126
150,2016,20,2016-04-30,Badulla,0.7903791046995836
150,2016,20,2016-04-30,Batticaloa,0.49112425174772645
150,2016,20,2016-04-30,Colombo,0.6362063169244497
150,2016,20,2016-04-30,Galle,0.7726494571683522
150,2016,20,2016-04-30,Gampaha,0.6663147549821535
150,2016,20,2016-04-30,Hambantota,0.5495337785659027
150,2016,20,2016-04-30,Jaffna,0.37335429765333933
150,2016,20,2016-04-30,Kalutara,0.7830685362135634
150,2016,20,2016-04-30,Kandy,0.7371748438429506
150,2016,20,2016-04-30,Kegalle,0.7837118344735277
150,2016,20,2016-04-30,Kilinochchi,0.3862765678117908
150,2016,20,2016-04-30,Kurunegala,0.7466468229476503
150,2016,20,2016-04-30,Mannar,0.689569757584771
150,2016,20,2016-04-30,Matale,0.7844569936049971
150,2016,20,2016-04-30,Matara,0.7815779715872072
150,2016,20,2016-04-30,Moneragala,0.7687270727989293
150,2016,20,2016-04-30,Mullaitivu,0.7244342950624628
150,2016,20,2016-04-30,NuwaraEliya,0.6903112637566924
150,2016,20,2016-04-30,Polonnaruwa,0.5687703654818561
150,2016,20,2016-04-30,Puttalam,0.6759938708358121
150,2016,20,2016-04-30,Ratnapura,0.7930625855145746
150,2016,20,2016-04-30,Trincomalee,0.6829980369544355
150,2016,20,2016-04-30,Vavuniya,0.6432703134295062
151,2016,21,2016-05-07,Ampara,0.6588059777864989
151,2016,21,2016-05-07,Anuradhapura,0.6727570289262345
151,2016,21,2016-05-07,Badulla,0.805333744794765
151,2016,21,2016-05-07,Batticaloa,0.5124495772264529
151,2016,21,2016-05-07,Colombo,0.5115849234086853
151,2016,21,2016-05-07,Galle,0.7378973304580607
151,2016,21,2016-05-07,Gampaha,0.5550607432331947
151,2016,21,2016-05-07,Hambantota,0.57380467101635
151,2016,21,2016-05-07,Jaffna,0.36615976604401557
151,2016,21,2016-05-07,Kalutara,0.732575388533611
151,2016,21,2016-05-07,Kandy,0.705110492266508
151,2016,21,2016-05-07,Kegalle,0.6826732785544318
151,2016,21,2016-05-07,Kilinochchi,0.4039662055682182
151,2016,21,2016-05-07,Kurunegala,0.7314151862730518
151,2016,21,2016-05-07,Mannar,0.6373128420582986
151,2016,21,2016-05-07,Matale,0.7953183930696015
151,2016,21,2016-05-07,Matara,0.724530105237812
151,2016,21,2016-05-07,Moneragala,0.7777534968024985
151,2016,21,2016-05-07,Mullaitivu,0.7138218619869126
151,2016,21,2016-05-07,NuwaraEliya,0.5109987526026175
151,2016,21,2016-05-07,Polonnaruwa,0.5651403647382511
151,2016,21,2016-05-07,Puttalam,0.611953890913147
151,2016,21,2016-05-07,Ratnapura,0.7234443895002975
151,2016,21,2016-05-07,Trincomalee,0.6366236874882321
151,2016,21,2016-05-07,Vavuniya,0.6644954138161808
152,2016,22,2016-05-14,Ampara,0.6693531119869126
152,2016,22,2016-05-14,Anuradhapura,0.6715099419988103
152,2016,22,2016-05-14,Badulla,0.8167508365556216
152,2016,22,2016-05-14,Batticaloa,0.5357642226445545
152,2016,22,2016-05-14,Colombo,0.4297875092950625
152,2016,22,2016-05-14,Galle,0.7099934599940512
152,2016,22,2016-05-14,Gampaha,0.4849504944973231
152,2016,22,2016-05-14,Hambantota,0.6047295936198692
152,2016,22,2016-05-14,Jaffna,0.3605994358442218
152,2016,22,2016-05-14,Kalutara,0.6878263217578823
152,2016,22,2016-05-14,Kandy,0.6752262269482451
152,2016,22,2016-05-14,Kegalle,0.616630766656752
152,2016,22,2016-05-14,Kilinochchi,0.4191479837033808
152,2016,22,2016-05-14,Kurunegala,0.7204221231832164
152,2016,22,2016-05-14,Mannar,0.6112717058298632
152,2016,22,2016-05-14,Matale,0.8016977282867341
152,2016,22,2016-05-14,Matara,0.6890144333729923
152,2016,22,2016-05-14,Moneragala,0.7844871449286139
152,2016,22,2016-05-14,Mullaitivu,0.7122069415526472
152,2016,22,2016-05-14,NuwaraEliya,0.37590118419095775
152,2016,22,2016-05-14,Polonnaruwa,0.5702774222932779
152,2016,22,2016-05-14,Puttalam,0.5722900988994647
152,2016,22,2016-05-14,Ratnapura,0.6746704045211185
152,2016,22,2016-05-14,Trincomalee,0.6132057333718054
152,2016,22,2016-05-14,Vavuniya,0.6825700791939322
153,2016,23,2016-05-21,Ampara,0.6878245649910768
153,2016,23,2016-05-21,Anuradhapura,0.6652747992266508
153,2016,23,2016-05-21,Badulla,0.8151969177572874
153,2016,23,2016-05-21,Batticaloa,0.5663730411736982
153,2016,23,2016-05-21,Colombo,0.5050113529892921
153,2016,23,2016-05-21,Galle,0.7071998624330755
153,2016,23,2016-05-21,Gampaha,0.5657007101427722
153,2016,23,2016-05-21,Hambantota,0.660052626784652
153,2016,23,2016-05-21,Jaffna,0.36103117747937175
153,2016,23,2016-05-21,Kalutara,0.6641388849643071
153,2016,23,2016-05-21,Kandy,0.6533356112433075
153,2016,23,2016-05-21,Kegalle,0.6789070828375967
153,2016,23,2016-05-21,Kilinochchi,0.42513427656057223
153,2016,23,2016-05-21,Kurunegala,0.7249704965708457
153,2016,23,2016-05-21,Mannar,0.6813550936942296
153,2016,23,2016-05-21,Matale,0.7916428279298038
153,2016,23,2016-05-21,Matara,0.7324501412849495
153,2016,23,2016-05-21,Moneragala,0.7828139481707317
153,2016,23,2016-05-21,Mullaitivu,0.7435829008030934
153,2016,23,2016-05-21,NuwaraEliya,0.40292507250148724
153,2016,23,2016-05-21,Polonnaruwa,0.6075603602766211
153,2016,23,2016-05-21,Puttalam,0.6220056625520524
153,2016,23,2016-05-21,Ratnapura,0.7023251933372993
153,2016,23,2016-05-21,Trincomalee,0.6739612288712271
153,2016,23,2016-05-21,Vavuniya,0.6890931495389649
154,2016,24,2016-05-28,Ampara,0.706296017995241
154,2016,24,2016-05-28,Anuradhapura,0.6590396564544914
154,2016,24,2016-05-28,Badulla,0.8136429989589531
154,2016,24,2016-05-28,Batticaloa,0.5969818597028421
154,2016,24,2016-05-28,Colombo,0.5802351966835217
154,2016,24,2016-05-28,Galle,0.7044062648721
154,2016,24,2016-05-28,Gampaha,0.6464509257882214
154,2016,24,2016-05-28,Hambantota,0.7153756599494349
154,2016,24,2016-05-28,Jaffna,0.3614629191145216
154,2016,24,2016-05-28,Kalutara,0.6404514481707319
154,2016,24,2016-05-28,Kandy,0.63144499553837
154,2016,24,2016-05-28,Kegalle,0.7411833990184414
154,2016,24,2016-05-28,Kilinochchi,0.43112056941776367
154,2016,24,2016-05-28,Kurunegala,0.7295188699584748
154,2016,24,2016-05-28,Mannar,0.751438481558596
154,2016,24,2016-05-28,Matale,0.7815879275728733
154,2016,24,2016-05-28,Matara,0.7758858491969066
154,2016,24,2016-05-28,Moneragala,0.7811407514128496
154,2016,24,2016-05-28,Mullaitivu,0.7749588600535395
154,2016,24,2016-05-28,NuwaraEliya,0.4299489608120167
154,2016,24,2016-05-28,Polonnaruwa,0.6448432982599643
154,2016,24,2016-05-28,Puttalam,0.6717212262046401
154,2016,24,2016-05-28,Ratnapura,0.72997998215348
154,2016,24,2016-05-28,Trincomalee,0.7347167243706488
154,2016,24,2016-05-28,Vavuniya,0.6956162198839977
155,2016,25,2016-06-04,Ampara,0.7311589846073766
155,2016,25,2016-06-04,Anuradhapura,0.6522861763831053
155,2016,25,2016-06-04,Badulla,0.8172556086406901
155,2016,25,2016-06-04,Batticaloa,0.5868796487179312
155,2016,25,2016-06-04,Colombo,0.5829518255502678
155,2016,25,2016-06-04,Galle,0.6611861038816181
155,2016,25,2016-06-04,Gampaha,0.6872526286436645
155,2016,25,2016-06-04,Hambantota,0.714777377676978
155,2016,25,2016-06-04,Jaffna,0.3799754020182254
155,2016,25,2016-06-04,Kalutara,0.6073117508179655
155,2016,25,2016-06-04,Kandy,0.6301463972337894
155,2016,25,2016-06-04,Kegalle,0.661265255056514
155,2016,25,2016-06-04,Kilinochchi,0.43090258485035354
155,2016,25,2016-06-04,Kurunegala,0.7137212829065296
155,2016,25,2016-06-04,Mannar,0.7041117285098156
155,2016,25,2016-06-04,Matale,0.7812039522605593
155,2016,25,2016-06-04,Matara,0.7297241467132659
155,2016,25,2016-06-04,Moneragala,0.7616347505205235
155,2016,25,2016-06-04,Mullaitivu,0.7422879721891732
155,2016,25,2016-06-04,NuwaraEliya,0.4402834901100536
155,2016,25,2016-06-04,Polonnaruwa,0.6684978658536586
155,2016,25,2016-06-04,Puttalam,0.6672446107227841
155,2016,25,2016-06-04,Ratnapura,0.6495769352320048
155,2016,25,2016-06-04,Trincomalee,0.7521012135778028
155,2016,25,2016-06-04,Vavuniya,0.6895467969214754
156,2016,26,2016-06-11,Ampara,0.7565136061124331
156,2016,26,2016-06-11,Anuradhapura,0.6454928242117788
156,2016,26,2016-06-11,Badulla,0.821265643590125
156,2016,26,2016-06-11,Batticaloa,0.5736458200780931
156,2016,26,2016-06-11,Colombo,0.5800909763533612
156,2016,26,2016-06-11,Galle,0.6148562072427127
156,2016,26,2016-06-11,Gampaha,0.7249813689767995
156,2016,26,2016-06-11,Hambantota,0.7098774557555028
156,2016,26,2016-06-11,Jaffna,0.3998787111733563
156,2016,26,2016-06-11,Kalutara,0.5734449564991078
156,2016,26,2016-06-11,Kandy,0.6304318002676979
156,2016,26,2016-06-11,Kegalle,0.5704090756989888
156,2016,26,2016-06-11,Kilinochchi,0.43020734817335865
156,2016,26,2016-06-11,Kurunegala,0.696358621974617
156,2016,26,2016-06-11,Mannar,0.6477534261600238
156,2016,26,2016-06-11,Matale,0.7815638942593696
156,2016,26,2016-06-11,Matara,0.6766703357376562
156,2016,26,2016-06-11,Moneragala,0.7407569954640095
156,2016,26,2016-06-11,Mullaitivu,0.7046904037775135
156,2016,26,2016-06-11,NuwaraEliya,0.44933422256097566
156,2016,26,2016-06-11,Polonnaruwa,0.6911040972635336
156,2016,26,2016-06-11,Puttalam,0.6585993660767401
156,2016,26,2016-06-11,Ratnapura,0.5608617470999405
156,2016,26,2016-06-11,Trincomalee,0.7661494715317054
156,2016,26,2016-06-11,Vavuniya,0.6825087206276027
157,2016,27,2016-06-18,Ampara,0.7399080699732303
157,2016,27,2016-06-18,Anuradhapura,0.6211732134889947
157,2016,27,2016-06-18,Badulla,0.8202264965050566
157,2016,27,2016-06-18,Batticaloa,0.56069813541047
157,2016,27,2016-06-18,Colombo,0.5909819805919097
157,2016,27,2016-06-18,Galle,0.6281126115407496
157,2016,27,2016-06-18,Gampaha,0.7331181421029149
157,2016,27,2016-06-18,Hambantota,0.6789640671475313
157,2016,27,2016-06-18,Jaffna,0.41125793624198537
157,2016,27,2016-06-18,Kalutara,0.5978426717727543
157,2016,27,2016-06-18,Kandy,0.6380371486466389
157,2016,27,2016-06-18,Kegalle,0.5718209492117788
157,2016,27,2016-06-18,Kilinochchi,0.43236903494013584
157,2016,27,2016-06-18,Kurunegala,0.6920344597465529
157,2016,27,2016-06-18,Mannar,0.6668346724419989
157,2016,27,2016-06-18,Matale,0.780272776621059
157,2016,27,2016-06-18,Matara,0.6566521899167164
157,2016,27,2016-06-18,Moneragala,0.7283060994199881
157,2016,27,2016-06-18,Mullaitivu,0.7130851743753719
157,2016,27,2016-06-18,NuwaraEliya,0.5247684376859013
157,2016,27,2016-06-18,Polonnaruwa,0.7239423074063058
157,2016,27,2016-06-18,Puttalam,0.6785385745092207
157,2016,27,2016-06-18,Ratnapura,0.5926911957168353
157,2016,27,2016-06-18,Trincomalee,0.7671870162537763
157,2016,27,2016-06-18,Vavuniya,0.6702392102914932
158,2016,28,2016-06-25,Ampara,0.6999913351427722
158,2016,28,2016-06-25,Anuradhapura,0.5871167924598454
158,2016,28,2016-06-25,Badulla,0.8163822482897085
158,2016,28,2016-06-25,Batticaloa,0.5479094196162999
158,2016,28,2016-06-25,Colombo,0.609512903405711
158,2016,28,2016-06-25,Galle,0.6744725163593099
158,2016,28,2016-06-25,Gampaha,0.7248149334473528
158,2016,28,2016-06-25,Hambantota,0.6335987526026176
158,2016,28,2016-06-25,Jaffna,0.41790155904033555
158,2016,28,2016-06-25,Kalutara,0.6546095590422368
158,2016,28,2016-06-25,Kandy,0.649709133328376
158,2016,28,2016-06-25,Kegalle,0.6244928520969661
158,2016,28,2016-06-25,Kilinochchi,0.4361179013978974
158,2016,28,2016-06-25,Kurunegala,0.6949539079095155
158,2016,28,2016-06-25,Mannar,0.7278267790749554
158,2016,28,2016-06-25,Matale,0.7780644036287924
158,2016,28,2016-06-25,Matara,0.6549871914039262
158,2016,28,2016-06-25,Moneragala,0.7205367917162404
158,2016,28,2016-06-25,Mullaitivu,0.7470312444229625
158,2016,28,2016-06-25,NuwaraEliya,0.6370823654074956
158,2016,28,2016-06-25,Polonnaruwa,0.7624649501784653
158,2016,28,2016-06-25,Puttalam,0.7143580346519929
158,2016,28,2016-06-25,Ratnapura,0.6914898869720405
158,2016,28,2016-06-25,Trincomalee,0.7609963869581626
158,2016,28,2016-06-25,Vavuniya,0.6550633477096967
159,2016,29,2016-07-02,Ampara,0.6705238492712672
159,2016,29,2016-07-02,Anuradhapura,0.5722430008179655
159,2016,29,2016-07-02,Badulla,0.8095711369720404
159,2016,29,2016-07-02,Batticaloa,0.5305629350089233
159,2016,29,2016-07-02,Colombo,0.6071350386674599
159,2016,29,2016-07-02,Galle,0.7005920229773944
159,2016,29,2016-07-02,Gampaha,0.6919260243158835
159,2016,29,2016-07-02,Hambantota,0.5969479680993457
159,2016,29,2016-07-02,Jaffna,0.41251110009024355
159,2016,29,2016-07-02,Kalutara,0.6826340682629387
159,2016,29,2016-07-02,Kandy,0.6519741151100535
159,2016,29,2016-07-02,Kegalle,0.6373444843099346
159,2016,29,2016-07-02,Kilinochchi,0.43437303671737293
159,2016,29,2016-07-02,Kurunegala,0.6894001766061869
159,2016,29,2016-07-02,Mannar,0.7646404855740632
159,2016,29,2016-07-02,Matale,0.7743923371505056
159,2016,29,2016-07-02,Matara,0.6748603212373588
159,2016,29,2016-07-02,Moneragala,0.7080954509964308
159,2016,29,2016-07-02,Mullaitivu,0.7637842095478882
159,2016,29,2016-07-02,NuwaraEliya,0.7012329138161809
159,2016,29,2016-07-02,Polonnaruwa,0.7830994776174897
159,2016,29,2016-07-02,Puttalam,0.727539258625818
159,2016,29,2016-07-02,Ratnapura,0.7532182610797145
159,2016,29,2016-07-02,Trincomalee,0.7543457193459169
159,2016,29,2016-07-02,Vavuniya,0.6478390299672815
160,2016,30,2016-07-09,Ampara,0.6598650115258775
160,2016,30,2016-07-09,Anuradhapura,0.5918979420731707
160,2016,30,2016-07-09,Badulla,0.7974196720701963
160,2016,30,2016-07-09,Batticaloa,0.5050124665377752
160,2016,30,2016-07-09,Colombo,0.5671213563355146
160,2016,30,2016-07-09,Galle,0.6902788128346222
160,2016,30,2016-07-09,Gampaha,0.6147828543277811
160,2016,30,2016-07-09,Hambantota,0.5759833376710292
160,2016,30,2016-07-09,Jaffna,0.3854592939929557
160,2016,30,2016-07-09,Kalutara,0.6589222969958358
160,2016,30,2016-07-09,Kandy,0.637306491671624
160,2016,30,2016-07-09,Kegalle,0.578519629312909
160,2016,30,2016-07-09,Kilinochchi,0.42273945598793344
160,2016,30,2016-07-09,Kurunegala,0.6685947222635337
160,2016,30,2016-07-09,Mannar,0.7579330718322428
160,2016,30,2016-07-09,Matale,0.7680856223973824
160,2016,30,2016-07-09,Matara,0.7335020820939918
160,2016,30,2016-07-09,Moneragala,0.6872444508477097
160,2016,30,2016-07-09,Mullaitivu,0.7495895858120166
160,2016,30,2016-07-09,NuwaraEliya,0.67868937946163
160,2016,30,2016-07-09,Polonnaruwa,0.7715353974568709
160,2016,30,2016-07-09,Puttalam,0.6999716574955384
160,2016,30,2016-07-09,Ratnapura,0.7482200643218323
160,2016,30,2016-07-09,Trincomalee,0.7468669827637333
160,2016,30,2016-07-09,Vavuniya,0.6549274929357526
161,2016,31,2016-07-16,Ampara,0.6492324248958953
161,2016,31,2016-07-16,Anuradhapura,0.611232001041047
161,2016,31,2016-07-16,Badulla,0.786859228138013
161,2016,31,2016-07-16,Batticaloa,0.4826654707019632
161,2016,31,2016-07-16,Colombo,0.5322485778554432
161,2016,31,2016-07-16,Galle,0.6792975814247472
161,2016,31,2016-07-16,Gampaha,0.5470018534354552
161,2016,31,2016-07-16,Hambantota,0.5542991727394408
161,2016,31,2016-07-16,Jaffna,0.3599476508671466
161,2016,31,2016-07-16,Kalutara,0.63766936905116
161,2016,31,2016-07-16,Kandy,0.6253705959994051
161,2016,31,2016-07-16,Kegalle,0.5303068007247049
161,2016,31,2016-07-16,Kilinochchi,0.41203234976354314
161,2016,31,2016-07-16,Kurunegala,0.6491985518292684
161,2016,31,2016-07-16,Mannar,0.7522324639351576
161,2016,31,2016-07-16,Matale,0.761693493456276
161,2016,31,2016-07-16,Matara,0.7847239180547294
161,2016,31,2016-07-16,Moneragala,0.669943383774539
161,2016,31,2016-07-16,Mullaitivu,0.737439617415229
161,2016,31,2016-07-16,NuwaraEliya,0.6579174895895301
161,2016,31,2016-07-16,Polonnaruwa,0.7610225795657347
161,2016,31,2016-07-16,Puttalam,0.6748667627156455
161,2016,31,2016-07-16,Ratnapura,0.7405472356484236
161,2016,31,2016-07-16,Trincomalee,0.7406106446340922
161,2016,31,2016-07-16,Vavuniya,0.6600258235425343
162,2016,32,2016-07-23,Ampara,0.6389411027662105
162,2016,32,2016-07-23,Anuradhapura,0.6263945902736466
162,2016,32,2016-07-23,Badulla,0.7969820568114218
162,2016,32,2016-07-23,Batticaloa,0.5019636191255206
162,2016,32,2016-07-23,Colombo,0.5642075494497324
162,2016,32,2016-07-23,Galle,0.6596320735425342
162,2016,32,2016-07-23,Gampaha,0.6009290507882213
162,2016,32,2016-07-23,Hambantota,0.5232610592653183
162,2016,32,2016-07-23,Jaffna,0.3544581263705619
162,2016,32,2016-07-23,Kalutara,0.6483814042980369
162,2016,32,2016-07-23,Kandy,0.6489471612879238
162,2016,32,2016-07-23,Kegalle,0.6200503154511823
162,2016,32,2016-07-23,Kilinochchi,0.41336941210479117
162,2016,32,2016-07-23,Kurunegala,0.6481230722040453
162,2016,32,2016-07-23,Mannar,0.7596203320196312
162,2016,32,2016-07-23,Matale,0.7541909800713861
162,2016,32,2016-07-23,Matara,0.7394867303688282
162,2016,32,2016-07-23,Moneragala,0.6987914466835218
162,2016,32,2016-07-23,Mullaitivu,0.7518701684265319
162,2016,32,2016-07-23,NuwaraEliya,0.6601769779892921
162,2016,32,2016-07-23,Polonnaruwa,0.7641761711778703
162,2016,32,2016-07-23,Puttalam,0.6817770504907793
162,2016,32,2016-07-23,Ratnapura,0.6981041920731708
162,2016,32,2016-07-23,Trincomalee,0.7502454863875045
162,2016,32,2016-07-23,Vavuniya,0.6392524334473528
163,2016,33,2016-07-30,Ampara,0.6286497806365259
163,2016,33,2016-07-30,Anuradhapura,0.6415571795062464
163,2016,33,2016-07-30,Badulla,0.8071048854848305
163,2016,33,2016-07-30,Batticaloa,0.5212617675490779
163,2016,33,2016-07-30,Colombo,0.5961665210440215
163,2016,33,2016-07-30,Galle,0.6399665656603213
163,2016,33,2016-07-30,Gampaha,0.6548562481409875
163,2016,33,2016-07-30,Hambantota,0.49222294579119574
163,2016,33,2016-07-30,Jaffna,0.34896860187397716
163,2016,33,2016-07-30,Kalutara,0.6590934395449137
163,2016,33,2016-07-30,Kandy,0.6725237265764425
163,2016,33,2016-07-30,Kegalle,0.7097938301776596
163,2016,33,2016-07-30,Kilinochchi,0.4147064744460392
163,2016,33,2016-07-30,Kurunegala,0.6470475925788222
163,2016,33,2016-07-30,Mannar,0.7670082001041046
163,2016,33,2016-07-30,Matale,0.7466884666864962
163,2016,33,2016-07-30,Matara,0.6942495426829268
163,2016,33,2016-07-30,Moneragala,0.7276395095925045
163,2016,33,2016-07-30,Mullaitivu,0.7663007194378347
163,2016,33,2016-07-30,NuwaraEliya,0.6624364663890542
163,2016,33,2016-07-30,Polonnaruwa,0.767329762790006
163,2016,33,2016-07-30,Puttalam,0.6886873382659132
163,2016,33,2016-07-30,Ratnapura,0.6556611484979179
163,2016,33,2016-07-30,Trincomalee,0.759880328140917
163,2016,33,2016-07-30,Vavuniya,0.6184790433521714
164,2016,34,2016-08-06,Ampara,0.6214182015913147
164,2016,34,2016-08-06,Anuradhapura,0.6266022587001785
164,2016,34,2016-08-06,Badulla,0.7978027308893516
164,2016,34,2016-08-06,Batticaloa,0.5220960217132659
164,2016,34,2016-08-06,Colombo,0.5411868642177275
164,2016,34,2016-08-06,Galle,0.5948994255651399
164,2016,34,2016-08-06,Gampaha,0.580996519928614
164,2016,34,2016-08-06,Hambantota,0.48439771155562167
164,2016,34,2016-08-06,Jaffna,0.34611763341203483
164,2016,34,2016-08-06,Kalutara,0.6138424022159429
164,2016,34,2016-08-06,Kandy,0.6398889258625818
164,2016,34,2016-08-06,Kegalle,0.6676129148618755
164,2016,34,2016-08-06,Kilinochchi,0.3985223892967085
164,2016,34,2016-08-06,Kurunegala,0.5903184358268888
164,2016,34,2016-08-06,Mannar,0.7565308019779893
164,2016,34,2016-08-06,Matale,0.7180286622546104
164,2016,34,2016-08-06,Matara,0.6743258096530551
164,2016,34,2016-08-06,Moneragala,0.7340066701368233
164,2016,34,2016-08-06,Mullaitivu,0.7515261804729328
164,2016,34,2016-08-06,NuwaraEliya,0.5309953227245687
164,2016,34,2016-08-06,Polonnaruwa,0.7250559023646639
164,2016,34,2016-08-06,Puttalam,0.6210373103807258
164,2016,34,2016-08-06,Ratnapura,0.6441417813057704
164,2016,34,2016-08-06,Trincomalee,0.763368551533437
164,2016,34,2016-08-06,Vavuniya,0.6039925565139799
165,2016,35,2016-08-13,Ampara,0.6150210979327781
165,2016,35,2016-08-13,Anuradhapura,0.6034334715199287
165,2016,35,2016-08-13,Badulla,0.7832028535841762
165,2016,35,2016-08-13,Batticaloa,0.5178946683521712
165,2016,35,2016-08-13,Colombo,0.46249667236763836
165,2016,35,2016-08-13,Galle,0.5429045675936942
165,2016,35,2016-08-13,Gampaha,0.47228581201665687
165,2016,35,2016-08-13,Hambantota,0.48290326256692445
165,2016,35,2016-08-13,Jaffna,0.3439862711413586
165,2016,35,2016-08-13,Kalutara,0.5533287087299227
165,2016,35,2016-08-13,Kandy,0.5919237526026175
165,2016,35,2016-08-13,Kegalle,0.5894526095345652
165,2016,35,2016-08-13,Kilinochchi,0.37755980937722
165,2016,35,2016-08-13,Kurunegala,0.5184110034949436
165,2016,35,2016-08-13,Mannar,0.7411810585217132
165,2016,35,2016-08-13,Matale,0.6835986875371803
165,2016,35,2016-08-13,Matara,0.6613057460748278
165,2016,35,2016-08-13,Moneragala,0.7342426754907793
165,2016,35,2016-08-13,Mullaitivu,0.7287866169690661
165,2016,35,2016-08-13,NuwaraEliya,0.36309037031528857
165,2016,35,2016-08-13,Polonnaruwa,0.6703927368381916
165,2016,35,2016-08-13,Puttalam,0.5330526509518144
165,2016,35,2016-08-13,Ratnapura,0.641056144036288
165,2016,35,2016-08-13,Trincomalee,0.7651804244638953
165,2016,35,2016-08-13,Vavuniya,0.5912206796549674
166,2016,36,2016-08-20,Ampara,0.6091146787626414
166,2016,36,2016-08-20,Anuradhapura,0.5781118121653778
166,2016,36,2016-08-20,Badulla,0.7721854922665081
166,2016,36,2016-08-20,Batticaloa,0.5066612507436049
166,2016,36,2016-08-20,Colombo,0.4332436942296252
166,2016,36,2016-08-20,Galle,0.5156194155264724
166,2016,36,2016-08-20,Gampaha,0.4453358900951815
166,2016,36,2016-08-20,Hambantota,0.4750212224866151
166,2016,36,2016-08-20,Jaffna,0.34695535110956754
166,2016,36,2016-08-20,Kalutara,0.5336891619571683
166,2016,36,2016-08-20,Kandy,0.5665372230071387
166,2016,36,2016-08-20,Kegalle,0.562641247769185
166,2016,36,2016-08-20,Kilinochchi,0.36350669561589805
166,2016,36,2016-08-20,Kurunegala,0.48972995055026775
166,2016,36,2016-08-20,Mannar,0.7325299579863177
166,2016,36,2016-08-20,Matale,0.6750725386674599
166,2016,36,2016-08-20,Matara,0.644745212910045
166,2016,36,2016-08-20,Moneragala,0.7357032774390244
166,2016,36,2016-08-20,Mullaitivu,0.7156772066478287
166,2016,36,2016-08-20,NuwaraEliya,0.31339750148721
166,2016,36,2016-08-20,Polonnaruwa,0.6210252732748364
166,2016,36,2016-08-20,Puttalam,0.4931239050416419
166,2016,36,2016-08-20,Ratnapura,0.6053321088637715
166,2016,36,2016-08-20,Trincomalee,0.7566438924836676
166,2016,36,2016-08-20,Vavuniya,0.5813809637120761
167,2016,37,2016-08-27,Ampara,0.6036989440809043
167,2016,37,2016-08-27,Anuradhapura,0.5506372806365258
167,2016,37,2016-08-27,Badulla,0.7647506469363475
167,2016,37,2016-08-27,Batticaloa,0.4883957688875669
167,2016,37,2016-08-27,Colombo,0.4534279298036883
167,2016,37,2016-08-27,Galle,0.5130439693634742
167,2016,37,2016-08-27,Gampaha,0.500146754164188
167,2016,37,2016-08-27,Hambantota,0.4607515913146936
167,2016,37,2016-08-27,Jaffna,0.3550248733166616
167,2016,37,2016-08-27,Kalutara,0.5549237618976799
167,2016,37,2016-08-27,Kandy,0.5637293370761451
167,2016,37,2016-08-27,Kegalle,0.5871788295657346
167,2016,37,2016-08-27,Kilinochchi,0.3563630480127427
167,2016,37,2016-08-27,Kurunegala,0.5042752769928615
167,2016,37,2016-08-27,Mannar,0.7305775003718025
167,2016,37,2016-08-27,Matale,0.6924502156454492
167,2016,37,2016-08-27,Matara,0.6246442101587065
167,2016,37,2016-08-27,Moneragala,0.7383884759815587
167,2016,37,2016-08-27,Mullaitivu,0.7121979495092207
167,2016,37,2016-08-27,NuwaraEliya,0.3819167162403332
167,2016,37,2016-08-27,Polonnaruwa,0.5769535116745985
167,2016,37,2016-08-27,Puttalam,0.5012510726502082
167,2016,37,2016-08-27,Ratnapura,0.5369696757882213
167,2016,37,2016-08-27,Trincomalee,0.7377589555927538
167,2016,37,2016-08-27,Vavuniya,0.5744734086853064
168,2016,38,2016-09-03,Ampara,0.5983024446014278
168,2016,38,2016-09-03,Anuradhapura,0.5238457633105295
168,2016,38,2016-09-03,Badulla,0.7603594140392624
168,2016,38,2016-09-03,Batticaloa,0.4741105238697204
168,2016,38,2016-09-03,Colombo,0.4625158573765616
168,2016,38,2016-09-03,Galle,0.5170009350832838
168,2016,38,2016-09-03,Gampaha,0.5320097263533611
168,2016,38,2016-09-03,Hambantota,0.4456687136828631
168,2016,38,2016-09-03,Jaffna,0.3642005485957161
168,2016,38,2016-09-03,Kalutara,0.5706108268887566
168,2016,38,2016-09-03,Kandy,0.5594213786436645
168,2016,38,2016-09-03,Kegalle,0.59924939582094
168,2016,38,2016-09-03,Kilinochchi,0.3513712500098689
168,2016,38,2016-09-03,Kurunegala,0.5117384406603213
168,2016,38,2016-09-03,Mannar,0.7275304153033908
168,2016,38,2016-09-03,Matale,0.7017018367043427
168,2016,38,2016-09-03,Matara,0.6189963228732898
168,2016,38,2016-09-03,Moneragala,0.738205136451517
168,2016,38,2016-09-03,Mullaitivu,0.7079726297590719
168,2016,38,2016-09-03,NuwaraEliya,0.4186947408536586
168,2016,38,2016-09-03,Polonnaruwa,0.534195772605592
168,2016,38,2016-09-03,Puttalam,0.5070888719512195
168,2016,38,2016-09-03,Ratnapura,0.4916989663890542
168,2016,38,2016-09-03,Trincomalee,0.7195312187590772
168,2016,38,2016-09-03,Vavuniya,0.5652211276769781
169,2016,39,2016-09-10,Ampara,0.5929764741969067
169,2016,39,2016-09-10,Anuradhapura,0.49955863139500295
169,2016,39,2016-09-10,Badulla,0.7671280933967877
169,2016,39,2016-09-10,Batticaloa,0.4744194805919096
169,2016,39,2016-09-10,Colombo,0.43091732227840573
169,2016,39,2016-09-10,Galle,0.5449100777067222
169,2016,39,2016-09-10,Gampaha,0.4797304283164783
169,2016,39,2016-09-10,Hambantota,0.4276039323646993
169,2016,39,2016-09-10,Jaffna,0.3774321184719585
169,2016,39,2016-09-10,Kalutara,0.5659569303985723
169,2016,39,2016-09-10,Kandy,0.5496131543723974
169,2016,39,2016-09-10,Kegalle,0.5656075717578822
169,2016,39,2016-09-10,Kilinochchi,0.3542695672080273
169,2016,39,2016-09-10,Kurunegala,0.4932336741522903
169,2016,39,2016-09-10,Mannar,0.7204696962373588
169,2016,39,2016-09-10,Matale,0.6811579193932183
169,2016,39,2016-09-10,Matara,0.6663431922962523
169,2016,39,2016-09-10,Moneragala,0.7275038239886973
169,2016,39,2016-09-10,Mullaitivu,0.7010117470999405
169,2016,39,2016-09-10,NuwaraEliya,0.3390884016210589
169,2016,39,2016-09-10,Polonnaruwa,0.49625611615110055
169,2016,39,2016-09-10,Puttalam,0.5045323207911957
169,2016,39,2016-09-10,Ratnapura,0.5310979104699584
169,2016,39,2016-09-10,Trincomalee,0.7037132154686033
169,2016,39,2016-09-10,Vavuniya,0.5473715180696015
170,2016,40,2016-09-17,Ampara,0.5876505037923856
170,2016,40,2016-09-17,Anuradhapura,0.4752714994794765
170,2016,40,2016-09-17,Badulla,0.773896772754313
170,2016,40,2016-09-17,Batticaloa,0.4747284373140988
170,2016,40,2016-09-17,Colombo,0.3993187871802499
170,2016,40,2016-09-17,Galle,0.5728192203301606
170,2016,40,2016-09-17,Gampaha,0.42745113027959547
170,2016,40,2016-09-17,Hambantota,0.40953915104653554
170,2016,40,2016-09-17,Jaffna,0.3906636883482009
170,2016,40,2016-09-17,Kalutara,0.561303033908388
170,2016,40,2016-09-17,Kandy,0.5398049301011303
170,2016,40,2016-09-17,Kegalle,0.5319657476948245
170,2016,40,2016-09-17,Kilinochchi,0.35716788440618574
170,2016,40,2016-09-17,Kurunegala,0.4747289076442594
170,2016,40,2016-09-17,Mannar,0.7134089771713267
170,2016,40,2016-09-17,Matale,0.660614002082094
170,2016,40,2016-09-17,Matara,0.7136900617192148
170,2016,40,2016-09-17,Moneragala,0.7168025115258775
170,2016,40,2016-09-17,Mullaitivu,0.6940508644408091
170,2016,40,2016-09-17,NuwaraEliya,0.2594820623884593
170,2016,40,2016-09-17,Polonnaruwa,0.45831645969660917
170,2016,40,2016-09-17,Puttalam,0.5019757696311719
170,2016,40,2016-09-17,Ratnapura,0.5704968545508625
170,2016,40,2016-09-17,Trincomalee,0.6878952121781294
170,2016,40,2016-09-17,Vavuniya,0.5295219084622249
171,2016,41,2016-09-24,Ampara,0.5822156603212374
171,2016,41,2016-09-24,Anuradhapura,0.4734249312165378
171,2016,41,2016-09-24,Badulla,0.7597514314396193
171,2016,41,2016-09-24,Batticaloa,0.45976961951346335
171,2016,41,2016-09-24,Colombo,0.4744963098602023
171,2016,41,2016-09-24,Galle,0.6366665768143962
171,2016,41,2016-09-24,Gampaha,0.480401747471743
171,2016,41,2016-09-24,Hambantota,0.4113712518601191
171,2016,41,2016-09-24,Jaffna,0.38523404577221987
171,2016,41,2016-09-24,Kalutara,0.6222589715942891
171,2016,41,2016-09-24,Kandy,0.5606876487209994
171,2016,41,2016-09-24,Kegalle,0.5875032904521118
171,2016,41,2016-09-24,Kilinochchi,0.3565601643356444
171,2016,41,2016-09-24,Kurunegala,0.49510006692444974
171,2016,41,2016-09-24,Mannar,0.7126682610797145
171,2016,41,2016-09-24,Matale,0.6450342132659131
171,2016,41,2016-09-24,Matara,0.7401715106335515
171,2016,41,2016-09-24,Moneragala,0.6982854179060084
171,2016,41,2016-09-24,Mullaitivu,0.6968910711629983
171,2016,41,2016-09-24,NuwaraEliya,0.4709167998958953
171,2016,41,2016-09-24,Polonnaruwa,0.4446285265466984
171,2016,41,2016-09-24,Puttalam,0.5203263998364069
171,2016,41,2016-09-24,Ratnapura,0.6548152067221892
171,2016,41,2016-09-24,Trincomalee,0.6868212884060901
171,2016,41,2016-09-24,Vavuniya,0.5195028461481261
172,2016,42,2016-10-01,Ampara,0.5767724419988102
172,2016,42,2016-10-01,Anuradhapura,0.47330456015764427
172,2016,42,2016-10-01,Badulla,0.7439973193039858
172,2016,42,2016-10-01,Batticaloa,0.4436363575187644
172,2016,42,2016-10-01,Colombo,0.5578873754461631
172,2016,42,2016-10-01,Galle,0.7032784112879239
172,2016,42,2016-10-01,Gampaha,0.5414469735276621
172,2016,42,2016-10-01,Hambantota,0.4147338820684524
172,2016,42,2016-10-01,Jaffna,0.3783689253152986
172,2016,42,2016-10-01,Kalutara,0.6882618196014276
172,2016,42,2016-10-01,Kandy,0.5839312091017251
172,2016,42,2016-10-01,Kegalle,0.6499007845032718
172,2016,42,2016-10-01,Kilinochchi,0.3556827490905877
172,2016,42,2016-10-01,Kurunegala,0.5184616820345033
172,2016,42,2016-10-01,Mannar,0.7124136990630577
172,2016,42,2016-10-01,Matale,0.6298362804878049
172,2016,42,2016-10-01,Matara,0.7650479272010708
172,2016,42,2016-10-01,Moneragala,0.6791671103509817
172,2016,42,2016-10-01,Mullaitivu,0.7004852078375967
172,2016,42,2016-10-01,NuwaraEliya,0.7047393125371803
172,2016,42,2016-10-01,Polonnaruwa,0.43280611057406304
172,2016,42,2016-10-01,Puttalam,0.5402852747620465
172,2016,42,2016-10-01,Ratnapura,0.7425888979773945
172,2016,42,2016-10-01,Trincomalee,0.6868815245970072
172,2016,42,2016-10-01,Vavuniya,0.510086133625818
173,2016,43,2016-10-08,Ampara,0.6002731112433075
173,2016,43,2016-10-08,Anuradhapura,0.5006748958953005
173,2016,43,2016-10-08,Badulla,0.7334424505502678
173,2016,43,2016-10-08,Batticaloa,0.45130460945861123
173,2016,43,2016-10-08,Colombo,0.5546989663890541
173,2016,43,2016-10-08,Galle,0.727525864440809
173,2016,43,2016-10-08,Gampaha,0.5736592058298632
173,2016,43,2016-10-08,Hambantota,0.42316692260731814
173,2016,43,2016-10-08,Jaffna,0.37852037817338696
173,2016,43,2016-10-08,Kalutara,0.6917157049375371
173,2016,43,2016-10-08,Kandy,0.6013513719512196
173,2016,43,2016-10-08,Kegalle,0.7041710235722783
173,2016,43,2016-10-08,Kilinochchi,0.35510593795054857
173,2016,43,2016-10-08,Kurunegala,0.5303421735574063
173,2016,43,2016-10-08,Mannar,0.6671064340422368
173,2016,43,2016-10-08,Matale,0.6243892065734682
173,2016,43,2016-10-08,Matara,0.770171391656752
173,2016,43,2016-10-08,Moneragala,0.6923755874479477
173,2016,43,2016-10-08,Mullaitivu,0.7040226427721594
173,2016,43,2016-10-08,NuwaraEliya,0.7876314805175492
173,2016,43,2016-10-08,Polonnaruwa,0.448444134815586
173,2016,43,2016-10-08,Puttalam,0.538235492266508
173,2016,43,2016-10-08,Ratnapura,0.7690120304532804
173,2016,43,2016-10-08,Trincomalee,0.6897326114392139
173,2016,43,2016-10-08,Vavuniya,0.5245677740184415
174,2016,44,2016-10-15,Ampara,0.6398537180249851
174,2016,44,2016-10-15,Anuradhapura,0.5433178465199286
174,2016,44,2016-10-15,Badulla,0.7257760503420583
174,2016,44,2016-10-15,Batticaloa,0.4721959246954279
174,2016,44,2016-10-15,Colombo,0.5034108491969066
174,2016,44,2016-10-15,Galle,0.7282375501933374
174,2016,44,2016-10-15,Gampaha,0.5898531082688876
174,2016,44,2016-10-15,Hambantota,0.4344168577742575
174,2016,44,2016-10-15,Jaffna,0.3825699273175919
174,2016,44,2016-10-15,Kalutara,0.6604201665675193
174,2016,44,2016-10-15,Kandy,0.6155363139500297
174,2016,44,2016-10-15,Kegalle,0.753926120984533
174,2016,44,2016-10-15,Kilinochchi,0.3546961290910746
174,2016,44,2016-10-15,Kurunegala,0.535844263087448
174,2016,44,2016-10-15,Mannar,0.5967698895746579
174,2016,44,2016-10-15,Matale,0.6243592764723379
174,2016,44,2016-10-15,Matara,0.7643209938280786
174,2016,44,2016-10-15,Moneragala,0.7235433893515765
174,2016,44,2016-10-15,Mullaitivu,0.7075285767400358
174,2016,44,2016-10-15,NuwaraEliya,0.7866734570196312
174,2016,44,2016-10-15,Polonnaruwa,0.4793379591760857
174,2016,44,2016-10-15,Puttalam,0.5239586778703154
174,2016,44,2016-10-15,Ratnapura,0.7613515191628779
174,2016,44,2016-10-15,Trincomalee,0.6941341708654704
174,2016,44,2016-10-15,Vavuniya,0.5523262771415824
175,2016,45,2016-10-22,Ampara,0.6649823338042832
175,2016,45,2016-10-22,Anuradhapura,0.5872532291046996
175,2016,45,2016-10-22,Badulla,0.7289804673557406
175,2016,45,2016-10-22,Batticaloa,0.4938611931142177
175,2016,45,2016-10-22,Colombo,0.48309212336406904
175,2016,45,2016-10-22,Galle,0.7348160841760857
175,2016,45,2016-10-22,Gampaha,0.5974037087299227
175,2016,45,2016-10-22,Hambantota,0.46325686533313504
175,2016,45,2016-10-22,Jaffna,0.40000010310234113
175,2016,45,2016-10-22,Kalutara,0.6503612045504642
175,2016,45,2016-10-22,Kandy,0.6355154725609756
175,2016,45,2016-10-22,Kegalle,0.7782538035395598
175,2016,45,2016-10-22,Kilinochchi,0.36478597024248993
175,2016,45,2016-10-22,Kurunegala,0.5601840887120763
175,2016,45,2016-10-22,Mannar,0.5602305454342653
175,2016,45,2016-10-22,Matale,0.6422110574063058
175,2016,45,2016-10-22,Matara,0.7668712038964903
175,2016,45,2016-10-22,Moneragala,0.746851128420583
175,2016,45,2016-10-22,Mullaitivu,0.7157898181885782
175,2016,45,2016-10-22,NuwaraEliya,0.7439949174598455
175,2016,45,2016-10-22,Polonnaruwa,0.5241850665526473
175,2016,45,2016-10-22,Puttalam,0.5378102561719215
175,2016,45,2016-10-22,Ratnapura,0.7633812635043979
175,2016,45,2016-10-22,Trincomalee,0.6883675719735401
175,2016,45,2016-10-22,Vavuniya,0.5741994999256396
176,2016,46,2016-10-29,Ampara,0.664097365779298
176,2016,46,2016-10-29,Anuradhapura,0.6335149892177275
176,2016,46,2016-10-29,Badulla,0.7517523553688281
176,2016,46,2016-10-29,Batticaloa,0.5169195772605591
176,2016,46,2016-10-29,Colombo,0.5185183019779893
176,2016,46,2016-10-29,Galle,0.7519549449732302
176,2016,46,2016-10-29,Gampaha,0.5893963656305771
176,2016,46,2016-10-29,Hambantota,0.5237590031975015
176,2016,46,2016-10-29,Jaffna,0.4415154068400704
176,2016,46,2016-10-29,Kalutara,0.678528079968742
176,2016,46,2016-10-29,Kandy,0.6659242210737656
176,2016,46,2016-10-29,Kegalle,0.7568121393515764
176,2016,46,2016-10-29,Kilinochchi,0.3937751814135057
176,2016,46,2016-10-29,Kurunegala,0.6184318393069602
176,2016,46,2016-10-29,Mannar,0.5845261618828078
176,2016,46,2016-10-29,Matale,0.6922499182034504
176,2016,46,2016-10-29,Matara,0.7845425081796551
176,2016,46,2016-10-29,Moneragala,0.7560107543872695
176,2016,46,2016-10-29,Mullaitivu,0.73261061310232
176,2016,46,2016-10-29,NuwaraEliya,0.6262194489886972
176,2016,46,2016-10-29,Polonnaruwa,0.5941480833581202
176,2016,46,2016-10-29,Puttalam,0.6022929413295658
176,2016,46,2016-10-29,Ratnapura,0.7828534679833787
176,2016,46,2016-10-29,Trincomalee,0.6642982881088743
176,2016,46,2016-10-29,Vavuniya,0.5854792180993457
177,2016,47,2016-11-05,Ampara,0.6586844809637121
177,2016,47,2016-11-05,Anuradhapura,0.6747607339381321
177,2016,47,2016-11-05,Badulla,0.774454245984533
177,2016,47,2016-11-05,Batticaloa,0.5430404095372219
177,2016,47,2016-11-05,Colombo,0.5549246690957764
177,2016,47,2016-11-05,Galle,0.7641859811867936
177,2016,47,2016-11-05,Gampaha,0.5855777215942891
177,2016,47,2016-11-05,Hambantota,0.5821758923259964
177,2016,47,2016-11-05,Jaffna,0.47331992335926415
177,2016,47,2016-11-05,Kalutara,0.7046411561962214
177,2016,47,2016-11-05,Kandy,0.6953755651397977
177,2016,47,2016-11-05,Kegalle,0.7404614738251041
177,2016,47,2016-11-05,Kilinochchi,0.4219307484770355
177,2016,47,2016-11-05,Kurunegala,0.6716643887566924
177,2016,47,2016-11-05,Mannar,0.6028827911213563
177,2016,47,2016-11-05,Matale,0.7381312035246878
177,2016,47,2016-11-05,Matara,0.7992815753271862
177,2016,47,2016-11-05,Moneragala,0.7644034484681737
177,2016,47,2016-11-05,Mullaitivu,0.7412690604550862
177,2016,47,2016-11-05,NuwaraEliya,0.5237426345925045
177,2016,47,2016-11-05,Polonnaruwa,0.6535423445865557
177,2016,47,2016-11-05,Puttalam,0.6633444118084474
177,2016,47,2016-11-05,Ratnapura,0.8016250836555623
177,2016,47,2016-11-05,Trincomalee,0.6368489755084542
177,2016,47,2016-11-05,Vavuniya,0.5918770040154671
178,2016,48,2016-11-12,Ampara,0.5944086778703153
178,2016,48,2016-11-12,Anuradhapura,0.650798278554432
178,2016,48,2016-11-12,Badulla,0.7962461704342654
178,2016,48,2016-11-12,Batticaloa,0.6089730675080616
178,2016,48,2016-11-12,Colombo,0.6040734867638311
178,2016,48,2016-11-12,Galle,0.7126152978138014
178,2016,48,2016-11-12,Gampaha,0.6362121653777514
178,2016,48,2016-11-12,Hambantota,0.6134845478881619
178,2016,48,2016-11-12,Jaffna,0.37888420603749684
178,2016,48,2016-11-12,Kalutara,0.7040548429433214
178,2016,48,2016-11-12,Kandy,0.7123806513979773
178,2016,48,2016-11-12,Kegalle,0.7902937908982748
178,2016,48,2016-11-12,Kilinochchi,0.4392489421432472
178,2016,48,2016-11-12,Kurunegala,0.6596993233194527
178,2016,48,2016-11-12,Mannar,0.5440325866299822
178,2016,48,2016-11-12,Matale,0.7299640076591315
178,2016,48,2016-11-12,Matara,0.7759015597114813
178,2016,48,2016-11-12,Moneragala,0.7628260280339084
178,2016,48,2016-11-12,Mullaitivu,0.6438169895151695
178,2016,48,2016-11-12,NuwaraEliya,0.6201483231707318
178,2016,48,2016-11-12,Polonnaruwa,0.575542783313504
178,2016,48,2016-11-12,Puttalam,0.6797900914634146
178,2016,48,2016-11-12,Ratnapura,0.8112890448393815
178,2016,48,2016-11-12,Trincomalee,0.56545928934323
178,2016,48,2016-11-12,Vavuniya,0.5348096705829863
179,2016,49,2016-11-19,Ampara,0.5301328747769185
179,2016,49,2016-11-19,Anuradhapura,0.6268358231707317
179,2016,49,2016-11-19,Badulla,0.8180380948839977
179,2016,49,2016-11-19,Batticaloa,0.6749057254789013
179,2016,49,2016-11-19,Colombo,0.6532223044318859
179,2016,49,2016-11-19,Galle,0.6610446144408091
179,2016,49,2016-11-19,Gampaha,0.6868466091612135
179,2016,49,2016-11-19,Hambantota,0.6447932034503272
179,2016,49,2016-11-19,Jaffna,0.28444848871572953
179,2016,49,2016-11-19,Kalutara,0.7034685296904214
179,2016,49,2016-11-19,Kandy,0.729385737656157
179,2016,49,2016-11-19,Kegalle,0.8401261079714455
179,2016,49,2016-11-19,Kilinochchi,0.4565671358094589
179,2016,49,2016-11-19,Kurunegala,0.647734257882213
179,2016,49,2016-11-19,Mannar,0.485182382138608
179,2016,49,2016-11-19,Matale,0.7217968117935754
179,2016,49,2016-11-19,Matara,0.7525215440957763
179,2016,49,2016-11-19,Moneragala,0.7612486075996432
179,2016,49,2016-11-19,Mullaitivu,0.5463649185752528
179,2016,49,2016-11-19,NuwaraEliya,0.716554011748959
179,2016,49,2016-11-19,Polonnaruwa,0.4975432220404522
179,2016,49,2016-11-19,Puttalam,0.696235771118382
179,2016,49,2016-11-19,Ratnapura,0.8209530060232005
179,2016,49,2016-11-19,Trincomalee,0.4940696031780059
179,2016,49,2016-11-19,Vavuniya,0.47774233715050574
180,2016,50,2016-11-26,Ampara,0.5601191087894111
180,2016,50,2016-11-26,Anuradhapura,0.6625555454342653
180,2016,50,2016-11-26,Badulla,0.8243130707168353
180,2016,50,2016-11-26,Batticaloa,0.6818907415544415
180,2016,50,2016-11-26,Colombo,0.6606800955532421
180,2016,50,2016-11-26,Galle,0.7018964455681143
180,2016,50,2016-11-26,Gampaha,0.7105543445121951
180,2016,50,2016-11-26,Hambantota,0.674863397903034
180,2016,50,2016-11-26,Jaffna,0.3417573505727638
180,2016,50,2016-11-26,Kalutara,0.7379116467132659
180,2016,50,2016-11-26,Kandy,0.744198758179655
180,2016,50,2016-11-26,Kegalle,0.8454250706424747
180,2016,50,2016-11-26,Kilinochchi,0.5029388366524783
180,2016,50,2016-11-26,Kurunegala,0.6759317277662106
180,2016,50,2016-11-26,Mannar,0.581308521713266
180,2016,50,2016-11-26,Matale,0.7536535878941107
180,2016,50,2016-11-26,Matara,0.7762823523944081
180,2016,50,2016-11-26,Moneragala,0.7717891210588936
180,2016,50,2016-11-26,Mullaitivu,0.6252506469363475
180,2016,50,2016-11-26,NuwaraEliya,0.7631249683967877
180,2016,50,2016-11-26,Polonnaruwa,0.5237499498066628
180,2016,50,2016-11-26,Puttalam,0.7167392344586556
180,2016,50,2016-11-26,Ratnapura,0.8208510726502083
180,2016,50,2016-11-26,Trincomalee,0.5932598296854781
180,2016,50,2016-11-26,Vavuniya,0.5666750353212374
181,2016,51,2016-12-03,Ampara,0.6158131711035099
181,2016,51,2016-12-03,Anuradhapura,0.7145522252379537
181,2016,51,2016-12-03,Badulla,0.826356151472338
181,2016,51,2016-12-03,Batticaloa,0.6727991280221729
181,2016,51,2016-12-03,Colombo,0.656767606707317
181,2016,51,2016-12-03,Galle,0.7679544170136824
181,2016,51,2016-12-03,Gampaha,0.7269184321088638
181,2016,51,2016-12-03,Hambantota,0.7045958302349793
181,2016,51,2016-12-03,Jaffna,0.44045109766038026
181,2016,51,2016-12-03,Kalutara,0.7819082447204045
181,2016,51,2016-12-03,Kandy,0.7584139425936942
181,2016,51,2016-12-03,Kegalle,0.8385785730220108
181,2016,51,2016-12-03,Kilinochchi,0.5572342212709908
181,2016,51,2016-12-03,Kurunegala,0.715082616374182
181,2016,51,2016-12-03,Mannar,0.7197009369422963
181,2016,51,2016-12-03,Matale,0.7964259927126711
181,2016,51,2016-12-03,Matara,0.8128997490333135
181,2016,51,2016-12-03,Moneragala,0.785634525580012
181,2016,51,2016-12-03,Mullaitivu,0.7522285023795361
181,2016,51,2016-12-03,NuwaraEliya,0.796104634518144
181,2016,51,2016-12-03,Polonnaruwa,0.5783765745835813
181,2016,51,2016-12-03,Puttalam,0.7383493660767401
181,2016,51,2016-12-03,Ratnapura,0.8180857134889947
181,2016,51,2016-12-03,Trincomalee,0.738971850558231
181,2016,51,2016-12-03,Vavuniya,0.6954259239292089
182,2016,52,2016-12-10,Ampara,0.6593345311570494
182,2016,52,2016-12-10,Anuradhapura,0.7451160897531232
182,2016,52,2016-12-10,Badulla,0.8341469047442
182,2016,52,2016-12-10,Batticaloa,0.6838982703408527
182,2016,52,2016-12-10,Colombo,0.6574273832540155
182,2016,52,2016-12-10,Galle,0.8070228416864961
182,2016,52,2016-12-10,Gampaha,0.7368831908090422
182,2016,52,2016-12-10,Hambantota,0.7267099060424104
182,2016,52,2016-12-10,Jaffna,0.494260257753109
182,2016,52,2016-12-10,Kalutara,0.8087050286287925
182,2016,52,2016-12-10,Kandy,0.7677069527067222
182,2016,52,2016-12-10,Kegalle,0.8378502955829864
182,2016,52,2016-12-10,Kilinochchi,0.5932642562015317
182,2016,52,2016-12-10,Kurunegala,0.7354218508328376
182,2016,52,2016-12-10,Mannar,0.7947944155264723
182,2016,52,2016-12-10,Matale,0.8238919876561571
182,2016,52,2016-12-10,Matara,0.8327689247471743
182,2016,52,2016-12-10,Moneragala,0.7975698561124331
182,2016,52,2016-12-10,Mullaitivu,0.8160696423259965
182,2016,52,2016-12-10,NuwaraEliya,0.8144479866894706
182,2016,52,2016-12-10,Polonnaruwa,0.6162883049524094
182,2016,52,2016-12-10,Puttalam,0.7535507212968472
182,2016,52,2016-12-10,Ratnapura,0.8187320605294468
182,2016,52,2016-12-10,Trincomalee,0.818152057870173
182,2016,52,2016-12-10,Vavuniya,0.7619935789708507
183,2016,53,2016-12-17,Ampara,0.6906831889500298
183,2016,53,2016-12-17,Anuradhapura,0.7542471389797739
183,2016,53,2016-12-17,Badulla,0.8476853305324212
183,2016,53,2016-12-17,Batticaloa,0.715188168510481
183,2016,53,2016-12-17,Colombo,0.6626594251933373
183,2016,53,2016-12-17,Galle,0.8191017195865555
183,2016,53,2016-12-17,Gampaha,0.7404486206127305
183,2016,53,2016-12-17,Hambantota,0.7412056253253273
183,2016,53,2016-12-17,Jaffna,0.5031848308509499
183,2016,53,2016-12-17,Kalutara,0.8183019984384295
183,2016,53,2016-12-17,Kandy,0.7720777885187389
183,2016,53,2016-12-17,Kegalle,0.8432402383254016
183,2016,53,2016-12-17,Kilinochchi,0.6110289414441011
183,2016,53,2016-12-17,Kurunegala,0.7369494311421774
183,2016,53,2016-12-17,Mannar,0.8065889574657942
183,2016,53,2016-12-17,Matale,0.8360515727245688
183,2016,53,2016-12-17,Matara,0.8358898795359906
183,2016,53,2016-12-17,Moneragala,0.8075951126561571
183,2016,53,2016-12-17,Mullaitivu,0.8167740667757288
183,2016,53,2016-12-17,NuwaraEliya,0.8181550249107674
183,2016,53,2016-12-17,Polonnaruwa,0.637485140913147
183,2016,53,2016-12-17,Puttalam,0.7623433001189769
183,2016,53,2016-12-17,Ratnapura,0.8227901137715646
183,2016,53,2016-12-17,Trincomalee,0.8308004516213037
183,2016,53,2016-12-17,Vavuniya,0.766378000446163
184,2017,1,2016-12-24,Ampara,0.7186132127985044
184,2017,1,2016-12-24,Anuradhapura,0.7611424853403587
184,2017,1,2016-12-24,Badulla,0.8565664719129771
184,2017,1,2016-12-24,Batticaloa,0.7414976846115335
184,2017,1,2016-12-24,Colombo,0.6667015806917652
184,2017,1,2016-12-24,Galle,0.828327679102575
184,2017,1,2016-12-24,Gampaha,0.7417251975864706
184,2017,1,2016-12-24,Hambantota,0.7519509874644386
184,2017,1,2016-12-24,Jaffna,0.5099308072207339
184,2017,1,2016-12-24,Kalutara,0.8247641497408006
184,2017,1,2016-12-24,Kandy,0.7738330670519249
184,2017,1,2016-12-24,Kegalle,0.8450487549927764
184,2017,1,2016-12-24,Kilinochchi,0.6255829272611477
184,2017,1,2016-12-24,Kurunegala,0.7376256607461545
184,2017,1,2016-12-24,Mannar,0.814068118466899
184,2017,1,2016-12-24,Matale,0.8455310486955043
184,2017,1,2016-12-24,Matara,0.8380418989547039
184,2017,1,2016-12-24,Moneragala,0.8133295551117532
184,2017,1,2016-12-24,Mullaitivu,0.8157906900654373
184,2017,1,2016-12-24,NuwaraEliya,0.8185198457550779
184,2017,1,2016-12-24,Polonnaruwa,0.6644160661171072
184,2017,1,2016-12-24,Puttalam,0.7674867659556387
184,2017,1,2016-12-24,Ratnapura,0.8247928422707572
184,2017,1,2016-12-24,Trincomalee,0.8391987114007377
184,2017,1,2016-12-24,Vavuniya,0.7698451092037053
185,2017,2,2016-12-31,Ampara,0.7340082455171243
185,2017,2,2016-12-31,Anuradhapura,0.7598402545253676
185,2017,2,2016-12-31,Badulla,0.8483709037987593
185,2017,2,2016-12-31,Batticaloa,0.7495457997944756
185,2017,2,2016-12-31,Colombo,0.6663808192402482
185,2017,2,2016-12-31,Galle,0.827092937877114
185,2017,2,2016-12-31,Gampaha,0.7346093141837342
185,2017,2,2016-12-31,Hambantota,0.7489450400762626
185,2017,2,2016-12-31,Jaffna,0.5086885955876425
185,2017,2,2016-12-31,Kalutara,0.8197319665165292
185,2017,2,2016-12-31,Kandy,0.7659979688960653
185,2017,2,2016-12-31,Kegalle,0.83372537605167
185,2017,2,2016-12-31,Kilinochchi,0.6283643485179436
185,2017,2,2016-12-31,Kurunegala,0.7351802710971361
185,2017,2,2016-12-31,Mannar,0.8057242160278746
185,2017,2,2016-12-31,Matale,0.8451834579756947
185,2017,2,2016-12-31,Matara,0.8366411553497068
185,2017,2,2016-12-31,Moneragala,0.8033310125775474
185,2017,2,2016-12-31,Mullaitivu,0.8086187091017252
185,2017,2,2016-12-31,NuwaraEliya,0.8066298695504377
185,2017,2,2016-12-31,Polonnaruwa,0.7123719852128835
185,2017,2,2016-12-31,Puttalam,0.7592501508455851
185,2017,2,2016-12-31,Ratnapura,0.819259380045891
185,2017,2,2016-12-31,Trincomalee,0.8320131466172832
185,2017,2,2016-12-31,Vavuniya,0.7699487379960909
186,2017,3,2017-01-07,Ampara,0.7365241437386244
186,2017,3,2017-01-07,Anuradhapura,0.7572673984979179
186,2017,3,2017-01-07,Badulla,0.827712247174301
186,2017,3,2017-01-07,Batticaloa,0.7429651050284152
186,2017,3,2017-01-07,Colombo,0.6636878680844736
186,2017,3,2017-01-07,Galle,0.8251508960440216
186,2017,3,2017-01-07,Gampaha,0.7267610350981559
186,2017,3,2017-01-07,Hambantota,0.7436280357674004
186,2017,3,2017-01-07,Jaffna,0.4997717473903508
186,2017,3,2017-01-07,Kalutara,0.8140840273646639
186,2017,3,2017-01-07,Kandy,0.761452267995241
186,2017,3,2017-01-07,Kegalle,0.8240311644854253
186,2017,3,2017-01-07,Kilinochchi,0.6248694933063512
186,2017,3,2017-01-07,Kurunegala,0.7310604364961333
186,2017,3,2017-01-07,Mannar,0.7960473713563355
186,2017,3,2017-01-07,Matale,0.8407881171921475
186,2017,3,2017-01-07,Matara,0.834291995092207
186,2017,3,2017-01-07,Moneragala,0.7953923129833432
186,2017,3,2017-01-07,Mullaitivu,0.7774785730220107
186,2017,3,2017-01-07,NuwaraEliya,0.7968353584176087
186,2017,3,2017-01-07,Polonnaruwa,0.7540109923408685
186,2017,3,2017-01-07,Puttalam,0.7523782160916122
186,2017,3,2017-01-07,Ratnapura,0.8151734347114813
186,2017,3,2017-01-07,Trincomalee,0.8240848144019401
186,2017,3,2017-01-07,Vavuniya,0.7664608439367212
187,2017,4,2017-01-14,Ampara,0.6918165488040191
187,2017,4,2017-01-14,Anuradhapura,0.7500355833581203
187,2017,4,2017-01-14,Badulla,0.7613555993456277
187,2017,4,2017-01-14,Batticaloa,0.6827454404493455
187,2017,4,2017-01-14,Colombo,0.6522968880130875
187,2017,4,2017-01-14,Galle,0.8206154186496134
187,2017,4,2017-01-14,Gampaha,0.7162273051754908
187,2017,4,2017-01-14,Hambantota,0.729837156082689
187,2017,4,2017-01-14,Jaffna,0.4627145651243248
187,2017,4,2017-01-14,Kalutara,0.8061783164782867
187,2017,4,2017-01-14,Kandy,0.7689676903628793
187,2017,4,2017-01-14,Kegalle,0.8203105666270077
187,2017,4,2017-01-14,Kilinochchi,0.598361624377335
187,2017,4,2017-01-14,Kurunegala,0.7208009704045212
187,2017,4,2017-01-14,Mannar,0.7814830718322427
187,2017,4,2017-01-14,Matale,0.821551026174896
187,2017,4,2017-01-14,Matara,0.8284653071088638
187,2017,4,2017-01-14,Moneragala,0.795006370835812
187,2017,4,2017-01-14,Mullaitivu,0.6584552015169542
187,2017,4,2017-01-14,NuwaraEliya,0.7947242192147532
187,2017,4,2017-01-14,Polonnaruwa,0.7724879889202855
187,2017,4,2017-01-14,Puttalam,0.7505101093099346
187,2017,4,2017-01-14,Ratnapura,0.8163950513087448
187,2017,4,2017-01-14,Trincomalee,0.8134330016030057
187,2017,4,2017-01-14,Vavuniya,0.7498040327542491
188,2017,5,2017-01-21,Ampara,0.6471089538694138
188,2017,5,2017-01-21,Anuradhapura,0.7428037682183224
188,2017,5,2017-01-21,Badulla,0.6949989515169543
188,2017,5,2017-01-21,Batticaloa,0.6225257758702758
188,2017,5,2017-01-21,Colombo,0.6409059079417014
188,2017,5,2017-01-21,Galle,0.8160799412552052
188,2017,5,2017-01-21,Gampaha,0.7056935752528258
188,2017,5,2017-01-21,Hambantota,0.7160462763979775
188,2017,5,2017-01-21,Jaffna,0.42565738285829874
188,2017,5,2017-01-21,Kalutara,0.7982726055919096
188,2017,5,2017-01-21,Kandy,0.7764831127305176
188,2017,5,2017-01-21,Kegalle,0.8165899687685901
188,2017,5,2017-01-21,Kilinochchi,0.5718537554483188
188,2017,5,2017-01-21,Kurunegala,0.7105415043129091
188,2017,5,2017-01-21,Mannar,0.7669187723081499
188,2017,5,2017-01-21,Matale,0.8023139351576443
188,2017,5,2017-01-21,Matara,0.8226386191255206
188,2017,5,2017-01-21,Moneragala,0.7946204286882809
188,2017,5,2017-01-21,Mullaitivu,0.5394318300118977
188,2017,5,2017-01-21,NuwaraEliya,0.7926130800118977
188,2017,5,2017-01-21,Polonnaruwa,0.7909649854997025
188,2017,5,2017-01-21,Puttalam,0.748642002528257
188,2017,5,2017-01-21,Ratnapura,0.8176166679060084
188,2017,5,2017-01-21,Trincomalee,0.8027811888040711
188,2017,5,2017-01-21,Vavuniya,0.7331472215717771
189,2017,6,2017-01-28,Ampara,0.6692716884591646
189,2017,6,2017-01-28,Anuradhapura,0.7382396453004164
189,2017,6,2017-01-28,Badulla,0.7482559098007139
189,2017,6,2017-01-28,Batticaloa,0.6104691607226506
189,2017,6,2017-01-28,Colombo,0.6483364589530042
189,2017,6,2017-01-28,Galle,0.8138554245984533
189,2017,6,2017-01-28,Gampaha,0.7004104513682333
189,2017,6,2017-01-28,Hambantota,0.7225992656900655
189,2017,6,2017-01-28,Jaffna,0.43932770053716985
189,2017,6,2017-01-28,Kalutara,0.8021178632510411
189,2017,6,2017-01-28,Kandy,0.7722307703747769
189,2017,6,2017-01-28,Kegalle,0.8144225702706722
189,2017,6,2017-01-28,Kilinochchi,0.5647008956734686
189,2017,6,2017-01-28,Kurunegala,0.7115110927275432
189,2017,6,2017-01-28,Mannar,0.7825951462612125
189,2017,6,2017-01-28,Matale,0.8015509587558161
189,2017,6,2017-01-28,Matara,0.8239653145449138
189,2017,6,2017-01-28,Moneragala,0.7949147196609162
189,2017,6,2017-01-28,Mullaitivu,0.6445365593396788
189,2017,6,2017-01-28,NuwaraEliya,0.7935615519036289
189,2017,6,2017-01-28,Polonnaruwa,0.798942123364069
189,2017,6,2017-01-28,Puttalam,0.7467015392623438
189,2017,6,2017-01-28,Ratnapura,0.8101908871207615
189,2017,6,2017-01-28,Trincomalee,0.7875228509815586
189,2017,6,2017-01-28,Vavuniya,0.738842173085452
190,2017,7,2017-02-04,Ampara,0.696578294550789
190,2017,7,2017-02-04,Anuradhapura,0.7338807294765021
190,2017,7,2017-02-04,Badulla,0.8107139147085068
190,2017,7,2017-02-04,Batticaloa,0.6021173955312902
190,2017,7,2017-02-04,Colombo,0.6572148200475908
190,2017,7,2017-02-04,Galle,0.8118086741522903
190,2017,7,2017-02-04,Gampaha,0.6955312202558002
190,2017,7,2017-02-04,Hambantota,0.7307171679803689
190,2017,7,2017-02-04,Jaffna,0.4569001335964176
190,2017,7,2017-02-04,Kalutara,0.8068670415675194
190,2017,7,2017-02-04,Kandy,0.7670732153480072
190,2017,7,2017-02-04,Kegalle,0.8123746486466389
190,2017,7,2017-02-04,Kilinochchi,0.5590368827566311
190,2017,7,2017-02-04,Kurunegala,0.7133444545657348
190,2017,7,2017-02-04,Mannar,0.800597725866364
190,2017,7,2017-02-04,Matale,0.8022090680936358
190,2017,7,2017-02-04,Matara,0.825842270226056
190,2017,7,2017-02-04,Moneragala,0.7952613362581797
190,2017,7,2017-02-04,Mullaitivu,0.7668819118084474
190,2017,7,2017-02-04,NuwaraEliya,0.7947453784949435
190,2017,7,2017-02-04,Polonnaruwa,0.8061115797888163
190,2017,7,2017-02-04,Puttalam,0.744755510113028
190,2017,7,2017-02-04,Ratnapura,0.8020999219214753
190,2017,7,2017-02-04,Trincomalee,0.7719101650803094
190,2017,7,2017-02-04,Vavuniya,0.746256490960369
191,2017,8,2017-02-11,Ampara,0.704444554789935
191,2017,8,2017-02-11,Anuradhapura,0.7262015745835811
191,2017,8,2017-02-11,Badulla,0.8331686663444379
191,2017,8,2017-02-11,Batticaloa,0.608383394298721
191,2017,8,2017-02-11,Colombo,0.6574447687388459
191,2017,8,2017-02-11,Galle,0.7943097709696609
191,2017,8,2017-02-11,Gampaha,0.6831892102914932
191,2017,8,2017-02-11,Hambantota,0.7247880800118978
191,2017,8,2017-02-11,Jaffna,0.4509099263420093
191,2017,8,2017-02-11,Kalutara,0.7882537812314099
191,2017,8,2017-02-11,Kandy,0.7621865704937538
191,2017,8,2017-02-11,Kegalle,0.8059696441850089
191,2017,8,2017-02-11,Kilinochchi,0.5336681644703493
191,2017,8,2017-02-11,Kurunegala,0.7039723211629982
191,2017,8,2017-02-11,Mannar,0.8025466342960811
191,2017,8,2017-02-11,Matale,0.8090434695580065
191,2017,8,2017-02-11,Matara,0.7971670099643071
191,2017,8,2017-02-11,Moneragala,0.7860295750297442
191,2017,8,2017-02-11,Mullaitivu,0.7906013050267698
191,2017,8,2017-02-11,NuwaraEliya,0.790736771267103
191,2017,8,2017-02-11,Polonnaruwa,0.7985643664485426
191,2017,8,2017-02-11,Puttalam,0.7253645188875669
191,2017,8,2017-02-11,Ratnapura,0.7959462020374777
191,2017,8,2017-02-11,Trincomalee,0.7675423018871884
191,2017,8,2017-02-11,Vavuniya,0.7400532179506246
192,2017,9,2017-02-18,Ampara,0.7015106228888152
192,2017,9,2017-02-18,Anuradhapura,0.7166778424301011
192,2017,9,2017-02-18,Badulla,0.8333993883848899
192,2017,9,2017-02-18,Batticaloa,0.6227703730432579
192,2017,9,2017-02-18,Colombo,0.6528700438726949
192,2017,9,2017-02-18,Galle,0.7682263384889947
192,2017,9,2017-02-18,Gampaha,0.6667012120761452
192,2017,9,2017-02-18,Hambantota,0.7110551085663296
192,2017,9,2017-02-18,Jaffna,0.4318293633577921
192,2017,9,2017-02-18,Kalutara,0.7566613883105295
192,2017,9,2017-02-18,Kandy,0.7574504312908983
192,2017,9,2017-02-18,Kegalle,0.7971440381469364
192,2017,9,2017-02-18,Kilinochchi,0.49735238764548717
192,2017,9,2017-02-18,Kurunegala,0.6883749126264129
192,2017,9,2017-02-18,Mannar,0.7955768365172236
192,2017,9,2017-02-18,Matale,0.8193091444260167
192,2017,9,2017-02-18,Matara,0.7515182964009518
192,2017,9,2017-02-18,Moneragala,0.7714764927870316
192,2017,9,2017-02-18,Mullaitivu,0.7595284986615111
192,2017,9,2017-02-18,NuwaraEliya,0.7838434785841761
192,2017,9,2017-02-18,Polonnaruwa,0.7828412254610352
192,2017,9,2017-02-18,Puttalam,0.6962818820642476
192,2017,9,2017-02-18,Ratnapura,0.7908687295508626
192,2017,9,2017-02-18,Trincomalee,0.7694215624208055
192,2017,9,2017-02-18,Vavuniya,0.726284616671624
193,2017,10,2017-02-25,Ampara,0.6956560016319595
193,2017,10,2017-02-25,Anuradhapura,0.7076291623289709
193,2017,10,2017-02-25,Badulla,0.8326978993158834
193,2017,10,2017-02-25,Batticaloa,0.6290438969787441
193,2017,10,2017-02-25,Colombo,0.6473622062760261
193,2017,10,2017-02-25,Galle,0.7532273051754909
193,2017,10,2017-02-25,Gampaha,0.656661496133254
193,2017,10,2017-02-25,Hambantota,0.7049542943188578
193,2017,10,2017-02-25,Jaffna,0.4274113639107354
193,2017,10,2017-02-25,Kalutara,0.7426942928316479
193,2017,10,2017-02-25,Kandy,0.756937382882213
193,2017,10,2017-02-25,Kegalle,0.7915955643961927
193,2017,10,2017-02-25,Kilinochchi,0.4755008609074491
193,2017,10,2017-02-25,Kurunegala,0.6811987070518231
193,2017,10,2017-02-25,Mannar,0.7869787998215348
193,2017,10,2017-02-25,Matale,0.8220437871802498
193,2017,10,2017-02-25,Matara,0.7323069062314098
193,2017,10,2017-02-25,Moneragala,0.7616056681290898
193,2017,10,2017-02-25,Mullaitivu,0.7520360481112434
193,2017,10,2017-02-25,NuwaraEliya,0.7817534187239739
193,2017,10,2017-02-25,Polonnaruwa,0.7662592857674004
193,2017,10,2017-02-25,Puttalam,0.6738051345925045
193,2017,10,2017-02-25,Ratnapura,0.7926854048929209
193,2017,10,2017-02-25,Trincomalee,0.7766277603444963
193,2017,10,2017-02-25,Vavuniya,0.7221512399613326
194,2017,11,2017-03-04,Ampara,0.6845441395347792
194,2017,11,2017-03-04,Anuradhapura,0.6994355759220703
194,2017,11,2017-03-04,Badulla,0.8303184302498513
194,2017,11,2017-03-04,Batticaloa,0.6207132022579388
194,2017,11,2017-03-04,Colombo,0.640174765764426
194,2017,11,2017-03-04,Galle,0.7581801903628793
194,2017,11,2017-03-04,Gampaha,0.6582286882807853
194,2017,11,2017-03-04,Hambantota,0.7125913630279597
194,2017,11,2017-03-04,Jaffna,0.4493859788305678
194,2017,11,2017-03-04,Kalutara,0.7604527327483641
194,2017,11,2017-03-04,Kandy,0.764025897903034
194,2017,11,2017-03-04,Kegalle,0.7919459287626412
194,2017,11,2017-03-04,Kilinochchi,0.479684984325694
194,2017,11,2017-03-04,Kurunegala,0.6891806668088252
194,2017,11,2017-03-04,Mannar,0.7754499330755503
194,2017,11,2017-03-04,Matale,0.8112225721296847
194,2017,11,2017-03-04,Matara,0.7606826981707318
194,2017,11,2017-03-04,Moneragala,0.7601629071237359
194,2017,11,2017-03-04,Mullaitivu,0.7869882380279596
194,2017,11,2017-03-04,NuwaraEliya,0.7883091779446759
194,2017,11,2017-03-04,Polonnaruwa,0.7481315084027365
194,2017,11,2017-03-04,Puttalam,0.6632189879535991
194,2017,11,2017-03-04,Ratnapura,0.8069115463265913
194,2017,11,2017-03-04,Trincomalee,0.7934224455703202
194,2017,11,2017-03-04,Vavuniya,0.7353612674747174
195,2017,12,2017-03-11,Ampara,0.6731200966944848
195,2017,12,2017-03-11,Anuradhapura,0.6924135912403332
195,2017,12,2017-03-11,Badulla,0.8277038593099346
195,2017,12,2017-03-11,Batticaloa,0.612592669563639
195,2017,12,2017-03-11,Colombo,0.6337320921326592
195,2017,12,2017-03-11,Galle,0.7639356205383702
195,2017,12,2017-03-11,Gampaha,0.6611727022605592
195,2017,12,2017-03-11,Hambantota,0.7186729811124332
195,2017,12,2017-03-11,Jaffna,0.4679498907323029
195,2017,12,2017-03-11,Kalutara,0.7753027922367639
195,2017,12,2017-03-11,Kandy,0.7700521006841167
195,2017,12,2017-03-11,Kegalle,0.7930697817519334
195,2017,12,2017-03-11,Kilinochchi,0.48234884865277317
195,2017,12,2017-03-11,Kurunegala,0.6967665223144021
195,2017,12,2017-03-11,Mannar,0.7654299728584176
195,2017,12,2017-03-11,Matale,0.8008488325401547
195,2017,12,2017-03-11,Matara,0.7876637157941703
195,2017,12,2017-03-11,Moneragala,0.7588071441850089
195,2017,12,2017-03-11,Mullaitivu,0.8182492917162404
195,2017,12,2017-03-11,NuwaraEliya,0.7942299431142178
195,2017,12,2017-03-11,Polonnaruwa,0.7270239756841167
195,2017,12,2017-03-11,Puttalam,0.6525690734681737
195,2017,12,2017-03-11,Ratnapura,0.8199503401992863
195,2017,12,2017-03-11,Trincomalee,0.8085748547301871
195,2017,12,2017-03-11,Vavuniya,0.7464747192891137
196,2017,13,2017-03-18,Ampara,0.6576377041937075
196,2017,13,2017-03-18,Anuradhapura,0.7006224289857228
196,2017,13,2017-03-18,Badulla,0.8220329640095182
196,2017,13,2017-03-18,Batticaloa,0.607204243213911
196,2017,13,2017-03-18,Colombo,0.636971387938727
196,2017,13,2017-03-18,Galle,0.780124135559191
196,2017,13,2017-03-18,Gampaha,0.6820154000594885
196,2017,13,2017-03-18,Hambantota,0.70453374107674
196,2017,13,2017-03-18,Jaffna,0.4421746633987745
196,2017,13,2017-03-18,Kalutara,0.7523439061570495
196,2017,13,2017-03-18,Kandy,0.7622682443486021
196,2017,13,2017-03-18,Kegalle,0.8042489868381916
196,2017,13,2017-03-18,Kilinochchi,0.46524934479469693
196,2017,13,2017-03-18,Kurunegala,0.6992030225514511
196,2017,13,2017-03-18,Mannar,0.7750257975163594
196,2017,13,2017-03-18,Matale,0.796292273944081
196,2017,13,2017-03-18,Matara,0.7965126673111245
196,2017,13,2017-03-18,Moneragala,0.7585823561124331
196,2017,13,2017-03-18,Mullaitivu,0.8015255744348603
196,2017,13,2017-03-18,NuwaraEliya,0.7918957856186795
196,2017,13,2017-03-18,Polonnaruwa,0.667179623364069
196,2017,13,2017-03-18,Puttalam,0.6410901769779893
196,2017,13,2017-03-18,Ratnapura,0.8175536157792981
196,2017,13,2017-03-18,Trincomalee,0.8023776750326141
196,2017,13,2017-03-18,Vavuniya,0.7303326870166568
197,2017,14,2017-03-25,Ampara,0.6421553116929302
197,2017,14,2017-03-25,Anuradhapura,0.7088312667311124
197,2017,14,2017-03-25,Badulla,0.8163620687091018
197,2017,14,2017-03-25,Batticaloa,0.6018158168641828
197,2017,14,2017-03-25,Colombo,0.6402106837447947
197,2017,14,2017-03-25,Galle,0.796312650580012
197,2017,14,2017-03-25,Gampaha,0.7028580978584177
197,2017,14,2017-03-25,Hambantota,0.6903945010410469
197,2017,14,2017-03-25,Jaffna,0.416399436065246
197,2017,14,2017-03-25,Kalutara,0.729385020077335
197,2017,14,2017-03-25,Kandy,0.7544843880130875
197,2017,14,2017-03-25,Kegalle,0.8154281919244498
197,2017,14,2017-03-25,Kilinochchi,0.4481498409366207
197,2017,14,2017-03-25,Kurunegala,0.7016395227885002
197,2017,14,2017-03-25,Mannar,0.7846216221743011
197,2017,14,2017-03-25,Matale,0.7917357153480071
197,2017,14,2017-03-25,Matara,0.8053616188280787
197,2017,14,2017-03-25,Moneragala,0.7583575680398573
197,2017,14,2017-03-25,Mullaitivu,0.78480185715348
197,2017,14,2017-03-25,NuwaraEliya,0.789561628123141
197,2017,14,2017-03-25,Polonnaruwa,0.6073352710440214
197,2017,14,2017-03-25,Puttalam,0.6296112804878049
197,2017,14,2017-03-25,Ratnapura,0.8151568913593099
197,2017,14,2017-03-25,Trincomalee,0.7961804953350413
197,2017,14,2017-03-25,Vavuniya,0.7141906547442
198,2017,15,2017-04-01,Ampara,0.6491728955978584
198,2017,15,2017-04-01,Anuradhapura,0.6943209901100535
198,2017,15,2017-04-01,Badulla,0.8154949211778704
198,2017,15,2017-04-01,Batticaloa,0.5820051606186794
198,2017,15,2017-04-01,Colombo,0.5959333209399167
198,2017,15,2017-04-01,Galle,0.7648004443039857
198,2017,15,2017-04-01,Gampaha,0.6613518636124419
198,2017,15,2017-04-01,Hambantota,0.6834850330904223
198,2017,15,2017-04-01,Jaffna,0.41097301488982974
198,2017,15,2017-04-01,Kalutara,0.7048579305472933
198,2017,15,2017-04-01,Kandy,0.752457781826294
198,2017,15,2017-04-01,Kegalle,0.815126003866746
198,2017,15,2017-04-01,Kilinochchi,0.4319665214762921
198,2017,15,2017-04-01,Kurunegala,0.6644570610293958
198,2017,15,2017-04-01,Mannar,0.7580423706127306
198,2017,15,2017-04-01,Matale,0.7721443578970851
198,2017,15,2017-04-01,Matara,0.7997031751933373
198,2017,15,2017-04-01,Moneragala,0.7584178409428912
198,2017,15,2017-04-01,Mullaitivu,0.7648907941701368
198,2017,15,2017-04-01,NuwaraEliya,0.7945979736763831
198,2017,15,2017-04-01,Polonnaruwa,0.5769106837447947
198,2017,15,2017-04-01,Puttalam,0.6286240593396788
198,2017,15,2017-04-01,Ratnapura,0.8156028628792386
198,2017,15,2017-04-01,Trincomalee,0.7732759416656717
198,2017,15,2017-04-01,Vavuniya,0.7022163202706723
199,2017,16,2017-04-08,Ampara,0.6623268367043427
199,2017,16,2017-04-08,Anuradhapura,0.6736145913890542
199,2017,16,2017-04-08,Badulla,0.8159378866745984
199,2017,16,2017-04-08,Batticaloa,0.5582611689470554
199,2017,16,2017-04-08,Colombo,0.5386968694229626
199,2017,16,2017-04-08,Galle,0.7202789504015468
199,2017,16,2017-04-08,Gampaha,0.6028413751724013
199,2017,16,2017-04-08,Hambantota,0.6785473211629982
199,2017,16,2017-04-08,Jaffna,0.41109626812117134
199,2017,16,2017-04-08,Kalutara,0.6799031491671624
199,2017,16,2017-04-08,Kandy,0.7520013347709698
199,2017,16,2017-04-08,Kegalle,0.81169252676978
199,2017,16,2017-04-08,Kilinochchi,0.4160330704880765
199,2017,16,2017-04-08,Kurunegala,0.6164694278167953
199,2017,16,2017-04-08,Mannar,0.7215971891731112
199,2017,16,2017-04-08,Matale,0.7484526007584771
199,2017,16,2017-04-08,Matara,0.7900881692444973
199,2017,16,2017-04-08,Moneragala,0.7585558577483641
199,2017,16,2017-04-08,Mullaitivu,0.7441104550862582
199,2017,16,2017-04-08,NuwaraEliya,0.8016444564247472
199,2017,16,2017-04-08,Polonnaruwa,0.5545096687239738
199,2017,16,2017-04-08,Puttalam,0.6304982041939322
199,2017,16,2017-04-08,Ratnapura,0.8168241151100536
199,2017,16,2017-04-08,Trincomalee,0.7458148314585393
199,2017,16,2017-04-08,Vavuniya,0.691378630651398
200,2017,17,2017-04-15,Ampara,0.6611602654669839
200,2017,17,2017-04-15,Anuradhapura,0.6594632491820346
200,2017,17,2017-04-15,Badulla,0.8122537124479476
200,2017,17,2017-04-15,Batticaloa,0.5414206592058299
200,2017,17,2017-04-15,Colombo,0.5228802684414039
200,2017,17,2017-04-15,Galle,0.7244161362284355
200,2017,17,2017-04-15,Gampaha,0.596278341635816
200,2017,17,2017-04-15,Hambantota,0.6703209808149911
200,2017,17,2017-04-15,Jaffna,0.404909568498452
200,2017,17,2017-04-15,Kalutara,0.690576249256395
200,2017,17,2017-04-15,Kandy,0.7475589009518144
200,2017,17,2017-04-15,Kegalle,0.8215962150505651
200,2017,17,2017-04-15,Kilinochchi,0.406405176192197
200,2017,17,2017-04-15,Kurunegala,0.6134234804640291
200,2017,17,2017-04-15,Mannar,0.7014190697501488
200,2017,17,2017-04-15,Matale,0.7399287812314099
200,2017,17,2017-04-15,Matara,0.7869775728732897
200,2017,17,2017-04-15,Moneragala,0.762083627676978
200,2017,17,2017-04-15,Mullaitivu,0.7320867006246282
200,2017,17,2017-04-15,NuwaraEliya,0.7977407904521119
200,2017,17,2017-04-15,Polonnaruwa,0.5460047311867936
200,2017,17,2017-04-15,Puttalam,0.6297414411064842
200,2017,17,2017-04-15,Ratnapura,0.8193453617638311
200,2017,17,2017-04-15,Trincomalee,0.7276767494844124
200,2017,17,2017-04-15,Vavuniya,0.6800942277662106
201,2017,18,2017-04-22,Ampara,0.6456731818857823
201,2017,18,2017-04-22,Anuradhapura,0.6518669634889946
201,2017,18,2017-04-22,Badulla,0.804442398497918
201,2017,18,2017-04-22,Batticaloa,0.531483631395003
201,2017,18,2017-04-22,Colombo,0.548483517995241
201,2017,18,2017-04-22,Galle,0.777212001784652
201,2017,18,2017-04-22,Gampaha,0.6416627630026859
201,2017,18,2017-04-22,Hambantota,0.658806012046401
201,2017,18,2017-04-22,Jaffna,0.39241291602167183
201,2017,18,2017-04-22,Kalutara,0.7368772308149911
201,2017,18,2017-04-22,Kandy,0.7391304803688281
201,2017,18,2017-04-22,Kegalle,0.8448370687091017
201,2017,18,2017-04-22,Kilinochchi,0.40308283858865374
201,2017,18,2017-04-22,Kurunegala,0.6553192189710972
201,2017,18,2017-04-22,Mannar,0.697508012343843
201,2017,18,2017-04-22,Matale,0.7465728993158834
201,2017,18,2017-04-22,Matara,0.7903713860797145
201,2017,18,2017-04-22,Moneragala,0.769001150728733
201,2017,18,2017-04-22,Mullaitivu,0.728819530785247
201,2017,18,2017-04-22,NuwaraEliya,0.7828869757584771
201,2017,18,2017-04-22,Polonnaruwa,0.5513958711332541
201,2017,18,2017-04-22,Puttalam,0.626353770077335
201,2017,18,2017-04-22,Ratnapura,0.8231666028405712
201,2017,18,2017-04-22,Trincomalee,0.7188616957432907
201,2017,18,2017-04-22,Vavuniya,0.6683631116151101
202,2017,19,2017-04-29,Ampara,0.633162250892326
202,2017,19,2017-04-29,Anuradhapura,0.6398052331201666
202,2017,19,2017-04-29,Badulla,0.7985522456870912
202,2017,19,2017-04-29,Batticaloa,0.5223324472040453
202,2017,19,2017-04-29,Colombo,0.5638359830458061
202,2017,19,2017-04-29,Galle,0.801595588921879
202,2017,19,2017-04-29,Gampaha,0.6668587094735277
202,2017,19,2017-04-29,Hambantota,0.6472489812611542
202,2017,19,2017-04-29,Jaffna,0.3797113551903634
202,2017,19,2017-04-29,Kalutara,0.766752286585366
202,2017,19,2017-04-29,Kandy,0.726126128420583
202,2017,19,2017-04-29,Kegalle,0.8554208860053539
202,2017,19,2017-04-29,Kilinochchi,0.4012928584086687
202,2017,19,2017-04-29,Kurunegala,0.6686489310678168
202,2017,19,2017-04-29,Mannar,0.6900383594985834
202,2017,19,2017-04-29,Matale,0.7519723118679358
202,2017,19,2017-04-29,Matara,0.7900094660916122
202,2017,19,2017-04-29,Moneragala,0.772876494646044
202,2017,19,2017-04-29,Mullaitivu,0.7270295564396193
202,2017,19,2017-04-29,NuwaraEliya,0.7594637139351577
202,2017,19,2017-04-29,Polonnaruwa,0.5579090385187389
202,2017,19,2017-04-29,Puttalam,0.6161049096519929
202,2017,19,2017-04-29,Ratnapura,0.8208677201070792
202,2017,19,2017-04-29,Trincomalee,0.7107620240381625
202,2017,19,2017-04-29,Vavuniya,0.6611307183224272
203,2017,20,2017-05-06,Ampara,0.6315638793872695
203,2017,20,2017-05-06,Anuradhapura,0.6113702056067817
203,2017,20,2017-05-06,Badulla,0.7997063503866747
203,2017,20,2017-05-06,Batticaloa,0.5160626896192744
203,2017,20,2017-05-06,Colombo,0.541602238251041
203,2017,20,2017-05-06,Galle,0.7218008218561444
203,2017,20,2017-05-06,Gampaha,0.6180302479922666
203,2017,20,2017-05-06,Hambantota,0.6355377230814991
203,2017,20,2017-05-06,Jaffna,0.36625846372578486
203,2017,20,2017-05-06,Kalutara,0.7363989477989292
203,2017,20,2017-05-06,Kandy,0.6963433614663891
203,2017,20,2017-05-06,Kegalle,0.8195955699732302
203,2017,20,2017-05-06,Kilinochchi,0.4051215221150635
203,2017,20,2017-05-06,Kurunegala,0.5772365463265913
203,2017,20,2017-05-06,Mannar,0.6695205233771597
203,2017,20,2017-05-06,Matale,0.7528078041344438
203,2017,20,2017-05-06,Matara,0.7758765243902439
203,2017,20,2017-05-06,Moneragala,0.7655971817370613
203,2017,20,2017-05-06,Mullaitivu,0.7306559655710887
203,2017,20,2017-05-06,NuwaraEliya,0.7046191459696609
203,2017,20,2017-05-06,Polonnaruwa,0.5685363065139798
203,2017,20,2017-05-06,Puttalam,0.5806983547739442
203,2017,20,2017-05-06,Ratnapura,0.7961283834027365
203,2017,20,2017-05-06,Trincomalee,0.705285419798343
203,2017,20,2017-05-06,Vavuniya,0.6703936421772755
204,2017,21,2017-05-13,Ampara,0.629965507882213
204,2017,21,2017-05-13,Anuradhapura,0.5829351780933969
204,2017,21,2017-05-13,Badulla,0.8008604550862582
204,2017,21,2017-05-13,Batticaloa,0.5097929320345034
204,2017,21,2017-05-13,Colombo,0.519368493456276
204,2017,21,2017-05-13,Galle,0.6420060547904096
204,2017,21,2017-05-13,Gampaha,0.5692017865110054
204,2017,21,2017-05-13,Hambantota,0.6238264649018442
204,2017,21,2017-05-13,Jaffna,0.35280557226120624
204,2017,21,2017-05-13,Kalutara,0.7060456090124927
204,2017,21,2017-05-13,Kandy,0.6665605945121952
204,2017,21,2017-05-13,Kegalle,0.7837702539411066
204,2017,21,2017-05-13,Kilinochchi,0.4089501858214584
204,2017,21,2017-05-13,Kurunegala,0.4858241615853659
204,2017,21,2017-05-13,Mannar,0.649002687255736
204,2017,21,2017-05-13,Matale,0.7536432964009518
204,2017,21,2017-05-13,Matara,0.7617435826888758
204,2017,21,2017-05-13,Moneragala,0.7583178688280786
204,2017,21,2017-05-13,Mullaitivu,0.7342823747025581
204,2017,21,2017-05-13,NuwaraEliya,0.6497745780041642
204,2017,21,2017-05-13,Polonnaruwa,0.5791635745092207
204,2017,21,2017-05-13,Puttalam,0.5452917998958953
204,2017,21,2017-05-13,Ratnapura,0.7713890466983938
204,2017,21,2017-05-13,Trincomalee,0.6998088155585237
204,2017,21,2017-05-13,Vavuniya,0.6796565660321238
205,2017,22,2017-05-20,Ampara,0.6501030339083879
205,2017,22,2017-05-20,Anuradhapura,0.5994227004015468
205,2017,22,2017-05-20,Badulla,0.8089288574509221
205,2017,22,2017-05-20,Batticaloa,0.538209634826043
205,2017,22,2017-05-20,Colombo,0.47098191552647234
205,2017,22,2017-05-20,Galle,0.6178235987162192
205,2017,22,2017-05-20,Gampaha,0.5780291902141583
205,2017,22,2017-05-20,Hambantota,0.6447970162849495
205,2017,22,2017-05-20,Jaffna,0.3559081869895355
205,2017,22,2017-05-20,Kalutara,0.6463303762641286
205,2017,22,2017-05-20,Kandy,0.626466134369423
205,2017,22,2017-05-20,Kegalle,0.6831768701665676
205,2017,22,2017-05-20,Kilinochchi,0.4091321791543564
205,2017,22,2017-05-20,Kurunegala,0.5377748884592505
205,2017,22,2017-05-20,Mannar,0.6753310561004934
205,2017,22,2017-05-20,Matale,0.7456763831052945
205,2017,22,2017-05-20,Matara,0.709367024836407
205,2017,22,2017-05-20,Moneragala,0.7668747899315884
205,2017,22,2017-05-20,Mullaitivu,0.7350406008328376
205,2017,22,2017-05-20,NuwaraEliya,0.6777798036882808
205,2017,22,2017-05-20,Polonnaruwa,0.6293729811124331
205,2017,22,2017-05-20,Puttalam,0.5828253420582987
205,2017,22,2017-05-20,Ratnapura,0.723631623661511
205,2017,22,2017-05-20,Trincomalee,0.6980112997514533
205,2017,22,2017-05-20,Vavuniya,0.6895259889946461
206,2017,23,2017-05-27,Ampara,0.6719125520523499
206,2017,23,2017-05-27,Anuradhapura,0.6193658034651993
206,2017,23,2017-05-27,Badulla,0.817529128866746
206,2017,23,2017-05-27,Batticaloa,0.5692945268772988
206,2017,23,2017-05-27,Colombo,0.4205835812016657
206,2017,23,2017-05-27,Galle,0.5979190127183013
206,2017,23,2017-05-27,Gampaha,0.5912916604699584
206,2017,23,2017-05-27,Hambantota,0.6682815530190362
206,2017,23,2017-05-27,Jaffna,0.3602843021942423
206,2017,23,2017-05-27,Kalutara,0.5843565362879239
206,2017,23,2017-05-27,Kandy,0.5855784670582986
206,2017,23,2017-05-27,Kegalle,0.5776013273349198
206,2017,23,2017-05-27,Kilinochchi,0.4090336593816008
206,2017,23,2017-05-27,Kurunegala,0.6007535469958359
206,2017,23,2017-05-27,Mannar,0.7052629791734186
206,2017,23,2017-05-27,Matale,0.7370323616894706
206,2017,23,2017-05-27,Matara,0.6540486503569304
206,2017,23,2017-05-27,Moneragala,0.776649882882213
206,2017,23,2017-05-27,Mullaitivu,0.7355781975014872
206,2017,23,2017-05-27,NuwaraEliya,0.7121580904223677
206,2017,23,2017-05-27,Polonnaruwa,0.6826271676085663
206,2017,23,2017-05-27,Puttalam,0.6259696609161214
206,2017,23,2017-05-27,Ratnapura,0.6741035785990482
206,2017,23,2017-05-27,Trincomalee,0.6964967907469021
206,2017,23,2017-05-27,Vavuniya,0.6994420657346818
207,2017,24,2017-06-03,Ampara,0.6852142493307556
207,2017,24,2017-06-03,Anuradhapura,0.6049559339678763
207,2017,24,2017-06-03,Badulla,0.8117393051011302
207,2017,24,2017-06-03,Batticaloa,0.578144494407143
207,2017,24,2017-06-03,Colombo,0.4548474029595479
207,2017,24,2017-06-03,Galle,0.5998791734498492
207,2017,24,2017-06-03,Gampaha,0.5694959919690661
207,2017,24,2017-06-03,Hambantota,0.6762990797888162
207,2017,24,2017-06-03,Jaffna,0.3533896249730427
207,2017,24,2017-06-03,Kalutara,0.552566141805473
207,2017,24,2017-06-03,Kandy,0.5891120872992267
207,2017,24,2017-06-03,Kegalle,0.5566297990540283
207,2017,24,2017-06-03,Kilinochchi,0.4117481566512565
207,2017,24,2017-06-03,Kurunegala,0.6200440019293895
207,2017,24,2017-06-03,Mannar,0.699467650794846
207,2017,24,2017-06-03,Matale,0.7325187834622249
207,2017,24,2017-06-03,Matara,0.6643230294467579
207,2017,24,2017-06-03,Moneragala,0.7665690604550863
207,2017,24,2017-06-03,Mullaitivu,0.7282611726650803
207,2017,24,2017-06-03,NuwaraEliya,0.6625478993158834
207,2017,24,2017-06-03,Polonnaruwa,0.7173899780636526
207,2017,24,2017-06-03,Puttalam,0.5923489254907793
207,2017,24,2017-06-03,Ratnapura,0.6554854606632957
207,2017,24,2017-06-03,Trincomalee,0.6956699451176791
207,2017,24,2017-06-03,Vavuniya,0.680493878271862
208,2017,25,2017-06-10,Ampara,0.69378937946163
208,2017,25,2017-06-10,Anuradhapura,0.5714610797144557
208,2017,25,2017-06-10,Badulla,0.7979549840124927
208,2017,25,2017-06-10,Batticaloa,0.5746417260917588
208,2017,25,2017-06-10,Colombo,0.5361457558744795
208,2017,25,2017-06-10,Galle,0.6139864156977671
208,2017,25,2017-06-10,Gampaha,0.5282235797144558
208,2017,25,2017-06-10,Hambantota,0.6757238232450922
208,2017,25,2017-06-10,Jaffna,0.34023339640411726
208,2017,25,2017-06-10,Kalutara,0.5375443281528852
208,2017,25,2017-06-10,Kandy,0.6173242006246282
208,2017,25,2017-06-10,Kegalle,0.5826605010791125
208,2017,25,2017-06-10,Kilinochchi,0.4160254411666962
208,2017,25,2017-06-10,Kurunegala,0.6150632326390365
208,2017,25,2017-06-10,Mannar,0.6738238493876633
208,2017,25,2017-06-10,Matale,0.7302998958953005
208,2017,25,2017-06-10,Matara,0.7110378271861987
208,2017,25,2017-06-10,Moneragala,0.7454571739292088
208,2017,25,2017-06-10,Mullaitivu,0.7165804692147532
208,2017,25,2017-06-10,NuwaraEliya,0.5662774427424152
208,2017,25,2017-06-10,Polonnaruwa,0.7418798018292684
208,2017,25,2017-06-10,Puttalam,0.5160809376859012
208,2017,25,2017-06-10,Ratnapura,0.6540395244646043
208,2017,25,2017-06-10,Trincomalee,0.6952251346969718
208,2017,25,2017-06-10,Vavuniya,0.6455099884741226
209,2017,26,2017-05-17,Ampara,0.6407560975609756
209,2017,26,2017-05-17,Anuradhapura,0.5908756562314099
209,2017,26,2017-05-17,Badulla,0.8052430268441405
209,2017,26,2017-05-17,Batticaloa,0.5248875382326477
209,2017,26,2017-05-17,Colombo,0.4925812016656752
209,2017,26,2017-05-17,Galle,0.6263541355724697
209,2017,26,2017-05-17,Gampaha,0.572345274390244
209,2017,26,2017-05-17,Hambantota,0.6347322148274837
209,2017,26,2017-05-17,Jaffna,0.35403270904466116
209,2017,26,2017-05-17,Kalutara,0.6728905933967877
209,2017,26,2017-05-17,Kandy,0.6439894203599049
209,2017,26,2017-05-17,Kegalle,0.7284235313801309
209,2017,26,2017-05-17,Kilinochchi,0.4091744019141088
209,2017,26,2017-05-17,Kurunegala,0.5107840348007139
209,2017,26,2017-05-17,Mannar,0.6625030890692397
209,2017,26,2017-05-17,Matale,0.7493809637120762
209,2017,26,2017-05-17,Matara,0.7330748996133255
209,2017,26,2017-05-17,Moneragala,0.7626854643813207
209,2017,26,2017-05-17,Mullaitivu,0.7348102022605593
209,2017,26,2017-05-17,NuwaraEliya,0.663046252230815
209,2017,26,2017-05-17,Polonnaruwa,0.606549758328376
209,2017,26,2017-05-17,Puttalam,0.5643349196906603
209,2017,26,2017-05-17,Ratnapura,0.7448579286882807
209,2017,26,2017-05-17,Trincomalee,0.6986603750391182
209,2017,26,2017-05-17,Vavuniya,0.6852762418203451
210,2017,27,2017-06-24,Ampara,0.7069567816775729
210,2017,27,2017-06-24,Anuradhapura,0.567838024241523
210,2017,27,2017-06-24,Badulla,0.7917604234830459
210,2017,27,2017-06-24,Batticaloa,0.5463976130279595
210,2017,27,2017-06-24,Colombo,0.6238929803688281
210,2017,27,2017-06-24,Galle,0.6806738477774179
210,2017,27,2017-06-24,Gampaha,0.583878253271862
210,2017,27,2017-06-24,Hambantota,0.6601612916418799
210,2017,27,2017-06-24,Jaffna,0.3600818333396413
210,2017,27,2017-06-24,Kalutara,0.6698661064842357
210,2017,27,2017-06-24,Kandy,0.6509967114069007
210,2017,27,2017-06-24,Kegalle,0.61993629775449
210,2017,27,2017-06-24,Kilinochchi,0.40069027492245657
210,2017,27,2017-06-24,Kurunegala,0.612531437704934
210,2017,27,2017-06-24,Mannar,0.6569418556662702
210,2017,27,2017-06-24,Matale,0.7316495761451518
210,2017,27,2017-06-24,Matara,0.7621247118530636
210,2017,27,2017-06-24,Moneragala,0.7237992972932779
210,2017,27,2017-06-24,Mullaitivu,0.7050519947204045
210,2017,27,2017-06-24,NuwaraEliya,0.6924277978138014
210,2017,27,2017-06-24,Polonnaruwa,0.7688960328673409
210,2017,27,2017-06-24,Puttalam,0.5277094549375373
210,2017,27,2017-06-24,Ratnapura,0.743559982897085
210,2017,27,2017-06-24,Trincomalee,0.6928982311280308
210,2017,27,2017-06-24,Vavuniya,0.5965004182778109
211,2017,28,2017-07-01,Ampara,0.711259499553837
211,2017,28,2017-07-01,Anuradhapura,0.5776401602468769
211,2017,28,2017-07-01,Badulla,0.7918590701219512
211,2017,28,2017-07-01,Batticaloa,0.5260732655413445
211,2017,28,2017-07-01,Colombo,0.646062749107674
211,2017,28,2017-07-01,Galle,0.7169141006097561
211,2017,28,2017-07-01,Gampaha,0.640128417892951
211,2017,28,2017-07-01,Hambantota,0.646640145374777
211,2017,28,2017-07-01,Jaffna,0.37891848336365364
211,2017,28,2017-07-01,Kalutara,0.7612360759964307
211,2017,28,2017-07-01,Kandy,0.6604741894705533
211,2017,28,2017-07-01,Kegalle,0.6367933484533016
211,2017,28,2017-07-01,Kilinochchi,0.3872409798455941
211,2017,28,2017-07-01,Kurunegala,0.6125056253718025
211,2017,28,2017-07-01,Mannar,0.6552438150654373
211,2017,28,2017-07-01,Matale,0.7315642716389055
211,2017,28,2017-07-01,Matara,0.77513312202558
211,2017,28,2017-07-01,Moneragala,0.7185559618530637
211,2017,28,2017-07-01,Mullaitivu,0.7003920731707317
211,2017,28,2017-07-01,NuwaraEliya,0.8145501226948246
211,2017,28,2017-07-01,Polonnaruwa,0.7745957224122546
211,2017,28,2017-07-01,Puttalam,0.5672475219363475
211,2017,28,2017-07-01,Ratnapura,0.8016643051011303
211,2017,28,2017-07-01,Trincomalee,0.6915584347454025
211,2017,28,2017-07-01,Vavuniya,0.5754408332093992
212,2017,29,2017-07-08,Ampara,0.6981724457168352
212,2017,29,2017-07-08,Anuradhapura,0.5433173352914932
212,2017,29,2017-07-08,Badulla,0.7676950940660321
212,2017,29,2017-07-08,Batticaloa,0.49051159466091615
212,2017,29,2017-07-08,Colombo,0.6165401658239144
212,2017,29,2017-07-08,Galle,0.672353151026175
212,2017,29,2017-07-08,Gampaha,0.6403663635757044
212,2017,29,2017-07-08,Hambantota,0.6028743995389649
212,2017,29,2017-07-08,Jaffna,0.3714897802877398
212,2017,29,2017-07-08,Kalutara,0.6804095516061868
212,2017,29,2017-07-08,Kandy,0.6443388979773945
212,2017,29,2017-07-08,Kegalle,0.6760234867638311
212,2017,29,2017-07-08,Kilinochchi,0.3721846669146802
212,2017,29,2017-07-08,Kurunegala,0.6057251301308745
212,2017,29,2017-07-08,Mannar,0.635271146267103
212,2017,29,2017-07-08,Matale,0.7037778164039262
212,2017,29,2017-07-08,Matara,0.7555570921326592
212,2017,29,2017-07-08,Moneragala,0.722604151174896
212,2017,29,2017-07-08,Mullaitivu,0.6736552795954789
212,2017,29,2017-07-08,NuwaraEliya,0.7230517214455682
212,2017,29,2017-07-08,Polonnaruwa,0.7464100777067222
212,2017,29,2017-07-08,Puttalam,0.5397412645002975
212,2017,29,2017-07-08,Ratnapura,0.748709133328376
212,2017,29,2017-07-08,Trincomalee,0.6923514764583172
212,2017,29,2017-07-08,Vavuniya,0.534639624851279
213,2017,30,2017-07-15,Ampara,0.6850853918798334
213,2017,30,2017-07-15,Anuradhapura,0.5089945103361094
213,2017,30,2017-07-15,Badulla,0.743531118010113
213,2017,30,2017-07-15,Batticaloa,0.4549499237804878
213,2017,30,2017-07-15,Colombo,0.5870175825401547
213,2017,30,2017-07-15,Galle,0.6277922014425937
213,2017,30,2017-07-15,Gampaha,0.6406043092584577
213,2017,30,2017-07-15,Hambantota,0.5591086537031529
213,2017,30,2017-07-15,Jaffna,0.364061077211826
213,2017,30,2017-07-15,Kalutara,0.5995830272159428
213,2017,30,2017-07-15,Kandy,0.6282036064842356
213,2017,30,2017-07-15,Kegalle,0.7152536250743604
213,2017,30,2017-07-15,Kilinochchi,0.3571283539837664
213,2017,30,2017-07-15,Kurunegala,0.5989446348899464
213,2017,30,2017-07-15,Mannar,0.6152984774687686
213,2017,30,2017-07-15,Matale,0.6759913611689471
213,2017,30,2017-07-15,Matara,0.7359810622397384
213,2017,30,2017-07-15,Moneragala,0.7266523404967282
213,2017,30,2017-07-15,Mullaitivu,0.6469184860202261
213,2017,30,2017-07-15,NuwaraEliya,0.6315533201963117
213,2017,30,2017-07-15,Polonnaruwa,0.7182244330011898
213,2017,30,2017-07-15,Puttalam,0.5122350070642475
213,2017,30,2017-07-15,Ratnapura,0.6957539615556217
213,2017,30,2017-07-15,Trincomalee,0.6931445181712318
213,2017,30,2017-07-15,Vavuniya,0.49383841649315885
214,2017,31,2017-07-22,Ampara,0.6840686049970256
214,2017,31,2017-07-22,Anuradhapura,0.5032537105889352
214,2017,31,2017-07-22,Badulla,0.7421184228138012
214,2017,31,2017-07-22,Batticaloa,0.46008128012221017
214,2017,31,2017-07-22,Colombo,0.5145548984979179
214,2017,31,2017-07-22,Galle,0.6037387715645449
214,2017,31,2017-07-22,Gampaha,0.60367944231949
214,2017,31,2017-07-22,Hambantota,0.555211016508031
214,2017,31,2017-07-22,Jaffna,0.36026482112181096
214,2017,31,2017-07-22,Kalutara,0.5613885168798334
214,2017,31,2017-07-22,Kandy,0.6283270560678168
214,2017,31,2017-07-22,Kegalle,0.6718924579863177
214,2017,31,2017-07-22,Kilinochchi,0.35898535244047064
214,2017,31,2017-07-22,Kurunegala,0.5776215310826889
214,2017,31,2017-07-22,Mannar,0.6075454156751934
214,2017,31,2017-07-22,Matale,0.6669303446609162
214,2017,31,2017-07-22,Matara,0.672433027215943
214,2017,31,2017-07-22,Moneragala,0.7282518887566924
214,2017,31,2017-07-22,Mullaitivu,0.6450556755651399
214,2017,31,2017-07-22,NuwaraEliya,0.5982388291939322
214,2017,31,2017-07-22,Polonnaruwa,0.717793523200476
214,2017,31,2017-07-22,Puttalam,0.4968378494943486
214,2017,31,2017-07-22,Ratnapura,0.6716900468471149
214,2017,31,2017-07-22,Trincomalee,0.7118059832610835
214,2017,31,2017-07-22,Vavuniya,0.5141592504461631
215,2017,32,2017-07-29,Ampara,0.6863437091017252
215,2017,32,2017-07-29,Anuradhapura,0.505308008625818
215,2017,32,2017-07-29,Badulla,0.7469106223973825
215,2017,32,2017-07-29,Batticaloa,0.47631073479724634
215,2017,32,2017-07-29,Colombo,0.43038127788518743
215,2017,32,2017-07-29,Galle,0.5852783016061869
215,2017,32,2017-07-29,Gampaha,0.5566192628473255
215,2017,32,2017-07-29,Hambantota,0.562186499851279
215,2017,32,2017-07-29,Jaffna,0.35745923239158645
215,2017,32,2017-07-29,Kalutara,0.5348209194675788
215,2017,32,2017-07-29,Kandy,0.6328847077632362
215,2017,32,2017-07-29,Kegalle,0.6060063894259369
215,2017,32,2017-07-29,Kilinochchi,0.365455072184707
215,2017,32,2017-07-29,Kurunegala,0.552332261302796
215,2017,32,2017-07-29,Mannar,0.6031249739738251
215,2017,32,2017-07-29,Matale,0.6629762659875075
215,2017,32,2017-07-29,Matara,0.5968926271564545
215,2017,32,2017-07-29,Moneragala,0.7291836258179655
215,2017,32,2017-07-29,Mullaitivu,0.6499766786882808
215,2017,32,2017-07-29,NuwaraEliya,0.5807926773497918
215,2017,32,2017-07-29,Polonnaruwa,0.7249320865556217
215,2017,32,2017-07-29,Puttalam,0.48474317370612735
215,2017,32,2017-07-29,Ratnapura,0.6555055658834028
215,2017,32,2017-07-29,Trincomalee,0.7353406547264634
215,2017,32,2017-07-29,Vavuniya,0.5511497323022012
216,2017,33,2017-08-05,Ampara,0.6834053149167162
216,2017,33,2017-08-05,Anuradhapura,0.5228185492266508
216,2017,33,2017-08-05,Badulla,0.7597097486615111
216,2017,33,2017-08-05,Batticaloa,0.5002588757847538
216,2017,33,2017-08-05,Colombo,0.42808082428613925
216,2017,33,2017-08-05,Galle,0.5901891284949435
216,2017,33,2017-08-05,Gampaha,0.5498925955532422
216,2017,33,2017-08-05,Hambantota,0.5579468099345627
216,2017,33,2017-08-05,Jaffna,0.33480026150247727
216,2017,33,2017-08-05,Kalutara,0.5547210533164783
216,2017,33,2017-08-05,Kandy,0.6397293184860203
216,2017,33,2017-08-05,Kegalle,0.6199145690809043
216,2017,33,2017-08-05,Kilinochchi,0.36468983616970446
216,2017,33,2017-08-05,Kurunegala,0.5370253178911363
216,2017,33,2017-08-05,Mannar,0.6163806123587151
216,2017,33,2017-08-05,Matale,0.6648985983045806
216,2017,33,2017-08-05,Matara,0.5952806179357526
216,2017,33,2017-08-05,Moneragala,0.7283276639649019
216,2017,33,2017-08-05,Mullaitivu,0.6516954472784058
216,2017,33,2017-08-05,NuwaraEliya,0.6187279093545508
216,2017,33,2017-08-05,Polonnaruwa,0.7111144389500298
216,2017,33,2017-08-05,Puttalam,0.4786931551160024
216,2017,33,2017-08-05,Ratnapura,0.663344259369423
216,2017,33,2017-08-05,Trincomalee,0.7607639020807481
216,2017,33,2017-08-05,Vavuniya,0.5819408313503868
217,2017,34,2017-08-12,Ampara,0.6752534224419988
217,2017,34,2017-08-12,Anuradhapura,0.5557853323914337
217,2017,34,2017-08-12,Badulla,0.7805158016061868
217,2017,34,2017-08-12,Batticaloa,0.5319257030847325
217,2017,34,2017-08-12,Colombo,0.5076535377007734
217,2017,34,2017-08-12,Galle,0.618471252230815
217,2017,34,2017-08-12,Gampaha,0.5834994404372398
217,2017,34,2017-08-12,Hambantota,0.5424919467578821
217,2017,34,2017-08-12,Jaffna,0.2922879084544834
217,2017,34,2017-08-12,Kalutara,0.6210889184265318
217,2017,34,2017-08-12,Kandy,0.648860888236169
217,2017,34,2017-08-12,Kegalle,0.7136169969512195
217,2017,34,2017-08-12,Kilinochchi,0.356689644395463
217,2017,34,2017-08-12,Kurunegala,0.5317007008477097
217,2017,34,2017-08-12,Mannar,0.6473123308298632
217,2017,34,2017-08-12,Matale,0.6726973416121356
217,2017,34,2017-08-12,Matara,0.6675969995538371
217,2017,34,2017-08-12,Moneragala,0.7256840031975016
217,2017,34,2017-08-12,Mullaitivu,0.6502119813355146
217,2017,34,2017-08-12,NuwaraEliya,0.7120445252082094
217,2017,34,2017-08-12,Polonnaruwa,0.6763405803837003
217,2017,34,2017-08-12,Puttalam,0.47868779372397385
217,2017,34,2017-08-12,Ratnapura,0.6952061273051756
217,2017,34,2017-08-12,Trincomalee,0.7880757253239377
217,2017,34,2017-08-12,Vavuniya,0.60653254759072
218,2017,35,2017-08-19,Ampara,0.6686723693640605
218,2017,35,2017-08-19,Anuradhapura,0.5926728230963713
218,2017,35,2017-08-19,Badulla,0.8009062481409877
218,2017,35,2017-08-19,Batticaloa,0.5580397100844896
218,2017,35,2017-08-19,Colombo,0.57871688541047
218,2017,35,2017-08-19,Galle,0.6454997862135633
218,2017,35,2017-08-19,Gampaha,0.6127821348899465
218,2017,35,2017-08-19,Hambantota,0.5279042292534206
218,2017,35,2017-08-19,Jaffna,0.2720142511942341
218,2017,35,2017-08-19,Kalutara,0.6769855833581201
218,2017,35,2017-08-19,Kandy,0.6590581852320049
218,2017,35,2017-08-19,Kegalle,0.786679143738846
218,2017,35,2017-08-19,Kilinochchi,0.35009476593354943
218,2017,35,2017-08-19,Kurunegala,0.5376323140788327
218,2017,35,2017-08-19,Mannar,0.6603490760707912
218,2017,35,2017-08-19,Matale,0.6783999498066626
218,2017,35,2017-08-19,Matara,0.7276855591909578
218,2017,35,2017-08-19,Moneragala,0.7274503736615111
218,2017,35,2017-08-19,Mullaitivu,0.6581010782272457
218,2017,35,2017-08-19,NuwaraEliya,0.7647393329863177
218,2017,35,2017-08-19,Polonnaruwa,0.6418810548036883
218,2017,35,2017-08-19,Puttalam,0.4775855573319453
218,2017,35,2017-08-19,Ratnapura,0.7287250111540751
218,2017,35,2017-08-19,Trincomalee,0.8103864710410977
218,2017,35,2017-08-19,Vavuniya,0.634612533462225
219,2017,36,2017-08-26,Ampara,0.6678510607409789
219,2017,36,2017-08-26,Anuradhapura,0.6439362414485426
219,2017,36,2017-08-26,Badulla,0.8197728045062465
219,2017,36,2017-08-26,Batticaloa,0.5637933759834344
219,2017,36,2017-08-26,Colombo,0.6185792255353957
219,2017,36,2017-08-26,Galle,0.6679318244348602
219,2017,36,2017-08-26,Gampaha,0.6262096110945866
219,2017,36,2017-08-26,Hambantota,0.5164960458804283
219,2017,36,2017-08-26,Jaffna,0.33328247848904824
219,2017,36,2017-08-26,Kalutara,0.6944878476353361
219,2017,36,2017-08-26,Kandy,0.67316314879536
219,2017,36,2017-08-26,Kegalle,0.7840602598899465
219,2017,36,2017-08-26,Kilinochchi,0.34865270295017126
219,2017,36,2017-08-26,Kurunegala,0.5848367716499709
219,2017,36,2017-08-26,Mannar,0.6077709194675789
219,2017,36,2017-08-26,Matale,0.6764167292534206
219,2017,36,2017-08-26,Matara,0.742938771564545
219,2017,36,2017-08-26,Moneragala,0.7453868586406901
219,2017,36,2017-08-26,Mullaitivu,0.700356238845925
219,2017,36,2017-08-26,NuwaraEliya,0.668487511154075
219,2017,36,2017-08-26,Polonnaruwa,0.6085740835068412
219,2017,36,2017-08-26,Puttalam,0.47246144593991674
219,2017,36,2017-08-26,Ratnapura,0.7683196200178466
219,2017,36,2017-08-26,Trincomalee,0.8143599324961502
219,2017,36,2017-08-26,Vavuniya,0.6754828413146937
220,2017,37,2017-09-02,Ampara,0.6670297521178973
220,2017,37,2017-09-02,Anuradhapura,0.6951996598007139
220,2017,37,2017-09-02,Badulla,0.8386393608715051
220,2017,37,2017-09-02,Batticaloa,0.5695470418823791
220,2017,37,2017-09-02,Colombo,0.6584415656603213
220,2017,37,2017-09-02,Galle,0.690363862656157
220,2017,37,2017-09-02,Gampaha,0.6396370872992267
220,2017,37,2017-09-02,Hambantota,0.505087862507436
220,2017,37,2017-09-02,Jaffna,0.3945507057838624
220,2017,37,2017-09-02,Kalutara,0.711990111912552
220,2017,37,2017-09-02,Kandy,0.6872681123587151
220,2017,37,2017-09-02,Kegalle,0.7814413760410471
220,2017,37,2017-09-02,Kilinochchi,0.347210639966793
220,2017,37,2017-09-02,Kurunegala,0.6320412292211092
220,2017,37,2017-09-02,Mannar,0.5551927628643665
220,2017,37,2017-09-02,Matale,0.6744335087001785
220,2017,37,2017-09-02,Matara,0.7581919839381321
220,2017,37,2017-09-02,Moneragala,0.7633233436198692
220,2017,37,2017-09-02,Mullaitivu,0.7426113994646044
220,2017,37,2017-09-02,NuwaraEliya,0.5722356893218323
220,2017,37,2017-09-02,Polonnaruwa,0.575267112209994
220,2017,37,2017-09-02,Puttalam,0.4673373345478882
220,2017,37,2017-09-02,Ratnapura,0.8079142288816181
220,2017,37,2017-09-02,Trincomalee,0.8183333939512026
220,2017,37,2017-09-02,Vavuniya,0.7163531491671624
221,2017,38,2017-09-09,Ampara,0.6660877530495285
221,2017,38,2017-09-09,Anuradhapura,0.7161016061867936
221,2017,38,2017-09-09,Badulla,0.8174244608863773
221,2017,38,2017-09-09,Batticaloa,0.5501772129215772
221,2017,38,2017-09-09,Colombo,0.6253981986168947
221,2017,38,2017-09-09,Galle,0.7118725461035098
221,2017,38,2017-09-09,Gampaha,0.6538771843396788
221,2017,38,2017-09-09,Hambantota,0.5569589288370018
221,2017,38,2017-09-09,Jaffna,0.3967546826827524
221,2017,38,2017-09-09,Kalutara,0.6971214288370018
221,2017,38,2017-09-09,Kandy,0.715002026323617
221,2017,38,2017-09-09,Kegalle,0.7628569396936348
221,2017,38,2017-09-09,Kilinochchi,0.3541241521508366
221,2017,38,2017-09-09,Kurunegala,0.6421477328700852
221,2017,38,2017-09-09,Mannar,0.6185104569452707
221,2017,38,2017-09-09,Matale,0.6939778164039263
221,2017,38,2017-09-09,Matara,0.761657638682332
221,2017,38,2017-09-09,Moneragala,0.7188958135038668
221,2017,38,2017-09-09,Mullaitivu,0.7473764035544319
221,2017,38,2017-09-09,NuwaraEliya,0.6591061180101131
221,2017,38,2017-09-09,Polonnaruwa,0.5796132082837596
221,2017,38,2017-09-09,Puttalam,0.5004823114961333
221,2017,38,2017-09-09,Ratnapura,0.7955325698988697
221,2017,38,2017-09-09,Trincomalee,0.8105340814311306
221,2017,38,2017-09-09,Vavuniya,0.7315414485425342
222,2017,39,2017-09-16,Ampara,0.665136470100753
222,2017,39,2017-09-16,Anuradhapura,0.7346680547293278
222,2017,39,2017-09-16,Badulla,0.7931263719512196
222,2017,39,2017-09-16,Batticaloa,0.5288748074331023
222,2017,39,2017-09-16,Colombo,0.5867467002528257
222,2017,39,2017-09-16,Galle,0.7333102022605592
222,2017,39,2017-09-16,Gampaha,0.6681797906751933
222,2017,39,2017-09-16,Hambantota,0.613697629759072
222,2017,39,2017-09-16,Jaffna,0.3944152557050329
222,2017,39,2017-09-16,Kalutara,0.6797626728881618
222,2017,39,2017-09-16,Kandy,0.7437843210886378
222,2017,39,2017-09-16,Kegalle,0.74304438392326
222,2017,39,2017-09-16,Kilinochchi,0.3616804008862203
222,2017,39,2017-09-16,Kurunegala,0.6494005477558179
222,2017,39,2017-09-16,Mannar,0.6907432164634146
222,2017,39,2017-09-16,Matale,0.7151780878197501
222,2017,39,2017-09-16,Matara,0.7642165582242714
222,2017,39,2017-09-16,Moneragala,0.6696710514574659
222,2017,39,2017-09-16,Mullaitivu,0.7492575494497323
222,2017,39,2017-09-16,NuwaraEliya,0.760062873661511
222,2017,39,2017-09-16,Polonnaruwa,0.5868556941552647
222,2017,39,2017-09-16,Puttalam,0.5365710644705532
222,2017,39,2017-09-16,Ratnapura,0.779152736466389
222,2017,39,2017-09-16,Trincomalee,0.8018291709129721
222,2017,39,2017-09-16,Vavuniya,0.7447542088042832
223,2017,40,2017-09-23,Ampara,0.6668758395169723
223,2017,40,2017-09-23,Anuradhapura,0.7035454751635931
223,2017,40,2017-09-23,Badulla,0.7908075438726949
223,2017,40,2017-09-23,Batticaloa,0.5240926784348616
223,2017,40,2017-09-23,Colombo,0.5572320958506841
223,2017,40,2017-09-23,Galle,0.7277699267549078
223,2017,40,2017-09-23,Gampaha,0.6373962652439025
223,2017,40,2017-09-23,Hambantota,0.6167279372397383
223,2017,40,2017-09-23,Jaffna,0.36682334230685804
223,2017,40,2017-09-23,Kalutara,0.6764362674747175
223,2017,40,2017-09-23,Kandy,0.7341346650059489
223,2017,40,2017-09-23,Kegalle,0.7320576617467092
223,2017,40,2017-09-23,Kilinochchi,0.364056162554767
223,2017,40,2017-09-23,Kurunegala,0.6664169895151696
223,2017,40,2017-09-23,Mannar,0.724638137641285
223,2017,40,2017-09-23,Matale,0.7206013050267698
223,2017,40,2017-09-23,Matara,0.7539684804431886
223,2017,40,2017-09-23,Moneragala,0.6713656733343248
223,2017,40,2017-09-23,Mullaitivu,0.7236410116745985
223,2017,40,2017-09-23,NuwaraEliya,0.6954609551606187
223,2017,40,2017-09-23,Polonnaruwa,0.5948519501041046
223,2017,40,2017-09-23,Puttalam,0.5459709492117788
223,2017,40,2017-09-23,Ratnapura,0.7919681421029149
223,2017,40,2017-09-23,Trincomalee,0.7999940161825043
223,2017,40,2017-09-23,Vavuniya,0.7229757882212969
224,2017,41,2017-09-30,Ampara,0.670110015802633
224,2017,41,2017-09-30,Anuradhapura,0.6448178799821536
224,2017,41,2017-09-30,Badulla,0.8006994162700773
224,2017,41,2017-09-30,Batticaloa,0.5284884808200844
224,2017,41,2017-09-30,Colombo,0.5327935436496134
224,2017,41,2017-09-30,Galle,0.7072419114366449
224,2017,41,2017-09-30,Gampaha,0.581564888831053
224,2017,41,2017-09-30,Hambantota,0.5899202483640691
224,2017,41,2017-09-30,Jaffna,0.32520226978620803
224,2017,41,2017-09-30,Kalutara,0.680905612358715
224,2017,41,2017-09-30,Kandy,0.7031339251189768
224,2017,41,2017-09-30,Kegalle,0.7259741804556159
224,2017,41,2017-09-30,Kilinochchi,0.36355387585284876
224,2017,41,2017-09-30,Kurunegala,0.6888576684265318
224,2017,41,2017-09-30,Mannar,0.7372342597412255
224,2017,41,2017-09-30,Matale,0.7172594921177871
224,2017,41,2017-09-30,Matara,0.736605404149316
224,2017,41,2017-09-30,Moneragala,0.7013488418352172
224,2017,41,2017-09-30,Mullaitivu,0.6827479829714456
224,2017,41,2017-09-30,NuwaraEliya,0.5388819954640095
224,2017,41,2017-09-30,Polonnaruwa,0.6032669672070197
224,2017,41,2017-09-30,Puttalam,0.5405436849345627
224,2017,41,2017-09-30,Ratnapura,0.8210031250000001
224,2017,41,2017-09-30,Trincomalee,0.801975392445198
224,2017,41,2017-09-30,Vavuniya,0.6817578227245688
225,2017,42,2017-10-07,Ampara,0.671973079425291
225,2017,42,2017-10-07,Anuradhapura,0.623853985722784
225,2017,42,2017-10-07,Badulla,0.812956008328376
225,2017,42,2017-10-07,Batticaloa,0.5314768989500023
225,2017,42,2017-10-07,Colombo,0.5353828859309935
225,2017,42,2017-10-07,Galle,0.6843751747471744
225,2017,42,2017-10-07,Gampaha,0.5563105591909578
225,2017,42,2017-10-07,Hambantota,0.5802093303837003
225,2017,42,2017-10-07,Jaffna,0.3139043976990373
225,2017,42,2017-10-07,Kalutara,0.6934292775877454
225,2017,42,2017-10-07,Kandy,0.6988217820493754
225,2017,42,2017-10-07,Kegalle,0.7385453175572004
225,2017,42,2017-10-07,Kilinochchi,0.3636485833600665
225,2017,42,2017-10-07,Kurunegala,0.7032670415675193
225,2017,42,2017-10-07,Mannar,0.7346946925193337
225,2017,42,2017-10-07,Matale,0.7191496653777514
225,2017,42,2017-10-07,Matara,0.7324524706276027
225,2017,42,2017-10-07,Moneragala,0.7226470571832243
225,2017,42,2017-10-07,Mullaitivu,0.671609137046401
225,2017,42,2017-10-07,NuwaraEliya,0.46847806179357526
225,2017,42,2017-10-07,Polonnaruwa,0.6206043519482451
225,2017,42,2017-10-07,Puttalam,0.5534265875966686
225,2017,42,2017-10-07,Ratnapura,0.8391669374628198
225,2017,42,2017-10-07,Trincomalee,0.8034101697761195
225,2017,42,2017-10-07,Vavuniya,0.658864375743605
226,2017,43,2017-10-14,Ampara,0.6713681402545445
226,2017,43,2017-10-14,Anuradhapura,0.670864753123141
226,2017,43,2017-10-14,Badulla,0.8294690957763237
226,2017,43,2017-10-14,Batticaloa,0.5319320254203714
226,2017,43,2017-10-14,Colombo,0.5866224382807853
226,2017,43,2017-10-14,Galle,0.6572987395895301
226,2017,43,2017-10-14,Gampaha,0.5860949137418204
226,2017,43,2017-10-14,Hambantota,0.6012726000148721
226,2017,43,2017-10-14,Jaffna,0.3571882863921291
226,2017,43,2017-10-14,Kalutara,0.7204507194378347
226,2017,43,2017-10-14,Kandy,0.742549113251041
226,2017,43,2017-10-14,Kegalle,0.7846947677656048
226,2017,43,2017-10-14,Kilinochchi,0.364817880443729
226,2017,43,2017-10-14,Kurunegala,0.7032200643218323
226,2017,43,2017-10-14,Mannar,0.704910884518144
226,2017,43,2017-10-14,Matale,0.7304574137418204
226,2017,43,2017-10-14,Matara,0.7520777940957764
226,2017,43,2017-10-14,Moneragala,0.7283123568560381
226,2017,43,2017-10-14,Mullaitivu,0.7140278201219513
226,2017,43,2017-10-14,NuwaraEliya,0.5531891749702558
226,2017,43,2017-10-14,Polonnaruwa,0.6540019984384295
226,2017,43,2017-10-14,Puttalam,0.5992677907495538
226,2017,43,2017-10-14,Ratnapura,0.837762643143962
226,2017,43,2017-10-14,Trincomalee,0.8038610690298508
226,2017,43,2017-10-14,Vavuniya,0.6689550620910173
227,2017,44,2017-10-21,Ampara,0.6704331575894726
227,2017,44,2017-10-21,Anuradhapura,0.715790134220702
227,2017,44,2017-10-21,Badulla,0.8441580774092803
227,2017,44,2017-10-21,Batticaloa,0.5356353349083606
227,2017,44,2017-10-21,Colombo,0.6352726873884592
227,2017,44,2017-10-21,Galle,0.6342388106038074
227,2017,44,2017-10-21,Gampaha,0.6172847263533611
227,2017,44,2017-10-21,Hambantota,0.6235877137864366
227,2017,44,2017-10-21,Jaffna,0.3963036735393971
227,2017,44,2017-10-21,Kalutara,0.7459833413890542
227,2017,44,2017-10-21,Kandy,0.7825577297739441
227,2017,44,2017-10-21,Kegalle,0.8279456424747176
227,2017,44,2017-10-21,Kilinochchi,0.3717871272123672
227,2017,44,2017-10-21,Kurunegala,0.7049307201814397
227,2017,44,2017-10-21,Mannar,0.6795441719958358
227,2017,44,2017-10-21,Matale,0.7416383309785841
227,2017,44,2017-10-21,Matara,0.7691751821832242
227,2017,44,2017-10-21,Moneragala,0.7342346036585367
227,2017,44,2017-10-21,Mullaitivu,0.755490145374777
227,2017,44,2017-10-21,NuwaraEliya,0.6372906268590125
227,2017,44,2017-10-21,Polonnaruwa,0.6857940827632362
227,2017,44,2017-10-21,Puttalam,0.6460427145300416
227,2017,44,2017-10-21,Ratnapura,0.8354072278405712
227,2017,44,2017-10-21,Trincomalee,0.8050326792433752
227,2017,44,2017-10-21,Vavuniya,0.6811970088488994
228,2017,45,2017-10-28,Ampara,0.6652076094981714
228,2017,45,2017-10-28,Anuradhapura,0.7336054933819156
228,2017,45,2017-10-28,Badulla,0.8351336834473528
228,2017,45,2017-10-28,Batticaloa,0.5815650236254066
228,2017,45,2017-10-28,Colombo,0.650261994348602
228,2017,45,2017-10-28,Galle,0.6633934618530637
228,2017,45,2017-10-28,Gampaha,0.666745493753718
228,2017,45,2017-10-28,Hambantota,0.6621768013831053
228,2017,45,2017-10-28,Jaffna,0.38122854059095684
228,2017,45,2017-10-28,Kalutara,0.7521613046549673
228,2017,45,2017-10-28,Kandy,0.7742230554729328
228,2017,45,2017-10-28,Kegalle,0.83351503569304
228,2017,45,2017-10-28,Kilinochchi,0.45415571988569026
228,2017,45,2017-10-28,Kurunegala,0.7294906064098751
228,2017,45,2017-10-28,Mannar,0.7115997006989887
228,2017,45,2017-10-28,Matale,0.7511704435603808
228,2017,45,2017-10-28,Matara,0.7534094103212373
228,2017,45,2017-10-28,Moneragala,0.7434971631469364
228,2017,45,2017-10-28,Mullaitivu,0.7845198189321833
228,2017,45,2017-10-28,NuwaraEliya,0.7134664820047592
228,2017,45,2017-10-28,Polonnaruwa,0.6967138589381321
228,2017,45,2017-10-28,Puttalam,0.7049560064693635
228,2017,45,2017-10-28,Ratnapura,0.8206872397382511
228,2017,45,2017-10-28,Trincomalee,0.8155735319342092
228,2017,45,2017-10-28,Vavuniya,0.7214053409428912
229,2017,46,2017-11-04,Ampara,0.6599820614068701
229,2017,46,2017-11-04,Anuradhapura,0.7514208525431291
229,2017,46,2017-11-04,Badulla,0.8261092894854253
229,2017,46,2017-11-04,Batticaloa,0.6274947123424527
229,2017,46,2017-11-04,Colombo,0.6652513013087449
229,2017,46,2017-11-04,Galle,0.69254811310232
229,2017,46,2017-11-04,Gampaha,0.7162062611540749
229,2017,46,2017-11-04,Hambantota,0.700765888979774
229,2017,46,2017-11-04,Jaffna,0.3661534076425166
229,2017,46,2017-11-04,Kalutara,0.7583392679208806
229,2017,46,2017-11-04,Kandy,0.7658883811719215
229,2017,46,2017-11-04,Kegalle,0.8390844289113625
229,2017,46,2017-11-04,Kilinochchi,0.5365243125590132
229,2017,46,2017-11-04,Kurunegala,0.7540504926383106
229,2017,46,2017-11-04,Mannar,0.7436552294021417
229,2017,46,2017-11-04,Matale,0.7607025561421773
229,2017,46,2017-11-04,Matara,0.7376436384592504
229,2017,46,2017-11-04,Moneragala,0.7527597226353362
229,2017,46,2017-11-04,Mullaitivu,0.8135494924895895
229,2017,46,2017-11-04,NuwaraEliya,0.7896423371505057
229,2017,46,2017-11-04,Polonnaruwa,0.707633635113028
229,2017,46,2017-11-04,Puttalam,0.7638692984086853
229,2017,46,2017-11-04,Ratnapura,0.805967251635931
229,2017,46,2017-11-04,Trincomalee,0.8261143846250433
229,2017,46,2017-11-04,Vavuniya,0.7616136730368829
230,2017,47,2017-11-11,Ampara,0.622459032060397
230,2017,47,2017-11-11,Anuradhapura,0.7543213674895896
230,2017,47,2017-11-11,Badulla,0.8368160841760857
230,2017,47,2017-11-11,Batticaloa,0.6334459780598128
230,2017,47,2017-11-11,Colombo,0.6236301773497919
230,2017,47,2017-11-11,Galle,0.6604188466686496
230,2017,47,2017-11-11,Gampaha,0.6866473694973231
230,2017,47,2017-11-11,Hambantota,0.7141739905562166
230,2017,47,2017-11-11,Jaffna,0.3764447387535141
230,2017,47,2017-11-11,Kalutara,0.734492273944081
230,2017,47,2017-11-11,Kandy,0.7740965682629387
230,2017,47,2017-11-11,Kegalle,0.8500664838637717
230,2017,47,2017-11-11,Kilinochchi,0.547141096237251
230,2017,47,2017-11-11,Kurunegala,0.7390521155562165
230,2017,47,2017-11-11,Mannar,0.7546161623471707
230,2017,47,2017-11-11,Matale,0.7635612358715052
230,2017,47,2017-11-11,Matara,0.772910631692445
230,2017,47,2017-11-11,Moneragala,0.7543710533164784
230,2017,47,2017-11-11,Mullaitivu,0.8186234514425937
230,2017,47,2017-11-11,NuwaraEliya,0.80560691366746
230,2017,47,2017-11-11,Polonnaruwa,0.7118333748512791
230,2017,47,2017-11-11,Puttalam,0.7355141786882808
230,2017,47,2017-11-11,Ratnapura,0.8173706685008924
230,2017,47,2017-11-11,Trincomalee,0.8289032527481497
230,2017,47,2017-11-11,Vavuniya,0.7684875799375372
231,2017,48,2017-11-18,Ampara,0.5761275987352406
231,2017,48,2017-11-18,Anuradhapura,0.7531541976502083
231,2017,48,2017-11-18,Badulla,0.8529041121356336
231,2017,48,2017-11-18,Batticaloa,0.6284940375045315
231,2017,48,2017-11-18,Colombo,0.5665698449583582
231,2017,48,2017-11-18,Galle,0.6115757845032719
231,2017,48,2017-11-18,Gampaha,0.6355376617340869
231,2017,48,2017-11-18,Hambantota,0.7207145504907794
231,2017,48,2017-11-18,Jaffna,0.3936541964261765
231,2017,48,2017-11-18,Kalutara,0.7024566552647235
231,2017,48,2017-11-18,Kandy,0.7868164448245092
231,2017,48,2017-11-18,Kegalle,0.8625247192891137
231,2017,48,2017-11-18,Kilinochchi,0.538189204735011
231,2017,48,2017-11-18,Kurunegala,0.7132651212076145
231,2017,48,2017-11-18,Mannar,0.7598240237218024
231,2017,48,2017-11-18,Matale,0.7645998884592505
231,2017,48,2017-11-18,Matara,0.82209565176978
231,2017,48,2017-11-18,Moneragala,0.7538956852320049
231,2017,48,2017-11-18,Mullaitivu,0.8171640336853064
231,2017,48,2017-11-18,NuwaraEliya,0.8051502323765617
231,2017,48,2017-11-18,Polonnaruwa,0.714200377379536
231,2017,48,2017-11-18,Puttalam,0.6833585830606782
231,2017,48,2017-11-18,Ratnapura,0.8358986503569305
231,2017,48,2017-11-18,Trincomalee,0.8295779432618758
231,2017,48,2017-11-18,Vavuniya,0.7662702799672815
232,2017,49,2017-11-25,Ampara,0.5817752574007065
232,2017,49,2017-11-25,Anuradhapura,0.7551357915675194
232,2017,49,2017-11-25,Badulla,0.8548045954788817
232,2017,49,2017-11-25,Batticaloa,0.6559295292001129
232,2017,49,2017-11-25,Colombo,0.5720090552498514
232,2017,49,2017-11-25,Galle,0.63553565028257
232,2017,49,2017-11-25,Gampaha,0.6430618419095777
232,2017,49,2017-11-25,Hambantota,0.7258650577911758
232,2017,49,2017-11-25,Jaffna,0.4128015889985349
232,2017,49,2017-11-25,Kalutara,0.7145874293575254
232,2017,49,2017-11-25,Kandy,0.7932230480368828
232,2017,49,2017-11-25,Kegalle,0.8653157792980369
232,2017,49,2017-11-25,Kilinochchi,0.5501860144453624
232,2017,49,2017-11-25,Kurunegala,0.7125853435455086
232,2017,49,2017-11-25,Mannar,0.768443463415437
232,2017,49,2017-11-25,Matale,0.7691148572278406
232,2017,49,2017-11-25,Matara,0.8461714381320643
232,2017,49,2017-11-25,Moneragala,0.7613808651844142
232,2017,49,2017-11-25,Mullaitivu,0.7850967671772755
232,2017,49,2017-11-25,NuwaraEliya,0.8044918352171327
232,2017,49,2017-11-25,Polonnaruwa,0.6938994534503272
232,2017,49,2017-11-25,Puttalam,0.6865403480071387
232,2017,49,2017-11-25,Ratnapura,0.842689790303391
232,2017,49,2017-11-25,Trincomalee,0.8276135299483476
232,2017,49,2017-11-25,Vavuniya,0.7666663853361095
233,2017,50,2017-12-02,Ampara,0.6394020080567946
233,2017,50,2017-12-02,Anuradhapura,0.7602661492415229
233,2017,50,2017-12-02,Badulla,0.8425175342058299
233,2017,50,2017-12-02,Batticaloa,0.7157524531465572
233,2017,50,2017-12-02,Colombo,0.6399478082242713
233,2017,50,2017-12-02,Galle,0.7322984440065438
233,2017,50,2017-12-02,Gampaha,0.7092199100237955
233,2017,50,2017-12-02,Hambantota,0.729625512457406
233,2017,50,2017-12-02,Jaffna,0.4338869164705893
233,2017,50,2017-12-02,Kalutara,0.7708845962224867
233,2017,50,2017-12-02,Kandy,0.7933163779000595
233,2017,50,2017-12-02,Kegalle,0.8584396638905415
233,2017,50,2017-12-02,Kilinochchi,0.5831315253683051
233,2017,50,2017-12-02,Kurunegala,0.7370127825698989
233,2017,50,2017-12-02,Mannar,0.7804744814280749
233,2017,50,2017-12-02,Matale,0.7771061421772754
233,2017,50,2017-12-02,Matara,0.8451379907792981
233,2017,50,2017-12-02,Moneragala,0.7768265931737062
233,2017,50,2017-12-02,Mullaitivu,0.7224216519185009
233,2017,50,2017-12-02,NuwaraEliya,0.8036317221891731
233,2017,50,2017-12-02,Polonnaruwa,0.6509306030636526
233,2017,50,2017-12-02,Puttalam,0.7450594735276621
233,2017,50,2017-12-02,Ratnapura,0.8377440883402738
233,2017,50,2017-12-02,Trincomalee,0.8230100128075651
233,2017,50,2017-12-02,Vavuniya,0.7696758960440214
234,2017,51,2017-12-09,Ampara,0.690189364079257
234,2017,51,2017-12-09,Anuradhapura,0.7635008049524092
234,2017,51,2017-12-09,Badulla,0.8315359514425937
234,2017,51,2017-12-09,Batticaloa,0.7578391654609149
234,2017,51,2017-12-09,Colombo,0.6935997248661511
234,2017,51,2017-12-09,Galle,0.8103033071832243
234,2017,51,2017-12-09,Gampaha,0.761622655785247
234,2017,51,2017-12-09,Hambantota,0.7333016015306961
234,2017,51,2017-12-09,Jaffna,0.4594906464417958
234,2017,51,2017-12-09,Kalutara,0.8159235090719811
234,2017,51,2017-12-09,Kandy,0.7927703673408686
234,2017,51,2017-12-09,Kegalle,0.8532727375817967
234,2017,51,2017-12-09,Kilinochchi,0.6087022332663874
234,2017,51,2017-12-09,Kurunegala,0.7551412589232599
234,2017,51,2017-12-09,Mannar,0.7895242210737656
234,2017,51,2017-12-09,Matale,0.7833227691850089
234,2017,51,2017-12-09,Matara,0.8458048929208805
234,2017,51,2017-12-09,Moneragala,0.7921179487656157
234,2017,51,2017-12-09,Mullaitivu,0.6856413518738846
234,2017,51,2017-12-09,NuwaraEliya,0.8030774092801903
234,2017,51,2017-12-09,Polonnaruwa,0.6168416957911957
234,2017,51,2017-12-09,Puttalam,0.7909223267400357
234,2017,51,2017-12-09,Ratnapura,0.8341795452855445
234,2017,51,2017-12-09,Trincomalee,0.8216802863323637
234,2017,51,2017-12-09,Vavuniya,0.7721809358268887
235,2017,52,2017-12-16,Ampara,0.7158989397784256
235,2017,52,2017-12-16,Anuradhapura,0.7597845534651992
235,2017,52,2017-12-16,Badulla,0.825341123215348
235,2017,52,2017-12-16,Batticaloa,0.7348931017909553
235,2017,52,2017-12-16,Colombo,0.6948665749553837
235,2017,52,2017-12-16,Galle,0.8195290916864961
235,2017,52,2017-12-16,Gampaha,0.7635892195865557
235,2017,52,2017-12-16,Hambantota,0.7366683500965391
235,2017,52,2017-12-16,Jaffna,0.5016618522432271
235,2017,52,2017-12-16,Kalutara,0.8196821571980965
235,2017,52,2017-12-16,Kandy,0.7898801085663296
235,2017,52,2017-12-16,Kegalle,0.8543728379684712
235,2017,52,2017-12-16,Kilinochchi,0.6072319967399811
235,2017,52,2017-12-16,Kurunegala,0.7501735388161809
235,2017,52,2017-12-16,Mannar,0.7876426067073171
235,2017,52,2017-12-16,Matale,0.7830323170731707
235,2017,52,2017-12-16,Matara,0.8527064098750744
235,2017,52,2017-12-16,Moneragala,0.8068432722337894
235,2017,52,2017-12-16,Mullaitivu,0.7438087076145152
235,2017,52,2017-12-16,NuwaraEliya,0.8036443634741226
235,2017,52,2017-12-16,Polonnaruwa,0.6153125799375372
235,2017,52,2017-12-16,Puttalam,0.7903788481558596
235,2017,52,2017-12-16,Ratnapura,0.8356792515615705
235,2017,52,2017-12-16,Trincomalee,0.8323544589642926
235,2017,52,2017-12-16,Vavuniya,0.7728362488845925
236,2018,1,2017-12-23,Ampara,0.7416085154775941
236,2018,1,2017-12-23,Anuradhapura,0.7560683019779894
236,2018,1,2017-12-23,Badulla,0.8191462949881024
236,2018,1,2017-12-23,Batticaloa,0.7119470381209958
236,2018,1,2017-12-23,Colombo,0.6961334250446164
236,2018,1,2017-12-23,Galle,0.828754876189768
236,2018,1,2017-12-23,Gampaha,0.7655557833878645
236,2018,1,2017-12-23,Hambantota,0.7400350986623819
236,2018,1,2017-12-23,Jaffna,0.5438330580446583
236,2018,1,2017-12-23,Kalutara,0.8234408053242118
236,2018,1,2017-12-23,Kandy,0.7869898497917907
236,2018,1,2017-12-23,Kegalle,0.8554729383551458
236,2018,1,2017-12-23,Kilinochchi,0.6057617602135749
236,2018,1,2017-12-23,Kurunegala,0.7452058187091017
236,2018,1,2017-12-23,Mannar,0.7857609923408686
236,2018,1,2017-12-23,Matale,0.7827418649613325
236,2018,1,2017-12-23,Matara,0.8596079268292682
236,2018,1,2017-12-23,Moneragala,0.8215685957019632
236,2018,1,2017-12-23,Mullaitivu,0.8019760633551458
236,2018,1,2017-12-23,NuwaraEliya,0.8042113176680548
236,2018,1,2017-12-23,Polonnaruwa,0.6137834640838786
236,2018,1,2017-12-23,Puttalam,0.7898353695716834
236,2018,1,2017-12-23,Ratnapura,0.8371789578375967
236,2018,1,2017-12-23,Trincomalee,0.8430286315962214
236,2018,1,2017-12-23,Vavuniya,0.7734915619422963
237,2018,2,2017-12-30,Ampara,0.7421946162998216
237,2018,2,2017-12-30,Anuradhapura,0.7379198096371208
237,2018,2,2017-12-30,Badulla,0.8287617192147532
237,2018,2,2017-12-30,Batticaloa,0.6846078010535552
237,2018,2,2017-12-30,Colombo,0.6768859607376562
237,2018,2,2017-12-30,Galle,0.8268337299226651
237,2018,2,2017-12-30,Gampaha,0.7554664782867342
237,2018,2,2017-12-30,Hambantota,0.7328493082085425
237,2018,2,2017-12-30,Jaffna,0.5028859456959228
237,2018,2,2017-12-30,Kalutara,0.8172681439619275
237,2018,2,2017-12-30,Kandy,0.772736020226056
237,2018,2,2017-12-30,Kegalle,0.8415862284354552
237,2018,2,2017-12-30,Kilinochchi,0.594498740890185
237,2018,2,2017-12-30,Kurunegala,0.7423074657941702
237,2018,2,2017-12-30,Mannar,0.7907857525282571
237,2018,2,2017-12-30,Matale,0.7816369422962522
237,2018,2,2017-12-30,Matara,0.8456306067816777
237,2018,2,2017-12-30,Moneragala,0.8162388756692445
237,2018,2,2017-12-30,Mullaitivu,0.7958077037477692
237,2018,2,2017-12-30,NuwaraEliya,0.8066038667459845
237,2018,2,2017-12-30,Polonnaruwa,0.6140650803093397
237,2018,2,2017-12-30,Puttalam,0.7849963117192147
237,2018,2,2017-12-30,Ratnapura,0.8307679060083284
237,2018,2,2017-12-30,Trincomalee,0.8028210898099931
237,2018,2,2017-12-30,Vavuniya,0.76641748958953
238,2018,3,2018-01-06,Ampara,0.7391879424449732
238,2018,3,2018-01-06,Anuradhapura,0.7189219660916122
238,2018,3,2018-01-06,Badulla,0.8386842058298632
238,2018,3,2018-01-06,Batticaloa,0.6538359663867055
238,2018,3,2018-01-06,Colombo,0.6571333934414039
238,2018,3,2018-01-06,Galle,0.8234615203004164
238,2018,3,2018-01-06,Gampaha,0.7444048929208804
238,2018,3,2018-01-06,Hambantota,0.7242543206072863
238,2018,3,2018-01-06,Jaffna,0.4583555858731671
238,2018,3,2018-01-06,Kalutara,0.8100700401546699
238,2018,3,2018-01-06,Kandy,0.758148780487805
238,2018,3,2018-01-06,Kegalle,0.8268825903480072
238,2018,3,2018-01-06,Kilinochchi,0.5815973799770235
238,2018,3,2018-01-06,Kurunegala,0.7384742582540156
238,2018,3,2018-01-06,Mannar,0.7948203944879838
238,2018,3,2018-01-06,Matale,0.7801913351427723
238,2018,3,2018-01-06,Matara,0.8291097653926236
238,2018,3,2018-01-06,Moneragala,0.8095309785841761
238,2018,3,2018-01-06,Mullaitivu,0.7853915173259964
238,2018,3,2018-01-06,NuwaraEliya,0.8082722839827484
238,2018,3,2018-01-06,Polonnaruwa,0.6132066719958358
238,2018,3,2018-01-06,Puttalam,0.7784830272159429
238,2018,3,2018-01-06,Ratnapura,0.8235792013682333
238,2018,3,2018-01-06,Trincomalee,0.7585700160831838
238,2018,3,2018-01-06,Vavuniya,0.757502623066627
239,2018,4,2018-01-13,Ampara,0.7145986726650804
239,2018,4,2018-01-13,Anuradhapura,0.7033147977394408
239,2018,4,2018-01-13,Badulla,0.8367882510410471
239,2018,4,2018-01-13,Batticaloa,0.5828335363250154
239,2018,4,2018-01-13,Colombo,0.6513288016805473
239,2018,4,2018-01-13,Galle,0.8123724178316478
239,2018,4,2018-01-13,Gampaha,0.7327595330160619
239,2018,4,2018-01-13,Hambantota,0.707892309109294
239,2018,4,2018-01-13,Jaffna,0.45036132703831583
239,2018,4,2018-01-13,Kalutara,0.79947249405116
239,2018,4,2018-01-13,Kandy,0.750590779298037
239,2018,4,2018-01-13,Kegalle,0.8165456963860798
239,2018,4,2018-01-13,Kilinochchi,0.5571903611938155
239,2018,4,2018-01-13,Kurunegala,0.7204185733938132
239,2018,4,2018-01-13,Mannar,0.7790771249342707
239,2018,4,2018-01-13,Matale,0.7751313001933373
239,2018,4,2018-01-13,Matara,0.8004019835663296
239,2018,4,2018-01-13,Moneragala,0.8049618233194528
239,2018,4,2018-01-13,Mullaitivu,0.7840892976650804
239,2018,4,2018-01-13,NuwaraEliya,0.798701392400357
239,2018,4,2018-01-13,Polonnaruwa,0.5957172125966687
239,2018,4,2018-01-13,Puttalam,0.7545003755205235
239,2018,4,2018-01-13,Ratnapura,0.8141917682926829
239,2018,4,2018-01-13,Trincomalee,0.7126347415469779
239,2018,4,2018-01-13,Vavuniya,0.7323868177424152
240,2018,5,2018-01-20,Ampara,0.6900094028851874
240,2018,5,2018-01-20,Anuradhapura,0.6877076293872696
240,2018,5,2018-01-20,Badulla,0.8348922962522309
240,2018,5,2018-01-20,Batticaloa,0.5118311062633255
240,2018,5,2018-01-20,Colombo,0.6455242099196907
240,2018,5,2018-01-20,Galle,0.8012833153628792
240,2018,5,2018-01-20,Gampaha,0.7211141731112434
240,2018,5,2018-01-20,Hambantota,0.6915302976113018
240,2018,5,2018-01-20,Jaffna,0.44236706820346455
240,2018,5,2018-01-20,Kalutara,0.7888749479476502
240,2018,5,2018-01-20,Kandy,0.743032778108269
240,2018,5,2018-01-20,Kegalle,0.8062088024241524
240,2018,5,2018-01-20,Kilinochchi,0.5327833424106074
240,2018,5,2018-01-20,Kurunegala,0.702362888533611
240,2018,5,2018-01-20,Mannar,0.7633338553805576
240,2018,5,2018-01-20,Matale,0.7700712652439026
240,2018,5,2018-01-20,Matara,0.7716942017400358
240,2018,5,2018-01-20,Moneragala,0.8003926680547294
240,2018,5,2018-01-20,Mullaitivu,0.7827870780041642
240,2018,5,2018-01-20,NuwaraEliya,0.7891305008179655
240,2018,5,2018-01-20,Polonnaruwa,0.5782277531975015
240,2018,5,2018-01-20,Puttalam,0.7305177238251042
240,2018,5,2018-01-20,Ratnapura,0.8048043352171327
240,2018,5,2018-01-20,Trincomalee,0.6666994670107721
240,2018,5,2018-01-20,Vavuniya,0.7072710124182034
241,2018,6,2018-01-27,Ampara,0.6696050004761291
241,2018,6,2018-01-27,Anuradhapura,0.6748034893664486
241,2018,6,2018-01-27,Badulla,0.8305977394408091
241,2018,6,2018-01-27,Batticaloa,0.4864569911873924
241,2018,6,2018-01-27,Colombo,0.6424816831499108
241,2018,6,2018-01-27,Galle,0.7950800843991672
241,2018,6,2018-01-27,Gampaha,0.710423010856633
241,2018,6,2018-01-27,Hambantota,0.6783027305542841
241,2018,6,2018-01-27,Jaffna,0.41952224584382647
241,2018,6,2018-01-27,Kalutara,0.7828866783164784
241,2018,6,2018-01-27,Kandy,0.7419709975461036
241,2018,6,2018-01-27,Kegalle,0.8137850870017848
241,2018,6,2018-01-27,Kilinochchi,0.5040620436899459
241,2018,6,2018-01-27,Kurunegala,0.6849976687983343
241,2018,6,2018-01-27,Mannar,0.767791446056105
241,2018,6,2018-01-27,Matale,0.7641226539262345
241,2018,6,2018-01-27,Matara,0.7809910600089234
241,2018,6,2018-01-27,Moneragala,0.7985506915526472
241,2018,6,2018-01-27,Mullaitivu,0.7790073226502082
241,2018,6,2018-01-27,NuwaraEliya,0.7959558503123141
241,2018,6,2018-01-27,Polonnaruwa,0.6329908629535991
241,2018,6,2018-01-27,Puttalam,0.7100060678167758
241,2018,6,2018-01-27,Ratnapura,0.8028041530339084
241,2018,6,2018-01-27,Trincomalee,0.6626329742590906
241,2018,6,2018-01-27,Vavuniya,0.6938701293872696
242,2018,7,2018-02-03,Ampara,0.650341925531844
242,2018,7,2018-02-03,Anuradhapura,0.6626365388905414
242,2018,7,2018-02-03,Badulla,0.8256490184414039
242,2018,7,2018-02-03,Batticaloa,0.47352696201666566
242,2018,7,2018-02-03,Colombo,0.6401924468322429
242,2018,7,2018-02-03,Galle,0.7902093638459251
242,2018,7,2018-02-03,Gampaha,0.6999920843248066
242,2018,7,2018-02-03,Hambantota,0.6659300119811685
242,2018,7,2018-02-03,Jaffna,0.39262726979561013
242,2018,7,2018-02-03,Kalutara,0.7781554840868532
242,2018,7,2018-02-03,Kandy,0.7426809135187389
242,2018,7,2018-02-03,Kegalle,0.8262467839083879
242,2018,7,2018-02-03,Kilinochchi,0.47416412316816076
242,2018,7,2018-02-03,Kurunegala,0.667820757733492
242,2018,7,2018-02-03,Mannar,0.7777583622487235
242,2018,7,2018-02-03,Matale,0.7579317035990483
242,2018,7,2018-02-03,Matara,0.8006528201219513
242,2018,7,2018-02-03,Moneragala,0.7974524910767401
242,2018,7,2018-02-03,Mullaitivu,0.774551875743605
242,2018,7,2018-02-03,NuwaraEliya,0.8072529019185009
242,2018,7,2018-02-03,Polonnaruwa,0.7074592188429507
242,2018,7,2018-02-03,Puttalam,0.6904410469958359
242,2018,7,2018-02-03,Ratnapura,0.8028186756395004
242,2018,7,2018-02-03,Trincomalee,0.6699852401759158
242,2018,7,2018-02-03,Vavuniya,0.6836642251635932
243,2018,8,2018-02-10,Ampara,0.6438177771299751
243,2018,8,2018-02-10,Anuradhapura,0.6561339381320643
243,2018,8,2018-02-10,Badulla,0.82085560864069
243,2018,8,2018-02-10,Batticaloa,0.47592804453994864
243,2018,8,2018-02-10,Colombo,0.6353073338042833
243,2018,8,2018-02-10,Galle,0.7835493567816776
243,2018,8,2018-02-10,Gampaha,0.6841505762938727
243,2018,8,2018-02-10,Hambantota,0.6526001729716504
243,2018,8,2018-02-10,Jaffna,0.3795420795089859
243,2018,8,2018-02-10,Kalutara,0.7776734402885188
243,2018,8,2018-02-10,Kandy,0.7391154056365259
243,2018,8,2018-02-10,Kegalle,0.8277038853361095
243,2018,8,2018-02-10,Kilinochchi,0.449887450429479
243,2018,8,2018-02-10,Kurunegala,0.6561141972784058
243,2018,8,2018-02-10,Mannar,0.7804215608268888
243,2018,8,2018-02-10,Matale,0.7515322315585962
243,2018,8,2018-02-10,Matara,0.804583865630577
243,2018,8,2018-02-10,Moneragala,0.7903842374330756
243,2018,8,2018-02-10,Mullaitivu,0.7718649204342654
243,2018,8,2018-02-10,NuwaraEliya,0.8040224419988102
243,2018,8,2018-02-10,Polonnaruwa,0.7503263459250447
243,2018,8,2018-02-10,Puttalam,0.6719667701516955
243,2018,8,2018-02-10,Ratnapura,0.8023083023497919
243,2018,8,2018-02-10,Trincomalee,0.6985445283366264
243,2018,8,2018-02-10,Vavuniya,0.6722398404967282
244,2018,9,2018-02-17,Ampara,0.6500325552705224
244,2018,9,2018-02-17,Anuradhapura,0.6552956870910173
244,2018,9,2018-02-17,Badulla,0.8162175100386675
244,2018,9,2018-02-17,Batticaloa,0.49366023875724124
244,2018,9,2018-02-17,Colombo,0.6278263440660322
244,2018,9,2018-02-17,Galle,0.7751000632064248
244,2018,9,2018-02-17,Gampaha,0.662898486763831
244,2018,9,2018-02-17,Hambantota,0.6383132135257297
244,2018,9,2018-02-17,Jaffna,0.38026667498395383
244,2018,9,2018-02-17,Kalutara,0.7814405469214754
244,2018,9,2018-02-17,Kandy,0.7312744738994646
244,2018,9,2018-02-17,Kegalle,0.8181563912849494
244,2018,9,2018-02-17,Kilinochchi,0.4312320254739006
244,2018,9,2018-02-17,Kurunegala,0.6498779874330756
244,2018,9,2018-02-17,Mannar,0.7757810417906009
244,2018,9,2018-02-17,Matale,0.744924237804878
244,2018,9,2018-02-17,Matara,0.7927841965348008
244,2018,9,2018-02-17,Moneragala,0.7773459306216539
244,2018,9,2018-02-17,Mullaitivu,0.7709464567221892
244,2018,9,2018-02-17,NuwaraEliya,0.7862644705532421
244,2018,9,2018-02-17,Polonnaruwa,0.7615922441998811
244,2018,9,2018-02-17,Puttalam,0.6545832372843545
244,2018,9,2018-02-17,Ratnapura,0.8012730331647829
244,2018,9,2018-02-17,Trincomalee,0.7483108387412224
244,2018,9,2018-02-17,Vavuniya,0.6595969753866747
245,2018,10,2018-02-24,Ampara,0.6461021072327093
245,2018,10,2018-02-24,Anuradhapura,0.6482009146341463
245,2018,10,2018-02-24,Badulla,0.8132930119720405
245,2018,10,2018-02-24,Batticaloa,0.5082073418888513
245,2018,10,2018-02-24,Colombo,0.6219173483045807
245,2018,10,2018-02-24,Galle,0.7727121226204641
245,2018,10,2018-02-24,Gampaha,0.6478997676234384
245,2018,10,2018-02-24,Hambantota,0.6285204179546304
245,2018,10,2018-02-24,Jaffna,0.3790960352504638
245,2018,10,2018-02-24,Kalutara,0.7845724847560976
245,2018,10,2018-02-24,Kandy,0.7234196330309339
245,2018,10,2018-02-24,Kegalle,0.8110289857227841
245,2018,10,2018-02-24,Kilinochchi,0.41533916891859873
245,2018,10,2018-02-24,Kurunegala,0.6442941515466984
245,2018,10,2018-02-24,Mannar,0.7703563466686497
245,2018,10,2018-02-24,Matale,0.7356451295565724
245,2018,10,2018-02-24,Matara,0.7853615928019037
245,2018,10,2018-02-24,Moneragala,0.7648916288667461
245,2018,10,2018-02-24,Mullaitivu,0.7711374553837002
245,2018,10,2018-02-24,NuwaraEliya,0.7753555249851279
245,2018,10,2018-02-24,Polonnaruwa,0.7615516470850685
245,2018,10,2018-02-24,Puttalam,0.637603275580012
245,2018,10,2018-02-24,Ratnapura,0.7998131004610352
245,2018,10,2018-02-24,Trincomalee,0.7767221090093727
245,2018,10,2018-02-24,Vavuniya,0.6465067872546104
246,2018,11,2018-03-03,Ampara,0.6049724965409089
246,2018,11,2018-03-03,Anuradhapura,0.6181655636525878
246,2018,11,2018-03-03,Badulla,0.8166517158685307
246,2018,11,2018-03-03,Batticaloa,0.5110757777062922
246,2018,11,2018-03-03,Colombo,0.6217723304580607
246,2018,11,2018-03-03,Galle,0.7925491429952409
246,2018,11,2018-03-03,Gampaha,0.6558300732450922
246,2018,11,2018-03-03,Hambantota,0.6352062232578767
246,2018,11,2018-03-03,Jaffna,0.37097619975262836
246,2018,11,2018-03-03,Kalutara,0.7853754703301608
246,2018,11,2018-03-03,Kandy,0.7155137920136824
246,2018,11,2018-03-03,Kegalle,0.8127752379535991
246,2018,11,2018-03-03,Kilinochchi,0.40957572983097723
246,2018,11,2018-03-03,Kurunegala,0.6411023535098156
246,2018,11,2018-03-03,Mannar,0.7620563392325997
246,2018,11,2018-03-03,Matale,0.7165719348281122
246,2018,11,2018-03-03,Matara,0.7939882287328971
246,2018,11,2018-03-03,Moneragala,0.7545786789857228
246,2018,11,2018-03-03,Mullaitivu,0.7753964827483641
246,2018,11,2018-03-03,NuwaraEliya,0.7895596743010114
246,2018,11,2018-03-03,Polonnaruwa,0.7200539002082095
246,2018,11,2018-03-03,Puttalam,0.6221030748066627
246,2018,11,2018-03-03,Ratnapura,0.7967960681885783
246,2018,11,2018-03-03,Trincomalee,0.7268315654438884
246,2018,11,2018-03-03,Vavuniya,0.6317764147085069
247,2018,12,2018-03-10,Ampara,0.5638428858491085
247,2018,12,2018-03-10,Anuradhapura,0.5881302126710292
247,2018,12,2018-03-10,Badulla,0.820010419765021
247,2018,12,2018-03-10,Batticaloa,0.5139442135237329
247,2018,12,2018-03-10,Colombo,0.6216273126115408
247,2018,12,2018-03-10,Galle,0.8123861633700179
247,2018,12,2018-03-10,Gampaha,0.663760378866746
247,2018,12,2018-03-10,Hambantota,0.641892028561123
247,2018,12,2018-03-10,Jaffna,0.36285636425479284
247,2018,12,2018-03-10,Kalutara,0.7861784559042237
247,2018,12,2018-03-10,Kandy,0.7076079509964307
247,2018,12,2018-03-10,Kegalle,0.814521490184414
247,2018,12,2018-03-10,Kilinochchi,0.40381229074335573
247,2018,12,2018-03-10,Kurunegala,0.6379105554729327
247,2018,12,2018-03-10,Mannar,0.7537563317965497
247,2018,12,2018-03-10,Matale,0.697498740099652
247,2018,12,2018-03-10,Matara,0.8026148646638905
247,2018,12,2018-03-10,Moneragala,0.7442657291046996
247,2018,12,2018-03-10,Mullaitivu,0.779655510113028
247,2018,12,2018-03-10,NuwaraEliya,0.8037638236168948
247,2018,12,2018-03-10,Polonnaruwa,0.6785561533313504
247,2018,12,2018-03-10,Puttalam,0.6066028740333136
247,2018,12,2018-03-10,Ratnapura,0.7937790359161214
247,2018,12,2018-03-10,Trincomalee,0.6769410218784042
247,2018,12,2018-03-10,Vavuniya,0.6170460421624033
248,2018,13,2018-03-17,Ampara,0.599661379015467
248,2018,13,2018-03-17,Anuradhapura,0.583636748958953
248,2018,13,2018-03-17,Badulla,0.8228309934562762
248,2018,13,2018-03-17,Batticaloa,0.539652261559564
248,2018,13,2018-03-17,Colombo,0.614280891210589
248,2018,13,2018-03-17,Galle,0.8061273126115408
248,2018,13,2018-03-17,Gampaha,0.6553952018887567
248,2018,13,2018-03-17,Hambantota,0.6622871767158318
248,2018,13,2018-03-17,Jaffna,0.4002735050072711
248,2018,13,2018-03-17,Kalutara,0.7787627695568115
248,2018,13,2018-03-17,Kandy,0.7037693225758477
248,2018,13,2018-03-17,Kegalle,0.8218807350535395
248,2018,13,2018-03-17,Kilinochchi,0.4012867137520306
248,2018,13,2018-03-17,Kurunegala,0.6517459975461035
248,2018,13,2018-03-17,Mannar,0.7247756376412849
248,2018,13,2018-03-17,Matale,0.7007057829993318
248,2018,13,2018-03-17,Matara,0.8015462392177275
248,2018,13,2018-03-17,Moneragala,0.7502382082837596
248,2018,13,2018-03-17,Mullaitivu,0.7493233529149317
248,2018,13,2018-03-17,NuwaraEliya,0.800725403405711
248,2018,13,2018-03-17,Polonnaruwa,0.6789330420880428
248,2018,13,2018-03-17,Puttalam,0.6074097077632362
248,2018,13,2018-03-17,Ratnapura,0.8057288964901844
248,2018,13,2018-03-17,Trincomalee,0.7043569927823203
248,2018,13,2018-03-17,Vavuniya,0.5991787236020226
249,2018,14,2018-03-24,Ampara,0.6413989570939916
249,2018,14,2018-03-24,Anuradhapura,0.5811080458060679
249,2018,14,2018-03-24,Badulla,0.8256101725163594
249,2018,14,2018-03-24,Batticaloa,0.5671172028429635
249,2018,14,2018-03-24,Colombo,0.6063805156900656
249,2018,14,2018-03-24,Galle,0.7978610871505057
249,2018,14,2018-03-24,Gampaha,0.6457765262492564
249,2018,14,2018-03-24,Hambantota,0.6837368897052684
249,2018,14,2018-03-24,Jaffna,0.44119349008669656
249,2018,14,2018-03-24,Kalutara,0.7707148776769781
249,2018,14,2018-03-24,Kandy,0.7002435566627008
249,2018,14,2018-03-24,Kegalle,0.8296717485871505
249,2018,14,2018-03-24,Kilinochchi,0.39901020307580515
249,2018,14,2018-03-24,Kurunegala,0.6668912273200476
249,2018,14,2018-03-24,Mannar,0.694204121430696
249,2018,14,2018-03-24,Matale,0.7056266903319455
249,2018,14,2018-03-24,Matara,0.7997318244348602
249,2018,14,2018-03-24,Moneragala,0.7574634127751338
249,2018,14,2018-03-24,Mullaitivu,0.7163303353658537
249,2018,14,2018-03-24,NuwaraEliya,0.796360631692445
249,2018,14,2018-03-24,Polonnaruwa,0.6825310566627009
249,2018,14,2018-03-24,Puttalam,0.6094709287626413
249,2018,14,2018-03-24,Ratnapura,0.8188300565139799
249,2018,14,2018-03-24,Trincomalee,0.7377196186454211
249,2018,14,2018-03-24,Vavuniya,0.5810701015020822
250,2018,15,2018-03-31,Ampara,0.6237399817816776
250,2018,15,2018-03-31,Anuradhapura,0.6079123624330756
250,2018,15,2018-03-31,Badulla,0.7990937425639502
250,2018,15,2018-03-31,Batticaloa,0.5788755374052507
250,2018,15,2018-03-31,Colombo,0.6105394575401547
250,2018,15,2018-03-31,Galle,0.7963649557555028
250,2018,15,2018-03-31,Gampaha,0.6650582372843545
250,2018,15,2018-03-31,Hambantota,0.6744334353583158
250,2018,15,2018-03-31,Jaffna,0.43036852164983863
250,2018,15,2018-03-31,Kalutara,0.7742868270374778
250,2018,15,2018-03-31,Kandy,0.7137524222932778
250,2018,15,2018-03-31,Kegalle,0.8450673538816181
250,2018,15,2018-03-31,Kilinochchi,0.3983795498580599
250,2018,15,2018-03-31,Kurunegala,0.688349022159429
250,2018,15,2018-03-31,Mannar,0.7081698226502082
250,2018,15,2018-03-31,Matale,0.704863051591926
250,2018,15,2018-03-31,Matara,0.7966929097263533
250,2018,15,2018-03-31,Moneragala,0.7499282960291493
250,2018,15,2018-03-31,Mullaitivu,0.7162221352617489
250,2018,15,2018-03-31,NuwaraEliya,0.7926888291939322
250,2018,15,2018-03-31,Polonnaruwa,0.6490945029000595
250,2018,15,2018-03-31,Puttalam,0.6166784057108864
250,2018,15,2018-03-31,Ratnapura,0.8165997285841762
250,2018,15,2018-03-31,Trincomalee,0.7344770521365774
250,2018,15,2018-03-31,Vavuniya,0.5969693225758478
251,2018,16,2018-04-07,Ampara,0.5730829212522308
251,2018,16,2018-04-07,Anuradhapura,0.6510128011600238
251,2018,16,2018-04-07,Badulla,0.7563019742712671
251,2018,16,2018-04-07,Batticaloa,0.5819079793446975
251,2018,16,2018-04-07,Colombo,0.6213980201516955
251,2018,16,2018-04-07,Galle,0.7986299877305176
251,2018,16,2018-04-07,Gampaha,0.7003957186942297
251,2018,16,2018-04-07,Hambantota,0.6480448880467025
251,2018,16,2018-04-07,Jaffna,0.3907963568150455
251,2018,16,2018-04-07,Kalutara,0.7843142437537182
251,2018,16,2018-04-07,Kandy,0.7367249721148126
251,2018,16,2018-04-07,Kegalle,0.8646877323765616
251,2018,16,2018-04-07,Kilinochchi,0.3986632618950259
251,2018,16,2018-04-07,Kurunegala,0.7133137975907199
251,2018,16,2018-04-07,Mannar,0.7468784224419988
251,2018,16,2018-04-07,Matale,0.7009413317004435
251,2018,16,2018-04-07,Matara,0.7929737172813802
251,2018,16,2018-04-07,Moneragala,0.7341930008179656
251,2018,16,2018-04-07,Mullaitivu,0.7343832781826294
251,2018,16,2018-04-07,NuwaraEliya,0.7894020095925045
251,2018,16,2018-04-07,Polonnaruwa,0.5950831889500299
251,2018,16,2018-04-07,Puttalam,0.6267449137418204
251,2018,16,2018-04-07,Ratnapura,0.8058519073468174
251,2018,16,2018-04-07,Trincomalee,0.7108982676433201
251,2018,16,2018-04-07,Vavuniya,0.6317617898572279
252,2018,17,2018-04-14,Ampara,0.5580110197723683
252,2018,17,2018-04-14,Anuradhapura,0.6828536287923855
252,2018,17,2018-04-14,Badulla,0.7391302145300417
252,2018,17,2018-04-14,Batticaloa,0.5887357528572364
252,2018,17,2018-04-14,Colombo,0.6287922200327186
252,2018,17,2018-04-14,Galle,0.759112775133849
252,2018,17,2018-04-14,Gampaha,0.7196904521118382
252,2018,17,2018-04-14,Hambantota,0.6390114239103175
252,2018,17,2018-04-14,Jaffna,0.3708168405149577
252,2018,17,2018-04-14,Kalutara,0.7778581127305176
252,2018,17,2018-04-14,Kandy,0.7499827037477692
252,2018,17,2018-04-14,Kegalle,0.8727184878792386
252,2018,17,2018-04-14,Kilinochchi,0.39952074936148035
252,2018,17,2018-04-14,Kurunegala,0.7332423315734683
252,2018,17,2018-04-14,Mannar,0.7569873326888756
252,2018,17,2018-04-14,Matale,0.7001053093396788
252,2018,17,2018-04-14,Matara,0.7805292032272457
252,2018,17,2018-04-14,Moneragala,0.7309315307108865
252,2018,17,2018-04-14,Mullaitivu,0.7409267177275431
252,2018,17,2018-04-14,NuwaraEliya,0.7875022270969662
252,2018,17,2018-04-14,Polonnaruwa,0.564317757287329
252,2018,17,2018-04-14,Puttalam,0.6373977636079715
252,2018,17,2018-04-14,Ratnapura,0.80385877082094
252,2018,17,2018-04-14,Trincomalee,0.7002029773455744
252,2018,17,2018-04-14,Vavuniya,0.6474644947204046
253,2018,18,2018-04-21,Ampara,0.6069924045817576
253,2018,18,2018-04-21,Anuradhapura,0.6944271564544914
253,2018,18,2018-04-21,Badulla,0.7680744701814397
253,2018,18,2018-04-21,Batticaloa,0.6023951232013413
253,2018,18,2018-04-21,Colombo,0.6299505669988102
253,2018,18,2018-04-21,Galle,0.64438752230815
253,2018,18,2018-04-21,Gampaha,0.7101082391433671
253,2018,18,2018-04-21,Hambantota,0.6612171094893436
253,2018,18,2018-04-21,Jaffna,0.38610409157733966
253,2018,18,2018-04-21,Kalutara,0.7417315957763237
253,2018,18,2018-04-21,Kandy,0.7457537626412849
253,2018,18,2018-04-21,Kegalle,0.8598879219958359
253,2018,18,2018-04-21,Kilinochchi,0.4014110326010142
253,2018,18,2018-04-21,Kurunegala,0.7441056309488401
253,2018,18,2018-04-21,Mannar,0.7156168017549078
253,2018,18,2018-04-21,Matale,0.7048235425342059
253,2018,18,2018-04-21,Matara,0.7523791102766211
253,2018,18,2018-04-21,Moneragala,0.7501229457911958
253,2018,18,2018-04-21,Mullaitivu,0.7265582911957169
253,2018,18,2018-04-21,NuwaraEliya,0.7880991113920286
253,2018,18,2018-04-21,Polonnaruwa,0.5753949137418204
253,2018,18,2018-04-21,Puttalam,0.6491060287775134
253,2018,18,2018-04-21,Ratnapura,0.8176240667757287
253,2018,18,2018-04-21,Trincomalee,0.7126979765997496
253,2018,18,2018-04-21,Vavuniya,0.628805627230815
254,2018,19,2018-04-28,Ampara,0.6525709218599509
254,2018,19,2018-04-28,Anuradhapura,0.7014644333729924
254,2018,19,2018-04-28,Badulla,0.7938240909428912
254,2018,19,2018-04-28,Batticaloa,0.61457353484212
254,2018,19,2018-04-28,Colombo,0.6263830811273051
254,2018,19,2018-04-28,Galle,0.5393581350386675
254,2018,19,2018-04-28,Gampaha,0.6953091537775133
254,2018,19,2018-04-28,Hambantota,0.6791877259392008
254,2018,19,2018-04-28,Jaffna,0.39872383129732997
254,2018,19,2018-04-28,Kalutara,0.6998121616597265
254,2018,19,2018-04-28,Kandy,0.7385207410023795
254,2018,19,2018-04-28,Kegalle,0.8448006413593099
254,2018,19,2018-04-28,Kilinochchi,0.40206486703117306
254,2018,19,2018-04-28,Kurunegala,0.7475040841873349
254,2018,19,2018-04-28,Mannar,0.6742695714179485
254,2018,19,2018-04-28,Matale,0.7078324245260859
254,2018,19,2018-04-28,Matara,0.7212951405413445
254,2018,19,2018-04-28,Moneragala,0.7668261600237954
254,2018,19,2018-04-28,Mullaitivu,0.7082956090124927
254,2018,19,2018-04-28,NuwaraEliya,0.7760933670434266
254,2018,19,2018-04-28,Polonnaruwa,0.5852191087894111
254,2018,19,2018-04-28,Puttalam,0.6570127602617489
254,2018,19,2018-04-28,Ratnapura,0.8275550639500298
254,2018,19,2018-04-28,Trincomalee,0.7205618757840521
254,2018,19,2018-04-28,Vavuniya,0.6128768292682927
255,2018,20,2018-05-05,Ampara,0.6539121612325961
255,2018,20,2018-05-05,Anuradhapura,0.6495304506246282
255,2018,20,2018-05-05,Badulla,0.7780434581350387
255,2018,20,2018-05-05,Batticaloa,0.6074994833396591
255,2018,20,2018-05-05,Colombo,0.5613797683670434
255,2018,20,2018-05-05,Galle,0.560375
255,2018,20,2018-05-05,Gampaha,0.6126907272456871
255,2018,20,2018-05-05,Hambantota,0.6421024437098606
255,2018,20,2018-05-05,Jaffna,0.3766659235662293
255,2018,20,2018-05-05,Kalutara,0.5825848044318859
255,2018,20,2018-05-05,Kandy,0.6922346724419989
255,2018,20,2018-05-05,Kegalle,0.8003760689321833
255,2018,20,2018-05-05,Kilinochchi,0.3866448669394569
255,2018,20,2018-05-05,Kurunegala,0.6538595376464313
255,2018,20,2018-05-05,Mannar,0.6332252488421009
255,2018,20,2018-05-05,Matale,0.6886197408835534
255,2018,20,2018-05-05,Matara,0.6520707726055919
255,2018,20,2018-05-05,Moneragala,0.751182763236169
255,2018,20,2018-05-05,Mullaitivu,0.6394076033610947
255,2018,20,2018-05-05,NuwaraEliya,0.6002534503271862
255,2018,20,2018-05-05,Polonnaruwa,0.5787548055472933
255,2018,20,2018-05-05,Puttalam,0.6154995538370018
255,2018,20,2018-05-05,Ratnapura,0.7876401769779894
255,2018,20,2018-05-05,Trincomalee,0.6682214740600086
255,2018,20,2018-05-05,Vavuniya,0.6324389351576443
256,2018,21,2018-05-12,Ampara,0.6552534006052414
256,2018,21,2018-05-12,Anuradhapura,0.5975964678762642
256,2018,21,2018-05-12,Badulla,0.7622628253271861
256,2018,21,2018-05-12,Batticaloa,0.6004254318371981
256,2018,21,2018-05-12,Colombo,0.4963764556067817
256,2018,21,2018-05-12,Galle,0.5813918649613325
256,2018,21,2018-05-12,Gampaha,0.5300723007138608
256,2018,21,2018-05-12,Hambantota,0.6050171614805203
256,2018,21,2018-05-12,Jaffna,0.35460801583512863
256,2018,21,2018-05-12,Kalutara,0.46535744720404526
256,2018,21,2018-05-12,Kandy,0.6459486038816182
256,2018,21,2018-05-12,Kegalle,0.7559514965050566
256,2018,21,2018-05-12,Kilinochchi,0.3712248668477407
256,2018,21,2018-05-12,Kurunegala,0.5602149911055276
256,2018,21,2018-05-12,Mannar,0.5921809262662531
256,2018,21,2018-05-12,Matale,0.6694070572410209
256,2018,21,2018-05-12,Matara,0.5828464046698394
256,2018,21,2018-05-12,Moneragala,0.7355393664485426
256,2018,21,2018-05-12,Mullaitivu,0.5705195977096966
256,2018,21,2018-05-12,NuwaraEliya,0.4244135336109459
256,2018,21,2018-05-12,Polonnaruwa,0.5722905023051755
256,2018,21,2018-05-12,Puttalam,0.5739863474122547
256,2018,21,2018-05-12,Ratnapura,0.7477252900059489
256,2018,21,2018-05-12,Trincomalee,0.6158810723359652
256,2018,21,2018-05-12,Vavuniya,0.6520010410469959
257,2018,22,2018-05-19,Ampara,0.6769040433521714
257,2018,22,2018-05-19,Anuradhapura,0.61277001041047
257,2018,22,2018-05-19,Badulla,0.790139526323617
257,2018,22,2018-05-19,Batticaloa,0.6266130024307481
257,2018,22,2018-05-19,Colombo,0.47907400728732896
257,2018,22,2018-05-19,Galle,0.6187447482897085
257,2018,22,2018-05-19,Gampaha,0.519735378866746
257,2018,22,2018-05-19,Hambantota,0.626991881692445
257,2018,22,2018-05-19,Jaffna,0.3728044711703537
257,2018,22,2018-05-19,Kalutara,0.4801571850832838
257,2018,22,2018-05-19,Kandy,0.6254156882064248
257,2018,22,2018-05-19,Kegalle,0.6888709361986913
257,2018,22,2018-05-19,Kilinochchi,0.3971521119516001
257,2018,22,2018-05-19,Kurunegala,0.523557815822196
257,2018,22,2018-05-19,Mannar,0.5736524799226651
257,2018,22,2018-05-19,Matale,0.6674445583404846
257,2018,22,2018-05-19,Matara,0.6358832781826294
257,2018,22,2018-05-19,Moneragala,0.7520706220255801
257,2018,22,2018-05-19,Mullaitivu,0.6264393645895301
257,2018,22,2018-05-19,NuwaraEliya,0.3281385930993456
257,2018,22,2018-05-19,Polonnaruwa,0.5606190716091612
257,2018,22,2018-05-19,Puttalam,0.5654085012641286
257,2018,22,2018-05-19,Ratnapura,0.7159761525877455
257,2018,22,2018-05-19,Trincomalee,0.6555954801028104
257,2018,22,2018-05-19,Vavuniya,0.662983506841166
258,2018,23,2018-05-26,Ampara,0.704093614292088
258,2018,23,2018-05-26,Anuradhapura,0.6462456052944676
258,2018,23,2018-05-26,Badulla,0.829922772903034
258,2018,23,2018-05-26,Batticaloa,0.6618719245050285
258,2018,23,2018-05-26,Colombo,0.4747808856335515
258,2018,23,2018-05-26,Galle,0.6605529093545509
258,2018,23,2018-05-26,Gampaha,0.5291115946609162
258,2018,23,2018-05-26,Hambantota,0.665073875297442
258,2018,23,2018-05-26,Jaffna,0.40197938916003123
258,2018,23,2018-05-26,Kalutara,0.5309643125371802
258,2018,23,2018-05-26,Kandy,0.6119063596817371
258,2018,23,2018-05-26,Kegalle,0.6156114701070792
258,2018,23,2018-05-26,Kilinochchi,0.4343558784724347
258,2018,23,2018-05-26,Kurunegala,0.5024426508818385
258,2018,23,2018-05-26,Mannar,0.5612647270969662
258,2018,23,2018-05-26,Matale,0.6701866552786744
258,2018,23,2018-05-26,Matara,0.7222641266359311
258,2018,23,2018-05-26,Moneragala,0.7773767827929804
258,2018,23,2018-05-26,Mullaitivu,0.716397614886972
258,2018,23,2018-05-26,NuwaraEliya,0.2535631915526472
258,2018,23,2018-05-26,Polonnaruwa,0.5475275152439024
258,2018,23,2018-05-26,Puttalam,0.5658130261005354
258,2018,23,2018-05-26,Ratnapura,0.6864540377751339
258,2018,23,2018-05-26,Trincomalee,0.7204157450035344
258,2018,23,2018-05-26,Vavuniya,0.6716260707911957
259,2018,24,2018-06-02,Ampara,0.724388239886972
259,2018,24,2018-06-02,Anuradhapura,0.6576975386674598
259,2018,24,2018-06-02,Badulla,0.8423729141879833
259,2018,24,2018-06-02,Batticaloa,0.6716368052388764
259,2018,24,2018-06-02,Colombo,0.46599459213265915
259,2018,24,2018-06-02,Galle,0.6419272382510411
259,2018,24,2018-06-02,Gampaha,0.5547056960142772
259,2018,24,2018-06-02,Hambantota,0.6759356000892326
259,2018,24,2018-06-02,Jaffna,0.39481937985436544
259,2018,24,2018-06-02,Kalutara,0.5363092560232005
259,2018,24,2018-06-02,Kandy,0.5989839864663891
259,2018,24,2018-06-02,Kegalle,0.5806032067965498
259,2018,24,2018-06-02,Kilinochchi,0.4371426448471481
259,2018,24,2018-06-02,Kurunegala,0.5182055156589522
259,2018,24,2018-06-02,Mannar,0.5729909521861988
259,2018,24,2018-06-02,Matale,0.6771786678316479
259,2018,24,2018-06-02,Matara,0.7457123178167757
259,2018,24,2018-06-02,Moneragala,0.7811135949583582
259,2018,24,2018-06-02,Mullaitivu,0.7450331610648423
259,2018,24,2018-06-02,NuwaraEliya,0.23767615072873288
259,2018,24,2018-06-02,Polonnaruwa,0.562327000297442
259,2018,24,2018-06-02,Puttalam,0.586078359235574
259,2018,24,2018-06-02,Ratnapura,0.6779413444378347
259,2018,24,2018-06-02,Trincomalee,0.7443702485531966
259,2018,24,2018-06-02,Vavuniya,0.6712233417608567
260,2018,25,2018-06-09,Ampara,0.7377879201368233
260,2018,25,2018-06-09,Anuradhapura,0.6471258105294468
260,2018,25,2018-06-09,Badulla,0.8274899501784652
260,2018,25,2018-06-09,Batticaloa,0.6559076446322919
260,2018,25,2018-06-09,Colombo,0.452715126784652
260,2018,25,2018-06-09,Galle,0.5628677349791791
260,2018,25,2018-06-09,Gampaha,0.5965176829268293
260,2018,25,2018-06-09,Hambantota,0.6595770560678168
260,2018,25,2018-06-09,Jaffna,0.35132444325335643
260,2018,25,2018-06-09,Kalutara,0.49619201554134446
260,2018,25,2018-06-09,Kandy,0.5866485685603808
260,2018,25,2018-06-09,Kegalle,0.583846146267103
260,2018,25,2018-06-09,Kilinochchi,0.4055124110757403
260,2018,25,2018-06-09,Kurunegala,0.5708464101535373
260,2018,25,2018-06-09,Mannar,0.6088311551903629
260,2018,25,2018-06-09,Matale,0.6884205959994052
260,2018,25,2018-06-09,Matara,0.7062278517251637
260,2018,25,2018-06-09,Moneragala,0.7632810585217134
260,2018,25,2018-06-09,Mullaitivu,0.712346003123141
260,2018,25,2018-06-09,NuwaraEliya,0.28047747062760264
260,2018,25,2018-06-09,Polonnaruwa,0.6050175267697799
260,2018,25,2018-06-09,Puttalam,0.6262045006692445
260,2018,25,2018-06-09,Ratnapura,0.6904380725758478
260,2018,25,2018-06-09,Trincomalee,0.7274589907517967
260,2018,25,2018-06-09,Vavuniya,0.6617753197501488
261,2018,26,2018-06-16,Ampara,0.7494610276621059
261,2018,26,2018-06-16,Anuradhapura,0.6337255874479477
261,2018,26,2018-06-16,Badulla,0.8154230945121951
261,2018,26,2018-06-16,Batticaloa,0.6382251169462377
261,2018,26,2018-06-16,Colombo,0.456041379759072
261,2018,26,2018-06-16,Galle,0.5221045043872695
261,2018,26,2018-06-16,Gampaha,0.6378660284057108
261,2018,26,2018-06-16,Hambantota,0.6410984625966687
261,2018,26,2018-06-16,Jaffna,0.3227435477033563
261,2018,26,2018-06-16,Kalutara,0.4733981186793575
261,2018,26,2018-06-16,Kandy,0.5866127881469364
261,2018,26,2018-06-16,Kegalle,0.5894566162254611
261,2018,26,2018-06-16,Kilinochchi,0.3803914225649741
261,2018,26,2018-06-16,Kurunegala,0.6152943792796178
261,2018,26,2018-06-16,Mannar,0.6386659484681737
261,2018,26,2018-06-16,Matale,0.6953040247620464
261,2018,26,2018-06-16,Matara,0.6856455606781677
261,2018,26,2018-06-16,Moneragala,0.7484845162849495
261,2018,26,2018-06-16,Mullaitivu,0.6935529799970256
261,2018,26,2018-06-16,NuwaraEliya,0.3398083544021416
261,2018,26,2018-06-16,Polonnaruwa,0.6479798780487805
261,2018,26,2018-06-16,Puttalam,0.6691959733789411
261,2018,26,2018-06-16,Ratnapura,0.7009719567965497
261,2018,26,2018-06-16,Trincomalee,0.7172899444628579
261,2018,26,2018-06-16,Vavuniya,0.6550132603361095
262,2018,27,2018-06-23,Ampara,0.7548033685306366
262,2018,27,2018-06-23,Anuradhapura,0.6099542162403332
262,2018,27,2018-06-23,Badulla,0.8136819694378347
262,2018,27,2018-06-23,Batticaloa,0.6133802433021284
262,2018,27,2018-06-23,Colombo,0.5202552665823914
262,2018,27,2018-06-23,Galle,0.6217609402885187
262,2018,27,2018-06-23,Gampaha,0.6775143552944676
262,2018,27,2018-06-23,Hambantota,0.6148463544765022
262,2018,27,2018-06-23,Jaffna,0.348847469340389
262,2018,27,2018-06-23,Kalutara,0.5141231484235574
262,2018,27,2018-06-23,Kandy,0.6316756785395599
262,2018,27,2018-06-23,Kegalle,0.6037480313057705
262,2018,27,2018-06-23,Kilinochchi,0.3791376666765601
262,2018,27,2018-06-23,Kurunegala,0.6297016220545153
262,2018,27,2018-06-23,Mannar,0.6464809060826889
262,2018,27,2018-06-23,Matale,0.6862062890392623
262,2018,27,2018-06-23,Matara,0.734371244794765
262,2018,27,2018-06-23,Moneragala,0.7448199527810827
262,2018,27,2018-06-23,Mullaitivu,0.725705117861392
262,2018,27,2018-06-23,NuwaraEliya,0.45974763905413446
262,2018,27,2018-06-23,Polonnaruwa,0.6919389202855444
262,2018,27,2018-06-23,Puttalam,0.7226936607674004
262,2018,27,2018-06-23,Ratnapura,0.7043087466537775
262,2018,27,2018-06-23,Trincomalee,0.7318423403862764
262,2018,27,2018-06-23,Vavuniya,0.6580997304431887
263,2018,28,2018-06-30,Ampara,0.7601457093991673
263,2018,28,2018-06-30,Anuradhapura,0.5861828450327186
263,2018,28,2018-06-30,Badulla,0.8119408443634742
263,2018,28,2018-06-30,Batticaloa,0.5885353696580189
263,2018,28,2018-06-30,Colombo,0.5844691534057109
263,2018,28,2018-06-30,Galle,0.721417376189768
263,2018,28,2018-06-30,Gampaha,0.7171626821832242
263,2018,28,2018-06-30,Hambantota,0.5885942463563355
263,2018,28,2018-06-30,Jaffna,0.3749513909774217
263,2018,28,2018-06-30,Kalutara,0.5548481781677573
263,2018,28,2018-06-30,Kandy,0.6767385689321832
263,2018,28,2018-06-30,Kegalle,0.6180394463860798
263,2018,28,2018-06-30,Kilinochchi,0.37788391078814615
263,2018,28,2018-06-30,Kurunegala,0.6441088648294128
263,2018,28,2018-06-30,Mannar,0.654295863697204
263,2018,28,2018-06-30,Matale,0.6771085533164782
263,2018,28,2018-06-30,Matara,0.7830969289113623
263,2018,28,2018-06-30,Moneragala,0.741155389277216
263,2018,28,2018-06-30,Mullaitivu,0.7578572557257585
263,2018,28,2018-06-30,NuwaraEliya,0.5796869237061273
263,2018,28,2018-06-30,Polonnaruwa,0.7358979625223082
263,2018,28,2018-06-30,Puttalam,0.7761913481558597
263,2018,28,2018-06-30,Ratnapura,0.7076455365110054
263,2018,28,2018-06-30,Trincomalee,0.746394736309695
263,2018,28,2018-06-30,Vavuniya,0.6611862005502678
264,2018,29,2018-07-07,Ampara,0.7302634443783462
264,2018,29,2018-07-07,Anuradhapura,0.5902121932629387
264,2018,29,2018-07-07,Badulla,0.8162601427721595
264,2018,29,2018-07-07,Batticaloa,0.5642835113317239
264,2018,29,2018-07-07,Colombo,0.5712294114366449
264,2018,29,2018-07-07,Galle,0.7229626487209994
264,2018,29,2018-07-07,Gampaha,0.7050891731112433
264,2018,29,2018-07-07,Hambantota,0.5518511730368828
264,2018,29,2018-07-07,Jaffna,0.3627618447227321
264,2018,29,2018-07-07,Kalutara,0.6451333153628793
264,2018,29,2018-07-07,Kandy,0.7091377937239738
264,2018,29,2018-07-07,Kegalle,0.713247644631172
264,2018,29,2018-07-07,Kilinochchi,0.3735001513378963
264,2018,29,2018-07-07,Kurunegala,0.672005264723379
264,2018,29,2018-07-07,Mannar,0.6486105610499703
264,2018,29,2018-07-07,Matale,0.6592415935455086
264,2018,29,2018-07-07,Matara,0.7228125669244498
264,2018,29,2018-07-07,Moneragala,0.7413703561867936
264,2018,29,2018-07-07,Mullaitivu,0.741782612656157
264,2018,29,2018-07-07,NuwaraEliya,0.5196392846519929
264,2018,29,2018-07-07,Polonnaruwa,0.7636875780785247
264,2018,29,2018-07-07,Puttalam,0.7457083395300417
264,2018,29,2018-07-07,Ratnapura,0.6470326786887234
264,2018,29,2018-07-07,Trincomalee,0.7532002657529172
264,2018,29,2018-07-07,Vavuniya,0.6738843136525878
265,2018,30,2018-07-14,Ampara,0.6976715942891136
265,2018,30,2018-07-14,Anuradhapura,0.5963800583729922
265,2018,30,2018-07-14,Badulla,0.8210456276026175
265,2018,30,2018-07-14,Batticaloa,0.5400772695683378
265,2018,30,2018-07-14,Colombo,0.5520316980220107
265,2018,30,2018-07-14,Galle,0.7169609086853064
265,2018,30,2018-07-14,Gampaha,0.6890370612730518
265,2018,30,2018-07-14,Hambantota,0.5143011023944082
265,2018,30,2018-07-14,Jaffna,0.34762664709175617
265,2018,30,2018-07-14,Kalutara,0.7392307685157644
265,2018,30,2018-07-14,Kandy,0.7405628903926235
265,2018,30,2018-07-14,Kegalle,0.8146802108120167
265,2018,30,2018-07-14,Kilinochchi,0.3688756223828899
265,2018,30,2018-07-14,Kurunegala,0.7009392920880428
265,2018,30,2018-07-14,Mannar,0.6418867768441404
265,2018,30,2018-07-14,Matale,0.6407000780785247
265,2018,30,2018-07-14,Matara,0.6541428167757288
265,2018,30,2018-07-14,Moneragala,0.74188374851279
265,2018,30,2018-07-14,Mullaitivu,0.7219982172070196
265,2018,30,2018-07-14,NuwaraEliya,0.44574649762046403
265,2018,30,2018-07-14,Polonnaruwa,0.7902333915823916
265,2018,30,2018-07-14,Puttalam,0.7087652773646639
265,2018,30,2018-07-14,Ratnapura,0.5815006171987869
265,2018,30,2018-07-14,Trincomalee,0.7594098823899705
265,2018,30,2018-07-14,Vavuniya,0.6873217839083879
266,2018,31,2018-07-21,Ampara,0.6575790861094587
266,2018,31,2018-07-21,Anuradhapura,0.5657719846817371
266,2018,31,2018-07-21,Badulla,0.8075595497471743
266,2018,31,2018-07-21,Batticaloa,0.5178163537328971
266,2018,31,2018-07-21,Colombo,0.5251901249256395
266,2018,31,2018-07-21,Galle,0.6899115630577037
266,2018,31,2018-07-21,Gampaha,0.643119746430696
266,2018,31,2018-07-21,Hambantota,0.4923192984086854
266,2018,31,2018-07-21,Jaffna,0.34031175007149284
266,2018,31,2018-07-21,Kalutara,0.7245191385336109
266,2018,31,2018-07-21,Kandy,0.6962475628346223
266,2018,31,2018-07-21,Kegalle,0.7335021713265913
266,2018,31,2018-07-21,Kilinochchi,0.3578001173441195
266,2018,31,2018-07-21,Kurunegala,0.6742013291939322
266,2018,31,2018-07-21,Mannar,0.6303012157941702
266,2018,31,2018-07-21,Matale,0.6287255242415228
266,2018,31,2018-07-21,Matara,0.6470709157495539
266,2018,31,2018-07-21,Moneragala,0.7158695605294467
266,2018,31,2018-07-21,Mullaitivu,0.707786503569304
266,2018,31,2018-07-21,NuwaraEliya,0.41304002082093993
266,2018,31,2018-07-21,Polonnaruwa,0.7769811589083879
266,2018,31,2018-07-21,Puttalam,0.682931389425937
266,2018,31,2018-07-21,Ratnapura,0.5968119370002798
266,2018,31,2018-07-21,Trincomalee,0.7428091618321256
266,2018,31,2018-07-21,Vavuniya,0.6527667441255206
267,2018,32,2018-07-28,Ampara,0.6133195456573468
267,2018,32,2018-07-28,Anuradhapura,0.5147328338786437
267,2018,32,2018-07-28,Badulla,0.7839226037328971
267,2018,32,2018-07-28,Batticaloa,0.4966361745240928
267,2018,32,2018-07-28,Colombo,0.4941019631171922
267,2018,32,2018-07-28,Galle,0.6511691032123736
267,2018,32,2018-07-28,Gampaha,0.5806106521415825
267,2018,32,2018-07-28,Hambantota,0.47898653145449144
267,2018,32,2018-07-28,Jaffna,0.33734146450162544
267,2018,32,2018-07-28,Kalutara,0.6493580179208804
267,2018,32,2018-07-28,Kandy,0.6098542218173706
267,2018,32,2018-07-28,Kegalle,0.5508737953599048
267,2018,32,2018-07-28,Kilinochchi,0.343140736703258
267,2018,32,2018-07-28,Kurunegala,0.6165344828227246
267,2018,32,2018-07-28,Mannar,0.6160146676085664
267,2018,32,2018-07-28,Matale,0.6203992824211779
267,2018,32,2018-07-28,Matara,0.6742200420136825
267,2018,32,2018-07-28,Moneragala,0.6751178279298037
267,2018,32,2018-07-28,Mullaitivu,0.6966707242712672
267,2018,32,2018-07-28,NuwaraEliya,0.40321482748364074
267,2018,32,2018-07-28,Polonnaruwa,0.741618900580012
267,2018,32,2018-07-28,Puttalam,0.6632692649464604
267,2018,32,2018-07-28,Ratnapura,0.6570362464081223
267,2018,32,2018-07-28,Trincomalee,0.7135360317215595
267,2018,32,2018-07-28,Vavuniya,0.5915491987656156
268,2018,33,2018-08-04,Ampara,0.5835249907049376
268,2018,33,2018-08-04,Anuradhapura,0.4859982079119572
268,2018,33,2018-08-04,Badulla,0.7713417906008329
268,2018,33,2018-08-04,Batticaloa,0.48104369422962523
268,2018,33,2018-08-04,Colombo,0.47909280004461635
268,2018,33,2018-08-04,Galle,0.5965645727989293
268,2018,33,2018-08-04,Gampaha,0.5437044077186199
268,2018,33,2018-08-04,Hambantota,0.46071420099643073
268,2018,33,2018-08-04,Jaffna,0.3363116716878797
268,2018,33,2018-08-04,Kalutara,0.6079396750446163
268,2018,33,2018-08-04,Kandy,0.5629476167459846
268,2018,33,2018-08-04,Kegalle,0.47057011451516956
268,2018,33,2018-08-04,Kilinochchi,0.3306183534106654
268,2018,33,2018-08-04,Kurunegala,0.5772670638756692
268,2018,33,2018-08-04,Mannar,0.6064881023200477
268,2018,33,2018-08-04,Matale,0.6180600832837596
268,2018,33,2018-08-04,Matara,0.6880556737061274
268,2018,33,2018-08-04,Moneragala,0.6572525189619274
268,2018,33,2018-08-04,Mullaitivu,0.6940650951814397
268,2018,33,2018-08-04,NuwaraEliya,0.4508548148423558
268,2018,33,2018-08-04,Polonnaruwa,0.710480997174301
268,2018,33,2018-08-04,Puttalam,0.6566611540749554
268,2018,33,2018-08-04,Ratnapura,0.6879086165229031
268,2018,33,2018-08-04,Trincomalee,0.695907071830027
268,2018,33,2018-08-04,Vavuniya,0.5556459845330161
269,2018,34,2018-08-11,Ampara,0.5797674096519929
269,2018,34,2018-08-11,Anuradhapura,0.4974117266508031
269,2018,34,2018-08-11,Badulla,0.7786620166567519
269,2018,34,2018-08-11,Batticaloa,0.47550907198096376
269,2018,34,2018-08-11,Colombo,0.4930258346966092
269,2018,34,2018-08-11,Galle,0.5134083153628793
269,2018,34,2018-08-11,Gampaha,0.5528832930547294
269,2018,34,2018-08-11,Hambantota,0.4335506562314099
269,2018,34,2018-08-11,Jaffna,0.338774765835153
269,2018,34,2018-08-11,Kalutara,0.6272583320939917
269,2018,34,2018-08-11,Kandy,0.5871171363771565
269,2018,34,2018-08-11,Kegalle,0.5744508848899466
269,2018,34,2018-08-11,Kilinochchi,0.32194256534495697
269,2018,34,2018-08-11,Kurunegala,0.571118614292088
269,2018,34,2018-08-11,Mannar,0.6055295062462821
269,2018,34,2018-08-11,Matale,0.6264975609756097
269,2018,34,2018-08-11,Matara,0.677927015169542
269,2018,34,2018-08-11,Moneragala,0.6805827725312315
269,2018,34,2018-08-11,Mullaitivu,0.7067777364663891
269,2018,34,2018-08-11,NuwaraEliya,0.6019321274538965
269,2018,34,2018-08-11,Polonnaruwa,0.6869469326293873
269,2018,34,2018-08-11,Puttalam,0.673550267697799
269,2018,34,2018-08-11,Ratnapura,0.6659474959101725
269,2018,34,2018-08-11,Trincomalee,0.6992376183327549
269,2018,34,2018-08-11,Vavuniya,0.5653085663295657
270,2018,35,2018-08-18,Ampara,0.57633999851279
270,2018,35,2018-08-18,Anuradhapura,0.5094023739589529
270,2018,35,2018-08-18,Badulla,0.7851972430844736
270,2018,35,2018-08-18,Batticaloa,0.4714325829119572
270,2018,35,2018-08-18,Colombo,0.5089348546252231
270,2018,35,2018-08-18,Galle,0.4468674895895301
270,2018,35,2018-08-18,Gampaha,0.5639783350684118
270,2018,35,2018-08-18,Hambantota,0.4087030124943345
270,2018,35,2018-08-18,Jaffna,0.34105118817502195
270,2018,35,2018-08-18,Kalutara,0.6495638124628198
270,2018,35,2018-08-18,Kandy,0.6126349828970851
270,2018,35,2018-08-18,Kegalle,0.6760033183372993
270,2018,35,2018-08-18,Kilinochchi,0.31404283069910055
270,2018,35,2018-08-18,Kurunegala,0.5670776100535395
270,2018,35,2018-08-18,Mannar,0.6049171243738484
270,2018,35,2018-08-18,Matale,0.6355644445270672
270,2018,35,2018-08-18,Matara,0.6721018850386674
270,2018,35,2018-08-18,Moneragala,0.7023562797441999
270,2018,35,2018-08-18,Mullaitivu,0.7201175676680547
270,2018,35,2018-08-18,NuwaraEliya,0.7436322724568709
270,2018,35,2018-08-18,Polonnaruwa,0.6625978361094587
270,2018,35,2018-08-18,Puttalam,0.6861306774241523
270,2018,35,2018-08-18,Ratnapura,0.6498893199732302
270,2018,35,2018-08-18,Trincomalee,0.7030835161054466
270,2018,35,2018-08-18,Vavuniya,0.5768832986317668
271,2018,36,2018-08-25,Ampara,0.5772047962522309
271,2018,36,2018-08-25,Anuradhapura,0.5288956926680547
271,2018,36,2018-08-25,Badulla,0.7815274743456276
271,2018,36,2018-08-25,Batticaloa,0.4863118251784653
271,2018,36,2018-08-25,Colombo,0.5505316831499109
271,2018,36,2018-08-25,Galle,0.5963272754312909
271,2018,36,2018-08-25,Gampaha,0.5999834138905414
271,2018,36,2018-08-25,Hambantota,0.413962082120549
271,2018,36,2018-08-25,Jaffna,0.340900877018634
271,2018,36,2018-08-25,Kalutara,0.710697995984533
271,2018,36,2018-08-25,Kandy,0.6556810789708507
271,2018,36,2018-08-25,Kegalle,0.7472873717281381
271,2018,36,2018-08-25,Kilinochchi,0.3162317905113211
271,2018,36,2018-08-25,Kurunegala,0.5904333953004164
271,2018,36,2018-08-25,Mannar,0.6088055271187295
271,2018,36,2018-08-25,Matale,0.6528136042534206
271,2018,36,2018-08-25,Matara,0.7222226241820345
271,2018,36,2018-08-25,Moneragala,0.7038920843248068
271,2018,36,2018-08-25,Mullaitivu,0.7416108677870316
271,2018,36,2018-08-25,NuwaraEliya,0.7634292385484831
271,2018,36,2018-08-25,Polonnaruwa,0.6276533239143367
271,2018,36,2018-08-25,Puttalam,0.6426979364961334
271,2018,36,2018-08-25,Ratnapura,0.7105694248215348
271,2018,36,2018-08-25,Trincomalee,0.7136289803876685
271,2018,36,2018-08-25,Vavuniya,0.6133159875074361
272,2018,37,2018-09-01,Ampara,0.5780695939916717
272,2018,37,2018-09-01,Anuradhapura,0.5483890113771565
272,2018,37,2018-09-01,Badulla,0.7778577056067817
272,2018,37,2018-09-01,Batticaloa,0.5011910674449733
272,2018,37,2018-09-01,Colombo,0.5921285116745986
272,2018,37,2018-09-01,Galle,0.7457870612730518
272,2018,37,2018-09-01,Gampaha,0.6359884927126711
272,2018,37,2018-09-01,Hambantota,0.4192211517467636
272,2018,37,2018-09-01,Jaffna,0.34075056586224595
272,2018,37,2018-09-01,Kalutara,0.7718321795062463
272,2018,37,2018-09-01,Kandy,0.6987271750446163
272,2018,37,2018-09-01,Kegalle,0.8185714251189768
272,2018,37,2018-09-01,Kilinochchi,0.31842075032354167
272,2018,37,2018-09-01,Kurunegala,0.6137891805472933
272,2018,37,2018-09-01,Mannar,0.6126939298636107
272,2018,37,2018-09-01,Matale,0.6700627639797739
272,2018,37,2018-09-01,Matara,0.7723433633254015
272,2018,37,2018-09-01,Moneragala,0.7054278889054135
272,2018,37,2018-09-01,Mullaitivu,0.7631041679060083
272,2018,37,2018-09-01,NuwaraEliya,0.7832262046400952
272,2018,37,2018-09-01,Polonnaruwa,0.5927088117192147
272,2018,37,2018-09-01,Puttalam,0.5992651955681143
272,2018,37,2018-09-01,Ratnapura,0.7712495296698395
272,2018,37,2018-09-01,Trincomalee,0.7241744446698906
272,2018,37,2018-09-01,Vavuniya,0.6497486763831053
273,2018,38,2018-09-08,Ampara,0.5685976515427148
273,2018,38,2018-09-08,Anuradhapura,0.5552164206573469
273,2018,38,2018-09-08,Badulla,0.7618728323914338
273,2018,38,2018-09-08,Batticaloa,0.48808430742360104
273,2018,38,2018-09-08,Colombo,0.5744735350981559
273,2018,38,2018-09-08,Galle,0.7612256748215349
273,2018,38,2018-09-08,Gampaha,0.616017247917906
273,2018,38,2018-09-08,Hambantota,0.4100422794446099
273,2018,38,2018-09-08,Jaffna,0.3421847621815727
273,2018,38,2018-09-08,Kalutara,0.7546498475609756
273,2018,38,2018-09-08,Kandy,0.7035072910469959
273,2018,38,2018-09-08,Kegalle,0.8117540675193338
273,2018,38,2018-09-08,Kilinochchi,0.3167723458367205
273,2018,38,2018-09-08,Kurunegala,0.6062877900059489
273,2018,38,2018-09-08,Mannar,0.5967753350208457
273,2018,38,2018-09-08,Matale,0.6684211332540155
273,2018,38,2018-09-08,Matara,0.7672348676383105
273,2018,38,2018-09-08,Moneragala,0.7046891972784057
273,2018,38,2018-09-08,Mullaitivu,0.7540576628494944
273,2018,38,2018-09-08,NuwaraEliya,0.6966463488994646
273,2018,38,2018-09-08,Polonnaruwa,0.569444233343248
273,2018,38,2018-09-08,Puttalam,0.5739464232599644
273,2018,38,2018-09-08,Ratnapura,0.775120274390244
273,2018,38,2018-09-08,Trincomalee,0.7141297753455822
273,2018,38,2018-09-08,Vavuniya,0.6343234161213563
274,2018,39,2018-09-15,Ampara,0.556306598133286
274,2018,39,2018-09-15,Anuradhapura,0.5585894910023795
274,2018,39,2018-09-15,Badulla,0.742529294318858
274,2018,39,2018-09-15,Batticaloa,0.46734500132371604
274,2018,39,2018-09-15,Colombo,0.5406589753123141
274,2018,39,2018-09-15,Galle,0.7401130595627604
274,2018,39,2018-09-15,Gampaha,0.5807797330458061
274,2018,39,2018-09-15,Hambantota,0.39692578661653766
274,2018,39,2018-09-15,Jaffna,0.34405109690336705
274,2018,39,2018-09-15,Kalutara,0.7161084659428911
274,2018,39,2018-09-15,Kandy,0.6978512306662702
274,2018,39,2018-09-15,Kegalle,0.7836363251041047
274,2018,39,2018-09-15,Kilinochchi,0.31407738745016067
274,2018,39,2018-09-15,Kurunegala,0.5903708060678168
274,2018,39,2018-09-15,Mannar,0.5754548317450863
274,2018,39,2018-09-15,Matale,0.6616274687685901
274,2018,39,2018-09-15,Matara,0.7470638533610946
274,2018,39,2018-09-15,Moneragala,0.7033301885038667
274,2018,39,2018-09-15,Mullaitivu,0.7366821200178466
274,2018,39,2018-09-15,NuwaraEliya,0.5810546326591315
274,2018,39,2018-09-15,Polonnaruwa,0.5493650914634146
274,2018,39,2018-09-15,Puttalam,0.5535678242117787
274,2018,39,2018-09-15,Ratnapura,0.7634975572575848
274,2018,39,2018-09-15,Trincomalee,0.6984696150376747
274,2018,39,2018-09-15,Vavuniya,0.6047550788221296
275,2018,40,2018-09-22,Ampara,0.5559212919374309
275,2018,40,2018-09-22,Anuradhapura,0.5853584789559786
275,2018,40,2018-09-22,Badulla,0.7514460440214159
275,2018,40,2018-09-22,Batticaloa,0.4706382929222189
275,2018,40,2018-09-22,Colombo,0.4986238009369423
275,2018,40,2018-09-22,Galle,0.7188041158536587
275,2018,40,2018-09-22,Gampaha,0.5531983770820941
275,2018,40,2018-09-22,Hambantota,0.43590282713061657
275,2018,40,2018-09-22,Jaffna,0.3396167940091991
275,2018,40,2018-09-22,Kalutara,0.6584521471594289
275,2018,40,2018-09-22,Kandy,0.6955625929506247
275,2018,40,2018-09-22,Kegalle,0.765453909294133
275,2018,40,2018-09-22,Kilinochchi,0.31911714835783755
275,2018,40,2018-09-22,Kurunegala,0.5692868339313157
275,2018,40,2018-09-22,Mannar,0.5631958846855547
275,2018,40,2018-09-22,Matale,0.6842606893218323
275,2018,40,2018-09-22,Matara,0.7130092281380132
275,2018,40,2018-09-22,Moneragala,0.7246022401100536
275,2018,40,2018-09-22,Mullaitivu,0.7231409224419989
275,2018,40,2018-09-22,NuwaraEliya,0.5445251524390244
275,2018,40,2018-09-22,Polonnaruwa,0.5568599401397978
275,2018,40,2018-09-22,Puttalam,0.5411896062611541
275,2018,40,2018-09-22,Ratnapura,0.7325145932480667
275,2018,40,2018-09-22,Trincomalee,0.7066296377513342
275,2018,40,2018-09-22,Vavuniya,0.5993229476502082
276,2018,41,2018-09-29,Ampara,0.5674417329551498
276,2018,41,2018-09-29,Anuradhapura,0.6355233845181439
276,2018,41,2018-09-29,Badulla,0.7886230814991078
276,2018,41,2018-09-29,Batticaloa,0.4979641822191097
276,2018,41,2018-09-29,Colombo,0.44836801197204046
276,2018,41,2018-09-29,Galle,0.6972988436942297
276,2018,41,2018-09-29,Gampaha,0.5332731800267698
276,2018,41,2018-09-29,Hambantota,0.5269734009868466
276,2018,41,2018-09-29,Jaffna,0.3288818534990687
276,2018,41,2018-09-29,Kalutara,0.581680891210589
276,2018,41,2018-09-29,Kandy,0.6966413779000595
276,2018,41,2018-09-29,Kegalle,0.7572068200894185
276,2018,41,2018-09-29,Kilinochchi,0.331891628559751
276,2018,41,2018-09-29,Kurunegala,0.5430358735964456
276,2018,41,2018-09-29,Mannar,0.5599984938422509
276,2018,41,2018-09-29,Matale,0.7363207949137419
276,2018,41,2018-09-29,Matara,0.665070991969066
276,2018,41,2018-09-29,Moneragala,0.7685053520969661
276,2018,41,2018-09-29,Mullaitivu,0.7134340701219513
276,2018,41,2018-09-29,NuwaraEliya,0.5870579082391434
276,2018,41,2018-09-29,Polonnaruwa,0.5919287793723974
276,2018,41,2018-09-29,Puttalam,0.5368117694080904
276,2018,41,2018-09-29,Ratnapura,0.6821713823616895
276,2018,41,2018-09-29,Trincomalee,0.7386098434865607
276,2018,41,2018-09-29,Vavuniya,0.618027022605592
277,2018,42,2018-10-06,Ampara,0.5885052820064257
277,2018,42,2018-10-06,Anuradhapura,0.6666148903584578
277,2018,42,2018-10-06,Badulla,0.8192278926234384
277,2018,42,2018-10-06,Batticaloa,0.5145349034605998
277,2018,42,2018-10-06,Colombo,0.42480059488399763
277,2018,42,2018-10-06,Galle,0.6874204175342058
277,2018,42,2018-10-06,Gampaha,0.5255359402885188
277,2018,42,2018-10-06,Hambantota,0.6098964316089222
277,2018,42,2018-10-06,Jaffna,0.323153544526878
277,2018,42,2018-10-06,Kalutara,0.5414701219512196
277,2018,42,2018-10-06,Kandy,0.7028069173854848
277,2018,42,2018-10-06,Kegalle,0.752922324545737
277,2018,42,2018-10-06,Kilinochchi,0.34379256081835297
277,2018,42,2018-10-06,Kurunegala,0.5357163912049195
277,2018,42,2018-10-06,Mannar,0.5526878986667255
277,2018,42,2018-10-06,Matale,0.7727018292682928
277,2018,42,2018-10-06,Matara,0.6452000557703749
277,2018,42,2018-10-06,Moneragala,0.8003390857376562
277,2018,42,2018-10-06,Mullaitivu,0.6991545713117193
277,2018,42,2018-10-06,NuwaraEliya,0.6370784670582986
277,2018,42,2018-10-06,Polonnaruwa,0.6199272178019036
277,2018,42,2018-10-06,Puttalam,0.5406134499553837
277,2018,42,2018-10-06,Ratnapura,0.6589525226799524
277,2018,42,2018-10-06,Trincomalee,0.759966780287839
277,2018,42,2018-10-06,Vavuniya,0.624157019631172
278,2018,43,2018-10-13,Ampara,0.6445602271807448
278,2018,43,2018-10-13,Anuradhapura,0.6277705972186494
278,2018,43,2018-10-13,Badulla,0.8257345404521119
278,2018,43,2018-10-13,Batticaloa,0.4916700084989541
278,2018,43,2018-10-13,Colombo,0.4990905413444378
278,2018,43,2018-10-13,Galle,0.7201737600386675
278,2018,43,2018-10-13,Gampaha,0.5624878773795361
278,2018,43,2018-10-13,Hambantota,0.6629451370390977
278,2018,43,2018-10-13,Jaffna,0.33578288452713295
278,2018,43,2018-10-13,Kalutara,0.6353144705532422
278,2018,43,2018-10-13,Kandy,0.727623890169542
278,2018,43,2018-10-13,Kegalle,0.7631673390925098
278,2018,43,2018-10-13,Kilinochchi,0.35249048395147903
278,2018,43,2018-10-13,Kurunegala,0.5978123279389882
278,2018,43,2018-10-13,Mannar,0.530295554273055
278,2018,43,2018-10-13,Matale,0.7515929357525284
278,2018,43,2018-10-13,Matara,0.7282425527959548
278,2018,43,2018-10-13,Moneragala,0.7879184321088638
278,2018,43,2018-10-13,Mullaitivu,0.6681087020374777
278,2018,43,2018-10-13,NuwaraEliya,0.7145543036139204
278,2018,43,2018-10-13,Polonnaruwa,0.622000853286734
278,2018,43,2018-10-13,Puttalam,0.5744066943039857
278,2018,43,2018-10-13,Ratnapura,0.735189617415229
278,2018,43,2018-10-13,Trincomalee,0.7423717309979738
278,2018,43,2018-10-13,Vavuniya,0.5841820642474718
279,2018,44,2018-10-20,Ampara,0.7006151723550638
279,2018,44,2018-10-20,Anuradhapura,0.588926304078841
279,2018,44,2018-10-20,Badulla,0.8322411882807853
279,2018,44,2018-10-20,Batticaloa,0.4688051135373083
279,2018,44,2018-10-20,Colombo,0.573380487804878
279,2018,44,2018-10-20,Galle,0.7529271025431291
279,2018,44,2018-10-20,Gampaha,0.5994398144705533
279,2018,44,2018-10-20,Hambantota,0.7159938424692731
279,2018,44,2018-10-20,Jaffna,0.3484122245273879
279,2018,44,2018-10-20,Kalutara,0.7291588191552648
279,2018,44,2018-10-20,Kandy,0.752440862953599
279,2018,44,2018-10-20,Kegalle,0.7734123536392825
279,2018,44,2018-10-20,Kilinochchi,0.3611884070846051
279,2018,44,2018-10-20,Kurunegala,0.6599082646730567
279,2018,44,2018-10-20,Mannar,0.5079032098793843
279,2018,44,2018-10-20,Matale,0.7304840422367639
279,2018,44,2018-10-20,Matara,0.8112850498215349
279,2018,44,2018-10-20,Moneragala,0.7754977784800714
279,2018,44,2018-10-20,Mullaitivu,0.6370628327632362
279,2018,44,2018-10-20,NuwaraEliya,0.792030140169542
279,2018,44,2018-10-20,Polonnaruwa,0.6240744887715646
279,2018,44,2018-10-20,Puttalam,0.6081999386525878
279,2018,44,2018-10-20,Ratnapura,0.8114267121505058
279,2018,44,2018-10-20,Trincomalee,0.7247766817081087
279,2018,44,2018-10-20,Vavuniya,0.5442071088637717
280,2018,45,2018-10-27,Ampara,0.6815829740555562
280,2018,45,2018-10-27,Anuradhapura,0.5536132068032489
280,2018,45,2018-10-27,Badulla,0.8390608733640691
280,2018,45,2018-10-27,Batticaloa,0.5162598663337794
280,2018,45,2018-10-27,Colombo,0.6174556811421772
280,2018,45,2018-10-27,Galle,0.7794971557108864
280,2018,45,2018-10-27,Gampaha,0.6429841184562761
280,2018,45,2018-10-27,Hambantota,0.7217753802347953
280,2018,45,2018-10-27,Jaffna,0.40426889770146673
280,2018,45,2018-10-27,Kalutara,0.7695985481112434
280,2018,45,2018-10-27,Kandy,0.752944776174896
280,2018,45,2018-10-27,Kegalle,0.8041100684116598
280,2018,45,2018-10-27,Kilinochchi,0.42267944110750505
280,2018,45,2018-10-27,Kurunegala,0.6573364975627084
280,2018,45,2018-10-27,Mannar,0.5995602893647725
280,2018,45,2018-10-27,Matale,0.7327263793872696
280,2018,45,2018-10-27,Matara,0.8213111057406306
280,2018,45,2018-10-27,Moneragala,0.7801987377305176
280,2018,45,2018-10-27,Mullaitivu,0.6616928690449634
280,2018,45,2018-10-27,NuwaraEliya,0.8025578375966687
280,2018,45,2018-10-27,Polonnaruwa,0.6348798892028554
280,2018,45,2018-10-27,Puttalam,0.6274764035544319
280,2018,45,2018-10-27,Ratnapura,0.819123245092207
280,2018,45,2018-10-27,Trincomalee,0.7051661999289932
280,2018,45,2018-10-27,Vavuniya,0.5652238120910174
281,2018,46,2018-11-03,Ampara,0.6567748416426773
281,2018,46,2018-11-03,Anuradhapura,0.5185717399787503
281,2018,46,2018-11-03,Badulla,0.8459046382361691
281,2018,46,2018-11-03,Batticaloa,0.5691238228039518
281,2018,46,2018-11-03,Colombo,0.6592066627007733
281,2018,46,2018-11-03,Galle,0.8055915712373587
281,2018,46,2018-11-03,Gampaha,0.6870355275877456
281,2018,46,2018-11-03,Hambantota,0.7239209820261132
281,2018,46,2018-11-03,Jaffna,0.463450750350455
281,2018,46,2018-11-03,Kalutara,0.8059302294021417
281,2018,46,2018-11-03,Kandy,0.7515784540452112
281,2018,46,2018-11-03,Kegalle,0.8363810678167757
281,2018,46,2018-11-03,Kilinochchi,0.48823148366038766
281,2018,46,2018-11-03,Kurunegala,0.6497902916950973
281,2018,46,2018-11-03,Mannar,0.6999904014562419
281,2018,46,2018-11-03,Matale,0.7367649650505652
281,2018,46,2018-11-03,Matara,0.825720512343843
281,2018,46,2018-11-03,Moneragala,0.7862167441255206
281,2018,46,2018-11-03,Mullaitivu,0.6906056672925343
281,2018,46,2018-11-03,NuwaraEliya,0.8079356781677574
281,2018,46,2018-11-03,Polonnaruwa,0.6463569638607972
281,2018,46,2018-11-03,Puttalam,0.6456361931142177
281,2018,46,2018-11-03,Ratnapura,0.8215474271267103
281,2018,46,2018-11-03,Trincomalee,0.6854006848814739
281,2018,46,2018-11-03,Vavuniya,0.5909321813652588
282,2018,47,2018-11-10,Ampara,0.639239567711278
282,2018,47,2018-11-10,Anuradhapura,0.5512932731760286
282,2018,47,2018-11-10,Badulla,0.8316624163444379
282,2018,47,2018-11-10,Batticaloa,0.6132418168396582
282,2018,47,2018-11-10,Colombo,0.6779907291046996
282,2018,47,2018-11-10,Galle,0.799745991969066
282,2018,47,2018-11-10,Gampaha,0.7128446702111839
282,2018,47,2018-11-10,Hambantota,0.7250346122079382
282,2018,47,2018-11-10,Jaffna,0.4870068859060866
282,2018,47,2018-11-10,Kalutara,0.8207119367192148
282,2018,47,2018-11-10,Kandy,0.758980506395003
282,2018,47,2018-11-10,Kegalle,0.8508328636228435
282,2018,47,2018-11-10,Kilinochchi,0.5368468956272987
282,2018,47,2018-11-10,Kurunegala,0.6890247717997129
282,2018,47,2018-11-10,Mannar,0.7285400662040824
282,2018,47,2018-11-10,Matale,0.7395096505838789
282,2018,47,2018-11-10,Matara,0.8169483287477692
282,2018,47,2018-11-10,Moneragala,0.7940680119720405
282,2018,47,2018-11-10,Mullaitivu,0.7067927249689056
282,2018,47,2018-11-10,NuwaraEliya,0.8056577465050565
282,2018,47,2018-11-10,Polonnaruwa,0.6277052703004165
282,2018,47,2018-11-10,Puttalam,0.6778317965496728
282,2018,47,2018-11-10,Ratnapura,0.8248843248066627
282,2018,47,2018-11-10,Trincomalee,0.6817598004691228
282,2018,47,2018-11-10,Vavuniya,0.6432247622441919
283,2018,48,2018-11-17,Ampara,0.6257447707140338
283,2018,48,2018-11-17,Anuradhapura,0.6216609174965163
283,2018,48,2018-11-17,Badulla,0.8057057573616896
283,2018,48,2018-11-17,Batticaloa,0.6525009428562168
283,2018,48,2018-11-17,Colombo,0.6840153982004759
283,2018,48,2018-11-17,Galle,0.7761559711481262
283,2018,48,2018-11-17,Gampaha,0.7285192203301607
283,2018,48,2018-11-17,Hambantota,0.7255749248289337
283,2018,48,2018-11-17,Jaffna,0.49077095640985324
283,2018,48,2018-11-17,Kalutara,0.8235214362730517
283,2018,48,2018-11-17,Kandy,0.7712538779000595
283,2018,48,2018-11-17,Kegalle,0.8553851018738846
283,2018,48,2018-11-17,Kilinochchi,0.576053068379781
283,2018,48,2018-11-17,Kurunegala,0.7542485218888989
283,2018,48,2018-11-17,Mannar,0.7171561490943511
283,2018,48,2018-11-17,Matale,0.741535502711647
283,2018,48,2018-11-17,Matara,0.8008530394854254
283,2018,48,2018-11-17,Moneragala,0.8029377584027365
283,2018,48,2018-11-17,Mullaitivu,0.7159099267723881
283,2018,48,2018-11-17,NuwaraEliya,0.7991266080458062
283,2018,48,2018-11-17,Polonnaruwa,0.5923153721743011
283,2018,48,2018-11-17,Puttalam,0.7178250743604998
283,2018,48,2018-11-17,Ratnapura,0.8287282867340868
283,2018,48,2018-11-17,Trincomalee,0.6870770441874205
283,2018,48,2018-11-17,Vavuniya,0.710286349570176
284,2018,49,2018-11-24,Ampara,0.6331172995968373
284,2018,49,2018-11-24,Anuradhapura,0.6755691171931663
284,2018,49,2018-11-24,Badulla,0.7982238158090422
284,2018,49,2018-11-24,Batticaloa,0.6721499634577015
284,2018,49,2018-11-24,Colombo,0.6873992099196907
284,2018,49,2018-11-24,Galle,0.7686670434265319
284,2018,49,2018-11-24,Gampaha,0.7415179636377157
284,2018,49,2018-11-24,Hambantota,0.7037551031291343
284,2018,49,2018-11-24,Jaffna,0.47623002362403904
284,2018,49,2018-11-24,Kalutara,0.8243300527959548
284,2018,49,2018-11-24,Kandy,0.7732317686644855
284,2018,49,2018-11-24,Kegalle,0.8559766675342059
284,2018,49,2018-11-24,Kilinochchi,0.6031855375382199
284,2018,49,2018-11-24,Kurunegala,0.7930830627840758
284,2018,49,2018-11-24,Mannar,0.7145213140197428
284,2018,49,2018-11-24,Matale,0.7416835937058305
284,2018,49,2018-11-24,Matara,0.7981525394110649
284,2018,49,2018-11-24,Moneragala,0.8109578245835812
284,2018,49,2018-11-24,Mullaitivu,0.7045872843467819
284,2018,49,2018-11-24,NuwaraEliya,0.7978796475312314
284,2018,49,2018-11-24,Polonnaruwa,0.5734369441552648
284,2018,49,2018-11-24,Puttalam,0.7486645281826295
284,2018,49,2018-11-24,Ratnapura,0.8310399018441404
284,2018,49,2018-11-24,Trincomalee,0.7033083889994123
284,2018,49,2018-11-24,Vavuniya,0.7536724128479833
285,2018,50,2018-12-01,Ampara,0.6780510150637262
285,2018,50,2018-12-01,Anuradhapura,0.6998503165669082
285,2018,50,2018-12-01,Badulla,0.8239963656305771
285,2018,50,2018-12-01,Batticaloa,0.656500794312053
285,2018,50,2018-12-01,Colombo,0.6860294783610946
285,2018,50,2018-12-01,Galle,0.7901600832837598
285,2018,50,2018-12-01,Gampaha,0.7497002546847115
285,2018,50,2018-12-01,Hambantota,0.6416870396519041
285,2018,50,2018-12-01,Jaffna,0.4287400849169793
285,2018,50,2018-12-01,Kalutara,0.8215370798631767
285,2018,50,2018-12-01,Kandy,0.7566777940957764
285,2018,50,2018-12-01,Kegalle,0.8494390225312315
285,2018,50,2018-12-01,Kilinochchi,0.6085853402273805
285,2018,50,2018-12-01,Kurunegala,0.7844170271300361
285,2018,50,2018-12-01,Mannar,0.7276348266083557
285,2018,50,2018-12-01,Matale,0.7384517146595614
285,2018,50,2018-12-01,Matara,0.8195626598750744
285,2018,50,2018-12-01,Moneragala,0.8174484663146937
285,2018,50,2018-12-01,Mullaitivu,0.6564729223088158
285,2018,50,2018-12-01,NuwaraEliya,0.8061442073170731
285,2018,50,2018-12-01,Polonnaruwa,0.5842791623289709
285,2018,50,2018-12-01,Puttalam,0.7630270988251042
285,2018,50,2018-12-01,Ratnapura,0.8305932926829269
285,2018,50,2018-12-01,Trincomalee,0.739185115780053
285,2018,50,2018-12-01,Vavuniya,0.7544425328390724
286,2018,51,2018-12-08,Ampara,0.718712673352362
286,2018,51,2018-12-08,Anuradhapura,0.722593500168208
286,2018,51,2018-12-08,Badulla,0.8477043723973825
286,2018,51,2018-12-08,Batticaloa,0.6457336940391407
286,2018,51,2018-12-08,Colombo,0.6845833283759667
286,2018,51,2018-12-08,Galle,0.810394768738846
286,2018,51,2018-12-08,Gampaha,0.7573481632956574
286,2018,51,2018-12-08,Hambantota,0.5885036025913749
286,2018,51,2018-12-08,Jaffna,0.3881589852115322
286,2018,51,2018-12-08,Kalutara,0.8187477710440215
286,2018,51,2018-12-08,Kandy,0.7420305435752529
286,2018,51,2018-12-08,Kegalle,0.843279524836407
286,2018,51,2018-12-08,Kilinochchi,0.61223612655223
286,2018,51,2018-12-08,Kurunegala,0.7765035172594142
286,2018,51,2018-12-08,Mannar,0.7417564619274242
286,2018,51,2018-12-08,Matale,0.7366338749256396
286,2018,51,2018-12-08,Matara,0.8394170248364069
286,2018,51,2018-12-08,Moneragala,0.8234868976799524
286,2018,51,2018-12-08,Mullaitivu,0.6149583320939918
286,2018,51,2018-12-08,NuwaraEliya,0.8139430603063652
286,2018,51,2018-12-08,Polonnaruwa,0.5945798445865557
286,2018,51,2018-12-08,Puttalam,0.776767892995241
286,2018,51,2018-12-08,Ratnapura,0.830243002676978
286,2018,51,2018-12-08,Trincomalee,0.7702431222731533
286,2018,51,2018-12-08,Vavuniya,0.7544139016954194
287,2018,52,2018-12-15,Ampara,0.7038375883237075
287,2018,52,2018-12-15,Anuradhapura,0.7253424787277597
287,2018,52,2018-12-15,Badulla,0.8445733194527067
287,2018,52,2018-12-15,Batticaloa,0.6984334891117986
287,2018,52,2018-12-15,Colombo,0.682143738845925
287,2018,52,2018-12-15,Galle,0.8142708469660916
287,2018,52,2018-12-15,Gampaha,0.7580491002379536
287,2018,52,2018-12-15,Hambantota,0.6508203089479583
287,2018,52,2018-12-15,Jaffna,0.4373927925270496
287,2018,52,2018-12-15,Kalutara,0.8160060957019633
287,2018,52,2018-12-15,Kandy,0.7521707056811422
287,2018,52,2018-12-15,Kegalle,0.8420359421475313
287,2018,52,2018-12-15,Kilinochchi,0.5931497001410346
287,2018,52,2018-12-15,Kurunegala,0.7783728425732217
287,2018,52,2018-12-15,Mannar,0.7689836927424153
287,2018,52,2018-12-15,Matale,0.7531985462522308
287,2018,52,2018-12-15,Matara,0.8390465682629388
287,2018,52,2018-12-15,Moneragala,0.8236465942891137
287,2018,52,2018-12-15,Mullaitivu,0.6592407755800119
287,2018,52,2018-12-15,NuwaraEliya,0.8156877249405117
287,2018,52,2018-12-15,Polonnaruwa,0.5978405599345628
287,2018,52,2018-12-15,Puttalam,0.7824255930249852
287,2018,52,2018-12-15,Ratnapura,0.8311448616894707
287,2018,52,2018-12-15,Trincomalee,0.7386577650282293
287,2018,52,2018-12-15,Vavuniya,0.744001505800119
288,2019,1,2018-12-22,Ampara,0.6889625032950528
288,2019,1,2018-12-22,Anuradhapura,0.7280914572873113
288,2019,1,2018-12-22,Badulla,0.841442266508031
288,2019,1,2018-12-22,Batticaloa,0.7511332841844564
288,2019,1,2018-12-22,Colombo,0.6797041493158834
288,2019,1,2018-12-22,Galle,0.8181469251933373
288,2019,1,2018-12-22,Gampaha,0.7587500371802499
288,2019,1,2018-12-22,Hambantota,0.7131370153045417
288,2019,1,2018-12-22,Jaffna,0.48662659984256695
288,2019,1,2018-12-22,Kalutara,0.8132644203599049
288,2019,1,2018-12-22,Kandy,0.7623108677870316
288,2019,1,2018-12-22,Kegalle,0.8407923594586556
288,2019,1,2018-12-22,Kilinochchi,0.5740632737298395
288,2019,1,2018-12-22,Kurunegala,0.7802421678870293
288,2019,1,2018-12-22,Mannar,0.7962109235574064
288,2019,1,2018-12-22,Matale,0.7697632175788222
288,2019,1,2018-12-22,Matara,0.8386761116894706
288,2019,1,2018-12-22,Moneragala,0.8238062908982748
288,2019,1,2018-12-22,Mullaitivu,0.7035232190660321
288,2019,1,2018-12-22,NuwaraEliya,0.817432389574658
288,2019,1,2018-12-22,Polonnaruwa,0.60110127528257
288,2019,1,2018-12-22,Puttalam,0.7880832930547294
288,2019,1,2018-12-22,Ratnapura,0.8320467207019632
288,2019,1,2018-12-22,Trincomalee,0.7070724077833054
288,2019,1,2018-12-22,Vavuniya,0.7335891099048186
289,2019,2,2018-12-29,Ampara,0.7149378448447004
289,2019,2,2018-12-29,Anuradhapura,0.7229835174969946
289,2019,2,2018-12-29,Badulla,0.8318134718345308
289,2019,2,2018-12-29,Batticaloa,0.7555883566289495
289,2019,2,2018-12-29,Colombo,0.6753360865785019
289,2019,2,2018-12-29,Galle,0.8138251361369149
289,2019,2,2018-12-29,Gampaha,0.7569804603486936
289,2019,2,2018-12-29,Hambantota,0.7217869699656884
289,2019,2,2018-12-29,Jaffna,0.4911970763052246
289,2019,2,2018-12-29,Kalutara,0.81136230952272
289,2019,2,2018-12-29,Kandy,0.7600779634524953
289,2019,2,2018-12-29,Kegalle,0.8354457328513248
289,2019,2,2018-12-29,Kilinochchi,0.5713262651827531
289,2019,2,2018-12-29,Kurunegala,0.7652409012453083
289,2019,2,2018-12-29,Mannar,0.7988665148949802
289,2019,2,2018-12-29,Matale,0.7175617215027685
289,2019,2,2018-12-29,Matara,0.8373490161533886
289,2019,2,2018-12-29,Moneragala,0.8181567587974191
289,2019,2,2018-12-29,Mullaitivu,0.7356935409325951
289,2019,2,2018-12-29,NuwaraEliya,0.8150592664622707
289,2019,2,2018-12-29,Polonnaruwa,0.6632541001235529
289,2019,2,2018-12-29,Puttalam,0.788044472154853
289,2019,2,2018-12-29,Ratnapura,0.8301585686175812
289,2019,2,2018-12-29,Trincomalee,0.7535185736065445
289,2019,2,2018-12-29,Vavuniya,0.7427349517228756
290,2019,3,2019-01-05,Ampara,0.7520542118247939
290,2019,3,2019-01-05,Anuradhapura,0.7157327817930774
290,2019,3,2019-01-05,Badulla,0.8204125657804422
290,2019,3,2019-01-05,Batticaloa,0.7468857774475797
290,2019,3,2019-01-05,Colombo,0.6704420766027548
290,2019,3,2019-01-05,Galle,0.8072675650940375
290,2019,3,2019-01-05,Gampaha,0.7545371070333593
290,2019,3,2019-01-05,Hambantota,0.7158005378008068
290,2019,3,2019-01-05,Jaffna,0.4835866443534659
290,2019,3,2019-01-05,Kalutara,0.8096891708232281
290,2019,3,2019-01-05,Kandy,0.7544705864523886
290,2019,3,2019-01-05,Kegalle,0.8289800942662335
290,2019,3,2019-01-05,Kilinochchi,0.573048188780424
290,2019,3,2019-01-05,Kurunegala,0.7456385640702614
290,2019,3,2019-01-05,Mannar,0.7948207500114401
290,2019,3,2019-01-05,Matale,0.6466058161350845
290,2019,3,2019-01-05,Matara,0.8357610190820484
290,2019,3,2019-01-05,Moneragala,0.8109228915938315
290,2019,3,2019-01-05,Mullaitivu,0.7645605569029423
290,2019,3,2019-01-05,NuwaraEliya,0.8115631103281014
290,2019,3,2019-01-05,Polonnaruwa,0.741468409371711
290,2019,3,2019-01-05,Puttalam,0.7864520546378072
290,2019,3,2019-01-05,Ratnapura,0.8275095044158697
290,2019,3,2019-01-05,Trincomalee,0.821246063902919
290,2019,3,2019-01-05,Vavuniya,0.7572148583718483
291,2019,4,2019-01-12,Ampara,0.6942726610521212
291,2019,4,2019-01-12,Anuradhapura,0.6684613455532421
291,2019,4,2019-01-12,Badulla,0.8239829602914932
291,2019,4,2019-01-12,Batticaloa,0.6693404828733185
291,2019,4,2019-01-12,Colombo,0.654657759518144
291,2019,4,2019-01-12,Galle,0.7983162273200477
291,2019,4,2019-01-12,Gampaha,0.7357957484384295
291,2019,4,2019-01-12,Hambantota,0.688401937825552
291,2019,4,2019-01-12,Jaffna,0.46944960065126107
291,2019,4,2019-01-12,Kalutara,0.8002494738994647
291,2019,4,2019-01-12,Kandy,0.7413086691539812
291,2019,4,2019-01-12,Kegalle,0.8158978565585961
291,2019,4,2019-01-12,Kilinochchi,0.5361848991650553
291,2019,4,2019-01-12,Kurunegala,0.7059653585274593
291,2019,4,2019-01-12,Mannar,0.7826039429654967
291,2019,4,2019-01-12,Matale,0.6754081777959549
291,2019,4,2019-01-12,Matara,0.8244448542534207
291,2019,4,2019-01-12,Moneragala,0.7966453078524688
291,2019,4,2019-01-12,Mullaitivu,0.7766833488251041
291,2019,4,2019-01-12,NuwaraEliya,0.8106691366745985
291,2019,4,2019-01-12,Polonnaruwa,0.7365722765466984
291,2019,4,2019-01-12,Puttalam,0.7627191627007733
291,2019,4,2019-01-12,Ratnapura,0.8157596575698989
291,2019,4,2019-01-12,Trincomalee,0.7009900507475257
291,2019,4,2019-01-12,Vavuniya,0.7423773776769781
292,2019,5,2019-01-19,Ampara,0.6291912704523126
292,2019,5,2019-01-19,Anuradhapura,0.618111393887567
292,2019,5,2019-01-19,Badulla,0.8287049933075551
292,2019,5,2019-01-19,Batticaloa,0.5864995948072965
292,2019,5,2019-01-19,Colombo,0.6380357265020821
292,2019,5,2019-01-19,Galle,0.7891807536436646
292,2019,5,2019-01-19,Gampaha,0.7158006971296847
292,2019,5,2019-01-19,Hambantota,0.65935624801873
292,2019,5,2019-01-19,Jaffna,0.45481050989132965
292,2019,5,2019-01-19,Kalutara,0.7902123494199882
292,2019,5,2019-01-19,Kandy,0.727565633371089
292,2019,5,2019-01-19,Kegalle,0.802306649687686
292,2019,5,2019-01-19,Kilinochchi,0.4963535162256068
292,2019,5,2019-01-19,Kurunegala,0.6647482400332915
292,2019,5,2019-01-19,Mannar,0.7697585942147531
292,2019,5,2019-01-19,Matale,0.7118842523051755
292,2019,5,2019-01-19,Matara,0.8123803688280786
292,2019,5,2019-01-19,Moneragala,0.7818258997620464
292,2019,5,2019-01-19,Mullaitivu,0.78751812351279
292,2019,5,2019-01-19,NuwaraEliya,0.8099753309042237
292,2019,5,2019-01-19,Polonnaruwa,0.7252830327929805
292,2019,5,2019-01-19,Puttalam,0.7372831573468174
292,2019,5,2019-01-19,Ratnapura,0.8033097505205236
292,2019,5,2019-01-19,Trincomalee,0.5662737680958427
292,2019,5,2019-01-19,Vavuniya,0.7252847133402737
293,2019,6,2019-01-26,Ampara,0.6160675714248092
293,2019,6,2019-01-26,Anuradhapura,0.5897000464753124
293,2019,6,2019-01-26,Badulla,0.8381581164485425
293,2019,6,2019-01-26,Batticaloa,0.5416459333630036
293,2019,6,2019-01-26,Colombo,0.6290198579714456
293,2019,6,2019-01-26,Galle,0.7904180342801904
293,2019,6,2019-01-26,Gampaha,0.7015446850832838
293,2019,6,2019-01-26,Hambantota,0.6464438298301599
293,2019,6,2019-01-26,Jaffna,0.4384156665182944
293,2019,6,2019-01-26,Kalutara,0.791618753718025
293,2019,6,2019-01-26,Kandy,0.7264842467281382
293,2019,6,2019-01-26,Kegalle,0.8018216091612136
293,2019,6,2019-01-26,Kilinochchi,0.4641330389092755
293,2019,6,2019-01-26,Kurunegala,0.6490068578970851
293,2019,6,2019-01-26,Mannar,0.7643400524241523
293,2019,6,2019-01-26,Matale,0.7352030636525878
293,2019,6,2019-01-26,Matara,0.807337881097561
293,2019,6,2019-01-26,Moneragala,0.7721036250743605
293,2019,6,2019-01-26,Mullaitivu,0.7547243858486659
293,2019,6,2019-01-26,NuwaraEliya,0.8051156119869126
293,2019,6,2019-01-26,Polonnaruwa,0.7272092764723379
293,2019,6,2019-01-26,Puttalam,0.7239998289708507
293,2019,6,2019-01-26,Ratnapura,0.8018957856186794
293,2019,6,2019-01-26,Trincomalee,0.5201564286777844
293,2019,6,2019-01-26,Vavuniya,0.6953543166270078
294,2019,7,2019-02-02,Ampara,0.6318092566041419
294,2019,7,2019-02-02,Anuradhapura,0.5734768125371802
294,2019,7,2019-02-02,Badulla,0.8502396229922666
294,2019,7,2019-02-02,Batticaloa,0.5178962867085601
294,2019,7,2019-02-02,Colombo,0.6242296363771564
294,2019,7,2019-02-02,Galle,0.7974179562016658
294,2019,7,2019-02-02,Gampaha,0.6904770281826293
294,2019,7,2019-02-02,Hambantota,0.6424943403183963
294,2019,7,2019-02-02,Jaffna,0.42104540502686816
294,2019,7,2019-02-02,Kalutara,0.7993826740035693
294,2019,7,2019-02-02,Kandy,0.7324371096073766
294,2019,7,2019-02-02,Kegalle,0.808617772159429
294,2019,7,2019-02-02,Kilinochchi,0.436140842494676
294,2019,7,2019-02-02,Kurunegala,0.6474186626264128
294,2019,7,2019-02-02,Mannar,0.7630475145002975
294,2019,7,2019-02-02,Matale,0.7512122843545509
294,2019,7,2019-02-02,Matara,0.8061965031975016
294,2019,7,2019-02-02,Moneragala,0.7652130911659727
294,2019,7,2019-02-02,Mullaitivu,0.6976925857668692
294,2019,7,2019-02-02,NuwaraEliya,0.797941496876859
294,2019,7,2019-02-02,Polonnaruwa,0.7364774576145152
294,2019,7,2019-02-02,Puttalam,0.7174679878048781
294,2019,7,2019-02-02,Ratnapura,0.8066128996876859
294,2019,7,2019-02-02,Trincomalee,0.5232607243895175
294,2019,7,2019-02-02,Vavuniya,0.6582918463712076
295,2019,8,2019-02-09,Ampara,0.6396112247174301
295,2019,8,2019-02-09,Anuradhapura,0.5759269036287924
295,2019,8,2019-02-09,Badulla,0.8536381841165973
295,2019,8,2019-02-09,Batticaloa,0.5160180223880597
295,2019,8,2019-02-09,Colombo,0.6209831015764425
295,2019,8,2019-02-09,Galle,0.7984248029446759
295,2019,8,2019-02-09,Gampaha,0.6764265950327186
295,2019,8,2019-02-09,Hambantota,0.6334328702783751
295,2019,8,2019-02-09,Jaffna,0.40536295155489527
295,2019,8,2019-02-09,Kalutara,0.8037179617787031
295,2019,8,2019-02-09,Kandy,0.7324053651100536
295,2019,8,2019-02-09,Kegalle,0.8103426327334919
295,2019,8,2019-02-09,Kilinochchi,0.4227862048539898
295,2019,8,2019-02-09,Kurunegala,0.6475035878941107
295,2019,8,2019-02-09,Mannar,0.7699972244943486
295,2019,8,2019-02-09,Matale,0.7535813541046996
295,2019,8,2019-02-09,Matara,0.8023631822575849
295,2019,8,2019-02-09,Moneragala,0.7588196757882213
295,2019,8,2019-02-09,Mullaitivu,0.6784453113978712
295,2019,8,2019-02-09,NuwaraEliya,0.7933319545657347
295,2019,8,2019-02-09,Polonnaruwa,0.7359619441552647
295,2019,8,2019-02-09,Puttalam,0.7074290916864961
295,2019,8,2019-02-09,Ratnapura,0.8070069452706722
295,2019,8,2019-02-09,Trincomalee,0.5589138241181181
295,2019,8,2019-02-09,Vavuniya,0.6342500576293872
296,2019,9,2019-02-16,Ampara,0.6331217021118383
296,2019,9,2019-02-16,Anuradhapura,0.6119889797739441
296,2019,9,2019-02-16,Badulla,0.8414074434860204
296,2019,9,2019-02-16,Batticaloa,0.5535082462686567
296,2019,9,2019-02-16,Colombo,0.6205152030041642
296,2019,9,2019-02-16,Galle,0.7886441143664485
296,2019,9,2019-02-16,Gampaha,0.6570071646341463
296,2019,9,2019-02-16,Hambantota,0.6151698352874905
296,2019,9,2019-02-16,Jaffna,0.3927185525179385
296,2019,9,2019-02-16,Kalutara,0.8018817110350982
296,2019,9,2019-02-16,Kandy,0.7216013273349198
296,2019,9,2019-02-16,Kegalle,0.8029391489440809
296,2019,9,2019-02-16,Kilinochchi,0.4357791730063478
296,2019,9,2019-02-16,Kurunegala,0.6506001301308745
296,2019,9,2019-02-16,Mannar,0.7917829807406306
296,2019,9,2019-02-16,Matale,0.7313981521415824
296,2019,9,2019-02-16,Matara,0.793684363845925
296,2019,9,2019-02-16,Moneragala,0.7533210737656157
296,2019,9,2019-02-16,Mullaitivu,0.7272101833119105
296,2019,9,2019-02-16,NuwaraEliya,0.7933386432926829
296,2019,9,2019-02-16,Polonnaruwa,0.7178357804134444
296,2019,9,2019-02-16,Puttalam,0.6910774966537775
296,2019,9,2019-02-16,Ratnapura,0.7996194675788222
296,2019,9,2019-02-16,Trincomalee,0.6531547710770798
296,2019,9,2019-02-16,Vavuniya,0.6336454956127305
297,2019,10,2019-01-26,Ampara,0.6160675714248092
297,2019,10,2019-01-26,Anuradhapura,0.5897000464753124
297,2019,10,2019-01-26,Badulla,0.8381581164485425
297,2019,10,2019-01-26,Batticaloa,0.5416459333630036
297,2019,10,2019-01-26,Colombo,0.6290198579714456
297,2019,10,2019-01-26,Galle,0.7904180342801904
297,2019,10,2019-01-26,Gampaha,0.7015446850832838
297,2019,10,2019-01-26,Hambantota,0.6464438298301599
297,2019,10,2019-01-26,Jaffna,0.4384156665182944
297,2019,10,2019-01-26,Kalutara,0.791618753718025
297,2019,10,2019-01-26,Kandy,0.7264842467281382
297,2019,10,2019-01-26,Kegalle,0.8018216091612136
297,2019,10,2019-01-26,Kilinochchi,0.4641330389092755
297,2019,10,2019-01-26,Kurunegala,0.6490068578970851
297,2019,10,2019-01-26,Mannar,0.7643400524241523
297,2019,10,2019-01-26,Matale,0.7352030636525878
297,2019,10,2019-01-26,Matara,0.807337881097561
297,2019,10,2019-01-26,Moneragala,0.7721036250743605
297,2019,10,2019-01-26,Mullaitivu,0.7547243858486659
297,2019,10,2019-01-26,NuwaraEliya,0.8051156119869126
297,2019,10,2019-01-26,Polonnaruwa,0.7272092764723379
297,2019,10,2019-01-26,Puttalam,0.7239998289708507
297,2019,10,2019-01-26,Ratnapura,0.8018957856186794
297,2019,10,2019-01-26,Trincomalee,0.5201564286777844
297,2019,10,2019-01-26,Vavuniya,0.6953543166270078
298,2019,11,2019-03-02,Ampara,0.6441826163741821
298,2019,11,2019-03-02,Anuradhapura,0.6234638254759073
298,2019,11,2019-03-02,Badulla,0.8405390894556812
298,2019,11,2019-03-02,Batticaloa,0.5839023666262233
298,2019,11,2019-03-02,Colombo,0.6190952632361689
298,2019,11,2019-03-02,Galle,0.7861031305770375
298,2019,11,2019-03-02,Gampaha,0.6341030432034503
298,2019,11,2019-03-02,Hambantota,0.6179944489886973
298,2019,11,2019-03-02,Jaffna,0.3846959378155585
298,2019,11,2019-03-02,Kalutara,0.7901646118381916
298,2019,11,2019-03-02,Kandy,0.6989033871207615
298,2019,11,2019-03-02,Kegalle,0.8109011618828079
298,2019,11,2019-03-02,Kilinochchi,0.4248934672507999
298,2019,11,2019-03-02,Kurunegala,0.6430427777364665
298,2019,11,2019-03-02,Mannar,0.7905599889621688
298,2019,11,2019-03-02,Matale,0.7231914745687091
298,2019,11,2019-03-02,Matara,0.8024616727394409
298,2019,11,2019-03-02,Moneragala,0.7550081164485426
298,2019,11,2019-03-02,Mullaitivu,0.7656550156157049
298,2019,11,2019-03-02,NuwaraEliya,0.78493501635931
298,2019,11,2019-03-02,Polonnaruwa,0.6596347709696609
298,2019,11,2019-03-02,Puttalam,0.6361242694080904
298,2019,11,2019-03-02,Ratnapura,0.806954872471743
298,2019,11,2019-03-02,Trincomalee,0.7456795621890687
298,2019,11,2019-03-02,Vavuniya,0.6206834901100535
299,2019,12,2019-03-09,Ampara,0.6601303892772159
299,2019,12,2019-03-09,Anuradhapura,0.602919882138608
299,2019,12,2019-03-09,Badulla,0.8503286009071981
299,2019,12,2019-03-09,Batticaloa,0.5797786849301014
299,2019,12,2019-03-09,Colombo,0.618175498215348
299,2019,12,2019-03-09,Galle,0.7922081424747175
299,2019,12,2019-03-09,Gampaha,0.6295560362135634
299,2019,12,2019-03-09,Hambantota,0.6364587187685902
299,2019,12,2019-03-09,Jaffna,0.38816664325869976
299,2019,12,2019-03-09,Kalutara,0.7808200698988698
299,2019,12,2019-03-09,Kandy,0.6870821423259965
299,2019,12,2019-03-09,Kegalle,0.8247487265764426
299,2019,12,2019-03-09,Kilinochchi,0.40347290281357834
299,2019,12,2019-03-09,Kurunegala,0.6333055788964902
299,2019,12,2019-03-09,Mannar,0.77053754122216
299,2019,12,2019-03-09,Matale,0.7347573505353956
299,2019,12,2019-03-09,Matara,0.8181754703301607
299,2019,12,2019-03-09,Moneragala,0.7613481447055325
299,2019,12,2019-03-09,Mullaitivu,0.7592739701070791
299,2019,12,2019-03-09,NuwaraEliya,0.7770858343248067
299,2019,12,2019-03-09,Polonnaruwa,0.6210231707317073
299,2019,12,2019-03-09,Puttalam,0.5990059730071385
299,2019,12,2019-03-09,Ratnapura,0.8202037310380726
299,2019,12,2019-03-09,Trincomalee,0.7503605465291584
299,2019,12,2019-03-09,Vavuniya,0.6091095720553242
300,2019,13,2019-03-16,Ampara,0.6534509053390839
300,2019,13,2019-03-16,Anuradhapura,0.5820099196906604
300,2019,13,2019-03-16,Badulla,0.84085999405116
300,2019,13,2019-03-16,Batticaloa,0.5711279736630296
300,2019,13,2019-03-16,Colombo,0.6205140783016062
300,2019,13,2019-03-16,Galle,0.7949297832391434
300,2019,13,2019-03-16,Gampaha,0.6345988771564545
300,2019,13,2019-03-16,Hambantota,0.6305456821596248
300,2019,13,2019-03-16,Jaffna,0.38130644363876076
300,2019,13,2019-03-16,Kalutara,0.7827514890690066
300,2019,13,2019-03-16,Kandy,0.6726840199286139
300,2019,13,2019-03-16,Kegalle,0.8267464455681143
300,2019,13,2019-03-16,Kilinochchi,0.39119834492811106
300,2019,13,2019-03-16,Kurunegala,0.625258133179655
300,2019,13,2019-03-16,Mannar,0.7686031596570225
300,2019,13,2019-03-16,Matale,0.7307431104997026
300,2019,13,2019-03-16,Matara,0.8181959863920286
300,2019,13,2019-03-16,Moneragala,0.75095501189768
300,2019,13,2019-03-16,Mullaitivu,0.751445882287329
300,2019,13,2019-03-16,NuwaraEliya,0.7644111466389054
300,2019,13,2019-03-16,Polonnaruwa,0.5820098062908983
300,2019,13,2019-03-16,Puttalam,0.5856467318560381
300,2019,13,2019-03-16,Ratnapura,0.8156150115258776
300,2019,13,2019-03-16,Trincomalee,0.7508189640426092
300,2019,13,2019-03-16,Vavuniya,0.5961064637864367
301,2019,14,2019-03-23,Ampara,0.6406003513533611
301,2019,14,2019-03-23,Anuradhapura,0.5610001338488995
301,2019,14,2019-03-23,Badulla,0.8261391731112433
301,2019,14,2019-03-23,Batticaloa,0.561242617967517
301,2019,14,2019-03-23,Colombo,0.6237412979625223
301,2019,14,2019-03-23,Galle,0.7967286864217729
301,2019,14,2019-03-23,Gampaha,0.6422571311719214
301,2019,14,2019-03-23,Hambantota,0.6179842892627891
301,2019,14,2019-03-23,Jaffna,0.37162872445616346
301,2019,14,2019-03-23,Kalutara,0.7877581703599049
301,2019,14,2019-03-23,Kandy,0.6575831127305176
301,2019,14,2019-03-23,Kegalle,0.8255123884592505
301,2019,14,2019-03-23,Kilinochchi,0.3814181524658496
301,2019,14,2019-03-23,Kurunegala,0.6176715292236764
301,2019,14,2019-03-23,Mannar,0.7716018870486681
301,2019,14,2019-03-23,Matale,0.722479747917906
301,2019,14,2019-03-23,Matara,0.8139365165823915
301,2019,14,2019-03-23,Moneragala,0.7359982897085069
301,2019,14,2019-03-23,Mullaitivu,0.7432231465645449
301,2019,14,2019-03-23,NuwaraEliya,0.7504204119571684
301,2019,14,2019-03-23,Polonnaruwa,0.5428868697947651
301,2019,14,2019-03-23,Puttalam,0.578767233045806
301,2019,14,2019-03-23,Ratnapura,0.8061614979922666
301,2019,14,2019-03-23,Trincomalee,0.7501257724215221
301,2019,14,2019-03-23,Vavuniya,0.5827135763682333
302,2019,15,2019-03-30,Ampara,0.6228698635484832
302,2019,15,2019-03-30,Anuradhapura,0.5487473750743606
302,2019,15,2019-03-30,Badulla,0.8180759518143963
302,2019,15,2019-03-30,Batticaloa,0.5496554837807284
302,2019,15,2019-03-30,Colombo,0.6246140597114813
302,2019,15,2019-03-30,Galle,0.7840572405700429
302,2019,15,2019-03-30,Gampaha,0.6532453431737061
302,2019,15,2019-03-30,Hambantota,0.5918138122401835
302,2019,15,2019-03-30,Jaffna,0.3679321371636238
302,2019,15,2019-03-30,Kalutara,0.7809043463712076
302,2019,15,2019-03-30,Kandy,0.6582935622397382
302,2019,15,2019-03-30,Kegalle,0.8283467690362879
302,2019,15,2019-03-30,Kilinochchi,0.37718439233762946
302,2019,15,2019-03-30,Kurunegala,0.6244950847709697
302,2019,15,2019-03-30,Mannar,0.7483431934931508
302,2019,15,2019-03-30,Matale,0.7174802368381916
302,2019,15,2019-03-30,Matara,0.8058249776918501
302,2019,15,2019-03-30,Moneragala,0.730235873364069
302,2019,15,2019-03-30,Mullaitivu,0.7351235536882808
302,2019,15,2019-03-30,NuwaraEliya,0.7491392995240927
302,2019,15,2019-03-30,Polonnaruwa,0.5171882343099347
302,2019,15,2019-03-30,Puttalam,0.5652418073319453
302,2019,15,2019-03-30,Ratnapura,0.8083341240333136
302,2019,15,2019-03-30,Trincomalee,0.7444247219628667
302,2019,15,2019-03-30,Vavuniya,0.5735332075401548
303,2019,16,2019-04-06,Ampara,0.6002594419244498
303,2019,16,2019-04-06,Anuradhapura,0.5452516433670433
303,2019,16,2019-04-06,Badulla,0.8166703301606187
303,2019,16,2019-04-06,Batticaloa,0.5363665711026638
303,2019,16,2019-04-06,Colombo,0.6231323635484831
303,2019,16,2019-04-06,Galle,0.7569154456839535
303,2019,16,2019-04-06,Gampaha,0.6675635131618084
303,2019,16,2019-04-06,Hambantota,0.552034251091808
303,2019,16,2019-04-06,Jaffna,0.3702166817611416
303,2019,16,2019-04-06,Kalutara,0.762190017102915
303,2019,16,2019-04-06,Kandy,0.6748153684562761
303,2019,16,2019-04-06,Kegalle,0.8352495872992267
303,2019,16,2019-04-06,Kilinochchi,0.3784970645434506
303,2019,16,2019-04-06,Kurunegala,0.6457287998215349
303,2019,16,2019-04-06,Mannar,0.6988270789904706
303,2019,16,2019-04-06,Matale,0.7157445772605592
303,2019,16,2019-04-06,Matara,0.7938613697204046
303,2019,16,2019-04-06,Moneragala,0.7336677628643664
303,2019,16,2019-04-06,Mullaitivu,0.7271471036585366
303,2019,16,2019-04-06,NuwaraEliya,0.7605678093396788
303,2019,16,2019-04-06,Polonnaruwa,0.504913899836407
303,2019,16,2019-04-06,Puttalam,0.5450704547144557
303,2019,16,2019-04-06,Ratnapura,0.8221328896490185
303,2019,16,2019-04-06,Trincomalee,0.7337158126666429
303,2019,16,2019-04-06,Vavuniya,0.5685653573022011
304,2019,17,2019-04-13,Ampara,0.5884364440809042
304,2019,17,2019-04-13,Anuradhapura,0.5506632101427721
304,2019,17,2019-04-13,Badulla,0.8157938076293874
304,2019,17,2019-04-13,Batticaloa,0.5225449397679953
304,2019,17,2019-04-13,Colombo,0.6222665061719215
304,2019,17,2019-04-13,Galle,0.7425091818155874
304,2019,17,2019-04-13,Gampaha,0.6776616392772159
304,2019,17,2019-04-13,Hambantota,0.5295136098304581
304,2019,17,2019-04-13,Jaffna,0.37024043974938836
304,2019,17,2019-04-13,Kalutara,0.7473745891582392
304,2019,17,2019-04-13,Kandy,0.6935132956573469
304,2019,17,2019-04-13,Kegalle,0.840776143292683
304,2019,17,2019-04-13,Kilinochchi,0.38257567838168954
304,2019,17,2019-04-13,Kurunegala,0.659644621876859
304,2019,17,2019-04-13,Mannar,0.6627048176402858
304,2019,17,2019-04-13,Matale,0.7114647847263533
304,2019,17,2019-04-13,Matara,0.7864595664782867
304,2019,17,2019-04-13,Moneragala,0.7388089306960143
304,2019,17,2019-04-13,Mullaitivu,0.7166550472189173
304,2019,17,2019-04-13,NuwaraEliya,0.7696554915229031
304,2019,17,2019-04-13,Polonnaruwa,0.4998108659280191
304,2019,17,2019-04-13,Puttalam,0.5377009685455086
304,2019,17,2019-04-13,Ratnapura,0.8218677163890542
304,2019,17,2019-04-13,Trincomalee,0.7212493882673854
304,2019,17,2019-04-13,Vavuniya,0.5708703710588936
305,2019,18,2019-04-20,Ampara,0.6161673334324806
305,2019,18,2019-04-20,Anuradhapura,0.5887348713563355
305,2019,18,2019-04-20,Badulla,0.8168573152141583
305,2019,18,2019-04-20,Batticaloa,0.506770006692445
305,2019,18,2019-04-20,Colombo,0.6236587243456276
305,2019,18,2019-04-20,Galle,0.7747998650122061
305,2019,18,2019-04-20,Gampaha,0.6722862711927424
305,2019,18,2019-04-20,Hambantota,0.5702756748215349
305,2019,18,2019-04-20,Jaffna,0.3619746468369746
305,2019,18,2019-04-20,Kalutara,0.746855132733492
305,2019,18,2019-04-20,Kandy,0.7201903331350388
305,2019,18,2019-04-20,Kegalle,0.8412564042980369
305,2019,18,2019-04-20,Kilinochchi,0.3967960782054605
305,2019,18,2019-04-20,Kurunegala,0.6467281696162999
305,2019,18,2019-04-20,Mannar,0.6756933511825844
305,2019,18,2019-04-20,Matale,0.6978565046847115
305,2019,18,2019-04-20,Matara,0.7957843805770375
305,2019,18,2019-04-20,Moneragala,0.7502174524092802
305,2019,18,2019-04-20,Mullaitivu,0.6969391006097561
305,2019,18,2019-04-20,NuwaraEliya,0.7701601390541345
305,2019,18,2019-04-20,Polonnaruwa,0.5210026007584772
305,2019,18,2019-04-20,Puttalam,0.5772716593545509
305,2019,18,2019-04-20,Ratnapura,0.770034767251636
305,2019,18,2019-04-20,Trincomalee,0.7023387418236706
305,2019,18,2019-04-20,Vavuniya,0.5998425527959549
306,2019,19,2019-04-27,Ampara,0.6438982227840572
306,2019,19,2019-04-27,Anuradhapura,0.6268065325698989
306,2019,19,2019-04-27,Badulla,0.8179208227989293
306,2019,19,2019-04-27,Batticaloa,0.49099507361689476
306,2019,19,2019-04-27,Colombo,0.6250509425193338
306,2019,19,2019-04-27,Galle,0.8070905482088249
306,2019,19,2019-04-27,Gampaha,0.6669109031082688
306,2019,19,2019-04-27,Hambantota,0.6110377398126117
306,2019,19,2019-04-27,Jaffna,0.3537088539245609
306,2019,19,2019-04-27,Kalutara,0.7463356763087449
306,2019,19,2019-04-27,Kandy,0.7468673706127306
306,2019,19,2019-04-27,Kegalle,0.8417366653033909
306,2019,19,2019-04-27,Kilinochchi,0.4110164780292314
306,2019,19,2019-04-27,Kurunegala,0.6338117173557406
306,2019,19,2019-04-27,Mannar,0.688681884724883
306,2019,19,2019-04-27,Matale,0.6842482246430697
306,2019,19,2019-04-27,Matara,0.8051091946757882
306,2019,19,2019-04-27,Moneragala,0.7616259741225461
306,2019,19,2019-04-27,Mullaitivu,0.6772231540005949
306,2019,19,2019-04-27,NuwaraEliya,0.7706647865853659
306,2019,19,2019-04-27,Polonnaruwa,0.5421943355889352
306,2019,19,2019-04-27,Puttalam,0.6168423501635931
306,2019,19,2019-04-27,Ratnapura,0.7182018181142178
306,2019,19,2019-04-27,Trincomalee,0.6834280953799561
306,2019,19,2019-04-27,Vavuniya,0.6288147345330162
307,2019,20,2019-05-04,Ampara,0.6540752717014852
307,2019,20,2019-05-04,Anuradhapura,0.62987691664188
307,2019,20,2019-05-04,Badulla,0.813056536287924
307,2019,20,2019-05-04,Batticaloa,0.48454757770672224
307,2019,20,2019-05-04,Colombo,0.6065073059190959
307,2019,20,2019-05-04,Galle,0.780187771415824
307,2019,20,2019-05-04,Gampaha,0.5806465752973092
307,2019,20,2019-05-04,Hambantota,0.6260589009518145
307,2019,20,2019-05-04,Jaffna,0.3536304623092087
307,2019,20,2019-05-04,Kalutara,0.6950025617192148
307,2019,20,2019-05-04,Kandy,0.7478872192891137
307,2019,20,2019-05-04,Kegalle,0.8086829157659309
307,2019,20,2019-05-04,Kilinochchi,0.40869380459460053
307,2019,20,2019-05-04,Kurunegala,0.6562800509369423
307,2019,20,2019-05-04,Mannar,0.7148882477406905
307,2019,20,2019-05-04,Matale,0.6725268199732303
307,2019,20,2019-05-04,Matara,0.7983808503123141
307,2019,20,2019-05-04,Moneragala,0.7686254870612731
307,2019,20,2019-05-04,Mullaitivu,0.6846390281082689
307,2019,20,2019-05-04,NuwaraEliya,0.7748299617043427
307,2019,20,2019-05-04,Polonnaruwa,0.5419178725461036
307,2019,20,2019-05-04,Puttalam,0.6281237098453302
307,2019,20,2019-05-04,Ratnapura,0.7334035990481856
307,2019,20,2019-05-04,Trincomalee,0.6895447063682563
307,2019,20,2019-05-04,Vavuniya,0.6306474345627603
308,2019,21,2019-05-11,Ampara,0.6629020252009018
308,2019,21,2019-05-11,Anuradhapura,0.630254894779893
308,2019,21,2019-05-11,Badulla,0.807736265615705
308,2019,21,2019-05-11,Batticaloa,0.4788175769631173
308,2019,21,2019-05-11,Colombo,0.5864301420285545
308,2019,21,2019-05-11,Galle,0.7487316515466984
308,2019,21,2019-05-11,Gampaha,0.4881600198150814
308,2019,21,2019-05-11,Hambantota,0.63909999256395
308,2019,21,2019-05-11,Jaffna,0.35418187079363045
308,2019,21,2019-05-11,Kalutara,0.6397607041939323
308,2019,21,2019-05-11,Kandy,0.7469334380577038
308,2019,21,2019-05-11,Kegalle,0.7730496269559468
308,2019,21,2019-05-11,Kilinochchi,0.40509858706316954
308,2019,21,2019-05-11,Kurunegala,0.6814702911213564
308,2019,21,2019-05-11,Mannar,0.7421113668698448
308,2019,21,2019-05-11,Matale,0.6609505595627604
308,2019,21,2019-05-11,Matara,0.7904176476055919
308,2019,21,2019-05-11,Moneragala,0.7752858454788816
308,2019,21,2019-05-11,Mullaitivu,0.6941419653480072
308,2019,21,2019-05-11,NuwaraEliya,0.7792767158685306
308,2019,21,2019-05-11,Polonnaruwa,0.539990009666865
308,2019,21,2019-05-11,Puttalam,0.6372289671326592
308,2019,21,2019-05-11,Ratnapura,0.7537618976799525
308,2019,21,2019-05-11,Trincomalee,0.697586491005173
308,2019,21,2019-05-11,Vavuniya,0.6303924821534801
309,2019,22,2019-05-18,Ampara,0.6665859831222039
309,2019,22,2019-05-18,Anuradhapura,0.643434650133849
309,2019,22,2019-05-18,Badulla,0.8077384462373587
309,2019,22,2019-05-18,Batticaloa,0.48295408547683955
309,2019,22,2019-05-18,Colombo,0.5804023442147531
309,2019,22,2019-05-18,Galle,0.7323393552944676
309,2019,22,2019-05-18,Gampaha,0.5009008582961089
309,2019,22,2019-05-18,Hambantota,0.642372769700785
309,2019,22,2019-05-18,Jaffna,0.3692035385624796
309,2019,22,2019-05-18,Kalutara,0.6229702892623439
309,2019,22,2019-05-18,Kandy,0.7453531603212374
309,2019,22,2019-05-18,Kegalle,0.7508902799562158
309,2019,22,2019-05-18,Kilinochchi,0.40520523448428
309,2019,22,2019-05-18,Kurunegala,0.6809981502825699
309,2019,22,2019-05-18,Mannar,0.7466429978388924
309,2019,22,2019-05-18,Matale,0.6589534968024986
309,2019,22,2019-05-18,Matara,0.7873055640243902
309,2019,22,2019-05-18,Moneragala,0.7814333618381916
309,2019,22,2019-05-18,Mullaitivu,0.7001025245389649
309,2019,22,2019-05-18,NuwaraEliya,0.7791606948988697
309,2019,22,2019-05-18,Polonnaruwa,0.5549254350089232
309,2019,22,2019-05-18,Puttalam,0.6491691608417609
309,2019,22,2019-05-18,Ratnapura,0.7582026676829269
309,2019,22,2019-05-18,Trincomalee,0.6999932477727302
309,2019,22,2019-05-18,Vavuniya,0.6387710179952409
310,2019,23,2019-05-25,Ampara,0.6674128323889978
310,2019,23,2019-05-25,Anuradhapura,0.6637265039411065
310,2019,23,2019-05-25,Badulla,0.8106975442444974
310,2019,23,2019-05-25,Batticaloa,0.49257198802241026
310,2019,23,2019-05-25,Colombo,0.5821797497769186
310,2019,23,2019-05-25,Galle,0.7243158499405117
310,2019,23,2019-05-25,Gampaha,0.572101360090056
310,2019,23,2019-05-25,Hambantota,0.6402187054624532
310,2019,23,2019-05-25,Jaffna,0.3922642392671219
310,2019,23,2019-05-25,Kalutara,0.6275417868828079
310,2019,23,2019-05-25,Kandy,0.7434248289708507
310,2019,23,2019-05-25,Kegalle,0.7362164561844035
310,2019,23,2019-05-25,Kilinochchi,0.4073684735456912
310,2019,23,2019-05-25,Kurunegala,0.6662691310975609
310,2019,23,2019-05-25,Mannar,0.7385682464967697
310,2019,23,2019-05-25,Matale,0.6622782105145747
310,2019,23,2019-05-25,Matara,0.7868885466240333
310,2019,23,2019-05-25,Moneragala,0.7872959659428912
310,2019,23,2019-05-25,Mullaitivu,0.7040950959250447
310,2019,23,2019-05-25,NuwaraEliya,0.7765097988548483
310,2019,23,2019-05-25,Polonnaruwa,0.5792293538072576
310,2019,23,2019-05-25,Puttalam,0.6626843192296252
310,2019,23,2019-05-25,Ratnapura,0.7538003662254611
310,2019,23,2019-05-25,Trincomalee,0.6992694335017542
310,2019,23,2019-05-25,Vavuniya,0.6519459361986912
311,2019,24,2019-06-01,Ampara,0.6754678483789411
311,2019,24,2019-06-01,Anuradhapura,0.664938903554432
311,2019,24,2019-06-01,Badulla,0.8081658722486615
311,2019,24,2019-06-01,Batticaloa,0.5007945195923269
311,2019,24,2019-06-01,Colombo,0.5859669430398573
311,2019,24,2019-06-01,Galle,0.6876530580755503
311,2019,24,2019-06-01,Gampaha,0.6189854327781082
311,2019,24,2019-06-01,Hambantota,0.636814265750184
311,2019,24,2019-06-01,Jaffna,0.3988337900293668
311,2019,24,2019-06-01,Kalutara,0.6524391229179061
311,2019,24,2019-06-01,Kandy,0.7193974773200477
311,2019,24,2019-06-01,Kegalle,0.7071700420136823
311,2019,24,2019-06-01,Kilinochchi,0.4063875839111478
311,2019,24,2019-06-01,Kurunegala,0.6397503848155859
311,2019,24,2019-06-01,Mannar,0.7324820575140842
311,2019,24,2019-06-01,Matale,0.6561952613771564
311,2019,24,2019-06-01,Matara,0.7516972226353361
311,2019,24,2019-06-01,Moneragala,0.786285903108269
311,2019,24,2019-06-01,Mullaitivu,0.7097634183521714
311,2019,24,2019-06-01,NuwaraEliya,0.754195867415229
311,2019,24,2019-06-01,Polonnaruwa,0.6104408610945865
311,2019,24,2019-06-01,Puttalam,0.6510390262492564
311,2019,24,2019-06-01,Ratnapura,0.7589046735574063
311,2019,24,2019-06-01,Trincomalee,0.6981238064442149
311,2019,24,2019-06-01,Vavuniya,0.6535936756395003
312,2019,25,2019-06-08,Ampara,0.6965335644705534
312,2019,25,2019-06-08,Anuradhapura,0.6318082856186794
312,2019,25,2019-06-08,Badulla,0.7957508142474717
312,2019,25,2019-06-08,Batticaloa,0.5065053834060661
312,2019,25,2019-06-08,Colombo,0.5933717541641881
312,2019,25,2019-06-08,Galle,0.5994395504907793
312,2019,25,2019-06-08,Gampaha,0.6220999330755503
312,2019,25,2019-06-08,Hambantota,0.6311591501848276
312,2019,25,2019-06-08,Jaffna,0.3757192708952967
312,2019,25,2019-06-08,Kalutara,0.7139229680993456
312,2019,25,2019-06-08,Kandy,0.655591889128495
312,2019,25,2019-06-08,Kegalle,0.6522529651249256
312,2019,25,2019-06-08,Kilinochchi,0.399747262623886
312,2019,25,2019-06-08,Kurunegala,0.592010129759072
312,2019,25,2019-06-08,Mannar,0.7299752807783862
312,2019,25,2019-06-08,Matale,0.6331785191106484
312,2019,25,2019-06-08,Matara,0.6539121467876264
312,2019,25,2019-06-08,Moneragala,0.7729050397828674
312,2019,25,2019-06-08,Mullaitivu,0.7184480926531827
312,2019,25,2019-06-08,NuwaraEliya,0.6964884722635336
312,2019,25,2019-06-08,Polonnaruwa,0.6540860276621059
312,2019,25,2019-06-08,Puttalam,0.5941049208060678
312,2019,25,2019-06-08,Ratnapura,0.7811208767102915
312,2019,25,2019-06-08,Trincomalee,0.6962189163708615
312,2019,25,2019-06-08,Vavuniya,0.6344924933075551
313,2019,26,2019-06-15,Ampara,0.7145974438578229
313,2019,26,2019-06-15,Anuradhapura,0.6002368790898276
313,2019,26,2019-06-15,Badulla,0.7832533964158239
313,2019,26,2019-06-15,Batticaloa,0.5100988381171923
313,2019,26,2019-06-15,Colombo,0.6004090480439648
313,2019,26,2019-06-15,Galle,0.5222080086258181
313,2019,26,2019-06-15,Gampaha,0.6268833358120167
313,2019,26,2019-06-15,Hambantota,0.6230090106335514
313,2019,26,2019-06-15,Jaffna,0.3520256987156238
313,2019,26,2019-06-15,Kalutara,0.7716999293575253
313,2019,26,2019-06-15,Kandy,0.5996747527513385
313,2019,26,2019-06-15,Kegalle,0.6066741448542534
313,2019,26,2019-06-15,Kilinochchi,0.3930683018465909
313,2019,26,2019-06-15,Kurunegala,0.5527151806960143
313,2019,26,2019-06-15,Mannar,0.7264518787202381
313,2019,26,2019-06-15,Matale,0.6116466946757882
313,2019,26,2019-06-15,Matara,0.5705087206276027
313,2019,26,2019-06-15,Moneragala,0.7595337856930399
313,2019,26,2019-06-15,Mullaitivu,0.7254208860053539
313,2019,26,2019-06-15,NuwaraEliya,0.6464644965794171
313,2019,26,2019-06-15,Polonnaruwa,0.6965072018143963
313,2019,26,2019-06-15,Puttalam,0.5426541232897084
313,2019,26,2019-06-15,Ratnapura,0.8022827558001191
313,2019,26,2019-06-15,Trincomalee,0.693634667731183
313,2019,26,2019-06-15,Vavuniya,0.6143837206276027
314,2019,27,2019-06-22,Ampara,0.6936374460886378
314,2019,27,2019-06-22,Anuradhapura,0.5889352208506842
314,2019,27,2019-06-22,Badulla,0.7696853007882213
314,2019,27,2019-06-22,Batticaloa,0.4861659744943487
314,2019,27,2019-06-22,Colombo,0.60266861774454
314,2019,27,2019-06-22,Galle,0.5877420211183819
314,2019,27,2019-06-22,Gampaha,0.6533624702558002
314,2019,27,2019-06-22,Hambantota,0.5824235592653183
314,2019,27,2019-06-22,Jaffna,0.3208044369431147
314,2019,27,2019-06-22,Kalutara,0.7812873996133255
314,2019,27,2019-06-22,Kandy,0.6463074899613326
314,2019,27,2019-06-22,Kegalle,0.6824926606186794
314,2019,27,2019-06-22,Kilinochchi,0.3858870276988636
314,2019,27,2019-06-22,Kurunegala,0.6232092095478883
314,2019,27,2019-06-22,Mannar,0.7097123474702381
314,2019,27,2019-06-22,Matale,0.6094188020523498
314,2019,27,2019-06-22,Matara,0.6740667404074956
314,2019,27,2019-06-22,Moneragala,0.7462874516656752
314,2019,27,2019-06-22,Mullaitivu,0.7101392270226056
314,2019,27,2019-06-22,NuwaraEliya,0.6963249739738251
314,2019,27,2019-06-22,Polonnaruwa,0.7230164745687091
314,2019,27,2019-06-22,Puttalam,0.5624863288221297
314,2019,27,2019-06-22,Ratnapura,0.8097384220701963
314,2019,27,2019-06-22,Trincomalee,0.6822187577292773
314,2019,27,2019-06-22,Vavuniya,0.5811762734235575
315,2019,28,2019-06-29,Ampara,0.6726774483194528
315,2019,28,2019-06-29,Anuradhapura,0.5776335626115408
315,2019,28,2019-06-29,Badulla,0.7561172051606188
315,2019,28,2019-06-29,Batticaloa,0.4622331108715051
315,2019,28,2019-06-29,Colombo,0.6049281874451149
315,2019,28,2019-06-29,Galle,0.6532760336109459
315,2019,28,2019-06-29,Gampaha,0.6798416046995837
315,2019,28,2019-06-29,Hambantota,0.5418381078970851
315,2019,28,2019-06-29,Jaffna,0.2895831751706057
315,2019,28,2019-06-29,Kalutara,0.7908748698691256
315,2019,28,2019-06-29,Kandy,0.6929402271713266
315,2019,28,2019-06-29,Kegalle,0.7583111763831053
315,2019,28,2019-06-29,Kilinochchi,0.3787057535511364
315,2019,28,2019-06-29,Kurunegala,0.6937032383997621
315,2019,28,2019-06-29,Mannar,0.6929728162202381
315,2019,28,2019-06-29,Matale,0.6071909094289113
315,2019,28,2019-06-29,Matara,0.7776247601873886
315,2019,28,2019-06-29,Moneragala,0.7330411176383106
315,2019,28,2019-06-29,Mullaitivu,0.6948575680398573
315,2019,28,2019-06-29,NuwaraEliya,0.7461854513682332
315,2019,28,2019-06-29,Polonnaruwa,0.7495257473230221
315,2019,28,2019-06-29,Puttalam,0.5823185343545509
315,2019,28,2019-06-29,Ratnapura,0.8171940883402736
315,2019,28,2019-06-29,Trincomalee,0.6708028477273718
315,2019,28,2019-06-29,Vavuniya,0.5479688262195123
316,2019,29,2019-07-06,Ampara,0.6631544670614544
316,2019,29,2019-07-06,Anuradhapura,0.5453658332093991
316,2019,29,2019-07-06,Badulla,0.7759022865853659
316,2019,29,2019-07-06,Batticaloa,0.4721502156454492
316,2019,29,2019-07-06,Colombo,0.5486844672070197
316,2019,29,2019-07-06,Galle,0.6432899706276026
316,2019,29,2019-07-06,Gampaha,0.6833605907941702
316,2019,29,2019-07-06,Hambantota,0.5370877044913742
316,2019,29,2019-07-06,Jaffna,0.2979325629121504
316,2019,29,2019-07-06,Kalutara,0.7323809246728139
316,2019,29,2019-07-06,Kandy,0.6438557257584772
316,2019,29,2019-07-06,Kegalle,0.6728806978732897
316,2019,29,2019-07-06,Kilinochchi,0.3736890221025157
316,2019,29,2019-07-06,Kurunegala,0.6928668110499703
316,2019,29,2019-07-06,Mannar,0.7006769110880801
316,2019,29,2019-07-06,Matale,0.5958567500743605
316,2019,29,2019-07-06,Matara,0.7576031621802499
316,2019,29,2019-07-06,Moneragala,0.7234827241969066
316,2019,29,2019-07-06,Mullaitivu,0.7057846482748364
316,2019,29,2019-07-06,NuwaraEliya,0.7030599996281975
316,2019,29,2019-07-06,Polonnaruwa,0.7604948207911958
316,2019,29,2019-07-06,Puttalam,0.5837361280487805
316,2019,29,2019-07-06,Ratnapura,0.7372824509220702
316,2019,29,2019-07-06,Trincomalee,0.66376107490283
316,2019,29,2019-07-06,Vavuniya,0.5282356837447948
317,2019,30,2019-07-13,Ampara,0.656750672124689
317,2019,30,2019-07-13,Anuradhapura,0.5073800843991672
317,2019,30,2019-07-13,Badulla,0.8047836890243902
317,2019,30,2019-07-13,Batticaloa,0.4912991299821535
317,2019,30,2019-07-13,Colombo,0.476485304258378
317,2019,30,2019-07-13,Galle,0.6127075234235575
317,2019,30,2019-07-13,Gampaha,0.6806177182480667
317,2019,30,2019-07-13,Hambantota,0.5421104959845331
317,2019,30,2019-07-13,Jaffna,0.3170739459757098
317,2019,30,2019-07-13,Kalutara,0.6553193207168353
317,2019,30,2019-07-13,Kandy,0.568666522903034
317,2019,30,2019-07-13,Kegalle,0.5434732209250446
317,2019,30,2019-07-13,Kilinochchi,0.36926262048092406
317,2019,30,2019-07-13,Kurunegala,0.6725766229179061
317,2019,30,2019-07-13,Mannar,0.7150474494426061
317,2019,30,2019-07-13,Matale,0.5820390634295063
317,2019,30,2019-07-13,Matara,0.7038780320493755
317,2019,30,2019-07-13,Moneragala,0.7149301327334919
317,2019,30,2019-07-13,Mullaitivu,0.7238595664782868
317,2019,30,2019-07-13,NuwaraEliya,0.6345747490333136
317,2019,30,2019-07-13,Polonnaruwa,0.7672256580904224
317,2019,30,2019-07-13,Puttalam,0.5801315548780488
317,2019,30,2019-07-13,Ratnapura,0.6335433670434265
317,2019,30,2019-07-13,Trincomalee,0.6579122485812058
317,2019,30,2019-07-13,Vavuniya,0.5121773516508031
318,2019,31,2019-07-20,Ampara,0.6388594336505663
318,2019,31,2019-07-20,Anuradhapura,0.49357244385782273
318,2019,31,2019-07-20,Badulla,0.8178096073765616
318,2019,31,2019-07-20,Batticaloa,0.4954850628346223
318,2019,31,2019-07-20,Colombo,0.47294150059488405
318,2019,31,2019-07-20,Galle,0.61115377379536
318,2019,31,2019-07-20,Gampaha,0.6391304469066033
318,2019,31,2019-07-20,Hambantota,0.5268543426531828
318,2019,31,2019-07-20,Jaffna,0.33311635015482827
318,2019,31,2019-07-20,Kalutara,0.6149786715496729
318,2019,31,2019-07-20,Kandy,0.5297173892028555
318,2019,31,2019-07-20,Kegalle,0.5013169077186199
318,2019,31,2019-07-20,Kilinochchi,0.3625093896999601
318,2019,31,2019-07-20,Kurunegala,0.6460529446757883
318,2019,31,2019-07-20,Mannar,0.7072938243604997
318,2019,31,2019-07-20,Matale,0.5709156584622249
318,2019,31,2019-07-20,Matara,0.6537252286585367
318,2019,31,2019-07-20,Moneragala,0.7029644556811422
318,2019,31,2019-07-20,Mullaitivu,0.7255782439767996
318,2019,31,2019-07-20,NuwaraEliya,0.5764795107311497
318,2019,31,2019-07-20,Polonnaruwa,0.7639883532867342
318,2019,31,2019-07-20,Puttalam,0.564346120240928
318,2019,31,2019-07-20,Ratnapura,0.5930879554580607
318,2019,31,2019-07-20,Trincomalee,0.6487725635008007
318,2019,31,2019-07-20,Vavuniya,0.49975043872694824
319,2019,32,2019-07-27,Ampara,0.6094807516390868
319,2019,32,2019-07-27,Anuradhapura,0.5039429115853659
319,2019,32,2019-07-27,Badulla,0.8149800416418799
319,2019,32,2019-07-27,Batticaloa,0.4847080142028555
319,2019,32,2019-07-27,Colombo,0.5380530562165379
319,2019,32,2019-07-27,Galle,0.6386287217430102
319,2019,32,2019-07-27,Gampaha,0.55889877676978
319,2019,32,2019-07-27,Hambantota,0.4913192444973231
319,2019,32,2019-07-27,Jaffna,0.34605977544950584
319,2019,32,2019-07-27,Kalutara,0.6113589771713267
319,2019,32,2019-07-27,Kandy,0.5270083246579417
319,2019,32,2019-07-27,Kegalle,0.5464117582540154
319,2019,32,2019-07-27,Kilinochchi,0.3534293297596237
319,2019,32,2019-07-27,Kurunegala,0.613295776323617
319,2019,32,2019-07-27,Mannar,0.6774160358417609
319,2019,32,2019-07-27,Matale,0.5624865351725163
319,2019,32,2019-07-27,Matara,0.6071447520077335
319,2019,32,2019-07-27,Moneragala,0.6875856930398572
319,2019,32,2019-07-27,Mullaitivu,0.7109406807703749
319,2019,32,2019-07-27,NuwaraEliya,0.5287742847217058
319,2019,32,2019-07-27,Polonnaruwa,0.7507829063801309
319,2019,32,2019-07-27,Puttalam,0.5363798241374182
319,2019,32,2019-07-27,Ratnapura,0.6159162161659727
319,2019,32,2019-07-27,Trincomalee,0.636342019661615
319,2019,32,2019-07-27,Vavuniya,0.4909549449732302
320,2019,33,2019-08-03,Ampara,0.5922688841089168
320,2019,33,2019-08-03,Anuradhapura,0.519214005800119
320,2019,33,2019-08-03,Badulla,0.8113878160321238
320,2019,33,2019-08-03,Batticaloa,0.48012328413146943
320,2019,33,2019-08-03,Colombo,0.5817308242861393
320,2019,33,2019-08-03,Galle,0.6367848936644854
320,2019,33,2019-08-03,Gampaha,0.49423892028554434
320,2019,33,2019-08-03,Hambantota,0.46106589083878646
320,2019,33,2019-08-03,Jaffna,0.35454516691631277
320,2019,33,2019-08-03,Kalutara,0.6056266675342059
320,2019,33,2019-08-03,Kandy,0.5213456777959548
320,2019,33,2019-08-03,Kegalle,0.5689787849494349
320,2019,33,2019-08-03,Kilinochchi,0.3439513086226533
320,2019,33,2019-08-03,Kurunegala,0.5808779707019632
320,2019,33,2019-08-03,Mannar,0.6595120185157645
320,2019,33,2019-08-03,Matale,0.5499979532272457
320,2019,33,2019-08-03,Matara,0.5632661771267103
320,2019,33,2019-08-03,Moneragala,0.6739636358566329
320,2019,33,2019-08-03,Mullaitivu,0.6913749070493754
320,2019,33,2019-08-03,NuwaraEliya,0.47480684407731905
320,2019,33,2019-08-03,Polonnaruwa,0.7314435603807258
320,2019,33,2019-08-03,Puttalam,0.5238019742712672
320,2019,33,2019-08-03,Ratnapura,0.6502181997323023
320,2019,33,2019-08-03,Trincomalee,0.62661439330225
320,2019,33,2019-08-03,Vavuniya,0.48510364180547294
321,2019,34,2019-08-10,Ampara,0.6196686696768816
321,2019,34,2019-08-10,Anuradhapura,0.5524540638013088
321,2019,34,2019-08-10,Badulla,0.8049991708804284
321,2019,34,2019-08-10,Batticaloa,0.49824372211481266
321,2019,34,2019-08-10,Colombo,0.5468180379982154
321,2019,34,2019-08-10,Galle,0.5274388868233194
321,2019,34,2019-08-10,Gampaha,0.48667571386079717
321,2019,34,2019-08-10,Hambantota,0.45017893367043427
321,2019,34,2019-08-10,Jaffna,0.34668443434759444
321,2019,34,2019-08-10,Kalutara,0.5921481019482452
321,2019,34,2019-08-10,Kandy,0.5048532291046995
321,2019,34,2019-08-10,Kegalle,0.5089437908982748
321,2019,34,2019-08-10,Kilinochchi,0.33301409643135804
321,2019,34,2019-08-10,Kurunegala,0.5497044950922071
321,2019,34,2019-08-10,Mannar,0.6855118288964902
321,2019,34,2019-08-10,Matale,0.5226246895449138
321,2019,34,2019-08-10,Matara,0.5292945754015467
321,2019,34,2019-08-10,Moneragala,0.6667828320196312
321,2019,34,2019-08-10,Mullaitivu,0.6537390281082689
321,2019,34,2019-08-10,NuwaraEliya,0.3978779497714743
321,2019,34,2019-08-10,Polonnaruwa,0.689613251041047
321,2019,34,2019-08-10,Puttalam,0.5676484272754313
321,2019,34,2019-08-10,Ratnapura,0.726590500446163
321,2019,34,2019-08-10,Trincomalee,0.6267974643688942
321,2019,34,2019-08-10,Vavuniya,0.4900477041195717
322,2019,35,2019-08-17,Ampara,0.6470684552448466
322,2019,35,2019-08-17,Anuradhapura,0.5856941218024986
322,2019,35,2019-08-17,Badulla,0.798610525728733
322,2019,35,2019-08-17,Batticaloa,0.5163641600981559
322,2019,35,2019-08-17,Colombo,0.5119052517102916
322,2019,35,2019-08-17,Galle,0.41809287998215344
322,2019,35,2019-08-17,Gampaha,0.47911250743604994
322,2019,35,2019-08-17,Hambantota,0.43929197650208207
322,2019,35,2019-08-17,Jaffna,0.33882370177887605
322,2019,35,2019-08-17,Kalutara,0.5786695363622845
322,2019,35,2019-08-17,Kandy,0.4883607804134444
322,2019,35,2019-08-17,Kegalle,0.4489087968471148
322,2019,35,2019-08-17,Kilinochchi,0.32207688424006276
322,2019,35,2019-08-17,Kurunegala,0.5185310194824511
322,2019,35,2019-08-17,Mannar,0.7115116392772161
322,2019,35,2019-08-17,Matale,0.49525142586258186
322,2019,35,2019-08-17,Matara,0.4953229736763831
322,2019,35,2019-08-17,Moneragala,0.6596020281826294
322,2019,35,2019-08-17,Mullaitivu,0.6161031491671624
322,2019,35,2019-08-17,NuwaraEliya,0.3209490554656295
322,2019,35,2019-08-17,Polonnaruwa,0.6477829417013682
322,2019,35,2019-08-17,Puttalam,0.6114948802795955
322,2019,35,2019-08-17,Ratnapura,0.8029628011600238
322,2019,35,2019-08-17,Trincomalee,0.6269805354355382
322,2019,35,2019-08-17,Vavuniya,0.4949917664336705
323,2019,36,2019-08-24,Ampara,0.6578898068222669
323,2019,36,2019-08-24,Anuradhapura,0.5686588210142773
323,2019,36,2019-08-24,Badulla,0.7948646081201667
323,2019,36,2019-08-24,Batticaloa,0.5263555379982154
323,2019,36,2019-08-24,Colombo,0.5303942575104106
323,2019,36,2019-08-24,Galle,0.5428673706127305
323,2019,36,2019-08-24,Gampaha,0.5198027534730337
323,2019,36,2019-08-24,Hambantota,0.5294094512195122
323,2019,36,2019-08-24,Jaffna,0.35067415717422284
323,2019,36,2019-08-24,Kalutara,0.6274648906900655
323,2019,36,2019-08-24,Kandy,0.5659875148721
323,2019,36,2019-08-24,Kegalle,0.5714152754636024
323,2019,36,2019-08-24,Kilinochchi,0.31211727065330813
323,2019,36,2019-08-24,Kurunegala,0.5224696274538965
323,2019,36,2019-08-24,Mannar,0.6771354736763832
323,2019,36,2019-08-24,Matale,0.5202525598602022
323,2019,36,2019-08-24,Matara,0.5974289541195718
323,2019,36,2019-08-24,Moneragala,0.6397989570939917
323,2019,36,2019-08-24,Mullaitivu,0.6050755577037478
323,2019,36,2019-08-24,NuwaraEliya,0.38870531119869123
323,2019,36,2019-08-24,Polonnaruwa,0.5765728063652588
323,2019,36,2019-08-24,Puttalam,0.6434618196014278
323,2019,36,2019-08-24,Ratnapura,0.7804059525580013
323,2019,36,2019-08-24,Trincomalee,0.6184061417910448
323,2019,36,2019-08-24,Vavuniya,0.4905140429803688
324,2019,37,2019-08-31,Ampara,0.6674358942465687
324,2019,37,2019-08-31,Anuradhapura,0.5477561849345628
324,2019,37,2019-08-31,Badulla,0.7913219772456872
324,2019,37,2019-08-31,Batticaloa,0.5357216035841761
324,2019,37,2019-08-31,Colombo,0.5529910934711482
324,2019,37,2019-08-31,Galle,0.6856511302795956
324,2019,37,2019-08-31,Gampaha,0.5642048035455351
324,2019,37,2019-08-31,Hambantota,0.627296497620464
324,2019,37,2019-08-31,Jaffna,0.36404085779757467
324,2019,37,2019-08-31,Kalutara,0.6810505465496728
324,2019,37,2019-08-31,Kandy,0.6508541864961332
324,2019,37,2019-08-31,Kegalle,0.7079634058237549
324,2019,37,2019-08-31,Kilinochchi,0.3022328569592105
324,2019,37,2019-08-31,Kurunegala,0.5291091649315883
324,2019,37,2019-08-31,Mannar,0.6381150022308151
324,2019,37,2019-08-31,Matale,0.5492824936793576
324,2019,37,2019-08-31,Matara,0.7100024408834028
324,2019,37,2019-08-31,Moneragala,0.6190249423706127
324,2019,37,2019-08-31,Mullaitivu,0.596094757584771
324,2019,37,2019-08-31,NuwaraEliya,0.4675911938578227
324,2019,37,2019-08-31,Polonnaruwa,0.5031026844140393
324,2019,37,2019-08-31,Puttalam,0.6745149501784653
324,2019,37,2019-08-31,Ratnapura,0.7502391693932184
324,2019,37,2019-08-31,Trincomalee,0.6091580970149254
324,2019,37,2019-08-31,Vavuniya,0.48531156677572873
325,2019,38,2019-09-07,Ampara,0.672866181694284
325,2019,38,2019-09-07,Anuradhapura,0.535221497620464
325,2019,38,2019-09-07,Badulla,0.7826960328673409
325,2019,38,2019-09-07,Batticaloa,0.5487502752369426
325,2019,38,2019-09-07,Colombo,0.518525131989887
325,2019,38,2019-09-07,Galle,0.7442424598453302
325,2019,38,2019-09-07,Gampaha,0.5611354131024529
325,2019,38,2019-09-07,Hambantota,0.5835848936644854
325,2019,38,2019-09-07,Jaffna,0.36521490130697687
325,2019,38,2019-09-07,Kalutara,0.6580989924152291
325,2019,38,2019-09-07,Kandy,0.6582627676977989
325,2019,38,2019-09-07,Kegalle,0.7229113735070359
325,2019,38,2019-09-07,Kilinochchi,0.29673554675423464
325,2019,38,2019-09-07,Kurunegala,0.5725866969066031
325,2019,38,2019-09-07,Mannar,0.6332329770226057
325,2019,38,2019-09-07,Matale,0.5621563968619869
325,2019,38,2019-09-07,Matara,0.7306363232450922
325,2019,38,2019-09-07,Moneragala,0.577825
325,2019,38,2019-09-07,Mullaitivu,0.6270148999851279
325,2019,38,2019-09-07,NuwaraEliya,0.4437991429952409
325,2019,38,2019-09-07,Polonnaruwa,0.4816018738845925
325,2019,38,2019-09-07,Puttalam,0.6883065418649614
325,2019,38,2019-09-07,Ratnapura,0.707882265020821
325,2019,38,2019-09-07,Trincomalee,0.628891626421782
325,2019,38,2019-09-07,Vavuniya,0.5034903349940512
326,2019,39,2019-09-14,Ampara,0.6760099135994516
326,2019,39,2019-09-14,Anuradhapura,0.5273356707317074
326,2019,39,2019-09-14,Badulla,0.771246025431291
326,2019,39,2019-09-14,Batticaloa,0.5638137280379346
326,2019,39,2019-09-14,Colombo,0.4523576163741821
326,2019,39,2019-09-14,Galle,0.7560602171326591
326,2019,39,2019-09-14,Gampaha,0.5316930001507129
326,2019,39,2019-09-14,Hambantota,0.4612073728435455
326,2019,39,2019-09-14,Jaffna,0.3596152464197405
326,2019,39,2019-09-14,Kalutara,0.5926267660618679
326,2019,39,2019-09-14,Kandy,0.6226390764425938
326,2019,39,2019-09-14,Kegalle,0.6703036952587215
326,2019,39,2019-09-14,Kilinochchi,0.29367551626543764
326,2019,39,2019-09-14,Kurunegala,0.6365297813801309
326,2019,39,2019-09-14,Mannar,0.6473167552795955
326,2019,39,2019-09-14,Matale,0.5660547274687686
326,2019,39,2019-09-14,Matara,0.700192647605592
326,2019,39,2019-09-14,Moneragala,0.5252773200475908
326,2019,39,2019-09-14,Mullaitivu,0.6801022326740036
326,2019,39,2019-09-14,NuwaraEliya,0.36296379573170734
326,2019,39,2019-09-14,Polonnaruwa,0.4889729030339084
326,2019,39,2019-09-14,Puttalam,0.6925083897233789
326,2019,39,2019-09-14,Ratnapura,0.6587530710886378
326,2019,39,2019-09-14,Trincomalee,0.6647260303747363
326,2019,39,2019-09-14,Vavuniya,0.5346586834473528
327,2019,40,2019-09-21,Ampara,0.6784243924285853
327,2019,40,2019-09-21,Anuradhapura,0.540238741003842
327,2019,40,2019-09-21,Badulla,0.768568855963712
327,2019,40,2019-09-21,Batticaloa,0.5759819831360203
327,2019,40,2019-09-21,Colombo,0.4473809655710887
327,2019,40,2019-09-21,Galle,0.7758018478584177
327,2019,40,2019-09-21,Gampaha,0.5452022029298038
327,2019,40,2019-09-21,Hambantota,0.42603168294520805
327,2019,40,2019-09-21,Jaffna,0.3673863993771378
327,2019,40,2019-09-21,Kalutara,0.583276388682332
327,2019,40,2019-09-21,Kandy,0.6249865983789411
327,2019,40,2019-09-21,Kegalle,0.6644908964158239
327,2019,40,2019-09-21,Kilinochchi,0.2979375553855546
327,2019,40,2019-09-21,Kurunegala,0.6841911303845594
327,2019,40,2019-09-21,Mannar,0.6674248280751549
327,2019,40,2019-09-21,Matale,0.5764696311719215
327,2019,40,2019-09-21,Matara,0.70450689135931
327,2019,40,2019-09-21,Moneragala,0.5270717913444379
327,2019,40,2019-09-21,Mullaitivu,0.7207172320554394
327,2019,40,2019-09-21,NuwaraEliya,0.37106549301011305
327,2019,40,2019-09-21,Polonnaruwa,0.5062992043426532
327,2019,40,2019-09-21,Puttalam,0.6869881599494349
327,2019,40,2019-09-21,Ratnapura,0.6601932647977394
327,2019,40,2019-09-21,Trincomalee,0.6823891472868218
327,2019,40,2019-09-21,Vavuniya,0.5658102821980964
328,2019,41,2019-09-28,Ampara,0.6795262157208584
328,2019,41,2019-09-28,Anuradhapura,0.590561826165581
328,2019,41,2019-09-28,Badulla,0.7816827948393814
328,2019,41,2019-09-28,Batticaloa,0.5829388823688751
328,2019,41,2019-09-28,Colombo,0.5525478714306961
328,2019,41,2019-09-28,Galle,0.8098064507733492
328,2019,41,2019-09-28,Gampaha,0.6360243140243903
328,2019,41,2019-09-28,Hambantota,0.5478192887075549
328,2019,41,2019-09-28,Jaffna,0.39922500645487574
328,2019,41,2019-09-28,Kalutara,0.6749453394556811
328,2019,41,2019-09-28,Kandy,0.6956823040600832
328,2019,41,2019-09-28,Kegalle,0.742908880502677
328,2019,41,2019-09-28,Kilinochchi,0.3153793198017169
328,2019,41,2019-09-28,Kurunegala,0.7025453555446094
328,2019,41,2019-09-28,Mannar,0.6983766310401389
328,2019,41,2019-09-28,Matale,0.5986143664485426
328,2019,41,2019-09-28,Matara,0.771385390020821
328,2019,41,2019-09-28,Moneragala,0.6266821348899465
328,2019,41,2019-09-28,Mullaitivu,0.7388820314834832
328,2019,41,2019-09-28,NuwaraEliya,0.5392538704640095
328,2019,41,2019-09-28,Polonnaruwa,0.5415449955383701
328,2019,41,2019-09-28,Puttalam,0.6639681904372398
328,2019,41,2019-09-28,Ratnapura,0.7526583562611541
328,2019,41,2019-09-28,Trincomalee,0.6673439475253429
328,2019,41,2019-09-28,Vavuniya,0.5969317314842356
329,2019,42,2019-10-05,Ampara,0.6741154208546709
329,2019,42,2019-10-05,Anuradhapura,0.6335123142416665
329,2019,42,2019-10-05,Badulla,0.7861383198245093
329,2019,42,2019-10-05,Batticaloa,0.5880145096784695
329,2019,42,2019-10-05,Colombo,0.6504721185306365
329,2019,42,2019-10-05,Galle,0.8305457484384297
329,2019,42,2019-10-05,Gampaha,0.7182128048780488
329,2019,42,2019-10-05,Hambantota,0.6569310829069286
329,2019,42,2019-10-05,Jaffna,0.4233840404223363
329,2019,42,2019-10-05,Kalutara,0.752486273051755
329,2019,42,2019-10-05,Kandy,0.755782620092207
329,2019,42,2019-10-05,Kegalle,0.8093330030487804
329,2019,42,2019-10-05,Kilinochchi,0.33076316485999896
329,2019,42,2019-10-05,Kurunegala,0.7163222254955547
329,2019,42,2019-10-05,Mannar,0.7140268623824377
329,2019,42,2019-10-05,Matale,0.6181190381469365
329,2019,42,2019-10-05,Matara,0.8269156826293873
329,2019,42,2019-10-05,Moneragala,0.7143784577632362
329,2019,42,2019-10-05,Mullaitivu,0.7495980597431289
329,2019,42,2019-10-05,NuwaraEliya,0.6859492694080904
329,2019,42,2019-10-05,Polonnaruwa,0.5763979811124331
329,2019,42,2019-10-05,Puttalam,0.6407412273200476
329,2019,42,2019-10-05,Ratnapura,0.8304871207614516
329,2019,42,2019-10-05,Trincomalee,0.6477944915158712
329,2019,42,2019-10-05,Vavuniya,0.620880121579417
330,2019,43,2019-10-12,Ampara,0.5840405899284975
330,2019,43,2019-10-12,Anuradhapura,0.5806190402042584
330,2019,43,2019-10-12,Badulla,0.6780344642325997
330,2019,43,2019-10-12,Batticaloa,0.5686336019856779
330,2019,43,2019-10-12,Colombo,0.6542418017549079
330,2019,43,2019-10-12,Galle,0.6788360778554433
330,2019,43,2019-10-12,Gampaha,0.6881642325996431
330,2019,43,2019-10-12,Hambantota,0.6012573267876514
330,2019,43,2019-10-12,Jaffna,0.3477086239561904
330,2019,43,2019-10-12,Kalutara,0.646362983343248
330,2019,43,2019-10-12,Kandy,0.678142870687091
330,2019,43,2019-10-12,Kegalle,0.7198369255651398
330,2019,43,2019-10-12,Kilinochchi,0.3193940582658382
330,2019,43,2019-10-12,Kurunegala,0.6705934777281392
330,2019,43,2019-10-12,Mannar,0.5307566626298272
330,2019,43,2019-10-12,Matale,0.603302883328376
330,2019,43,2019-10-12,Matara,0.7349192965496729
330,2019,43,2019-10-12,Moneragala,0.64719251189768
330,2019,43,2019-10-12,Mullaitivu,0.6634800628135977
330,2019,43,2019-10-12,NuwaraEliya,0.5532359477245687
330,2019,43,2019-10-12,Polonnaruwa,0.6061444936049971
330,2019,43,2019-10-12,Puttalam,0.6148233473378941
330,2019,43,2019-10-12,Ratnapura,0.7180436347412255
330,2019,43,2019-10-12,Trincomalee,0.5696897042824922
330,2019,43,2019-10-12,Vavuniya,0.5515787421921475
331,2019,44,2019-10-19,Ampara,0.493965759002324
331,2019,44,2019-10-19,Anuradhapura,0.5277257661668501
331,2019,44,2019-10-19,Badulla,0.5699306086406901
331,2019,44,2019-10-19,Batticaloa,0.5492526942928866
331,2019,44,2019-10-19,Colombo,0.6580114849791792
331,2019,44,2019-10-19,Galle,0.5271264072724569
331,2019,44,2019-10-19,Gampaha,0.6581156603212374
331,2019,44,2019-10-19,Hambantota,0.5455835706683742
331,2019,44,2019-10-19,Jaffna,0.27203320749004445
331,2019,44,2019-10-19,Kalutara,0.5402396936347412
331,2019,44,2019-10-19,Kandy,0.600503121281975
331,2019,44,2019-10-19,Kegalle,0.6303408480814991
331,2019,44,2019-10-19,Kilinochchi,0.3080249516716774
331,2019,44,2019-10-19,Kurunegala,0.6248647299607236
331,2019,44,2019-10-19,Mannar,0.3474864628772166
331,2019,44,2019-10-19,Matale,0.5884867285098156
331,2019,44,2019-10-19,Matara,0.6429229104699584
331,2019,44,2019-10-19,Moneragala,0.5800065660321236
331,2019,44,2019-10-19,Mullaitivu,0.5773620658840667
331,2019,44,2019-10-19,NuwaraEliya,0.420522626041047
331,2019,44,2019-10-19,Polonnaruwa,0.635891006097561
331,2019,44,2019-10-19,Puttalam,0.5889054673557407
331,2019,44,2019-10-19,Ratnapura,0.6056001487209994
331,2019,44,2019-10-19,Trincomalee,0.4915849170491132
331,2019,44,2019-10-19,Vavuniya,0.4822773628048781
332,2019,45,2019-10-26,Ampara,0.5421749858535327
332,2019,45,2019-10-26,Anuradhapura,0.5536816199434861
332,2019,45,2019-10-26,Badulla,0.652776135856633
332,2019,45,2019-10-26,Batticaloa,0.5815789441325024
332,2019,45,2019-10-26,Colombo,0.6505190920582987
332,2019,45,2019-10-26,Galle,0.5975808484533016
332,2019,45,2019-10-26,Gampaha,0.6640022140838787
332,2019,45,2019-10-26,Hambantota,0.596260111213315
332,2019,45,2019-10-26,Jaffna,0.3434524958027276
332,2019,45,2019-10-26,Kalutara,0.588817625297442
332,2019,45,2019-10-26,Kandy,0.6515542720107079
332,2019,45,2019-10-26,Kegalle,0.6856763793872696
332,2019,45,2019-10-26,Kilinochchi,0.37358344281165917
332,2019,45,2019-10-26,Kurunegala,0.6549684901073931
332,2019,45,2019-10-26,Mannar,0.4447849069973673
332,2019,45,2019-10-26,Matale,0.6368086146638906
332,2019,45,2019-10-26,Matara,0.6740881004610352
332,2019,45,2019-10-26,Moneragala,0.6349777959547888
332,2019,45,2019-10-26,Mullaitivu,0.6064125167311125
332,2019,45,2019-10-26,NuwaraEliya,0.5295344679506246
332,2019,45,2019-10-26,Polonnaruwa,0.6585954491374183
332,2019,45,2019-10-26,Puttalam,0.642092764723379
332,2019,45,2019-10-26,Ratnapura,0.6677663871951219
332,2019,45,2019-10-26,Trincomalee,0.5550778500831456
332,2019,45,2019-10-26,Vavuniya,0.5412322097077257
333,2019,46,2019-11-02,Ampara,0.6280980466440275
333,2019,46,2019-11-02,Anuradhapura,0.6011417813057705
333,2019,46,2019-11-02,Badulla,0.7876987674747176
333,2019,46,2019-11-02,Batticaloa,0.6280071460264112
333,2019,46,2019-11-02,Colombo,0.6399552238251042
333,2019,46,2019-11-02,Galle,0.7286255019333729
333,2019,46,2019-11-02,Gampaha,0.6796892567668055
333,2019,46,2019-11-02,Hambantota,0.6759412781212244
333,2019,46,2019-11-02,Jaffna,0.45498852178236404
333,2019,46,2019-11-02,Kalutara,0.6795867991522903
333,2019,46,2019-11-02,Kandy,0.7377029409577632
333,2019,46,2019-11-02,Kegalle,0.7805114403628792
333,2019,46,2019-11-02,Kilinochchi,0.46012218787913434
333,2019,46,2019-11-02,Kurunegala,0.7057538433215403
333,2019,46,2019-11-02,Mannar,0.6186020721737255
333,2019,46,2019-11-02,Matale,0.7023499665377751
333,2019,46,2019-11-02,Matara,0.7388428111986913
333,2019,46,2019-11-02,Moneragala,0.7232646192742416
333,2019,46,2019-11-02,Mullaitivu,0.6668725442444974
333,2019,46,2019-11-02,NuwaraEliya,0.7044713544765022
333,2019,46,2019-11-02,Polonnaruwa,0.6793793277810828
333,2019,46,2019-11-02,Puttalam,0.7168542013682332
333,2019,46,2019-11-02,Ratnapura,0.7775534596222486
333,2019,46,2019-11-02,Trincomalee,0.6571883431901084
333,2019,46,2019-11-02,Vavuniya,0.6351660274169687
334,2019,47,2019-11-09,Ampara,0.6398620112633637
334,2019,47,2019-11-09,Anuradhapura,0.6201271341463415
334,2019,47,2019-11-09,Badulla,0.8075528740333137
334,2019,47,2019-11-09,Batticaloa,0.6634104347125165
334,2019,47,2019-11-09,Colombo,0.643880140169542
334,2019,47,2019-11-09,Galle,0.7928304617787032
334,2019,47,2019-11-09,Gampaha,0.6969867861392028
334,2019,47,2019-11-09,Hambantota,0.7099865035212821
334,2019,47,2019-11-09,Jaffna,0.4868328199083787
334,2019,47,2019-11-09,Kalutara,0.7405693151397977
334,2019,47,2019-11-09,Kandy,0.7761167292534207
334,2019,47,2019-11-09,Kegalle,0.832771413964902
334,2019,47,2019-11-09,Kilinochchi,0.5145477431885611
334,2019,47,2019-11-09,Kurunegala,0.7356491418456905
334,2019,47,2019-11-09,Mannar,0.6918573984516893
334,2019,47,2019-11-09,Matale,0.6956568021267103
334,2019,47,2019-11-09,Matara,0.7753983566329566
334,2019,47,2019-11-09,Moneragala,0.7676401583878644
334,2019,47,2019-11-09,Mullaitivu,0.716146625892326
334,2019,47,2019-11-09,NuwaraEliya,0.7397203078524689
334,2019,47,2019-11-09,Polonnaruwa,0.6701880409726354
334,2019,47,2019-11-09,Puttalam,0.744175399687686
334,2019,47,2019-11-09,Ratnapura,0.8240184581350387
334,2019,47,2019-11-09,Trincomalee,0.6682105258413462
334,2019,47,2019-11-09,Vavuniya,0.678609087723334
335,2019,48,2019-11-16,Ampara,0.5774668797115415
335,2019,48,2019-11-16,Anuradhapura,0.6106376784651993
335,2019,48,2019-11-16,Badulla,0.7123384555324213
335,2019,48,2019-11-16,Batticaloa,0.6877888101908184
335,2019,48,2019-11-16,Colombo,0.6622938410916122
335,2019,48,2019-11-16,Galle,0.7901957279892922
335,2019,48,2019-11-16,Gampaha,0.7158948022010708
335,2019,48,2019-11-16,Hambantota,0.6983957874134881
335,2019,48,2019-11-16,Jaffna,0.4389853901807713
335,2019,48,2019-11-16,Kalutara,0.7717651732599643
335,2019,48,2019-11-16,Kandy,0.76679563689768
335,2019,48,2019-11-16,Kegalle,0.8424563001933374
335,2019,48,2019-11-16,Kilinochchi,0.5368601087399396
335,2019,48,2019-11-16,Kurunegala,0.7446543856798439
335,2019,48,2019-11-16,Mannar,0.6645508858312582
335,2019,48,2019-11-16,Matale,0.616729121430696
335,2019,48,2019-11-16,Matara,0.7837547367638311
335,2019,48,2019-11-16,Moneragala,0.7681044132956574
335,2019,48,2019-11-16,Mullaitivu,0.7542347616745985
335,2019,48,2019-11-16,NuwaraEliya,0.6352813280785248
335,2019,48,2019-11-16,Polonnaruwa,0.6310215887120763
335,2019,48,2019-11-16,Puttalam,0.7240563596817371
335,2019,48,2019-11-16,Ratnapura,0.8071613827334919
335,2019,48,2019-11-16,Trincomalee,0.588144398036859
335,2019,48,2019-11-16,Vavuniya,0.6715613906268214
336,2019,49,2019-11-23,Ampara,0.5292634511751529
336,2019,49,2019-11-23,Anuradhapura,0.6091045045346507
336,2019,49,2019-11-23,Badulla,0.630333997620464
336,2019,49,2019-11-23,Batticaloa,0.7034828610768774
336,2019,49,2019-11-23,Colombo,0.6778718415377751
336,2019,49,2019-11-23,Galle,0.7909485871505056
336,2019,49,2019-11-23,Gampaha,0.7335720553242118
336,2019,49,2019-11-23,Hambantota,0.6906711894941288
336,2019,49,2019-11-23,Jaffna,0.4082391762655836
336,2019,49,2019-11-23,Kalutara,0.7959410860350982
336,2019,49,2019-11-23,Kandy,0.7582363845925045
336,2019,49,2019-11-23,Kegalle,0.849610661436645
336,2019,49,2019-11-23,Kilinochchi,0.5563493064208629
336,2019,49,2019-11-23,Kurunegala,0.7536456125827515
336,2019,49,2019-11-23,Mannar,0.6389726377878345
336,2019,49,2019-11-23,Matale,0.5536577390690065
336,2019,49,2019-11-23,Matara,0.7909979179060084
336,2019,49,2019-11-23,Moneragala,0.7642660897531232
336,2019,49,2019-11-23,Mullaitivu,0.7777846426977989
336,2019,49,2019-11-23,NuwaraEliya,0.5735208841463415
336,2019,49,2019-11-23,Polonnaruwa,0.5871672460588936
336,2019,49,2019-11-23,Puttalam,0.7055289504015467
336,2019,49,2019-11-23,Ratnapura,0.7979332819006544
336,2019,49,2019-11-23,Trincomalee,0.5415036174923067
336,2019,49,2019-11-23,Vavuniya,0.6674014760559192
337,2019,50,2019-11-30,Ampara,0.5330962670286874
337,2019,50,2019-11-30,Anuradhapura,0.6367443636896117
337,2019,50,2019-11-30,Badulla,0.5967660618679358
337,2019,50,2019-11-30,Batticaloa,0.6873343884580461
337,2019,50,2019-11-30,Colombo,0.6830522735722785
337,2019,50,2019-11-30,Galle,0.8041226204640095
337,2019,50,2019-11-30,Gampaha,0.746736511005354
337,2019,50,2019-11-30,Hambantota,0.6971223582656969
337,2019,50,2019-11-30,Jaffna,0.4401974203292676
337,2019,50,2019-11-30,Kalutara,0.7943771992117787
337,2019,50,2019-11-30,Kandy,0.7524705458060679
337,2019,50,2019-11-30,Kegalle,0.8474864310678168
337,2019,50,2019-11-30,Kilinochchi,0.5654868885767841
337,2019,50,2019-11-30,Kurunegala,0.7625854440710919
337,2019,50,2019-11-30,Mannar,0.6197313598601047
337,2019,50,2019-11-30,Matale,0.5487261172665081
337,2019,50,2019-11-30,Matara,0.7941593694229625
337,2019,50,2019-11-30,Moneragala,0.7446516452260559
337,2019,50,2019-11-30,Mullaitivu,0.7480275896044021
337,2019,50,2019-11-30,NuwaraEliya,0.6682484049672814
337,2019,50,2019-11-30,Polonnaruwa,0.5261239719660916
337,2019,50,2019-11-30,Puttalam,0.6928375204491374
337,2019,50,2019-11-30,Ratnapura,0.8166780878197502
337,2019,50,2019-11-30,Trincomalee,0.6174224435675154
337,2019,50,2019-11-30,Vavuniya,0.6738300974122546
338,2019,51,2019-12-07,Ampara,0.5369290828822219
338,2019,51,2019-12-07,Anuradhapura,0.6643842228445727
338,2019,51,2019-12-07,Badulla,0.5631981261154075
338,2019,51,2019-12-07,Batticaloa,0.6711859158392147
338,2019,51,2019-12-07,Colombo,0.6882327056067817
338,2019,51,2019-12-07,Galle,0.8172966537775134
338,2019,51,2019-12-07,Gampaha,0.7599009666864962
338,2019,51,2019-12-07,Hambantota,0.7035735270372651
338,2019,51,2019-12-07,Jaffna,0.47215566439295165
338,2019,51,2019-12-07,Kalutara,0.7928133123884593
338,2019,51,2019-12-07,Kandy,0.7467047070196313
338,2019,51,2019-12-07,Kegalle,0.8453622006989887
338,2019,51,2019-12-07,Kilinochchi,0.5746244707327052
338,2019,51,2019-12-07,Kurunegala,0.7715252755594321
338,2019,51,2019-12-07,Mannar,0.6004900819323751
338,2019,51,2019-12-07,Matale,0.5437944954640095
338,2019,51,2019-12-07,Matara,0.7973208209399167
338,2019,51,2019-12-07,Moneragala,0.7250372006989887
338,2019,51,2019-12-07,Mullaitivu,0.7182705365110054
338,2019,51,2019-12-07,NuwaraEliya,0.7629759257882213
338,2019,51,2019-12-07,Polonnaruwa,0.46508069787328976
338,2019,51,2019-12-07,Puttalam,0.6801460904967281
338,2019,51,2019-12-07,Ratnapura,0.8354228937388459
338,2019,51,2019-12-07,Trincomalee,0.6933412696427241
338,2019,51,2019-12-07,Vavuniya,0.6802587187685901
339,2019,52,2019-12-14,Ampara,0.5748823734747815
339,2019,52,2019-12-14,Anuradhapura,0.6237706328737274
339,2019,52,2019-12-14,Badulla,0.6735466816627008
339,2019,52,2019-12-14,Batticaloa,0.644798208395527
339,2019,52,2019-12-14,Colombo,0.6937499795508627
339,2019,52,2019-12-14,Galle,0.8199127063503866
339,2019,52,2019-12-14,Gampaha,0.7680832893367044
339,2019,52,2019-12-14,Hambantota,0.7119530547117816
339,2019,52,2019-12-14,Jaffna,0.4928927989041803
339,2019,52,2019-12-14,Kalutara,0.8101190734681738
339,2019,52,2019-12-14,Kandy,0.7649332112581797
339,2019,52,2019-12-14,Kegalle,0.8503426810678167
339,2019,52,2019-12-14,Kilinochchi,0.5836762197621254
339,2019,52,2019-12-14,Kurunegala,0.7883272396717622
339,2019,52,2019-12-14,Mannar,0.7011881099652504
339,2019,52,2019-12-14,Matale,0.6279519761302796
339,2019,52,2019-12-14,Matara,0.8082125985276621
339,2019,52,2019-12-14,Moneragala,0.7693521992117787
339,2019,52,2019-12-14,Mullaitivu,0.6861711295359905
339,2019,52,2019-12-14,NuwaraEliya,0.7773813448096372
339,2019,52,2019-12-14,Polonnaruwa,0.5156096482748365
339,2019,52,2019-12-14,Puttalam,0.726152227096966
339,2019,52,2019-12-14,Ratnapura,0.837924128123141
339,2019,52,2019-12-14,Trincomalee,0.6925208286913547
339,2019,52,2019-12-14,Vavuniya,0.6951735914154944
340,2020,1,2019-12-21,Ampara,0.6154603159703432
340,2020,1,2019-12-21,Anuradhapura,0.5779067775855123
340,2020,1,2019-12-21,Badulla,0.7949657365407496
340,2020,1,2019-12-21,Batticaloa,0.6176228675037735
340,2020,1,2019-12-21,Colombo,0.6992931644110649
340,2020,1,2019-12-21,Galle,0.821716606558596
340,2020,1,2019-12-21,Gampaha,0.775882370984533
340,2020,1,2019-12-21,Hambantota,0.720480917686525
340,2020,1,2019-12-21,Jaffna,0.5127667711421432
340,2020,1,2019-12-21,Kalutara,0.8288763459250448
340,2020,1,2019-12-21,Kandy,0.7850074341909578
340,2020,1,2019-12-21,Kegalle,0.8558696776472339
340,2020,1,2019-12-21,Kilinochchi,0.5927213662433533
340,2020,1,2019-12-21,Kurunegala,0.8057339832167069
340,2020,1,2019-12-21,Mannar,0.8111122384566339
340,2020,1,2019-12-21,Matale,0.7189624646787627
340,2020,1,2019-12-21,Matara,0.8196990165823914
340,2020,1,2019-12-21,Moneragala,0.8185848471891732
340,2020,1,2019-12-21,Mullaitivu,0.6538915414931589
340,2020,1,2019-12-21,NuwaraEliya,0.785608140615705
340,2020,1,2019-12-21,Polonnaruwa,0.5747210774836408
340,2020,1,2019-12-21,Puttalam,0.7766735611243307
340,2020,1,2019-12-21,Ratnapura,0.839175857004759
340,2020,1,2019-12-21,Trincomalee,0.6857973671994793
340,2020,1,2019-12-21,Vavuniya,0.7107412526232118
341,2020,2,2019-12-28,Ampara,0.661356691108959
341,2020,2,2019-12-28,Anuradhapura,0.6205791927881755
341,2020,2,2019-12-28,Badulla,0.8475671944355466
341,2020,2,2019-12-28,Batticaloa,0.6316916799509539
341,2020,2,2019-12-28,Colombo,0.6949639157095137
341,2020,2,2019-12-28,Galle,0.8248840937171098
341,2020,2,2019-12-28,Gampaha,0.7747443371619458
341,2020,2,2019-12-28,Hambantota,0.730870290012751
341,2020,2,2019-12-28,Jaffna,0.5034215943640866
341,2020,2,2019-12-28,Kalutara,0.835613405482085
341,2020,2,2019-12-28,Kandy,0.7834106438475267
341,2020,2,2019-12-28,Kegalle,0.85606057291905
341,2020,2,2019-12-28,Kilinochchi,0.5705422651772383
341,2020,2,2019-12-28,Kurunegala,0.797233920633272
341,2020,2,2019-12-28,Mannar,0.8451216789481677
341,2020,2,2019-12-28,Matale,0.7472005491236902
341,2020,2,2019-12-28,Matara,0.8327073880016473
341,2020,2,2019-12-28,Moneragala,0.8314308790555073
341,2020,2,2019-12-28,Mullaitivu,0.7029103464055279
341,2020,2,2019-12-28,NuwaraEliya,0.7994343751430011
341,2020,2,2019-12-28,Polonnaruwa,0.6464531734773258
341,2020,2,2019-12-28,Puttalam,0.7946861300507939
341,2020,2,2019-12-28,Ratnapura,0.8347890221022285
341,2020,2,2019-12-28,Trincomalee,0.6909463106514132
341,2020,2,2019-12-28,Vavuniya,0.7369472415337777
342,2020,3,2020-01-04,Ampara,0.7102077510492716
342,2020,3,2020-01-04,Anuradhapura,0.7124384249302156
342,2020,3,2020-01-04,Badulla,0.861936654006315
342,2020,3,2020-01-04,Batticaloa,0.6686739109197644
342,2020,3,2020-01-04,Colombo,0.685149981695877
342,2020,3,2020-01-04,Galle,0.8288091291813481
342,2020,3,2020-01-04,Gampaha,0.7686412391891274
342,2020,3,2020-01-04,Hambantota,0.7422938342009117
342,2020,3,2020-01-04,Jaffna,0.47784355702157466
342,2020,3,2020-01-04,Kalutara,0.8356725689836635
342,2020,3,2020-01-04,Kandy,0.7697744016839794
342,2020,3,2020-01-04,Kegalle,0.8532869674644215
342,2020,3,2020-01-04,Kilinochchi,0.5310163599181552
342,2020,3,2020-01-04,Kurunegala,0.774341187978515
342,2020,3,2020-01-04,Mannar,0.8369562927731182
342,2020,3,2020-01-04,Matale,0.740565075733309
342,2020,3,2020-01-04,Matara,0.8465612890678627
342,2020,3,2020-01-04,Moneragala,0.8240621241934746
342,2020,3,2020-01-04,Mullaitivu,0.7970949251818973
342,2020,3,2020-01-04,NuwaraEliya,0.8163714089598683
342,2020,3,2020-01-04,Polonnaruwa,0.7251967510181668
342,2020,3,2020-01-04,Puttalam,0.7946382739212007
342,2020,3,2020-01-04,Ratnapura,0.8272696517640599
342,2020,3,2020-01-04,Trincomalee,0.7026910346276858
342,2020,3,2020-01-04,Vavuniya,0.7690634125014817
343,2020,4,2020-01-11,Ampara,0.6870023915581671
343,2020,4,2020-01-11,Anuradhapura,0.6958139165675195
343,2020,4,2020-01-11,Badulla,0.8612343694229626
343,2020,4,2020-01-11,Batticaloa,0.6449752644192547
343,2020,4,2020-01-11,Colombo,0.678163005651398
343,2020,4,2020-01-11,Galle,0.8192743976799525
343,2020,4,2020-01-11,Gampaha,0.7423362228584176
343,2020,4,2020-01-11,Hambantota,0.7382394713179975
343,2020,4,2020-01-11,Jaffna,0.4685449420544
343,2020,4,2020-01-11,Kalutara,0.8278839009518144
343,2020,4,2020-01-11,Kandy,0.7592345144259369
343,2020,4,2020-01-11,Kegalle,0.8361807424895896
343,2020,4,2020-01-11,Kilinochchi,0.481407895371962
343,2020,4,2020-01-11,Kurunegala,0.7373454770349244
343,2020,4,2020-01-11,Mannar,0.8171186222386728
343,2020,4,2020-01-11,Matale,0.7164144426680549
343,2020,4,2020-01-11,Matara,0.8429153201219513
343,2020,4,2020-01-11,Moneragala,0.8121487860648423
343,2020,4,2020-01-11,Mullaitivu,0.7766187239738251
343,2020,4,2020-01-11,NuwaraEliya,0.8183855372723152
343,2020,4,2020-01-11,Polonnaruwa,0.7401096501338489
343,2020,4,2020-01-11,Puttalam,0.7804273404967281
343,2020,4,2020-01-11,Ratnapura,0.8151928167757287
343,2020,4,2020-01-11,Trincomalee,0.7289949449343852
343,2020,4,2020-01-11,Vavuniya,0.7563615556216539
344,2020,5,2020-01-18,Ampara,0.6441452813130398
344,2020,5,2020-01-18,Anuradhapura,0.6496029335217134
344,2020,5,2020-01-18,Badulla,0.8564216091612136
344,2020,5,2020-01-18,Batticaloa,0.6047272876998395
344,2020,5,2020-01-18,Colombo,0.671947018143962
344,2020,5,2020-01-18,Galle,0.8060688206424748
344,2020,5,2020-01-18,Gampaha,0.7105215924301012
344,2020,5,2020-01-18,Hambantota,0.729963861052063
344,2020,5,2020-01-18,Jaffna,0.46368616955322645
344,2020,5,2020-01-18,Kalutara,0.8179549152290304
344,2020,5,2020-01-18,Kandy,0.7495390875966688
344,2020,5,2020-01-18,Kegalle,0.8151656212819751
344,2020,5,2020-01-18,Kilinochchi,0.4290496419292843
344,2020,5,2020-01-18,Kurunegala,0.6965034992852881
344,2020,5,2020-01-18,Mannar,0.794097601424392
344,2020,5,2020-01-18,Matale,0.6874869478732898
344,2020,5,2020-01-18,Matara,0.8344966593545509
344,2020,5,2020-01-18,Moneragala,0.7989960161362284
344,2020,5,2020-01-18,Mullaitivu,0.7248714009518145
344,2020,5,2020-01-18,NuwaraEliya,0.816329782265375
344,2020,5,2020-01-18,Polonnaruwa,0.7376141824063057
344,2020,5,2020-01-18,Puttalam,0.7623537496281975
344,2020,5,2020-01-18,Ratnapura,0.8018730368828079
344,2020,5,2020-01-18,Trincomalee,0.7592695424221102
344,2020,5,2020-01-18,Vavuniya,0.7314366002379536
345,2020,6,2020-01-25,Ampara,0.6354447207420204
345,2020,6,2020-01-25,Anuradhapura,0.638342006246282
345,2020,6,2020-01-25,Badulla,0.8552935826888757
345,2020,6,2020-01-25,Batticaloa,0.5649667417885826
345,2020,6,2020-01-25,Colombo,0.6592183707614515
345,2020,6,2020-01-25,Galle,0.8009768255502677
345,2020,6,2020-01-25,Gampaha,0.6813443504610351
345,2020,6,2020-01-25,Hambantota,0.720571349910643
345,2020,6,2020-01-25,Jaffna,0.4491157384143312
345,2020,6,2020-01-25,Kalutara,0.8095717671772755
345,2020,6,2020-01-25,Kandy,0.7418964622992267
345,2020,6,2020-01-25,Kegalle,0.8050567686644855
345,2020,6,2020-01-25,Kilinochchi,0.40792342193962217
345,2020,6,2020-01-25,Kurunegala,0.663105685216513
345,2020,6,2020-01-25,Mannar,0.7888888270052207
345,2020,6,2020-01-25,Matale,0.6945656900654373
345,2020,6,2020-01-25,Matara,0.8198626747471743
345,2020,6,2020-01-25,Moneragala,0.7941373326888758
345,2020,6,2020-01-25,Mullaitivu,0.7177881432183225
345,2020,6,2020-01-25,NuwaraEliya,0.804985493151752
345,2020,6,2020-01-25,Polonnaruwa,0.7519932796698394
345,2020,6,2020-01-25,Puttalam,0.7401143831796549
345,2020,6,2020-01-25,Ratnapura,0.7950198245092207
345,2020,6,2020-01-25,Trincomalee,0.7714341144134504
345,2020,6,2020-01-25,Vavuniya,0.7071724624479477
346,2020,7,2020-01-01,Ampara,0.6892715825034234
346,2020,7,2020-01-01,Anuradhapura,0.673070182583627
346,2020,7,2020-01-01,Badulla,0.8557783141902715
346,2020,7,2020-01-01,Batticaloa,0.6528243833617028
346,2020,7,2020-01-01,Colombo,0.689355953416007
346,2020,7,2020-01-01,Galle,0.8271269711252459
346,2020,7,2020-01-01,Gampaha,0.7712568526060496
346,2020,7,2020-01-01,Hambantota,0.7373980295488428
346,2020,7,2020-01-01,Jaffna,0.48880557302550837
346,2020,7,2020-01-01,Kalutara,0.8356472131972728
346,2020,7,2020-01-01,Kandy,0.7756185054683568
346,2020,7,2020-01-01,Kegalle,0.8544756555164051
346,2020,7,2020-01-01,Kilinochchi,0.5479560336006194
346,2020,7,2020-01-01,Kurunegala,0.784152359116268
346,2020,7,2020-01-01,Mannar,0.8404557439909965
346,2020,7,2020-01-01,Matale,0.7434088500434723
346,2020,7,2020-01-01,Matara,0.8406239028966276
346,2020,7,2020-01-01,Moneragala,0.8272201619914886
346,2020,7,2020-01-01,Mullaitivu,0.7567301057063104
346,2020,7,2020-01-01,NuwaraEliya,0.8091126801812109
346,2020,7,2020-01-01,Polonnaruwa,0.6914495035006636
346,2020,7,2020-01-01,Puttalam,0.7946587836910264
346,2020,7,2020-01-01,Ratnapura,0.8304922390518464
346,2020,7,2020-01-01,Trincomalee,0.6976575814949976
346,2020,7,2020-01-01,Vavuniya,0.7552993392296085
347,2020,8,2020-02-08,Ampara,0.6697332990812956
347,2020,8,2020-02-08,Anuradhapura,0.6770705067668056
347,2020,8,2020-02-08,Badulla,0.8564083283759668
347,2020,8,2020-02-08,Batticaloa,0.49518135611595393
347,2020,8,2020-02-08,Colombo,0.6226359198393814
347,2020,8,2020-02-08,Galle,0.8071151212076146
347,2020,8,2020-02-08,Gampaha,0.633394776174896
347,2020,8,2020-02-08,Hambantota,0.6980829979043346
347,2020,8,2020-02-08,Jaffna,0.40418056585034107
347,2020,8,2020-02-08,Kalutara,0.7949802033759668
347,2020,8,2020-02-08,Kandy,0.7282737042682927
347,2020,8,2020-02-08,Kegalle,0.8073630409726354
347,2020,8,2020-02-08,Kilinochchi,0.42276299823318525
347,2020,8,2020-02-08,Kurunegala,0.6147277166966765
347,2020,8,2020-02-08,Mannar,0.8061374853720417
347,2020,8,2020-02-08,Matale,0.768355880056514
347,2020,8,2020-02-08,Matara,0.7836886488697205
347,2020,8,2020-02-08,Moneragala,0.7972220609012494
347,2020,8,2020-02-08,Mullaitivu,0.783456631097561
347,2020,8,2020-02-08,NuwaraEliya,0.7687527104402142
347,2020,8,2020-02-08,Polonnaruwa,0.7994230610499703
347,2020,8,2020-02-08,Puttalam,0.6840625910916123
347,2020,8,2020-02-08,Ratnapura,0.7915985685603807
347,2020,8,2020-02-08,Trincomalee,0.7608054004135544
347,2020,8,2020-02-08,Vavuniya,0.6592099048185605
348,2020,9,2020-02-15,Ampara,0.6176134221388435
348,2020,9,2020-02-15,Anuradhapura,0.6603941050713861
348,2020,9,2020-02-15,Badulla,0.8403045806067817
348,2020,9,2020-02-15,Batticaloa,0.49679218216950966
348,2020,9,2020-02-15,Colombo,0.6122620426829268
348,2020,9,2020-02-15,Galle,0.8105806104997026
348,2020,9,2020-02-15,Gampaha,0.6307955420880429
348,2020,9,2020-02-15,Hambantota,0.6807157886824423
348,2020,9,2020-02-15,Jaffna,0.39683384202352795
348,2020,9,2020-02-15,Kalutara,0.7838638254759073
348,2020,9,2020-02-15,Kandy,0.7112826981707318
348,2020,9,2020-02-15,Kegalle,0.8114805119720405
348,2020,9,2020-02-15,Kilinochchi,0.4077992420752009
348,2020,9,2020-02-15,Kurunegala,0.6052442835033888
348,2020,9,2020-02-15,Mannar,0.7816022912843894
348,2020,9,2020-02-15,Matale,0.7536686068560381
348,2020,9,2020-02-15,Matara,0.7886207651695419
348,2020,9,2020-02-15,Moneragala,0.7829891006097562
348,2020,9,2020-02-15,Mullaitivu,0.7767361782421178
348,2020,9,2020-02-15,NuwaraEliya,0.7716065846222486
348,2020,9,2020-02-15,Polonnaruwa,0.7603148553688281
348,2020,9,2020-02-15,Puttalam,0.642530411585366
348,2020,9,2020-02-15,Ratnapura,0.778854747917906
348,2020,9,2020-02-15,Trincomalee,0.7607501809560765
348,2020,9,2020-02-15,Vavuniya,0.6320789708506841
349,2020,10,2020-02-22,Ampara,0.5654935451963914
349,2020,10,2020-02-22,Anuradhapura,0.6437177033759667
349,2020,10,2020-02-22,Badulla,0.8242008328375967
349,2020,10,2020-02-22,Batticaloa,0.49840300822306544
349,2020,10,2020-02-22,Colombo,0.6018881655264723
349,2020,10,2020-02-22,Galle,0.8140460997917907
349,2020,10,2020-02-22,Gampaha,0.6281963080011899
349,2020,10,2020-02-22,Hambantota,0.66334857946055
349,2020,10,2020-02-22,Jaffna,0.3894871181967148
349,2020,10,2020-02-22,Kalutara,0.7727474475758477
349,2020,10,2020-02-22,Kandy,0.6942916920731708
349,2020,10,2020-02-22,Kegalle,0.8155979829714456
349,2020,10,2020-02-22,Kilinochchi,0.39283548591721656
349,2020,10,2020-02-22,Kurunegala,0.5957608503101011
349,2020,10,2020-02-22,Mannar,0.757067097196737
349,2020,10,2020-02-22,Matale,0.7389813336555622
349,2020,10,2020-02-22,Matara,0.7935528814693635
349,2020,10,2020-02-22,Moneragala,0.768756140318263
349,2020,10,2020-02-22,Mullaitivu,0.7700157253866746
349,2020,10,2020-02-22,NuwaraEliya,0.7744604588042832
349,2020,10,2020-02-22,Polonnaruwa,0.721206649687686
349,2020,10,2020-02-22,Puttalam,0.6009982320791196
349,2020,10,2020-02-22,Ratnapura,0.7661109272754313
349,2020,10,2020-02-22,Trincomalee,0.7606949614985986
349,2020,10,2020-02-22,Vavuniya,0.6049480368828077
350,2020,11,2020-02-29,Ampara,0.5639499208191969
350,2020,11,2020-02-29,Anuradhapura,0.6396601371951219
350,2020,11,2020-02-29,Badulla,0.8213457651695419
350,2020,11,2020-02-29,Batticaloa,0.4986938420054965
350,2020,11,2020-02-29,Colombo,0.5860319192444973
350,2020,11,2020-02-29,Galle,0.799763273349197
350,2020,11,2020-02-29,Gampaha,0.6245968433967877
350,2020,11,2020-02-29,Hambantota,0.6325538049929833
350,2020,11,2020-02-29,Jaffna,0.39468130085801534
350,2020,11,2020-02-29,Kalutara,0.7489664132212969
350,2020,11,2020-02-29,Kandy,0.6816194062314099
350,2020,11,2020-02-29,Kegalle,0.8093277792236764
350,2020,11,2020-02-29,Kilinochchi,0.3852735082172936
350,2020,11,2020-02-29,Kurunegala,0.5909471574402004
350,2020,11,2020-02-29,Mannar,0.7514541656209721
350,2020,11,2020-02-29,Matale,0.7288444229625223
350,2020,11,2020-02-29,Matara,0.7819914894408091
350,2020,11,2020-02-29,Moneragala,0.754853641805473
350,2020,11,2020-02-29,Mullaitivu,0.7332627156454492
350,2020,11,2020-02-29,NuwaraEliya,0.7555627509666865
350,2020,11,2020-02-29,Polonnaruwa,0.6834679729327782
350,2020,11,2020-02-29,Puttalam,0.6024928335068412
350,2020,11,2020-02-29,Ratnapura,0.7640322687388459
350,2020,11,2020-02-29,Trincomalee,0.7210086739558454
350,2020,11,2020-02-29,Vavuniya,0.6072096408387865
351,2020,12,2020-03-07,Ampara,0.5662967774085605
351,2020,12,2020-03-07,Anuradhapura,0.6365732506692444
351,2020,12,2020-03-07,Badulla,0.8195098267400358
351,2020,12,2020-03-07,Batticaloa,0.49888313792091793
351,2020,12,2020-03-07,Colombo,0.5697539522605591
351,2020,12,2020-03-07,Galle,0.7841151918500893
351,2020,12,2020-03-07,Gampaha,0.6209204379833433
351,2020,12,2020-03-07,Hambantota,0.600726140891134
351,2020,12,2020-03-07,Jaffna,0.40084016863378624
351,2020,12,2020-03-07,Kalutara,0.7242111745240929
351,2020,12,2020-03-07,Kandy,0.6692793296400953
351,2020,12,2020-03-07,Kegalle,0.8022585235722784
351,2020,12,2020-03-07,Kilinochchi,0.37828089809106774
351,2020,12,2020-03-07,Kurunegala,0.5864926753644064
351,2020,12,2020-03-07,Mannar,0.7472967926999677
351,2020,12,2020-03-07,Matale,0.7190575401546698
351,2020,12,2020-03-07,Matara,0.7691613660023796
351,2020,12,2020-03-07,Moneragala,0.7409765634295062
351,2020,12,2020-03-07,Mullaitivu,0.694199509220702
351,2020,12,2020-03-07,NuwaraEliya,0.7349918445121951
351,2020,12,2020-03-07,Polonnaruwa,0.6458346445568114
351,2020,12,2020-03-07,Puttalam,0.6072971873140988
351,2020,12,2020-03-07,Ratnapura,0.7627740072873289
351,2020,12,2020-03-07,Trincomalee,0.6782738427142249
351,2020,12,2020-03-07,Vavuniya,0.6117322092504462
352,2020,13,2020-03-14,Ampara,0.5676434892157649
352,2020,13,2020-03-14,Anuradhapura,0.6057901490928019
352,2020,13,2020-03-14,Badulla,0.8175594809637121
352,2020,13,2020-03-14,Batticaloa,0.4836753048780488
352,2020,13,2020-03-14,Colombo,0.5785915600832837
352,2020,13,2020-03-14,Galle,0.7767895002974421
352,2020,13,2020-03-14,Gampaha,0.6222656919244498
352,2020,13,2020-03-14,Hambantota,0.5848913291779789
352,2020,13,2020-03-14,Jaffna,0.4096875787123303
352,2020,13,2020-03-14,Kalutara,0.7324643292682927
352,2020,13,2020-03-14,Kandy,0.656380015615705
352,2020,13,2020-03-14,Kegalle,0.8001355703450328
352,2020,13,2020-03-14,Kilinochchi,0.3752182861572218
352,2020,13,2020-03-14,Kurunegala,0.5796429319835326
352,2020,13,2020-03-14,Mannar,0.7516032953153419
352,2020,13,2020-03-14,Matale,0.7110667924598453
352,2020,13,2020-03-14,Matara,0.7599945363622844
352,2020,13,2020-03-14,Moneragala,0.7197789206573468
352,2020,13,2020-03-14,Mullaitivu,0.6947199397679953
352,2020,13,2020-03-14,NuwaraEliya,0.7349124349345628
352,2020,13,2020-03-14,Polonnaruwa,0.609652388831053
352,2020,13,2020-03-14,Puttalam,0.5936809878792386
352,2020,13,2020-03-14,Ratnapura,0.7638782291046996
352,2020,13,2020-03-14,Trincomalee,0.6857648302238807
352,2020,13,2020-03-14,Vavuniya,0.600271512492564
353,2020,14,2020-03-21,Ampara,0.5684345650328807
353,2020,14,2020-03-21,Anuradhapura,0.5596202613771565
353,2020,14,2020-03-21,Badulla,0.8155455755502677
353,2020,14,2020-03-21,Batticaloa,0.45991351130279595
353,2020,14,2020-03-21,Colombo,0.6013822650208209
353,2020,14,2020-03-21,Galle,0.7740873587150506
353,2020,14,2020-03-21,Gampaha,0.6264007566180845
353,2020,14,2020-03-21,Hambantota,0.5779414354585428
353,2020,14,2020-03-21,Jaffna,0.42002862340352626
353,2020,14,2020-03-21,Kalutara,0.7590554803688281
353,2020,14,2020-03-21,Kandy,0.643170014128495
353,2020,14,2020-03-21,Kegalle,0.8007605629089828
353,2020,14,2020-03-21,Kilinochchi,0.3743390065524759
353,2020,14,2020-03-21,Kurunegala,0.5714624878776142
353,2020,14,2020-03-21,Mannar,0.7606119510064818
353,2020,14,2020-03-21,Matale,0.704073897605592
353,2020,14,2020-03-21,Matara,0.752862869943486
353,2020,14,2020-03-21,Moneragala,0.6945142976650803
353,2020,14,2020-03-21,Mullaitivu,0.7172312797441999
353,2020,14,2020-03-21,NuwaraEliya,0.7462171902885187
353,2020,14,2020-03-21,Polonnaruwa,0.5742762845776324
353,2020,14,2020-03-21,Puttalam,0.569831147754313
353,2020,14,2020-03-21,Ratnapura,0.7662949416270077
353,2020,14,2020-03-21,Trincomalee,0.7211590503731343
353,2020,14,2020-03-21,Vavuniya,0.5799312239738251
354,2020,15,2020-03-28,Ampara,0.5663978213264133
354,2020,15,2020-03-28,Anuradhapura,0.5353990370315289
354,2020,15,2020-03-28,Badulla,0.809642625297442
354,2020,15,2020-03-28,Batticaloa,0.4482642599299014
354,2020,15,2020-03-28,Colombo,0.6203356149613326
354,2020,15,2020-03-28,Galle,0.7751884406603213
354,2020,15,2020-03-28,Gampaha,0.6316839381320644
354,2020,15,2020-03-28,Hambantota,0.5638620218843927
354,2020,15,2020-03-28,Jaffna,0.4200447536735998
354,2020,15,2020-03-28,Kalutara,0.7793012176531826
354,2020,15,2020-03-28,Kandy,0.6393127509666865
354,2020,15,2020-03-28,Kegalle,0.8047927442742416
354,2020,15,2020-03-28,Kilinochchi,0.3740860089372802
354,2020,15,2020-03-28,Kurunegala,0.5783476463256523
354,2020,15,2020-03-28,Mannar,0.7684103510740571
354,2020,15,2020-03-28,Matale,0.700783030933968
354,2020,15,2020-03-28,Matara,0.7530676754907792
354,2020,15,2020-03-28,Moneragala,0.6831118103063653
354,2020,15,2020-03-28,Mullaitivu,0.7246458023497918
354,2020,15,2020-03-28,NuwaraEliya,0.7445475349494348
354,2020,15,2020-03-28,Polonnaruwa,0.5488078524687686
354,2020,15,2020-03-28,Puttalam,0.5643710495984534
354,2020,15,2020-03-28,Ratnapura,0.7761537923854849
354,2020,15,2020-03-28,Trincomalee,0.7430871604477612
354,2020,15,2020-03-28,Vavuniya,0.5682505316775729
355,2020,16,2020-04-04,Ampara,0.559271002477496
355,2020,16,2020-04-04,Anuradhapura,0.5506854067519334
355,2020,16,2020-04-04,Badulla,0.79673939433373
355,2020,16,2020-04-04,Batticaloa,0.4584175845212516
355,2020,16,2020-04-04,Colombo,0.6323817259071981
355,2020,16,2020-04-04,Galle,0.7831353249553837
355,2020,16,2020-04-04,Gampaha,0.6390337299226652
355,2020,16,2020-04-04,Hambantota,0.5369494725717571
355,2020,16,2020-04-04,Jaffna,0.401476037985653
355,2020,16,2020-04-04,Kalutara,0.7881252100684116
355,2020,16,2020-04-04,Kandy,0.6522904167906008
355,2020,16,2020-04-04,Kegalle,0.814957865481856
355,2020,16,2020-04-04,Kilinochchi,0.374960318903275
355,2020,16,2020-04-04,Kurunegala,0.6123508893708121
355,2020,16,2020-04-04,Mannar,0.7740302910192158
355,2020,16,2020-04-04,Matale,0.7041558149910768
355,2020,16,2020-04-04,Matara,0.7664781305770375
355,2020,16,2020-04-04,Moneragala,0.6966611670880428
355,2020,16,2020-04-04,Mullaitivu,0.7048860536882808
355,2020,16,2020-04-04,NuwaraEliya,0.7195239403628793
355,2020,16,2020-04-04,Polonnaruwa,0.5411732302201071
355,2020,16,2020-04-04,Puttalam,0.5920124869869126
355,2020,16,2020-04-04,Ratnapura,0.799408491969066
355,2020,16,2020-04-04,Trincomalee,0.7407762723880598
355,2020,16,2020-04-04,Vavuniya,0.5721571125817966
356,2020,17,2020-04-11,Ampara,0.5542246249433973
356,2020,17,2020-04-11,Anuradhapura,0.5685600944378346
356,2020,17,2020-04-11,Badulla,0.7849264723378941
356,2020,17,2020-04-11,Batticaloa,0.4676089776119403
356,2020,17,2020-04-11,Colombo,0.6409257491820345
356,2020,17,2020-04-11,Galle,0.7866404799970256
356,2020,17,2020-04-11,Gampaha,0.6434214567221893
356,2020,17,2020-04-11,Hambantota,0.5161080027415332
356,2020,17,2020-04-11,Jaffna,0.38560172606155707
356,2020,17,2020-04-11,Kalutara,0.7924152792236764
356,2020,17,2020-04-11,Kandy,0.6661709417757288
356,2020,17,2020-04-11,Kegalle,0.8251034391731111
356,2020,17,2020-04-11,Kilinochchi,0.3775226417458381
356,2020,17,2020-04-11,Kurunegala,0.645481051936306
356,2020,17,2020-04-11,Mannar,0.7780856956528515
356,2020,17,2020-04-11,Matale,0.7074812760261749
356,2020,17,2020-04-11,Matara,0.779458491969066
356,2020,17,2020-04-11,Moneragala,0.711015137938727
356,2020,17,2020-04-11,Mullaitivu,0.6879562760261749
356,2020,17,2020-04-11,NuwaraEliya,0.698563474122546
356,2020,17,2020-04-11,Polonnaruwa,0.533600018590125
356,2020,17,2020-04-11,Puttalam,0.617447505205235
356,2020,17,2020-04-11,Ratnapura,0.8207362247174301
356,2020,17,2020-04-11,Trincomalee,0.7377571679104479
356,2020,17,2020-04-11,Vavuniya,0.5779443374479477
357,2020,18,2020-04-18,Ampara,0.5762239845019401
357,2020,18,2020-04-18,Anuradhapura,0.6200829156751934
357,2020,18,2020-04-18,Badulla,0.7872875669244498
357,2020,18,2020-04-18,Batticaloa,0.46429526119402986
357,2020,18,2020-04-18,Colombo,0.603942632733492
357,2020,18,2020-04-18,Galle,0.7324031547441999
357,2020,18,2020-04-18,Gampaha,0.6093023386377158
357,2020,18,2020-04-18,Hambantota,0.5741905661826638
357,2020,18,2020-04-18,Jaffna,0.404754663067522
357,2020,18,2020-04-18,Kalutara,0.7377643459994052
357,2020,18,2020-04-18,Kandy,0.6917886358566331
357,2020,18,2020-04-18,Kegalle,0.8349948951516954
357,2020,18,2020-04-18,Kilinochchi,0.40202913198378804
357,2020,18,2020-04-18,Kurunegala,0.6672611682661463
357,2020,18,2020-04-18,Mannar,0.7618021412366865
357,2020,18,2020-04-18,Matale,0.7101915377751339
357,2020,18,2020-04-18,Matara,0.7868476353361095
357,2020,18,2020-04-18,Moneragala,0.7358290916864961
357,2020,18,2020-04-18,Mullaitivu,0.7078161213563355
357,2020,18,2020-04-18,NuwaraEliya,0.7304236763831052
357,2020,18,2020-04-18,Polonnaruwa,0.5268251450029744
357,2020,18,2020-04-18,Puttalam,0.6141990742117788
357,2020,18,2020-04-18,Ratnapura,0.8170133886079715
357,2020,18,2020-04-18,Trincomalee,0.7255312500000001
357,2020,18,2020-04-18,Vavuniya,0.6081799338191554
358,2020,19,2020-04-25,Ampara,0.5982233440604828
358,2020,19,2020-04-25,Anuradhapura,0.6716057369125521
358,2020,19,2020-04-25,Badulla,0.7896486615110054
358,2020,19,2020-04-25,Batticaloa,0.4609815447761194
358,2020,19,2020-04-25,Colombo,0.5669595162849494
358,2020,19,2020-04-25,Galle,0.6781658294913742
358,2020,19,2020-04-25,Gampaha,0.5751832205532422
358,2020,19,2020-04-25,Hambantota,0.6322731296237944
358,2020,19,2020-04-25,Jaffna,0.423907600073487
358,2020,19,2020-04-25,Kalutara,0.6831134127751339
358,2020,19,2020-04-25,Kandy,0.7174063299375373
358,2020,19,2020-04-25,Kegalle,0.8448863511302797
358,2020,19,2020-04-25,Kilinochchi,0.426535622221738
358,2020,19,2020-04-25,Kurunegala,0.6890412845959866
358,2020,19,2020-04-25,Mannar,0.7455185868205215
358,2020,19,2020-04-25,Matale,0.7129017995240928
358,2020,19,2020-04-25,Matara,0.7942367787031529
358,2020,19,2020-04-25,Moneragala,0.7606430454342653
358,2020,19,2020-04-25,Mullaitivu,0.7276759666864963
358,2020,19,2020-04-25,NuwaraEliya,0.7622838786436644
358,2020,19,2020-04-25,Polonnaruwa,0.5200502714158239
358,2020,19,2020-04-25,Puttalam,0.6109506432183225
358,2020,19,2020-04-25,Ratnapura,0.8132905524985128
358,2020,19,2020-04-25,Trincomalee,0.7133053320895523
358,2020,19,2020-04-25,Vavuniya,0.6384155301903629
359,2020,20,2020-05-02,Ampara,0.6308139560540545
359,2020,20,2020-05-02,Anuradhapura,0.6876614515169542
359,2020,20,2020-05-02,Badulla,0.7996850330904225
359,2020,20,2020-05-02,Batticaloa,0.48070133113285446
359,2020,20,2020-05-02,Colombo,0.558799520374777
359,2020,20,2020-05-02,Galle,0.7041696516210589
359,2020,20,2020-05-02,Gampaha,0.5882930417162404
359,2020,20,2020-05-02,Hambantota,0.6435350405264724
359,2020,20,2020-05-02,Jaffna,0.41971393139522656
359,2020,20,2020-05-02,Kalutara,0.6989867285098157
359,2020,20,2020-05-02,Kandy,0.7287883161064843
359,2020,20,2020-05-02,Kegalle,0.8517371430696015
359,2020,20,2020-05-02,Kilinochchi,0.43808815851889055
359,2020,20,2020-05-02,Kurunegala,0.6837199981398809
359,2020,20,2020-05-02,Mannar,0.7434970134480567
359,2020,20,2020-05-02,Matale,0.7110736206127305
359,2020,20,2020-05-02,Matara,0.785448977543129
359,2020,20,2020-05-02,Moneragala,0.7746983194527067
359,2020,20,2020-05-02,Mullaitivu,0.7366161771267103
359,2020,20,2020-05-02,NuwaraEliya,0.7044888868233194
359,2020,20,2020-05-02,Polonnaruwa,0.5432767567668055
359,2020,20,2020-05-02,Puttalam,0.6160215348007139
359,2020,20,2020-05-02,Ratnapura,0.8141804692147532
359,2020,20,2020-05-02,Trincomalee,0.7080768943823171
359,2020,20,2020-05-02,Vavuniya,0.6746743177424153
360,2020,21,2020-05-09,Ampara,0.6662930914389977
360,2020,21,2020-05-09,Anuradhapura,0.6940443188578228
360,2020,21,2020-05-09,Badulla,0.811814662031529
360,2020,21,2020-05-09,Batticaloa,0.5067029818826747
360,2020,21,2020-05-09,Colombo,0.5585003755205236
360,2020,21,2020-05-09,Galle,0.7520574230368828
360,2020,21,2020-05-09,Gampaha,0.6142834826740037
360,2020,21,2020-05-09,Hambantota,0.6420276825550268
360,2020,21,2020-05-09,Jaffna,0.40915300662126836
360,2020,21,2020-05-09,Kalutara,0.7340939303242119
360,2020,21,2020-05-09,Kandy,0.7362878364812612
360,2020,21,2020-05-09,Kegalle,0.8577586629982155
360,2020,21,2020-05-09,Kilinochchi,0.44610779828673475
360,2020,21,2020-05-09,Kurunegala,0.6710074200148809
360,2020,21,2020-05-09,Mannar,0.7453650712693283
360,2020,21,2020-05-09,Matale,0.7080076851576442
360,2020,21,2020-05-09,Matara,0.772249282421178
360,2020,21,2020-05-09,Moneragala,0.7858194080904224
360,2020,21,2020-05-09,Mullaitivu,0.7425783053242118
360,2020,21,2020-05-09,NuwaraEliya,0.6222424784354551
360,2020,21,2020-05-09,Polonnaruwa,0.5746854309190957
360,2020,21,2020-05-09,Puttalam,0.6233613325401548
360,2020,21,2020-05-09,Ratnapura,0.8163284094289114
360,2020,21,2020-05-09,Trincomalee,0.7047568603668672
360,2020,21,2020-05-09,Vavuniya,0.7125757937983344
361,2020,22,2020-05-16,Ampara,0.6992166679060083
361,2020,22,2020-05-16,Anuradhapura,0.6821346371207615
361,2020,22,2020-05-16,Badulla,0.828522138979774
361,2020,22,2020-05-16,Batticaloa,0.5253675677035702
361,2020,22,2020-05-16,Colombo,0.5825312927572874
361,2020,22,2020-05-16,Galle,0.7776058354402142
361,2020,22,2020-05-16,Gampaha,0.6469636265615706
361,2020,22,2020-05-16,Hambantota,0.6457327966762496
361,2020,22,2020-05-16,Jaffna,0.3931695593887597
361,2020,22,2020-05-16,Kalutara,0.7554995742861392
361,2020,22,2020-05-16,Kandy,0.7476729606632957
361,2020,22,2020-05-16,Kegalle,0.8507393515764428
361,2020,22,2020-05-16,Kilinochchi,0.4480715699317564
361,2020,22,2020-05-16,Kurunegala,0.6690275817644595
361,2020,22,2020-05-16,Mannar,0.7478103116646153
361,2020,22,2020-05-16,Matale,0.702977007733492
361,2020,22,2020-05-16,Matara,0.7731762957317073
361,2020,22,2020-05-16,Moneragala,0.7933782291046997
361,2020,22,2020-05-16,Mullaitivu,0.7429582224122546
361,2020,22,2020-05-16,NuwaraEliya,0.634019765020821
361,2020,22,2020-05-16,Polonnaruwa,0.6259837894110648
361,2020,22,2020-05-16,Puttalam,0.651965269928614
361,2020,22,2020-05-16,Ratnapura,0.8094915805324212
361,2020,22,2020-05-16,Trincomalee,0.7191238215159519
361,2020,22,2020-05-16,Vavuniya,0.7235972802647234
362,2020,23,2020-05-23,Ampara,0.7295846854550863
362,2020,23,2020-05-23,Anuradhapura,0.6519324063057704
362,2020,23,2020-05-23,Badulla,0.8498074639351577
362,2020,23,2020-05-23,Batticaloa,0.536695088595541
362,2020,23,2020-05-23,Colombo,0.6308922720850685
362,2020,23,2020-05-23,Galle,0.780814888831053
362,2020,23,2020-05-23,Gampaha,0.6863334733789412
362,2020,23,2020-05-23,Hambantota,0.6546503828901407
362,2020,23,2020-05-23,Jaffna,0.3717635896977006
362,2020,23,2020-05-23,Kalutara,0.763203660395598
362,2020,23,2020-05-23,Kandy,0.7629436886525878
362,2020,23,2020-05-23,Kegalle,0.8306792088042833
362,2020,23,2020-05-23,Kilinochchi,0.4439794734539555
362,2020,23,2020-05-23,Kurunegala,0.6777804833886169
362,2020,23,2020-05-23,Mannar,0.750832734633918
362,2020,23,2020-05-23,Matale,0.6959815883402737
362,2020,23,2020-05-23,Matara,0.7882300174747174
362,2020,23,2020-05-23,Moneragala,0.7973747824955384
362,2020,23,2020-05-23,Mullaitivu,0.7377559283908388
362,2020,23,2020-05-23,NuwaraEliya,0.739820746579417
362,2020,23,2020-05-23,Polonnaruwa,0.6971718322427127
362,2020,23,2020-05-23,Puttalam,0.7018333469660917
362,2020,23,2020-05-23,Ratnapura,0.7936699825252826
362,2020,23,2020-05-23,Trincomalee,0.7511777778295711
362,2020,23,2020-05-23,Vavuniya,0.7077387771415824
363,2020,24,2020-05-30,Ampara,0.7507231967578822
363,2020,24,2020-05-30,Anuradhapura,0.6318203524687687
363,2020,24,2020-05-30,Badulla,0.8614736652290303
363,2020,24,2020-05-30,Batticaloa,0.5416689782745256
363,2020,24,2020-05-30,Colombo,0.6613868716537775
363,2020,24,2020-05-30,Galle,0.7867212931290899
363,2020,24,2020-05-30,Gampaha,0.7154405450624629
363,2020,24,2020-05-30,Hambantota,0.6554293521220778
363,2020,24,2020-05-30,Jaffna,0.35698867693864045
363,2020,24,2020-05-30,Kalutara,0.7593084343396789
363,2020,24,2020-05-30,Kandy,0.7689287607822726
363,2020,24,2020-05-30,Kegalle,0.8039996244794766
363,2020,24,2020-05-30,Kilinochchi,0.43881914716063414
363,2020,24,2020-05-30,Kurunegala,0.686168515764426
363,2020,24,2020-05-30,Mannar,0.7572100300399064
363,2020,24,2020-05-30,Matale,0.6888875167311125
363,2020,24,2020-05-30,Matara,0.7985398051754908
363,2020,24,2020-05-30,Moneragala,0.7951682201814396
363,2020,24,2020-05-30,Mullaitivu,0.7371283834027366
363,2020,24,2020-05-30,NuwaraEliya,0.7977245910172516
363,2020,24,2020-05-30,Polonnaruwa,0.7538570623884593
363,2020,24,2020-05-30,Puttalam,0.7351979272010708
363,2020,24,2020-05-30,Ratnapura,0.7808056253718025
363,2020,24,2020-05-30,Trincomalee,0.7720045537322665
363,2020,24,2020-05-30,Vavuniya,0.694228887195122
364,2020,25,2020-06-06,Ampara,0.7380201851576443
364,2020,25,2020-06-06,Anuradhapura,0.6487056142177275
364,2020,25,2020-06-06,Badulla,0.8378697464306961
364,2020,25,2020-06-06,Batticaloa,0.5233462201725608
364,2020,25,2020-06-06,Colombo,0.6263714121058894
364,2020,25,2020-06-06,Galle,0.8025179840868532
364,2020,25,2020-06-06,Gampaha,0.7069174412552053
364,2020,25,2020-06-06,Hambantota,0.6263667257535168
364,2020,25,2020-06-06,Jaffna,0.36652763959690954
364,2020,25,2020-06-06,Kalutara,0.712882397010708
364,2020,25,2020-06-06,Kandy,0.7408664280933969
364,2020,25,2020-06-06,Kegalle,0.7530487544616301
364,2020,25,2020-06-06,Kilinochchi,0.42974197821040433
364,2020,25,2020-06-06,Kurunegala,0.6932186942296252
364,2020,25,2020-06-06,Mannar,0.7758885243804093
364,2020,25,2020-06-06,Matale,0.6814317203301606
364,2020,25,2020-06-06,Matara,0.7914551680547294
364,2020,25,2020-06-06,Moneragala,0.77021690028257
364,2020,25,2020-06-06,Mullaitivu,0.7532749182034504
364,2020,25,2020-06-06,NuwaraEliya,0.6800055993456277
364,2020,25,2020-06-06,Polonnaruwa,0.7573653126859012
364,2020,25,2020-06-06,Puttalam,0.7080496858268888
364,2020,25,2020-06-06,Ratnapura,0.7787844846817371
364,2020,25,2020-06-06,Trincomalee,0.7516650014615749
364,2020,25,2020-06-06,Vavuniya,0.6893305788964902
365,2020,26,2020-06-13,Ampara,0.7253171735574064
365,2020,26,2020-06-13,Anuradhapura,0.6655908759666864
365,2020,26,2020-06-13,Badulla,0.8142658276323618
365,2020,26,2020-06-13,Batticaloa,0.5050234620705959
365,2020,26,2020-06-13,Colombo,0.5913559525580012
365,2020,26,2020-06-13,Galle,0.8183146750446163
365,2020,26,2020-06-13,Gampaha,0.6983943374479477
365,2020,26,2020-06-13,Hambantota,0.5973040993849559
365,2020,26,2020-06-13,Jaffna,0.37606660225517863
365,2020,26,2020-06-13,Kalutara,0.6664563596817371
365,2020,26,2020-06-13,Kandy,0.7128040954045212
365,2020,26,2020-06-13,Kegalle,0.7020978844437835
365,2020,26,2020-06-13,Kilinochchi,0.42066480926017447
365,2020,26,2020-06-13,Kurunegala,0.7002688726948245
365,2020,26,2020-06-13,Mannar,0.7945670187209123
365,2020,26,2020-06-13,Matale,0.6739759239292088
365,2020,26,2020-06-13,Matara,0.7843705309339679
365,2020,26,2020-06-13,Moneragala,0.7452655803837002
365,2020,26,2020-06-13,Mullaitivu,0.7694214530041642
365,2020,26,2020-06-13,NuwaraEliya,0.5622866076740036
365,2020,26,2020-06-13,Polonnaruwa,0.7608735629833433
365,2020,26,2020-06-13,Puttalam,0.6809014444527067
365,2020,26,2020-06-13,Ratnapura,0.7767633439916716
365,2020,26,2020-06-13,Trincomalee,0.7313254491908833
365,2020,26,2020-06-13,Vavuniya,0.6844322705978584
366,2020,27,2020-06-20,Ampara,0.7319218638459252
366,2020,27,2020-06-20,Anuradhapura,0.6629328301606187
366,2020,27,2020-06-20,Badulla,0.817621006841166
366,2020,27,2020-06-20,Batticaloa,0.5069832444349134
366,2020,27,2020-06-20,Colombo,0.6525240835068412
366,2020,27,2020-06-20,Galle,0.7653491671624034
366,2020,27,2020-06-20,Gampaha,0.7325634443783463
366,2020,27,2020-06-20,Hambantota,0.5933890522754313
366,2020,27,2020-06-20,Jaffna,0.3687480522358707
366,2020,27,2020-06-20,Kalutara,0.7227943169988102
366,2020,27,2020-06-20,Kandy,0.7333632175788222
366,2020,27,2020-06-20,Kegalle,0.681006268590125
366,2020,27,2020-06-20,Kilinochchi,0.3828000921167656
366,2020,27,2020-06-20,Kurunegala,0.7000259332242713
366,2020,27,2020-06-20,Mannar,0.8066483206163975
366,2020,27,2020-06-20,Matale,0.6828170843248067
366,2020,27,2020-06-20,Matara,0.7739493512046401
366,2020,27,2020-06-20,Moneragala,0.7648812871802498
366,2020,27,2020-06-20,Mullaitivu,0.7847492043426533
366,2020,27,2020-06-20,NuwaraEliya,0.5247984867638311
366,2020,27,2020-06-20,Polonnaruwa,0.7805893999107674
366,2020,27,2020-06-20,Puttalam,0.6979502063503866
366,2020,27,2020-06-20,Ratnapura,0.7733442537923855
366,2020,27,2020-06-20,Trincomalee,0.7268027619899036
366,2020,27,2020-06-20,Vavuniya,0.6915205365110053
367,2020,28,2020-06-27,Ampara,0.7400117619720405
367,2020,28,2020-06-27,Anuradhapura,0.6587714530041643
367,2020,28,2020-06-27,Badulla,0.8230499628197501
367,2020,28,2020-06-27,Batticaloa,0.5105032222197141
367,2020,28,2020-06-27,Colombo,0.7210909521861988
367,2020,28,2020-06-27,Galle,0.707094259369423
367,2020,28,2020-06-27,Gampaha,0.7700165675193338
367,2020,28,2020-06-27,Hambantota,0.5914084343396788
367,2020,28,2020-06-27,Jaffna,0.36013277047213377
367,2020,28,2020-06-27,Kalutara,0.7870371969809637
367,2020,28,2020-06-27,Kandy,0.7576624516656753
367,2020,28,2020-06-27,Kegalle,0.662211518441404
367,2020,28,2020-06-27,Kilinochchi,0.34272094818926596
367,2020,28,2020-06-27,Kurunegala,0.6992219846817371
367,2020,28,2020-06-27,Mannar,0.8182221461699581
367,2020,28,2020-06-27,Matale,0.6929118567816777
367,2020,28,2020-06-27,Matara,0.7632715143515765
367,2020,28,2020-06-27,Moneragala,0.7879252267995241
367,2020,28,2020-06-27,Mullaitivu,0.8000139723378942
367,2020,28,2020-06-27,NuwaraEliya,0.4934819712968471
367,2020,28,2020-06-27,Polonnaruwa,0.8015519742712671
367,2020,28,2020-06-27,Puttalam,0.7183987377305175
367,2020,28,2020-06-27,Ratnapura,0.769817629015467
367,2020,28,2020-06-27,Trincomalee,0.7234967567173631
367,2020,28,2020-06-27,Vavuniya,0.6995308465942891
368,2020,29,2020-07-04,Ampara,0.7437840794170137
368,2020,29,2020-07-04,Anuradhapura,0.6455206480517549
368,2020,29,2020-07-04,Badulla,0.8220789838637715
368,2020,29,2020-07-04,Batticaloa,0.5311431726096293
368,2020,29,2020-07-04,Colombo,0.7116161994348602
368,2020,29,2020-07-04,Galle,0.6461305510113029
368,2020,29,2020-07-04,Gampaha,0.7546336574211778
368,2020,29,2020-07-04,Hambantota,0.5921716017251636
368,2020,29,2020-07-04,Jaffna,0.36210870551779567
368,2020,29,2020-07-04,Kalutara,0.7247094121802499
368,2020,29,2020-07-04,Kandy,0.7499182926829269
368,2020,29,2020-07-04,Kegalle,0.6522185380725759
368,2020,29,2020-07-04,Kilinochchi,0.3449043412267314
368,2020,29,2020-07-04,Kurunegala,0.7002415098899465
368,2020,29,2020-07-04,Mannar,0.7770067686778357
368,2020,29,2020-07-04,Matale,0.6964984774687687
368,2020,29,2020-07-04,Matara,0.7075355536139203
368,2020,29,2020-07-04,Moneragala,0.7767328431737062
368,2020,29,2020-07-04,Mullaitivu,0.7980309042236764
368,2020,29,2020-07-04,NuwaraEliya,0.4993026360797144
368,2020,29,2020-07-04,Polonnaruwa,0.801467746133254
368,2020,29,2020-07-04,Puttalam,0.6996101836704343
368,2020,29,2020-07-04,Ratnapura,0.7287920471445568
368,2020,29,2020-07-04,Trincomalee,0.7255648780249024
368,2020,29,2020-07-04,Vavuniya,0.6868478825847709
369,2020,30,2020-07-11,Ampara,0.7451577409280191
369,2020,30,2020-07-11,Anuradhapura,0.627220160990482
369,2020,30,2020-07-11,Badulla,0.8175524854997025
369,2020,30,2020-07-11,Batticaloa,0.561294218891275
369,2020,30,2020-07-11,Colombo,0.6587849903331351
369,2020,30,2020-07-11,Galle,0.5836619534503272
369,2020,30,2020-07-11,Gampaha,0.709897395523498
369,2020,30,2020-07-11,Hambantota,0.5944590942891137
369,2020,30,2020-07-11,Jaffna,0.3699686499020124
369,2020,30,2020-07-11,Kalutara,0.5920645913890542
369,2020,30,2020-07-11,Kandy,0.7243722486615111
369,2020,30,2020-07-11,Kegalle,0.6471154298036883
369,2020,30,2020-07-11,Kilinochchi,0.3705669214669552
369,2020,30,2020-07-11,Kurunegala,0.7022740760707912
369,2020,30,2020-07-11,Mannar,0.7064640561603336
369,2020,30,2020-07-11,Matale,0.6964694582837597
369,2020,30,2020-07-11,Matara,0.6267673018292683
369,2020,30,2020-07-11,Moneragala,0.7465202799672813
369,2020,30,2020-07-11,Mullaitivu,0.7864657049375372
369,2020,30,2020-07-11,NuwaraEliya,0.5257550676680547
369,2020,30,2020-07-11,Polonnaruwa,0.7896908499405116
369,2020,30,2020-07-11,Puttalam,0.6590232488102321
369,2020,30,2020-07-11,Ratnapura,0.6669337113325402
369,2020,30,2020-07-11,Trincomalee,0.7306186252102636
369,2020,30,2020-07-11,Vavuniya,0.6626686551903629
370,2020,31,2020-07-18,Ampara,0.7361804580606782
370,2020,31,2020-07-18,Anuradhapura,0.6300783685306366
370,2020,31,2020-07-18,Badulla,0.82050812202558
370,2020,31,2020-07-18,Batticaloa,0.584618903519253
370,2020,31,2020-07-18,Colombo,0.6109534651992862
370,2020,31,2020-07-18,Galle,0.5208850014872101
370,2020,31,2020-07-18,Gampaha,0.6535670768887567
370,2020,31,2020-07-18,Hambantota,0.6114910655859608
370,2020,31,2020-07-18,Jaffna,0.3708840166421764
370,2020,31,2020-07-18,Kalutara,0.4933680528703153
370,2020,31,2020-07-18,Kandy,0.6904369181290899
370,2020,31,2020-07-18,Kegalle,0.5798026528108269
370,2020,31,2020-07-18,Kilinochchi,0.38317505225322207
370,2020,31,2020-07-18,Kurunegala,0.6852995315288518
370,2020,31,2020-07-18,Mannar,0.6846875887315421
370,2020,31,2020-07-18,Matale,0.6973293073319453
370,2020,31,2020-07-18,Matara,0.5697347728286735
370,2020,31,2020-07-18,Moneragala,0.7290650877453897
370,2020,31,2020-07-18,Mullaitivu,0.7571630075104104
370,2020,31,2020-07-18,NuwaraEliya,0.4791861484979179
370,2020,31,2020-07-18,Polonnaruwa,0.7798139853509816
370,2020,31,2020-07-18,Puttalam,0.6460432071683523
370,2020,31,2020-07-18,Ratnapura,0.6249955588191554
370,2020,31,2020-07-18,Trincomalee,0.7286018777168358
370,2020,31,2020-07-18,Vavuniya,0.6509411213563355
371,2020,32,2020-07-25,Ampara,0.7085714753123141
371,2020,32,2020-07-25,Anuradhapura,0.6710222263533611
371,2020,32,2020-07-25,Badulla,0.8369316013533611
371,2020,32,2020-07-25,Batticaloa,0.5956561371706297
371,2020,32,2020-07-25,Colombo,0.5721213712076145
371,2020,32,2020-07-25,Galle,0.457553011600238
371,2020,32,2020-07-25,Gampaha,0.5763674561273052
371,2020,32,2020-07-25,Hambantota,0.6550630986020226
371,2020,32,2020-07-25,Jaffna,0.3592991436230456
371,2020,32,2020-07-25,Kalutara,0.45577842244199884
371,2020,32,2020-07-25,Kandy,0.641400871876859
371,2020,32,2020-07-25,Kegalle,0.40051247211481256
371,2020,32,2020-07-25,Kilinochchi,0.37228517402236655
371,2020,32,2020-07-25,Kurunegala,0.6341121876859013
371,2020,32,2020-07-25,Mannar,0.7506903624624296
371,2020,32,2020-07-25,Matale,0.6997891191998811
371,2020,32,2020-07-25,Matara,0.5554265448393814
371,2020,32,2020-07-25,Moneragala,0.7345731632956574
371,2020,32,2020-07-25,Mullaitivu,0.6959328134295062
371,2020,32,2020-07-25,NuwaraEliya,0.3011787979625223
371,2020,32,2020-07-25,Polonnaruwa,0.7733571776472338
371,2020,32,2020-07-25,Puttalam,0.6827555733194528
371,2020,32,2020-07-25,Ratnapura,0.6189137362433076
371,2020,32,2020-07-25,Trincomalee,0.7138582398015877
371,2020,32,2020-07-25,Vavuniya,0.6616266359309935
372,2020,33,2020-08-01,Ampara,0.6810775078078525
372,2020,33,2020-08-01,Anuradhapura,0.7086960588935157
372,2020,33,2020-08-01,Badulla,0.8513313448096371
372,2020,33,2020-08-01,Batticaloa,0.6036208766755958
372,2020,33,2020-08-01,Colombo,0.5392290823914337
372,2020,33,2020-08-01,Galle,0.4094927981856038
372,2020,33,2020-08-01,Gampaha,0.5085647549821535
372,2020,33,2020-08-01,Hambantota,0.6942979216240334
372,2020,33,2020-08-01,Jaffna,0.34888527374176154
372,2020,33,2020-08-01,Kalutara,0.43034680807555026
372,2020,33,2020-08-01,Kandy,0.6002155469214754
372,2020,33,2020-08-01,Kegalle,0.25135785246876857
372,2020,33,2020-08-01,Kilinochchi,0.3624555566239481
372,2020,33,2020-08-01,Kurunegala,0.5888688113474122
372,2020,33,2020-08-01,Mannar,0.8101732628065896
372,2020,33,2020-08-01,Matale,0.7020140875966686
372,2020,33,2020-08-01,Matara,0.5498872137120762
372,2020,33,2020-08-01,Moneragala,0.738516904000595
372,2020,33,2020-08-01,Mullaitivu,0.6421189414782867
372,2020,33,2020-08-01,NuwaraEliya,0.15576252974419988
372,2020,33,2020-08-01,Polonnaruwa,0.7611656491671625
372,2020,33,2020-08-01,Puttalam,0.7152779502528257
372,2020,33,2020-08-01,Ratnapura,0.6186854439321833
372,2020,33,2020-08-01,Trincomalee,0.699469503796903
372,2020,33,2020-08-01,Vavuniya,0.668356517697799
373,2020,34,2020-08-08,Ampara,0.6550787384741226
373,2020,34,2020-08-08,Anuradhapura,0.7038595627602617
373,2020,34,2020-08-08,Badulla,0.8394225219363475
373,2020,34,2020-08-08,Batticaloa,0.5716431922772256
373,2020,34,2020-08-08,Colombo,0.583554260856633
373,2020,34,2020-08-08,Galle,0.5599656789113623
373,2020,34,2020-08-08,Gampaha,0.5629220088488994
373,2020,34,2020-08-08,Hambantota,0.677149014723379
373,2020,34,2020-08-08,Jaffna,0.35369444465248656
373,2020,34,2020-08-08,Kalutara,0.5629694025133849
373,2020,34,2020-08-08,Kandy,0.6610895988251041
373,2020,34,2020-08-08,Kegalle,0.49396552647233793
373,2020,34,2020-08-08,Kilinochchi,0.3664093300472118
373,2020,34,2020-08-08,Kurunegala,0.6208970125669244
373,2020,34,2020-08-08,Mannar,0.7848978091232928
373,2020,34,2020-08-08,Matale,0.7011860908685307
373,2020,34,2020-08-08,Matara,0.6583435417906008
373,2020,34,2020-08-08,Moneragala,0.7221242917162404
373,2020,34,2020-08-08,Mullaitivu,0.6847172572129685
373,2020,34,2020-08-08,NuwaraEliya,0.43403033164782867
373,2020,34,2020-08-08,Polonnaruwa,0.674422750594884
373,2020,34,2020-08-08,Puttalam,0.6933304673557407
373,2020,34,2020-08-08,Ratnapura,0.6945530450624628
373,2020,34,2020-08-08,Trincomalee,0.6896944926295414
373,2020,34,2020-08-08,Vavuniya,0.6236631729625224
374,2020,35,2020-08-15,Ampara,0.6290799691403927
374,2020,35,2020-08-15,Anuradhapura,0.6990230666270077
374,2020,35,2020-08-15,Badulla,0.8275136990630578
374,2020,35,2020-08-15,Batticaloa,0.5396655078788554
374,2020,35,2020-08-15,Colombo,0.6278794393218322
374,2020,35,2020-08-15,Galle,0.7104385596371208
374,2020,35,2020-08-15,Gampaha,0.6172792627156455
374,2020,35,2020-08-15,Hambantota,0.6600001078227246
374,2020,35,2020-08-15,Jaffna,0.3585036155632116
374,2020,35,2020-08-15,Kalutara,0.6955919969512195
374,2020,35,2020-08-15,Kandy,0.7219636507287328
374,2020,35,2020-08-15,Kegalle,0.7365732004759072
374,2020,35,2020-08-15,Kilinochchi,0.3703631034704755
374,2020,35,2020-08-15,Kurunegala,0.6529252137864366
374,2020,35,2020-08-15,Mannar,0.7596223554399959
374,2020,35,2020-08-15,Matale,0.7003580941403926
374,2020,35,2020-08-15,Matara,0.7667998698691255
374,2020,35,2020-08-15,Moneragala,0.7057316794318859
374,2020,35,2020-08-15,Mullaitivu,0.7273155729476501
374,2020,35,2020-08-15,NuwaraEliya,0.7122981335514574
374,2020,35,2020-08-15,Polonnaruwa,0.5876798520226055
374,2020,35,2020-08-15,Puttalam,0.6713829844586556
374,2020,35,2020-08-15,Ratnapura,0.7704206461927425
374,2020,35,2020-08-15,Trincomalee,0.67991948146218
374,2020,35,2020-08-15,Vavuniya,0.5789698282272457
375,2020,36,2020-08-22,Ampara,0.6348450494497323
375,2020,36,2020-08-22,Anuradhapura,0.6662882212968472
375,2020,36,2020-08-22,Badulla,0.8241983808001191
375,2020,36,2020-08-22,Batticaloa,0.5191316924449733
375,2020,36,2020-08-22,Colombo,0.5948591296103509
375,2020,36,2020-08-22,Galle,0.6550216723676383
375,2020,36,2020-08-22,Gampaha,0.6011005911659727
375,2020,36,2020-08-22,Hambantota,0.6077641619571683
375,2020,36,2020-08-22,Jaffna,0.3571202575892848
375,2020,36,2020-08-22,Kalutara,0.6251444731558596
375,2020,36,2020-08-22,Kandy,0.7065321757882213
375,2020,36,2020-08-22,Kegalle,0.6748928428019036
375,2020,36,2020-08-22,Kilinochchi,0.36933469801519164
375,2020,36,2020-08-22,Kurunegala,0.6123168519482451
375,2020,36,2020-08-22,Mannar,0.7540384537066449
375,2020,36,2020-08-22,Matale,0.6893268367043427
375,2020,36,2020-08-22,Matara,0.6926470367340869
375,2020,36,2020-08-22,Moneragala,0.694679257138608
375,2020,36,2020-08-22,Mullaitivu,0.7284580885633551
375,2020,36,2020-08-22,NuwaraEliya,0.7921856837447948
375,2020,36,2020-08-22,Polonnaruwa,0.5623378401992861
375,2020,36,2020-08-22,Puttalam,0.6657440976353362
375,2020,36,2020-08-22,Ratnapura,0.7078851316180845
375,2020,36,2020-08-22,Trincomalee,0.6905268201585201
375,2020,36,2020-08-22,Vavuniya,0.5759562834622249
376,2020,37,2020-08-29,Ampara,0.6492729978435455
376,2020,37,2020-08-29,Anuradhapura,0.6259447352766211
376,2020,37,2020-08-29,Badulla,0.8232267456127306
376,2020,37,2020-08-29,Batticaloa,0.5017189321832243
376,2020,37,2020-08-29,Colombo,0.5407445958506841
376,2020,37,2020-08-29,Galle,0.543453030190363
376,2020,37,2020-08-29,Gampaha,0.5656848490481856
376,2020,37,2020-08-29,Hambantota,0.5459590236466388
376,2020,37,2020-08-29,Jaffna,0.3540480281013621
376,2020,37,2020-08-29,Kalutara,0.49931418984235576
376,2020,37,2020-08-29,Kandy,0.6702901026174897
376,2020,37,2020-08-29,Kegalle,0.5302248401249257
376,2020,37,2020-08-29,Kilinochchi,0.3669475165021221
376,2020,37,2020-08-29,Kurunegala,0.5518985183670434
376,2020,37,2020-08-29,Mannar,0.7538249752323699
376,2020,37,2020-08-29,Matale,0.6755128718024985
376,2020,37,2020-08-29,Matara,0.5686917050862582
376,2020,37,2020-08-29,Moneragala,0.6850832502974421
376,2020,37,2020-08-29,Mullaitivu,0.7182944768738847
376,2020,37,2020-08-29,NuwaraEliya,0.8179695289262344
376,2020,37,2020-08-29,Polonnaruwa,0.5537415247620464
376,2020,37,2020-08-29,Puttalam,0.6645530097412254
376,2020,37,2020-08-29,Ratnapura,0.6076033127602618
376,2020,37,2020-08-29,Trincomalee,0.7066929815449605
376,2020,37,2020-08-29,Vavuniya,0.5843099568709101
377,2020,38,2020-09-05,Ampara,0.6553352227096967
377,2020,38,2020-09-05,Anuradhapura,0.5997472951368233
377,2020,38,2020-09-05,Badulla,0.8264195716835218
377,2020,38,2020-09-05,Batticaloa,0.4991947916424608
377,2020,38,2020-09-05,Colombo,0.5121790861094586
377,2020,38,2020-09-05,Galle,0.49315732481905616
377,2020,38,2020-09-05,Gampaha,0.5653746430696015
377,2020,38,2020-09-05,Hambantota,0.5410279223676383
377,2020,38,2020-09-05,Jaffna,0.36230633273164864
377,2020,38,2020-09-05,Kalutara,0.442686386451517
377,2020,38,2020-09-05,Kandy,0.6441485016359311
377,2020,38,2020-09-05,Kegalle,0.474692270226056
377,2020,38,2020-09-05,Kilinochchi,0.3601266883122695
377,2020,38,2020-09-05,Kurunegala,0.5233956536287924
377,2020,38,2020-09-05,Mannar,0.7423187529016506
377,2020,38,2020-09-05,Matale,0.6689658443634742
377,2020,38,2020-09-05,Matara,0.5510385280339084
377,2020,38,2020-09-05,Moneragala,0.6992136674598454
377,2020,38,2020-09-05,Mullaitivu,0.7107606019482452
377,2020,38,2020-09-05,NuwaraEliya,0.7012570605294468
377,2020,38,2020-09-05,Polonnaruwa,0.5476379703301606
377,2020,38,2020-09-05,Puttalam,0.6415768162552052
377,2020,38,2020-09-05,Ratnapura,0.5813804580606782
377,2020,38,2020-09-05,Trincomalee,0.6978931833482945
377,2020,38,2020-09-05,Vavuniya,0.5716857525282569
378,2020,39,2020-09-11,Ampara,0.6533607952855444
378,2020,39,2020-09-11,Anuradhapura,0.5894175286287924
378,2020,39,2020-09-11,Badulla,0.8327258179654968
378,2020,39,2020-09-11,Batticaloa,0.5097929166540796
378,2020,39,2020-09-11,Colombo,0.5095935269185009
378,2020,39,2020-09-11,Galle,0.5025663803344806
378,2020,39,2020-09-11,Gampaha,0.5951992117787032
378,2020,39,2020-09-11,Hambantota,0.5855504387269482
378,2020,39,2020-09-11,Jaffna,0.37909676594464503
378,2020,39,2020-09-11,Kalutara,0.4534646806216538
378,2020,39,2020-09-11,Kandy,0.6303989626710291
378,2020,39,2020-09-11,Kegalle,0.5034947241225461
378,2020,39,2020-09-11,Kilinochchi,0.350479995569439
378,2020,39,2020-09-11,Kurunegala,0.5263207428613921
378,2020,39,2020-09-11,Mannar,0.7227767818840817
378,2020,39,2020-09-11,Matale,0.6695829100981558
378,2020,39,2020-09-11,Matara,0.6270233659280191
378,2020,39,2020-09-11,Moneragala,0.7316623884592505
378,2020,39,2020-09-11,Mullaitivu,0.7065570549524094
378,2020,39,2020-09-11,NuwaraEliya,0.4790781045508626
378,2020,39,2020-09-11,Polonnaruwa,0.5445430045359905
378,2020,39,2020-09-11,Puttalam,0.6032099884741227
378,2020,39,2020-09-11,Ratnapura,0.6223828375966687
378,2020,39,2020-09-11,Trincomalee,0.6689511052513466
378,2020,39,2020-09-11,Vavuniya,0.5428839678762641
379,2020,40,2020-09-19,Ampara,0.6516979439321833
379,2020,40,2020-09-19,Anuradhapura,0.5749699527810828
379,2020,40,2020-09-19,Badulla,0.8358017511897681
379,2020,40,2020-09-19,Batticaloa,0.5168525721207761
379,2020,40,2020-09-19,Colombo,0.5016671902885187
379,2020,40,2020-09-19,Galle,0.5304658894666582
379,2020,40,2020-09-19,Gampaha,0.6142857822724569
379,2020,40,2020-09-19,Hambantota,0.633189877545141
379,2020,40,2020-09-19,Jaffna,0.3978073544202182
379,2020,40,2020-09-19,Kalutara,0.4782362674747175
379,2020,40,2020-09-19,Kandy,0.6263835923557407
379,2020,40,2020-09-19,Kegalle,0.5441750223081498
379,2020,40,2020-09-19,Kilinochchi,0.3410638139894881
379,2020,40,2020-09-19,Kurunegala,0.5430233250297443
379,2020,40,2020-09-19,Mannar,0.7080461154169632
379,2020,40,2020-09-19,Matale,0.6666002119274241
379,2020,40,2020-09-19,Matara,0.7162375966686496
379,2020,40,2020-09-19,Moneragala,0.7652621932629387
379,2020,40,2020-09-19,Mullaitivu,0.7051535860350983
379,2020,40,2020-09-19,NuwaraEliya,0.29039399167162405
379,2020,40,2020-09-19,Polonnaruwa,0.5398205941403926
379,2020,40,2020-09-19,Puttalam,0.5725746876859014
379,2020,40,2020-09-19,Ratnapura,0.6690501022456872
379,2020,40,2020-09-19,Trincomalee,0.6470386957909585
379,2020,40,2020-09-19,Vavuniya,0.5137193597560976
380,2020,41,2020-09-26,Ampara,0.6539197984830458
380,2020,41,2020-09-26,Anuradhapura,0.559770640615705
380,2020,41,2020-09-26,Badulla,0.818274527810827
380,2020,41,2020-09-26,Batticaloa,0.49621822118439746
380,2020,41,2020-09-26,Colombo,0.47774905748066626
380,2020,41,2020-09-26,Galle,0.6130955958666185
380,2020,41,2020-09-26,Gampaha,0.5525766805472933
380,2020,41,2020-09-26,Hambantota,0.6304212037690847
380,2020,41,2020-09-26,Jaffna,0.40023846606274477
380,2020,41,2020-09-26,Kalutara,0.5393467411511006
380,2020,41,2020-09-26,Kandy,0.677156755651398
380,2020,41,2020-09-26,Kegalle,0.588404008030934
380,2020,41,2020-09-26,Kilinochchi,0.345891024371805
380,2020,41,2020-09-26,Kurunegala,0.6061807573616895
380,2020,41,2020-09-26,Mannar,0.7380985253814532
380,2020,41,2020-09-26,Matale,0.6495613436942297
380,2020,41,2020-09-26,Matara,0.7484251041046996
380,2020,41,2020-09-26,Moneragala,0.7580149706276027
380,2020,41,2020-09-26,Mullaitivu,0.7198553297888162
380,2020,41,2020-09-26,NuwaraEliya,0.5331061867935752
380,2020,41,2020-09-26,Polonnaruwa,0.5334294504759073
380,2020,41,2020-09-26,Puttalam,0.6235755800118977
380,2020,41,2020-09-26,Ratnapura,0.6795408629535991
380,2020,41,2020-09-26,Trincomalee,0.6910990686881618
380,2020,41,2020-09-26,Vavuniya,0.5232268776026175
381,2020,42,2020-10-03,Ampara,0.6561416530339084
381,2020,42,2020-10-03,Anuradhapura,0.5445713284503272
381,2020,42,2020-10-03,Badulla,0.8007473044318858
381,2020,42,2020-10-03,Batticaloa,0.47558387024801885
381,2020,42,2020-10-03,Colombo,0.45383092467281383
381,2020,42,2020-10-03,Galle,0.6957253022665789
381,2020,42,2020-10-03,Gampaha,0.4908675788221297
381,2020,42,2020-10-03,Hambantota,0.6276525299930283
381,2020,42,2020-10-03,Jaffna,0.4026695777052713
381,2020,42,2020-10-03,Kalutara,0.6004572148274836
381,2020,42,2020-10-03,Kandy,0.7279299189470553
381,2020,42,2020-10-03,Kegalle,0.632632993753718
381,2020,42,2020-10-03,Kilinochchi,0.350718234754122
381,2020,42,2020-10-03,Kurunegala,0.6693381896936348
381,2020,42,2020-10-03,Mannar,0.768150935345943
381,2020,42,2020-10-03,Matale,0.6325224754610351
381,2020,42,2020-10-03,Matara,0.7806126115407497
381,2020,42,2020-10-03,Moneragala,0.7507677479922665
381,2020,42,2020-10-03,Mullaitivu,0.7345570735425342
381,2020,42,2020-10-03,NuwaraEliya,0.7758183819155264
381,2020,42,2020-10-03,Polonnaruwa,0.5270383068114218
381,2020,42,2020-10-03,Puttalam,0.6745764723378942
381,2020,42,2020-10-03,Ratnapura,0.690031623661511
381,2020,42,2020-10-03,Trincomalee,0.7351594415853653
381,2020,42,2020-10-03,Vavuniya,0.5327343954491375
382,2020,43,2020-10-10,Ampara,0.6477087865998482
382,2020,43,2020-10-10,Anuradhapura,0.543956125446163
382,2020,43,2020-10-10,Badulla,0.7964698003420583
382,2020,43,2020-10-10,Batticaloa,0.4774622292258523
382,2020,43,2020-10-10,Colombo,0.4951911492415229
382,2020,43,2020-10-10,Galle,0.6535056978732898
382,2020,43,2020-10-10,Gampaha,0.5522634164931588
382,2020,43,2020-10-10,Hambantota,0.6130423747351295
382,2020,43,2020-10-10,Jaffna,0.3938811338021262
382,2020,43,2020-10-10,Kalutara,0.6366498698691255
382,2020,43,2020-10-10,Kandy,0.7288731484235574
382,2020,43,2020-10-10,Kegalle,0.692545501189768
382,2020,43,2020-10-10,Kilinochchi,0.35289222957466343
382,2020,43,2020-10-10,Kurunegala,0.685446772754313
382,2020,43,2020-10-10,Mannar,0.759329301379742
382,2020,43,2020-10-10,Matale,0.6366261525877455
382,2020,43,2020-10-10,Matara,0.7766717095478882
382,2020,43,2020-10-10,Moneragala,0.7383541177126711
382,2020,43,2020-10-10,Mullaitivu,0.7078007027067222
382,2020,43,2020-10-10,NuwaraEliya,0.7887753699434861
382,2020,43,2020-10-10,Polonnaruwa,0.5400628197501487
382,2020,43,2020-10-10,Puttalam,0.6690874200624628
382,2020,43,2020-10-10,Ratnapura,0.7299813094883998
382,2020,43,2020-10-10,Trincomalee,0.7421073291794498
382,2020,43,2020-10-10,Vavuniya,0.5398882008477097
383,2020,44,2020-10-17,Ampara,0.6384563262438709
383,2020,44,2020-10-17,Anuradhapura,0.5444627769928614
383,2020,44,2020-10-17,Badulla,0.7932115054283165
383,2020,44,2020-10-17,Batticaloa,0.4810723351201636
383,2020,44,2020-10-17,Colombo,0.5415727859161213
383,2020,44,2020-10-17,Galle,0.6016823003420584
383,2020,44,2020-10-17,Gampaha,0.6231288648869721
383,2020,44,2020-10-17,Hambantota,0.5975213362863196
383,2020,44,2020-10-17,Jaffna,0.3842296471646987
383,2020,44,2020-10-17,Kalutara,0.670925769631172
383,2020,44,2020-10-17,Kandy,0.7259833060678168
383,2020,44,2020-10-17,Kegalle,0.7536644333729923
383,2020,44,2020-10-17,Kilinochchi,0.3548621308904529
383,2020,44,2020-10-17,Kurunegala,0.6979362135633552
383,2020,44,2020-10-17,Mannar,0.7475173563419494
383,2020,44,2020-10-17,Matale,0.6423561793575253
383,2020,44,2020-10-17,Matara,0.7699516991374182
383,2020,44,2020-10-17,Moneragala,0.7255430714604403
383,2020,44,2020-10-17,Mullaitivu,0.6778552461332541
383,2020,44,2020-10-17,NuwaraEliya,0.784058880502677
383,2020,44,2020-10-17,Polonnaruwa,0.5545808447352767
383,2020,44,2020-10-17,Puttalam,0.6592529874330756
383,2020,44,2020-10-17,Ratnapura,0.7721970664782869
383,2020,44,2020-10-17,Trincomalee,0.746200410211756
383,2020,44,2020-10-17,Vavuniya,0.5468609514425938
384,2020,45,2020-10-24,Ampara,0.6172754682164889
384,2020,45,2020-10-24,Anuradhapura,0.5390255837299227
384,2020,45,2020-10-24,Badulla,0.7633655822427128
384,2020,45,2020-10-24,Batticaloa,0.4941149559141444
384,2020,45,2020-10-24,Colombo,0.5807701665675193
384,2020,45,2020-10-24,Galle,0.6139076925936943
384,2020,45,2020-10-24,Gampaha,0.6629967485871505
384,2020,45,2020-10-24,Hambantota,0.6095023423557406
384,2020,45,2020-10-24,Jaffna,0.37322485824667234
384,2020,45,2020-10-24,Kalutara,0.6796636674598454
384,2020,45,2020-10-24,Kandy,0.7246562332688876
384,2020,45,2020-10-24,Kegalle,0.7806266322129685
384,2020,45,2020-10-24,Kilinochchi,0.3522046287654699
384,2020,45,2020-10-24,Kurunegala,0.7130300360648424
384,2020,45,2020-10-24,Mannar,0.7091338853887487
384,2020,45,2020-10-24,Matale,0.6531377305175492
384,2020,45,2020-10-24,Matara,0.766568391210589
384,2020,45,2020-10-24,Moneragala,0.7296273367787032
384,2020,45,2020-10-24,Mullaitivu,0.659860906826294
384,2020,45,2020-10-24,NuwaraEliya,0.774098893887567
384,2020,45,2020-10-24,Polonnaruwa,0.5584957112581797
384,2020,45,2020-10-24,Puttalam,0.6501878011600238
384,2020,45,2020-10-24,Ratnapura,0.7897672590719811
384,2020,45,2020-10-24,Trincomalee,0.7200988046549672
384,2020,45,2020-10-24,Vavuniya,0.5559861094586557
385,2020,46,2020-10-31,Ampara,0.589467722593882
385,2020,46,2020-10-31,Anuradhapura,0.5302862544616299
385,2020,46,2020-10-31,Badulla,0.71874875446163
385,2020,46,2020-10-31,Batticaloa,0.5123978627634972
385,2020,46,2020-10-31,Colombo,0.6159762938726948
385,2020,46,2020-10-31,Galle,0.661715745835812
385,2020,46,2020-10-31,Gampaha,0.6856437630130875
385,2020,46,2020-10-31,Hambantota,0.636762262046401
385,2020,46,2020-10-31,Jaffna,0.36146823472831335
385,2020,46,2020-10-31,Kalutara,0.6742137864366449
385,2020,46,2020-10-31,Kandy,0.724197365779298
385,2020,46,2020-10-31,Kegalle,0.7886128680844736
385,2020,46,2020-10-31,Kilinochchi,0.34697634695116886
385,2020,46,2020-10-31,Kurunegala,0.7295707372843546
385,2020,46,2020-10-31,Mannar,0.6559884555936546
385,2020,46,2020-10-31,Matale,0.6667256841165973
385,2020,46,2020-10-31,Matara,0.7650388068857824
385,2020,46,2020-10-31,Moneragala,0.7430978863027959
385,2020,46,2020-10-31,Mullaitivu,0.6485060771118383
385,2020,46,2020-10-31,NuwaraEliya,0.7612258532867341
385,2020,46,2020-10-31,Polonnaruwa,0.5565199341909578
385,2020,46,2020-10-31,Puttalam,0.6415499739738251
385,2020,46,2020-10-31,Ratnapura,0.7936454714455681
385,2020,46,2020-10-31,Trincomalee,0.6772223732153481
385,2020,46,2020-10-31,Vavuniya,0.5663070493753718
386,2020,47,2020-11-07,Ampara,0.5872578729179061
386,2020,47,2020-11-07,Anuradhapura,0.5516604086109459
386,2020,47,2020-11-07,Badulla,0.7104485629833434
386,2020,47,2020-11-07,Batticaloa,0.5514611726706797
386,2020,47,2020-11-07,Colombo,0.6337075643218323
386,2020,47,2020-11-07,Galle,0.7043446832242712
386,2020,47,2020-11-07,Gampaha,0.6913397066478287
386,2020,47,2020-11-07,Hambantota,0.6639267434111809
386,2020,47,2020-11-07,Jaffna,0.35735367048932365
386,2020,47,2020-11-07,Kalutara,0.6751082038221297
386,2020,47,2020-11-07,Kandy,0.7305633421326592
386,2020,47,2020-11-07,Kegalle,0.804508997620464
386,2020,47,2020-11-07,Kilinochchi,0.3711235897435898
386,2020,47,2020-11-07,Kurunegala,0.7324792771505271
386,2020,47,2020-11-07,Mannar,0.6335550430227535
386,2020,47,2020-11-07,Matale,0.6770101539262344
386,2020,47,2020-11-07,Matara,0.7663802721594289
386,2020,47,2020-11-07,Moneragala,0.7551677628643665
386,2020,47,2020-11-07,Mullaitivu,0.6650600907198098
386,2020,47,2020-11-07,NuwaraEliya,0.7643982097709696
386,2020,47,2020-11-07,Polonnaruwa,0.5628876468619869
386,2020,47,2020-11-07,Puttalam,0.6431691738548483
386,2020,47,2020-11-07,Ratnapura,0.7961032681439619
386,2020,47,2020-11-07,Trincomalee,0.6704618968596369
386,2020,47,2020-11-07,Vavuniya,0.5966535878941106
387,2020,48,2020-11-14,Ampara,0.6311242359458655
387,2020,48,2020-11-14,Anuradhapura,0.6272388329119571
387,2020,48,2020-11-14,Badulla,0.7675183168500893
387,2020,48,2020-11-14,Batticaloa,0.6279292080819561
387,2020,48,2020-11-14,Colombo,0.6199840924301011
387,2020,48,2020-11-14,Galle,0.7376512120761451
387,2020,48,2020-11-14,Gampaha,0.6665237228584177
387,2020,48,2020-11-14,Hambantota,0.690919435789376
387,2020,48,2020-11-14,Jaffna,0.3669948129531987
387,2020,48,2020-11-14,Kalutara,0.687422358343248
387,2020,48,2020-11-14,Kandy,0.7492140374033314
387,2020,48,2020-11-14,Kegalle,0.8346429357525282
387,2020,48,2020-11-14,Kilinochchi,0.4481467768281102
387,2020,48,2020-11-14,Kurunegala,0.710849926580688
387,2020,48,2020-11-14,Mannar,0.6664032614553999
387,2020,48,2020-11-14,Matale,0.6813483529149316
387,2020,48,2020-11-14,Matara,0.7728896267102915
387,2020,48,2020-11-14,Moneragala,0.7647164280933968
387,2020,48,2020-11-14,Mullaitivu,0.73185002230815
387,2020,48,2020-11-14,NuwaraEliya,0.7964522810083283
387,2020,48,2020-11-14,Polonnaruwa,0.584273641061868
387,2020,48,2020-11-14,Puttalam,0.6632510224568708
387,2020,48,2020-11-14,Ratnapura,0.7960043166270078
387,2020,48,2020-11-14,Trincomalee,0.7287101396549602
387,2020,48,2020-11-14,Vavuniya,0.6630462038964902
388,2020,49,2020-12-21,Ampara,0.7032463084091306
388,2020,49,2020-12-21,Anuradhapura,0.45715436124330755
388,2020,49,2020-12-21,Badulla,0.6604651044765021
388,2020,49,2020-12-21,Batticaloa,0.5961441062078809
388,2020,49,2020-12-21,Colombo,0.7396597003271863
388,2020,49,2020-12-21,Galle,0.801300271415824
388,2020,49,2020-12-21,Gampaha,0.7897739496579418
388,2020,49,2020-12-21,Hambantota,0.7218782873449052
388,2020,49,2020-12-21,Jaffna,0.1797394791941985
388,2020,49,2020-12-21,Kalutara,0.7970186124330756
388,2020,49,2020-12-21,Kandy,0.7903338619125521
388,2020,49,2020-12-21,Kegalle,0.8059623828822131
388,2020,49,2020-12-21,Kilinochchi,0.3505862549374916
388,2020,49,2020-12-21,Kurunegala,0.7423336155518269
388,2020,49,2020-12-21,Mannar,0.4793036411136384
388,2020,49,2020-12-21,Matale,0.6811273312016657
388,2020,49,2020-12-21,Matara,0.8035474661659726
388,2020,49,2020-12-21,Moneragala,0.8066696739292089
388,2020,49,2020-12-21,Mullaitivu,0.33089260856632957
388,2020,49,2020-12-21,NuwaraEliya,0.8334171010559193
388,2020,49,2020-12-21,Polonnaruwa,0.5196073356632958
388,2020,49,2020-12-21,Puttalam,0.586639665199596
388,2020,49,2020-12-21,Ratnapura,0.800037631989887
388,2020,49,2020-12-21,Trincomalee,0.5418632679511437
388,2020,49,2020-12-21,Vavuniya,0.6807825410578602
389,2020,50,2020-11-28,Ampara,0.688576743753718
389,2020,50,2020-11-28,Anuradhapura,0.6676163927721595
389,2020,50,2020-11-28,Badulla,0.7702686867935753
389,2020,50,2020-11-28,Batticaloa,0.7042105774283183
389,2020,50,2020-11-28,Colombo,0.6597756971296846
389,2020,50,2020-11-28,Galle,0.790417991522903
389,2020,50,2020-11-28,Gampaha,0.7000612786287924
389,2020,50,2020-11-28,Hambantota,0.7179559696116973
389,2020,50,2020-11-28,Jaffna,0.35886568645668543
389,2020,50,2020-11-28,Kalutara,0.7611880762938728
389,2020,50,2020-11-28,Kandy,0.7704569898869721
389,2020,50,2020-11-28,Kegalle,0.8569401100535395
389,2020,50,2020-11-28,Kilinochchi,0.5215725909955311
389,2020,50,2020-11-28,Kurunegala,0.7202174308454029
389,2020,50,2020-11-28,Mannar,0.6367329445418318
389,2020,50,2020-11-28,Matale,0.6644722709696609
389,2020,50,2020-11-28,Matara,0.8029735964455681
389,2020,50,2020-11-28,Moneragala,0.778631770523498
389,2020,50,2020-11-28,Mullaitivu,0.7075658722486616
389,2020,50,2020-11-28,NuwaraEliya,0.8099809878792386
389,2020,50,2020-11-28,Polonnaruwa,0.5901139574657942
389,2020,50,2020-11-28,Puttalam,0.6696333767102914
389,2020,50,2020-11-28,Ratnapura,0.8120225423854849
389,2020,50,2020-11-28,Trincomalee,0.6485429371088649
389,2020,50,2020-11-28,Vavuniya,0.6719618351872556
390,2020,51,2020-12-05,Ampara,0.7041815697501488
390,2020,51,2020-12-05,Anuradhapura,0.6398008142474718
390,2020,51,2020-12-05,Badulla,0.723375245389649
390,2020,51,2020-12-05,Batticaloa,0.7091342247951503
390,2020,51,2020-12-05,Colombo,0.7088082038221297
390,2020,51,2020-12-05,Galle,0.8108013273349197
390,2020,51,2020-12-05,Gampaha,0.7528701832986319
390,2020,51,2020-12-05,Hambantota,0.7197964011180946
390,2020,51,2020-12-05,Jaffna,0.34292284492458136
390,2020,51,2020-12-05,Kalutara,0.8193638124628198
390,2020,51,2020-12-05,Kandy,0.7741198096371208
390,2020,51,2020-12-05,Kegalle,0.8516347263533611
390,2020,51,2020-12-05,Kilinochchi,0.5233499220785395
390,2020,51,2020-12-05,Kurunegala,0.7477058719863305
390,2020,51,2020-12-05,Mannar,0.5805721927808747
390,2020,51,2020-12-05,Matale,0.644961488697204
390,2020,51,2020-12-05,Matara,0.8254105275877455
390,2020,51,2020-12-05,Moneragala,0.7833439135930994
390,2020,51,2020-12-05,Mullaitivu,0.6270160581499109
390,2020,51,2020-12-05,NuwaraEliya,0.7948275858863773
390,2020,51,2020-12-05,Polonnaruwa,0.5770303911362284
390,2020,51,2020-12-05,Puttalam,0.6581859718917311
390,2020,51,2020-12-05,Ratnapura,0.8270586444080905
390,2020,51,2020-12-05,Trincomalee,0.5232384043098957
390,2020,51,2020-12-05,Vavuniya,0.6227428238565745
391,2020,52,2020-12-12,Ampara,0.7059023341769726
391,2020,52,2020-12-12,Anuradhapura,0.566821516210589
391,2020,52,2020-12-12,Badulla,0.6932757194378346
391,2020,52,2020-12-12,Batticaloa,0.6669307733059124
391,2020,52,2020-12-12,Colombo,0.7270320605294468
391,2020,52,2020-12-12,Galle,0.8099085626115409
391,2020,52,2020-12-12,Gampaha,0.7738920081052946
391,2020,52,2020-12-12,Hambantota,0.7208308685571938
391,2020,52,2020-12-12,Jaffna,0.2789052297393287
391,2020,52,2020-12-12,Kalutara,0.8186257064247472
391,2020,52,2020-12-12,Kandy,0.780757140466984
391,2020,52,2020-12-12,Kegalle,0.8336050918352171
391,2020,52,2020-12-12,Kilinochchi,0.45805526971095595
391,2020,52,2020-12-12,Kurunegala,0.7493242176284403
391,2020,52,2020-12-12,Mannar,0.5346903268896281
391,2020,52,2020-12-12,Matale,0.6560845367340868
391,2020,52,2020-12-12,Matara,0.82010186458953
391,2020,52,2020-12-12,Moneragala,0.7928183540303392
391,2020,52,2020-12-12,Mullaitivu,0.5039798483045806
391,2020,52,2020-12-12,NuwaraEliya,0.8074495110797145
391,2020,52,2020-12-12,Polonnaruwa,0.5535090533908389
391,2020,52,2020-12-12,Puttalam,0.6295251563971719
391,2020,52,2020-12-12,Ratnapura,0.8188091705086259
391,2020,52,2020-12-12,Trincomalee,0.5136368876340529
391,2020,52,2020-12-12,Vavuniya,0.6382115180367253
392,2021,1,2020-12-19,Ampara,0.70383653635754
392,2021,1,2020-12-19,Anuradhapura,0.4815248401249257
392,2021,1,2020-12-19,Badulla,0.6677563522456871
392,2021,1,2020-12-19,Batticaloa,0.6118744766741101
392,2021,1,2020-12-19,Colombo,0.7368535581499108
392,2021,1,2020-12-19,Galle,0.8032132250148722
392,2021,1,2020-12-19,Gampaha,0.7862446293129091
392,2021,1,2020-12-19,Hambantota,0.7216455276143027
392,2021,1,2020-12-19,Jaffna,0.20177631264867188
392,2021,1,2020-12-19,Kalutara,0.8018201888756693
392,2021,1,2020-12-19,Kandy,0.7882057015913148
392,2021,1,2020-12-19,Kegalle,0.8121052070939918
392,2021,1,2020-12-19,Kilinochchi,0.3744682582204837
392,2021,1,2020-12-19,Kurunegala,0.7438870826799631
392,2021,1,2020-12-19,Mannar,0.49161179350830275
392,2021,1,2020-12-19,Matale,0.6755622657644259
392,2021,1,2020-12-19,Matara,0.8072262213712076
392,2021,1,2020-12-19,Moneragala,0.8035916028405712
392,2021,1,2020-12-19,Mullaitivu,0.3693564396192743
392,2021,1,2020-12-19,NuwaraEliya,0.8276465255056515
392,2021,1,2020-12-19,Polonnaruwa,0.5271410507138609
392,2021,1,2020-12-19,Puttalam,0.5961697743546128
392,2021,1,2020-12-19,Ratnapura,0.8042090849940512
392,2021,1,2020-12-19,Trincomalee,0.5355907389917902
392,2021,1,2020-12-19,Vavuniya,0.6713223137198302
393,2021,2,2020-12-26,Ampara,0.6680722107413701
393,2021,2,2020-12-26,Anuradhapura,0.4989116103123159
393,2021,2,2020-12-26,Badulla,0.6750955383700179
393,2021,2,2020-12-26,Batticaloa,0.5766576842578199
393,2021,2,2020-12-26,Colombo,0.7347178019036289
393,2021,2,2020-12-26,Galle,0.7468669393218323
393,2021,2,2020-12-26,Gampaha,0.7737895597858419
393,2021,2,2020-12-26,Hambantota,0.6908032210843886
393,2021,2,2020-12-26,Jaffna,0.21586394658248584
393,2021,2,2020-12-26,Kalutara,0.7927498810232005
393,2021,2,2020-12-26,Kandy,0.7747146490184414
393,2021,2,2020-12-26,Kegalle,0.7393584919690661
393,2021,2,2020-12-26,Kilinochchi,0.3599194039086745
393,2021,2,2020-12-26,Kurunegala,0.738513745119344
393,2021,2,2020-12-26,Mannar,0.4824626838037062
393,2021,2,2020-12-26,Matale,0.6588101427721594
393,2021,2,2020-12-26,Matara,0.7123335663295658
393,2021,2,2020-12-26,Moneragala,0.756725996430696
393,2021,2,2020-12-26,Mullaitivu,0.3776459397838506
393,2021,2,2020-12-26,NuwaraEliya,0.6975511748958954
393,2021,2,2020-12-26,Polonnaruwa,0.5355083283759667
393,2021,2,2020-12-26,Puttalam,0.6284208917682927
393,2021,2,2020-12-26,Ratnapura,0.8129878048780488
393,2021,2,2020-12-26,Trincomalee,0.5664749995515261
393,2021,2,2020-12-26,Vavuniya,0.6895166418355185
394,2021,3,2021-01-02,Ampara,0.598609357328463
394,2021,3,2021-01-02,Anuradhapura,0.6189818267727597
394,2021,3,2021-01-02,Badulla,0.715293277810827
394,2021,3,2021-01-02,Batticaloa,0.5612803960570417
394,2021,3,2021-01-02,Colombo,0.7206247917906008
394,2021,3,2021-01-02,Galle,0.6408697055324212
394,2021,3,2021-01-02,Gampaha,0.7365267995240928
394,2021,3,2021-01-02,Hambantota,0.6283039489674513
394,2021,3,2021-01-02,Jaffna,0.32116813154077056
394,2021,3,2021-01-02,Kalutara,0.7914147828673409
394,2021,3,2021-01-02,Kandy,0.740283982748364
394,2021,3,2021-01-02,Kegalle,0.6153649464604403
394,2021,3,2021-01-02,Kilinochchi,0.4144087067755283
394,2021,3,2021-01-02,Kurunegala,0.7332042049465829
394,2021,3,2021-01-02,Mannar,0.5072429977758386
394,2021,3,2021-01-02,Matale,0.6058281677572873
394,2021,3,2021-01-02,Matara,0.5354238994646044
394,2021,3,2021-01-02,Moneragala,0.6522215348007139
394,2021,3,2021-01-02,Mullaitivu,0.5288483487983096
394,2021,3,2021-01-02,NuwaraEliya,0.41716345925044623
394,2021,3,2021-01-02,Polonnaruwa,0.5786108863771565
394,2021,3,2021-01-02,Puttalam,0.7262785086382114
394,2021,3,2021-01-02,Ratnapura,0.8451453301606188
394,2021,3,2021-01-02,Trincomalee,0.6062896693132609
394,2021,3,2021-01-02,Vavuniya,0.6927945023837903
395,2021,4,2021-01-09,Ampara,0.6030210679321555
395,2021,4,2021-01-09,Anuradhapura,0.6943197704770282
395,2021,4,2021-01-09,Badulla,0.7554837871337746
395,2021,4,2021-01-09,Batticaloa,0.5859516168384525
395,2021,4,2021-01-09,Colombo,0.7068935027513386
395,2021,4,2021-01-09,Galle,0.6447901119125521
395,2021,4,2021-01-09,Gampaha,0.7224736838191552
395,2021,4,2021-01-09,Hambantota,0.6315392547525056
395,2021,4,2021-01-09,Jaffna,0.3888427772953821
395,2021,4,2021-01-09,Kalutara,0.7972824063057704
395,2021,4,2021-01-09,Kandy,0.7345533629535991
395,2021,4,2021-01-09,Kegalle,0.6181093378197502
395,2021,4,2021-01-09,Kilinochchi,0.4618937013596859
395,2021,4,2021-01-09,Kurunegala,0.7317389576093086
395,2021,4,2021-01-09,Mannar,0.5827973105456025
395,2021,4,2021-01-09,Matale,0.6082759573914337
395,2021,4,2021-01-09,Matara,0.5378654037775135
395,2021,4,2021-01-09,Moneragala,0.6485551624776918
395,2021,4,2021-01-09,Mullaitivu,0.6107062202203694
395,2021,4,2021-01-09,NuwaraEliya,0.394084005056514
395,2021,4,2021-01-09,Polonnaruwa,0.6523865872248662
395,2021,4,2021-01-09,Puttalam,0.7761872546103511
395,2021,4,2021-01-09,Ratnapura,0.8569221222486616
395,2021,4,2021-01-09,Trincomalee,0.6292822560126663
395,2021,4,2021-01-09,Vavuniya,0.712353573160495
396,2021,5,2021-01-16,Ampara,0.6813073425524474
396,2021,5,2021-01-16,Anuradhapura,0.7249254414251214
396,2021,5,2021-01-16,Badulla,0.7956670663388609
396,2021,5,2021-01-16,Batticaloa,0.6506713466020522
396,2021,5,2021-01-16,Colombo,0.6935239347858418
396,2021,5,2021-01-16,Galle,0.7586281584622249
396,2021,5,2021-01-16,Gampaha,0.7316302126710291
396,2021,5,2021-01-16,Hambantota,0.7005091384395512
396,2021,5,2021-01-16,Jaffna,0.4188878838463205
396,2021,5,2021-01-16,Kalutara,0.810352751338489
396,2021,5,2021-01-16,Kandy,0.7575227896341464
396,2021,5,2021-01-16,Kegalle,0.7475916660469959
396,2021,5,2021-01-16,Kilinochchi,0.5023743876611471
396,2021,5,2021-01-16,Kurunegala,0.7341180031075213
396,2021,5,2021-01-16,Mannar,0.7091256221129979
396,2021,5,2021-01-16,Matale,0.6661535116745985
396,2021,5,2021-01-16,Matara,0.7196580792682927
396,2021,5,2021-01-16,Moneragala,0.7457268794616301
396,2021,5,2021-01-16,Mullaitivu,0.6232195540500298
396,2021,5,2021-01-16,NuwaraEliya,0.6283128123140987
396,2021,5,2021-01-16,Polonnaruwa,0.7568354309190958
396,2021,5,2021-01-16,Puttalam,0.7781471296847116
396,2021,5,2021-01-16,Ratnapura,0.8483181811421773
396,2021,5,2021-01-16,Trincomalee,0.6354527596497423
396,2021,5,2021-01-16,Vavuniya,0.7481938541656327
397,2021,6,2021-01-23,Ampara,0.7318855695985866
397,2021,6,2021-01-23,Anuradhapura,0.745751747471743
397,2021,6,2021-01-23,Badulla,0.829074352127507
397,2021,6,2021-01-23,Batticaloa,0.6742090915513873
397,2021,6,2021-01-23,Colombo,0.6779630428316479
397,2021,6,2021-01-23,Galle,0.8474830123438429
397,2021,6,2021-01-23,Gampaha,0.7317165154669839
397,2021,6,2021-01-23,Hambantota,0.7521667267510745
397,2021,6,2021-01-23,Jaffna,0.43687273493271794
397,2021,6,2021-01-23,Kalutara,0.8195392307406306
397,2021,6,2021-01-23,Kandy,0.7727318077037478
397,2021,6,2021-01-23,Kegalle,0.8441129889202855
397,2021,6,2021-01-23,Kilinochchi,0.5259533580874017
397,2021,6,2021-01-23,Kurunegala,0.7315962578712658
397,2021,6,2021-01-23,Mannar,0.8102545936198692
397,2021,6,2021-01-23,Matale,0.7145681885782272
397,2021,6,2021-01-23,Matara,0.8576399129982153
397,2021,6,2021-01-23,Moneragala,0.8211190158387864
397,2021,6,2021-01-23,Mullaitivu,0.644196705544202
397,2021,6,2021-01-23,NuwaraEliya,0.8115298854848305
397,2021,6,2021-01-23,Polonnaruwa,0.8288839121058893
397,2021,6,2021-01-23,Puttalam,0.7766115128643666
397,2021,6,2021-01-23,Ratnapura,0.8404468285246877
397,2021,6,2021-01-23,Trincomalee,0.636118544596195
397,2021,6,2021-01-23,Vavuniya,0.7684927665823914
398,2021,7,2021-01-30,Ampara,0.6808676222061655
398,2021,7,2021-01-30,Anuradhapura,0.7307203822129685
398,2021,7,2021-01-30,Badulla,0.8376363287225398
398,2021,7,2021-01-30,Batticaloa,0.5467462255150854
398,2021,7,2021-01-30,Colombo,0.6543672962522309
398,2021,7,2021-01-30,Galle,0.8447328264425937
398,2021,7,2021-01-30,Gampaha,0.6985453227245687
398,2021,7,2021-01-30,Hambantota,0.7403458986856827
398,2021,7,2021-01-30,Jaffna,0.410636649315799
398,2021,7,2021-01-30,Kalutara,0.814484869497323
398,2021,7,2021-01-30,Kandy,0.7594859941998812
398,2021,7,2021-01-30,Kegalle,0.8197772921624034
398,2021,7,2021-01-30,Kilinochchi,0.4875593703045653
398,2021,7,2021-01-30,Kurunegala,0.7111049466086272
398,2021,7,2021-01-30,Mannar,0.8189859849048187
398,2021,7,2021-01-30,Matale,0.7282856484235575
398,2021,7,2021-01-30,Matara,0.834981993604997
398,2021,7,2021-01-30,Moneragala,0.8166526899910769
398,2021,7,2021-01-30,Mullaitivu,0.6962078551415836
398,2021,7,2021-01-30,NuwaraEliya,0.8077039336704342
398,2021,7,2021-01-30,Polonnaruwa,0.7821310640987508
398,2021,7,2021-01-30,Puttalam,0.7622590924301011
398,2021,7,2021-01-30,Ratnapura,0.8352616337001785
398,2021,7,2021-01-30,Trincomalee,0.6166003610103619
398,2021,7,2021-01-30,Vavuniya,0.7318066608417608
399,2021,8,2021-02-06,Ampara,0.6298496748137443
399,2021,8,2021-02-06,Anuradhapura,0.715689016954194
399,2021,8,2021-02-06,Badulla,0.8461983053175726
399,2021,8,2021-02-06,Batticaloa,0.41928335947878353
399,2021,8,2021-02-06,Colombo,0.6307715496728139
399,2021,8,2021-02-06,Galle,0.8419826405413445
399,2021,8,2021-02-06,Gampaha,0.6653741299821535
399,2021,8,2021-02-06,Hambantota,0.7285250706202908
399,2021,8,2021-02-06,Jaffna,0.38440056369888004
399,2021,8,2021-02-06,Kalutara,0.8094305082540155
399,2021,8,2021-02-06,Kandy,0.7462401806960144
399,2021,8,2021-02-06,Kegalle,0.7954415954045211
399,2021,8,2021-02-06,Kilinochchi,0.4491653825217289
399,2021,8,2021-02-06,Kurunegala,0.6906136353459886
399,2021,8,2021-02-06,Mannar,0.827717376189768
399,2021,8,2021-02-06,Matale,0.7420031082688876
399,2021,8,2021-02-06,Matara,0.8123240742117788
399,2021,8,2021-02-06,Moneragala,0.8121863641433671
399,2021,8,2021-02-06,Mullaitivu,0.7482190047389651
399,2021,8,2021-02-06,NuwaraEliya,0.803877981856038
399,2021,8,2021-02-06,Polonnaruwa,0.7353782160916121
399,2021,8,2021-02-06,Puttalam,0.7479066719958358
399,2021,8,2021-02-06,Ratnapura,0.8300764388756693
399,2021,8,2021-02-06,Trincomalee,0.5970821774245287
399,2021,8,2021-02-06,Vavuniya,0.6951205551011302
400,2021,9,2021-02-13,Ampara,0.6230172814764012
400,2021,9,2021-02-13,Anuradhapura,0.6972250446162999
400,2021,9,2021-02-13,Badulla,0.8401640504164188
400,2021,9,2021-02-13,Batticaloa,0.4672560482755995
400,2021,9,2021-02-13,Colombo,0.626630634666865
400,2021,9,2021-02-13,Galle,0.8162672460588936
400,2021,9,2021-02-13,Gampaha,0.662464767995241
400,2021,9,2021-02-13,Hambantota,0.7054876338488995
400,2021,9,2021-02-13,Jaffna,0.3866529270916254
400,2021,9,2021-02-13,Kalutara,0.7893416827781083
400,2021,9,2021-02-13,Kandy,0.7370979272010708
400,2021,9,2021-02-13,Kegalle,0.7938905543575253
400,2021,9,2021-02-13,Kilinochchi,0.4420493905148391
400,2021,9,2021-02-13,Kurunegala,0.679381627379536
400,2021,9,2021-02-13,Mannar,0.8128433778626346
400,2021,9,2021-02-13,Matale,0.7454997434562761
400,2021,9,2021-02-13,Matara,0.8077069898869721
400,2021,9,2021-02-13,Moneragala,0.7959749423706128
400,2021,9,2021-02-13,Mullaitivu,0.7629928353658537
400,2021,9,2021-02-13,NuwaraEliya,0.7991098490481856
400,2021,9,2021-02-13,Polonnaruwa,0.6543248178167758
400,2021,9,2021-02-13,Puttalam,0.7215198988697205
400,2021,9,2021-02-13,Ratnapura,0.816177411139203
400,2021,9,2021-02-13,Trincomalee,0.6467247069348077
400,2021,9,2021-02-13,Vavuniya,0.6784434823022011
401,2021,10,2021-02-20,Ampara,0.6195837769125255
401,2021,10,2021-02-20,Anuradhapura,0.6784970255800119
401,2021,10,2021-02-20,Badulla,0.833007008477097
401,2021,10,2021-02-20,Batticaloa,0.5287237797518862
401,2021,10,2021-02-20,Colombo,0.6239862451665675
401,2021,10,2021-02-20,Galle,0.7887852970701964
401,2021,10,2021-02-20,Gampaha,0.6618832391433671
401,2021,10,2021-02-20,Hambantota,0.6815873810232005
401,2021,10,2021-02-20,Jaffna,0.39109670963896037
401,2021,10,2021-02-20,Kalutara,0.7680963600535395
401,2021,10,2021-02-20,Kandy,0.7282713321683522
401,2021,10,2021-02-20,Kegalle,0.7940921791344439
401,2021,10,2021-02-20,Kilinochchi,0.43733939818302214
401,2021,10,2021-02-20,Kurunegala,0.66886187351279
401,2021,10,2021-02-20,Mannar,0.7961535803345716
401,2021,10,2021-02-20,Matale,0.7482101613622845
401,2021,10,2021-02-20,Matara,0.8044776621058893
401,2021,10,2021-02-20,Moneragala,0.7788600516805474
401,2021,10,2021-02-20,Mullaitivu,0.774902256841166
401,2021,10,2021-02-20,NuwaraEliya,0.7942692407792981
401,2021,10,2021-02-20,Polonnaruwa,0.5706329156751934
401,2021,10,2021-02-20,Puttalam,0.6942074063057705
401,2021,10,2021-02-20,Ratnapura,0.8016080885633552
401,2021,10,2021-02-20,Trincomalee,0.7016872912986336
401,2021,10,2021-02-20,Vavuniya,0.6633055658834027
402,2021,11,2021-02-27,Ampara,0.5971704534397043
402,2021,11,2021-02-27,Anuradhapura,0.6277623048036883
402,2021,11,2021-02-27,Badulla,0.8231709975461036
402,2021,11,2021-02-27,Batticaloa,0.5253357002229471
402,2021,11,2021-02-27,Colombo,0.620744772456871
402,2021,11,2021-02-27,Galle,0.7797518255502678
402,2021,11,2021-02-27,Gampaha,0.6543261581647829
402,2021,11,2021-02-27,Hambantota,0.6554829379833432
402,2021,11,2021-02-27,Jaffna,0.3886011711383693
402,2021,11,2021-02-27,Kalutara,0.7688854773944082
402,2021,11,2021-02-27,Kandy,0.7201175955532422
402,2021,11,2021-02-27,Kegalle,0.8011073319452707
402,2021,11,2021-02-27,Kilinochchi,0.4328318920216743
402,2021,11,2021-02-27,Kurunegala,0.654949116969066
402,2021,11,2021-02-27,Mannar,0.7506591359333284
402,2021,11,2021-02-27,Matale,0.7372831666418799
402,2021,11,2021-02-27,Matara,0.7938914299524094
402,2021,11,2021-02-27,Moneragala,0.7711207075401547
402,2021,11,2021-02-27,Mullaitivu,0.7397124132929558
402,2021,11,2021-02-27,NuwaraEliya,0.7857561700624628
402,2021,11,2021-02-27,Polonnaruwa,0.5209158462224867
402,2021,11,2021-02-27,Puttalam,0.6808742935752529
402,2021,11,2021-02-27,Ratnapura,0.791826256692445
402,2021,11,2021-02-27,Trincomalee,0.6811632670847337
402,2021,11,2021-02-27,Vavuniya,0.6384954268292683
403,2021,12,2021-03-06,Ampara,0.56421278612858
403,2021,12,2021-03-06,Anuradhapura,0.5592460830606781
403,2021,12,2021-03-06,Badulla,0.8118466705086258
403,2021,12,2021-03-06,Batticaloa,0.4859166145799938
403,2021,12,2021-03-06,Colombo,0.6171715868530636
403,2021,12,2021-03-06,Galle,0.780967508179655
403,2021,12,2021-03-06,Gampaha,0.6428937704491375
403,2021,12,2021-03-06,Hambantota,0.6281539448245093
403,2021,12,2021-03-06,Jaffna,0.38225045427781923
403,2021,12,2021-03-06,Kalutara,0.7819159503271862
403,2021,12,2021-03-06,Kandy,0.7123376691701369
403,2021,12,2021-03-06,Kegalle,0.811907778108269
403,2021,12,2021-03-06,Kilinochchi,0.4284368781772538
403,2021,12,2021-03-06,Kurunegala,0.6391513589381321
403,2021,12,2021-03-06,Mannar,0.6891621099358741
403,2021,12,2021-03-06,Matale,0.7187798315734683
403,2021,12,2021-03-06,Matara,0.7792180287031529
403,2021,12,2021-03-06,Moneragala,0.7685900003718026
403,2021,12,2021-03-06,Mullaitivu,0.6783563113983441
403,2021,12,2021-03-06,NuwaraEliya,0.7752028424301012
403,2021,12,2021-03-06,Polonnaruwa,0.49007368381915534
403,2021,12,2021-03-06,Puttalam,0.6753075029744201
403,2021,12,2021-03-06,Ratnapura,0.7847041418798335
403,2021,12,2021-03-06,Trincomalee,0.6187022381054306
403,2021,12,2021-03-06,Vavuniya,0.6083118307555027
404,2021,13,2021-03-13,Ampara,0.5572300359586131
404,2021,13,2021-03-13,Anuradhapura,0.5171527308893515
404,2021,13,2021-03-13,Badulla,0.8038791065585961
404,2021,13,2021-03-13,Batticaloa,0.47098415463066734
404,2021,13,2021-03-13,Colombo,0.6155653851873885
404,2021,13,2021-03-13,Galle,0.7818201535544319
404,2021,13,2021-03-13,Gampaha,0.6352342114069007
404,2021,13,2021-03-13,Hambantota,0.6129825959250446
404,2021,13,2021-03-13,Jaffna,0.37077952374730266
404,2021,13,2021-03-13,Kalutara,0.7913461667162404
404,2021,13,2021-03-13,Kandy,0.7013670545806069
404,2021,13,2021-03-13,Kegalle,0.8042981725907199
404,2021,13,2021-03-13,Kilinochchi,0.41756424243141255
404,2021,13,2021-03-13,Kurunegala,0.6288642902290303
404,2021,13,2021-03-13,Mannar,0.6707986505534818
404,2021,13,2021-03-13,Matale,0.7059047218917311
404,2021,13,2021-03-13,Matara,0.7690319457132944
404,2021,13,2021-03-13,Moneragala,0.7654092244199882
404,2021,13,2021-03-13,Mullaitivu,0.6558147030704199
404,2021,13,2021-03-13,NuwaraEliya,0.7656232748364069
404,2021,13,2021-03-13,Polonnaruwa,0.4789023367787032
404,2021,13,2021-03-13,Puttalam,0.6700515299672815
404,2021,13,2021-03-13,Ratnapura,0.7840889425936942
404,2021,13,2021-03-13,Trincomalee,0.6047331058680046
404,2021,13,2021-03-13,Vavuniya,0.5947756450773349
405,2021,14,2021-03-20,Ampara,0.5970021366427297
405,2021,14,2021-03-20,Anuradhapura,0.5226205439470553
405,2021,14,2021-03-20,Badulla,0.8019537161659727
405,2021,14,2021-03-20,Batticaloa,0.5001276209298692
405,2021,14,2021-03-20,Colombo,0.617499754610351
405,2021,14,2021-03-20,Galle,0.7820193318709102
405,2021,14,2021-03-20,Gampaha,0.6343657439767996
405,2021,14,2021-03-20,Hambantota,0.6196950066924449
405,2021,14,2021-03-20,Jaffna,0.35009220861084617
405,2021,14,2021-03-20,Kalutara,0.7942959213265913
405,2021,14,2021-03-20,Kandy,0.6846532012195122
405,2021,14,2021-03-20,Kegalle,0.7635504740481857
405,2021,14,2021-03-20,Kilinochchi,0.39503188726301414
405,2021,14,2021-03-20,Kurunegala,0.6284964622992266
405,2021,14,2021-03-20,Mannar,0.7300756110782012
405,2021,14,2021-03-20,Matale,0.7031604179060084
405,2021,14,2021-03-20,Matara,0.7669230355903516
405,2021,14,2021-03-20,Moneragala,0.7610583246579418
405,2021,14,2021-03-20,Mullaitivu,0.7031391831625331
405,2021,14,2021-03-20,NuwaraEliya,0.7577964753123141
405,2021,14,2021-03-20,Polonnaruwa,0.5031384573914337
405,2021,14,2021-03-20,Puttalam,0.6653550286287925
405,2021,14,2021-03-20,Ratnapura,0.7951861912552053
405,2021,14,2021-03-20,Trincomalee,0.6780493877659574
405,2021,14,2021-03-20,Vavuniya,0.6112047981112434
406,2021,15,2021-03-27,Ampara,0.6341006466785201
406,2021,15,2021-03-27,Anuradhapura,0.5307140336853063
406,2021,15,2021-03-27,Badulla,0.8016339083878644
406,2021,15,2021-03-27,Batticaloa,0.5290096426977989
406,2021,15,2021-03-27,Colombo,0.6174740853658538
406,2021,15,2021-03-27,Galle,0.7821526063355145
406,2021,15,2021-03-27,Gampaha,0.633966768292683
406,2021,15,2021-03-27,Hambantota,0.6258842329233925
406,2021,15,2021-03-27,Jaffna,0.333471946513512
406,2021,15,2021-03-27,Kalutara,0.7950029799970256
406,2021,15,2021-03-27,Kandy,0.6712064173111243
406,2021,15,2021-03-27,Kegalle,0.7290354495092207
406,2021,15,2021-03-27,Kilinochchi,0.3748910969749811
406,2021,15,2021-03-27,Kurunegala,0.6293740481856038
406,2021,15,2021-03-27,Mannar,0.7820009469131951
406,2021,15,2021-03-27,Matale,0.7014256878346223
406,2021,15,2021-03-27,Matara,0.7655396045437807
406,2021,15,2021-03-27,Moneragala,0.7575899799226651
406,2021,15,2021-03-27,Mullaitivu,0.7461871821088638
406,2021,15,2021-03-27,NuwaraEliya,0.7510912384741226
406,2021,15,2021-03-27,Polonnaruwa,0.5266796865704937
406,2021,15,2021-03-27,Puttalam,0.6606923018292683
406,2021,15,2021-03-27,Ratnapura,0.8060831257436051
406,2021,15,2021-03-27,Trincomalee,0.7461058905301371
406,2021,15,2021-03-27,Vavuniya,0.6262140076591316
407,2021,16,2021-04-03,Ampara,0.6364424782860701
407,2021,16,2021-04-03,Anuradhapura,0.5729413202706722
407,2021,16,2021-04-03,Badulla,0.8221866745984534
407,2021,16,2021-04-03,Batticaloa,0.5544928855591911
407,2021,16,2021-04-03,Colombo,0.5919679134443784
407,2021,16,2021-04-03,Galle,0.7814291307257585
407,2021,16,2021-04-03,Gampaha,0.6396711853063654
407,2021,16,2021-04-03,Hambantota,0.6252720601804529
407,2021,16,2021-04-03,Jaffna,0.3697233739247674
407,2021,16,2021-04-03,Kalutara,0.7665549914485426
407,2021,16,2021-04-03,Kandy,0.7002315362879239
407,2021,16,2021-04-03,Kegalle,0.7755451870166569
407,2021,16,2021-04-03,Kilinochchi,0.3858406501316979
407,2021,16,2021-04-03,Kurunegala,0.6464420136823319
407,2021,16,2021-04-03,Mannar,0.7383551617817585
407,2021,16,2021-04-03,Matale,0.7128154186496134
407,2021,16,2021-04-03,Matara,0.7735874014900428
407,2021,16,2021-04-03,Moneragala,0.7655948505353957
407,2021,16,2021-04-03,Mullaitivu,0.7336409261600239
407,2021,16,2021-04-03,NuwaraEliya,0.7589663165526472
407,2021,16,2021-04-03,Polonnaruwa,0.5411873271118381
407,2021,16,2021-04-03,Puttalam,0.656468644036288
407,2021,16,2021-04-03,Ratnapura,0.8143759759815585
407,2021,16,2021-04-03,Trincomalee,0.7457852645552674
407,2021,16,2021-04-03,Vavuniya,0.6227639518887568
408,2021,17,2021-04-10,Ampara,0.6387843098936202
408,2021,17,2021-04-10,Anuradhapura,0.615168606856038
408,2021,17,2021-04-10,Badulla,0.8427394408090423
408,2021,17,2021-04-10,Batticaloa,0.5799761284205831
408,2021,17,2021-04-10,Colombo,0.566461741522903
408,2021,17,2021-04-10,Galle,0.7807056551160024
408,2021,17,2021-04-10,Gampaha,0.6453756023200476
408,2021,17,2021-04-10,Hambantota,0.6246598874375133
408,2021,17,2021-04-10,Jaffna,0.4059748013360229
408,2021,17,2021-04-10,Kalutara,0.7381070029000595
408,2021,17,2021-04-10,Kandy,0.7292566552647234
408,2021,17,2021-04-10,Kegalle,0.8220549245240929
408,2021,17,2021-04-10,Kilinochchi,0.3967902032884147
408,2021,17,2021-04-10,Kurunegala,0.6635099791790602
408,2021,17,2021-04-10,Mannar,0.694709376650322
408,2021,17,2021-04-10,Matale,0.7242051494646045
408,2021,17,2021-04-10,Matara,0.781635198436305
408,2021,17,2021-04-10,Moneragala,0.7735997211481261
408,2021,17,2021-04-10,Mullaitivu,0.7210946702111838
408,2021,17,2021-04-10,NuwaraEliya,0.766841394631172
408,2021,17,2021-04-10,Polonnaruwa,0.5556949676531826
408,2021,17,2021-04-10,Puttalam,0.6522449862433076
408,2021,17,2021-04-10,Ratnapura,0.8226688262195121
408,2021,17,2021-04-10,Trincomalee,0.7454646385803977
408,2021,17,2021-04-10,Vavuniya,0.619313896118382
409,2021,18,2021-04-17,Ampara,0.6334305846361913
409,2021,18,2021-04-17,Anuradhapura,0.6291331479476767
409,2021,18,2021-04-17,Badulla,0.8329460960737657
409,2021,18,2021-04-17,Batticaloa,0.5839809674301012
409,2021,18,2021-04-17,Colombo,0.5799457967727544
409,2021,18,2021-04-17,Galle,0.7803638217578822
409,2021,18,2021-04-17,Gampaha,0.6282935455086259
409,2021,18,2021-04-17,Hambantota,0.6247396191896385
409,2021,18,2021-04-17,Jaffna,0.42342938628635085
409,2021,18,2021-04-17,Kalutara,0.7398994646044021
409,2021,18,2021-04-17,Kandy,0.7355590403777514
409,2021,18,2021-04-17,Kegalle,0.8363358808001191
409,2021,18,2021-04-17,Kilinochchi,0.4122656073899924
409,2021,18,2021-04-17,Kurunegala,0.6836979424217356
409,2021,18,2021-04-17,Mannar,0.6851386128700598
409,2021,18,2021-04-17,Matale,0.7475598750743605
409,2021,18,2021-04-17,Matara,0.7834855907941702
409,2021,18,2021-04-17,Moneragala,0.7749284187239739
409,2021,18,2021-04-17,Mullaitivu,0.7183594748898314
409,2021,18,2021-04-17,NuwaraEliya,0.7803313764128496
409,2021,18,2021-04-17,Polonnaruwa,0.5613159038518739
409,2021,18,2021-04-17,Puttalam,0.6400466965348007
409,2021,18,2021-04-17,Ratnapura,0.8216595069898869
409,2021,18,2021-04-17,Trincomalee,0.7296670142393533
409,2021,18,2021-04-17,Vavuniya,0.6357526714009518
410,2021,19,2021-04-24,Ampara,0.625978071142859
410,2021,19,2021-04-24,Anuradhapura,0.6353896675410262
410,2021,19,2021-04-24,Badulla,0.8148765392623438
410,2021,19,2021-04-24,Batticaloa,0.5821280599345628
410,2021,19,2021-04-24,Colombo,0.6040635503420584
410,2021,19,2021-04-24,Galle,0.7801260726502082
410,2021,19,2021-04-24,Gampaha,0.6049969958358121
410,2021,19,2021-04-24,Hambantota,0.6250080521676905
410,2021,19,2021-04-24,Jaffna,0.4357575596564259
410,2021,19,2021-04-24,Kalutara,0.7499393218322427
410,2021,19,2021-04-24,Kandy,0.7356643162552052
410,2021,19,2021-04-24,Kegalle,0.841827169467579
410,2021,19,2021-04-24,Kilinochchi,0.42897533447653213
410,2021,19,2021-04-24,Kurunegala,0.7047368141405785
410,2021,19,2021-04-24,Mannar,0.6848610367310273
410,2021,19,2021-04-24,Matale,0.7741777810826889
410,2021,19,2021-04-24,Matara,0.7836457819006545
410,2021,19,2021-04-24,Moneragala,0.7744363418352171
410,2021,19,2021-04-24,Mullaitivu,0.7183000233759755
410,2021,19,2021-04-24,NuwaraEliya,0.7953526955681143
410,2021,19,2021-04-24,Polonnaruwa,0.5645131934116598
410,2021,19,2021-04-24,Puttalam,0.6256735072129684
410,2021,19,2021-04-24,Ratnapura,0.818113232450922
410,2021,19,2021-04-24,Trincomalee,0.7096483903438978
410,2021,19,2021-04-24,Vavuniya,0.6576156733343248
411,2021,20,2021-05-01,Ampara,0.6439690046847115
411,2021,20,2021-05-01,Anuradhapura,0.6326236707385278
411,2021,20,2021-05-01,Badulla,0.8061581740779298
411,2021,20,2021-05-01,Batticaloa,0.583393270374777
411,2021,20,2021-05-01,Colombo,0.6048369831945272
411,2021,20,2021-05-01,Galle,0.7528032476948245
411,2021,20,2021-05-01,Gampaha,0.6061206889500298
411,2021,20,2021-05-01,Hambantota,0.6259539989505598
411,2021,20,2021-05-01,Jaffna,0.4370568314170343
411,2021,20,2021-05-01,Kalutara,0.7343486020226055
411,2021,20,2021-05-01,Kandy,0.7334786901397978
411,2021,20,2021-05-01,Kegalle,0.8395289931588341
411,2021,20,2021-05-01,Kilinochchi,0.4442767555465286
411,2021,20,2021-05-01,Kurunegala,0.7089874566761364
411,2021,20,2021-05-01,Mannar,0.689269893292683
411,2021,20,2021-05-01,Matale,0.7716992043426532
411,2021,20,2021-05-01,Matara,0.7715378457763237
411,2021,20,2021-05-01,Moneragala,0.778334243010113
411,2021,20,2021-05-01,Mullaitivu,0.7028536187061362
411,2021,20,2021-05-01,NuwaraEliya,0.7775834157495538
411,2021,20,2021-05-01,Polonnaruwa,0.583372267251636
411,2021,20,2021-05-01,Puttalam,0.619988870092207
411,2021,20,2021-05-01,Ratnapura,0.8077570140541345
411,2021,20,2021-05-01,Trincomalee,0.6993656066795569
411,2021,20,2021-05-01,Vavuniya,0.6549368902439024
412,2021,21,2021-05-08,Ampara,0.6874033852617489
412,2021,21,2021-05-08,Anuradhapura,0.6208351575401813
412,2021,21,2021-05-08,Badulla,0.8067910005205235
412,2021,21,2021-05-08,Batticaloa,0.5877765987507436
412,2021,21,2021-05-08,Colombo,0.5822660953301606
412,2021,21,2021-05-08,Galle,0.6983953468917312
412,2021,21,2021-05-08,Gampaha,0.631664624851279
412,2021,21,2021-05-08,Hambantota,0.6275774595382463
412,2021,21,2021-05-08,Jaffna,0.42732720156817594
412,2021,21,2021-05-08,Kalutara,0.6931273051754908
412,2021,21,2021-05-08,Kandy,0.7290021620315289
412,2021,21,2021-05-08,Kegalle,0.8294413518738846
412,2021,21,2021-05-08,Kilinochchi,0.4581698705999818
412,2021,21,2021-05-08,Kurunegala,0.6964498700284092
412,2021,21,2021-05-08,Mannar,0.6983651825550268
412,2021,21,2021-05-08,Matale,0.7401241448542534
412,2021,21,2021-05-08,Matara,0.7471617824211778
412,2021,21,2021-05-08,Moneragala,0.7866221222486616
412,2021,21,2021-05-08,Mullaitivu,0.6720202608803133
412,2021,21,2021-05-08,NuwaraEliya,0.7270235369571684
412,2021,21,2021-05-08,Polonnaruwa,0.6178931253718025
412,2021,21,2021-05-08,Puttalam,0.6229927851725163
412,2021,21,2021-05-08,Ratnapura,0.7905908517995242
412,2021,21,2021-05-08,Trincomalee,0.6988186632463309
412,2021,21,2021-05-08,Vavuniya,0.6277163221296848
413,2021,22,2021-05-15,Ampara,0.7225946925193337
413,2021,22,2021-05-15,Anuradhapura,0.619227388831053
413,2021,22,2021-05-15,Badulla,0.8113945382212969
413,2021,22,2021-05-15,Batticaloa,0.5942009808853141
413,2021,22,2021-05-15,Colombo,0.5624885949583581
413,2021,22,2021-05-15,Galle,0.6428274557555027
413,2021,22,2021-05-15,Gampaha,0.6414514834919691
413,2021,22,2021-05-15,Hambantota,0.6303823289343344
413,2021,22,2021-05-15,Jaffna,0.421055234656033
413,2021,22,2021-05-15,Kalutara,0.6493206777959549
413,2021,22,2021-05-15,Kandy,0.7247152420434265
413,2021,22,2021-05-15,Kegalle,0.8088526286436645
413,2021,22,2021-05-15,Kilinochchi,0.4676442693118578
413,2021,22,2021-05-15,Kurunegala,0.6874544140331025
413,2021,22,2021-05-15,Mannar,0.7137639463117191
413,2021,22,2021-05-15,Matale,0.7150518608715051
413,2021,22,2021-05-15,Matara,0.7233366896265775
413,2021,22,2021-05-15,Moneragala,0.7927363455532421
413,2021,22,2021-05-15,Mullaitivu,0.6568737414485426
413,2021,22,2021-05-15,NuwaraEliya,0.6754184376859013
413,2021,22,2021-05-15,Polonnaruwa,0.6573395449137419
413,2021,22,2021-05-15,Puttalam,0.6286885856632957
413,2021,22,2021-05-15,Ratnapura,0.7768229569452708
413,2021,22,2021-05-15,Trincomalee,0.7063996947587851
413,2021,22,2021-05-15,Vavuniya,0.6139152271713266
414,2021,23,2021-05-22,Ampara,0.7275613976055919
414,2021,23,2021-05-22,Anuradhapura,0.6549490165823915
414,2021,23,2021-05-22,Badulla,0.8305573505353957
414,2021,23,2021-05-22,Batticaloa,0.608109226801432
414,2021,23,2021-05-22,Colombo,0.5529535153926234
414,2021,23,2021-05-22,Galle,0.5830062667311126
414,2021,23,2021-05-22,Gampaha,0.5934623921772755
414,2021,23,2021-05-22,Hambantota,0.6375190306278948
414,2021,23,2021-05-22,Jaffna,0.42746136517851335
414,2021,23,2021-05-22,Kalutara,0.5960345051308745
414,2021,23,2021-05-22,Kandy,0.7211235518292683
414,2021,23,2021-05-22,Kegalle,0.7497599382807852
414,2021,23,2021-05-22,Kilinochchi,0.46091670810461743
414,2021,23,2021-05-22,Kurunegala,0.691446770430005
414,2021,23,2021-05-22,Mannar,0.7522754498810232
414,2021,23,2021-05-22,Matale,0.7138230870761452
414,2021,23,2021-05-22,Matara,0.7015318222206436
414,2021,23,2021-05-22,Moneragala,0.7908804970999405
414,2021,23,2021-05-22,Mullaitivu,0.69924562946163
414,2021,23,2021-05-22,NuwaraEliya,0.6199808633254016
414,2021,23,2021-05-22,Polonnaruwa,0.7148463563355146
414,2021,23,2021-05-22,Puttalam,0.6442546326591314
414,2021,23,2021-05-22,Ratnapura,0.7755153758923261
414,2021,23,2021-05-22,Trincomalee,0.7437833010720668
414,2021,23,2021-05-22,Vavuniya,0.6493188671177871
415,2021,24,2021-05-29,Ampara,0.7325281026918501
415,2021,24,2021-05-29,Anuradhapura,0.6906706443337298
415,2021,24,2021-05-29,Badulla,0.8497201628494945
415,2021,24,2021-05-29,Batticaloa,0.6220174727175497
415,2021,24,2021-05-29,Colombo,0.5434184358268888
415,2021,24,2021-05-29,Galle,0.5231850777067223
415,2021,24,2021-05-29,Gampaha,0.5454733008625818
415,2021,24,2021-05-29,Hambantota,0.6446557323214551
415,2021,24,2021-05-29,Jaffna,0.4338674957009937
415,2021,24,2021-05-29,Kalutara,0.5427483324657941
415,2021,24,2021-05-29,Kandy,0.7175318616151101
415,2021,24,2021-05-29,Kegalle,0.690667247917906
415,2021,24,2021-05-29,Kilinochchi,0.454189146897377
415,2021,24,2021-05-29,Kurunegala,0.6954391268269074
415,2021,24,2021-05-29,Mannar,0.7907869534503272
415,2021,24,2021-05-29,Matale,0.7125943132807854
415,2021,24,2021-05-29,Matara,0.6797269548147096
415,2021,24,2021-05-29,Moneragala,0.7890246486466389
415,2021,24,2021-05-29,Mullaitivu,0.7416175174747175
415,2021,24,2021-05-29,NuwaraEliya,0.5645432889649019
415,2021,24,2021-05-29,Polonnaruwa,0.7723531677572874
415,2021,24,2021-05-29,Puttalam,0.6598206796549673
415,2021,24,2021-05-29,Ratnapura,0.7742077948393814
415,2021,24,2021-05-29,Trincomalee,0.7811669073853486
415,2021,24,2021-05-29,Vavuniya,0.6847225070642475
416,2021,25,2021-06-05,Ampara,0.7296499776918501
416,2021,25,2021-06-05,Anuradhapura,0.6727040266210589
416,2021,25,2021-06-05,Badulla,0.850685899390244
416,2021,25,2021-06-05,Batticaloa,0.617840510434473
416,2021,25,2021-06-05,Colombo,0.5602822836109459
416,2021,25,2021-06-05,Galle,0.6026481059940055
416,2021,25,2021-06-05,Gampaha,0.5952998810232005
416,2021,25,2021-06-05,Hambantota,0.6395083506841166
416,2021,25,2021-06-05,Jaffna,0.4225975274047315
416,2021,25,2021-06-05,Kalutara,0.6120423092653182
416,2021,25,2021-06-05,Kandy,0.7148353472635337
416,2021,25,2021-06-05,Kegalle,0.7143273385325929
416,2021,25,2021-06-05,Kilinochchi,0.4542909497775125
416,2021,25,2021-06-05,Kurunegala,0.7109610776935726
416,2021,25,2021-06-05,Mannar,0.7944268073379278
416,2021,25,2021-06-05,Matale,0.717457646118382
416,2021,25,2021-06-05,Matara,0.7288833677837119
416,2021,25,2021-06-05,Moneragala,0.7904777680696015
416,2021,25,2021-06-05,Mullaitivu,0.7444199063057704
416,2021,25,2021-06-05,NuwaraEliya,0.6577668482302201
416,2021,25,2021-06-05,Polonnaruwa,0.7777882752082095
416,2021,25,2021-06-05,Puttalam,0.6865510373289708
416,2021,25,2021-06-05,Ratnapura,0.7841456536287924
416,2021,25,2021-06-05,Trincomalee,0.772147308954435
416,2021,25,2021-06-05,Vavuniya,0.6903972021861987
417,2021,26,2021-06-12,Ampara,0.7261684042236765
417,2021,26,2021-06-12,Anuradhapura,0.6506075438726949
417,2021,26,2021-06-12,Badulla,0.8502518608715051
417,2021,26,2021-06-12,Batticaloa,0.6122723782899198
417,2021,26,2021-06-12,Colombo,0.5791768181142178
417,2021,26,2021-06-12,Galle,0.6928253048437252
417,2021,26,2021-06-12,Gampaha,0.652650743604997
417,2021,26,2021-06-12,Hambantota,0.6334160395597859
417,2021,26,2021-06-12,Jaffna,0.4099678591993353
417,2021,26,2021-06-12,Kalutara,0.6907655283313503
417,2021,26,2021-06-12,Kandy,0.7122076925936943
417,2021,26,2021-06-12,Kegalle,0.7443530276840157
417,2021,26,2021-06-12,Kilinochchi,0.45491808835667696
417,2021,26,2021-06-12,Kurunegala,0.7273699204425274
417,2021,26,2021-06-12,Mannar,0.7953842266346283
417,2021,26,2021-06-12,Matale,0.7227896025431292
417,2021,26,2021-06-12,Matara,0.7834983407815554
417,2021,26,2021-06-12,Moneragala,0.7921854234830459
417,2021,26,2021-06-12,Mullaitivu,0.7441784875074361
417,2021,26,2021-06-12,NuwaraEliya,0.7624258793129091
417,2021,26,2021-06-12,Polonnaruwa,0.779217866969066
417,2021,26,2021-06-12,Puttalam,0.7141401881320643
417,2021,26,2021-06-12,Ratnapura,0.7949485462522309
417,2021,26,2021-06-12,Trincomalee,0.7595582332355063
417,2021,26,2021-06-12,Vavuniya,0.6937850553985724
418,2021,27,2021-06-19,Ampara,0.729767035990482
418,2021,27,2021-06-19,Anuradhapura,0.6032739347858418
418,2021,27,2021-06-19,Badulla,0.8494985927275431
418,2021,27,2021-06-19,Batticaloa,0.5967540888623556
418,2021,27,2021-06-19,Colombo,0.5681703784949436
418,2021,27,2021-06-19,Galle,0.7059725748545387
418,2021,27,2021-06-19,Gampaha,0.6470234737507436
418,2021,27,2021-06-19,Hambantota,0.6083857722218244
418,2021,27,2021-06-19,Jaffna,0.393619834216927
418,2021,27,2021-06-19,Kalutara,0.6715040414931588
418,2021,27,2021-06-19,Kandy,0.6981377974419989
418,2021,27,2021-06-19,Kegalle,0.745468787202381
418,2021,27,2021-06-19,Kilinochchi,0.4471851998334485
418,2021,27,2021-06-19,Kurunegala,0.7245369692691773
418,2021,27,2021-06-19,Mannar,0.7919790906223932
418,2021,27,2021-06-19,Matale,0.7258221687239739
418,2021,27,2021-06-19,Matara,0.7667497936496134
418,2021,27,2021-06-19,Moneragala,0.7805378866745986
418,2021,27,2021-06-19,Mullaitivu,0.7497405060232005
418,2021,27,2021-06-19,NuwaraEliya,0.7930599605889352
418,2021,27,2021-06-19,Polonnaruwa,0.7857921921475313
418,2021,27,2021-06-19,Puttalam,0.6713469530785247
418,2021,27,2021-06-19,Ratnapura,0.7756366411362284
418,2021,27,2021-06-19,Trincomalee,0.7562919331786125
418,2021,27,2021-06-19,Vavuniya,0.6831777178762642
419,2021,28,2021-06-26,Ampara,0.7372991151100535
419,2021,28,2021-06-26,Anuradhapura,0.5419196999553837
419,2021,28,2021-06-26,Badulla,0.8485679747917906
419,2021,28,2021-06-26,Batticaloa,0.5757079342775633
419,2021,28,2021-06-26,Colombo,0.5405522865853659
419,2021,28,2021-06-26,Galle,0.6763254399548487
419,2021,28,2021-06-26,Gampaha,0.6064083525431291
419,2021,28,2021-06-26,Hambantota,0.5728344180985125
419,2021,28,2021-06-26,Jaffna,0.3752060554695119
419,2021,28,2021-06-26,Kalutara,0.5978066069303986
419,2021,28,2021-06-26,Kandy,0.6777111020226056
419,2021,28,2021-06-26,Kegalle,0.730523474702381
419,2021,28,2021-06-26,Kilinochchi,0.43480785180889064
419,2021,28,2021-06-26,Kurunegala,0.711014132583436
419,2021,28,2021-06-26,Mannar,0.7861503127718609
419,2021,28,2021-06-26,Matale,0.7275772958804284
419,2021,28,2021-06-26,Matara,0.7103548464455681
419,2021,28,2021-06-26,Moneragala,0.7614707986317668
419,2021,28,2021-06-26,Mullaitivu,0.7585266563801308
419,2021,28,2021-06-26,NuwaraEliya,0.7825690697501487
419,2021,28,2021-06-26,Polonnaruwa,0.7952247025580013
419,2021,28,2021-06-26,Puttalam,0.589452392549078
419,2021,28,2021-06-26,Ratnapura,0.7395942928316479
419,2021,28,2021-06-26,Trincomalee,0.7582049529339605
419,2021,28,2021-06-26,Vavuniya,0.6647952743902439
420,2021,29,2021-07-03,Ampara,0.7406598397531232
420,2021,29,2021-07-03,Anuradhapura,0.5182636451516954
420,2021,29,2021-07-03,Badulla,0.8444712819750149
420,2021,29,2021-07-03,Batticaloa,0.5673232472148095
420,2021,29,2021-07-03,Colombo,0.5325381134741226
420,2021,29,2021-07-03,Galle,0.6518986038816181
420,2021,29,2021-07-03,Gampaha,0.5887353045062463
420,2021,29,2021-07-03,Hambantota,0.5601395131853397
420,2021,29,2021-07-03,Jaffna,0.3691406961646503
420,2021,29,2021-07-03,Kalutara,0.5559966091612135
420,2021,29,2021-07-03,Kandy,0.6676069080904224
420,2021,29,2021-07-03,Kegalle,0.6967677763588054
420,2021,29,2021-07-03,Kilinochchi,0.4221311414674014
420,2021,29,2021-07-03,Kurunegala,0.6724836369720405
420,2021,29,2021-07-03,Mannar,0.7775331114896588
420,2021,29,2021-07-03,Matale,0.7203864831201666
420,2021,29,2021-07-03,Matara,0.6625064396192742
420,2021,29,2021-07-03,Moneragala,0.7538628494943487
420,2021,29,2021-07-03,Mullaitivu,0.7605352747620464
420,2021,29,2021-07-03,NuwaraEliya,0.7760239422218917
420,2021,29,2021-07-03,Polonnaruwa,0.7956300713860798
420,2021,29,2021-07-03,Puttalam,0.5488439433372992
420,2021,29,2021-07-03,Ratnapura,0.70625813689768
420,2021,29,2021-07-03,Trincomalee,0.7593894530093022
420,2021,29,2021-07-03,Vavuniya,0.6435221873140987
421,2021,30,2021-07-10,Ampara,0.7365121263384891
421,2021,30,2021-07-10,Anuradhapura,0.5624643143961928
421,2021,30,2021-07-10,Badulla,0.8346756543723973
421,2021,30,2021-07-10,Batticaloa,0.5817292016917253
421,2021,30,2021-07-10,Colombo,0.559810994199881
421,2021,30,2021-07-10,Galle,0.6368683056960144
421,2021,30,2021-07-10,Gampaha,0.6123579881766805
421,2021,30,2021-07-10,Hambantota,0.5885862168504172
421,2021,30,2021-07-10,Jaffna,0.38530249185638493
421,2021,30,2021-07-10,Kalutara,0.571583997620464
421,2021,30,2021-07-10,Kandy,0.6760832168352172
421,2021,30,2021-07-10,Kegalle,0.6291533834967936
421,2021,30,2021-07-10,Kilinochchi,0.4089155789554356
421,2021,30,2021-07-10,Kurunegala,0.5889393552944676
421,2021,30,2021-07-10,Mannar,0.763896748030451
421,2021,30,2021-07-10,Matale,0.6970929785098157
421,2021,30,2021-07-10,Matara,0.6300418054729328
421,2021,30,2021-07-10,Moneragala,0.7668813503866746
421,2021,30,2021-07-10,Mullaitivu,0.7503443355889352
421,2021,30,2021-07-10,NuwaraEliya,0.7765811886525877
421,2021,30,2021-07-10,Polonnaruwa,0.7797865853658537
421,2021,30,2021-07-10,Puttalam,0.582550494497323
421,2021,30,2021-07-10,Ratnapura,0.6777931272308151
421,2021,30,2021-07-10,Trincomalee,0.759262617660633
421,2021,30,2021-07-10,Vavuniya,0.6170459417757287
422,2021,31,2021-07-17,Ampara,0.730529019185009
422,2021,31,2021-07-17,Anuradhapura,0.6037058614663892
422,2021,31,2021-07-17,Badulla,0.8249333172218917
422,2021,31,2021-07-17,Batticaloa,0.5941371738220291
422,2021,31,2021-07-17,Colombo,0.582620478881618
422,2021,31,2021-07-17,Galle,0.622791522903034
422,2021,31,2021-07-17,Gampaha,0.6309397363920286
422,2021,31,2021-07-17,Hambantota,0.6141471953218117
422,2021,31,2021-07-17,Jaffna,0.3992373668100073
422,2021,31,2021-07-17,Kalutara,0.5898333395300417
422,2021,31,2021-07-17,Kandy,0.6844655190362879
422,2021,31,2021-07-17,Kegalle,0.571819724122546
422,2021,31,2021-07-17,Kilinochchi,0.39706926721412716
422,2021,31,2021-07-17,Kurunegala,0.5148492322278406
422,2021,31,2021-07-17,Mannar,0.7517082551707135
422,2021,31,2021-07-17,Matale,0.676496490184414
422,2021,31,2021-07-17,Matara,0.6040480889351576
422,2021,31,2021-07-17,Moneragala,0.7784174189470554
422,2021,31,2021-07-17,Mullaitivu,0.7413363529892921
422,2021,31,2021-07-17,NuwaraEliya,0.7704643032421178
422,2021,31,2021-07-17,Polonnaruwa,0.762950505651398
422,2021,31,2021-07-17,Puttalam,0.6137027531975014
422,2021,31,2021-07-17,Ratnapura,0.6557282514128495
422,2021,31,2021-07-17,Trincomalee,0.7595496030858677
422,2021,31,2021-07-17,Vavuniya,0.5945437295508625
423,2021,32,2021-07-24,Ampara,0.7006857934265318
423,2021,32,2021-07-24,Anuradhapura,0.6064788202706722
423,2021,32,2021-07-24,Badulla,0.81588375594884
423,2021,32,2021-07-24,Batticaloa,0.5805713754463782
423,2021,32,2021-07-24,Colombo,0.5474058149910768
423,2021,32,2021-07-24,Galle,0.6211104402141583
423,2021,32,2021-07-24,Gampaha,0.5839893236912552
423,2021,32,2021-07-24,Hambantota,0.6021937462753278
423,2021,32,2021-07-24,Jaffna,0.38422227216817095
423,2021,32,2021-07-24,Kalutara,0.6426880762938727
423,2021,32,2021-07-24,Kandy,0.6916257361689471
423,2021,32,2021-07-24,Kegalle,0.6481356000892325
423,2021,32,2021-07-24,Kilinochchi,0.4030232154913645
423,2021,32,2021-07-24,Kurunegala,0.5636631711035098
423,2021,32,2021-07-24,Mannar,0.758342080104088
423,2021,32,2021-07-24,Matale,0.6909612135633552
423,2021,32,2021-07-24,Matara,0.6621763013087448
423,2021,32,2021-07-24,Moneragala,0.7706818671921476
423,2021,32,2021-07-24,Mullaitivu,0.7477068058447354
423,2021,32,2021-07-24,NuwaraEliya,0.6775837038964901
423,2021,32,2021-07-24,Polonnaruwa,0.7332107079119572
423,2021,32,2021-07-24,Puttalam,0.6116492099196907
423,2021,32,2021-07-24,Ratnapura,0.7168651156305771
423,2021,32,2021-07-24,Trincomalee,0.7652162585718545
423,2021,32,2021-07-24,Vavuniya,0.6237039504015467
424,2021,33,2021-07-31,Ampara,0.6708425676680547
424,2021,33,2021-07-31,Anuradhapura,0.6092517790749554
424,2021,33,2021-07-31,Badulla,0.8068341946757883
424,2021,33,2021-07-31,Batticaloa,0.5670055770707272
424,2021,33,2021-07-31,Colombo,0.5121911511005354
424,2021,33,2021-07-31,Galle,0.6194293575252827
424,2021,33,2021-07-31,Gampaha,0.5370389109904818
424,2021,33,2021-07-31,Hambantota,0.5902402972288439
424,2021,33,2021-07-31,Jaffna,0.36920717752633464
424,2021,33,2021-07-31,Kalutara,0.6955428130577037
424,2021,33,2021-07-31,Kandy,0.6987859533016061
424,2021,33,2021-07-31,Kegalle,0.7244514760559191
424,2021,33,2021-07-31,Kilinochchi,0.4089771637686018
424,2021,33,2021-07-31,Kurunegala,0.6124771099791791
424,2021,33,2021-07-31,Mannar,0.7649759050374625
424,2021,33,2021-07-31,Matale,0.7054259369422963
424,2021,33,2021-07-31,Matara,0.7203045136823321
424,2021,33,2021-07-31,Moneragala,0.7629463154372398
424,2021,33,2021-07-31,Mullaitivu,0.7540772587001786
424,2021,33,2021-07-31,NuwaraEliya,0.5847031045508626
424,2021,33,2021-07-31,Polonnaruwa,0.7034709101725164
424,2021,33,2021-07-31,Puttalam,0.6095956666418799
424,2021,33,2021-07-31,Ratnapura,0.7780019798483047
424,2021,33,2021-07-31,Trincomalee,0.7708829140578414
424,2021,33,2021-07-31,Vavuniya,0.6528641712522308
425,2021,34,2021-08-07,Ampara,0.6545038500148721
425,2021,34,2021-08-07,Anuradhapura,0.5889113232450922
425,2021,34,2021-08-07,Badulla,0.8041904892920881
425,2021,34,2021-08-07,Batticaloa,0.5594589807845243
425,2021,34,2021-08-07,Colombo,0.5602933484533016
425,2021,34,2021-08-07,Galle,0.6523649427424153
425,2021,34,2021-08-07,Gampaha,0.5596902662105889
425,2021,34,2021-08-07,Hambantota,0.5413526856626132
425,2021,34,2021-08-07,Jaffna,0.3600804876271373
425,2021,34,2021-08-07,Kalutara,0.6981733231707317
425,2021,34,2021-08-07,Kandy,0.7104378030190363
425,2021,34,2021-08-07,Kegalle,0.7337755484086853
425,2021,34,2021-08-07,Kilinochchi,0.39669371627106004
425,2021,34,2021-08-07,Kurunegala,0.6086625148721
425,2021,34,2021-08-07,Mannar,0.7553986470832468
425,2021,34,2021-08-07,Matale,0.6857854866894706
425,2021,34,2021-08-07,Matara,0.7139541827781083
425,2021,34,2021-08-07,Moneragala,0.7640867322278406
425,2021,34,2021-08-07,Mullaitivu,0.746759283908388
425,2021,34,2021-08-07,NuwaraEliya,0.5878309599940511
425,2021,34,2021-08-07,Polonnaruwa,0.6396861001635932
425,2021,34,2021-08-07,Puttalam,0.5995420527215943
425,2021,34,2021-08-07,Ratnapura,0.7693642809339679
425,2021,34,2021-08-07,Trincomalee,0.7692007020482526
425,2021,34,2021-08-07,Vavuniya,0.6415359384295063
426,2021,35,2021-08-14,Ampara,0.6418481800267698
426,2021,35,2021-08-14,Anuradhapura,0.5622672088786437
426,2021,35,2021-08-14,Badulla,0.8032938355145748
426,2021,35,2021-08-14,Batticaloa,0.5535539850681708
426,2021,35,2021-08-14,Colombo,0.6311183261451517
426,2021,35,2021-08-14,Galle,0.6947414373884593
426,2021,35,2021-08-14,Gampaha,0.6013239217727544
426,2021,35,2021-08-14,Hambantota,0.4823921206819062
426,2021,35,2021-08-14,Jaffna,0.3525597262941142
426,2021,35,2021-08-14,Kalutara,0.6871063169244497
426,2021,35,2021-08-14,Kandy,0.723314643441404
426,2021,35,2021-08-14,Kegalle,0.724829128866746
426,2021,35,2021-08-14,Kilinochchi,0.37943643356221485
426,2021,35,2021-08-14,Kurunegala,0.5904946832242713
426,2021,35,2021-08-14,Mannar,0.7414001847051427
426,2021,35,2021-08-14,Matale,0.656843625446163
426,2021,35,2021-08-14,Matara,0.6900187946162999
426,2021,35,2021-08-14,Moneragala,0.767647867712671
426,2021,35,2021-08-14,Mullaitivu,0.7357081015764426
426,2021,35,2021-08-14,NuwaraEliya,0.6171429394705532
426,2021,35,2021-08-14,Polonnaruwa,0.5666162868084473
426,2021,35,2021-08-14,Puttalam,0.5873066013533611
426,2021,35,2021-08-14,Ratnapura,0.7416971557108865
426,2021,35,2021-08-14,Trincomalee,0.7655142534489615
426,2021,35,2021-08-14,Vavuniya,0.6191654000594884
427,2021,36,2021-08-21,Ampara,0.6372428874182035
427,2021,36,2021-08-21,Anuradhapura,0.5628142920880428
427,2021,36,2021-08-21,Badulla,0.806780015615705
427,2021,36,2021-08-21,Batticaloa,0.5472208225651678
427,2021,36,2021-08-21,Colombo,0.6476365537626413
427,2021,36,2021-08-21,Galle,0.7029907458358121
427,2021,36,2021-08-21,Gampaha,0.61189186310232
427,2021,36,2021-08-21,Hambantota,0.4630871746728138
427,2021,36,2021-08-21,Jaffna,0.3484131880958889
427,2021,36,2021-08-21,Kalutara,0.652357755800119
427,2021,36,2021-08-21,Kandy,0.7197117619720405
427,2021,36,2021-08-21,Kegalle,0.6879581982450922
427,2021,36,2021-08-21,Kilinochchi,0.3715645983006356
427,2021,36,2021-08-21,Kurunegala,0.5875314198440289
427,2021,36,2021-08-21,Mannar,0.7322435695613115
427,2021,36,2021-08-21,Matale,0.6518676420285544
427,2021,36,2021-08-21,Matara,0.6624827762492564
427,2021,36,2021-08-21,Moneragala,0.766407967727543
427,2021,36,2021-08-21,Mullaitivu,0.7445186254461631
427,2021,36,2021-08-21,NuwaraEliya,0.6476289596966092
427,2021,36,2021-08-21,Polonnaruwa,0.5202148442147532
427,2021,36,2021-08-21,Puttalam,0.5801447966240333
427,2021,36,2021-08-21,Ratnapura,0.7109522270969661
427,2021,36,2021-08-21,Trincomalee,0.7718470594268984
427,2021,36,2021-08-21,Vavuniya,0.6055289596966091
428,2021,37,2021-08-28,Ampara,0.6406879721891731
428,2021,37,2021-08-28,Anuradhapura,0.5905525728732898
428,2021,37,2021-08-28,Badulla,0.8146490295954789
428,2021,37,2021-08-28,Batticaloa,0.5404594932755153
428,2021,37,2021-08-28,Colombo,0.6098480313057704
428,2021,37,2021-08-28,Galle,0.6771128680844736
428,2021,37,2021-08-28,Gampaha,0.5913940901992861
428,2021,37,2021-08-28,Hambantota,0.4834378476353361
428,2021,37,2021-08-28,Jaffna,0.3476408730324614
428,2021,37,2021-08-28,Kalutara,0.5939276397977394
428,2021,37,2021-08-28,Kandy,0.6996291586109459
428,2021,37,2021-08-28,Kegalle,0.623162756543724
428,2021,37,2021-08-28,Kilinochchi,0.3730782104863222
428,2021,37,2021-08-28,Kurunegala,0.5997727247313728
428,2021,37,2021-08-28,Mannar,0.7279288016517532
428,2021,37,2021-08-28,Matale,0.6708575364366449
428,2021,37,2021-08-28,Matara,0.631346127676978
428,2021,37,2021-08-28,Moneragala,0.7603670322724568
428,2021,37,2021-08-28,Mullaitivu,0.7731908555175492
428,2021,37,2021-08-28,NuwaraEliya,0.679289020672219
428,2021,37,2021-08-28,Polonnaruwa,0.5004817723825105
428,2021,37,2021-08-28,Puttalam,0.578056638533611
428,2021,37,2021-08-28,Ratnapura,0.677129495092207
428,2021,37,2021-08-28,Trincomalee,0.788199119982063
428,2021,37,2021-08-28,Vavuniya,0.6006266173408685
429,2021,38,2021-09-04,Ampara,0.641644013979774
429,2021,38,2021-09-04,Anuradhapura,0.6173694155264724
429,2021,38,2021-09-04,Badulla,0.8186991448542534
429,2021,38,2021-09-04,Batticaloa,0.5328930732704026
429,2021,38,2021-09-04,Colombo,0.5736586741522903
429,2021,38,2021-09-04,Galle,0.6606455216389054
429,2021,38,2021-09-04,Gampaha,0.5847139965050565
429,2021,38,2021-09-04,Hambantota,0.49826587038964903
429,2021,38,2021-09-04,Jaffna,0.3466771032182965
429,2021,38,2021-09-04,Kalutara,0.5588600516805473
429,2021,38,2021-09-04,Kandy,0.6847555417162404
429,2021,38,2021-09-04,Kegalle,0.5873558465942892
429,2021,38,2021-09-04,Kilinochchi,0.37323408782791173
429,2021,38,2021-09-04,Kurunegala,0.6128125173983652
429,2021,38,2021-09-04,Mannar,0.7271707263177357
429,2021,38,2021-09-04,Matale,0.6830647270969662
429,2021,38,2021-09-04,Matara,0.6246834492117787
429,2021,38,2021-09-04,Moneragala,0.7534642827929803
429,2021,38,2021-09-04,Mullaitivu,0.7922527569155265
429,2021,38,2021-09-04,NuwaraEliya,0.705807019631172
429,2021,38,2021-09-04,Polonnaruwa,0.4816557778108269
429,2021,38,2021-09-04,Puttalam,0.5746550936942297
429,2021,38,2021-09-04,Ratnapura,0.6618844103212373
429,2021,38,2021-09-04,Trincomalee,0.7990689570312653
429,2021,38,2021-09-04,Vavuniya,0.5945866151100535
430,2021,39,2021-09-11,Ampara,0.6334735648423557
430,2021,39,2021-09-11,Anuradhapura,0.6408076516954194
430,2021,39,2021-09-11,Badulla,0.8087466314693635
430,2021,39,2021-09-11,Batticaloa,0.5223746539752687
430,2021,39,2021-09-11,Colombo,0.5433329231112433
430,2021,39,2021-09-11,Galle,0.6786834566478287
430,2021,39,2021-09-11,Gampaha,0.6286987265764427
430,2021,39,2021-09-11,Hambantota,0.4928441757138608
430,2021,39,2021-09-11,Jaffna,0.34501133265142775
430,2021,39,2021-09-11,Kalutara,0.6094550658090422
430,2021,39,2021-09-11,Kandy,0.6889815418649614
430,2021,39,2021-09-11,Kegalle,0.6578402197352766
430,2021,39,2021-09-11,Kilinochchi,0.3684116040744784
430,2021,39,2021-09-11,Kurunegala,0.6287800985907358
430,2021,39,2021-09-11,Mannar,0.7394538570940343
430,2021,39,2021-09-11,Matale,0.6704020040154671
430,2021,39,2021-09-11,Matara,0.7077586611392028
430,2021,39,2021-09-11,Moneragala,0.7434015485574063
430,2021,39,2021-09-11,Mullaitivu,0.7760767865110054
430,2021,39,2021-09-11,NuwaraEliya,0.7134707911957169
430,2021,39,2021-09-11,Polonnaruwa,0.4661557331945271
430,2021,39,2021-09-11,Puttalam,0.5664377974419988
430,2021,39,2021-09-11,Ratnapura,0.7147573654074956
430,2021,39,2021-09-11,Trincomalee,0.7898373078919388
430,2021,39,2021-09-11,Vavuniya,0.5843751933372993
431,2021,40,2021-09-18,Ampara,0.6253031157049376
431,2021,40,2021-09-18,Anuradhapura,0.6642458878643664
431,2021,40,2021-09-18,Badulla,0.7987941180844736
431,2021,40,2021-09-18,Batticaloa,0.511856234680135
431,2021,40,2021-09-18,Colombo,0.5130071720701963
431,2021,40,2021-09-18,Galle,0.696721391656752
431,2021,40,2021-09-18,Gampaha,0.6726834566478287
431,2021,40,2021-09-18,Hambantota,0.48742248103807256
431,2021,40,2021-09-18,Jaffna,0.343345562084559
431,2021,40,2021-09-18,Kalutara,0.6600500799375372
431,2021,40,2021-09-18,Kandy,0.6932075420136824
431,2021,40,2021-09-18,Kegalle,0.7283245928762642
431,2021,40,2021-09-18,Kilinochchi,0.3635891203210451
431,2021,40,2021-09-18,Kurunegala,0.6447476797831064
431,2021,40,2021-09-18,Mannar,0.7517369878703329
431,2021,40,2021-09-18,Matale,0.6577392809339679
431,2021,40,2021-09-18,Matara,0.790833873066627
431,2021,40,2021-09-18,Moneragala,0.7333388143218322
431,2021,40,2021-09-18,Mullaitivu,0.7599008161064842
431,2021,40,2021-09-18,NuwaraEliya,0.7211345627602619
431,2021,40,2021-09-18,Polonnaruwa,0.45065568857822724
431,2021,40,2021-09-18,Puttalam,0.5582205011897681
431,2021,40,2021-09-18,Ratnapura,0.7676303204937538
431,2021,40,2021-09-18,Trincomalee,0.7806056587526122
431,2021,40,2021-09-18,Vavuniya,0.574163771564545
432,2021,41,2021-09-25,Ampara,0.6504013031677573
432,2021,41,2021-09-25,Anuradhapura,0.6456404390987508
432,2021,41,2021-09-25,Badulla,0.8259393590124926
432,2021,41,2021-09-25,Batticaloa,0.5148235037245846
432,2021,41,2021-09-25,Colombo,0.5336021880577038
432,2021,41,2021-09-25,Galle,0.6747658146192743
432,2021,41,2021-09-25,Gampaha,0.6265738511302796
432,2021,41,2021-09-25,Hambantota,0.5626895765169542
432,2021,41,2021-09-25,Jaffna,0.3500658896472025
432,2021,41,2021-09-25,Kalutara,0.6268580978584176
432,2021,41,2021-09-25,Kandy,0.69617252379536
432,2021,41,2021-09-25,Kegalle,0.7631418110499703
432,2021,41,2021-09-25,Kilinochchi,0.3701686019035546
432,2021,41,2021-09-25,Kurunegala,0.6058767772159429
432,2021,41,2021-09-25,Mannar,0.7459425829754173
432,2021,41,2021-09-25,Matale,0.6493263902304025
432,2021,41,2021-09-25,Matara,0.7793594363474122
432,2021,41,2021-09-25,Moneragala,0.7561980870761452
432,2021,41,2021-09-25,Mullaitivu,0.7513249591017251
432,2021,41,2021-09-25,NuwaraEliya,0.686536129907793
432,2021,41,2021-09-25,Polonnaruwa,0.5196443337299227
432,2021,41,2021-09-25,Puttalam,0.5899116485722784
432,2021,41,2021-09-25,Ratnapura,0.762766643738846
432,2021,41,2021-09-25,Trincomalee,0.7648462382751359
432,2021,41,2021-09-25,Vavuniya,0.6014100256543724
433,2021,42,2021-10-02,Ampara,0.678058616522903
433,2021,42,2021-10-02,Anuradhapura,0.6238008607227842
433,2021,42,2021-10-02,Badulla,0.8559382733491969
433,2021,42,2021-10-02,Batticaloa,0.5188281334105408
433,2021,42,2021-10-02,Colombo,0.5581141861243307
433,2021,42,2021-10-02,Galle,0.6497338135782273
433,2021,42,2021-10-02,Gampaha,0.5735339121058893
433,2021,42,2021-10-02,Hambantota,0.6441635020077335
433,2021,42,2021-10-02,Jaffna,0.3574313016813469
433,2021,42,2021-10-02,Kalutara,0.5872209622248661
433,2021,42,2021-10-02,Kandy,0.6990405041641881
433,2021,42,2021-10-02,Kegalle,0.7952154019185009
433,2021,42,2021-10-02,Kilinochchi,0.377625157742675
433,2021,42,2021-10-02,Kurunegala,0.5627875297441999
433,2021,42,2021-10-02,Mannar,0.7387575984134851
433,2021,42,2021-10-02,Matale,0.641240409709755
433,2021,42,2021-10-02,Matara,0.7606119497323023
433,2021,42,2021-10-02,Moneragala,0.7815898219066033
433,2021,42,2021-10-02,Mullaitivu,0.7433337262046401
433,2021,42,2021-10-02,NuwaraEliya,0.6486867582540154
433,2021,42,2021-10-02,Polonnaruwa,0.5951321088637715
433,2021,42,2021-10-02,Puttalam,0.6246726762343843
433,2021,42,2021-10-02,Ratnapura,0.7534616876115408
433,2021,42,2021-10-02,Trincomalee,0.7485846815408786
433,2021,42,2021-10-02,Vavuniya,0.631537639425937
434,2021,43,2021-10-09,Ampara,0.680598497917906
434,2021,43,2021-10-09,Anuradhapura,0.6114979495092208
434,2021,43,2021-10-09,Badulla,0.8556251803242118
434,2021,43,2021-10-09,Batticaloa,0.5066846564623405
434,2021,43,2021-10-09,Colombo,0.5919370147977394
434,2021,43,2021-10-09,Galle,0.6556745147977395
434,2021,43,2021-10-09,Gampaha,0.5674078784949435
434,2021,43,2021-10-09,Hambantota,0.6790064786585367
434,2021,43,2021-10-09,Jaffna,0.3658283149738932
434,2021,43,2021-10-09,Kalutara,0.6049162793723974
434,2021,43,2021-10-09,Kandy,0.7228583302349793
434,2021,43,2021-10-09,Kegalle,0.7889978844437835
434,2021,43,2021-10-09,Kilinochchi,0.39128299538946654
434,2021,43,2021-10-09,Kurunegala,0.554809357661027
434,2021,43,2021-10-09,Mannar,0.7349883871391631
434,2021,43,2021-10-09,Matale,0.655173057496822
434,2021,43,2021-10-09,Matara,0.7582737358715052
434,2021,43,2021-10-09,Moneragala,0.7830221185306365
434,2021,43,2021-10-09,Mullaitivu,0.7489872006989887
434,2021,43,2021-10-09,NuwaraEliya,0.6103889258625818
434,2021,43,2021-10-09,Polonnaruwa,0.6288121969809637
434,2021,43,2021-10-09,Puttalam,0.656584111020226
434,2021,43,2021-10-09,Ratnapura,0.7739009350832838
434,2021,43,2021-10-09,Trincomalee,0.7510460848986286
434,2021,43,2021-10-09,Vavuniya,0.6457892679208804
435,2021,44,2021-10-16,Ampara,0.669184250446163
435,2021,44,2021-10-16,Anuradhapura,0.6044931867192148
435,2021,44,2021-10-16,Badulla,0.8384720832093993
435,2021,44,2021-10-16,Batticaloa,0.485570009161831
435,2021,44,2021-10-16,Colombo,0.6309325271415824
435,2021,44,2021-10-16,Galle,0.6788222728286735
435,2021,44,2021-10-16,Gampaha,0.5873451256692446
435,2021,44,2021-10-16,Hambantota,0.687943372620464
435,2021,44,2021-10-16,Jaffna,0.37479844007666263
435,2021,44,2021-10-16,Kalutara,0.6544629591760857
435,2021,44,2021-10-16,Kandy,0.7583149594735277
435,2021,44,2021-10-16,Kegalle,0.7615075290005949
435,2021,44,2021-10-16,Kilinochchi,0.40838598959607525
435,2021,44,2021-10-16,Kurunegala,0.5663373385715044
435,2021,44,2021-10-16,Mannar,0.7331168276912915
435,2021,44,2021-10-16,Matale,0.6813382765659525
435,2021,44,2021-10-16,Matara,0.7650517846519929
435,2021,44,2021-10-16,Moneragala,0.7711436161511006
435,2021,44,2021-10-16,Mullaitivu,0.7622210681885783
435,2021,44,2021-10-16,NuwaraEliya,0.5718419486168947
435,2021,44,2021-10-16,Polonnaruwa,0.6392657923111243
435,2021,44,2021-10-16,Puttalam,0.6869124386525878
435,2021,44,2021-10-16,Ratnapura,0.8108647401100535
435,2021,44,2021-10-16,Trincomalee,0.7639091327519381
435,2021,44,2021-10-16,Vavuniya,0.651220904595479
436,2021,45,2021-10-23,Ampara,0.6617308539388568
436,2021,45,2021-10-23,Anuradhapura,0.5995315228433592
436,2021,45,2021-10-23,Badulla,0.8279659968024985
436,2021,45,2021-10-23,Batticaloa,0.48339317921631425
436,2021,45,2021-10-23,Colombo,0.6414036399464604
436,2021,45,2021-10-23,Galle,0.704540915005949
436,2021,45,2021-10-23,Gampaha,0.5697000743604997
436,2021,45,2021-10-23,Hambantota,0.6990241609586827
436,2021,45,2021-10-23,Jaffna,0.37255085222295287
436,2021,45,2021-10-23,Kalutara,0.6914144947204046
436,2021,45,2021-10-23,Kandy,0.7695096259666865
436,2021,45,2021-10-23,Kegalle,0.7233175063206425
436,2021,45,2021-10-23,Kilinochchi,0.4077355579243765
436,2021,45,2021-10-23,Kurunegala,0.5713234935716981
436,2021,45,2021-10-23,Mannar,0.7306656371734261
436,2021,45,2021-10-23,Matale,0.7041985759964307
436,2021,45,2021-10-23,Matara,0.7612596835960738
436,2021,45,2021-10-23,Moneragala,0.7656024222932778
436,2021,45,2021-10-23,Mullaitivu,0.7444429264574658
436,2021,45,2021-10-23,NuwaraEliya,0.5093558075550267
436,2021,45,2021-10-23,Polonnaruwa,0.6539966128792385
436,2021,45,2021-10-23,Puttalam,0.6950899972291862
436,2021,45,2021-10-23,Ratnapura,0.8280921252230815
436,2021,45,2021-10-23,Trincomalee,0.7636034546963935
436,2021,45,2021-10-23,Vavuniya,0.6285076498364071
437,2021,46,2021-10-30,Ampara,0.6614069891675365
437,2021,46,2021-10-30,Anuradhapura,0.5982474370129742
437,2021,46,2021-10-30,Badulla,0.8294245296698394
437,2021,46,2021-10-30,Batticaloa,0.5153044205097844
437,2021,46,2021-10-30,Colombo,0.6005308335812017
437,2021,46,2021-10-30,Galle,0.734887148646639
437,2021,46,2021-10-30,Gampaha,0.4844068857822725
437,2021,46,2021-10-30,Hambantota,0.7139639591742256
437,2021,46,2021-10-30,Jaffna,0.35011138104758033
437,2021,46,2021-10-30,Kalutara,0.7056947705978585
437,2021,46,2021-10-30,Kandy,0.737032759518144
437,2021,46,2021-10-30,Kegalle,0.6658680826145151
437,2021,46,2021-10-30,Kilinochchi,0.37512895967172416
437,2021,46,2021-10-30,Kurunegala,0.5645343619333817
437,2021,46,2021-10-30,Mannar,0.7271711107295724
437,2021,46,2021-10-30,Matale,0.7211100200773349
437,2021,46,2021-10-30,Matara,0.7384413128346223
437,2021,46,2021-10-30,Moneragala,0.7714683837745391
437,2021,46,2021-10-30,Mullaitivu,0.6708431681290898
437,2021,46,2021-10-30,NuwaraEliya,0.4037791716240333
437,2021,46,2021-10-30,Polonnaruwa,0.6764264388756692
437,2021,46,2021-10-30,Puttalam,0.6633961715054106
437,2021,46,2021-10-30,Ratnapura,0.8097939544913743
437,2021,46,2021-10-30,Trincomalee,0.7395940700049116
437,2021,46,2021-10-30,Vavuniya,0.5551335904967282
438,2021,47,2021-11-06,Ampara,0.6615798958580636
438,2021,47,2021-11-06,Anuradhapura,0.59935134663737
438,2021,47,2021-11-06,Badulla,0.831767991522903
438,2021,47,2021-11-06,Batticaloa,0.5486504553627026
438,2021,47,2021-11-06,Colombo,0.5664026472337895
438,2021,47,2021-11-06,Galle,0.7655274297293279
438,2021,47,2021-11-06,Gampaha,0.41529773758179656
438,2021,47,2021-11-06,Hambantota,0.7279120970144591
438,2021,47,2021-11-06,Jaffna,0.3343634415222895
438,2021,47,2021-11-06,Kalutara,0.7224937778851873
438,2021,47,2021-11-06,Kandy,0.7096332744646043
438,2021,47,2021-11-06,Kegalle,0.6202443783462225
438,2021,47,2021-11-06,Kilinochchi,0.35178244755209936
438,2021,47,2021-11-06,Kurunegala,0.5648928378643028
438,2021,47,2021-11-06,Mannar,0.7251463997018482
438,2021,47,2021-11-06,Matale,0.7377021861986912
438,2021,47,2021-11-06,Matara,0.7213995910172517
438,2021,47,2021-11-06,Moneragala,0.7780017121505057
438,2021,47,2021-11-06,Mullaitivu,0.60963678280981
438,2021,47,2021-11-06,NuwaraEliya,0.3222804134443784
438,2021,47,2021-11-06,Polonnaruwa,0.696448626189768
438,2021,47,2021-11-06,Puttalam,0.6370144770951957
438,2021,47,2021-11-06,Ratnapura,0.794312024092802
438,2021,47,2021-11-06,Trincomalee,0.7215859051728506
438,2021,47,2021-11-06,Vavuniya,0.49367430287031533
439,2021,48,2021-11-13,Ampara,0.6682108315526055
439,2021,48,2021-11-13,Anuradhapura,0.6314991971739156
439,2021,48,2021-11-13,Badulla,0.8456155301903628
439,2021,48,2021-11-13,Batticaloa,0.6006488064884439
439,2021,48,2021-11-13,Colombo,0.619954521118382
439,2021,48,2021-11-13,Galle,0.7999903275580013
439,2021,48,2021-11-13,Gampaha,0.556581114292088
439,2021,48,2021-11-13,Hambantota,0.7289686499756711
439,2021,48,2021-11-13,Jaffna,0.4056054134480602
439,2021,48,2021-11-13,Kalutara,0.7720362935008923
439,2021,48,2021-11-13,Kandy,0.7482397475461036
439,2021,48,2021-11-13,Kegalle,0.7283550267697798
439,2021,48,2021-11-13,Kilinochchi,0.44881705516183246
439,2021,48,2021-11-13,Kurunegala,0.6581702121953114
439,2021,48,2021-11-13,Mannar,0.7422292890838093
439,2021,48,2021-11-13,Matale,0.7501437388459251
439,2021,48,2021-11-13,Matara,0.7794543054729328
439,2021,48,2021-11-13,Moneragala,0.7932108101576444
439,2021,48,2021-11-13,Mullaitivu,0.7095442466087803
439,2021,48,2021-11-13,NuwaraEliya,0.5537940660321238
439,2021,48,2021-11-13,Polonnaruwa,0.6851715106335514
439,2021,48,2021-11-13,Puttalam,0.6796904897612674
439,2021,48,2021-11-13,Ratnapura,0.8154412180249851
439,2021,48,2021-11-13,Trincomalee,0.7815935985132613
439,2021,48,2021-11-13,Vavuniya,0.5871070475163593
440,2021,49,2021-11-20,Ampara,0.6748417672471474
440,2021,49,2021-11-20,Anuradhapura,0.663647047710461
440,2021,49,2021-11-20,Badulla,0.8594630688578226
440,2021,49,2021-11-20,Batticaloa,0.6526471576141852
440,2021,49,2021-11-20,Colombo,0.6735063950029745
440,2021,49,2021-11-20,Galle,0.8344532253866747
440,2021,49,2021-11-20,Gampaha,0.6978644910023795
440,2021,49,2021-11-20,Hambantota,0.7300252029368832
440,2021,49,2021-11-20,Jaffna,0.476847385373831
440,2021,49,2021-11-20,Kalutara,0.8215788091165973
440,2021,49,2021-11-20,Kandy,0.7868462206276027
440,2021,49,2021-11-20,Kegalle,0.8364656751933373
440,2021,49,2021-11-20,Kilinochchi,0.5458516627715655
440,2021,49,2021-11-20,Kurunegala,0.7514475865263199
440,2021,49,2021-11-20,Mannar,0.7593121784657704
440,2021,49,2021-11-20,Matale,0.7625852914931589
440,2021,49,2021-11-20,Matara,0.837509019928614
440,2021,49,2021-11-20,Moneragala,0.8084199081647829
440,2021,49,2021-11-20,Mullaitivu,0.8094517104077508
440,2021,49,2021-11-20,NuwaraEliya,0.7853077186198691
440,2021,49,2021-11-20,Polonnaruwa,0.673894395077335
440,2021,49,2021-11-20,Puttalam,0.7223665024273391
440,2021,49,2021-11-20,Ratnapura,0.8365704119571684
440,2021,49,2021-11-20,Trincomalee,0.8416012918536718
440,2021,49,2021-11-20,Vavuniya,0.6805397921624035
441,2021,50,2021-11-27,Ampara,0.6857191380909885
441,2021,50,2021-11-27,Anuradhapura,0.6824350413929707
441,2021,50,2021-11-27,Badulla,0.8495312667311123
441,2021,50,2021-11-27,Batticaloa,0.6774798267390809
441,2021,50,2021-11-27,Colombo,0.68703315176978
441,2021,50,2021-11-27,Galle,0.8307745761451517
441,2021,50,2021-11-27,Gampaha,0.7382081238845926
441,2021,50,2021-11-27,Hambantota,0.7323222052813064
441,2021,50,2021-11-27,Jaffna,0.4790080625635585
441,2021,50,2021-11-27,Kalutara,0.8058461853063653
441,2021,50,2021-11-27,Kandy,0.7898489459399167
441,2021,50,2021-11-27,Kegalle,0.8582298408685306
441,2021,50,2021-11-27,Kilinochchi,0.5687034460709177
441,2021,50,2021-11-27,Kurunegala,0.776340344359288
441,2021,50,2021-11-27,Mannar,0.7572219419642857
441,2021,50,2021-11-27,Matale,0.7534688675947123
441,2021,50,2021-11-27,Matara,0.842160280339084
441,2021,50,2021-11-27,Moneragala,0.8118121653777515
441,2021,50,2021-11-27,Mullaitivu,0.806932186932769
441,2021,50,2021-11-27,NuwaraEliya,0.8304655394854253
441,2021,50,2021-11-27,Polonnaruwa,0.6177304004312909
441,2021,50,2021-11-27,Puttalam,0.7342063541046996
441,2021,50,2021-11-27,Ratnapura,0.8375119311421774
441,2021,50,2021-11-27,Trincomalee,0.7966840655989816
441,2021,50,2021-11-27,Vavuniya,0.716981021521832
442,2021,51,2021-12-04,Ampara,0.6977546276119111
442,2021,51,2021-12-04,Anuradhapura,0.6975794377516525
442,2021,51,2021-12-04,Badulla,0.8331141898423557
442,2021,51,2021-12-04,Batticaloa,0.6949036735001096
442,2021,51,2021-12-04,Colombo,0.6896439675044617
442,2021,51,2021-12-04,Galle,0.8166936867935753
442,2021,51,2021-12-04,Gampaha,0.7510227357227841
442,2021,51,2021-12-04,Hambantota,0.734957512002969
442,2021,51,2021-12-04,Jaffna,0.462328386643456
442,2021,51,2021-12-04,Kalutara,0.772311250743605
442,2021,51,2021-12-04,Kandy,0.7831415582242712
442,2021,51,2021-12-04,Kegalle,0.8564449657941702
442,2021,51,2021-12-04,Kilinochchi,0.5713235500128933
442,2021,51,2021-12-04,Kurunegala,0.7825827522382451
442,2021,51,2021-12-04,Mannar,0.7499026711309524
442,2021,51,2021-12-04,Matale,0.7384729955474438
442,2021,51,2021-12-04,Matara,0.8322469623735872
442,2021,51,2021-12-04,Moneragala,0.8119816478286734
442,2021,51,2021-12-04,Mullaitivu,0.7764780305648913
442,2021,51,2021-12-04,NuwaraEliya,0.8247990426085664
442,2021,51,2021-12-04,Polonnaruwa,0.5493245296698394
442,2021,51,2021-12-04,Puttalam,0.7376363436942297
442,2021,51,2021-12-04,Ratnapura,0.8329477208506841
442,2021,51,2021-12-04,Trincomalee,0.7231509521819913
442,2021,51,2021-12-04,Vavuniya,0.7378791103485473
443,2021,52,2021-12-11,Ampara,0.7040994100309339
443,2021,52,2021-12-11,Anuradhapura,0.6973344921177871
443,2021,52,2021-12-11,Badulla,0.831259876933373
443,2021,52,2021-12-11,Batticaloa,0.6878003406052997
443,2021,52,2021-12-11,Colombo,0.6886846947501488
443,2021,52,2021-12-11,Galle,0.8098343062165378
443,2021,52,2021-12-11,Gampaha,0.7574239254907793
443,2021,52,2021-12-11,Hambantota,0.7363659801563439
443,2021,52,2021-12-11,Jaffna,0.46629273352501055
443,2021,52,2021-12-11,Kalutara,0.7685630000743605
443,2021,52,2021-12-11,Kandy,0.774129630800119
443,2021,52,2021-12-11,Kegalle,0.8522893924747175
443,2021,52,2021-12-11,Kilinochchi,0.5747378101918824
443,2021,52,2021-12-11,Kurunegala,0.782315111175142
443,2021,52,2021-12-11,Mannar,0.757758875231738
443,2021,52,2021-12-11,Matale,0.7284207368472654
443,2021,52,2021-12-11,Matara,0.8264038258477097
443,2021,52,2021-12-11,Moneragala,0.812393655190363
443,2021,52,2021-12-11,Mullaitivu,0.7609135033798619
443,2021,52,2021-12-11,NuwaraEliya,0.8219758923259965
443,2021,52,2021-12-11,Polonnaruwa,0.5367329100981558
443,2021,52,2021-12-11,Puttalam,0.7403329026621059
443,2021,52,2021-12-11,Ratnapura,0.8268044504759072
443,2021,52,2021-12-11,Trincomalee,0.6959207723128942
443,2021,52,2021-12-11,Vavuniya,0.7506870640692399
444,2021,53,2021-12-18,Ampara,0.7047534853480567
444,2021,53,2021-12-18,Anuradhapura,0.6817002044913743
444,2021,53,2021-12-18,Badulla,0.8439683280041642
444,2021,53,2021-12-18,Batticaloa,0.6561698280546513
444,2021,53,2021-12-18,Colombo,0.6841553335068412
444,2021,53,2021-12-18,Galle,0.8101964344140393
444,2021,53,2021-12-18,Gampaha,0.7574116931885783
444,2021,53,2021-12-18,Hambantota,0.7365476097414312
444,2021,53,2021-12-18,Jaffna,0.49090110320822217
444,2021,53,2021-12-18,Kalutara,0.7946014332986318
444,2021,53,2021-12-18,Kandy,0.7628131636674599
444,2021,53,2021-12-18,Kegalle,0.8457631209101726
444,2021,53,2021-12-18,Kilinochchi,0.5789462266078851
444,2021,53,2021-12-18,Kurunegala,0.7755374211699784
444,2021,53,2021-12-18,Mannar,0.7807905542666426
444,2021,53,2021-12-18,Matale,0.723312091494177
444,2021,53,2021-12-18,Matara,0.8246308707614516
444,2021,53,2021-12-18,Moneragala,0.8130481874628198
444,2021,53,2021-12-18,Mullaitivu,0.7602386053776806
444,2021,53,2021-12-18,NuwaraEliya,0.8219960886377157
444,2021,53,2021-12-18,Polonnaruwa,0.5799555417162403
444,2021,53,2021-12-18,Puttalam,0.7422960310083284
444,2021,53,2021-12-18,Ratnapura,0.8190821200178466
444,2021,53,2021-12-18,Trincomalee,0.7149935259916902
444,2021,53,2021-12-18,Vavuniya,0.7554048826839102
445,2022,1,2021-12-25,Ampara,0.70358896765585
445,2022,1,2021-12-25,Anuradhapura,0.66540981100993
445,2022,1,2021-12-25,Badulla,0.8476573010570632
445,2022,1,2021-12-25,Batticaloa,0.6332752201872448
445,2022,1,2021-12-25,Colombo,0.6823985059259599
445,2022,1,2021-12-25,Galle,0.8077209513567931
445,2022,1,2021-12-25,Gampaha,0.7576269276529539
445,2022,1,2021-12-25,Hambantota,0.7334155235159048
445,2022,1,2021-12-25,Jaffna,0.5003697653004168
445,2022,1,2021-12-25,Kalutara,0.8127291996522217
445,2022,1,2021-12-25,Kandy,0.7549132544730701
445,2022,1,2021-12-25,Kegalle,0.8403705143458565
445,2022,1,2021-12-25,Kilinochchi,0.5739454772697586
445,2022,1,2021-12-25,Kurunegala,0.768580466129632
445,2022,1,2021-12-25,Mannar,0.7825988551365104
445,2022,1,2021-12-25,Matale,0.72707385713632
445,2022,1,2021-12-25,Matara,0.8234903148309157
445,2022,1,2021-12-25,Moneragala,0.8139219878277583
445,2022,1,2021-12-25,Mullaitivu,0.7552549215210728
445,2022,1,2021-12-25,NuwaraEliya,0.8203285018075321
445,2022,1,2021-12-25,Polonnaruwa,0.6117969821077198
445,2022,1,2021-12-25,Puttalam,0.7414277330343659
445,2022,1,2021-12-25,Ratnapura,0.8141893492884273
445,2022,1,2021-12-25,Trincomalee,0.7215989858150288
445,2022,1,2021-12-25,Vavuniya,0.75080906305934
446,2022,2,2022-01-01,Ampara,0.6957562755961019
446,2022,2,2022-01-01,Anuradhapura,0.6467136960600376
446,2022,2,2022-01-01,Badulla,0.8182748547110237
446,2022,2,2022-01-01,Batticaloa,0.6424122628250584
446,2022,2,2022-01-01,Colombo,0.6908076351073079
446,2022,2,2022-01-01,Galle,0.7948408936988056
446,2022,2,2022-01-01,Gampaha,0.7586762069281107
446,2022,2,2022-01-01,Hambantota,0.7181331459847954
446,2022,2,2022-01-01,Jaffna,0.4543261662255488
446,2022,2,2022-01-01,Kalutara,0.8018511874799799
446,2022,2,2022-01-01,Kandy,0.759540724385668
446,2022,2,2022-01-01,Kegalle,0.839134679449046
446,2022,2,2022-01-01,Kilinochchi,0.5351777868331586
446,2022,2,2022-01-01,Kurunegala,0.7609662059602824
446,2022,2,2022-01-01,Mannar,0.7065881027345765
446,2022,2,2022-01-01,Matale,0.763360463094312
446,2022,2,2022-01-01,Matara,0.8246685558046951
446,2022,2,2022-01-01,Moneragala,0.8155997711984625
446,2022,2,2022-01-01,Mullaitivu,0.7344723561982338
446,2022,2,2022-01-01,NuwaraEliya,0.8124723767903721
446,2022,2,2022-01-01,Polonnaruwa,0.6019073880016474
446,2022,2,2022-01-01,Puttalam,0.7301775385530591
446,2022,2,2022-01-01,Ratnapura,0.8196716308973597
446,2022,2,2022-01-01,Trincomalee,0.682491034835024
446,2022,2,2022-01-01,Vavuniya,0.7120632365575552
447,2022,3,2022-01-08,Ampara,0.7001056630514385
447,2022,3,2022-01-08,Anuradhapura,0.6482093954491375
447,2022,3,2022-01-08,Badulla,0.8071351260410471
447,2022,3,2022-01-08,Batticaloa,0.6540275268958986
447,2022,3,2022-01-08,Colombo,0.6912253364812612
447,2022,3,2022-01-08,Galle,0.788477377676978
447,2022,3,2022-01-08,Gampaha,0.7491755595627603
447,2022,3,2022-01-08,Hambantota,0.7092542778530453
447,2022,3,2022-01-08,Jaffna,0.4301697806085044
447,2022,3,2022-01-08,Kalutara,0.796830238697204
447,2022,3,2022-01-08,Kandy,0.7592443709101726
447,2022,3,2022-01-08,Kegalle,0.8354863604253422
447,2022,3,2022-01-08,Kilinochchi,0.5052122234120863
447,2022,3,2022-01-08,Kurunegala,0.7414339902137788
447,2022,3,2022-01-08,Mannar,0.6823379055059524
447,2022,3,2022-01-08,Matale,0.7895719363474124
447,2022,3,2022-01-08,Matara,0.8238498605740632
447,2022,3,2022-01-08,Moneragala,0.8154999460886377
447,2022,3,2022-01-08,Mullaitivu,0.733192779595479
447,2022,3,2022-01-08,NuwaraEliya,0.8077952818262939
447,2022,3,2022-01-08,Polonnaruwa,0.6232575085514575
447,2022,3,2022-01-08,Puttalam,0.7260339920434266
447,2022,3,2022-01-08,Ratnapura,0.8243044746430697
447,2022,3,2022-01-08,Trincomalee,0.6812557417000996
447,2022,3,2022-01-08,Vavuniya,0.6953040842504462
448,2022,4,2022-01-15,Ampara,0.7263827936339279
448,2022,4,2022-01-15,Anuradhapura,0.6860503606484236
448,2022,4,2022-01-15,Badulla,0.8288322891879835
448,2022,4,2022-01-15,Batticaloa,0.6701035895461868
448,2022,4,2022-01-15,Colombo,0.6772584678019037
448,2022,4,2022-01-15,Galle,0.793843636600238
448,2022,4,2022-01-15,Gampaha,0.7206850442444974
448,2022,4,2022-01-15,Hambantota,0.7119017266401421
448,2022,4,2022-01-15,Jaffna,0.44541037921554255
448,2022,4,2022-01-15,Kalutara,0.802352004015467
448,2022,4,2022-01-15,Kandy,0.7500851353361095
448,2022,4,2022-01-15,Kegalle,0.8274955699732304
448,2022,4,2022-01-15,Kilinochchi,0.4910904886189637
448,2022,4,2022-01-15,Kurunegala,0.7004494544283982
448,2022,4,2022-01-15,Mannar,0.7512567075892858
448,2022,4,2022-01-15,Matale,0.7976481707317074
448,2022,4,2022-01-15,Matara,0.8194366801754909
448,2022,4,2022-01-15,Moneragala,0.8122004257138609
448,2022,4,2022-01-15,Mullaitivu,0.7670185826888758
448,2022,4,2022-01-15,NuwaraEliya,0.8088404409577633
448,2022,4,2022-01-15,Polonnaruwa,0.7008391154818561
448,2022,4,2022-01-15,Puttalam,0.7346824118828079
448,2022,4,2022-01-15,Ratnapura,0.8274083302349793
448,2022,4,2022-01-15,Trincomalee,0.7481912326863197
448,2022,4,2022-01-15,Vavuniya,0.7181209454937537
449,2022,5,2022-01-22,Ampara,0.7498515578524687
449,2022,5,2022-01-22,Anuradhapura,0.7200838897977394
449,2022,5,2022-01-22,Badulla,0.848648271118382
449,2022,5,2022-01-22,Batticaloa,0.6828280074658987
449,2022,5,2022-01-22,Colombo,0.6633205513831053
449,2022,5,2022-01-22,Galle,0.7987139556067817
449,2022,5,2022-01-22,Gampaha,0.6920823691255206
449,2022,5,2022-01-22,Hambantota,0.7129723345272798
449,2022,5,2022-01-22,Jaffna,0.45862067198728185
449,2022,5,2022-01-22,Kalutara,0.8067397029298037
449,2022,5,2022-01-22,Kandy,0.739690002230815
449,2022,5,2022-01-22,Kegalle,0.8188109551606189
449,2022,5,2022-01-22,Kilinochchi,0.4766713731124698
449,2022,5,2022-01-22,Kurunegala,0.6606914541195718
449,2022,5,2022-01-22,Mannar,0.814996728438582
449,2022,5,2022-01-22,Matale,0.8041411659726354
449,2022,5,2022-01-22,Matara,0.8141763124628199
449,2022,5,2022-01-22,Moneragala,0.8084015875966686
449,2022,5,2022-01-22,Mullaitivu,0.7984642920880429
449,2022,5,2022-01-22,NuwaraEliya,0.8090729959845331
449,2022,5,2022-01-22,Polonnaruwa,0.772843002676978
449,2022,5,2022-01-22,Puttalam,0.7413767679208805
449,2022,5,2022-01-22,Ratnapura,0.8291810808298633
449,2022,5,2022-01-22,Trincomalee,0.8100359291144902
449,2022,5,2022-01-22,Vavuniya,0.7378697278405711
450,2022,6,2022-01-29,Ampara,0.7368115593396788
450,2022,6,2022-01-29,Anuradhapura,0.704620750297442
450,2022,6,2022-01-29,Badulla,0.8440088972337895
450,2022,6,2022-01-29,Batticaloa,0.65198104388812
450,2022,6,2022-01-29,Colombo,0.6497590143515765
450,2022,6,2022-01-29,Galle,0.7971370556960143
450,2022,6,2022-01-29,Gampaha,0.6620216165972636
450,2022,6,2022-01-29,Hambantota,0.6935440107149522
450,2022,6,2022-01-29,Jaffna,0.4454369889001369
450,2022,6,2022-01-29,Kalutara,0.7963845385930993
450,2022,6,2022-01-29,Kandy,0.7132282012195121
450,2022,6,2022-01-29,Kegalle,0.8011066236615111
450,2022,6,2022-01-29,Kilinochchi,0.4583863083321485
450,2022,6,2022-01-29,Kurunegala,0.6368784150059489
450,2022,6,2022-01-29,Mannar,0.8114125932453956
450,2022,6,2022-01-29,Matale,0.7900520523497918
450,2022,6,2022-01-29,Matara,0.797902509666865
450,2022,6,2022-01-29,Moneragala,0.7981116188280786
450,2022,6,2022-01-29,Mullaitivu,0.798968783462225
450,2022,6,2022-01-29,NuwaraEliya,0.7987416976502082
450,2022,6,2022-01-29,Polonnaruwa,0.7723365333135039
450,2022,6,2022-01-29,Puttalam,0.7226682945419394
450,2022,6,2022-01-29,Ratnapura,0.8136494664634146
450,2022,6,2022-01-29,Trincomalee,0.8057002962880143
450,2022,6,2022-01-29,Vavuniya,0.7177334845330161
451,2022,7,2022-02-05,Ampara,0.7237715608268888
451,2022,7,2022-02-05,Anuradhapura,0.6891576107971445
451,2022,7,2022-02-05,Badulla,0.8393695233491969
451,2022,7,2022-02-05,Batticaloa,0.6211340803103412
451,2022,7,2022-02-05,Colombo,0.6361974773200476
451,2022,7,2022-02-05,Galle,0.7955601557852469
451,2022,7,2022-02-05,Gampaha,0.6319608640690066
451,2022,7,2022-02-05,Hambantota,0.6741156869026246
451,2022,7,2022-02-05,Jaffna,0.43225330581299193
451,2022,7,2022-02-05,Kalutara,0.786029374256395
451,2022,7,2022-02-05,Kandy,0.6867664002082093
451,2022,7,2022-02-05,Kegalle,0.7834022921624034
451,2022,7,2022-02-05,Kilinochchi,0.4401012435518271
451,2022,7,2022-02-05,Kurunegala,0.613065375892326
451,2022,7,2022-02-05,Mannar,0.8078284580522094
451,2022,7,2022-02-05,Matale,0.7759629387269483
451,2022,7,2022-02-05,Matara,0.7816287068709102
451,2022,7,2022-02-05,Moneragala,0.7878216500594883
451,2022,7,2022-02-05,Mullaitivu,0.799473274836407
451,2022,7,2022-02-05,NuwaraEliya,0.7884103993158834
451,2022,7,2022-02-05,Polonnaruwa,0.7718300639500298
451,2022,7,2022-02-05,Puttalam,0.7039598211629983
451,2022,7,2022-02-05,Ratnapura,0.7981178520969661
451,2022,7,2022-02-05,Trincomalee,0.8013646634615385
451,2022,7,2022-02-05,Vavuniya,0.6975972412254611
452,2022,8,2022-02-12,Ampara,0.713371995835812
452,2022,8,2022-02-12,Anuradhapura,0.6541251784651992
452,2022,8,2022-02-12,Badulla,0.8359964622992266
452,2022,8,2022-02-12,Batticaloa,0.5908345555668362
452,2022,8,2022-02-12,Colombo,0.6352460440214158
452,2022,8,2022-02-12,Galle,0.7947961704342653
452,2022,8,2022-02-12,Gampaha,0.6334798371505057
452,2022,8,2022-02-12,Hambantota,0.6677399373117043
452,2022,8,2022-02-12,Jaffna,0.4252129994828902
452,2022,8,2022-02-12,Kalutara,0.775401622917906
452,2022,8,2022-02-12,Kandy,0.6915790396341464
452,2022,8,2022-02-12,Kegalle,0.7992179617787032
452,2022,8,2022-02-12,Kilinochchi,0.4396335205896963
452,2022,8,2022-02-12,Kurunegala,0.6058797362932651
452,2022,8,2022-02-12,Mannar,0.796397954576292
452,2022,8,2022-02-12,Matale,0.774950083320276
452,2022,8,2022-02-12,Matara,0.7947404576888757
452,2022,8,2022-02-12,Moneragala,0.7809040303390838
452,2022,8,2022-02-12,Mullaitivu,0.7881834399167164
452,2022,8,2022-02-12,NuwaraEliya,0.7925417943188579
452,2022,8,2022-02-12,Polonnaruwa,0.7666983064396193
452,2022,8,2022-02-12,Puttalam,0.6992622583283761
452,2022,8,2022-02-12,Ratnapura,0.8090747620464009
452,2022,8,2022-02-12,Trincomalee,0.7763351885229488
452,2022,8,2022-02-12,Vavuniya,0.6853751821832244
453,2022,9,2022-02-19,Ampara,0.7036925490779299
453,2022,9,2022-02-19,Anuradhapura,0.6137556662700774
453,2022,9,2022-02-19,Badulla,0.8329687592950624
453,2022,9,2022-02-19,Batticaloa,0.5606843323235875
453,2022,9,2022-02-19,Colombo,0.6377337299226651
453,2022,9,2022-02-19,Galle,0.7942538890541344
453,2022,9,2022-02-19,Gampaha,0.6436114626710291
453,2022,9,2022-02-19,Hambantota,0.6649239806902588
453,2022,9,2022-02-19,Jaffna,0.419848159541073
453,2022,9,2022-02-19,Kalutara,0.7646995296698395
453,2022,9,2022-02-19,Kandy,0.7049210719066032
453,2022,9,2022-02-19,Kegalle,0.8241754498810233
453,2022,9,2022-02-19,Kilinochchi,0.44402507266889024
453,2022,9,2022-02-19,Kurunegala,0.6032288420163574
453,2022,9,2022-02-19,Mannar,0.7828275324778117
453,2022,9,2022-02-19,Matale,0.7775034801543778
453,2022,9,2022-02-19,Matara,0.8158664504015467
453,2022,9,2022-02-19,Moneragala,0.7749061421772754
453,2022,9,2022-02-19,Mullaitivu,0.7736769705532422
453,2022,9,2022-02-19,NuwaraEliya,0.8006175602320047
453,2022,9,2022-02-19,Polonnaruwa,0.7603051067073171
453,2022,9,2022-02-19,Puttalam,0.6983858529149317
453,2022,9,2022-02-19,Ratnapura,0.8272558149910768
453,2022,9,2022-02-19,Trincomalee,0.7456619384628734
453,2022,9,2022-02-19,Vavuniya,0.6753115370315289
454,2022,10,2022-02-26,Ampara,0.7009855015615706
454,2022,10,2022-02-26,Anuradhapura,0.5924296103509816
454,2022,10,2022-02-26,Badulla,0.8267940232748364
454,2022,10,2022-02-26,Batticaloa,0.5637903777513386
454,2022,10,2022-02-26,Colombo,0.6399325903480071
454,2022,10,2022-02-26,Galle,0.7589859886228436
454,2022,10,2022-02-26,Gampaha,0.61949623364069
454,2022,10,2022-02-26,Hambantota,0.6473823146195843
454,2022,10,2022-02-26,Jaffna,0.4164552856613862
454,2022,10,2022-02-26,Kalutara,0.762396395374777
454,2022,10,2022-02-26,Kandy,0.7092545471445568
454,2022,10,2022-02-26,Kegalle,0.8336540526472339
454,2022,10,2022-02-26,Kilinochchi,0.44342042369180346
454,2022,10,2022-02-26,Kurunegala,0.5953166636255186
454,2022,10,2022-02-26,Mannar,0.7760804746494246
454,2022,10,2022-02-26,Matale,0.7778245390478935
454,2022,10,2022-02-26,Matara,0.8204560622397382
454,2022,10,2022-02-26,Moneragala,0.7636314470553243
454,2022,10,2022-02-26,Mullaitivu,0.7617705290749555
454,2022,10,2022-02-26,NuwaraEliya,0.8003588340273646
454,2022,10,2022-02-26,Polonnaruwa,0.7254035116745984
454,2022,10,2022-02-26,Puttalam,0.6938992656900655
454,2022,10,2022-02-26,Ratnapura,0.8349397047888163
454,2022,10,2022-02-26,Trincomalee,0.7396830187489444
454,2022,10,2022-02-26,Vavuniya,0.6652260298929209
455,2022,11,2022-03-05,Ampara,0.7052508532867342
455,2022,11,2022-03-05,Anuradhapura,0.590147010707912
455,2022,11,2022-03-05,Badulla,0.8174722542385485
455,2022,11,2022-03-05,Batticaloa,0.6001526918500892
455,2022,11,2022-03-05,Colombo,0.641842625297442
455,2022,11,2022-03-05,Galle,0.6889924691403927
455,2022,11,2022-03-05,Gampaha,0.5611341500594884
455,2022,11,2022-03-05,Hambantota,0.6151149390996808
455,2022,11,2022-03-05,Jaffna,0.4150343778438298
455,2022,11,2022-03-05,Kalutara,0.7684922200327187
455,2022,11,2022-03-05,Kandy,0.7045794653480072
455,2022,11,2022-03-05,Kegalle,0.827653770077335
455,2022,11,2022-03-05,Kilinochchi,0.4378195736584361
455,2022,11,2022-03-05,Kurunegala,0.5821432011207487
455,2022,11,2022-03-05,Mannar,0.7761567810911311
455,2022,11,2022-03-05,Matale,0.7759132600008234
455,2022,11,2022-03-05,Matara,0.8085092932034503
455,2022,11,2022-03-05,Moneragala,0.7470799449732303
455,2022,11,2022-03-05,Mullaitivu,0.7524641154818561
455,2022,11,2022-03-05,NuwaraEliya,0.7917656157049375
455,2022,11,2022-03-05,Polonnaruwa,0.6619935213414634
455,2022,11,2022-03-05,Puttalam,0.6858024966537776
455,2022,11,2022-03-05,Ratnapura,0.8321264314396194
455,2022,11,2022-03-05,Trincomalee,0.7583984293811615
455,2022,11,2022-03-05,Vavuniya,0.6551186607674003
456,2022,12,2022-03-12,Ampara,0.7045454361243308
456,2022,12,2022-03-12,Anuradhapura,0.5910364682480667
456,2022,12,2022-03-12,Badulla,0.8125491169690661
456,2022,12,2022-03-12,Batticaloa,0.6239895709399168
456,2022,12,2022-03-12,Colombo,0.6404835681885782
456,2022,12,2022-03-12,Galle,0.6429391247769185
456,2022,12,2022-03-12,Gampaha,0.5264815084027364
456,2022,12,2022-03-12,Hambantota,0.597835865854943
456,2022,12,2022-03-12,Jaffna,0.41635904195670903
456,2022,12,2022-03-12,Kalutara,0.7739106577186199
456,2022,12,2022-03-12,Kandy,0.7004382120017847
456,2022,12,2022-03-12,Kegalle,0.8251571162998216
456,2022,12,2022-03-12,Kilinochchi,0.4362545699361534
456,2022,12,2022-03-12,Kurunegala,0.5735331722189173
456,2022,12,2022-03-12,Mannar,0.7646568461982608
456,2022,12,2022-03-12,Matale,0.7730703580458061
456,2022,12,2022-03-12,Matara,0.7968081926680548
456,2022,12,2022-03-12,Moneragala,0.7354804450475908
456,2022,12,2022-03-12,Mullaitivu,0.7303570345032718
456,2022,12,2022-03-12,NuwaraEliya,0.7824740797888161
456,2022,12,2022-03-12,Polonnaruwa,0.6062854420731707
456,2022,12,2022-03-12,Puttalam,0.673621244794765
456,2022,12,2022-03-12,Ratnapura,0.8270639556067818
456,2022,12,2022-03-12,Trincomalee,0.7716974157014574
456,2022,12,2022-03-12,Vavuniya,0.648043376338489
457,2022,13,2022-03-19,Ampara,0.6856138663741821
457,2022,13,2022-03-19,Anuradhapura,0.6035568021267103
457,2022,13,2022-03-19,Badulla,0.8237542961778703
457,2022,13,2022-03-19,Batticaloa,0.6018998549970256
457,2022,13,2022-03-19,Colombo,0.6271378401992862
457,2022,13,2022-03-19,Galle,0.6846664225163593
457,2022,13,2022-03-19,Gampaha,0.5787634871356335
457,2022,13,2022-03-19,Hambantota,0.6355139009524787
457,2022,13,2022-03-19,Jaffna,0.42775080314785213
457,2022,13,2022-03-19,Kalutara,0.7768453431737061
457,2022,13,2022-03-19,Kandy,0.6982543296400953
457,2022,13,2022-03-19,Kegalle,0.8355071014277217
457,2022,13,2022-03-19,Kilinochchi,0.4494876693545146
457,2022,13,2022-03-19,Kurunegala,0.5816557331945271
457,2022,13,2022-03-19,Mannar,0.7107106930786098
457,2022,13,2022-03-19,Matale,0.7668115054283166
457,2022,13,2022-03-19,Matara,0.7860078766359311
457,2022,13,2022-03-19,Moneragala,0.7420382863622844
457,2022,13,2022-03-19,Mullaitivu,0.6613141731112433
457,2022,13,2022-03-19,NuwaraEliya,0.7706220460291493
457,2022,13,2022-03-19,Polonnaruwa,0.5788177033759667
457,2022,13,2022-03-19,Puttalam,0.6464635559190958
457,2022,13,2022-03-19,Ratnapura,0.813754404000595
457,2022,13,2022-03-19,Trincomalee,0.7651361795447085
457,2022,13,2022-03-19,Vavuniya,0.6520857357971446
458,2022,14,2022-03-26,Ampara,0.6666822966240334
458,2022,14,2022-03-26,Anuradhapura,0.616077136005354
458,2022,14,2022-03-26,Badulla,0.8349594753866746
458,2022,14,2022-03-26,Batticaloa,0.5798101390541345
458,2022,14,2022-03-26,Colombo,0.6137921122099941
458,2022,14,2022-03-26,Galle,0.7263937202558002
458,2022,14,2022-03-26,Gampaha,0.6310454658685306
458,2022,14,2022-03-26,Hambantota,0.6731919360500146
458,2022,14,2022-03-26,Jaffna,0.43914256433899523
458,2022,14,2022-03-26,Kalutara,0.7797800286287924
458,2022,14,2022-03-26,Kandy,0.6960704472784057
458,2022,14,2022-03-26,Kegalle,0.8458570865556216
458,2022,14,2022-03-26,Kilinochchi,0.4627207687728758
458,2022,14,2022-03-26,Kurunegala,0.5897782941701368
458,2022,14,2022-03-26,Mannar,0.6567645399589587
458,2022,14,2022-03-26,Matale,0.760552652810827
458,2022,14,2022-03-26,Matara,0.7752075606038072
458,2022,14,2022-03-26,Moneragala,0.748596127676978
458,2022,14,2022-03-26,Mullaitivu,0.5922713117192149
458,2022,14,2022-03-26,NuwaraEliya,0.7587700122694825
458,2022,14,2022-03-26,Polonnaruwa,0.5513499646787627
458,2022,14,2022-03-26,Puttalam,0.6193058670434265
458,2022,14,2022-03-26,Ratnapura,0.8004448523944081
458,2022,14,2022-03-26,Trincomalee,0.7585749433879596
458,2022,14,2022-03-26,Vavuniya,0.6561280952558002
459,2022,15,2022-04-02,Ampara,0.6687757956573469
459,2022,15,2022-04-02,Anuradhapura,0.6101858380428317
459,2022,15,2022-04-02,Badulla,0.838438243604997
459,2022,15,2022-04-02,Batticaloa,0.5801143429449966
459,2022,15,2022-04-02,Colombo,0.6060738771564546
459,2022,15,2022-04-02,Galle,0.7506125613474123
459,2022,15,2022-04-02,Gampaha,0.613027996728138
459,2022,15,2022-04-02,Hambantota,0.6875730961682248
459,2022,15,2022-04-02,Jaffna,0.46200049485192823
459,2022,15,2022-04-02,Kalutara,0.7627664373884593
459,2022,15,2022-04-02,Kandy,0.7200148200475908
459,2022,15,2022-04-02,Kegalle,0.8501420081052945
459,2022,15,2022-04-02,Kilinochchi,0.4599902416104196
459,2022,15,2022-04-02,Kurunegala,0.6175453797924719
459,2022,15,2022-04-02,Mannar,0.6850325197055325
459,2022,15,2022-04-02,Matale,0.7441204881766805
459,2022,15,2022-04-02,Matara,0.7862456833729923
459,2022,15,2022-04-02,Moneragala,0.7521865314544914
459,2022,15,2022-04-02,Mullaitivu,0.6371325917995649
459,2022,15,2022-04-02,NuwaraEliya,0.7632153703152885
459,2022,15,2022-04-02,Polonnaruwa,0.5578194229625223
459,2022,15,2022-04-02,Puttalam,0.6467348862284354
459,2022,15,2022-04-02,Ratnapura,0.8163316255205235
459,2022,15,2022-04-02,Trincomalee,0.7477596477649773
459,2022,15,2022-04-02,Vavuniya,0.655112726799524
460,2022,16,2022-04-09,Ampara,0.6724866076740036
460,2022,16,2022-04-09,Anuradhapura,0.6028782607079121
460,2022,16,2022-04-09,Badulla,0.8413226725163593
460,2022,16,2022-04-09,Batticaloa,0.5821411560538399
460,2022,16,2022-04-09,Colombo,0.5987885261748959
460,2022,16,2022-04-09,Galle,0.7734845980814992
460,2022,16,2022-04-09,Gampaha,0.5896028777513385
460,2022,16,2022-04-09,Hambantota,0.700162188980333
460,2022,16,2022-04-09,Jaffna,0.48574043838961434
460,2022,16,2022-04-09,Kalutara,0.7442183633254016
460,2022,16,2022-04-09,Kandy,0.7459690585960738
460,2022,16,2022-04-09,Kegalle,0.853960386302796
460,2022,16,2022-04-09,Kilinochchi,0.456031743172516
460,2022,16,2022-04-09,Kurunegala,0.6468235826953244
460,2022,16,2022-04-09,Mannar,0.7196246635187389
460,2022,16,2022-04-09,Matale,0.7269057610797145
460,2022,16,2022-04-09,Matara,0.7989636860499704
460,2022,16,2022-04-09,Moneragala,0.7555486708060678
460,2022,16,2022-04-09,Mullaitivu,0.6907557289162518
460,2022,16,2022-04-09,NuwaraEliya,0.7689143738845925
460,2022,16,2022-04-09,Polonnaruwa,0.5668994348602022
460,2022,16,2022-04-09,Puttalam,0.6783628829565735
460,2022,16,2022-04-09,Ratnapura,0.834464269779893
460,2022,16,2022-04-09,Trincomalee,0.7366171167984383
460,2022,16,2022-04-09,Vavuniya,0.6537083023497918
461,2022,17,2022-04-16,Ampara,0.6732460347163944
461,2022,17,2022-04-16,Anuradhapura,0.6274227896341464
461,2022,17,2022-04-16,Badulla,0.8491069750148722
461,2022,17,2022-04-16,Batticaloa,0.594770601201199
461,2022,17,2022-04-16,Colombo,0.586050003718025
461,2022,17,2022-04-16,Galle,0.7430200736168947
461,2022,17,2022-04-16,Gampaha,0.604003022754313
461,2022,17,2022-04-16,Hambantota,0.709190703148404
461,2022,17,2022-04-16,Jaffna,0.48595184260978846
461,2022,17,2022-04-16,Kalutara,0.7458697111094588
461,2022,17,2022-04-16,Kandy,0.7565020802349792
461,2022,17,2022-04-16,Kegalle,0.845578905785247
461,2022,17,2022-04-16,Kilinochchi,0.4568402431931169
461,2022,17,2022-04-16,Kurunegala,0.6698163514524936
461,2022,17,2022-04-16,Mannar,0.7491990463265914
461,2022,17,2022-04-16,Matale,0.727957627528257
461,2022,17,2022-04-16,Matara,0.8018530971148127
461,2022,17,2022-04-16,Moneragala,0.7703672218917311
461,2022,17,2022-04-16,Mullaitivu,0.7259970741944619
461,2022,17,2022-04-16,NuwaraEliya,0.7509928265654213
461,2022,17,2022-04-16,Polonnaruwa,0.58991437202558
461,2022,17,2022-04-16,Puttalam,0.7046152401844141
461,2022,17,2022-04-16,Ratnapura,0.8319722207763236
461,2022,17,2022-04-16,Trincomalee,0.7488661386731642
461,2022,17,2022-04-16,Vavuniya,0.6704685455086258
462,2022,18,2022-04-23,Ampara,0.6723658034397485
462,2022,18,2022-04-23,Anuradhapura,0.6696629331499108
462,2022,18,2022-04-23,Badulla,0.8596134295062463
462,2022,18,2022-04-23,Batticaloa,0.613290397481067
462,2022,18,2022-04-23,Colombo,0.5702819415526473
462,2022,18,2022-04-23,Galle,0.6829241262641286
462,2022,18,2022-04-23,Gampaha,0.6394172033016062
462,2022,18,2022-04-23,Hambantota,0.7162411180697879
462,2022,18,2022-04-23,Jaffna,0.47309183609801153
462,2022,18,2022-04-23,Kalutara,0.7587429599196907
462,2022,18,2022-04-23,Kandy,0.7584677591463416
462,2022,18,2022-04-23,Kegalle,0.8304197259815587
462,2022,18,2022-04-23,Kilinochchi,0.46029707569066486
462,2022,18,2022-04-23,Kurunegala,0.6893172123509499
462,2022,18,2022-04-23,Mannar,0.7759857841314693
462,2022,18,2022-04-23,Matale,0.7391576015020821
462,2022,18,2022-04-23,Matara,0.7992821795062464
462,2022,18,2022-04-23,Moneragala,0.7915504461629983
462,2022,18,2022-04-23,Mullaitivu,0.7510263128957405
462,2022,18,2022-04-23,NuwaraEliya,0.7199487509748751
462,2022,18,2022-04-23,Polonnaruwa,0.6206709343396788
462,2022,18,2022-04-23,Puttalam,0.7278811310232005
462,2022,18,2022-04-23,Ratnapura,0.8180220088488995
462,2022,18,2022-04-23,Trincomalee,0.7741104676819259
462,2022,18,2022-04-23,Vavuniya,0.6973202706722189
463,2022,19,2022-04-30,Ampara,0.6724520262937399
463,2022,19,2022-04-30,Anuradhapura,0.674614130353956
463,2022,19,2022-04-30,Badulla,0.8574055305621655
463,2022,19,2022-04-30,Batticaloa,0.6187813755942841
463,2022,19,2022-04-30,Colombo,0.5598839344140393
463,2022,19,2022-04-30,Galle,0.6261700884889947
463,2022,19,2022-04-30,Gampaha,0.6479153182629388
463,2022,19,2022-04-30,Hambantota,0.7042313652587746
463,2022,19,2022-04-30,Jaffna,0.4629994572278291
463,2022,19,2022-04-30,Kalutara,0.7563547014425938
463,2022,19,2022-04-30,Kandy,0.7341596798780489
463,2022,19,2022-04-30,Kegalle,0.77326065771862
463,2022,19,2022-04-30,Kilinochchi,0.4615301794371688
463,2022,19,2022-04-30,Kurunegala,0.7017938987209995
463,2022,19,2022-04-30,Mannar,0.7670927275431291
463,2022,19,2022-04-30,Matale,0.7047232616296724
463,2022,19,2022-04-30,Matara,0.7718498698691255
463,2022,19,2022-04-30,Moneragala,0.7995670564396193
463,2022,19,2022-04-30,Mullaitivu,0.7553019742712671
463,2022,19,2022-04-30,NuwaraEliya,0.6239931380097679
463,2022,19,2022-04-30,Polonnaruwa,0.6406044560529447
463,2022,19,2022-04-30,Puttalam,0.7363614868381916
463,2022,19,2022-04-30,Ratnapura,0.7618993549226651
463,2022,19,2022-04-30,Trincomalee,0.7805271794203265
463,2022,19,2022-04-30,Vavuniya,0.7105403312760261
464,2022,20,2022-05-07,Ampara,0.6742778665828784
464,2022,20,2022-05-07,Anuradhapura,0.6124452241969066
464,2022,20,2022-05-07,Badulla,0.8323117954342654
464,2022,20,2022-05-07,Batticaloa,0.6008204810075298
464,2022,20,2022-05-07,Colombo,0.5591520263236169
464,2022,20,2022-05-07,Galle,0.5754314879535991
464,2022,20,2022-05-07,Gampaha,0.607964515169542
464,2022,20,2022-05-07,Hambantota,0.6579133105294468
464,2022,20,2022-05-07,Jaffna,0.45788880811251675
464,2022,20,2022-05-07,Kalutara,0.7264957298483046
464,2022,20,2022-05-07,Kandy,0.6625588358863772
464,2022,20,2022-05-07,Kegalle,0.6405017902290304
464,2022,20,2022-05-07,Kilinochchi,0.4587605714317936
464,2022,20,2022-05-07,Kurunegala,0.7016270709399167
464,2022,20,2022-05-07,Mannar,0.6939760410469958
464,2022,20,2022-05-07,Matale,0.5881471568340397
464,2022,20,2022-05-07,Matara,0.6996670545806067
464,2022,20,2022-05-07,Moneragala,0.7838837615258775
464,2022,20,2022-05-07,Mullaitivu,0.7222211964604403
464,2022,20,2022-05-07,NuwaraEliya,0.41119675777045095
464,2022,20,2022-05-07,Polonnaruwa,0.6410565046847115
464,2022,20,2022-05-07,Puttalam,0.7182278796103511
464,2022,20,2022-05-07,Ratnapura,0.6298663053985722
464,2022,20,2022-05-07,Trincomalee,0.753054180072077
464,2022,20,2022-05-07,Vavuniya,0.6992233956722189
465,2022,21,2022-05-14,Ampara,0.6757559730071386
465,2022,21,2022-05-14,Anuradhapura,0.5538487563206425
465,2022,21,2022-05-14,Badulla,0.8088722263533611
465,2022,21,2022-05-14,Batticaloa,0.583462968589903
465,2022,21,2022-05-14,Colombo,0.5544943374479476
465,2022,21,2022-05-14,Galle,0.5324668761154076
465,2022,21,2022-05-14,Gampaha,0.5670650747323022
465,2022,21,2022-05-14,Hambantota,0.6171082149762047
465,2022,21,2022-05-14,Jaffna,0.45305949220701514
465,2022,21,2022-05-14,Kalutara,0.6988065195568114
465,2022,21,2022-05-14,Kandy,0.6018884666864962
465,2022,21,2022-05-14,Kegalle,0.5257449453450328
465,2022,21,2022-05-14,Kilinochchi,0.45490298020390707
465,2022,21,2022-05-14,Kurunegala,0.6985358439941075
465,2022,21,2022-05-14,Mannar,0.6296703027473857
465,2022,21,2022-05-14,Matale,0.4854356713901076
465,2022,21,2022-05-14,Matara,0.6357553353658536
465,2022,21,2022-05-14,Moneragala,0.7699131432183224
465,2022,21,2022-05-14,Mullaitivu,0.6925708729922665
465,2022,21,2022-05-14,NuwaraEliya,0.22923638459250448
465,2022,21,2022-05-14,Polonnaruwa,0.641141255205235
465,2022,21,2022-05-14,Puttalam,0.698202641656752
465,2022,21,2022-05-14,Ratnapura,0.5122008402736467
465,2022,21,2022-05-14,Trincomalee,0.7276955386390709
465,2022,21,2022-05-14,Vavuniya,0.6864844419244498
466,2022,22,2022-05-21,Ampara,0.6727135391879834
466,2022,22,2022-05-21,Anuradhapura,0.5416939860945865
466,2022,22,2022-05-21,Badulla,0.8069368158834027
466,2022,22,2022-05-21,Batticaloa,0.5739494243709324
466,2022,22,2022-05-21,Colombo,0.498801498364069
466,2022,22,2022-05-21,Galle,0.5905641173408686
466,2022,22,2022-05-21,Gampaha,0.5138333488251041
466,2022,22,2022-05-21,Hambantota,0.6479715887120762
466,2022,22,2022-05-21,Jaffna,0.4518875080290528
466,2022,22,2022-05-21,Kalutara,0.6993242062016657
466,2022,22,2022-05-21,Kandy,0.683314269779893
466,2022,22,2022-05-21,Kegalle,0.64501439433373
466,2022,22,2022-05-21,Kilinochchi,0.436901607083373
466,2022,22,2022-05-21,Kurunegala,0.6574274279068534
466,2022,22,2022-05-21,Mannar,0.6799068910025746
466,2022,22,2022-05-21,Matale,0.5629642375182803
466,2022,22,2022-05-21,Matara,0.6793678651100535
466,2022,22,2022-05-21,Moneragala,0.7782073207911957
466,2022,22,2022-05-21,Mullaitivu,0.7075164559785841
466,2022,22,2022-05-21,NuwaraEliya,0.44814410321237363
466,2022,22,2022-05-21,Polonnaruwa,0.6364511302795955
466,2022,22,2022-05-21,Puttalam,0.6535862042682927
466,2022,22,2022-05-21,Ratnapura,0.5813139723378942
466,2022,22,2022-05-21,Trincomalee,0.7298235501042287
466,2022,22,2022-05-21,Vavuniya,0.6552592523051755
467,2022,23,2022-05-28,Ampara,0.6696711053688281
467,2022,23,2022-05-28,Anuradhapura,0.5295392158685306
467,2022,23,2022-05-28,Badulla,0.8050014054134444
467,2022,23,2022-05-28,Batticaloa,0.5644358801519618
467,2022,23,2022-05-28,Colombo,0.4431086592801904
467,2022,23,2022-05-28,Galle,0.6486613585663297
467,2022,23,2022-05-28,Gampaha,0.460601622917906
467,2022,23,2022-05-28,Hambantota,0.6788349624479477
467,2022,23,2022-05-28,Jaffna,0.45071552385109054
467,2022,23,2022-05-28,Kalutara,0.69984189284652
467,2022,23,2022-05-28,Kandy,0.7647400728732898
467,2022,23,2022-05-28,Kegalle,0.7642838433224273
467,2022,23,2022-05-28,Kilinochchi,0.41890023396283893
467,2022,23,2022-05-28,Kurunegala,0.6163190118195992
467,2022,23,2022-05-28,Mannar,0.7301434792577635
467,2022,23,2022-05-28,Matale,0.640492803646453
467,2022,23,2022-05-28,Matara,0.7229803948542535
467,2022,23,2022-05-28,Moneragala,0.786501498364069
467,2022,23,2022-05-28,Mullaitivu,0.7224620389649018
467,2022,23,2022-05-28,NuwaraEliya,0.6670518218322428
467,2022,23,2022-05-28,Polonnaruwa,0.631761005353956
467,2022,23,2022-05-28,Puttalam,0.6089697668798334
467,2022,23,2022-05-28,Ratnapura,0.6504271044021417
467,2022,23,2022-05-28,Trincomalee,0.7319515615693866
467,2022,23,2022-05-28,Vavuniya,0.6240340626859012
468,2022,24,2022-06-04,Ampara,0.6818677368381916
468,2022,24,2022-06-04,Anuradhapura,0.535976494646044
468,2022,24,2022-06-04,Badulla,0.7862969251933374
468,2022,24,2022-06-04,Batticaloa,0.5564167292534206
468,2022,24,2022-06-04,Colombo,0.47069802015169543
468,2022,24,2022-06-04,Galle,0.6632542255353957
468,2022,24,2022-06-04,Gampaha,0.5136785414187983
468,2022,24,2022-06-04,Hambantota,0.668988124639263
468,2022,24,2022-06-04,Jaffna,0.430715503003003
468,2022,24,2022-06-04,Kalutara,0.6732275412700774
468,2022,24,2022-06-04,Kandy,0.7627244385782274
468,2022,24,2022-06-04,Kegalle,0.7847952260559191
468,2022,24,2022-06-04,Kilinochchi,0.42504769217612975
468,2022,24,2022-06-04,Kurunegala,0.6127896605954721
468,2022,24,2022-06-04,Mannar,0.7297062279467249
468,2022,24,2022-06-04,Matale,0.6105302126710291
468,2022,24,2022-06-04,Matara,0.7195947129684712
468,2022,24,2022-06-04,Moneragala,0.7756586369720405
468,2022,24,2022-06-04,Mullaitivu,0.7239546865704938
468,2022,24,2022-06-04,NuwaraEliya,0.7340228993158834
468,2022,24,2022-06-04,Polonnaruwa,0.5939125836555622
468,2022,24,2022-06-04,Puttalam,0.5908464139649019
468,2022,24,2022-06-04,Ratnapura,0.679763024241523
468,2022,24,2022-06-04,Trincomalee,0.7312346988534842
468,2022,24,2022-06-04,Vavuniya,0.6140185957019632
469,2022,25,2022-06-11,Ampara,0.6982204770226056
469,2022,25,2022-06-11,Anuradhapura,0.5474843322427128
469,2022,25,2022-06-11,Badulla,0.7630190623140988
469,2022,25,2022-06-11,Batticaloa,0.548805140169542
469,2022,25,2022-06-11,Colombo,0.5210007082837597
469,2022,25,2022-06-11,Galle,0.6659822631618085
469,2022,25,2022-06-11,Gampaha,0.5957487265764426
469,2022,25,2022-06-11,Hambantota,0.6480385018638813
469,2022,25,2022-06-11,Jaffna,0.40558056306306306
469,2022,25,2022-06-11,Kalutara,0.6392135429060084
469,2022,25,2022-06-11,Kandy,0.7379520486317669
469,2022,25,2022-06-11,Kegalle,0.7783725907198096
469,2022,25,2022-06-11,Kilinochchi,0.4377811952986455
469,2022,25,2022-06-11,Kurunegala,0.6195091452431071
469,2022,25,2022-06-11,Mannar,0.7154488385721697
469,2022,25,2022-06-11,Matale,0.5512518515764426
469,2022,25,2022-06-11,Matara,0.7033913370017847
469,2022,25,2022-06-11,Moneragala,0.7595965831350387
469,2022,25,2022-06-11,Mullaitivu,0.7217783517995241
469,2022,25,2022-06-11,NuwaraEliya,0.7595567110350981
469,2022,25,2022-06-11,Polonnaruwa,0.5470209901100536
469,2022,25,2022-06-11,Puttalam,0.5799484477245688
469,2022,25,2022-06-11,Ratnapura,0.6982506134741227
469,2022,25,2022-06-11,Trincomalee,0.7297419613609292
469,2022,25,2022-06-11,Vavuniya,0.6097875985276622
470,2022,26,2022-06-18,Ampara,0.6991693783462225
470,2022,26,2022-06-18,Anuradhapura,0.5559598862284355
470,2022,26,2022-06-18,Badulla,0.7619915489292088
470,2022,26,2022-06-18,Batticaloa,0.5329273386377157
470,2022,26,2022-06-18,Colombo,0.5699228639946461
470,2022,26,2022-06-18,Galle,0.6739489403628792
470,2022,26,2022-06-18,Gampaha,0.6541051234384295
470,2022,26,2022-06-18,Hambantota,0.6368021754968003
470,2022,26,2022-06-18,Jaffna,0.38715175858424217
470,2022,26,2022-06-18,Kalutara,0.6194531956424748
470,2022,26,2022-06-18,Kandy,0.6988324304729329
470,2022,26,2022-06-18,Kegalle,0.7506769538221296
470,2022,26,2022-06-18,Kilinochchi,0.44348192788137625
470,2022,26,2022-06-18,Kurunegala,0.6306349029595479
470,2022,26,2022-06-18,Mannar,0.6807989393731891
470,2022,26,2022-06-18,Matale,0.547712265764426
470,2022,26,2022-06-18,Matara,0.6967655153182629
470,2022,26,2022-06-18,Moneragala,0.7469068318709102
470,2022,26,2022-06-18,Mullaitivu,0.7256417162403332
470,2022,26,2022-06-18,NuwaraEliya,0.7725121895449137
470,2022,26,2022-06-18,Polonnaruwa,0.5399939879535991
470,2022,26,2022-06-18,Puttalam,0.614791874256395
470,2022,26,2022-06-18,Ratnapura,0.7187825587447948
470,2022,26,2022-06-18,Trincomalee,0.7323443589690025
470,2022,26,2022-06-18,Vavuniya,0.633236986912552
471,2022,27,2022-06-25,Ampara,0.6847144408090423
471,2022,27,2022-06-25,Anuradhapura,0.5614031566032124
471,2022,27,2022-06-25,Badulla,0.7832143850386676
471,2022,27,2022-06-25,Batticaloa,0.5087833246579417
471,2022,27,2022-06-25,Colombo,0.6174644872843547
471,2022,27,2022-06-25,Galle,0.687154257138608
471,2022,27,2022-06-25,Gampaha,0.688747732004759
471,2022,27,2022-06-25,Hambantota,0.63527914553802
471,2022,27,2022-06-25,Jaffna,0.37542908956654025
471,2022,27,2022-06-25,Kalutara,0.6139464994794765
471,2022,27,2022-06-25,Kandy,0.6453655841017252
471,2022,27,2022-06-25,Kegalle,0.7017083153628793
471,2022,27,2022-06-25,Kilinochchi,0.44214988992432197
471,2022,27,2022-06-25,Kurunegala,0.6461669337447948
471,2022,27,2022-06-25,Mannar,0.6257565303497832
471,2022,27,2022-06-25,Matale,0.5999114552349792
471,2022,27,2022-06-25,Matara,0.699717247917906
471,2022,27,2022-06-25,Moneragala,0.7375893831796551
471,2022,27,2022-06-25,Mullaitivu,0.735544779892921
471,2022,27,2022-06-25,NuwaraEliya,0.7728893348453302
471,2022,27,2022-06-25,Polonnaruwa,0.5728315771861987
471,2022,27,2022-06-25,Puttalam,0.6953766935603808
471,2022,27,2022-06-25,Ratnapura,0.7413588600535396
471,2022,27,2022-06-25,Trincomalee,0.7390418916777044
471,2022,27,2022-06-25,Vavuniya,0.6843667608566331
472,2022,28,2022-07-02,Ampara,0.6718396893480381
472,2022,28,2022-07-02,Anuradhapura,0.5697901658239143
472,2022,28,2022-07-02,Badulla,0.7945200327186199
472,2022,28,2022-07-02,Batticaloa,0.4869700438726948
472,2022,28,2022-07-02,Colombo,0.6452255800118978
472,2022,28,2022-07-02,Galle,0.6898463811780776
472,2022,28,2022-07-02,Gampaha,0.7043068058447353
472,2022,28,2022-07-02,Hambantota,0.6260673534296055
472,2022,28,2022-07-02,Jaffna,0.36583937152017704
472,2022,28,2022-07-02,Kalutara,0.6065182127453898
472,2022,28,2022-07-02,Kandy,0.6208145727989293
472,2022,28,2022-07-02,Kegalle,0.6758857766954194
472,2022,28,2022-07-02,Kilinochchi,0.4385581957439333
472,2022,28,2022-07-02,Kurunegala,0.6573696943783462
472,2022,28,2022-07-02,Mannar,0.5902935919839382
472,2022,28,2022-07-02,Matale,0.6405164187983343
472,2022,28,2022-07-02,Matara,0.7167559190957763
472,2022,28,2022-07-02,Moneragala,0.7310138515020822
472,2022,28,2022-07-02,Mullaitivu,0.741077905636526
472,2022,28,2022-07-02,NuwaraEliya,0.7748397958804284
472,2022,28,2022-07-02,Polonnaruwa,0.6092595683372992
472,2022,28,2022-07-02,Puttalam,0.7511208135038668
472,2022,28,2022-07-02,Ratnapura,0.7612111354848304
472,2022,28,2022-07-02,Trincomalee,0.7445064632873202
472,2022,28,2022-07-02,Vavuniya,0.7156985090719811
473,2022,29,2022-07-09,Ampara,0.6647589534996792
473,2022,29,2022-07-09,Anuradhapura,0.5889708841463415
473,2022,29,2022-07-09,Badulla,0.7694626561570495
473,2022,29,2022-07-09,Batticaloa,0.4737027848007138
473,2022,29,2022-07-09,Colombo,0.6004580606781678
473,2022,29,2022-07-09,Galle,0.6539901318512638
473,2022,29,2022-07-09,Gampaha,0.6498929190214159
473,2022,29,2022-07-09,Hambantota,0.5886634334391988
473,2022,29,2022-07-09,Jaffna,0.3640704737020558
473,2022,29,2022-07-09,Kalutara,0.5920440939173112
473,2022,29,2022-07-09,Kandy,0.7022882900803094
473,2022,29,2022-07-09,Kegalle,0.7349322705978585
473,2022,29,2022-07-09,Kilinochchi,0.42668109541131827
473,2022,29,2022-07-09,Kurunegala,0.6526984644556811
473,2022,29,2022-07-09,Mannar,0.6266220460291493
473,2022,29,2022-07-09,Matale,0.6386092207019631
473,2022,29,2022-07-09,Matara,0.7854466983938133
473,2022,29,2022-07-09,Moneragala,0.7344920155413446
473,2022,29,2022-07-09,Mullaitivu,0.7305879257138609
473,2022,29,2022-07-09,NuwaraEliya,0.7825590812760262
473,2022,29,2022-07-09,Polonnaruwa,0.658852366522903
473,2022,29,2022-07-09,Puttalam,0.7157823691255205
473,2022,29,2022-07-09,Ratnapura,0.7710753160321238
473,2022,29,2022-07-09,Trincomalee,0.74545017753362
473,2022,29,2022-07-09,Vavuniya,0.674437496281975
474,2022,30,2022-07-16,Ampara,0.6576782176513203
474,2022,30,2022-07-16,Anuradhapura,0.6081516024687685
474,2022,30,2022-07-16,Badulla,0.744405279595479
474,2022,30,2022-07-16,Batticaloa,0.46043552572873286
474,2022,30,2022-07-16,Colombo,0.5556905413444378
474,2022,30,2022-07-16,Galle,0.61813388252445
474,2022,30,2022-07-16,Gampaha,0.5954790321980964
474,2022,30,2022-07-16,Hambantota,0.5512595134487921
474,2022,30,2022-07-16,Jaffna,0.3623015758839345
474,2022,30,2022-07-16,Kalutara,0.5775699750892327
474,2022,30,2022-07-16,Kandy,0.7837620073616895
474,2022,30,2022-07-16,Kegalle,0.7939787645002975
474,2022,30,2022-07-16,Kilinochchi,0.4148039950787033
474,2022,30,2022-07-16,Kurunegala,0.648027234533016
474,2022,30,2022-07-16,Mannar,0.6629505000743605
474,2022,30,2022-07-16,Matale,0.6367020226055919
474,2022,30,2022-07-16,Matara,0.8541374776918502
474,2022,30,2022-07-16,Moneragala,0.7379701795806068
474,2022,30,2022-07-16,Mullaitivu,0.7200979457911958
474,2022,30,2022-07-16,NuwaraEliya,0.7902783666716241
474,2022,30,2022-07-16,Polonnaruwa,0.7084451647085068
474,2022,30,2022-07-16,Puttalam,0.6804439247471743
474,2022,30,2022-07-16,Ratnapura,0.780939496579417
474,2022,30,2022-07-16,Trincomalee,0.7463938917799198
474,2022,30,2022-07-16,Vavuniya,0.6331764834919691
475,2022,31,2022-07-23,Ampara,0.6620359013656526
475,2022,31,2022-07-23,Anuradhapura,0.6384832911957168
475,2022,31,2022-07-23,Badulla,0.7799596296847116
475,2022,31,2022-07-23,Batticaloa,0.4597746970630442
475,2022,31,2022-07-23,Colombo,0.5458368140243903
475,2022,31,2022-07-23,Galle,0.6145956566669879
475,2022,31,2022-07-23,Gampaha,0.5852995352468768
475,2022,31,2022-07-23,Hambantota,0.6026663877434638
475,2022,31,2022-07-23,Jaffna,0.39741705846895725
475,2022,31,2022-07-23,Kalutara,0.6084361498125054
475,2022,31,2022-07-23,Kandy,0.7751507892703985
475,2022,31,2022-07-23,Kegalle,0.7059103156603213
475,2022,31,2022-07-23,Kilinochchi,0.38684569445074796
475,2022,31,2022-07-23,Kurunegala,0.6548292521668304
475,2022,31,2022-07-23,Mannar,0.6930339846229332
475,2022,31,2022-07-23,Matale,0.6548402290303391
475,2022,31,2022-07-23,Matara,0.8207553706870911
475,2022,31,2022-07-23,Moneragala,0.7502254219958359
475,2022,31,2022-07-23,Mullaitivu,0.6699569025133849
475,2022,31,2022-07-23,NuwaraEliya,0.8061466500594884
475,2022,31,2022-07-23,Polonnaruwa,0.7376914838637716
475,2022,31,2022-07-23,Puttalam,0.6923756525133848
475,2022,31,2022-07-23,Ratnapura,0.7811434098007138
475,2022,31,2022-07-23,Trincomalee,0.751335430248003
475,2022,31,2022-07-23,Vavuniya,0.6407058540303391
476,2022,32,2022-07-30,Ampara,0.6672734635078841
476,2022,32,2022-07-30,Anuradhapura,0.6696727468768591
476,2022,32,2022-07-30,Badulla,0.8201764202855444
476,2022,32,2022-07-30,Batticaloa,0.4600835938132242
476,2022,32,2022-07-30,Colombo,0.5386687630130875
476,2022,32,2022-07-30,Galle,0.6135434326148608
476,2022,32,2022-07-30,Gampaha,0.5785226836704342
476,2022,32,2022-07-30,Hambantota,0.6609048615985261
476,2022,32,2022-07-30,Jaffna,0.435369801084991
476,2022,32,2022-07-30,Kalutara,0.6427900394243435
476,2022,32,2022-07-30,Kandy,0.7596099607658251
476,2022,32,2022-07-30,Kegalle,0.6065253327632362
476,2022,32,2022-07-30,Kilinochchi,0.3576503784154587
476,2022,32,2022-07-30,Kurunegala,0.6625138273049893
476,2022,32,2022-07-30,Mannar,0.7226370869025337
476,2022,32,2022-07-30,Matale,0.6745203896490185
476,2022,32,2022-07-30,Matara,0.7795215031975016
476,2022,32,2022-07-30,Moneragala,0.7631558242861393
476,2022,32,2022-07-30,Mullaitivu,0.6167657774390244
476,2022,32,2022-07-30,NuwaraEliya,0.8226417794467579
476,2022,32,2022-07-30,Polonnaruwa,0.7653726892474717
476,2022,32,2022-07-30,Puttalam,0.7079435473676383
476,2022,32,2022-07-30,Ratnapura,0.7806042255353957
476,2022,32,2022-07-30,Trincomalee,0.7565844936562234
476,2022,32,2022-07-30,Vavuniya,0.6519883309785842
477,2022,33,2022-08-06,Ampara,0.6707084138905414
477,2022,33,2022-08-06,Anuradhapura,0.6675781975014872
477,2022,33,2022-08-06,Badulla,0.8281543314991078
477,2022,33,2022-08-06,Batticaloa,0.45530354885706675
477,2022,33,2022-08-06,Colombo,0.527650498215348
477,2022,33,2022-08-06,Galle,0.6083451963117192
477,2022,33,2022-08-06,Gampaha,0.5772549524092802
477,2022,33,2022-08-06,Hambantota,0.6811408046137941
477,2022,33,2022-08-06,Jaffna,0.43550493507908117
477,2022,33,2022-08-06,Kalutara,0.6335212311044659
477,2022,33,2022-08-06,Kandy,0.7364736036765993
477,2022,33,2022-08-06,Kegalle,0.5997686068560382
477,2022,33,2022-08-06,Kilinochchi,0.35472585548663627
477,2022,33,2022-08-06,Kurunegala,0.6624870550508472
477,2022,33,2022-08-06,Mannar,0.7192286910947356
477,2022,33,2022-08-06,Matale,0.680725630205235
477,2022,33,2022-08-06,Matara,0.7658534651992862
477,2022,33,2022-08-06,Moneragala,0.7713055287031529
477,2022,33,2022-08-06,Mullaitivu,0.6304624776918502
477,2022,33,2022-08-06,NuwaraEliya,0.8026268441403926
477,2022,33,2022-08-06,Polonnaruwa,0.7719060529446757
477,2022,33,2022-08-06,Puttalam,0.7063754368679358
477,2022,33,2022-08-06,Ratnapura,0.7815346185306365
477,2022,33,2022-08-06,Trincomalee,0.7585687728817816
477,2022,33,2022-08-06,Vavuniya,0.6595111596519929
478,2022,34,2022-08-13,Ampara,0.6731419132956574
478,2022,34,2022-08-13,Anuradhapura,0.6469925342058299
478,2022,34,2022-08-13,Badulla,0.818221754164188
478,2022,34,2022-08-13,Batticaloa,0.4476963140640551
478,2022,34,2022-08-13,Colombo,0.5144932257584771
478,2022,34,2022-08-13,Galle,0.6008436198691256
478,2022,34,2022-08-13,Gampaha,0.5790478435455086
478,2022,34,2022-08-13,Hambantota,0.6802642304958428
478,2022,34,2022-08-13,Jaffna,0.414630286505425
478,2022,34,2022-08-13,Kalutara,0.6000175906003017
478,2022,34,2022-08-13,Kandy,0.7091175084847889
478,2022,34,2022-08-13,Kegalle,0.6444720237209994
478,2022,34,2022-08-13,Kilinochchi,0.36639621761696195
478,2022,34,2022-08-13,Kurunegala,0.6581762009120935
478,2022,34,2022-08-13,Mannar,0.6974805741272716
478,2022,34,2022-08-13,Matale,0.6794448040600833
478,2022,34,2022-08-13,Matara,0.7674997769185009
478,2022,34,2022-08-13,Moneragala,0.7767992898572279
478,2022,34,2022-08-13,Mullaitivu,0.6813190809042237
478,2022,34,2022-08-13,NuwaraEliya,0.7623285395597859
478,2022,34,2022-08-13,Polonnaruwa,0.7666906157049376
478,2022,34,2022-08-13,Puttalam,0.6952873233938132
478,2022,34,2022-08-13,Ratnapura,0.7832814433372993
478,2022,34,2022-08-13,Trincomalee,0.7587392831169721
478,2022,34,2022-08-13,Vavuniya,0.6649452948393814
479,2022,35,2022-08-20,Ampara,0.6713999126264129
479,2022,35,2022-08-20,Anuradhapura,0.6142303762641285
479,2022,35,2022-08-20,Badulla,0.8092510577781082
479,2022,35,2022-08-20,Batticaloa,0.4627599297781072
479,2022,35,2022-08-20,Colombo,0.5114477171326591
479,2022,35,2022-08-20,Galle,0.587068248066627
479,2022,35,2022-08-20,Gampaha,0.5614763403480072
479,2022,35,2022-08-20,Hambantota,0.6694243151197605
479,2022,35,2022-08-20,Jaffna,0.39652376711710235
479,2022,35,2022-08-20,Kalutara,0.581519504759072
479,2022,35,2022-08-20,Kandy,0.6857906807360512
479,2022,35,2022-08-20,Kegalle,0.6815983752230815
479,2022,35,2022-08-20,Kilinochchi,0.3753383415485935
479,2022,35,2022-08-20,Kurunegala,0.6297086111543945
479,2022,35,2022-08-20,Mannar,0.6586561615476307
479,2022,35,2022-08-20,Matale,0.683040372174301
479,2022,35,2022-08-20,Matara,0.7256587299226651
479,2022,35,2022-08-20,Moneragala,0.778045904595479
479,2022,35,2022-08-20,Mullaitivu,0.7142951070791196
479,2022,35,2022-08-20,NuwaraEliya,0.6601135930993457
479,2022,35,2022-08-20,Polonnaruwa,0.7567759480963713
479,2022,35,2022-08-20,Puttalam,0.6541914392474717
479,2022,35,2022-08-20,Ratnapura,0.7425354904074956
479,2022,35,2022-08-20,Trincomalee,0.7611356665764343
479,2022,35,2022-08-20,Vavuniya,0.6614636990630578
480,2022,36,2022-08-27,Ampara,0.6621420118233194
480,2022,36,2022-08-27,Anuradhapura,0.5595505279595478
480,2022,36,2022-08-27,Badulla,0.8020117470999406
480,2022,36,2022-08-27,Batticaloa,0.5186310764048739
480,2022,36,2022-08-27,Colombo,0.5266033834027364
480,2022,36,2022-08-27,Galle,0.5620000446162998
480,2022,36,2022-08-27,Gampaha,0.5090489273497918
480,2022,36,2022-08-27,Hambantota,0.640650385479042
480,2022,36,2022-08-27,Jaffna,0.38339988026238014
480,2022,36,2022-08-27,Kalutara,0.5900314173111244
480,2022,36,2022-08-27,Kandy,0.6697165343848444
480,2022,36,2022-08-27,Kegalle,0.705086009071981
480,2022,36,2022-08-27,Kilinochchi,0.37936963672257584
480,2022,36,2022-08-27,Kurunegala,0.5577588972825941
480,2022,36,2022-08-27,Mannar,0.5890944168660712
480,2022,36,2022-08-27,Matale,0.6954134499553838
480,2022,36,2022-08-27,Matara,0.6055404372397383
480,2022,36,2022-08-27,Moneragala,0.771647655785247
480,2022,36,2022-08-27,Mullaitivu,0.7150860945865556
480,2022,36,2022-08-27,NuwaraEliya,0.44644869125520525
480,2022,36,2022-08-27,Polonnaruwa,0.7384026658239143
480,2022,36,2022-08-27,Puttalam,0.5590815678911363
480,2022,36,2022-08-27,Ratnapura,0.6253025375520525
480,2022,36,2022-08-27,Trincomalee,0.7675386218395855
480,2022,36,2022-08-27,Vavuniya,0.6419337875520524
481,2022,37,2022-09-03,Ampara,0.6533552145300416
481,2022,37,2022-09-03,Anuradhapura,0.5101713433224272
481,2022,37,2022-09-03,Badulla,0.7958284521861988
481,2022,37,2022-09-03,Batticaloa,0.571089407609268
481,2022,37,2022-09-03,Colombo,0.5424123773051754
481,2022,37,2022-09-03,Galle,0.5442039857227842
481,2022,37,2022-09-03,Gampaha,0.46558296400951815
481,2022,37,2022-09-03,Hambantota,0.6120948974047099
481,2022,37,2022-09-03,Jaffna,0.37167512962521854
481,2022,37,2022-09-03,Kalutara,0.601743863399762
481,2022,37,2022-09-03,Kandy,0.6564386525877455
481,2022,37,2022-09-03,Kegalle,0.727399237804878
481,2022,37,2022-09-03,Kilinochchi,0.3832725262366364
481,2022,37,2022-09-03,Kurunegala,0.4960774359483093
481,2022,37,2022-09-03,Mannar,0.5316274758056435
481,2022,37,2022-09-03,Matale,0.7075303744051161
481,2022,37,2022-09-03,Matara,0.5026279353807258
481,2022,37,2022-09-03,Moneragala,0.7665493140243903
481,2022,37,2022-09-03,Mullaitivu,0.7180932778108269
481,2022,37,2022-09-03,NuwaraEliya,0.2633394798483046
481,2022,37,2022-09-03,Polonnaruwa,0.7203688243604996
481,2022,37,2022-09-03,Puttalam,0.47530754573170736
481,2022,37,2022-09-03,Ratnapura,0.524040885261749
481,2022,37,2022-09-03,Trincomalee,0.7742375184205696
481,2022,37,2022-09-03,Vavuniya,0.6248959269036288
482,2022,38,2022-09-10,Ampara,0.6506927628643665
482,2022,38,2022-09-10,Anuradhapura,0.5297007863622843
482,2022,38,2022-09-10,Badulla,0.8033733622099941
482,2022,38,2022-09-10,Batticaloa,0.5791811383228176
482,2022,38,2022-09-10,Colombo,0.5667146304283164
482,2022,38,2022-09-10,Galle,0.6209458060678168
482,2022,38,2022-09-10,Gampaha,0.5386158462224866
482,2022,38,2022-09-10,Hambantota,0.5863791496934017
482,2022,38,2022-09-10,Jaffna,0.37813914981634456
482,2022,38,2022-09-10,Kalutara,0.6550632454640095
482,2022,38,2022-09-10,Kandy,0.6795122099940512
482,2022,38,2022-09-10,Kegalle,0.7344452000297442
482,2022,38,2022-09-10,Kilinochchi,0.3855061421717138
482,2022,38,2022-09-10,Kurunegala,0.5678832576017272
482,2022,38,2022-09-10,Mannar,0.6313929818199278
482,2022,38,2022-09-10,Matale,0.7163173055472933
482,2022,38,2022-09-10,Matara,0.6233907142325997
482,2022,38,2022-09-10,Moneragala,0.7783497639054134
482,2022,38,2022-09-10,Mullaitivu,0.7499110053539559
482,2022,38,2022-09-10,NuwaraEliya,0.4774542441255205
482,2022,38,2022-09-10,Polonnaruwa,0.7067477134146342
482,2022,38,2022-09-10,Puttalam,0.5388995631320643
482,2022,38,2022-09-10,Ratnapura,0.630406140318263
482,2022,38,2022-09-10,Trincomalee,0.7847836521333793
482,2022,38,2022-09-10,Vavuniya,0.6402547274687687
483,2022,39,2022-09-17,Ampara,0.6480303111986913
483,2022,39,2022-09-17,Anuradhapura,0.5492302294021416
483,2022,39,2022-09-17,Badulla,0.8109182722337894
483,2022,39,2022-09-17,Batticaloa,0.5872728690363671
483,2022,39,2022-09-17,Colombo,0.5910168835514574
483,2022,39,2022-09-17,Galle,0.6976876264128495
483,2022,39,2022-09-17,Gampaha,0.611648728435455
483,2022,39,2022-09-17,Hambantota,0.5606634019820935
483,2022,39,2022-09-17,Jaffna,0.3846031700074706
483,2022,39,2022-09-17,Kalutara,0.708382627528257
483,2022,39,2022-09-17,Kandy,0.7025857674003569
483,2022,39,2022-09-17,Kegalle,0.7414911622546104
483,2022,39,2022-09-17,Kilinochchi,0.38773975810679123
483,2022,39,2022-09-17,Kurunegala,0.6396890792551453
483,2022,39,2022-09-17,Mannar,0.7311584878342121
483,2022,39,2022-09-17,Matale,0.7251042366894705
483,2022,39,2022-09-17,Matara,0.7441534930844735
483,2022,39,2022-09-17,Moneragala,0.7901502137864367
483,2022,39,2022-09-17,Mullaitivu,0.781728732897085
483,2022,39,2022-09-17,NuwaraEliya,0.6915690084027365
483,2022,39,2022-09-17,Polonnaruwa,0.6931266024687687
483,2022,39,2022-09-17,Puttalam,0.6024915805324211
483,2022,39,2022-09-17,Ratnapura,0.736771395374777
483,2022,39,2022-09-17,Trincomalee,0.795329785846189
483,2022,39,2022-09-17,Vavuniya,0.6556135280339084
484,2022,40,2022-09-24,Ampara,0.6478407737209995
484,2022,40,2022-09-24,Anuradhapura,0.5225139686198692
484,2022,40,2022-09-24,Badulla,0.8092198654074956
484,2022,40,2022-09-24,Batticaloa,0.568697801658898
484,2022,40,2022-09-24,Colombo,0.561138145077335
484,2022,40,2022-09-24,Galle,0.6768674709994051
484,2022,40,2022-09-24,Gampaha,0.5613310845478882
484,2022,40,2022-09-24,Hambantota,0.549352609678162
484,2022,40,2022-09-24,Jaffna,0.3248094426727147
484,2022,40,2022-09-24,Kalutara,0.6520890913146936
484,2022,40,2022-09-24,Kandy,0.68969937351279
484,2022,40,2022-09-24,Kegalle,0.7308329361243309
484,2022,40,2022-09-24,Kilinochchi,0.3509768074757943
484,2022,40,2022-09-24,Kurunegala,0.5780273874309035
484,2022,40,2022-09-24,Mannar,0.6343065074598561
484,2022,40,2022-09-24,Matale,0.7201228658536586
484,2022,40,2022-09-24,Matara,0.7616490890838787
484,2022,40,2022-09-24,Moneragala,0.7916184915972636
484,2022,40,2022-09-24,Mullaitivu,0.7726059990333135
484,2022,40,2022-09-24,NuwaraEliya,0.709244859830458
484,2022,40,2022-09-24,Polonnaruwa,0.6564296828524688
484,2022,40,2022-09-24,Puttalam,0.5631050955532422
484,2022,40,2022-09-24,Ratnapura,0.6987083599791791
484,2022,40,2022-09-24,Trincomalee,0.7846063020268231
484,2022,40,2022-09-24,Vavuniya,0.5822346055175491
485,2022,41,2022-10-01,Ampara,0.6483256673854848
485,2022,41,2022-10-01,Anuradhapura,0.48318524315883404
485,2022,41,2022-10-01,Badulla,0.8050005539857228
485,2022,41,2022-10-01,Batticaloa,0.5428499711656966
485,2022,41,2022-10-01,Colombo,0.5164827725312314
485,2022,41,2022-10-01,Galle,0.629439504015467
485,2022,41,2022-10-01,Gampaha,0.4773723880874479
485,2022,41,2022-10-01,Hambantota,0.5419704415762424
485,2022,41,2022-10-01,Jaffna,0.2469454205581729
485,2022,41,2022-10-01,Kalutara,0.5659011228435455
485,2022,41,2022-10-01,Kandy,0.6670057201814397
485,2022,41,2022-10-01,Kegalle,0.7153462949881023
485,2022,41,2022-10-01,Kilinochchi,0.30357842959950443
485,2022,41,2022-10-01,Kurunegala,0.4799654646582092
485,2022,41,2022-10-01,Mannar,0.48383157625223444
485,2022,41,2022-10-01,Matale,0.711386503569304
485,2022,41,2022-10-01,Matara,0.7509809079417015
485,2022,41,2022-10-01,Moneragala,0.7902689042980369
485,2022,41,2022-10-01,Mullaitivu,0.7523176847858417
485,2022,41,2022-10-01,NuwaraEliya,0.6733464622992267
485,2022,41,2022-10-01,Polonnaruwa,0.6134393608715051
485,2022,41,2022-10-01,Puttalam,0.49563356447055323
485,2022,41,2022-10-01,Ratnapura,0.6212557908239145
485,2022,41,2022-10-01,Trincomalee,0.7680820134259547
485,2022,41,2022-10-01,Vavuniya,0.48465448579714454
486,2022,42,2022-10-08,Ampara,0.6549906230867664
486,2022,42,2022-10-08,Anuradhapura,0.5242266383554556
486,2022,42,2022-10-08,Badulla,0.8112590942891136
486,2022,42,2022-10-08,Batticaloa,0.5351584291034602
486,2022,42,2022-10-08,Colombo,0.5354935919839381
486,2022,42,2022-10-08,Galle,0.6528232919763248
486,2022,42,2022-10-08,Gampaha,0.49323790526472333
486,2022,42,2022-10-08,Hambantota,0.5273363991082937
486,2022,42,2022-10-08,Jaffna,0.27963792600661713
486,2022,42,2022-10-08,Kalutara,0.589988881246282
486,2022,42,2022-10-08,Kandy,0.6758625446162998
486,2022,42,2022-10-08,Kegalle,0.7409837429357525
486,2022,42,2022-10-08,Kilinochchi,0.29749740499418403
486,2022,42,2022-10-08,Kurunegala,0.49878276062873783
486,2022,42,2022-10-08,Mannar,0.4392503621793751
486,2022,42,2022-10-08,Matale,0.7099774122060855
486,2022,42,2022-10-08,Matara,0.7365443978824718
486,2022,42,2022-10-08,Moneragala,0.7895547720850684
486,2022,42,2022-10-08,Mullaitivu,0.686920166700306
486,2022,42,2022-10-08,NuwaraEliya,0.6989106075252826
486,2022,42,2022-10-08,Polonnaruwa,0.6006115277364664
486,2022,42,2022-10-08,Puttalam,0.5391670787477691
486,2022,42,2022-10-08,Ratnapura,0.6350723583432482
486,2022,42,2022-10-08,Trincomalee,0.7255548009969908
486,2022,42,2022-10-08,Vavuniya,0.4596350897284848
487,2022,43,2022-10-15,Ampara,0.6678356408248439
487,2022,43,2022-10-15,Anuradhapura,0.6456381542097338
487,2022,43,2022-10-15,Badulla,0.8279954863176681
487,2022,43,2022-10-15,Batticaloa,0.5456231754721892
487,2022,43,2022-10-15,Colombo,0.618170603435455
487,2022,43,2022-10-15,Galle,0.7470188348819786
487,2022,43,2022-10-15,Gampaha,0.6089276360797145
487,2022,43,2022-10-15,Hambantota,0.5054504822743159
487,2022,43,2022-10-15,Jaffna,0.42288695901804735
487,2022,43,2022-10-15,Kalutara,0.7243523665229031
487,2022,43,2022-10-15,Kandy,0.7162698468173706
487,2022,43,2022-10-15,Kegalle,0.8077452799672814
487,2022,43,2022-10-15,Kilinochchi,0.3327337336598331
487,2022,43,2022-10-15,Kurunegala,0.6344792753424893
487,2022,43,2022-10-15,Mannar,0.500562865241278
487,2022,43,2022-10-15,Matale,0.715895591764003
487,2022,43,2022-10-15,Matara,0.7183395589061898
487,2022,43,2022-10-15,Moneragala,0.7894760949583581
487,2022,43,2022-10-15,Mullaitivu,0.5764134447767061
487,2022,43,2022-10-15,NuwaraEliya,0.7859372955086259
487,2022,43,2022-10-15,Polonnaruwa,0.6179461834473529
487,2022,43,2022-10-15,Puttalam,0.69370563838489
487,2022,43,2022-10-15,Ratnapura,0.7401580625371803
487,2022,43,2022-10-15,Trincomalee,0.6570246647399313
487,2022,43,2022-10-15,Vavuniya,0.5071764173115699
488,2022,44,2022-10-22,Ampara,0.6706183221726191
488,2022,44,2022-10-22,Anuradhapura,0.714792747147965
488,2022,44,2022-10-22,Badulla,0.8402603825847711
488,2022,44,2022-10-22,Batticaloa,0.5520823490260545
488,2022,44,2022-10-22,Colombo,0.6768206666418799
488,2022,44,2022-10-22,Galle,0.7986076363923565
488,2022,44,2022-10-22,Gampaha,0.6982676996579417
488,2022,44,2022-10-22,Hambantota,0.505569853839569
488,2022,44,2022-10-22,Jaffna,0.515252278338842
488,2022,44,2022-10-22,Kalutara,0.8172743363325402
488,2022,44,2022-10-22,Kandy,0.7444051569006545
488,2022,44,2022-10-22,Kegalle,0.8522623624330756
488,2022,44,2022-10-22,Kilinochchi,0.3726386269464876
488,2022,44,2022-10-22,Kurunegala,0.7270468983849915
488,2022,44,2022-10-22,Mannar,0.5503345085520824
488,2022,44,2022-10-22,Matale,0.7101173086393695
488,2022,44,2022-10-22,Matara,0.704762907325369
488,2022,44,2022-10-22,Moneragala,0.7697234533016062
488,2022,44,2022-10-22,Mullaitivu,0.4981813732449405
488,2022,44,2022-10-22,NuwaraEliya,0.845302898200476
488,2022,44,2022-10-22,Polonnaruwa,0.6201914392474719
488,2022,44,2022-10-22,Puttalam,0.8007300862581797
488,2022,44,2022-10-22,Ratnapura,0.8199134536734087
488,2022,44,2022-10-22,Trincomalee,0.5956198518315999
488,2022,44,2022-10-22,Vavuniya,0.5409588851596759
489,2022,45,2022-10-29,Ampara,0.6365057700892858
489,2022,45,2022-10-29,Anuradhapura,0.5923386227273573
489,2022,45,2022-10-29,Badulla,0.8361297943932184
489,2022,45,2022-10-29,Batticaloa,0.5438544222587532
489,2022,45,2022-10-29,Colombo,0.6473719196162998
489,2022,45,2022-10-29,Galle,0.6939717194533892
489,2022,45,2022-10-29,Gampaha,0.6909923167013683
489,2022,45,2022-10-29,Hambantota,0.5863752828686688
489,2022,45,2022-10-29,Jaffna,0.42104398079397287
489,2022,45,2022-10-29,Kalutara,0.7582440827632362
489,2022,45,2022-10-29,Kandy,0.7275431625520523
489,2022,45,2022-10-29,Kegalle,0.8152164448245093
489,2022,45,2022-10-29,Kilinochchi,0.42966159051016206
489,2022,45,2022-10-29,Kurunegala,0.6614752519662465
489,2022,45,2022-10-29,Mannar,0.5577896661088588
489,2022,45,2022-10-29,Matale,0.6614519956787155
489,2022,45,2022-10-29,Matara,0.7081562761945718
489,2022,45,2022-10-29,Moneragala,0.6778329417013682
489,2022,45,2022-10-29,Mullaitivu,0.538289686483234
489,2022,45,2022-10-29,NuwaraEliya,0.8032445214901845
489,2022,45,2022-10-29,Polonnaruwa,0.5671088953747769
489,2022,45,2022-10-29,Puttalam,0.7335361243307555
489,2022,45,2022-10-29,Ratnapura,0.8067910302647234
489,2022,45,2022-10-29,Trincomalee,0.5603412245352722
489,2022,45,2022-10-29,Vavuniya,0.5242922006461923
490,2022,46,2022-11-05,Ampara,0.6023932180059524
490,2022,46,2022-11-05,Anuradhapura,0.4698844983067495
490,2022,46,2022-11-05,Badulla,0.8319992062016658
490,2022,46,2022-11-05,Batticaloa,0.535626495491452
490,2022,46,2022-11-05,Colombo,0.6179231725907198
490,2022,46,2022-11-05,Galle,0.5893358025144219
490,2022,46,2022-11-05,Gampaha,0.6837169337447948
490,2022,46,2022-11-05,Hambantota,0.6671807118977685
490,2022,46,2022-11-05,Jaffna,0.3268356832491038
490,2022,46,2022-11-05,Kalutara,0.6992138291939322
490,2022,46,2022-11-05,Kandy,0.7106811682034504
490,2022,46,2022-11-05,Kegalle,0.7781705272159428
490,2022,46,2022-11-05,Kilinochchi,0.4866845540738366
490,2022,46,2022-11-05,Kurunegala,0.5959036055475013
490,2022,46,2022-11-05,Mannar,0.5652448236656352
490,2022,46,2022-11-05,Matale,0.6127866827180615
490,2022,46,2022-11-05,Matara,0.7115496450637746
490,2022,46,2022-11-05,Moneragala,0.5859424301011302
490,2022,46,2022-11-05,Mullaitivu,0.5783979997215276
490,2022,46,2022-11-05,NuwaraEliya,0.761186144779893
490,2022,46,2022-11-05,Polonnaruwa,0.5140263515020821
490,2022,46,2022-11-05,Puttalam,0.6663421624033313
490,2022,46,2022-11-05,Ratnapura,0.7936686068560381
490,2022,46,2022-11-05,Trincomalee,0.5250625972389447
490,2022,46,2022-11-05,Vavuniya,0.5076255161327087
491,2022,47,2022-11-12,Ampara,0.6289311978072479
491,2022,47,2022-11-12,Anuradhapura,0.5694496802498513
491,2022,47,2022-11-12,Badulla,0.8396384852766211
491,2022,47,2022-11-12,Batticaloa,0.5945614589051661
491,2022,47,2022-11-12,Colombo,0.6329269240779298
491,2022,47,2022-11-12,Galle,0.6494759220701963
491,2022,47,2022-11-12,Gampaha,0.7024847375074361
491,2022,47,2022-11-12,Hambantota,0.6956684325969658
491,2022,47,2022-11-12,Jaffna,0.38176363180194306
491,2022,47,2022-11-12,Kalutara,0.7273749516656751
491,2022,47,2022-11-12,Kandy,0.7309471371207614
491,2022,47,2022-11-12,Kegalle,0.7997873996133255
491,2022,47,2022-11-12,Kilinochchi,0.5187173099270393
491,2022,47,2022-11-12,Kurunegala,0.6543757026147399
491,2022,47,2022-11-12,Mannar,0.6639432369125521
491,2022,47,2022-11-12,Matale,0.6697841035841761
491,2022,47,2022-11-12,Matara,0.7492641805472933
491,2022,47,2022-11-12,Moneragala,0.6617850033462225
491,2022,47,2022-11-12,Mullaitivu,0.6599390764425938
491,2022,47,2022-11-12,NuwaraEliya,0.7797326795806068
491,2022,47,2022-11-12,Polonnaruwa,0.5372813485276622
491,2022,47,2022-11-12,Puttalam,0.6984193393069601
491,2022,47,2022-11-12,Ratnapura,0.8041915284800714
491,2022,47,2022-11-12,Trincomalee,0.6322854262101437
491,2022,47,2022-11-12,Vavuniya,0.5900333860053539
492,2022,48,2022-11-19,Ampara,0.6601346031381302
492,2022,48,2022-11-19,Anuradhapura,0.686093270374777
492,2022,48,2022-11-19,Badulla,0.8481831387566925
492,2022,48,2022-11-19,Batticaloa,0.6586627984866504
492,2022,48,2022-11-19,Colombo,0.6513500985276621
492,2022,48,2022-11-19,Galle,0.7222911213563354
492,2022,48,2022-11-19,Gampaha,0.7232558633254016
492,2022,48,2022-11-19,Hambantota,0.7201317141938629
492,2022,48,2022-11-19,Jaffna,0.4481635992853753
492,2022,48,2022-11-19,Kalutara,0.7622431030636525
492,2022,48,2022-11-19,Kandy,0.7540691032123735
492,2022,48,2022-11-19,Kegalle,0.8259167943188579
492,2022,48,2022-11-19,Kilinochchi,0.5488277421102059
492,2022,48,2022-11-19,Kurunegala,0.7223896261039772
492,2022,48,2022-11-19,Mannar,0.7696603621356336
492,2022,48,2022-11-19,Matale,0.7349094270523499
492,2022,48,2022-11-19,Matara,0.7896188057703748
492,2022,48,2022-11-19,Moneragala,0.750530121579417
492,2022,48,2022-11-19,Mullaitivu,0.7446672888161809
492,2022,48,2022-11-19,NuwaraEliya,0.802941130651398
492,2022,48,2022-11-19,Polonnaruwa,0.5664084640838787
492,2022,48,2022-11-19,Puttalam,0.7381327576591314
492,2022,48,2022-11-19,Ratnapura,0.8165333227989292
492,2022,48,2022-11-19,Trincomalee,0.7504699056634602
492,2022,48,2022-11-19,Vavuniya,0.680062375446163
493,2022,49,2022-11-26,Ampara,0.6052581995163286
493,2022,49,2022-11-26,Anuradhapura,0.698591976502082
493,2022,49,2022-11-26,Badulla,0.7578385187388459
493,2022,49,2022-11-26,Batticaloa,0.5667464941038043
493,2022,49,2022-11-26,Colombo,0.6563527290303391
493,2022,49,2022-11-26,Galle,0.7466578375966687
493,2022,49,2022-11-26,Gampaha,0.7221451870166568
493,2022,49,2022-11-26,Hambantota,0.7330059023624402
493,2022,49,2022-11-26,Jaffna,0.46888953673384587
493,2022,49,2022-11-26,Kalutara,0.7794536734086853
493,2022,49,2022-11-26,Kandy,0.766032755800119
493,2022,49,2022-11-26,Kegalle,0.8322093471148126
493,2022,49,2022-11-26,Kilinochchi,0.5429052331954779
493,2022,49,2022-11-26,Kurunegala,0.7348492572131475
493,2022,49,2022-11-26,Mannar,0.727981355963712
493,2022,49,2022-11-26,Matale,0.7120149780636527
493,2022,49,2022-11-26,Matara,0.7401733677870316
493,2022,49,2022-11-26,Moneragala,0.7799381320642474
493,2022,49,2022-11-26,Mullaitivu,0.7169861838191552
493,2022,49,2022-11-26,NuwaraEliya,0.7990199490630577
493,2022,49,2022-11-26,Polonnaruwa,0.5372385280339085
493,2022,49,2022-11-26,Puttalam,0.7296403442891136
493,2022,49,2022-11-26,Ratnapura,0.7995533071832243
493,2022,49,2022-11-26,Trincomalee,0.7712256635284946
493,2022,49,2022-11-26,Vavuniya,0.6574031566032124
494,2022,50,2022-12-03,Ampara,0.5025596798097027
494,2022,50,2022-12-03,Anuradhapura,0.6532324137418204
494,2022,50,2022-12-03,Badulla,0.6125554134443784
494,2022,50,2022-12-03,Batticaloa,0.38815372085188565
494,2022,50,2022-12-03,Colombo,0.6538995017846521
494,2022,50,2022-12-03,Galle,0.7441087299226651
494,2022,50,2022-12-03,Gampaha,0.7088779539708507
494,2022,50,2022-12-03,Hambantota,0.7394417052930623
494,2022,50,2022-12-03,Jaffna,0.46424101305178206
494,2022,50,2022-12-03,Kalutara,0.7868544765020821
494,2022,50,2022-12-03,Kandy,0.7717973453301606
494,2022,50,2022-12-03,Kegalle,0.8274814321832245
494,2022,50,2022-12-03,Kilinochchi,0.5169644236708083
494,2022,50,2022-12-03,Kurunegala,0.7164453925556142
494,2022,50,2022-12-03,Mannar,0.6044156101279001
494,2022,50,2022-12-03,Matale,0.6402206554878049
494,2022,50,2022-12-03,Matara,0.640839005800119
494,2022,50,2022-12-03,Moneragala,0.7763810826888757
494,2022,50,2022-12-03,Mullaitivu,0.6268554580606782
494,2022,50,2022-12-03,NuwaraEliya,0.7800267493307556
494,2022,50,2022-12-03,Polonnaruwa,0.4756813410916122
494,2022,50,2022-12-03,Puttalam,0.6943669132956574
494,2022,50,2022-12-03,Ratnapura,0.766283397159429
494,2022,50,2022-12-03,Trincomalee,0.7378543538444834
494,2022,50,2022-12-03,Vavuniya,0.5721393776026175
495,2022,51,2022-12-10,Ampara,0.47155347930141367
495,2022,51,2022-12-10,Anuradhapura,0.6424986503569304
495,2022,51,2022-12-10,Badulla,0.5631606035382045
495,2022,51,2022-12-10,Batticaloa,0.3307468627158263
495,2022,51,2022-12-10,Colombo,0.6550588005651399
495,2022,51,2022-12-10,Galle,0.7527420657346818
495,2022,51,2022-12-10,Gampaha,0.707076264128495
495,2022,51,2022-12-10,Hambantota,0.7427950831414518
495,2022,51,2022-12-10,Jaffna,0.46263180436082313
495,2022,51,2022-12-10,Kalutara,0.7923718954491374
495,2022,51,2022-12-10,Kandy,0.7737102588331864
495,2022,51,2022-12-10,Kegalle,0.8268477970701964
495,2022,51,2022-12-10,Kilinochchi,0.4932093738548201
495,2022,51,2022-12-10,Kurunegala,0.7123835620985162
495,2022,51,2022-12-10,Mannar,0.5309283239143368
495,2022,51,2022-12-10,Matale,0.614511745240928
495,2022,51,2022-12-10,Matara,0.614678517251636
495,2022,51,2022-12-10,Moneragala,0.7822070456573469
495,2022,51,2022-12-10,Mullaitivu,0.5880729718173706
495,2022,51,2022-12-10,NuwaraEliya,0.7793244571683522
495,2022,51,2022-12-10,Polonnaruwa,0.47198291567519335
495,2022,51,2022-12-10,Puttalam,0.6876124070493754
495,2022,51,2022-12-10,Ratnapura,0.7564132398869721
495,2022,51,2022-12-10,Trincomalee,0.6972241989844349
495,2022,51,2022-12-10,Vavuniya,0.5485890318262938
496,2022,52,2022-12-17,Ampara,0.569593453350131
496,2022,52,2022-12-17,Anuradhapura,0.6940913258477097
496,2022,52,2022-12-17,Badulla,0.6863647253309596
496,2022,52,2022-12-17,Batticaloa,0.49147465178831357
496,2022,52,2022-12-17,Colombo,0.6627206461927425
496,2022,52,2022-12-17,Galle,0.7815037998215348
496,2022,52,2022-12-17,Gampaha,0.7259125520523498
496,2022,52,2022-12-17,Hambantota,0.7406000958418233
496,2022,52,2022-12-17,Jaffna,0.4664933626538528
496,2022,52,2022-12-17,Kalutara,0.7944992229327781
496,2022,52,2022-12-17,Kandy,0.7686901554875837
496,2022,52,2022-12-17,Kegalle,0.8335838656305772
496,2022,52,2022-12-17,Kilinochchi,0.4733886915144582
496,2022,52,2022-12-17,Kurunegala,0.7341373932022021
496,2022,52,2022-12-17,Mannar,0.5475822650208209
496,2022,52,2022-12-17,Matale,0.6717565771861987
496,2022,52,2022-12-17,Matara,0.7202310008923261
496,2022,52,2022-12-17,Moneragala,0.8049224308447352
496,2022,52,2022-12-17,Mullaitivu,0.6417173167013682
496,2022,52,2022-12-17,NuwaraEliya,0.8115457986317669
496,2022,52,2022-12-17,Polonnaruwa,0.572430261005354
496,2022,52,2022-12-17,Puttalam,0.7321919653480071
496,2022,52,2022-12-17,Ratnapura,0.7886626375669245
496,2022,52,2022-12-17,Trincomalee,0.643528122807519
496,2022,52,2022-12-17,Vavuniya,0.6361228658536585
497,2023,1,2022-12-24,Ampara,0.6623649817624176
497,2023,1,2022-12-24,Anuradhapura,0.7401802018029562
497,2023,1,2022-12-24,Badulla,0.7972428894805175
497,2023,1,2022-12-24,Batticaloa,0.6441607144287914
497,2023,1,2022-12-24,Colombo,0.6706493776598179
497,2023,1,2022-12-24,Galle,0.8078867432389146
497,2023,1,2022-12-24,Gampaha,0.7431634786985769
497,2023,1,2022-12-24,Hambantota,0.7388421727841008
497,2023,1,2022-12-24,Jaffna,0.4714937152301652
497,2023,1,2022-12-24,Kalutara,0.7926938704068092
497,2023,1,2022-12-24,Kandy,0.763551686628239
497,2023,1,2022-12-24,Kegalle,0.8394664142223036
497,2023,1,2022-12-24,Kilinochchi,0.4587502330265977
497,2023,1,2022-12-24,Kurunegala,0.7550072429792591
497,2023,1,2022-12-24,Mannar,0.5686288289937308
497,2023,1,2022-12-24,Matale,0.7200076534114309
497,2023,1,2022-12-24,Matara,0.8182394408090423
497,2023,1,2022-12-24,Moneragala,0.8249458358120166
497,2023,1,2022-12-24,Mullaitivu,0.6917215805610214
497,2023,1,2022-12-24,NuwaraEliya,0.839147245229488
497,2023,1,2022-12-24,Polonnaruwa,0.6697707820436553
497,2023,1,2022-12-24,Puttalam,0.7732367066306686
497,2023,1,2022-12-24,Ratnapura,0.8185662540612274
497,2023,1,2022-12-24,Trincomalee,0.5980932075388199
497,2023,1,2022-12-24,Vavuniya,0.7182490687777422
498,2023,2,2022-12-31,Ampara,0.6866467169011032
498,2023,2,2022-12-31,Anuradhapura,0.7147196837962752
498,2023,2,2022-12-31,Badulla,0.7478836042685127
498,2023,2,2022-12-31,Batticaloa,0.6923043334531459
498,2023,2,2022-12-31,Colombo,0.6820476250400404
498,2023,2,2022-12-31,Galle,0.8033454079531415
498,2023,2,2022-12-31,Gampaha,0.7398047087356427
498,2023,2,2022-12-31,Hambantota,0.7427660848711582
498,2023,2,2022-12-31,Jaffna,0.49129839348915144
498,2023,2,2022-12-31,Kalutara,0.7397636777559146
498,2023,2,2022-12-31,Kandy,0.7568744660902503
498,2023,2,2022-12-31,Kegalle,0.8342532032215257
498,2023,2,2022-12-31,Kilinochchi,0.5114806846212552
498,2023,2,2022-12-31,Kurunegala,0.7643853355101432
498,2023,2,2022-12-31,Mannar,0.6467794902301743
498,2023,2,2022-12-31,Matale,0.6513399052761635
498,2023,2,2022-12-31,Matara,0.8181753123140988
498,2023,2,2022-12-31,Moneragala,0.8099734979179061
498,2023,2,2022-12-31,Mullaitivu,0.6944047911041963
498,2023,2,2022-12-31,NuwaraEliya,0.8066900585731936
498,2023,2,2022-12-31,Polonnaruwa,0.7267225872877866
498,2023,2,2022-12-31,Puttalam,0.7683288267057156
498,2023,2,2022-12-31,Ratnapura,0.8179747151420859
498,2023,2,2022-12-31,Trincomalee,0.6600533840769374
498,2023,2,2022-12-31,Vavuniya,0.7300760673591727
499,2023,3,2023-01-07,Ampara,0.7070072613027959
499,2023,3,2023-01-07,Anuradhapura,0.6816276751189768
499,2023,3,2023-01-07,Badulla,0.6966524304696131
499,2023,3,2023-01-07,Batticaloa,0.712268020658033
499,2023,3,2023-01-07,Colombo,0.6892936942296253
499,2023,3,2023-01-07,Galle,0.7987243103063653
499,2023,3,2023-01-07,Gampaha,0.7357726985425342
499,2023,3,2023-01-07,Hambantota,0.744083728718329
499,2023,3,2023-01-07,Jaffna,0.5010099052509035
499,2023,3,2023-01-07,Kalutara,0.7086227208506841
499,2023,3,2023-01-07,Kandy,0.7504641954193932
499,2023,3,2023-01-07,Kegalle,0.8286638793872696
499,2023,3,2023-01-07,Kilinochchi,0.5451038751986594
499,2023,3,2023-01-07,Kurunegala,0.7674440284898564
499,2023,3,2023-01-07,Mannar,0.6981158849729381
499,2023,3,2023-01-07,Matale,0.6095837949881023
499,2023,3,2023-01-07,Matara,0.8198347616745985
499,2023,3,2023-01-07,Moneragala,0.7982500632064248
499,2023,3,2023-01-07,Mullaitivu,0.6927519073468175
499,2023,3,2023-01-07,NuwaraEliya,0.7832989087596669
499,2023,3,2023-01-07,Polonnaruwa,0.7612145802349792
499,2023,3,2023-01-07,Puttalam,0.7643592151249257
499,2023,3,2023-01-07,Ratnapura,0.8199557053093397
499,2023,3,2023-01-07,Trincomalee,0.703736083155961
499,2023,3,2023-01-07,Vavuniya,0.7330369088340275
500,2023,4,2023-01-14,Ampara,0.7129901063355146
500,2023,4,2023-01-14,Anuradhapura,0.6205535339827484
500,2023,4,2023-01-14,Badulla,0.638557665185432
500,2023,4,2023-01-14,Batticaloa,0.6289052911915394
500,2023,4,2023-01-14,Colombo,0.6813151100535396
500,2023,4,2023-01-14,Galle,0.7938107506692446
500,2023,4,2023-01-14,Gampaha,0.7292721408387866
500,2023,4,2023-01-14,Hambantota,0.7358450556859149
500,2023,4,2023-01-14,Jaffna,0.4737131398561301
500,2023,4,2023-01-14,Kalutara,0.7573756283462225
500,2023,4,2023-01-14,Kandy,0.7450327409280191
500,2023,4,2023-01-14,Kegalle,0.8216954751635932
500,2023,4,2023-01-14,Kilinochchi,0.5086671087128017
500,2023,4,2023-01-14,Kurunegala,0.747331589781943
500,2023,4,2023-01-14,Mannar,0.6511333025722094
500,2023,4,2023-01-14,Matale,0.6665036901397978
500,2023,4,2023-01-14,Matara,0.8278139965050565
500,2023,4,2023-01-14,Moneragala,0.798439273497918
500,2023,4,2023-01-14,Mullaitivu,0.675200011154075
500,2023,4,2023-01-14,NuwaraEliya,0.793149894036288
500,2023,4,2023-01-14,Polonnaruwa,0.7133539280933968
500,2023,4,2023-01-14,Puttalam,0.7638299208060679
500,2023,4,2023-01-14,Ratnapura,0.8313693021267103
500,2023,4,2023-01-14,Trincomalee,0.6804013648849732
500,2023,4,2023-01-14,Vavuniya,0.703488507584771
501,2023,5,2023-01-21,Ampara,0.7189729513682332
501,2023,5,2023-01-21,Anuradhapura,0.55947939284652
501,2023,5,2023-01-21,Badulla,0.580462899901251
501,2023,5,2023-01-21,Batticaloa,0.5455425617250458
501,2023,5,2023-01-21,Colombo,0.6733365258774539
501,2023,5,2023-01-21,Galle,0.7888971910321237
501,2023,5,2023-01-21,Gampaha,0.7227715831350388
501,2023,5,2023-01-21,Hambantota,0.7276063826535009
501,2023,5,2023-01-21,Jaffna,0.44641637446135674
501,2023,5,2023-01-21,Kalutara,0.8061285358417609
501,2023,5,2023-01-21,Kandy,0.7396012864366449
501,2023,5,2023-01-21,Kegalle,0.8147270709399167
501,2023,5,2023-01-21,Kilinochchi,0.47223034222694404
501,2023,5,2023-01-21,Kurunegala,0.7272191510740297
501,2023,5,2023-01-21,Mannar,0.6041507201714806
501,2023,5,2023-01-21,Matale,0.7234235852914932
501,2023,5,2023-01-21,Matara,0.8357932313355145
501,2023,5,2023-01-21,Moneragala,0.7986284837894111
501,2023,5,2023-01-21,Mullaitivu,0.6576481149613326
501,2023,5,2023-01-21,NuwaraEliya,0.8030008793129091
501,2023,5,2023-01-21,Polonnaruwa,0.6654932759518144
501,2023,5,2023-01-21,Puttalam,0.76330062648721
501,2023,5,2023-01-21,Ratnapura,0.842782898944081
501,2023,5,2023-01-21,Trincomalee,0.6570666466139854
501,2023,5,2023-01-21,Vavuniya,0.6739401063355146
502,2023,6,2023-01-28,Ampara,0.7093546122099941
502,2023,6,2023-01-28,Anuradhapura,0.6141380948839976
502,2023,6,2023-01-28,Badulla,0.6810298753012043
502,2023,6,2023-01-28,Batticaloa,0.5404511957283571
502,2023,6,2023-01-28,Colombo,0.664404740481856
502,2023,6,2023-01-28,Galle,0.8023476539262344
502,2023,6,2023-01-28,Gampaha,0.7098593564098752
502,2023,6,2023-01-28,Hambantota,0.7350177972856146
502,2023,6,2023-01-28,Jaffna,0.45246825859454226
502,2023,6,2023-01-28,Kalutara,0.8106678372248662
502,2023,6,2023-01-28,Kandy,0.7359676996579417
502,2023,6,2023-01-28,Kegalle,0.8139127379535991
502,2023,6,2023-01-28,Kilinochchi,0.4688442776660033
502,2023,6,2023-01-28,Kurunegala,0.7174504203310318
502,2023,6,2023-01-28,Mannar,0.6874774074510549
502,2023,6,2023-01-28,Matale,0.7362246337745391
502,2023,6,2023-01-28,Matara,0.8298984849048185
502,2023,6,2023-01-28,Moneragala,0.8014840571088638
502,2023,6,2023-01-28,Mullaitivu,0.6666154260856633
502,2023,6,2023-01-28,NuwaraEliya,0.8105101632212969
502,2023,6,2023-01-28,Polonnaruwa,0.7127109135459764
502,2023,6,2023-01-28,Puttalam,0.7648288277067222
502,2023,6,2023-01-28,Ratnapura,0.8320079472784058
502,2023,6,2023-01-28,Trincomalee,0.6457715613850373
502,2023,6,2023-01-28,Vavuniya,0.6907827000297442
503,2023,7,2023-02-04,Ampara,0.6985361819601428
503,2023,7,2023-02-04,Anuradhapura,0.6776993233194527
503,2023,7,2023-02-04,Badulla,0.7938015999845525
503,2023,7,2023-02-04,Batticaloa,0.5413807038447304
503,2023,7,2023-02-04,Colombo,0.6553996319155264
503,2023,7,2023-02-04,Galle,0.8172107339381322
503,2023,7,2023-02-04,Gampaha,0.6964539243753718
503,2023,7,2023-02-04,Hambantota,0.7436330648149997
503,2023,7,2023-02-04,Jaffna,0.4610854234606477
503,2023,7,2023-02-04,Kalutara,0.8118060919839382
503,2023,7,2023-02-04,Kandy,0.7324724103955979
503,2023,7,2023-02-04,Kegalle,0.8135717950624628
503,2023,7,2023-02-04,Kilinochchi,0.4680005747915946
503,2023,7,2023-02-04,Kurunegala,0.7084773594314889
503,2023,7,2023-02-04,Mannar,0.780827884706037
503,2023,7,2023-02-04,Matale,0.7456319248215348
503,2023,7,2023-02-04,Matara,0.8229365091463414
503,2023,7,2023-02-04,Moneragala,0.8045447352766211
503,2023,7,2023-02-04,Mullaitivu,0.6776226762343843
503,2023,7,2023-02-04,NuwaraEliya,0.8178393162552052
503,2023,7,2023-02-04,Polonnaruwa,0.7672422657351956
503,2023,7,2023-02-04,Puttalam,0.7665152978138013
503,2023,7,2023-02-04,Ratnapura,0.8195261841909578
503,2023,7,2023-02-04,Trincomalee,0.6354026017747076
503,2023,7,2023-02-04,Vavuniya,0.7111938317965497
504,2023,8,2023-02-11,Ampara,0.6729026862730518
504,2023,8,2023-02-11,Anuradhapura,0.6934797739440809
504,2023,8,2023-02-11,Badulla,0.8186898795359905
504,2023,8,2023-02-11,Batticaloa,0.554846476857555
504,2023,8,2023-02-11,Colombo,0.6499008291195717
504,2023,8,2023-02-11,Galle,0.8090678483789412
504,2023,8,2023-02-11,Gampaha,0.6895903740333135
504,2023,8,2023-02-11,Hambantota,0.7424499136671348
504,2023,8,2023-02-11,Jaffna,0.45704735899495474
504,2023,8,2023-02-11,Kalutara,0.8072635652141583
504,2023,8,2023-02-11,Kandy,0.7283461908834027
504,2023,8,2023-02-11,Kegalle,0.8149298631766806
504,2023,8,2023-02-11,Kilinochchi,0.452936204572268
504,2023,8,2023-02-11,Kurunegala,0.6941265113771565
504,2023,8,2023-02-11,Mannar,0.8062149594735277
504,2023,8,2023-02-11,Matale,0.7259132268738846
504,2023,8,2023-02-11,Matara,0.8082434042236764
504,2023,8,2023-02-11,Moneragala,0.8052695493753719
504,2023,8,2023-02-11,Mullaitivu,0.6872707075401546
504,2023,8,2023-02-11,NuwaraEliya,0.8055901899910768
504,2023,8,2023-02-11,Polonnaruwa,0.7626367362514568
504,2023,8,2023-02-11,Puttalam,0.7668524706276026
504,2023,8,2023-02-11,Ratnapura,0.8104617006246283
504,2023,8,2023-02-11,Trincomalee,0.6546584376151876
504,2023,8,2023-02-11,Vavuniya,0.7046034577632362
505,2023,9,2023-02-18,Ampara,0.6390385986763831
505,2023,9,2023-02-18,Anuradhapura,0.6827153480071386
505,2023,9,2023-02-18,Badulla,0.794754022903034
505,2023,9,2023-02-18,Batticaloa,0.5752768414795194
505,2023,9,2023-02-18,Colombo,0.6463499739738251
505,2023,9,2023-02-18,Galle,0.788143870835812
505,2023,9,2023-02-18,Gampaha,0.6863612024092802
505,2023,9,2023-02-18,Hambantota,0.7358231965874641
505,2023,9,2023-02-18,Jaffna,0.4459786115671517
505,2023,9,2023-02-18,Kalutara,0.7995650487061273
505,2023,9,2023-02-18,Kandy,0.7238694545657347
505,2023,9,2023-02-18,Kegalle,0.8172318262938727
505,2023,9,2023-02-18,Kilinochchi,0.4299714636057648
505,2023,9,2023-02-18,Kurunegala,0.6767880037923855
505,2023,9,2023-02-18,Mannar,0.7938445884146341
505,2023,9,2023-02-18,Matale,0.6900134239292088
505,2023,9,2023-02-18,Matara,0.7892552275431292
505,2023,9,2023-02-18,Moneragala,0.8046966612135633
505,2023,9,2023-02-18,Mullaitivu,0.6961636172665081
505,2023,9,2023-02-18,NuwaraEliya,0.7824642418947055
505,2023,9,2023-02-18,Polonnaruwa,0.7251773836160745
505,2023,9,2023-02-18,Puttalam,0.7664400338340274
505,2023,9,2023-02-18,Ratnapura,0.8032957056811422
505,2023,9,2023-02-18,Trincomalee,0.6903724931505619
505,2023,9,2023-02-18,Vavuniya,0.6830122471743011
506,2023,10,2023-02-25,Ampara,0.5973719528604036
506,2023,10,2023-02-25,Anuradhapura,0.6625530655116002
506,2023,10,2023-02-25,Badulla,0.7732077223378943
506,2023,10,2023-02-25,Batticaloa,0.5729692900313205
506,2023,10,2023-02-25,Colombo,0.6478808410172516
506,2023,10,2023-02-25,Galle,0.781139360871505
506,2023,10,2023-02-25,Gampaha,0.685960258030934
506,2023,10,2023-02-25,Hambantota,0.7139810070753461
506,2023,10,2023-02-25,Jaffna,0.4292508393148402
506,2023,10,2023-02-25,Kalutara,0.8007037849494348
506,2023,10,2023-02-25,Kandy,0.7165679115853659
506,2023,10,2023-02-25,Kegalle,0.8215484849048186
506,2023,10,2023-02-25,Kilinochchi,0.4121143166711102
506,2023,10,2023-02-25,Kurunegala,0.6605552647233789
506,2023,10,2023-02-25,Mannar,0.7740185083283759
506,2023,10,2023-02-25,Matale,0.6728202037477692
506,2023,10,2023-02-25,Matara,0.7848561347412255
506,2023,10,2023-02-25,Moneragala,0.7854004498810232
506,2023,10,2023-02-25,Mullaitivu,0.6913017493307556
506,2023,10,2023-02-25,NuwaraEliya,0.7716399464604403
506,2023,10,2023-02-25,Polonnaruwa,0.6871580904223678
506,2023,10,2023-02-25,Puttalam,0.7501394724122546
506,2023,10,2023-02-25,Ratnapura,0.8032758012343844
506,2023,10,2023-02-25,Trincomalee,0.69041774052847
506,2023,10,2023-02-25,Vavuniya,0.654119746430696
507,2023,11,2023-03-04,Ampara,0.5416607022496642
507,2023,11,2023-03-04,Anuradhapura,0.6254746412105889
507,2023,11,2023-03-04,Badulla,0.7559626226948246
507,2023,11,2023-03-04,Batticaloa,0.5297334896568279
507,2023,11,2023-03-04,Colombo,0.6585588080011898
507,2023,11,2023-03-04,Galle,0.7991898925490779
507,2023,11,2023-03-04,Gampaha,0.6906501226948245
507,2023,11,2023-03-04,Hambantota,0.6647509671848225
507,2023,11,2023-03-04,Jaffna,0.4023368223784136
507,2023,11,2023-03-04,Kalutara,0.8177495761451516
507,2023,11,2023-03-04,Kandy,0.7041817166121357
507,2023,11,2023-03-04,Kegalle,0.8294915954045211
507,2023,11,2023-03-04,Kilinochchi,0.40345083899378315
507,2023,11,2023-03-04,Kurunegala,0.6463129089827483
507,2023,11,2023-03-04,Mannar,0.7407721519928614
507,2023,11,2023-03-04,Matale,0.6892988325401547
507,2023,11,2023-03-04,Matara,0.8067173929208805
507,2023,11,2023-03-04,Moneragala,0.732402256841166
507,2023,11,2023-03-04,Mullaitivu,0.6616812816032125
507,2023,11,2023-03-04,NuwaraEliya,0.7829586258179655
507,2023,11,2023-03-04,Polonnaruwa,0.6481309042236765
507,2023,11,2023-03-04,Puttalam,0.7052402866597264
507,2023,11,2023-03-04,Ratnapura,0.816118859681737
507,2023,11,2023-03-04,Trincomalee,0.6262591332229395
507,2023,11,2023-03-04,Vavuniya,0.6120849234086854
508,2023,12,2023-03-11,Ampara,0.49545858840077184
508,2023,12,2023-03-11,Anuradhapura,0.5917936458953005
508,2023,12,2023-03-11,Badulla,0.7426592076888758
508,2023,12,2023-03-11,Batticaloa,0.4921785823170732
508,2023,12,2023-03-11,Colombo,0.6680535469958359
508,2023,12,2023-03-11,Galle,0.8146758588637716
508,2023,12,2023-03-11,Gampaha,0.6945289187983343
508,2023,12,2023-03-11,Hambantota,0.6188835440214159
508,2023,12,2023-03-11,Jaffna,0.3803470829092917
508,2023,12,2023-03-11,Kalutara,0.8301328710588936
508,2023,12,2023-03-11,Kandy,0.6936883421326592
508,2023,12,2023-03-11,Kegalle,0.8364424431142178
508,2023,12,2023-03-11,Kilinochchi,0.3963257645047476
508,2023,12,2023-03-11,Kurunegala,0.6336393578163065
508,2023,12,2023-03-11,Mannar,0.7098651137715646
508,2023,12,2023-03-11,Matale,0.7055874014723379
508,2023,12,2023-03-11,Matara,0.8260975572575848
508,2023,12,2023-03-11,Moneragala,0.6855063299375371
508,2023,12,2023-03-11,Mullaitivu,0.6377334659428913
508,2023,12,2023-03-11,NuwaraEliya,0.7939250762195122
508,2023,12,2023-03-11,Polonnaruwa,0.6096462708209399
508,2023,12,2023-03-11,Puttalam,0.6625327000297443
508,2023,12,2023-03-11,Ratnapura,0.827195358045806
508,2023,12,2023-03-11,Trincomalee,0.5723269511918389
508,2023,12,2023-03-11,Vavuniya,0.5754650394110647
509,2023,13,2023-03-18,Ampara,0.5728752524558895
509,2023,13,2023-03-18,Anuradhapura,0.6022792273944082
509,2023,13,2023-03-18,Badulla,0.7805976929654967
509,2023,13,2023-03-18,Batticaloa,0.5284752844289115
509,2023,13,2023-03-18,Colombo,0.6621663221296847
509,2023,13,2023-03-18,Galle,0.7968224754610351
509,2023,13,2023-03-18,Gampaha,0.6878638236168947
509,2023,13,2023-03-18,Hambantota,0.6167301383105295
509,2023,13,2023-03-18,Jaffna,0.4223729505151295
509,2023,13,2023-03-18,Kalutara,0.7819037143069602
509,2023,13,2023-03-18,Kandy,0.707801634071981
509,2023,13,2023-03-18,Kegalle,0.8304938745538369
509,2023,13,2023-03-18,Kilinochchi,0.40919993146350286
509,2023,13,2023-03-18,Kurunegala,0.6413602661143186
509,2023,13,2023-03-18,Mannar,0.7093692110350982
509,2023,13,2023-03-18,Matale,0.7194051922218917
509,2023,13,2023-03-18,Matara,0.813223501635931
509,2023,13,2023-03-18,Moneragala,0.717939862804878
509,2023,13,2023-03-18,Mullaitivu,0.6875301271564546
509,2023,13,2023-03-18,NuwaraEliya,0.8003125501933374
509,2023,13,2023-03-18,Polonnaruwa,0.5782148237656157
509,2023,13,2023-03-18,Puttalam,0.6483159019928615
509,2023,13,2023-03-18,Ratnapura,0.8153065753271862
509,2023,13,2023-03-18,Trincomalee,0.6513382977283295
509,2023,13,2023-03-18,Vavuniya,0.6092393627305176
510,2023,14,2023-03-25,Ampara,0.6502919165110072
510,2023,14,2023-03-25,Anuradhapura,0.6127648088935158
510,2023,14,2023-03-25,Badulla,0.8185361782421179
510,2023,14,2023-03-25,Batticaloa,0.5647719865407497
510,2023,14,2023-03-25,Colombo,0.6562790972635336
510,2023,14,2023-03-25,Galle,0.7789690920582987
510,2023,14,2023-03-25,Gampaha,0.681198728435455
510,2023,14,2023-03-25,Hambantota,0.6145767325996431
510,2023,14,2023-03-25,Jaffna,0.4643988181209674
510,2023,14,2023-03-25,Kalutara,0.7336745575550268
510,2023,14,2023-03-25,Kandy,0.7219149260113028
510,2023,14,2023-03-25,Kegalle,0.8245453059934562
510,2023,14,2023-03-25,Kilinochchi,0.42207409842225807
510,2023,14,2023-03-25,Kurunegala,0.6490811744123308
510,2023,14,2023-03-25,Mannar,0.7088733082986318
510,2023,14,2023-03-25,Matale,0.7332229829714456
510,2023,14,2023-03-25,Matara,0.8003494460142773
510,2023,14,2023-03-25,Moneragala,0.750373395672219
510,2023,14,2023-03-25,Mullaitivu,0.7373267883700179
510,2023,14,2023-03-25,NuwaraEliya,0.8067000241671625
510,2023,14,2023-03-25,Polonnaruwa,0.5467833767102915
510,2023,14,2023-03-25,Puttalam,0.6340991039559786
510,2023,14,2023-03-25,Ratnapura,0.8034177926085664
510,2023,14,2023-03-25,Trincomalee,0.7303496442648203
510,2023,14,2023-03-25,Vavuniya,0.6430136860499703
511,2023,15,2023-04-01,Ampara,0.654491289263141
511,2023,15,2023-04-01,Anuradhapura,0.6274008291195717
511,2023,15,2023-04-01,Badulla,0.8255130744348602
511,2023,15,2023-04-01,Batticaloa,0.5656632566180846
511,2023,15,2023-04-01,Colombo,0.6424188150654373
511,2023,15,2023-04-01,Galle,0.7917337726799525
511,2023,15,2023-04-01,Gampaha,0.6898212243456276
511,2023,15,2023-04-01,Hambantota,0.6176603509815586
511,2023,15,2023-04-01,Jaffna,0.4697448614974817
511,2023,15,2023-04-01,Kalutara,0.7487579751635931
511,2023,15,2023-04-01,Kandy,0.7299320029000596
511,2023,15,2023-04-01,Kegalle,0.8343213879387269
511,2023,15,2023-04-01,Kilinochchi,0.4316684598870441
511,2023,15,2023-04-01,Kurunegala,0.6724735713256619
511,2023,15,2023-04-01,Mannar,0.7239221650059489
511,2023,15,2023-04-01,Matale,0.7310530859607377
511,2023,15,2023-04-01,Matara,0.8027254573170732
511,2023,15,2023-04-01,Moneragala,0.751961613251041
511,2023,15,2023-04-01,Mullaitivu,0.7485171958655562
511,2023,15,2023-04-01,NuwaraEliya,0.8005091519185009
511,2023,15,2023-04-01,Polonnaruwa,0.5542970664782868
511,2023,15,2023-04-01,Puttalam,0.6607014630428316
511,2023,15,2023-04-01,Ratnapura,0.8072206963860797
511,2023,15,2023-04-01,Trincomalee,0.7432647268942882
511,2023,15,2023-04-01,Vavuniya,0.6516080662552053
512,2023,16,2023-04-08,Ampara,0.638722309841734
512,2023,16,2023-04-08,Anuradhapura,0.6431687871802498
512,2023,16,2023-04-08,Badulla,0.8240459008774539
512,2023,16,2023-04-08,Batticaloa,0.5568984997769185
512,2023,16,2023-04-08,Colombo,0.6263840626859013
512,2023,16,2023-04-08,Galle,0.8128488343991671
512,2023,16,2023-04-08,Gampaha,0.7026130632807853
512,2023,16,2023-04-08,Hambantota,0.622172248661511
512,2023,16,2023-04-08,Jaffna,0.4650873164478168
512,2023,16,2023-04-08,Kalutara,0.7811084585068412
512,2023,16,2023-04-08,Kandy,0.7362864756841166
512,2023,16,2023-04-08,Kegalle,0.8483860109309934
512,2023,16,2023-04-08,Kilinochchi,0.44036832894438394
512,2023,16,2023-04-08,Kurunegala,0.7001400105886253
512,2023,16,2023-04-08,Mannar,0.7432105015615705
512,2023,16,2023-04-08,Matale,0.7245229104699584
512,2023,16,2023-04-08,Matara,0.8092605777810827
512,2023,16,2023-04-08,Moneragala,0.7451374721148126
512,2023,16,2023-04-08,Mullaitivu,0.7491786250743605
512,2023,16,2023-04-08,NuwaraEliya,0.7908878216091613
512,2023,16,2023-04-08,Polonnaruwa,0.5724321571980964
512,2023,16,2023-04-08,Puttalam,0.6984363195270673
512,2023,16,2023-04-08,Ratnapura,0.8153031510261749
512,2023,16,2023-04-08,Trincomalee,0.7381535557309319
512,2023,16,2023-04-08,Vavuniya,0.6533351892474718
513,2023,17,2023-04-15,Ampara,0.61198266640033
513,2023,17,2023-04-15,Anuradhapura,0.6370229532272457
513,2023,17,2023-04-15,Badulla,0.814422878866746
513,2023,17,2023-04-15,Batticaloa,0.5575725907198097
513,2023,17,2023-04-15,Colombo,0.5702210607525283
513,2023,17,2023-04-15,Galle,0.7899388905413445
513,2023,17,2023-04-15,Gampaha,0.7034659280190363
513,2023,17,2023-04-15,Hambantota,0.5938122806365259
513,2023,17,2023-04-15,Jaffna,0.4581898327749765
513,2023,17,2023-04-15,Kalutara,0.7311773070345032
513,2023,17,2023-04-15,Kandy,0.7419412998215348
513,2023,17,2023-04-15,Kegalle,0.8410717578822129
513,2023,17,2023-04-15,Kilinochchi,0.43593095411813987
513,2023,17,2023-04-15,Kurunegala,0.6984031882064248
513,2023,17,2023-04-15,Mannar,0.6923456090124925
513,2023,17,2023-04-15,Matale,0.7323745519779893
513,2023,17,2023-04-15,Matara,0.7983046772754314
513,2023,17,2023-04-15,Moneragala,0.7425033239143367
513,2023,17,2023-04-15,Mullaitivu,0.7169347059042237
513,2023,17,2023-04-15,NuwaraEliya,0.7608576107971445
513,2023,17,2023-04-15,Polonnaruwa,0.5868874070493754
513,2023,17,2023-04-15,Puttalam,0.7193004498810233
513,2023,17,2023-04-15,Ratnapura,0.8183151862730517
513,2023,17,2023-04-15,Trincomalee,0.744907119137413
513,2023,17,2023-04-15,Vavuniya,0.6281018627305176
514,2023,18,2023-04-22,Ampara,0.5742723589389293
514,2023,18,2023-04-22,Anuradhapura,0.6089633272605592
514,2023,18,2023-04-22,Badulla,0.7966440084027365
514,2023,18,2023-04-22,Batticaloa,0.567685529446758
514,2023,18,2023-04-22,Colombo,0.4739298092653183
514,2023,18,2023-04-22,Galle,0.7230039411064842
514,2023,18,2023-04-22,Gampaha,0.6923798185603808
514,2023,18,2023-04-22,Hambantota,0.5325804469066032
514,2023,18,2023-04-22,Jaffna,0.44905241047896066
514,2023,18,2023-04-22,Kalutara,0.5989645207465795
514,2023,18,2023-04-22,Kandy,0.7468964753123142
514,2023,18,2023-04-22,Kegalle,0.8123786287923855
514,2023,18,2023-04-22,Kilinochchi,0.41835633540831185
514,2023,18,2023-04-22,Kurunegala,0.6672631041790601
514,2023,18,2023-04-22,Mannar,0.5713274873587151
514,2023,18,2023-04-22,Matale,0.7546080104848305
514,2023,18,2023-04-22,Matara,0.7698577558001191
514,2023,18,2023-04-22,Moneragala,0.7440591686496134
514,2023,18,2023-04-22,Mullaitivu,0.6517854383551458
514,2023,18,2023-04-22,NuwaraEliya,0.7104185194824509
514,2023,18,2023-04-22,Polonnaruwa,0.5976628160321238
514,2023,18,2023-04-22,Puttalam,0.7232938541046996
514,2023,18,2023-04-22,Ratnapura,0.8162568021267103
514,2023,18,2023-04-22,Trincomalee,0.7635254171137316
514,2023,18,2023-04-22,Vavuniya,0.5759080867043427
515,2023,19,2023-04-29,Ampara,0.5570563912849494
515,2023,19,2023-04-29,Anuradhapura,0.5965141024687686
515,2023,19,2023-04-29,Badulla,0.7871042627156455
515,2023,19,2023-04-29,Batticaloa,0.5809913890541345
515,2023,19,2023-04-29,Colombo,0.41112481409875073
515,2023,19,2023-04-29,Galle,0.6658456108715051
515,2023,19,2023-04-29,Gampaha,0.6739430788964902
515,2023,19,2023-04-29,Hambantota,0.5009160246876859
515,2023,19,2023-04-29,Jaffna,0.44946131710103143
515,2023,19,2023-04-29,Kalutara,0.5109905357674004
515,2023,19,2023-04-29,Kandy,0.7533175583729923
515,2023,19,2023-04-29,Kegalle,0.7947946962373588
515,2023,19,2023-04-29,Kilinochchi,0.41216998099219826
515,2023,19,2023-04-29,Kurunegala,0.635561763831053
515,2023,19,2023-04-29,Mannar,0.5059515857376562
515,2023,19,2023-04-29,Matale,0.7675440176977989
515,2023,19,2023-04-29,Matara,0.7420883941850089
515,2023,19,2023-04-29,Moneragala,0.7483771806216538
515,2023,19,2023-04-29,Mullaitivu,0.6185280803837002
515,2023,19,2023-04-29,NuwaraEliya,0.6835457019631173
515,2023,19,2023-04-29,Polonnaruwa,0.6037990221594289
515,2023,19,2023-04-29,Puttalam,0.7206214158239144
515,2023,19,2023-04-29,Ratnapura,0.8163343452558002
515,2023,19,2023-04-29,Trincomalee,0.7799280404623408
515,2023,19,2023-04-29,Vavuniya,0.5455699007287329
516,2023,20,2023-05-06,Ampara,0.6149863362581797
516,2023,20,2023-05-06,Anuradhapura,0.641303015318263
516,2023,20,2023-05-06,Badulla,0.807774641210589
516,2023,20,2023-05-06,Batticaloa,0.6060046252230815
516,2023,20,2023-05-06,Colombo,0.471102758774539
516,2023,20,2023-05-06,Galle,0.644534884369423
516,2023,20,2023-05-06,Gampaha,0.6285540284800714
516,2023,20,2023-05-06,Hambantota,0.5776654446757882
516,2023,20,2023-05-06,Jaffna,0.48487342975608605
516,2023,20,2023-05-06,Kalutara,0.5852254889202856
516,2023,20,2023-05-06,Kandy,0.7651136358566331
516,2023,20,2023-05-06,Kegalle,0.8179444843099346
516,2023,20,2023-05-06,Kilinochchi,0.4477405956530377
516,2023,20,2023-05-06,Kurunegala,0.6018024836406901
516,2023,20,2023-05-06,Mannar,0.6445971575698989
516,2023,20,2023-05-06,Matale,0.7463893701665676
516,2023,20,2023-05-06,Matara,0.7168034187239739
516,2023,20,2023-05-06,Moneragala,0.762823139128495
516,2023,20,2023-05-06,Mullaitivu,0.7022077241969067
516,2023,20,2023-05-06,NuwaraEliya,0.7430825550267698
516,2023,20,2023-05-06,Polonnaruwa,0.5929248178167758
516,2023,20,2023-05-06,Puttalam,0.6935075550267699
516,2023,20,2023-05-06,Ratnapura,0.824243621728138
516,2023,20,2023-05-06,Trincomalee,0.7882065235093493
516,2023,20,2023-05-06,Vavuniya,0.595368878271862
517,2023,21,2023-05-13,Ampara,0.6729162812314099
517,2023,21,2023-05-13,Anuradhapura,0.6860919281677572
517,2023,21,2023-05-13,Badulla,0.8284450197055324
517,2023,21,2023-05-13,Batticaloa,0.6310178613920285
517,2023,21,2023-05-13,Colombo,0.5310807034503272
517,2023,21,2023-05-13,Galle,0.6232241578673409
517,2023,21,2023-05-13,Gampaha,0.5831649780636525
517,2023,21,2023-05-13,Hambantota,0.6544148646638905
517,2023,21,2023-05-13,Jaffna,0.5202855424111408
517,2023,21,2023-05-13,Kalutara,0.6594604420731707
517,2023,21,2023-05-13,Kandy,0.7769097133402737
517,2023,21,2023-05-13,Kegalle,0.8410942723825106
517,2023,21,2023-05-13,Kilinochchi,0.48331121031387714
517,2023,21,2023-05-13,Kurunegala,0.5680432034503271
517,2023,21,2023-05-13,Mannar,0.7832427294021416
517,2023,21,2023-05-13,Matale,0.7252347226353362
517,2023,21,2023-05-13,Matara,0.6915184432629388
517,2023,21,2023-05-13,Moneragala,0.7772690976353361
517,2023,21,2023-05-13,Mullaitivu,0.7858873680101132
517,2023,21,2023-05-13,NuwaraEliya,0.8026194080904224
517,2023,21,2023-05-13,Polonnaruwa,0.5820506134741225
517,2023,21,2023-05-13,Puttalam,0.6663936942296252
517,2023,21,2023-05-13,Ratnapura,0.8321528982004759
517,2023,21,2023-05-13,Trincomalee,0.7964850065563578
517,2023,21,2023-05-13,Vavuniya,0.6451678558149911
518,2023,22,2023-05-20,Ampara,0.6907397085068412
518,2023,22,2023-05-20,Anuradhapura,0.687559873215348
518,2023,22,2023-05-20,Badulla,0.83032064433373
518,2023,22,2023-05-20,Batticaloa,0.6103679933819155
518,2023,22,2023-05-20,Colombo,0.5513344549375372
518,2023,22,2023-05-20,Galle,0.651244893292683
518,2023,22,2023-05-20,Gampaha,0.5995870464009518
518,2023,22,2023-05-20,Hambantota,0.6646314098750743
518,2023,22,2023-05-20,Jaffna,0.5017720252263891
518,2023,22,2023-05-20,Kalutara,0.6783186384592504
518,2023,22,2023-05-20,Kandy,0.7704658908387865
518,2023,22,2023-05-20,Kegalle,0.8137060771118383
518,2023,22,2023-05-20,Kilinochchi,0.4869215926321365
518,2023,22,2023-05-20,Kurunegala,0.6097201981707318
518,2023,22,2023-05-20,Mannar,0.7794878160321238
518,2023,22,2023-05-20,Matale,0.7120951145151696
518,2023,22,2023-05-20,Matara,0.6742254517400357
518,2023,22,2023-05-20,Moneragala,0.7748971036585366
518,2023,22,2023-05-20,Mullaitivu,0.7756694173854849
518,2023,22,2023-05-20,NuwaraEliya,0.8042920750297443
518,2023,22,2023-05-20,Polonnaruwa,0.6020764463117192
518,2023,22,2023-05-20,Puttalam,0.6654110852914932
518,2023,22,2023-05-20,Ratnapura,0.820922772903034
518,2023,22,2023-05-20,Trincomalee,0.7950677182757946
518,2023,22,2023-05-20,Vavuniya,0.6690780989738251
519,2023,23,2023-05-27,Ampara,0.7054780190362879
519,2023,23,2023-05-27,Anuradhapura,0.6856954361243308
519,2023,23,2023-05-27,Badulla,0.8307505186644855
519,2023,23,2023-05-27,Batticaloa,0.5862055788964902
519,2023,23,2023-05-27,Colombo,0.568532499256395
519,2023,23,2023-05-27,Galle,0.6830603565585961
519,2023,23,2023-05-27,Gampaha,0.6207638161808446
519,2023,23,2023-05-27,Hambantota,0.6697300416418798
519,2023,23,2023-05-27,Jaffna,0.47911038266934464
519,2023,23,2023-05-27,Kalutara,0.6929170843248067
519,2023,23,2023-05-27,Kandy,0.7626189991076741
519,2023,23,2023-05-27,Kegalle,0.7824303446609162
519,2023,23,2023-05-27,Kilinochchi,0.4880734955394282
519,2023,23,2023-05-27,Kurunegala,0.6571999832688876
519,2023,23,2023-05-27,Mannar,0.764779019185009
519,2023,23,2023-05-27,Matale,0.6995720478881619
519,2023,23,2023-05-27,Matara,0.6575472282123735
519,2023,23,2023-05-27,Moneragala,0.7712314210291493
519,2023,23,2023-05-27,Mullaitivu,0.7582285748810232
519,2023,23,2023-05-27,NuwaraEliya,0.801513650728733
519,2023,23,2023-05-27,Polonnaruwa,0.6244792050862582
519,2023,23,2023-05-27,Puttalam,0.6664385726502082
519,2023,23,2023-05-27,Ratnapura,0.8082203859309935
519,2023,23,2023-05-27,Trincomalee,0.792904601431572
519,2023,23,2023-05-27,Vavuniya,0.6909969010261748
520,2023,24,2023-06-03,Ampara,0.7222318430249852
520,2023,24,2023-06-03,Anuradhapura,0.6740365388905414
520,2023,24,2023-06-03,Badulla,0.8297890671475313
520,2023,24,2023-06-03,Batticaloa,0.5756297981112434
520,2023,24,2023-06-03,Colombo,0.5918691218024985
520,2023,24,2023-06-03,Galle,0.679796633328376
520,2023,24,2023-06-03,Gampaha,0.6359695363622844
520,2023,24,2023-06-03,Hambantota,0.6582129198769613
520,2023,24,2023-06-03,Jaffna,0.4640420706035689
520,2023,24,2023-06-03,Kalutara,0.6777744385782273
520,2023,24,2023-06-03,Kandy,0.7160705513831054
520,2023,24,2023-06-03,Kegalle,0.7011978026472339
520,2023,24,2023-06-03,Kilinochchi,0.4779009439971672
520,2023,24,2023-06-03,Kurunegala,0.6677004628941108
520,2023,24,2023-06-03,Mannar,0.7584501003866746
520,2023,24,2023-06-03,Matale,0.6894852320047591
520,2023,24,2023-06-03,Matara,0.6718655320493754
520,2023,24,2023-06-03,Moneragala,0.7775109625966687
520,2023,24,2023-06-03,Mullaitivu,0.7513755316775729
520,2023,24,2023-06-03,NuwaraEliya,0.7165937462819751
520,2023,24,2023-06-03,Polonnaruwa,0.6572919281677573
520,2023,24,2023-06-03,Puttalam,0.6752499256395004
520,2023,24,2023-06-03,Ratnapura,0.7642607506692445
520,2023,24,2023-06-03,Trincomalee,0.7940682518656716
520,2023,24,2023-06-03,Vavuniya,0.6871275208209399
521,2023,25,2023-06-10,Ampara,0.7401053967132659
521,2023,25,2023-06-10,Anuradhapura,0.6569362749107674
521,2023,25,2023-06-10,Badulla,0.8280546568262939
521,2023,25,2023-06-10,Batticaloa,0.5726021471594289
521,2023,25,2023-06-10,Colombo,0.6186160655859607
521,2023,25,2023-06-10,Galle,0.6570444731558597
521,2023,25,2023-06-10,Gampaha,0.6478580067668055
521,2023,25,2023-06-10,Hambantota,0.6374648239277518
521,2023,25,2023-06-10,Jaffna,0.4531922754773869
521,2023,25,2023-06-10,Kalutara,0.6461089641582392
521,2023,25,2023-06-10,Kandy,0.6480212392177276
521,2023,25,2023-06-10,Kegalle,0.5922114775431291
521,2023,25,2023-06-10,Kilinochchi,0.4614370288718215
521,2023,25,2023-06-10,Kurunegala,0.6576568839232599
521,2023,25,2023-06-10,Mannar,0.7567766693932184
521,2023,25,2023-06-10,Matale,0.6807518887566926
521,2023,25,2023-06-10,Matara,0.703404128866746
521,2023,25,2023-06-10,Moneragala,0.789315628718025
521,2023,25,2023-06-10,Mullaitivu,0.7504045991969066
521,2023,25,2023-06-10,NuwaraEliya,0.5860396861986913
521,2023,25,2023-06-10,Polonnaruwa,0.6958879647531232
521,2023,25,2023-06-10,Puttalam,0.6883856484235574
521,2023,25,2023-06-10,Ratnapura,0.7029359774687687
521,2023,25,2023-06-10,Trincomalee,0.7970801063432836
521,2023,25,2023-06-10,Vavuniya,0.6689313726948245
522,2023,26,2023-06-17,Ampara,0.7510678390838788
522,2023,26,2023-06-17,Anuradhapura,0.648237390318263
522,2023,26,2023-06-17,Badulla,0.828112613399762
522,2023,26,2023-06-17,Batticaloa,0.5681328413146937
522,2023,26,2023-06-17,Colombo,0.6213548297144557
522,2023,26,2023-06-17,Galle,0.6427682573616895
522,2023,26,2023-06-17,Gampaha,0.6384776825550268
522,2023,26,2023-06-17,Hambantota,0.6167387454688313
522,2023,26,2023-06-17,Jaffna,0.44723114936337055
522,2023,26,2023-06-17,Kalutara,0.596028381543724
522,2023,26,2023-06-17,Kandy,0.5828890615704937
522,2023,26,2023-06-17,Kegalle,0.5236041679060084
522,2023,26,2023-06-17,Kilinochchi,0.45810499225339635
522,2023,26,2023-06-17,Kurunegala,0.6250370761451517
522,2023,26,2023-06-17,Mannar,0.7578400711497608
522,2023,26,2023-06-17,Matale,0.6497796995835813
522,2023,26,2023-06-17,Matara,0.7310190846222486
522,2023,26,2023-06-17,Moneragala,0.7923570865556216
522,2023,26,2023-06-17,Mullaitivu,0.7570702297739441
522,2023,26,2023-06-17,NuwaraEliya,0.5080794225907198
522,2023,26,2023-06-17,Polonnaruwa,0.7246434767251636
522,2023,26,2023-06-17,Puttalam,0.6930152364663891
522,2023,26,2023-06-17,Ratnapura,0.624084137046401
522,2023,26,2023-06-17,Trincomalee,0.7901868015375093
522,2023,26,2023-06-17,Vavuniya,0.6572683242861392
523,2023,27,2023-06-24,Ampara,0.7495902810826889
523,2023,27,2023-06-24,Anuradhapura,0.6546609886228436
523,2023,27,2023-06-24,Badulla,0.8313968303837002
523,2023,27,2023-06-24,Batticaloa,0.5610685566627008
523,2023,27,2023-06-24,Colombo,0.5808788704640095
523,2023,27,2023-06-24,Galle,0.6437487414485425
523,2023,27,2023-06-24,Gampaha,0.5908135280339084
523,2023,27,2023-06-24,Hambantota,0.5960522984924312
523,2023,27,2023-06-24,Jaffna,0.4500696274712525
523,2023,27,2023-06-24,Kalutara,0.51280060417906
523,2023,27,2023-06-24,Kandy,0.523007726055919
523,2023,27,2023-06-24,Kegalle,0.5276790861094587
523,2023,27,2023-06-24,Kilinochchi,0.4784103369474284
523,2023,27,2023-06-24,Kurunegala,0.5517800565139798
523,2023,27,2023-06-24,Mannar,0.7638297718563011
523,2023,27,2023-06-24,Matale,0.5787775877453897
523,2023,27,2023-06-24,Matara,0.751571486466389
523,2023,27,2023-06-24,Moneragala,0.779624769482451
523,2023,27,2023-06-24,Mullaitivu,0.7774816738548483
523,2023,27,2023-06-24,NuwaraEliya,0.5247879926383106
523,2023,27,2023-06-24,Polonnaruwa,0.7356860443932184
523,2023,27,2023-06-24,Puttalam,0.6823337819750149
523,2023,27,2023-06-24,Ratnapura,0.5136835756246282
523,2023,27,2023-06-24,Trincomalee,0.76546421002164
523,2023,27,2023-06-24,Vavuniya,0.657364855368828
524,2023,28,2023-07-01,Ampara,0.7480157123735871
524,2023,28,2023-07-01,Anuradhapura,0.6590602022605593
524,2023,28,2023-07-01,Badulla,0.8346295638756693
524,2023,28,2023-07-01,Batticaloa,0.5531549096519929
524,2023,28,2023-07-01,Colombo,0.5442163462968471
524,2023,28,2023-07-01,Galle,0.6442636990630577
524,2023,28,2023-07-01,Gampaha,0.5482776212076145
524,2023,28,2023-07-01,Hambantota,0.5753393141686591
524,2023,28,2023-07-01,Jaffna,0.4517099971339556
524,2023,28,2023-07-01,Kalutara,0.4417707595925045
524,2023,28,2023-07-01,Kandy,0.474445006692445
524,2023,28,2023-07-01,Kegalle,0.5359003662254611
524,2023,28,2023-07-01,Kilinochchi,0.4953454181741089
524,2023,28,2023-07-01,Kurunegala,0.4872266359309935
524,2023,28,2023-07-01,Mannar,0.7690458281570928
524,2023,28,2023-07-01,Matale,0.5176530673706128
524,2023,28,2023-07-01,Matara,0.7713977636079715
524,2023,28,2023-07-01,Moneragala,0.7684619199881023
524,2023,28,2023-07-01,Mullaitivu,0.7958358120166568
524,2023,28,2023-07-01,NuwaraEliya,0.5468264202855443
524,2023,28,2023-07-01,Polonnaruwa,0.7473213377453897
524,2023,28,2023-07-01,Puttalam,0.6708708897233789
524,2023,28,2023-07-01,Ratnapura,0.4216043203450327
524,2023,28,2023-07-01,Trincomalee,0.7429023175430262
524,2023,28,2023-07-01,Vavuniya,0.6560741987656157
525,2023,29,2023-07-08,Ampara,0.74518000446163
525,2023,29,2023-07-08,Anuradhapura,0.6371424152290304
525,2023,29,2023-07-08,Badulla,0.8371930119720404
525,2023,29,2023-07-08,Batticaloa,0.5341995519779893
525,2023,29,2023-07-08,Colombo,0.5571284782123737
525,2023,29,2023-07-08,Galle,0.6387268125371803
525,2023,29,2023-07-08,Gampaha,0.5724089344140392
525,2023,29,2023-07-08,Hambantota,0.5542813443290496
525,2023,29,2023-07-08,Jaffna,0.4377749570093332
525,2023,29,2023-07-08,Kalutara,0.5293140411213564
525,2023,29,2023-07-08,Kandy,0.5730242972932779
525,2023,29,2023-07-08,Kegalle,0.5980243512046401
525,2023,29,2023-07-08,Kilinochchi,0.46846707432521945
525,2023,29,2023-07-08,Kurunegala,0.53582000297442
525,2023,29,2023-07-08,Mannar,0.7642045071831527
525,2023,29,2023-07-08,Matale,0.5849372360202261
525,2023,29,2023-07-08,Matara,0.7817844196162999
525,2023,29,2023-07-08,Moneragala,0.7777021490184415
525,2023,29,2023-07-08,Mullaitivu,0.7874449732302202
525,2023,29,2023-07-08,NuwaraEliya,0.6381529967281381
525,2023,29,2023-07-08,Polonnaruwa,0.7666620649910768
525,2023,29,2023-07-08,Puttalam,0.6492493065883403
525,2023,29,2023-07-08,Ratnapura,0.5677020449137419
525,2023,29,2023-07-08,Trincomalee,0.7484295125487337
525,2023,29,2023-07-08,Vavuniya,0.6367501022456871
526,2023,30,2023-07-15,Ampara,0.7423442965496729
526,2023,30,2023-07-15,Anuradhapura,0.6152246281975016
526,2023,30,2023-07-15,Badulla,0.8397564600684116
526,2023,30,2023-07-15,Batticaloa,0.5152441943039857
526,2023,30,2023-07-15,Colombo,0.5700406101279001
526,2023,30,2023-07-15,Galle,0.6331899260113029
526,2023,30,2023-07-15,Gampaha,0.596540247620464
526,2023,30,2023-07-15,Hambantota,0.5332233744894402
526,2023,30,2023-07-15,Jaffna,0.4238399168847109
526,2023,30,2023-07-15,Kalutara,0.6168573226502083
526,2023,30,2023-07-15,Kandy,0.6716035878941107
526,2023,30,2023-07-15,Kegalle,0.6601483361838192
526,2023,30,2023-07-15,Kilinochchi,0.44158873047633
526,2023,30,2023-07-15,Kurunegala,0.5844133700178467
526,2023,30,2023-07-15,Mannar,0.7593631862092126
526,2023,30,2023-07-15,Matale,0.6522214046698394
526,2023,30,2023-07-15,Matara,0.7921710756246283
526,2023,30,2023-07-15,Moneragala,0.7869423780487805
526,2023,30,2023-07-15,Mullaitivu,0.7790541344437836
526,2023,30,2023-07-15,NuwaraEliya,0.7294795731707318
526,2023,30,2023-07-15,Polonnaruwa,0.7860027922367638
526,2023,30,2023-07-15,Puttalam,0.6276277234533016
526,2023,30,2023-07-15,Ratnapura,0.7137997694824509
526,2023,30,2023-07-15,Trincomalee,0.7539567075544411
526,2023,30,2023-07-15,Vavuniya,0.6174260057257585
527,2023,31,2023-07-22,Ampara,0.7194457967727544
527,2023,31,2023-07-22,Anuradhapura,0.5970559042236764
527,2023,31,2023-07-22,Badulla,0.8258853658536586
527,2023,31,2023-07-22,Batticaloa,0.4831521758003934
527,2023,31,2023-07-22,Colombo,0.5513665136079715
527,2023,31,2023-07-22,Galle,0.6298749609607377
527,2023,31,2023-07-22,Gampaha,0.5986760596371207
527,2023,31,2023-07-22,Hambantota,0.5282530121579417
527,2023,31,2023-07-22,Jaffna,0.4238434941249656
527,2023,31,2023-07-22,Kalutara,0.6348560529446758
527,2023,31,2023-07-22,Kandy,0.6865055194080905
527,2023,31,2023-07-22,Kegalle,0.7194395021564546
527,2023,31,2023-07-22,Kilinochchi,0.42274837488532324
527,2023,31,2023-07-22,Kurunegala,0.5946549115110055
527,2023,31,2023-07-22,Mannar,0.7531033567047897
527,2023,31,2023-07-22,Matale,0.6559486726650803
527,2023,31,2023-07-22,Matara,0.7875867136377157
527,2023,31,2023-07-22,Moneragala,0.7686675565139798
527,2023,31,2023-07-22,Mullaitivu,0.768728377825699
527,2023,31,2023-07-22,NuwaraEliya,0.7560925639500299
527,2023,31,2023-07-22,Polonnaruwa,0.7827785507138608
527,2023,31,2023-07-22,Puttalam,0.632512148646639
527,2023,31,2023-07-22,Ratnapura,0.7608932610797146
527,2023,31,2023-07-22,Trincomalee,0.7461733225418341
527,2023,31,2023-07-22,Vavuniya,0.5930727301457466
528,2023,32,2023-07-29,Ampara,0.6910756264872101
528,2023,32,2023-07-29,Anuradhapura,0.5799096519928615
528,2023,32,2023-07-29,Badulla,0.8075321237358716
528,2023,32,2023-07-29,Batticaloa,0.4474774316160041
528,2023,32,2023-07-29,Colombo,0.5240779911511005
528,2023,32,2023-07-29,Galle,0.6271659744943486
528,2023,32,2023-07-29,Gampaha,0.5948130986020226
528,2023,32,2023-07-29,Hambantota,0.5276701791468372
528,2023,32,2023-07-29,Jaffna,0.4276485124647322
528,2023,32,2023-07-29,Kalutara,0.6338880874479477
528,2023,32,2023-07-29,Kandy,0.6785863529892922
528,2023,32,2023-07-29,Kegalle,0.7779580811273052
528,2023,32,2023-07-29,Kilinochchi,0.4061001979101027
528,2023,32,2023-07-29,Kurunegala,0.5944368642177276
528,2023,32,2023-07-29,Mannar,0.7464566612375076
528,2023,32,2023-07-29,Matale,0.6423422404818561
528,2023,32,2023-07-29,Matara,0.7789193467430101
528,2023,32,2023-07-29,Moneragala,0.7428886302795955
528,2023,32,2023-07-29,Mullaitivu,0.7578749163444379
528,2023,32,2023-07-29,NuwaraEliya,0.7650563950029745
528,2023,32,2023-07-29,Polonnaruwa,0.7734002267995241
528,2023,32,2023-07-29,Puttalam,0.6446254852022606
528,2023,32,2023-07-29,Ratnapura,0.7809855982302201
528,2023,32,2023-07-29,Trincomalee,0.734759779342414
528,2023,32,2023-07-29,Vavuniya,0.567347860276621
529,2023,33,2023-08-05,Ampara,0.671616024687686
529,2023,33,2023-08-05,Anuradhapura,0.5568189953896491
529,2023,33,2023-08-05,Badulla,0.798458774538965
529,2023,33,2023-08-05,Batticaloa,0.42945406329402097
529,2023,33,2023-08-05,Colombo,0.5327113808744796
529,2023,33,2023-08-05,Galle,0.6530226539262344
529,2023,33,2023-08-05,Gampaha,0.6032276212076145
529,2023,33,2023-08-05,Hambantota,0.5136551736317668
529,2023,33,2023-08-05,Jaffna,0.42759369341118053
529,2023,33,2023-08-05,Kalutara,0.6566247230071387
529,2023,33,2023-08-05,Kandy,0.6694164076442595
529,2023,33,2023-08-05,Kegalle,0.7779080067668055
529,2023,33,2023-08-05,Kilinochchi,0.3904663144146786
529,2023,33,2023-08-05,Kurunegala,0.583238764128495
529,2023,33,2023-08-05,Mannar,0.7335534791318851
529,2023,33,2023-08-05,Matale,0.6293618939619274
529,2023,33,2023-08-05,Matara,0.7683081499107675
529,2023,33,2023-08-05,Moneragala,0.7310093341017252
529,2023,33,2023-08-05,Mullaitivu,0.7514123048036884
529,2023,33,2023-08-05,NuwaraEliya,0.7732557982599644
529,2023,33,2023-08-05,Polonnaruwa,0.759942885559191
529,2023,33,2023-08-05,Puttalam,0.6297312258328376
529,2023,33,2023-08-05,Ratnapura,0.7804631618084473
529,2023,33,2023-08-05,Trincomalee,0.7275695782948134
529,2023,33,2023-08-05,Vavuniya,0.5530438875669245
530,2023,34,2023-08-12,Ampara,0.6610669913741821
530,2023,34,2023-08-12,Anuradhapura,0.5277839344140393
530,2023,34,2023-08-12,Badulla,0.7986653182629387
530,2023,34,2023-08-12,Batticaloa,0.4290820708344439
530,2023,34,2023-08-12,Colombo,0.5772666827781083
530,2023,34,2023-08-12,Galle,0.707444999256395
530,2023,34,2023-08-12,Gampaha,0.6239196274538965
530,2023,34,2023-08-12,Hambantota,0.4862079956127306
530,2023,34,2023-08-12,Jaffna,0.4236790369643107
530,2023,34,2023-08-12,Kalutara,0.7030659596222487
530,2023,34,2023-08-12,Kandy,0.6589956833729923
530,2023,34,2023-08-12,Kegalle,0.7192892790749554
530,2023,34,2023-08-12,Kilinochchi,0.37584672439905104
530,2023,34,2023-08-12,Kurunegala,0.5610606112433076
530,2023,34,2023-08-12,Mannar,0.7143938103879219
530,2023,34,2023-08-12,Matale,0.6170076331052945
530,2023,34,2023-08-12,Matara,0.7557531231409875
530,2023,34,2023-08-12,Moneragala,0.7330296679803688
530,2023,34,2023-08-12,Mullaitivu,0.7493405432034503
530,2023,34,2023-08-12,NuwaraEliya,0.7806907737209995
530,2023,34,2023-08-12,Polonnaruwa,0.7424065269928614
530,2023,34,2023-08-12,Puttalam,0.58782937053837
530,2023,34,2023-08-12,Ratnapura,0.7593259518143962
530,2023,34,2023-08-12,Trincomalee,0.7246027193990322
530,2023,34,2023-08-12,Vavuniya,0.5501608120166568
531,2023,35,2023-08-19,Ampara,0.6510252175044616
531,2023,35,2023-08-19,Anuradhapura,0.49401618828078525
531,2023,35,2023-08-19,Badulla,0.7973242285098157
531,2023,35,2023-08-19,Batticaloa,0.42665134392522114
531,2023,35,2023-08-19,Colombo,0.6061270411957169
531,2023,35,2023-08-19,Galle,0.7368701312462821
531,2023,35,2023-08-19,Gampaha,0.6166857729773945
531,2023,35,2023-08-19,Hambantota,0.46509954454193936
531,2023,35,2023-08-19,Jaffna,0.4082634764516318
531,2023,35,2023-08-19,Kalutara,0.7200006078970851
531,2023,35,2023-08-19,Kandy,0.652086869794765
531,2023,35,2023-08-19,Kegalle,0.6705416232897085
531,2023,35,2023-08-19,Kilinochchi,0.36349611506253754
531,2023,35,2023-08-19,Kurunegala,0.5296185752528257
531,2023,35,2023-08-19,Mannar,0.6991135703514294
531,2023,35,2023-08-19,Matale,0.6062017028554433
531,2023,35,2023-08-19,Matara,0.7254260912403332
531,2023,35,2023-08-19,Moneragala,0.7216530432034504
531,2023,35,2023-08-19,Mullaitivu,0.7447819917459845
531,2023,35,2023-08-19,NuwaraEliya,0.7768054952409281
531,2023,35,2023-08-19,Polonnaruwa,0.7184733956722189
531,2023,35,2023-08-19,Puttalam,0.5507789578375967
531,2023,35,2023-08-19,Ratnapura,0.7094521583135039
531,2023,35,2023-08-19,Trincomalee,0.7288984728782297
531,2023,35,2023-08-19,Vavuniya,0.5530478677126711
532,2023,36,2023-08-26,Ampara,0.642843394928614
532,2023,36,2023-08-26,Anuradhapura,0.44289526323616896
532,2023,36,2023-08-26,Badulla,0.7903084826740037
532,2023,36,2023-08-26,Batticaloa,0.4166719240339644
532,2023,36,2023-08-26,Colombo,0.5774392734979179
532,2023,36,2023-08-26,Galle,0.6746388143218323
532,2023,36,2023-08-26,Gampaha,0.5070570958506841
532,2023,36,2023-08-26,Hambantota,0.46723309228138016
532,2023,36,2023-08-26,Jaffna,0.3506779343643197
532,2023,36,2023-08-26,Kalutara,0.6287444322575847
532,2023,36,2023-08-26,Kandy,0.6580550620910173
532,2023,36,2023-08-26,Kegalle,0.6579878978286734
532,2023,36,2023-08-26,Kilinochchi,0.35946510154944233
532,2023,36,2023-08-26,Kurunegala,0.46420896787626414
532,2023,36,2023-08-26,Mannar,0.6980579022423289
532,2023,36,2023-08-26,Matale,0.6010729848304581
532,2023,36,2023-08-26,Matara,0.6299350405264724
532,2023,36,2023-08-26,Moneragala,0.6611542366894706
532,2023,36,2023-08-26,Mullaitivu,0.7311052108120166
532,2023,36,2023-08-26,NuwaraEliya,0.7314126189767995
532,2023,36,2023-08-26,Polonnaruwa,0.6710854309190958
532,2023,36,2023-08-26,Puttalam,0.5315171679803689
532,2023,36,2023-08-26,Ratnapura,0.5542108919541939
532,2023,36,2023-08-26,Trincomalee,0.7598238050656824
532,2023,36,2023-08-26,Vavuniya,0.5770920713117192
533,2023,37,2023-09-02,Ampara,0.6346615723527662
533,2023,37,2023-09-02,Anuradhapura,0.39177433819155266
533,2023,37,2023-09-02,Badulla,0.7832927368381917
533,2023,37,2023-09-02,Batticaloa,0.4066925041427077
533,2023,37,2023-09-02,Colombo,0.5487515058001189
533,2023,37,2023-09-02,Galle,0.6124074973973825
533,2023,37,2023-09-02,Gampaha,0.39742841872397383
533,2023,37,2023-09-02,Hambantota,0.469366640020821
533,2023,37,2023-09-02,Jaffna,0.2930923922770077
533,2023,37,2023-09-02,Kalutara,0.5374882566180844
533,2023,37,2023-09-02,Kandy,0.6640232543872696
533,2023,37,2023-09-02,Kegalle,0.6454341723676383
533,2023,37,2023-09-02,Kilinochchi,0.35543408803634713
533,2023,37,2023-09-02,Kurunegala,0.39879936049970255
533,2023,37,2023-09-02,Mannar,0.6970022341332285
533,2023,37,2023-09-02,Matale,0.595944266805473
533,2023,37,2023-09-02,Matara,0.5344439898126117
533,2023,37,2023-09-02,Moneragala,0.6006554301754908
533,2023,37,2023-09-02,Mullaitivu,0.7174284298780488
533,2023,37,2023-09-02,NuwaraEliya,0.6860197427126711
533,2023,37,2023-09-02,Polonnaruwa,0.6236974661659727
533,2023,37,2023-09-02,Puttalam,0.512255378123141
533,2023,37,2023-09-02,Ratnapura,0.3989696255948841
533,2023,37,2023-09-02,Trincomalee,0.7907491372531351
533,2023,37,2023-09-02,Vavuniya,0.6011362749107674
534,2023,38,2023-09-09,Ampara,0.6348521593011043
534,2023,38,2023-09-09,Anuradhapura,0.42732679022903036
534,2023,38,2023-09-09,Badulla,0.8030225721296848
534,2023,38,2023-09-09,Batticaloa,0.41772561975733974
534,2023,38,2023-09-09,Colombo,0.5465187332688876
534,2023,38,2023-09-09,Galle,0.6210703822129685
534,2023,38,2023-09-09,Gampaha,0.4622930342801904
534,2023,38,2023-09-09,Hambantota,0.5658484997769185
534,2023,38,2023-09-09,Jaffna,0.3190465358263822
534,2023,38,2023-09-09,Kalutara,0.5916233975312314
534,2023,38,2023-09-09,Kandy,0.6906140113771565
534,2023,38,2023-09-09,Kegalle,0.6749430547293278
534,2023,38,2023-09-09,Kilinochchi,0.3549094364221936
534,2023,38,2023-09-09,Kurunegala,0.4980248494199881
534,2023,38,2023-09-09,Mannar,0.7043639834919692
534,2023,38,2023-09-09,Matale,0.6087032848750744
534,2023,38,2023-09-09,Matara,0.5684371151844141
534,2023,38,2023-09-09,Moneragala,0.633434620389649
534,2023,38,2023-09-09,Mullaitivu,0.7287822557257585
534,2023,38,2023-09-09,NuwaraEliya,0.7340969443732561
534,2023,38,2023-09-09,Polonnaruwa,0.590327494794765
534,2023,38,2023-09-09,Puttalam,0.5750629275728733
534,2023,38,2023-09-09,Ratnapura,0.5231417441255206
534,2023,38,2023-09-09,Trincomalee,0.7946654153444557
534,2023,38,2023-09-09,Vavuniya,0.5853583116448543
535,2023,39,2023-09-16,Ampara,0.6356867777513028
535,2023,39,2023-09-16,Anuradhapura,0.4695464251189768
535,2023,39,2023-09-16,Badulla,0.824809759815586
535,2023,39,2023-09-16,Batticaloa,0.4303750842570402
535,2023,39,2023-09-16,Colombo,0.5463209603658536
535,2023,39,2023-09-16,Galle,0.6351866671624034
535,2023,39,2023-09-16,Gampaha,0.5405802108120167
535,2023,39,2023-09-16,Hambantota,0.6695879219958358
535,2023,39,2023-09-16,Jaffna,0.35142680904011736
535,2023,39,2023-09-16,Kalutara,0.656942485871505
535,2023,39,2023-09-16,Kandy,0.718791119497323
535,2023,39,2023-09-16,Kegalle,0.7076875223081499
535,2023,39,2023-09-16,Kilinochchi,0.35465450495411244
535,2023,39,2023-09-16,Kurunegala,0.6099145765169542
535,2023,39,2023-09-16,Mannar,0.7123732265020821
535,2023,39,2023-09-16,Matale,0.6228382826442594
535,2023,39,2023-09-16,Matara,0.6123905617935753
535,2023,39,2023-09-16,Moneragala,0.6733890411213563
535,2023,39,2023-09-16,Mullaitivu,0.7420615128643665
535,2023,39,2023-09-16,NuwaraEliya,0.7893641520280499
535,2023,39,2023-09-16,Polonnaruwa,0.5580358306067816
535,2023,39,2023-09-16,Puttalam,0.644183503123141
535,2023,39,2023-09-16,Ratnapura,0.6688071999553837
535,2023,39,2023-09-16,Trincomalee,0.7965040738899198
535,2023,39,2023-09-16,Vavuniya,0.5665171047739441
536,2023,40,2023-09-23,Ampara,0.6471780649038462
536,2023,40,2023-09-23,Anuradhapura,0.5081011767549078
536,2023,40,2023-09-23,Badulla,0.8200334287626413
536,2023,40,2023-09-23,Batticaloa,0.4479572552027705
536,2023,40,2023-09-23,Colombo,0.5538820233491969
536,2023,40,2023-09-23,Galle,0.6251785785990481
536,2023,40,2023-09-23,Gampaha,0.5284626617340868
536,2023,40,2023-09-23,Hambantota,0.7131689223458569
536,2023,40,2023-09-23,Jaffna,0.3680577665439037
536,2023,40,2023-09-23,Kalutara,0.64645253569304
536,2023,40,2023-09-23,Kandy,0.7418052070939917
536,2023,40,2023-09-23,Kegalle,0.7199098416121357
536,2023,40,2023-09-23,Kilinochchi,0.36149832335046933
536,2023,40,2023-09-23,Kurunegala,0.6557386824879696
536,2023,40,2023-09-23,Mannar,0.7082686756395004
536,2023,40,2023-09-23,Matale,0.6365389240035694
536,2023,40,2023-09-23,Matara,0.6493553223527663
536,2023,40,2023-09-23,Moneragala,0.7107728435455087
536,2023,40,2023-09-23,Mullaitivu,0.7442503513533612
536,2023,40,2023-09-23,NuwaraEliya,0.7960455468495493
536,2023,40,2023-09-23,Polonnaruwa,0.5577225591165972
536,2023,40,2023-09-23,Puttalam,0.667203857450922
536,2023,40,2023-09-23,Ratnapura,0.7380168761154076
536,2023,40,2023-09-23,Trincomalee,0.7961391024687686
536,2023,40,2023-09-23,Vavuniya,0.5560893218322427
537,2023,41,2023-08-31,Ampara,0.6369992359458656
537,2023,41,2023-08-31,Anuradhapura,0.4063803167757287
537,2023,41,2023-08-31,Badulla,0.7852972356484237
537,2023,41,2023-08-31,Batticaloa,0.40954376696878103
537,2023,41,2023-08-31,Colombo,0.5569480108566329
537,2023,41,2023-08-31,Galle,0.6301878736615111
537,2023,41,2023-08-31,Gampaha,0.4287508979030339
537,2023,41,2023-08-31,Hambantota,0.4687570549524093
537,2023,41,2023-08-31,Jaffna,0.309545404301954
537,2023,41,2023-08-31,Kalutara,0.5635614496579416
537,2023,41,2023-08-31,Kandy,0.6623180565883403
537,2023,41,2023-08-31,Kegalle,0.6490209510707912
537,2023,41,2023-08-31,Kilinochchi,0.3565858061829458
537,2023,41,2023-08-31,Kurunegala,0.4174878197501487
537,2023,41,2023-08-31,Mannar,0.6973038535929714
537,2023,41,2023-08-31,Matale,0.5974096148126116
537,2023,41,2023-08-31,Matara,0.561727147159429
537,2023,41,2023-08-31,Moneragala,0.6179408034651993
537,2023,41,2023-08-31,Mullaitivu,0.7213360815734682
537,2023,41,2023-08-31,NuwaraEliya,0.6989891359309935
537,2023,41,2023-08-31,Polonnaruwa,0.637236884666865
537,2023,41,2023-08-31,Puttalam,0.5177587466537775
537,2023,41,2023-08-31,Ratnapura,0.44332427312611544
537,2023,41,2023-08-31,Trincomalee,0.7819133280567201
537,2023,41,2023-08-31,Vavuniya,0.5942665024538965
538,2023,42,2023-10-07,Ampara,0.6781644147576421
538,2023,42,2023-10-07,Anuradhapura,0.5820313410916123
538,2023,42,2023-10-07,Badulla,0.7971171809934563
538,2023,42,2023-10-07,Batticaloa,0.491533566252588
538,2023,42,2023-10-07,Colombo,0.5908058856335515
538,2023,42,2023-10-07,Galle,0.6229857859904819
538,2023,42,2023-10-07,Gampaha,0.47013082986317667
538,2023,42,2023-10-07,Hambantota,0.7334606998092029
538,2023,42,2023-10-07,Jaffna,0.37227660087005204
538,2023,42,2023-10-07,Kalutara,0.5992337615258775
538,2023,42,2023-10-07,Kandy,0.7722264611838192
538,2023,42,2023-10-07,Kegalle,0.7337542143813206
538,2023,42,2023-10-07,Kilinochchi,0.3781389753267629
538,2023,42,2023-10-07,Kurunegala,0.6804522480141764
538,2023,42,2023-10-07,Mannar,0.6787433094140393
538,2023,42,2023-10-07,Matale,0.6668768515764426
538,2023,42,2023-10-07,Matara,0.7263134629684711
538,2023,42,2023-10-07,Moneragala,0.7723622899315884
538,2023,42,2023-10-07,Mullaitivu,0.7185159949434861
538,2023,42,2023-10-07,NuwaraEliya,0.7664393069601428
538,2023,42,2023-10-07,Polonnaruwa,0.597245369199881
538,2023,42,2023-10-07,Puttalam,0.6787108250297442
538,2023,42,2023-10-07,Ratnapura,0.7898199286139203
538,2023,42,2023-10-07,Trincomalee,0.7962410339993963
538,2023,42,2023-10-07,Vavuniya,0.5684455625371803
539,2023,43,2023-10-14,Ampara,0.6848325645405784
539,2023,43,2023-10-14,Anuradhapura,0.6210497564693636
539,2023,43,2023-10-14,Badulla,0.8228073579714457
539,2023,43,2023-10-14,Batticaloa,0.5200634454796411
539,2023,43,2023-10-14,Colombo,0.6395836741522903
539,2023,43,2023-10-14,Galle,0.7245343508328377
539,2023,43,2023-10-14,Gampaha,0.5935767251635932
539,2023,43,2023-10-14,Hambantota,0.743543264316988
539,2023,43,2023-10-14,Jaffna,0.3478351837246077
539,2023,43,2023-10-14,Kalutara,0.7090091742266509
539,2023,43,2023-10-14,Kandy,0.7647355554729328
539,2023,43,2023-10-14,Kegalle,0.7687412793723973
539,2023,43,2023-10-14,Kilinochchi,0.37510998658357914
539,2023,43,2023-10-14,Kurunegala,0.7076937091205366
539,2023,43,2023-10-14,Mannar,0.6459106911808448
539,2023,43,2023-10-14,Matale,0.6899101204640096
539,2023,43,2023-10-14,Matara,0.7896183335812017
539,2023,43,2023-10-14,Moneragala,0.7794166065585961
539,2023,43,2023-10-14,Mullaitivu,0.6647333209399168
539,2023,43,2023-10-14,NuwaraEliya,0.7769711629982154
539,2023,43,2023-10-14,Polonnaruwa,0.6276277271713266
539,2023,43,2023-10-14,Puttalam,0.722848380800119
539,2023,43,2023-10-14,Ratnapura,0.8118909577632362
539,2023,43,2023-10-14,Trincomalee,0.8038368096260222
539,2023,43,2023-10-14,Vavuniya,0.629509865779298
540,2023,44,2023-10-21,Ampara,0.6900198918219296
540,2023,44,2023-10-21,Anuradhapura,0.6554098697337813
540,2023,44,2023-10-21,Badulla,0.845974894036288
540,2023,44,2023-10-21,Batticaloa,0.5468180805750648
540,2023,44,2023-10-21,Colombo,0.6857640801606187
540,2023,44,2023-10-21,Galle,0.8178404167906009
540,2023,44,2023-10-21,Gampaha,0.7071958901596214
540,2023,44,2023-10-21,Hambantota,0.7518840720939934
540,2023,44,2023-10-21,Jaffna,0.32993650322407125
540,2023,44,2023-10-21,Kalutara,0.81058688838489
540,2023,44,2023-10-21,Kandy,0.7581509744956774
540,2023,44,2023-10-21,Kegalle,0.8022984811867936
540,2023,44,2023-10-21,Kilinochchi,0.37622239501690696
540,2023,44,2023-10-21,Kurunegala,0.7325167715381946
540,2023,44,2023-10-21,Mannar,0.6186716796240359
540,2023,44,2023-10-21,Matale,0.7121304371259031
540,2023,44,2023-10-21,Matara,0.8446183038370019
540,2023,44,2023-10-21,Moneragala,0.7850319006543724
540,2023,44,2023-10-21,Mullaitivu,0.6194332930547294
540,2023,44,2023-10-21,NuwaraEliya,0.7793302888905413
540,2023,44,2023-10-21,Polonnaruwa,0.6531488837321991
540,2023,44,2023-10-21,Puttalam,0.7625245110797144
540,2023,44,2023-10-21,Ratnapura,0.8320922014425937
540,2023,44,2023-10-21,Trincomalee,0.8063451234730333
540,2023,44,2023-10-21,Vavuniya,0.6854250212999846
541,2023,45,2023-10-28,Ampara,0.6759565265826752
541,2023,45,2023-10-28,Anuradhapura,0.6292120555248636
541,2023,45,2023-10-28,Badulla,0.8363480982302202
541,2023,45,2023-10-28,Batticaloa,0.5504945419593046
541,2023,45,2023-10-28,Colombo,0.698178513533611
541,2023,45,2023-10-28,Galle,0.8039939972486616
541,2023,45,2023-10-28,Gampaha,0.6930675611986027
541,2023,45,2023-10-28,Hambantota,0.7375820423708628
541,2023,45,2023-10-28,Jaffna,0.39709339910733743
541,2023,45,2023-10-28,Kalutara,0.8055945214901844
541,2023,45,2023-10-28,Kandy,0.763348615055623
541,2023,45,2023-10-28,Kegalle,0.8172674617043427
541,2023,45,2023-10-28,Kilinochchi,0.43117296674488503
541,2023,45,2023-10-28,Kurunegala,0.7259006510027217
541,2023,45,2023-10-28,Mannar,0.6641495548602399
541,2023,45,2023-10-28,Matale,0.7237823748540414
541,2023,45,2023-10-28,Matara,0.7916545694527067
541,2023,45,2023-10-28,Moneragala,0.7719399018441404
541,2023,45,2023-10-28,Mullaitivu,0.6844076647085069
541,2023,45,2023-10-28,NuwaraEliya,0.6754439228881619
541,2023,45,2023-10-28,Polonnaruwa,0.6154744219556219
541,2023,45,2023-10-28,Puttalam,0.7442021099791791
541,2023,45,2023-10-28,Ratnapura,0.8279862340124926
541,2023,45,2023-10-28,Trincomalee,0.7427164341850514
541,2023,45,2023-10-28,Vavuniya,0.6744012564420655
542,2023,46,2023-11-04,Ampara,0.6618931613434208
542,2023,46,2023-11-04,Anuradhapura,0.6030142413159458
542,2023,46,2023-11-04,Badulla,0.8267213024241523
542,2023,46,2023-11-04,Batticaloa,0.5541710033435445
542,2023,46,2023-11-04,Colombo,0.7105929469066032
542,2023,46,2023-11-04,Galle,0.7901475777067223
542,2023,46,2023-11-04,Gampaha,0.6789392322375841
542,2023,46,2023-11-04,Hambantota,0.7232800126477321
542,2023,46,2023-11-04,Jaffna,0.4642502949906036
542,2023,46,2023-11-04,Kalutara,0.8006021545954789
542,2023,46,2023-11-04,Kandy,0.7685462556155687
542,2023,46,2023-11-04,Kegalle,0.8322364422218917
542,2023,46,2023-11-04,Kilinochchi,0.4861235384728631
542,2023,46,2023-11-04,Kurunegala,0.7192845304672488
542,2023,46,2023-11-04,Mannar,0.7096274300964438
542,2023,46,2023-11-04,Matale,0.7354343125821797
542,2023,46,2023-11-04,Matara,0.7386908350684116
542,2023,46,2023-11-04,Moneragala,0.7588479030339085
542,2023,46,2023-11-04,Mullaitivu,0.7493820363622843
542,2023,46,2023-11-04,NuwaraEliya,0.5715575568857822
542,2023,46,2023-11-04,Polonnaruwa,0.5777999601790444
542,2023,46,2023-11-04,Puttalam,0.7258797088786437
542,2023,46,2023-11-04,Ratnapura,0.8238802665823914
542,2023,46,2023-11-04,Trincomalee,0.6790877448970695
542,2023,46,2023-11-04,Vavuniya,0.6633774915841464
543,2023,47,2023-11-11,Ampara,0.648804525180821
543,2023,47,2023-11-11,Anuradhapura,0.5991886596507168
543,2023,47,2023-11-11,Badulla,0.8231403963414635
543,2023,47,2023-11-11,Batticaloa,0.6074520362037753
543,2023,47,2023-11-11,Colombo,0.7005952688132064
543,2023,47,2023-11-11,Galle,0.7789361931142178
543,2023,47,2023-11-11,Gampaha,0.6761889982300961
543,2023,47,2023-11-11,Hambantota,0.7255703209662855
543,2023,47,2023-11-11,Jaffna,0.4473866330152767
543,2023,47,2023-11-11,Kalutara,0.7970872378792385
543,2023,47,2023-11-11,Kandy,0.7723268684934006
543,2023,47,2023-11-11,Kegalle,0.850253121281975
543,2023,47,2023-11-11,Kilinochchi,0.5061102317317256
543,2023,47,2023-11-11,Kurunegala,0.7322931502274732
543,2023,47,2023-11-11,Mannar,0.6869987581504593
543,2023,47,2023-11-11,Matale,0.7341751887812691
543,2023,47,2023-11-11,Matara,0.7487994590273647
543,2023,47,2023-11-11,Moneragala,0.7559764444527067
543,2023,47,2023-11-11,Mullaitivu,0.7414079760521568
543,2023,47,2023-11-11,NuwaraEliya,0.6188188838488995
543,2023,47,2023-11-11,Polonnaruwa,0.5542820870793339
543,2023,47,2023-11-11,Puttalam,0.7204142530487806
543,2023,47,2023-11-11,Ratnapura,0.8235183521713266
543,2023,47,2023-11-11,Trincomalee,0.6225115197924811
543,2023,47,2023-11-11,Vavuniya,0.638874802222342
544,2023,48,2023-11-18,Ampara,0.6359817242209451
544,2023,48,2023-11-18,Anuradhapura,0.6014645959519483
544,2023,48,2023-11-18,Badulla,0.8212083692742416
544,2023,48,2023-11-18,Batticaloa,0.6742615885574581
544,2023,48,2023-11-18,Colombo,0.6844851966835218
544,2023,48,2023-11-18,Galle,0.7684434544170137
544,2023,48,2023-11-18,Gampaha,0.6765418810281165
544,2023,48,2023-11-18,Hambantota,0.7323858123871163
544,2023,48,2023-11-18,Jaffna,0.40760827344215167
544,2023,48,2023-11-18,Kalutara,0.7939752621207614
544,2023,48,2023-11-18,Kandy,0.7757210192761106
544,2023,48,2023-11-18,Kegalle,0.8691009908536586
544,2023,48,2023-11-18,Kilinochchi,0.5165613217717384
544,2023,48,2023-11-18,Kurunegala,0.750653971886524
544,2023,48,2023-11-18,Mannar,0.6457955733366053
544,2023,48,2023-11-18,Matale,0.729394866381527
544,2023,48,2023-11-18,Matara,0.7761096352617489
544,2023,48,2023-11-18,Moneragala,0.7558924059339679
544,2023,48,2023-11-18,Mullaitivu,0.7135388888427825
544,2023,48,2023-11-18,NuwaraEliya,0.7073023088935159
544,2023,48,2023-11-18,Polonnaruwa,0.5346251018005871
544,2023,48,2023-11-18,Puttalam,0.7184552368381916
544,2023,48,2023-11-18,Ratnapura,0.8241775431290899
544,2023,48,2023-11-18,Trincomalee,0.5678586940106365
544,2023,48,2023-11-18,Vavuniya,0.6106960425412962
545,2023,49,2023-11-25,Ampara,0.6266892892876559
545,2023,49,2023-11-25,Anuradhapura,0.6159579074288046
545,2023,49,2023-11-25,Badulla,0.7645947371356336
545,2023,49,2023-11-25,Batticaloa,0.7182571608815074
545,2023,49,2023-11-25,Colombo,0.6693552703004165
545,2023,49,2023-11-25,Galle,0.7711774780636526
545,2023,49,2023-11-25,Gampaha,0.6854474624479476
545,2023,49,2023-11-25,Hambantota,0.7239382036423841
545,2023,49,2023-11-25,Jaffna,0.3892578265186713
545,2023,49,2023-11-25,Kalutara,0.7979955904223677
545,2023,49,2023-11-25,Kandy,0.7758793144982901
545,2023,49,2023-11-25,Kegalle,0.8727320326442595
545,2023,49,2023-11-25,Kilinochchi,0.5176364828245106
545,2023,49,2023-11-25,Kurunegala,0.7639397280438914
545,2023,49,2023-11-25,Mannar,0.6325553957571708
545,2023,49,2023-11-25,Matale,0.72060209576255
545,2023,49,2023-11-25,Matara,0.7818663779000595
545,2023,49,2023-11-25,Moneragala,0.7582484254164188
545,2023,49,2023-11-25,Mullaitivu,0.6811671811539068
545,2023,49,2023-11-25,NuwaraEliya,0.7513578431737062
545,2023,49,2023-11-25,Polonnaruwa,0.5461127230814992
545,2023,49,2023-11-25,Puttalam,0.709993632882213
545,2023,49,2023-11-25,Ratnapura,0.8270655896787628
545,2023,49,2023-11-25,Trincomalee,0.5832617301346157
545,2023,49,2023-11-25,Vavuniya,0.6225546781938588
546,2023,50,2023-12-02,Ampara,0.6209272203809533
546,2023,50,2023-12-02,Anuradhapura,0.6426685940812856
546,2023,50,2023-12-02,Badulla,0.6532994999256396
546,2023,50,2023-12-02,Batticaloa,0.7394387531759229
546,2023,50,2023-12-02,Colombo,0.6552054896638906
546,2023,50,2023-12-02,Galle,0.7871382640541345
546,2023,50,2023-12-02,Gampaha,0.7029057424895896
546,2023,50,2023-12-02,Hambantota,0.7002274947320892
546,2023,50,2023-12-02,Jaffna,0.3923352922448356
546,2023,50,2023-12-02,Kalutara,0.8091482227840572
546,2023,50,2023-12-02,Kandy,0.7728017541599389
546,2023,50,2023-12-02,Kegalle,0.8611462466537776
546,2023,50,2023-12-02,Kilinochchi,0.509335714890042
546,2023,50,2023-12-02,Kurunegala,0.7721504186995756
546,2023,50,2023-12-02,Mannar,0.6472782254121557
546,2023,50,2023-12-02,Matale,0.7077968769243382
546,2023,50,2023-12-02,Matara,0.7660696869422964
546,2023,50,2023-12-02,Moneragala,0.7630445029000594
546,2023,50,2023-12-02,Mullaitivu,0.6442928529855299
546,2023,50,2023-12-02,NuwaraEliya,0.7509854866894706
546,2023,50,2023-12-02,Polonnaruwa,0.5887449509220702
546,2023,50,2023-12-02,Puttalam,0.6950294411808448
546,2023,50,2023-12-02,Ratnapura,0.8321824918203451
546,2023,50,2023-12-02,Trincomalee,0.6687206281644188
546,2023,50,2023-12-02,Vavuniya,0.6744507091800298
547,2023,51,2023-12-09,Ampara,0.6117694970484073
547,2023,51,2023-12-09,Anuradhapura,0.6607080643961928
547,2023,51,2023-12-09,Badulla,0.579547618604997
547,2023,51,2023-12-09,Batticaloa,0.7439534607606045
547,2023,51,2023-12-09,Colombo,0.6494436737804878
547,2023,51,2023-12-09,Galle,0.8014682294765021
547,2023,51,2023-12-09,Gampaha,0.7187462299226651
547,2023,51,2023-12-09,Hambantota,0.6881323425744088
547,2023,51,2023-12-09,Jaffna,0.399019588106362
547,2023,51,2023-12-09,Kalutara,0.8179349196906603
547,2023,51,2023-12-09,Kandy,0.7699579338819939
547,2023,51,2023-12-09,Kegalle,0.8527049561273052
547,2023,51,2023-12-09,Kilinochchi,0.5080649750721296
547,2023,51,2023-12-09,Kurunegala,0.7790416011492076
547,2023,51,2023-12-09,Mannar,0.6545205736912553
547,2023,51,2023-12-09,Matale,0.6873216593545509
547,2023,51,2023-12-09,Matara,0.7610485072129686
547,2023,51,2023-12-09,Moneragala,0.7665715924301011
547,2023,51,2023-12-09,Mullaitivu,0.6087611538587911
547,2023,51,2023-12-09,NuwaraEliya,0.7567757398869721
547,2023,51,2023-12-09,Polonnaruwa,0.6176239087596669
547,2023,51,2023-12-09,Puttalam,0.6781821014277216
547,2023,51,2023-12-09,Ratnapura,0.8354040489292088
547,2023,51,2023-12-09,Trincomalee,0.7136226241055457
547,2023,51,2023-12-09,Vavuniya,0.7150306212095201
548,2023,52,2023-12-16,Ampara,0.5901610408211028
548,2023,52,2023-12-16,Anuradhapura,0.6469530748066628
548,2023,52,2023-12-16,Badulla,0.6434547088786438
548,2023,52,2023-12-16,Batticaloa,0.6873562577429281
548,2023,52,2023-12-16,Colombo,0.6744377286585366
548,2023,52,2023-12-16,Galle,0.809818519482451
548,2023,52,2023-12-16,Gampaha,0.7286548111243308
548,2023,52,2023-12-16,Hambantota,0.7186275651763151
548,2023,52,2023-12-16,Jaffna,0.4189289277975493
548,2023,52,2023-12-16,Kalutara,0.818046519928614
548,2023,52,2023-12-16,Kandy,0.7679711604922045
548,2023,52,2023-12-16,Kegalle,0.8557934823022011
548,2023,52,2023-12-16,Kilinochchi,0.5325710050149226
548,2023,52,2023-12-16,Kurunegala,0.7810945868433152
548,2023,52,2023-12-16,Mannar,0.6343344902587746
548,2023,52,2023-12-16,Matale,0.6387231131023201
548,2023,52,2023-12-16,Matara,0.7955375353212375
548,2023,52,2023-12-16,Moneragala,0.7654457261302796
548,2023,52,2023-12-16,Mullaitivu,0.5781524278847262
548,2023,52,2023-12-16,NuwaraEliya,0.7851622285841762
548,2023,52,2023-12-16,Polonnaruwa,0.5960742099196906
548,2023,52,2023-12-16,Puttalam,0.6544298854848305
548,2023,52,2023-12-16,Ratnapura,0.831676007584771
548,2023,52,2023-12-16,Trincomalee,0.60981597905486
548,2023,52,2023-12-16,Vavuniya,0.7141180970645151
549,2024,1,2023-12-23,Ampara,0.5685525845937981
549,2024,1,2023-12-23,Anuradhapura,0.6331980852171327
549,2024,1,2023-12-23,Badulla,0.7073617991522904
549,2024,1,2023-12-23,Batticaloa,0.6307590547252517
549,2024,1,2023-12-23,Colombo,0.6994317835365853
549,2024,1,2023-12-23,Galle,0.8181688094883998
549,2024,1,2023-12-23,Gampaha,0.7385633923259965
549,2024,1,2023-12-23,Hambantota,0.7491227877782214
549,2024,1,2023-12-23,Jaffna,0.43883826748873667
549,2024,1,2023-12-23,Kalutara,0.8181581201665676
549,2024,1,2023-12-23,Kandy,0.7659843871024151
549,2024,1,2023-12-23,Kegalle,0.858882008477097
549,2024,1,2023-12-23,Kilinochchi,0.5570770349577157
549,2024,1,2023-12-23,Kurunegala,0.7831475725374228
549,2024,1,2023-12-23,Mannar,0.614148406826294
549,2024,1,2023-12-23,Matale,0.5901245668500893
549,2024,1,2023-12-23,Matara,0.8300265634295063
549,2024,1,2023-12-23,Moneragala,0.7643198598304581
549,2024,1,2023-12-23,Mullaitivu,0.5475437019106614
549,2024,1,2023-12-23,NuwaraEliya,0.8135487172813801
549,2024,1,2023-12-23,Polonnaruwa,0.5745245110797145
549,2024,1,2023-12-23,Puttalam,0.6306776695419393
549,2024,1,2023-12-23,Ratnapura,0.8279479662403332
549,2024,1,2023-12-23,Trincomalee,0.5060093340041742
549,2024,1,2023-12-23,Vavuniya,0.7132055729195103
550,2024,2,2023-12-30,Ampara,0.6189492530753771
550,2024,2,2023-12-30,Anuradhapura,0.6782511600237954
550,2024,2,2023-12-30,Badulla,0.6757731112433076
550,2024,2,2023-12-30,Batticaloa,0.6430774506760657
550,2024,2,2023-12-30,Colombo,0.7117168352171327
550,2024,2,2023-12-30,Galle,0.8275793575252826
550,2024,2,2023-12-30,Gampaha,0.7520125520523498
550,2024,2,2023-12-30,Hambantota,0.7501889152133121
550,2024,2,2023-12-30,Jaffna,0.5219243186921058
550,2024,2,2023-12-30,Kalutara,0.8013024985127901
550,2024,2,2023-12-30,Kandy,0.772710291493159
550,2024,2,2023-12-30,Kegalle,0.8447200475907198
550,2024,2,2023-12-30,Kilinochchi,0.5638961091320639
550,2024,2,2023-12-30,Kurunegala,0.7860520286839427
550,2024,2,2023-12-30,Mannar,0.7077832242712672
550,2024,2,2023-12-30,Matale,0.6414449137418203
550,2024,2,2023-12-30,Matara,0.8382705829863177
550,2024,2,2023-12-30,Moneragala,0.7900272159428912
550,2024,2,2023-12-30,Mullaitivu,0.6488642859778002
550,2024,2,2023-12-30,NuwaraEliya,0.8065453599048186
550,2024,2,2023-12-30,Polonnaruwa,0.6008535990481856
550,2024,2,2023-12-30,Puttalam,0.7095123140987507
550,2024,2,2023-12-30,Ratnapura,0.8052881618084473
550,2024,2,2023-12-30,Trincomalee,0.5405248032005024
550,2024,2,2023-12-30,Vavuniya,0.6902190957763237
551,2024,3,2024-01-06,Ampara,0.670507124953934
551,2024,3,2024-01-06,Anuradhapura,0.7205129201368233
551,2024,3,2024-01-06,Badulla,0.6465446999553837
551,2024,3,2024-01-06,Batticaloa,0.6574806617393185
551,2024,3,2024-01-06,Colombo,0.7209462633848901
551,2024,3,2024-01-06,Galle,0.8361164448245093
551,2024,3,2024-01-06,Gampaha,0.7642506506543725
551,2024,3,2024-01-06,Hambantota,0.7496625175183443
551,2024,3,2024-01-06,Jaffna,0.601452564834019
551,2024,3,2024-01-06,Kalutara,0.7855787012938727
551,2024,3,2024-01-06,Kandy,0.7794586035098157
551,2024,3,2024-01-06,Kegalle,0.8308299301011304
551,2024,3,2024-01-06,Kilinochchi,0.567511446630115
551,2024,3,2024-01-06,Kurunegala,0.7875893542914673
551,2024,3,2024-01-06,Mannar,0.8031740816478288
551,2024,3,2024-01-06,Matale,0.6978273386377156
551,2024,3,2024-01-06,Matara,0.843661375297442
551,2024,3,2024-01-06,Moneragala,0.8162283350684117
551,2024,3,2024-01-06,Mullaitivu,0.7522966779446758
551,2024,3,2024-01-06,NuwaraEliya,0.7984506618084474
551,2024,3,2024-01-06,Polonnaruwa,0.6340125092950625
551,2024,3,2024-01-06,Puttalam,0.7895582691608861
551,2024,3,2024-01-06,Ratnapura,0.784262360574063
551,2024,3,2024-01-06,Trincomalee,0.583345618091446
551,2024,3,2024-01-06,Vavuniya,0.6665151212076146
552,2024,4,2024-01-13,Ampara,0.6651555162843191
552,2024,4,2024-01-13,Anuradhapura,0.6676795248364069
552,2024,4,2024-01-13,Badulla,0.7434956629238548
552,2024,4,2024-01-13,Batticaloa,0.6300708702957861
552,2024,4,2024-01-13,Colombo,0.7031615890838787
552,2024,4,2024-01-13,Galle,0.8322382845032719
552,2024,4,2024-01-13,Gampaha,0.7572043761154075
552,2024,4,2024-01-13,Hambantota,0.7578623882994313
552,2024,4,2024-01-13,Jaffna,0.5715526336648253
552,2024,4,2024-01-13,Kalutara,0.8015358436198692
552,2024,4,2024-01-13,Kandy,0.7777855368828079
552,2024,4,2024-01-13,Kegalle,0.837724263831053
552,2024,4,2024-01-13,Kilinochchi,0.5471651631047478
552,2024,4,2024-01-13,Kurunegala,0.770502512439641
552,2024,4,2024-01-13,Mannar,0.8075725572575848
552,2024,4,2024-01-13,Matale,0.7200978844437834
552,2024,4,2024-01-13,Matara,0.8382052219660916
552,2024,4,2024-01-13,Moneragala,0.8220151509518144
552,2024,4,2024-01-13,Mullaitivu,0.7512532625669245
552,2024,4,2024-01-13,NuwaraEliya,0.8115583804283165
552,2024,4,2024-01-13,Polonnaruwa,0.7080803223527663
552,2024,4,2024-01-13,Puttalam,0.7827644002925289
552,2024,4,2024-01-13,Ratnapura,0.8034103639946459
552,2024,4,2024-01-13,Trincomalee,0.595813812765375
552,2024,4,2024-01-13,Vavuniya,0.6555576331052945
553,2024,5,2024-01-20,Ampara,0.6598039076147043
553,2024,5,2024-01-20,Anuradhapura,0.6148461295359905
553,2024,5,2024-01-20,Badulla,0.840446625892326
553,2024,5,2024-01-20,Batticaloa,0.6026610788522536
553,2024,5,2024-01-20,Colombo,0.6853769147828673
553,2024,5,2024-01-20,Galle,0.8283601241820345
553,2024,5,2024-01-20,Gampaha,0.7501581015764427
553,2024,5,2024-01-20,Hambantota,0.7660622590805184
553,2024,5,2024-01-20,Jaffna,0.5416527024956317
553,2024,5,2024-01-20,Kalutara,0.8174929859458656
553,2024,5,2024-01-20,Kandy,0.7761124702558001
553,2024,5,2024-01-20,Kegalle,0.8446185975609757
553,2024,5,2024-01-20,Kilinochchi,0.5268188795793807
553,2024,5,2024-01-20,Kurunegala,0.7534156705878147
553,2024,5,2024-01-20,Mannar,0.8119710328673408
553,2024,5,2024-01-20,Matale,0.7423684302498513
553,2024,5,2024-01-20,Matara,0.8327490686347412
553,2024,5,2024-01-20,Moneragala,0.8278019668352171
553,2024,5,2024-01-20,Mullaitivu,0.7502098471891732
553,2024,5,2024-01-20,NuwaraEliya,0.8246660990481858
553,2024,5,2024-01-20,Polonnaruwa,0.78214813541047
553,2024,5,2024-01-20,Puttalam,0.7759705314241718
553,2024,5,2024-01-20,Ratnapura,0.822558367415229
553,2024,5,2024-01-20,Trincomalee,0.608282007439304
553,2024,5,2024-01-20,Vavuniya,0.6446001450029745
554,2024,6,2023-12-27,Ampara,0.594976885548913
554,2024,6,2023-12-27,Anuradhapura,0.6570039719946918
554,2024,6,2023-12-27,Badulla,0.6924593328147166
554,2024,6,2023-12-27,Batticaloa,0.6355261953025798
554,2024,6,2023-12-27,Colombo,0.7068707911957168
554,2024,6,2023-12-27,Galle,0.8235113119480163
554,2024,6,2023-12-27,Gampaha,0.7461319040863955
554,2024,6,2023-12-27,Hambantota,0.7507021934059706
554,2024,6,2023-12-27,Jaffna,0.4842332623023482
554,2024,6,2023-12-27,Kalutara,0.8090856953278727
554,2024,6,2023-12-27,Kandy,0.7695405299043611
554,2024,6,2023-12-27,Kegalle,0.8513581567748135
554,2024,6,2023-12-27,Kilinochchi,0.5615567352255337
554,2024,6,2023-12-27,Kurunegala,0.7847791913095306
554,2024,6,2023-12-27,Mannar,0.6639016794032857
554,2024,6,2023-12-27,Matale,0.6161564499153435
554,2024,6,2023-12-27,Matara,0.8356026518098202
554,2024,6,2023-12-27,Moneragala,0.7781251658811148
554,2024,6,2023-12-27,Mullaitivu,0.6010918606070087
554,2024,6,2023-12-27,NuwaraEliya,0.8107134970026999
554,2024,6,2023-12-27,Polonnaruwa,0.5879912826614195
554,2024,6,2023-12-27,Puttalam,0.6723440534480392
554,2024,6,2023-12-27,Ratnapura,0.8156236306227979
554,2024,6,2023-12-27,Trincomalee,0.5211723895587679
554,2024,6,2023-12-27,Vavuniya,0.7007981558596074
555,2024,7,2024-02-03,Ampara,0.5608173799011338
555,2024,7,2024-02-03,Anuradhapura,0.6968990277364664
555,2024,7,2024-02-03,Badulla,0.8382573579714456
555,2024,7,2024-02-03,Batticaloa,0.5287317066512959
555,2024,7,2024-02-03,Colombo,0.6731033164782868
555,2024,7,2024-02-03,Galle,0.8032681402439025
555,2024,7,2024-02-03,Gampaha,0.7225355666270078
555,2024,7,2024-02-03,Hambantota,0.735258158401158
555,2024,7,2024-02-03,Jaffna,0.47422304435152
555,2024,7,2024-02-03,Kalutara,0.7995763942593694
555,2024,7,2024-02-03,Kandy,0.7502798148423557
555,2024,7,2024-02-03,Kegalle,0.8331940827632363
555,2024,7,2024-02-03,Kilinochchi,0.4494133305600456
555,2024,7,2024-02-03,Kurunegala,0.7257839962090541
555,2024,7,2024-02-03,Mannar,0.7642696894541763
555,2024,7,2024-02-03,Matale,0.7054196627751339
555,2024,7,2024-02-03,Matara,0.7973582149762046
555,2024,7,2024-02-03,Moneragala,0.8030951107971446
555,2024,7,2024-02-03,Mullaitivu,0.7765429022903035
555,2024,7,2024-02-03,NuwaraEliya,0.8149174988845925
555,2024,7,2024-02-03,Polonnaruwa,0.7672587763979773
555,2024,7,2024-02-03,Puttalam,0.7854678577282248
555,2024,7,2024-02-03,Ratnapura,0.8084220423111244
555,2024,7,2024-02-03,Trincomalee,0.6803816567723662
555,2024,7,2024-02-03,Vavuniya,0.7320976743753719
556,2024,8,2024-02-10,Ampara,0.5198618218709722
556,2024,8,2024-02-10,Anuradhapura,0.7024653368530637
556,2024,8,2024-02-10,Badulla,0.8355198728435456
556,2024,8,2024-02-10,Batticaloa,0.48802246348044764
556,2024,8,2024-02-10,Colombo,0.6664541753420583
556,2024,8,2024-02-10,Galle,0.8004660841760858
556,2024,8,2024-02-10,Gampaha,0.7132532272456872
556,2024,8,2024-02-10,Hambantota,0.7164337457617582
556,2024,8,2024-02-10,Jaffna,0.4575094690409829
556,2024,8,2024-02-10,Kalutara,0.7977717132659132
556,2024,8,2024-02-10,Kandy,0.7383519017697799
556,2024,8,2024-02-10,Kegalle,0.8330028424301011
556,2024,8,2024-02-10,Kilinochchi,0.42068944177350426
556,2024,8,2024-02-10,Kurunegala,0.7076939805175492
556,2024,8,2024-02-10,Mannar,0.7345397165957587
556,2024,8,2024-02-10,Matale,0.6979023535098157
556,2024,8,2024-02-10,Matara,0.7935057164634147
556,2024,8,2024-02-10,Moneragala,0.791170255800119
556,2024,8,2024-02-10,Mullaitivu,0.7470864775431292
556,2024,8,2024-02-10,NuwaraEliya,0.8034247955086259
556,2024,8,2024-02-10,Polonnaruwa,0.7319874535246876
556,2024,8,2024-02-10,Puttalam,0.7776180361392029
556,2024,8,2024-02-10,Ratnapura,0.8054049970255801
556,2024,8,2024-02-10,Trincomalee,0.6627056441540063
556,2024,8,2024-02-10,Vavuniya,0.7067962503718026
557,2024,9,2024-02-17,Ampara,0.4927409682898944
557,2024,9,2024-02-17,Anuradhapura,0.6613083246579418
557,2024,9,2024-02-17,Badulla,0.8429050081796551
557,2024,9,2024-02-17,Batticaloa,0.4447152505980636
557,2024,9,2024-02-17,Colombo,0.6578949472040453
557,2024,9,2024-02-17,Galle,0.8084481038072576
557,2024,9,2024-02-17,Gampaha,0.7093116151100536
557,2024,9,2024-02-17,Hambantota,0.6970192013571307
557,2024,9,2024-02-17,Jaffna,0.4582549352403079
557,2024,9,2024-02-17,Kalutara,0.8061104997025581
557,2024,9,2024-02-17,Kandy,0.7287615946609162
557,2024,9,2024-02-17,Kegalle,0.8398454100981558
557,2024,9,2024-02-17,Kilinochchi,0.4041472176282051
557,2024,9,2024-02-17,Kurunegala,0.6849372657644259
557,2024,9,2024-02-17,Mannar,0.7023203402634663
557,2024,9,2024-02-17,Matale,0.7062315102617489
557,2024,9,2024-02-17,Matara,0.8049648590868531
557,2024,9,2024-02-17,Moneragala,0.7818508030933968
557,2024,9,2024-02-17,Mullaitivu,0.6733019073468174
557,2024,9,2024-02-17,NuwaraEliya,0.787471531082689
557,2024,9,2024-02-17,Polonnaruwa,0.6786709863920286
557,2024,9,2024-02-17,Puttalam,0.7557846259666865
557,2024,9,2024-02-17,Ratnapura,0.80958500892326
557,2024,9,2024-02-17,Trincomalee,0.5884739986516434
557,2024,9,2024-02-17,Vavuniya,0.605879887343843
558,2024,10,2024-02-24,Ampara,0.48824582874887573
558,2024,10,2024-02-24,Anuradhapura,0.6249171698393814
558,2024,10,2024-02-24,Badulla,0.8484540545062463
558,2024,10,2024-02-24,Batticaloa,0.42289992340255905
558,2024,10,2024-02-24,Colombo,0.6482179245984533
558,2024,10,2024-02-24,Galle,0.8111650263979774
558,2024,10,2024-02-24,Gampaha,0.7022269686942296
558,2024,10,2024-02-24,Hambantota,0.6796750887432049
558,2024,10,2024-02-24,Jaffna,0.45826266511295594
558,2024,10,2024-02-24,Kalutara,0.811382133030934
558,2024,10,2024-02-24,Kandy,0.7206376357079121
558,2024,10,2024-02-24,Kegalle,0.845050860722784
558,2024,10,2024-02-24,Kilinochchi,0.3936859384579664
558,2024,10,2024-02-24,Kurunegala,0.6633925315616027
558,2024,10,2024-02-24,Mannar,0.6846969158982749
558,2024,10,2024-02-24,Matale,0.7129529019185009
558,2024,10,2024-02-24,Matara,0.8118024167162403
558,2024,10,2024-02-24,Moneragala,0.7743040842504463
558,2024,10,2024-02-24,Mullaitivu,0.6294330792682927
558,2024,10,2024-02-24,NuwaraEliya,0.774704902215943
558,2024,10,2024-02-24,Polonnaruwa,0.6332548836258179
558,2024,10,2024-02-24,Puttalam,0.7318362972189173
558,2024,10,2024-02-24,Ratnapura,0.8118021434414039
558,2024,10,2024-02-24,Trincomalee,0.5518053677706612
558,2024,10,2024-02-24,Vavuniya,0.5373675007436051
