file,bytes,sha256,source
dcs/census2012/Ampara.pdf,276296,f0420d465d7112bf09cf9560a6b78c6bef892657805957f2a78ca2a101686244,DCS Census 2012 district reports -- http://www.statistics.gov.lk/pophousat/cph2011/Pages/Activities/Reports/District/
dcs/census2012/Anuradhapura.pdf,102997,19dd40f8828334e4b44d91a69ba07d1c9bc7e6b7821f9e2f95b50cfd2d18b33c,DCS Census 2012 district reports -- http://www.statistics.gov.lk/pophousat/cph2011/Pages/Activities/Reports/District/
dcs/census2012/Anuradhapura_A1.pdf,211776,229e4afc597a53b82968207bacb10518d21263f2ecc413539f2fea234815ba07,DCS Census 2012 district reports -- http://www.statistics.gov.lk/pophousat/cph2011/Pages/Activities/Reports/District/
dcs/census2012/Badulla.pdf,221011,debc37692d2a469db7fe68ae2e512c11e0e91be36df8eff449a533939bc91a37,DCS Census 2012 district reports -- http://www.statistics.gov.lk/pophousat/cph2011/Pages/Activities/Reports/District/
dcs/census2012/Baticaloa.pdf,287832,9de32762af8f74fe13954fefad1bfaa44852434f2c909078d31d3569a59cae55,DCS Census 2012 district reports -- http://www.statistics.gov.lk/pophousat/cph2011/Pages/Activities/Reports/District/
dcs/census2012/Colombo.pdf,295545,3b9360f313202a84088acf3f15485c9fd4791f5d7f6a9cb4aac3ca70b2c4b175,DCS Census 2012 district reports -- http://www.statistics.gov.lk/pophousat/cph2011/Pages/Activities/Reports/District/
dcs/census2012/Galle.pdf,301333,f490fcf5435b7c18d103d739843edcfcc1107e91c15165ee35e914d834ada9f8,DCS Census 2012 district reports -- http://www.statistics.gov.lk/pophousat/cph2011/Pages/Activities/Reports/District/
dcs/census2012/Gampaha.pdf,305051,1d2de45fac55fc11d87aaa2d98202a2a3b284c32440d4dcce45d6ed97cf8a1cd,DCS Census 2012 district reports -- http://www.statistics.gov.lk/pophousat/cph2011/Pages/Activities/Reports/District/
dcs/census2012/Hambantota.pdf,284827,8feeb9cb917f21007863687ac051cab74109ea9a46c369060c5cc001deb18c70,DCS Census 2012 district reports -- http://www.statistics.gov.lk/pophousat/cph2011/Pages/Activities/Reports/District/
dcs/census2012/Jaffna.pdf,262570,99b9abeb1abcb23b47875f9f9b21e7ece0f7266ba13e80523c114f2ce2805ab1,DCS Census 2012 district reports -- http://www.statistics.gov.lk/pophousat/cph2011/Pages/Activities/Reports/District/
dcs/census2012/Kalutara.pdf,303173,92e1cee500e76dbbf08eec19be1bbe5bdb06674a31e85467eb5ada584f3f75a4,DCS Census 2012 district reports -- http://www.statistics.gov.lk/pophousat/cph2011/Pages/Activities/Reports/District/
dcs/census2012/Kandy.pdf,297867,735ae0a5c357f943482d337163261ea467bd1027eee8e86716bbd3e6853905f7,DCS Census 2012 district reports -- http://www.statistics.gov.lk/pophousat/cph2011/Pages/Activities/Reports/District/
dcs/census2012/Kegalle.pdf,144749,5be59153b391cc11d73000a2800e6f1580a1d53d0667dee87b8c0170bdb61c6a,DCS Census 2012 district reports -- http://www.statistics.gov.lk/pophousat/cph2011/Pages/Activities/Reports/District/
dcs/census2012/Kilinochchi.pdf,269219,9e31cca7478e49583eab2229bbdabfafc2fa7b62551168bfbd78bf348937b0ac,DCS Census 2012 district reports -- http://www.statistics.gov.lk/pophousat/cph2011/Pages/Activities/Reports/District/
dcs/census2012/Kurunegala.pdf,165933,594d95ae9bf3a6e83bddec825db9041168e288dd7eb85870f8323b2a23a1e488,DCS Census 2012 district reports -- http://www.statistics.gov.lk/pophousat/cph2011/Pages/Activities/Reports/District/
dcs/census2012/Mannar.pdf,272089,4150058bdf899644892501e843412a2c6d98efb8a2c834e25f12a2a0cb8a9179,DCS Census 2012 district reports -- http://www.statistics.gov.lk/pophousat/cph2011/Pages/Activities/Reports/District/
dcs/census2012/Matale.pdf,185889,415f421e292d0b2b572af5f80868933dd4af389449e8fae017c03c5f583e8050,DCS Census 2012 district reports -- http://www.statistics.gov.lk/pophousat/cph2011/Pages/Activities/Reports/District/
dcs/census2012/Matara.pdf,293432,b3c2a1ce7b69ddf448958f72272aa62c9f63703f0e455b264bf3f54a087f3335,DCS Census 2012 district reports -- http://www.statistics.gov.lk/pophousat/cph2011/Pages/Activities/Reports/District/
dcs/census2012/Monaragala.pdf,139730,ca395b7474810a2d5abd098718c39e57540123e20882c1500be07c6508d55fce,DCS Census 2012 district reports -- http://www.statistics.gov.lk/pophousat/cph2011/Pages/Activities/Reports/District/
dcs/census2012/Monaragala_A1.pdf,85230,3a87c1ada0108e4a6253d7719b1edfedcb6b6ea9cb410488a97fd6137cf5b3a1,DCS Census 2012 district reports -- http://www.statistics.gov.lk/pophousat/cph2011/Pages/Activities/Reports/District/
dcs/census2012/Mullaitivu.pdf,273158,78433116e56579588a620ddbb1f2b4d33129e3d18ccb24986ef6ce54afde573c,DCS Census 2012 district reports -- http://www.statistics.gov.lk/pophousat/cph2011/Pages/Activities/Reports/District/
dcs/census2012/NuwaraEliya.pdf,174493,dcc5b78ef6a393b45a050eb3723665791b1d539e0d1cf6896fd0499a1d1ce62f,DCS Census 2012 district reports -- http://www.statistics.gov.lk/pophousat/cph2011/Pages/Activities/Reports/District/
dcs/census2012/Polonnaruwa.pdf,107012,5d5545484dd8aae261da0202b74647567ab52469c5ac6202ae653995e00d1046,DCS Census 2012 district reports -- http://www.statistics.gov.lk/pophousat/cph2011/Pages/Activities/Reports/District/
dcs/census2012/Polonnaruwa_A1.pdf,194107,c9c45b22471f9ca2dd9e2d6015d1d6c6db5e3574637ff105559e0f62e399d7a7,DCS Census 2012 district reports -- http://www.statistics.gov.lk/pophousat/cph2011/Pages/Activities/Reports/District/
dcs/census2012/Puttalam.pdf,254932,e80ae222e3bb2fe0bbd8a4c110f22489f6faaa0e48b45c30a90364ae79213048,DCS Census 2012 district reports -- http://www.statistics.gov.lk/pophousat/cph2011/Pages/Activities/Reports/District/
dcs/census2012/Ratnapura.pdf,148485,5bf32379aa991242add7d782ff56475ef07c940b344b0ec2568d483eb767a94c,DCS Census 2012 district reports -- http://www.statistics.gov.lk/pophousat/cph2011/Pages/Activities/Reports/District/
dcs/census2012/Trincomalee.pdf,286121,902d0816b0e19a1a524286bde8fac716da4d72c3ec520d6faf3007b90d6fb5aa,DCS Census 2012 district reports -- http://www.statistics.gov.lk/pophousat/cph2011/Pages/Activities/Reports/District/
dcs/census2012/Vavuniya.pdf,273029,9d0ba572f66c48ea1520beeca6df69bf190cb27158333a4f922fe10300d8c1d6,DCS Census 2012 district reports -- http://www.statistics.gov.lk/pophousat/cph2011/Pages/Activities/Reports/District/
dcs/census2012_key_findings.pdf,3961914,822e6a39a9acdb4c3d17cf40611dfce84ca15cb866a170e37c9c4a974cf4d490,DCS Census 2012 district reports -- http://www.statistics.gov.lk/pophousat/cph2011/Pages/Activities/Reports/District/
dcs/colombo.pdf,295545,3b9360f313202a84088acf3f15485c9fd4791f5d7f6a9cb4aac3ca70b2c4b175,
dcs/Mid-year_population_by_district_and_sex_2024.pdf,452438,b7a7ba4b4818206af18c7c09115ee5418f6b5a1aa69c89c69de74092494b9fc5,DCS mid-year population estimates by district 2014-2024 -- https://www.statistics.gov.lk/Resource/en/Population/Vital_Statistics/Mid-year_population_by_district_and_sex_2024.pdf
disease_modeling_MLOS2/Data/Countries/gadm41_BRA_1.json,1831045,fe038c43c7e5affa2729c512cf7ff72be68ac2139ed39fc0050d92bbd17f33d2,Authors' repository sample files and GADM 4.1 boundaries -- https://github.com/MLOpenSourceOpenScience/disease_modeling_MLOS2
disease_modeling_MLOS2/Data/Countries/gadm41_LKA_1.json,185200,f3506a24ad538f88e011fa8d97fc5b3e25ad58b7fa292ac927a5bfe69f39cb8e,Authors' repository sample files and GADM 4.1 boundaries -- https://github.com/MLOpenSourceOpenScience/disease_modeling_MLOS2
disease_modeling_MLOS2/Data/GLDAS/GLDAS_NOAH025_3H.A20210101.0000.021.nc4,55986,70ac3d6ee0afa6caf38dc8f89b81f9de0bc962f13bf2907a27896c38d083fad1,Authors' repository sample files and GADM 4.1 boundaries -- https://github.com/MLOpenSourceOpenScience/disease_modeling_MLOS2
disease_modeling_MLOS2/Data/GLDAS/GLDAS_NOAH025_3H.A20210101.0300.021.nc4,55978,24014408c2e58873293a50aea2e915b044c30eb9c6a105b196d2bd9d7f93ebfb,Authors' repository sample files and GADM 4.1 boundaries -- https://github.com/MLOpenSourceOpenScience/disease_modeling_MLOS2
disease_modeling_MLOS2/Data/GLDAS/GLDAS_NOAH025_3H.A20210101.0600.021.nc4,55604,97a1b443883da67ebb92c0b3c45da258eab61b198027ea604bea127057cbf0b3,Authors' repository sample files and GADM 4.1 boundaries -- https://github.com/MLOpenSourceOpenScience/disease_modeling_MLOS2
disease_modeling_MLOS2/Data/GLDAS/GLDAS_NOAH025_3H.A20210101.0900.021.nc4,55604,67175373ba7333304887f089358ea269dd6c2ed011d548611762f05afadb3683,Authors' repository sample files and GADM 4.1 boundaries -- https://github.com/MLOpenSourceOpenScience/disease_modeling_MLOS2
disease_modeling_MLOS2/Data/GLDAS/GLDAS_NOAH025_3H.A20210101.1200.021.nc4,55604,adb80ba7301587b0400ce0b6bb72098322a6b3d97ea4ca0b4191325ad5465f93,Authors' repository sample files and GADM 4.1 boundaries -- https://github.com/MLOpenSourceOpenScience/disease_modeling_MLOS2
disease_modeling_MLOS2/Data/GLDAS/GLDAS_NOAH025_3H.A20210101.1500.021.nc4,55604,9b8d5cb0c5167ae1d0e31989894ef11d6151c3fc75d90fd2fd81e06c1fc7100c,Authors' repository sample files and GADM 4.1 boundaries -- https://github.com/MLOpenSourceOpenScience/disease_modeling_MLOS2
disease_modeling_MLOS2/Data/GLDAS/GLDAS_NOAH025_3H.A20210101.1800.021.nc4,55604,b66897044555e201833dd11f136b628a1628ce96766cefa9599ecb885a6c2898,Authors' repository sample files and GADM 4.1 boundaries -- https://github.com/MLOpenSourceOpenScience/disease_modeling_MLOS2
disease_modeling_MLOS2/Data/GLDAS/GLDAS_NOAH025_3H.A20210101.2100.021.nc4,55604,04ca67ed639063b5025ea1748156f68e32ea66c390e23ffbe6aa25893372bed6,Authors' repository sample files and GADM 4.1 boundaries -- https://github.com/MLOpenSourceOpenScience/disease_modeling_MLOS2
disease_modeling_MLOS2/Data/GLDAS/GLDAS_NOAH025_3H.A20210102.0000.021.nc4,55986,14eb2817f8890f4c61c291895c549e3694436148fd18598e4044ac94fece5f09,Authors' repository sample files and GADM 4.1 boundaries -- https://github.com/MLOpenSourceOpenScience/disease_modeling_MLOS2
disease_modeling_MLOS2/Data/GLDAS/GLDAS_NOAH025_3H.A20210102.0300.021.nc4,55984,f2143f64d1afadfbb4b71a3c289b00907bdfc4efbd768f481e805b6df7619cf5,Authors' repository sample files and GADM 4.1 boundaries -- https://github.com/MLOpenSourceOpenScience/disease_modeling_MLOS2
disease_modeling_MLOS2/Data/GLDAS/GLDAS_NOAH025_3H.A20210102.0600.021.nc4,55993,c0d437a313df83a560e195a7a835613be041930c22d8da5950acdf9d2de6cf3f,Authors' repository sample files and GADM 4.1 boundaries -- https://github.com/MLOpenSourceOpenScience/disease_modeling_MLOS2
disease_modeling_MLOS2/Data/GLDAS/GLDAS_NOAH025_3H.A20210102.0900.021.nc4,55604,c4a1ce9d0d3b6ecba776158f6eff05581d0536f12f69b0512fcbf91f521166f8,Authors' repository sample files and GADM 4.1 boundaries -- https://github.com/MLOpenSourceOpenScience/disease_modeling_MLOS2
disease_modeling_MLOS2/Data/GLDAS/GLDAS_NOAH025_3H.A20210102.1200.021.nc4,55604,90c70f241c02e1ab475eb016a8c4510489407d50abb711e26e338705a085a560,Authors' repository sample files and GADM 4.1 boundaries -- https://github.com/MLOpenSourceOpenScience/disease_modeling_MLOS2
disease_modeling_MLOS2/Data/GLDAS/GLDAS_NOAH025_3H.A20210102.1500.021.nc4,55604,c7094087d214d7e08736f23076bdabbd771fd032d00c4e42720742185bf3031d,Authors' repository sample files and GADM 4.1 boundaries -- https://github.com/MLOpenSourceOpenScience/disease_modeling_MLOS2
disease_modeling_MLOS2/Data/GLDAS/GLDAS_NOAH025_3H.A20210102.1800.021.nc4,55993,ac08d79e99afe1c43fc2a7d76b7da37b40803dd0d2df8e8dbc12521e06a197d5,Authors' repository sample files and GADM 4.1 boundaries -- https://github.com/MLOpenSourceOpenScience/disease_modeling_MLOS2
disease_modeling_MLOS2/Data/GLDAS/GLDAS_NOAH025_3H.A20210102.2100.021.nc4,55984,7b112675ff3453b1115fd117396c307e8c2613576ac1860ca4992d38c1fadf30,Authors' repository sample files and GADM 4.1 boundaries -- https://github.com/MLOpenSourceOpenScience/disease_modeling_MLOS2
disease_modeling_MLOS2/Data/GLDAS/GLDAS_NOAH025_3H.A20210103.0000.021.nc4,55604,05dbdd5b0fb5e1a689e845c9c60398beef0a33ea16ca09e8f5c2ae1098fff0a3,Authors' repository sample files and GADM 4.1 boundaries -- https://github.com/MLOpenSourceOpenScience/disease_modeling_MLOS2
disease_modeling_MLOS2/Data/GLDAS/GLDAS_NOAH025_3H.A20210103.0300.021.nc4,55991,be5492b26e1c4fa37d54a5ed73005113c8d88bd8974a40e69429b1a8e0d03911,Authors' repository sample files and GADM 4.1 boundaries -- https://github.com/MLOpenSourceOpenScience/disease_modeling_MLOS2
disease_modeling_MLOS2/Data/GLDAS/GLDAS_NOAH025_3H.A20210103.0600.021.nc4,55989,22a77fa3f75e6128d4f3098547c8fdc1e868f9b486a06da94a4aa0e47e096019,Authors' repository sample files and GADM 4.1 boundaries -- https://github.com/MLOpenSourceOpenScience/disease_modeling_MLOS2
disease_modeling_MLOS2/Data/GLDAS/GLDAS_NOAH025_3H.A20210103.0900.021.nc4,55604,a7af2980479573e7b9ea50c02e55dea8911c3bfde7dca6145851da177d659124,Authors' repository sample files and GADM 4.1 boundaries -- https://github.com/MLOpenSourceOpenScience/disease_modeling_MLOS2
disease_modeling_MLOS2/Data/GLDAS/GLDAS_NOAH025_3H.A20210103.1200.021.nc4,55604,9558e25ce4118e188741ad074938a6ebc5625397831713eff928423f1dd422d5,Authors' repository sample files and GADM 4.1 boundaries -- https://github.com/MLOpenSourceOpenScience/disease_modeling_MLOS2
disease_modeling_MLOS2/Data/GLDAS/GLDAS_NOAH025_3H.A20210103.1500.021.nc4,55604,6817eeebb6b95ed20a95b78878df99afced0aa8e9e583ab41a2060e4228db5a6,Authors' repository sample files and GADM 4.1 boundaries -- https://github.com/MLOpenSourceOpenScience/disease_modeling_MLOS2
disease_modeling_MLOS2/Data/GLDAS/GLDAS_NOAH025_3H.A20210103.1800.021.nc4,55604,824c618698f02194e7475ea3956b36691078abd88e983e6d03248a25a2161701,Authors' repository sample files and GADM 4.1 boundaries -- https://github.com/MLOpenSourceOpenScience/disease_modeling_MLOS2
disease_modeling_MLOS2/Data/GLDAS/GLDAS_NOAH025_3H.A20210103.2100.021.nc4,55604,56d333cb0be15bafd2e4c5a286e5b71d7af24da1f27c4df010a39973f006f9c3,Authors' repository sample files and GADM 4.1 boundaries -- https://github.com/MLOpenSourceOpenScience/disease_modeling_MLOS2
disease_modeling_MLOS2/Data/GLDAS/GLDAS_NOAH025_3H.A20210104.0000.021.nc4,55604,80f3858d843166e0a1d3c3a204653b1c879525961a6b01960fd44950cae795ba,Authors' repository sample files and GADM 4.1 boundaries -- https://github.com/MLOpenSourceOpenScience/disease_modeling_MLOS2
disease_modeling_MLOS2/Data/GLDAS/GLDAS_NOAH025_3H.A20210104.0300.021.nc4,55995,cf7beb5c28e0e16bb13895b3ab18402a1dd9d6920f2e2bfeed508119703fd749,Authors' repository sample files and GADM 4.1 boundaries -- https://github.com/MLOpenSourceOpenScience/disease_modeling_MLOS2
disease_modeling_MLOS2/Data/GLDAS/GLDAS_NOAH025_3H.A20210104.0600.021.nc4,55988,6e35f950422b99588ebd2eb271db80b23652b0e3074a6c76cf4ea38eed7481ca,Authors' repository sample files and GADM 4.1 boundaries -- https://github.com/MLOpenSourceOpenScience/disease_modeling_MLOS2
disease_modeling_MLOS2/Data/GLDAS/GLDAS_NOAH025_3H.A20210104.0900.021.nc4,55980,3e2706121aa7945a506109a624321fe63e24e45563ce0e146b2e254608a2552d,Authors' repository sample files and GADM 4.1 boundaries -- https://github.com/MLOpenSourceOpenScience/disease_modeling_MLOS2
disease_modeling_MLOS2/Data/GLDAS/GLDAS_NOAH025_3H.A20210104.1200.021.nc4,55604,ba5d0cae1856fc392e592486d3b7c153ad44ed7f4f5407a8527b8c01a0bcbc49,Authors' repository sample files and GADM 4.1 boundaries -- https://github.com/MLOpenSourceOpenScience/disease_modeling_MLOS2
disease_modeling_MLOS2/Data/GLDAS/GLDAS_NOAH025_3H.A20210104.1500.021.nc4,55604,39a9dfe91adc4215beee5e98c8b10851ade26263ec086d15c84421bdf3ae834b,Authors' repository sample files and GADM 4.1 boundaries -- https://github.com/MLOpenSourceOpenScience/disease_modeling_MLOS2
disease_modeling_MLOS2/Data/GLDAS/GLDAS_NOAH025_3H.A20210104.1800.021.nc4,55604,732c6fc9feea72738fb0c8806a517e4aa3615567adc071c3c360e14dc4703fc3,Authors' repository sample files and GADM 4.1 boundaries -- https://github.com/MLOpenSourceOpenScience/disease_modeling_MLOS2
disease_modeling_MLOS2/Data/GLDAS/GLDAS_NOAH025_3H.A20210104.2100.021.nc4,55604,27a11992a1126deb4245638f5cf3359bee237b7641d8a09e0ef60f8e80fc1bc0,Authors' repository sample files and GADM 4.1 boundaries -- https://github.com/MLOpenSourceOpenScience/disease_modeling_MLOS2
disease_modeling_MLOS2/Data/GLDAS/GLDAS_NOAH025_3H.A20210105.0000.021.nc4,55604,3d34ebfa5e4e92b8207692db96f1ce9af68035b4814f297cf6942b4c47d94d66,Authors' repository sample files and GADM 4.1 boundaries -- https://github.com/MLOpenSourceOpenScience/disease_modeling_MLOS2
disease_modeling_MLOS2/Data/GLDAS/GLDAS_NOAH025_3H.A20210105.0300.021.nc4,55992,0bbc123d96effabcbafb95f545f3b654f7e3a8c717ef4d48ade9d0751da35406,Authors' repository sample files and GADM 4.1 boundaries -- https://github.com/MLOpenSourceOpenScience/disease_modeling_MLOS2
disease_modeling_MLOS2/Data/GLDAS/GLDAS_NOAH025_3H.A20210105.0600.021.nc4,55991,124705a77ef96a23292a0f532ab82c11fb3adb6fef47d4d3297807fbb60b7269,Authors' repository sample files and GADM 4.1 boundaries -- https://github.com/MLOpenSourceOpenScience/disease_modeling_MLOS2
disease_modeling_MLOS2/Data/GLDAS/GLDAS_NOAH025_3H.A20210105.0900.021.nc4,55604,eddaf0eb943bd728aa8ab5da0a80dbab8ee698b575f9474882f4273f3d67847f,Authors' repository sample files and GADM 4.1 boundaries -- https://github.com/MLOpenSourceOpenScience/disease_modeling_MLOS2
disease_modeling_MLOS2/Data/GLDAS/GLDAS_NOAH025_3H.A20210105.1200.021.nc4,55988,20a2adb55205ae221621db36c923f5bdc40fcacd0790ba4eca95fdc7630f25e0,Authors' repository sample files and GADM 4.1 boundaries -- https://github.com/MLOpenSourceOpenScience/disease_modeling_MLOS2
disease_modeling_MLOS2/Data/GLDAS/GLDAS_NOAH025_3H.A20210105.1500.021.nc4,55997,8dde7a7e73d220081d40a670021bbc88370455f77a7d98c4c2b827629cb5c786,Authors' repository sample files and GADM 4.1 boundaries -- https://github.com/MLOpenSourceOpenScience/disease_modeling_MLOS2
disease_modeling_MLOS2/Data/GLDAS/GLDAS_NOAH025_3H.A20210105.1800.021.nc4,55604,229c2f3b294e1dda4f9bc6845fa8c0e614c66d9c14fb0666e58a45b383be0103,Authors' repository sample files and GADM 4.1 boundaries -- https://github.com/MLOpenSourceOpenScience/disease_modeling_MLOS2
disease_modeling_MLOS2/Data/GLDAS/GLDAS_NOAH025_3H.A20210105.2100.021.nc4,55604,15bb6df39c3bebec84841cb68d904ff132a16537eba3162b1993bff2d10d3769,Authors' repository sample files and GADM 4.1 boundaries -- https://github.com/MLOpenSourceOpenScience/disease_modeling_MLOS2
disease_modeling_MLOS2/Data/GLDAS/GLDAS_NOAH025_3H.A20210106.0000.021.nc4,55604,06a4b141f21a19603cd4d3e4121b0a01fe6ac59ea0ee73eec12b62806855e3c0,Authors' repository sample files and GADM 4.1 boundaries -- https://github.com/MLOpenSourceOpenScience/disease_modeling_MLOS2
disease_modeling_MLOS2/Data/GLDAS/GLDAS_NOAH025_3H.A20210106.0300.021.nc4,55990,9e76950bb1d89eab7405bb49a7e0b90c057ced3b7ae0e1a9d4f569b185a95c94,Authors' repository sample files and GADM 4.1 boundaries -- https://github.com/MLOpenSourceOpenScience/disease_modeling_MLOS2
disease_modeling_MLOS2/Data/GLDAS/GLDAS_NOAH025_3H.A20210106.0600.021.nc4,55604,04fd39296fb3122732c7049818994b06d3213a140fbd1916c98ef98436d69b6a,Authors' repository sample files and GADM 4.1 boundaries -- https://github.com/MLOpenSourceOpenScience/disease_modeling_MLOS2
disease_modeling_MLOS2/Data/GLDAS/GLDAS_NOAH025_3H.A20210106.0900.021.nc4,55604,ff51505512d1b607e8b2569cafc91f921396d90bf7b0ac4c607d5a687346f706,Authors' repository sample files and GADM 4.1 boundaries -- https://github.com/MLOpenSourceOpenScience/disease_modeling_MLOS2
disease_modeling_MLOS2/Data/GLDAS/GLDAS_NOAH025_3H.A20210106.1200.021.nc4,55984,710a6a435a68064b3406b2a190317e8599d2c454eb595e9d8625287899a74015,Authors' repository sample files and GADM 4.1 boundaries -- https://github.com/MLOpenSourceOpenScience/disease_modeling_MLOS2
disease_modeling_MLOS2/Data/GLDAS/GLDAS_NOAH025_3H.A20210106.1500.021.nc4,55604,9e0c0df2427ddc9628ac63df3c8cd286404b324d681570c96b533351349de871,Authors' repository sample files and GADM 4.1 boundaries -- https://github.com/MLOpenSourceOpenScience/disease_modeling_MLOS2
disease_modeling_MLOS2/Data/GLDAS/GLDAS_NOAH025_3H.A20210106.1800.021.nc4,55604,e7881e1e51ff2917f20aaae69653436ef7b0d1169b6d42cfe487080cdbb9dedf,Authors' repository sample files and GADM 4.1 boundaries -- https://github.com/MLOpenSourceOpenScience/disease_modeling_MLOS2
disease_modeling_MLOS2/Data/GLDAS/GLDAS_NOAH025_3H.A20210106.2100.021.nc4,55604,3b167c9182e682d1c3a6c48fff2e3cff0ead50d4001e8dacb3c39952fb14f9e8,Authors' repository sample files and GADM 4.1 boundaries -- https://github.com/MLOpenSourceOpenScience/disease_modeling_MLOS2
disease_modeling_MLOS2/Data/GLDAS/GLDAS_NOAH025_3H.A20210107.0000.021.nc4,55604,ae3ca4139ac3e4674fb1aeabf23053196e770f0ebb2639572326a4d2e7a8cdf5,Authors' repository sample files and GADM 4.1 boundaries -- https://github.com/MLOpenSourceOpenScience/disease_modeling_MLOS2
disease_modeling_MLOS2/Data/GLDAS/GLDAS_NOAH025_3H.A20210107.0300.021.nc4,55994,6fcab54bd95c2238ce13bfd188f81d780d5c15d4e4229c4e50d8bb472e0d305d,Authors' repository sample files and GADM 4.1 boundaries -- https://github.com/MLOpenSourceOpenScience/disease_modeling_MLOS2
disease_modeling_MLOS2/Data/GLDAS/GLDAS_NOAH025_3H.A20210107.0600.021.nc4,55604,3b100a394e49c8bfc693da3c6e3e4f9435691b93d6871fa3c2b62e28c4a18c07,Authors' repository sample files and GADM 4.1 boundaries -- https://github.com/MLOpenSourceOpenScience/disease_modeling_MLOS2
disease_modeling_MLOS2/Data/GLDAS/GLDAS_NOAH025_3H.A20210107.0900.021.nc4,55604,ed46a65ec36455de87fe5997808d9704798f44d4d0d964e618e98152cd9a5d40,Authors' repository sample files and GADM 4.1 boundaries -- https://github.com/MLOpenSourceOpenScience/disease_modeling_MLOS2
disease_modeling_MLOS2/Data/GLDAS/GLDAS_NOAH025_3H.A20210107.1200.021.nc4,55604,02214b4aeaa71436344aa0bdc54af4d1071a69ffb6e9a44003cff0f506b185a4,Authors' repository sample files and GADM 4.1 boundaries -- https://github.com/MLOpenSourceOpenScience/disease_modeling_MLOS2
disease_modeling_MLOS2/Data/GLDAS/GLDAS_NOAH025_3H.A20210107.1500.021.nc4,55604,2a2153aa3feb2b30e503c5e3c85ace9ded68162e5f7286a1386c4a1a410ab305,Authors' repository sample files and GADM 4.1 boundaries -- https://github.com/MLOpenSourceOpenScience/disease_modeling_MLOS2
disease_modeling_MLOS2/Data/GLDAS/GLDAS_NOAH025_3H.A20210107.1800.021.nc4,55604,64e5216c5f85cc2f6e544d2dd0bf91e37394156ea4800960d8abec293ed856d9,Authors' repository sample files and GADM 4.1 boundaries -- https://github.com/MLOpenSourceOpenScience/disease_modeling_MLOS2
disease_modeling_MLOS2/Data/GLDAS/GLDAS_NOAH025_3H.A20210107.2100.021.nc4,55984,cfe8ccd1ab5f0bfe8c4da20a7d92b95a9c8d9f9e2798a7444613cb2bbd86011b,Authors' repository sample files and GADM 4.1 boundaries -- https://github.com/MLOpenSourceOpenScience/disease_modeling_MLOS2
disease_modeling_MLOS2/Data/GLDAS/GLDAS_NOAH025_3H.A20210108.0000.021.nc4,55604,994748fb1c11327f7914bca7e08c24dc2abde0701fbd0ecc4c4efd17bca5a41e,Authors' repository sample files and GADM 4.1 boundaries -- https://github.com/MLOpenSourceOpenScience/disease_modeling_MLOS2
disease_modeling_MLOS2/Data/GLDAS/GLDAS_NOAH025_3H.A20210108.0300.021.nc4,55986,dd5e5e73fe711eb3af521bb66e418aca8eda78a63a761ce0ed297dfade735255,Authors' repository sample files and GADM 4.1 boundaries -- https://github.com/MLOpenSourceOpenScience/disease_modeling_MLOS2
disease_modeling_MLOS2/Data/GLDAS/GLDAS_NOAH025_3H.A20210108.0600.021.nc4,55604,59808ad7f1e301a77415fe1d083ed428c29367b29b6d5fceb81227f51aa56eb2,Authors' repository sample files and GADM 4.1 boundaries -- https://github.com/MLOpenSourceOpenScience/disease_modeling_MLOS2
disease_modeling_MLOS2/Data/GLDAS/GLDAS_NOAH025_3H.A20210108.0900.021.nc4,55604,0ea46987ee5bf657b49b981cf7e69e4c1e9bb3cffc3259f1ce475c829457ec5d,Authors' repository sample files and GADM 4.1 boundaries -- https://github.com/MLOpenSourceOpenScience/disease_modeling_MLOS2
disease_modeling_MLOS2/Data/GLDAS/GLDAS_NOAH025_3H.A20210108.1200.021.nc4,55604,288518531c9a8961ca0d7be917bf67830c5bdcced604847b30a2c56987bcb68f,Authors' repository sample files and GADM 4.1 boundaries -- https://github.com/MLOpenSourceOpenScience/disease_modeling_MLOS2
disease_modeling_MLOS2/Data/GLDAS/GLDAS_NOAH025_3H.A20210108.1500.021.nc4,55988,2e3d511091ce3d0754278d18bb4fb0a2e304f9959e9ba80b522702c63163b715,Authors' repository sample files and GADM 4.1 boundaries -- https://github.com/MLOpenSourceOpenScience/disease_modeling_MLOS2
disease_modeling_MLOS2/Data/GLDAS/GLDAS_NOAH025_3H.A20210108.1800.021.nc4,55604,52c5416ed8931fa6aab5c32be0a32f23893004e0363d7d732f7cac52fa828ab6,Authors' repository sample files and GADM 4.1 boundaries -- https://github.com/MLOpenSourceOpenScience/disease_modeling_MLOS2
disease_modeling_MLOS2/Data/GLDAS/GLDAS_NOAH025_3H.A20210108.2100.021.nc4,55604,c7c0867741f86d23cc81aef69a78089370df8a4433390e854704f834c17f7cce,Authors' repository sample files and GADM 4.1 boundaries -- https://github.com/MLOpenSourceOpenScience/disease_modeling_MLOS2
disease_modeling_MLOS2/Data/GPM/3B-DAY-E.MS.MRG.3IMERG.20210101-S000000-E235959.V06.nc4.nc4,41835,47f4c82a41adf6965b43ea9cd9ccd71d0563b40c23031ae7964162de23086c41,Authors' repository sample files and GADM 4.1 boundaries -- https://github.com/MLOpenSourceOpenScience/disease_modeling_MLOS2
disease_modeling_MLOS2/Data/GPM/3B-DAY-E.MS.MRG.3IMERG.20210102-S000000-E235959.V06.nc4.nc4,41214,d795ceb78851eacf31becf31690d86fef20ebe26ffbc7d2f48c5080025a3155a,Authors' repository sample files and GADM 4.1 boundaries -- https://github.com/MLOpenSourceOpenScience/disease_modeling_MLOS2
disease_modeling_MLOS2/Data/GPM/3B-DAY-E.MS.MRG.3IMERG.20210103-S000000-E235959.V06.nc4.nc4,41879,cef5f1b3022b16d33d5e4bed82e296645a30bdd61ec52293a0926d961144d345,Authors' repository sample files and GADM 4.1 boundaries -- https://github.com/MLOpenSourceOpenScience/disease_modeling_MLOS2
disease_modeling_MLOS2/Data/GPM/3B-DAY-E.MS.MRG.3IMERG.20210104-S000000-E235959.V06.nc4.nc4,41808,fd15624a689ce3cf38932b519b1fb85677f045a94d9d9a84dcae6fa1fb928221,Authors' repository sample files and GADM 4.1 boundaries -- https://github.com/MLOpenSourceOpenScience/disease_modeling_MLOS2
disease_modeling_MLOS2/Data/GPM/3B-DAY-E.MS.MRG.3IMERG.20210105-S000000-E235959.V06.nc4.nc4,41853,d1863ff3c8a0c3d60de7ae407f0b261b260d80a45e2322c558d425c14438ee4b,Authors' repository sample files and GADM 4.1 boundaries -- https://github.com/MLOpenSourceOpenScience/disease_modeling_MLOS2
disease_modeling_MLOS2/Data/GPM/3B-DAY-E.MS.MRG.3IMERG.20210106-S000000-E235959.V06.nc4.nc4,41800,fec27a2d5eab0da17dcd1c146eecf867240f1f80562f579745dd09a6240ec848,Authors' repository sample files and GADM 4.1 boundaries -- https://github.com/MLOpenSourceOpenScience/disease_modeling_MLOS2
disease_modeling_MLOS2/Data/GPM/3B-DAY-E.MS.MRG.3IMERG.20210107-S000000-E235959.V06.nc4.nc4,40653,949493fc13c36b21807b17ed44ce6c91e033c310d484d4d69c79e48b5aefddb4,Authors' repository sample files and GADM 4.1 boundaries -- https://github.com/MLOpenSourceOpenScience/disease_modeling_MLOS2
disease_modeling_MLOS2/Data/GPM/3B-DAY-E.MS.MRG.3IMERG.20210108-S000000-E235959.V06.nc4.nc4,41867,8768f22b64eb6ba754d45759e3c7880d2e790c87fd05c8f9f767ac9c4d960294,Authors' repository sample files and GADM 4.1 boundaries -- https://github.com/MLOpenSourceOpenScience/disease_modeling_MLOS2
disease_modeling_MLOS2/Data/NDVI/VIIRS-Land_v001-preliminary_NPP13C1_S-NPP_20210101_c20220419104628.nc,32832,ad05a886e003cba5c3905a7415dbc64d4e7eedee58aed20f469321f95992ba91,Authors' repository sample files and GADM 4.1 boundaries -- https://github.com/MLOpenSourceOpenScience/disease_modeling_MLOS2
disease_modeling_MLOS2/Data/NDVI/VIIRS-Land_v001-preliminary_NPP13C1_S-NPP_20210102_c20220419104804.nc,32832,12e83bf8eb76c45dae2ad1221feb8585612d7275c3d1fd29267d72706f97ce47,Authors' repository sample files and GADM 4.1 boundaries -- https://github.com/MLOpenSourceOpenScience/disease_modeling_MLOS2
disease_modeling_MLOS2/Data/NDVI/VIIRS-Land_v001-preliminary_NPP13C1_S-NPP_20210103_c20220419104946.nc,32832,462e8eac2a60518493fa5020ee379b0dee2362cea298c29685e7c73e1cc5ad23,Authors' repository sample files and GADM 4.1 boundaries -- https://github.com/MLOpenSourceOpenScience/disease_modeling_MLOS2
disease_modeling_MLOS2/Data/NDVI/VIIRS-Land_v001-preliminary_NPP13C1_S-NPP_20210104_c20220419105130.nc,32832,87e8b4532cd4d4f95263331f842d548c9ebe138f2f589e2b48dd2e3fb84afc80,Authors' repository sample files and GADM 4.1 boundaries -- https://github.com/MLOpenSourceOpenScience/disease_modeling_MLOS2
disease_modeling_MLOS2/Data/NDVI/VIIRS-Land_v001-preliminary_NPP13C1_S-NPP_20210105_c20220419105310.nc,32832,d25422b90de35bbba352d5b92903bf9d5d741b29cf7685509ee76f048292e2ef,Authors' repository sample files and GADM 4.1 boundaries -- https://github.com/MLOpenSourceOpenScience/disease_modeling_MLOS2
disease_modeling_MLOS2/Data/NDVI/VIIRS-Land_v001-preliminary_NPP13C1_S-NPP_20210106_c20220419105451.nc,32832,41b3edb851d64e047d7d83a5ffc0d629e9cd14d8edc16b4a3233db74f2ed959b,Authors' repository sample files and GADM 4.1 boundaries -- https://github.com/MLOpenSourceOpenScience/disease_modeling_MLOS2
disease_modeling_MLOS2/Data/NDVI/VIIRS-Land_v001-preliminary_NPP13C1_S-NPP_20210107_c20220419105627.nc,32832,7cd3979ee7452c6bf43731a7d784b2b7a87d8a1a02d45fc3e6e38dbaf473b3b5,Authors' repository sample files and GADM 4.1 boundaries -- https://github.com/MLOpenSourceOpenScience/disease_modeling_MLOS2
disease_modeling_MLOS2/Data/NDVI/VIIRS-Land_v001-preliminary_NPP13C1_S-NPP_20210108_c20220419105801.nc,32832,d7320547c471f75907385ec9911fae1a1624189158551b202e5e21ade1a0c868,Authors' repository sample files and GADM 4.1 boundaries -- https://github.com/MLOpenSourceOpenScience/disease_modeling_MLOS2
hdx/lka_pop_censusproj2022_wfpocha.xlsx,5525913,942295e6f6b6644f6b003ecde873b39a1f6241664f7b08cf84829d25d2d1a077,2012 Census GN-level workbook (used for over-60 share only) -- https://data.humdata.org/dataset/sri-lanka-census-of-population-and-housing-2012
seroprev/medrxiv.xml,81594,99338c8d2c8f911ebdb58a9d660b2088c7139ba4d7df17f248709bc38b93ed9e,Jeewandara et al. preprint JATS XML and Table 1 image -- https://www.medrxiv.org/content/10.1101/2023.04.23.23288986v1
seroprev/table1.jpg,143913,327a5af9159087b8520d144d0a8d2794b59a87847b85c135ba388cb935a6b724,Jeewandara et al. preprint JATS XML and Table 1 image -- https://www.medrxiv.org/content/10.1101/2023.04.23.23288986v1
seroprev/wiley.pdf,5592,5347b8a04342c1847c87ebd4366e8da138b76e24464eadde8f63bc2196a41ae6,Jeewandara et al. preprint JATS XML and Table 1 image -- https://www.medrxiv.org/content/10.1101/2023.04.23.23288986v1
wer/en_640feff0076ea_Vol_50_no_01-english.pdf,1115976,f14b734a0de4501c37f0fc2b52f3f3da0f904abc5ff4ae1c6f5c991696226f1e,Epidemiology Unit Weekly Epidemiological Reports -- https://www.epid.gov.lk/storage/post/pdfs/
wer/en_64100cf21b53d_Vol_50_no_02-english_1.pdf,1724440,2ec3f3dfe7975c68e7575a135492dc59e3d593fb0800654ae0e044cf13edf5dd,Epidemiology Unit Weekly Epidemiological Reports -- https://www.epid.gov.lk/storage/post/pdfs/
wer/en_64100fae82b04_Vol_50_no_03-english.pdf,1125677,986b291533e0b63f4fd4cffb7f5bae49c956e29c0241c59c929c356d8ec48cfa,Epidemiology Unit Weekly Epidemiological Reports -- https://www.epid.gov.lk/storage/post/pdfs/
wer/en_64100ff0b2b95_Vol_50_no_04-english_1.pdf,1181549,41ff7d94090d431478c1c488999b0271369299a6916e53351ea4bacd5268700a,Epidemiology Unit Weekly Epidemiological Reports -- https://www.epid.gov.lk/storage/post/pdfs/
wer/en_6410103be192c_Vol_50_no_05-english.pdf,1471199,55be57e72277dc90a48f8177293f6d0c8f8f07b2d0e19cc3a524a18116fa5dd9,Epidemiology Unit Weekly Epidemiological Reports -- https://www.epid.gov.lk/storage/post/pdfs/
wer/en_641010795ce55_Vol_50_no_06-english.pdf,1452867,0a9fd9be0e7af777dab803548aef309727263eb4684798b34d4eed27b28c53e7,Epidemiology Unit Weekly Epidemiological Reports -- https://www.epid.gov.lk/storage/post/pdfs/
wer/en_641010b06da65_Vol_50_no_07-english.pdf,1401305,9c091ab90b267918c74cf297021cd4d046dfc3151887045eba899decac8db69b,Epidemiology Unit Weekly Epidemiological Reports -- https://www.epid.gov.lk/storage/post/pdfs/
wer/en_641010deea21b_Vol_50_no_08-english.pdf,1344411,8b00efb02d71e935832b10572a14ac3596a7a5f145785d18f82f7cde83a55cf9,Epidemiology Unit Weekly Epidemiological Reports -- https://www.epid.gov.lk/storage/post/pdfs/
wer/en_641011177e0c3_Vol_50_no_09-english_1.pdf,1193097,3ebe918e2a699f0fdfeac784c975e52e93fed4ff8aa452bc829b207988dbd00a,Epidemiology Unit Weekly Epidemiological Reports -- https://www.epid.gov.lk/storage/post/pdfs/
wer/en_64251491ca316_Vol_50_no_10-english.pdf,1394161,c81f3fbe8a13035d33b5116669d30b0107ba7f76acf7757604263ea0f0cb1f1c,Epidemiology Unit Weekly Epidemiological Reports -- https://www.epid.gov.lk/storage/post/pdfs/
wer/en_642516aa215e1_Vol_50_no_11-english.pdf,1206552,c30ae01d96a78c04143d7808b788b8a5826f563638cbd653fd921c0bcbfe7a8b,Epidemiology Unit Weekly Epidemiological Reports -- https://www.epid.gov.lk/storage/post/pdfs/
wer/en_642a655f53f67_Vol_50_no_12-english.pdf,1242261,f8ddee62cf8a012dc6e356cb301ceaf943deb0836cee415c968c6f223889e851,Epidemiology Unit Weekly Epidemiological Reports -- https://www.epid.gov.lk/storage/post/pdfs/
wer/en_6450920810c68_Vol_50_no_14-english_1.pdf,1141188,19fd83937e5f01d5048e9220c934cbd84562c079026ee2a3f6747b6f82edc130,Epidemiology Unit Weekly Epidemiological Reports -- https://www.epid.gov.lk/storage/post/pdfs/
wer/en_6450923441161_Vol_50_no_15-english_1.pdf,1197600,0e1e2944d5c71e05dfc097ec3168919fcdbde800fbb7b79c197f339be462f6b5,Epidemiology Unit Weekly Epidemiological Reports -- https://www.epid.gov.lk/storage/post/pdfs/
wer/en_6450a83ec365f_Vol_50_no_16-english.pdf,1189061,1f8b70ebc03aa57273601b209654b39acd2a288330874b73d622f37bc4a6fd4a,Epidemiology Unit Weekly Epidemiological Reports -- https://www.epid.gov.lk/storage/post/pdfs/
wer/en_6451e6375bec8_Vol_50_no_13-english_2.pdf,1574893,92067201496ab9117c3b2f12f8973247443499ef90ac293d0253a41c8255e56b,Epidemiology Unit Weekly Epidemiological Reports -- https://www.epid.gov.lk/storage/post/pdfs/
wer/en_6459f61e65d12_vol_49_no_45-english_1.pdf,1166816,ebd9ef14f7e24d42f3f7b9ad6c887d23cc9cb0644f3b88e72e11139758ac26f4,Epidemiology Unit Weekly Epidemiological Reports -- https://www.epid.gov.lk/storage/post/pdfs/
wer/en_6459f68898aa0_vol_49_no_46-english_1.pdf,1214774,ec3b696acc7543a66ab3c02a568db362668f444fa957b87e8e5508f12c722fd4,Epidemiology Unit Weekly Epidemiological Reports -- https://www.epid.gov.lk/storage/post/pdfs/
wer/en_6459f6e589303_vol_49_no_47-english_2.pdf,1202384,5ae8d2669ebc65f375690fba8c14fe23c25c7bbd2c4232ba4828e6851898fa4e,Epidemiology Unit Weekly Epidemiological Reports -- https://www.epid.gov.lk/storage/post/pdfs/
wer/en_6459f732c85fb_vol_49_no_48-english_2.pdf,1655351,40f8cea62c6a105d88038937cf888d517d562d678f5cf5a3c306cb58ce2e319c,Epidemiology Unit Weekly Epidemiological Reports -- https://www.epid.gov.lk/storage/post/pdfs/
wer/en_6459f77cb2316_vol_49_no_49-english_2.pdf,1820535,a32bc562b06b3dd1a3ce51e28b08d2b6aaa8e853e744add22ad7a42ea5acbd05,Epidemiology Unit Weekly Epidemiological Reports -- https://www.epid.gov.lk/storage/post/pdfs/
wer/en_6459f7dbd4561_vol_49_no_50-english_1.pdf,1154845,2c6a479055d49eba343e42bb93ed956cc97b68b6cc35040855abd8645458506f,Epidemiology Unit Weekly Epidemiological Reports -- https://www.epid.gov.lk/storage/post/pdfs/
wer/en_6459f8449d423_vol_49_no_51-english_1.pdf,1318469,f5f5df81e0a4f2a0ad7bd02bd64122ccbfe5c05e5783b7a55947be9a10f982ba,Epidemiology Unit Weekly Epidemiological Reports -- https://www.epid.gov.lk/storage/post/pdfs/
wer/en_6459f889a4a8c_vol_49_no_52-english_1.pdf,1195333,b89726653f3c61c8fec56dc1ec8d7d566b005bbff7c11cf081f5aaec5c2885a9,Epidemiology Unit Weekly Epidemiological Reports -- https://www.epid.gov.lk/storage/post/pdfs/
wer/en_6462f8356b93c_Vol_50_no_18-english.pdf,1363433,8d5e11841b1fbe644cc5d9b211c0538a10875517d40e792eec12301629e7d4bf,Epidemiology Unit Weekly Epidemiological Reports -- https://www.epid.gov.lk/storage/post/pdfs/
wer/en_647d696889d75_Vol_50_no_17-english_2.pdf,1133755,9f64950972cf3453b6af8f99ef3be84de1799cd9fe24315b6bfaee16c208ead7,Epidemiology Unit Weekly Epidemiological Reports -- https://www.epid.gov.lk/storage/post/pdfs/
wer/en_647d69972f0bb_Vol_50_no_19-english_1.pdf,1290229,fa0b9324c2146234c5412e15b3843ca4a292e77f8962a1f997b1afcb28db41c1,Epidemiology Unit Weekly Epidemiological Reports -- https://www.epid.gov.lk/storage/post/pdfs/
wer/en_647d69c44d4cb_Vol_50_no_20-english_1.pdf,1184830,0e98d7352b2432f12abb5edfd4d1ee99c3219d33e3f21879fc8f8db7a5032c2a,Epidemiology Unit Weekly Epidemiological Reports -- https://www.epid.gov.lk/storage/post/pdfs/
wer/en_64869d494b29c_Vol_50_no_21-english_1.pdf,1453495,7b43bfe7de1714116a7f6e6d0d09435a059e9058e604f8c304e5cbfaf385a31a,Epidemiology Unit Weekly Epidemiological Reports -- https://www.epid.gov.lk/storage/post/pdfs/
wer/en_64912ab8a22d8_Vol_50_no_22-english_1.pdf,1386177,ea62bfe4f3b3e80cda9570b5235858ee6e1fa821276cfab1697d026f39142341,Epidemiology Unit Weekly Epidemiological Reports -- https://www.epid.gov.lk/storage/post/pdfs/
wer/en_64912b0a89f59_Vol_50_no_23-english_1.pdf,1467791,81957e4499bcb532b786fd4646cf87f3eb7fc6a2928adc13f734bd9b8882a5c8,Epidemiology Unit Weekly Epidemiological Reports -- https://www.epid.gov.lk/storage/post/pdfs/
wer/en_64ab8e17d4370_Vol_50_no_24-english_1.pdf,1399442,0fa05efa229f88fa8609bb69854de0ee9c1826fa2a13049e41338468bf89875c,Epidemiology Unit Weekly Epidemiological Reports -- https://www.epid.gov.lk/storage/post/pdfs/
wer/en_64b4bcc21a358_Vol_50_no_25-english_1.pdf,1180742,ff30f1c38d1dcab5424e6d32a1ea07355cc526a0232c69eef319ec60c9db0372,Epidemiology Unit Weekly Epidemiological Reports -- https://www.epid.gov.lk/storage/post/pdfs/
wer/en_64b4cbff23f46_Vol_50_no_26-english_2.pdf,1370584,09d3c89b93584114a77a2d6f6adc6324c55ea2b73cb0d39b83bacbf1698dd6a1,Epidemiology Unit Weekly Epidemiological Reports -- https://www.epid.gov.lk/storage/post/pdfs/
wer/en_64c772c1952be_Vol_50_no_27-english_1.pdf,1278701,0cbf42cf35a73e9c4779c79107de15e6ebb8f8f230fd52643839b80fff23d1e1,Epidemiology Unit Weekly Epidemiological Reports -- https://www.epid.gov.lk/storage/post/pdfs/
wer/en_64c773234ebd6_Vol_50_no_28-english_1.pdf,1245054,8199800d46fb64b8795d9c0e0d04b8c0ec55ffdd349b67810f670817bf57ff4f,Epidemiology Unit Weekly Epidemiological Reports -- https://www.epid.gov.lk/storage/post/pdfs/
wer/en_64c78901a4223_Vol_50_no_29-english_1.pdf,1122794,cc6e816aa7262dc3ed7315737db6b8f730c4e89684f3568377281e050ca9abed,Epidemiology Unit Weekly Epidemiological Reports -- https://www.epid.gov.lk/storage/post/pdfs/
wer/en_6507d4a364766_Vol_50_no_35-english_1.pdf,1450816,9d2796c17b751a9fd6c613bab2e78bc003412478ca32e1ef2144e466a2966e79,Epidemiology Unit Weekly Epidemiological Reports -- https://www.epid.gov.lk/storage/post/pdfs/
wer/en_6509214a67f69_Vol_50_no_36-english.pdf,1344595,132dfbcd36dd05ece88235d821ba7c2aff94eb46ed935d7eb5612bf7d803bfbd,Epidemiology Unit Weekly Epidemiological Reports -- https://www.epid.gov.lk/storage/post/pdfs/
wer/en_65125ac74566c_Vol_50_no_37-english.pdf,665486,f81a2f790a70810576928316ee2270a07f7fea754a98fe5533783cd097afa413,Epidemiology Unit Weekly Epidemiological Reports -- https://www.epid.gov.lk/storage/post/pdfs/
wer/en_65851ecfb2759_Vol_50_no_48-english.pdf,2025060,d0169e6190ad3147f47855a51fd9bdc90be9c276ab411a90445b31234c068ebb,Epidemiology Unit Weekly Epidemiological Reports -- https://www.epid.gov.lk/storage/post/pdfs/
wer/en_6585409665879_Vol_50_no_49-english.pdf,1607161,cd94957c952542a4c69573b303a6264d98556685f15712686f0df4527fb1281c,Epidemiology Unit Weekly Epidemiological Reports -- https://www.epid.gov.lk/storage/post/pdfs/
wer/en_6586cba6eaffd_Vol_50_no_46-english.pdf,1778413,17c50f1332a17374735cebbf080c2e283b005f8a4792d6a8f8cbe13c835771bf,Epidemiology Unit Weekly Epidemiological Reports -- https://www.epid.gov.lk/storage/post/pdfs/
wer/en_658bf46e36e50_Vol_50_no_50-english.pdf,1556322,b7c79ed7b54f748b35ccc7a004b3524a09ae5550815f584cfe7feeab63aefc78,Epidemiology Unit Weekly Epidemiological Reports -- https://www.epid.gov.lk/storage/post/pdfs/
wer/en_658bf999350ba_Vol_50_no_45-english.pdf,1660852,57260974b930909737f485d61ab65fc11d86b712af256c624aa072a5113e06f2,Epidemiology Unit Weekly Epidemiological Reports -- https://www.epid.gov.lk/storage/post/pdfs/
wer/en_658bfa11e502e_Vol_50_no_44-english.pdf,1740660,4bcacce4f887e6867582dea8f33f6a06afb7fda577fca1ba24fc6335c0ca7de3,Epidemiology Unit Weekly Epidemiological Reports -- https://www.epid.gov.lk/storage/post/pdfs/
wer/en_658bfaa1cb3bf_Vol_50_no_43-english.pdf,1710151,0abbc960ddea150ca3856afe2194e27878898f43a9722c8249382ca8d8655cad,Epidemiology Unit Weekly Epidemiological Reports -- https://www.epid.gov.lk/storage/post/pdfs/
wer/en_658bfb119b032_Vol_50_no_42-english.pdf,1787174,8b790e9a671de05decbae573af380fceeb0b14881422c103597850f21d561504,Epidemiology Unit Weekly Epidemiological Reports -- https://www.epid.gov.lk/storage/post/pdfs/
wer/en_658bfc0e47143_Vol_50_no_41-english.pdf,1560263,22862abe166fe10f5bd1bd5b1977bb6a6df593cebd08fecb78cc4a4b7966086f,Epidemiology Unit Weekly Epidemiological Reports -- https://www.epid.gov.lk/storage/post/pdfs/
wer/en_658bfcac2f526_Vol_50_no_40-english.pdf,1472318,337e9dbfb5747415644455a989d036345233c66170636569dd6491fccbbfc7d5,Epidemiology Unit Weekly Epidemiological Reports -- https://www.epid.gov.lk/storage/post/pdfs/
wer/en_658bfd0d99fc6_Vol_50_no_39-english.pdf,1758890,8331652700e26e630b35664cb0675f9bf6ab724d46e85b3d889ad678ab8105da,Epidemiology Unit Weekly Epidemiological Reports -- https://www.epid.gov.lk/storage/post/pdfs/
wer/en_658bfd691ab24_Vol_50_no_38-english.pdf,1768375,6fd0f3b84690a16f07edcf1d3446112386c74f36a4ef2cc2c0b359a34d120064,Epidemiology Unit Weekly Epidemiological Reports -- https://www.epid.gov.lk/storage/post/pdfs/
wer/en_6592f6eec67ef_Vol_50_no_34-english.pdf,1262946,4dafb204ec1ee3be34ba810945c295627e4e71263953c714d33b4db45f052bee,Epidemiology Unit Weekly Epidemiological Reports -- https://www.epid.gov.lk/storage/post/pdfs/
wer/en_6592f77ef271b_Vol_50_no_33-english.pdf,1404184,17bca6b88dd485e915d917570ff269ced1ef511a3ab096512d81f0c15afe4880,Epidemiology Unit Weekly Epidemiological Reports -- https://www.epid.gov.lk/storage/post/pdfs/
wer/en_6592f8ce36f5c_Vol_50_no_32-english.pdf,1058813,16c10e7104db3ae2f70c8ffbc59baff67c946214dc1c0dd73f11bc555835a7b5,Epidemiology Unit Weekly Epidemiological Reports -- https://www.epid.gov.lk/storage/post/pdfs/
wer/en_6592fa2472186_Vol_50_no_31-english.pdf,1531387,7c58da237261ca2d2797f4cbfe463a2fcfface5cfe5f927cdd67d55855c47380,Epidemiology Unit Weekly Epidemiological Reports -- https://www.epid.gov.lk/storage/post/pdfs/
wer/en_65938b8caa4b2_Vol_50_no_51-english.pdf,1616693,de53fb6c9a40e74ae86ba0398642e464af178a557ce41882b5e09757c1a4270a,Epidemiology Unit Weekly Epidemiological Reports -- https://www.epid.gov.lk/storage/post/pdfs/
wer/en_6597d07b07eb4_Vol_50_no_47-english.pdf,2024397,52bff9381e289065bd9348c3955e2b06d543aac95a802963f73ae27d957d0ea7,Epidemiology Unit Weekly Epidemiological Reports -- https://www.epid.gov.lk/storage/post/pdfs/
wer/en_659e7c802c6b3_Vol_50_no_52-english.pdf,1594479,77a44f11b2c891adffd1e423a5cd9d8be5a3fc5440648354e8df86c6fbd99032,Epidemiology Unit Weekly Epidemiological Reports -- https://www.epid.gov.lk/storage/post/pdfs/
wer/en_65b8d3689b762_Vol_51_no_01-english.pdf,1164125,a2411d75ad4486af8ad1e6695ec29d13246823fa37d859d1ab6ceb7f8a2af486,Epidemiology Unit Weekly Epidemiological Reports -- https://www.epid.gov.lk/storage/post/pdfs/
wer/en_65c256e1a3188_Vol_50_no_30-english.pdf,1235246,a241cbe42bb96b014d0344c76e226a5f0cfcb222c9a689aee3fb3b5170efef30,Epidemiology Unit Weekly Epidemiological Reports -- https://www.epid.gov.lk/storage/post/pdfs/
wer/en_65fc47cc869e2_Vol_51_no_09-english.pdf,1412843,eecbbf4a79b284a4a5c96356c2b4f71b61e0a90de698bb9994f9ab9c99b4cb27,Epidemiology Unit Weekly Epidemiological Reports -- https://www.epid.gov.lk/storage/post/pdfs/
wer/en_65fc4e4076150_Vol_51_no_08-english.pdf,1531679,9d6e44f6d2791212339273c28c11eac5ea5d45c07ba33aa59411f9b22bb3e058,Epidemiology Unit Weekly Epidemiological Reports -- https://www.epid.gov.lk/storage/post/pdfs/
wer/en_65fc547b1177c_Vol_51_no_07-english.pdf,2166275,a3c33f77c8a7c8374ac07c4f02ebb78b12bfd09e0512a04b07f989ae50e5db2b,Epidemiology Unit Weekly Epidemiological Reports -- https://www.epid.gov.lk/storage/post/pdfs/
wer/en_65fc60581a048_Vol_51_no_06-english.pdf,1602986,9e781b05e45816f453d8c40032ac2c92a182caabce1ab537b4cfe2e8ca20c5f0,Epidemiology Unit Weekly Epidemiological Reports -- https://www.epid.gov.lk/storage/post/pdfs/
wer/en_65fc628912f33_Vol_51_no_05-english.pdf,1380888,d9b72faa859b9a2843d8fdbbeca113ac6d00e999ac56757a359a0249aa41b682,Epidemiology Unit Weekly Epidemiological Reports -- https://www.epid.gov.lk/storage/post/pdfs/
wer/en_65fc6756ec7d6_Vol_51_no_04-english.pdf,1048219,804c640f4638bb7b6eb53160a0cf0cef8f390d4b402a64fa6d3fd0e572630137,Epidemiology Unit Weekly Epidemiological Reports -- https://www.epid.gov.lk/storage/post/pdfs/
wer/en_65fc71dbe22ce_Vol_51_no_03-english.pdf,589467,73a2f3d4ec8063cba485bcf33f4d4ab9c5e20998c350da4343da51ef01cca97f,Epidemiology Unit Weekly Epidemiological Reports -- https://www.epid.gov.lk/storage/post/pdfs/
wer/en_65fc755050a91_Vol_51_no_02-english.pdf,605851,eeef6b312b3cdfcd79e12747892bf89bc909f267073685e413290f53d86d2246,Epidemiology Unit Weekly Epidemiological Reports -- https://www.epid.gov.lk/storage/post/pdfs/
wer/en_6602904aa6a75_Vol_51_no_10-english.pdf,1497605,81b0871a65cb064ca02c23a56701d6f4cc1d682c8d8ff623bf9ce9bc89067e67,Epidemiology Unit Weekly Epidemiological Reports -- https://www.epid.gov.lk/storage/post/pdfs/
wer/vol_40_no_26_english.pdf,245206,763e06d02d20471dcc34a30da4aa968e68dba159f8dea9db26f529e1250cce90,Epidemiology Unit Weekly Epidemiological Reports -- https://www.epid.gov.lk/storage/post/pdfs/
wer/vol_40_no_27_english.pdf,299428,789daae50422253b96c3696499e16791f33bef0ee4cc33bad0858cab29ba3a72,Epidemiology Unit Weekly Epidemiological Reports -- https://www.epid.gov.lk/storage/post/pdfs/
wer/vol_40_no_28_english.pdf,286223,a49dd7f3168fb3fabeb6c8ba9e432768f1e8880e2d4fffb856be256338f30c70,Epidemiology Unit Weekly Epidemiological Reports -- https://www.epid.gov.lk/storage/post/pdfs/
wer/vol_40_no_30_english.pdf,327925,c6ff2affea4b79b872c143e54f3b2e18d7776cce858ab0481f08cc81fe3adfe8,Epidemiology Unit Weekly Epidemiological Reports -- https://www.epid.gov.lk/storage/post/pdfs/
wer/vol_40_no_31_english.pdf,247161,c565fb3258d2efef21d760da1d204f995e2dcd9a9198e835aa6d7dca41cfcf98,Epidemiology Unit Weekly Epidemiological Reports -- https://www.epid.gov.lk/storage/post/pdfs/
wer/vol_40_no_32_english.pdf,264561,286ad7d61ade368c1f7eafb5400ee206bd4bbfcb009de0f1cbe25bed618c078a,Epidemiology Unit Weekly Epidemiological Reports -- https://www.epid.gov.lk/storage/post/pdfs/
wer/vol_40_no_33_english.pdf,256247,14885e0002c41d367402760a21e9334b8d14caaf58a0dddc36993fe1f09ff765,Epidemiology Unit Weekly Epidemiological Reports -- https://www.epid.gov.lk/storage/post/pdfs/
wer/vol_40_no_34_english.pdf,296196,5a3d35531f327c795feb3d8a84f35b40148402ade49946c9dab6837b83df7a34,Epidemiology Unit Weekly Epidemiological Reports -- https://www.epid.gov.lk/storage/post/pdfs/
wer/vol_40_no_35_english.pdf,299113,9da6e700ed2558e546df6e5d97313ecd2670688d0c220a5d73cf8e650cefcc75,Epidemiology Unit Weekly Epidemiological Reports -- https://www.epid.gov.lk/storage/post/pdfs/
wer/vol_40_no_36_english.pdf,277778,41190aacd508f5e07e4738c75a16c29c87075cdf0c13bb26660fbffae0bf561f,Epidemiology Unit Weekly Epidemiological Reports -- https://www.epid.gov.lk/storage/post/pdfs/
wer/vol_40_no_37_english.pdf,265096,8ea1f1206904f8d4d0de591a495c1d23edc70fcaeae37f8165f18d23a4b7566f,Epidemiology Unit Weekly Epidemiological Reports -- https://www.epid.gov.lk/storage/post/pdfs/
wer/vol_40_no_38_english.pdf,266234,ebf9bfe6109b27ec10c44194db23560f8296b0b51a6bb0a545461ac81c8ba171,Epidemiology Unit Weekly Epidemiological Reports -- https://www.epid.gov.lk/storage/post/pdfs/
wer/vol_40_no_39_english.pdf,278745,1ac10a9fa0ffc5bb9e2bf1afaa0434d6c211c02ee1a5b384eae90aafd8a71653,Epidemiology Unit Weekly Epidemiological Reports -- https://www.epid.gov.lk/storage/post/pdfs/
wer/vol_40_no_40_english.pdf,294623,0558f19aec6e8fbe05c240f76b35629de82bfbc7f0dffc8f8fa432fd7c0a5e3f,Epidemiology Unit Weekly Epidemiological Reports -- https://www.epid.gov.lk/storage/post/pdfs/
wer/vol_40_no_41_english.pdf,203435,f7b63e0ff227a0f9e2a79bad055b2a148d69e2f20666e1dc1098043b52ef39ab,Epidemiology Unit Weekly Epidemiological Reports -- https://www.epid.gov.lk/storage/post/pdfs/
wer/vol_40_no_42_english.pdf,194826,4f75bd0dc6b846bca51815bc08aa1cb29968d4076c4b448277f4de74b6abab0c,Epidemiology Unit Weekly Epidemiological Reports -- https://www.epid.gov.lk/storage/post/pdfs/
wer/vol_40_no_43_english.pdf,417319,700852bf5e2044ab1e6acbe7a34cd05a399e95c277ff399b68a37d82b86afdaa,Epidemiology Unit Weekly Epidemiological Reports -- https://www.epid.gov.lk/storage/post/pdfs/
wer/vol_40_no_44_english.pdf,390674,d1d0279ce3ad5e78170e5cd160a246add5502302203ea3ea1d5c5ff23811c420,Epidemiology Unit Weekly Epidemiological Reports -- https://www.epid.gov.lk/storage/post/pdfs/
wer/vol_40_no_45_english.pdf,401539,8c53f00d80422064257c4cc944e4e2337b4ae14dd829a815c7a53259bcb14d45,Epidemiology Unit Weekly Epidemiological Reports -- https://www.epid.gov.lk/storage/post/pdfs/
wer/vol_40_no_46_english.pdf,383957,764bde95d061cc0e0d83af8e48e01fd2a5fbe94a6bc29b376c1a4426e9b7ad1f,Epidemiology Unit Weekly Epidemiological Reports -- https://www.epid.gov.lk/storage/post/pdfs/
wer/vol_40_no_47_english.pdf,331671,06b4d3014633b109254e7c5496be955be8d979304b789a44567f8a06ff43930d,Epidemiology Unit Weekly Epidemiological Reports -- https://www.epid.gov.lk/storage/post/pdfs/
wer/vol_40_no_48_english.pdf,207164,60e801ef2ba210c97664bef59757f5720c64d55b3508dd263ff1ef0a655b24d5,Epidemiology Unit Weekly Epidemiological Reports -- https://www.epid.gov.lk/storage/post/pdfs/
wer/vol_40_no_49_english.pdf,167694,367a14a0d2001b61fb8f46ae5ba1e1e76c9407e220f31e27ef287172faa82347,Epidemiology Unit Weekly Epidemiological Reports -- https://www.epid.gov.lk/storage/post/pdfs/
wer/vol_40_no_50_english.pdf,249181,7e35b7c7c28fe18cbd468576d0e0b7c8381ab60bd53751d37fe8378d1debbec9,Epidemiology Unit Weekly Epidemiological Reports -- https://www.epid.gov.lk/storage/post/pdfs/
wer/vol_40_no_51_english.pdf,336147,bba39ad02be9db433b434889aa78554ac4c4889999ad5eba0618726afd8bfe9f,Epidemiology Unit Weekly Epidemiological Reports -- https://www.epid.gov.lk/storage/post/pdfs/
wer/vol_40_no_52_english.pdf,208914,400a4eb91e510045799e24adfc27a14d560e7daa896cd2b09135c7305a4b7a61,Epidemiology Unit Weekly Epidemiological Reports -- https://www.epid.gov.lk/storage/post/pdfs/
wer/vol_41_no_01-english.pdf,988440,a5a59452c2ed6240ed365f87a39768eea36071ee75713f74eb51d3bb4bb4c0b2,Epidemiology Unit Weekly Epidemiological Reports -- https://www.epid.gov.lk/storage/post/pdfs/
wer/vol_41_no_02-english.pdf,1033096,e71a130b26a1b811d5ffada7320522849be8f692269dc4d0b9fc7a7a03a341a6,Epidemiology Unit Weekly Epidemiological Reports -- https://www.epid.gov.lk/storage/post/pdfs/
wer/vol_41_no_03-english.pdf,1004081,7548c090936bd7edafeb899140700c9b3fbe19bb717ca72ccdb737360f3256d4,Epidemiology Unit Weekly Epidemiological Reports -- https://www.epid.gov.lk/storage/post/pdfs/
wer/vol_41_no_04-english.pdf,1264709,ee42127d4c2a38199110d56da575c6b7ac374058c9c99978977a08ce15152cd8,Epidemiology Unit Weekly Epidemiological Reports -- https://www.epid.gov.lk/storage/post/pdfs/
wer/vol_41_no_05-english.pdf,1001482,73539fa097376dbe1d598ab75971b56fe72b57fd55b2113bd5b23654426aa923,Epidemiology Unit Weekly Epidemiological Reports -- https://www.epid.gov.lk/storage/post/pdfs/
wer/vol_41_no_07-english.pdf,1002487,0182dd154e797315d48e608552be20a97c927e6c95c1d60847297820b2906f97,Epidemiology Unit Weekly Epidemiological Reports -- https://www.epid.gov.lk/storage/post/pdfs/
wer/vol_41_no_08-english.pdf,1273224,ca94b3b2b6df174dfe9a8ba7a69af3a5e47dfb7a09faee01a717a4d6750f4b4f,Epidemiology Unit Weekly Epidemiological Reports -- https://www.epid.gov.lk/storage/post/pdfs/
wer/vol_41_no_09-english.pdf,1035837,c0bdd4c32fcab80134418fce38b127343c91257924bf373be9556f45cde94ede,Epidemiology Unit Weekly Epidemiological Reports -- https://www.epid.gov.lk/storage/post/pdfs/
wer/vol_41_no_10-english.pdf,1022499,7360aa15b8e9714c9015f7a15739f36e2fa3a8c96e9b952334613e0dad47d0b5,Epidemiology Unit Weekly Epidemiological Reports -- https://www.epid.gov.lk/storage/post/pdfs/
wer/vol_41_no_11-english.pdf,1002483,45839ce8f74de0d0a168399b165ce6a4007c5bf88f60d956756159f6bf494b9a,Epidemiology Unit Weekly Epidemiological Reports -- https://www.epid.gov.lk/storage/post/pdfs/
wer/vol_41_no_12-english.pdf,1252639,cee2a3125aff5c3eecaa2472c6cb0d76bf4cdae9631e6eb2cdbe095e5a051012,Epidemiology Unit Weekly Epidemiological Reports -- https://www.epid.gov.lk/storage/post/pdfs/
wer/vol_41_no_13-english.pdf,998795,dd4299b14abcb474e20a6c4edc2fe261e8b303249f533cd7bec60c90425eb796,Epidemiology Unit Weekly Epidemiological Reports -- https://www.epid.gov.lk/storage/post/pdfs/
wer/vol_41_no_14-english.pdf,1005754,d8d1481576919c4e9bfb7f990c598b5fbbadf6540ec2b8a0889d7da3d999bbfd,Epidemiology Unit Weekly Epidemiological Reports -- https://www.epid.gov.lk/storage/post/pdfs/
wer/vol_41_no_15-english.pdf,1002965,873640d783bbb9e296222c2e3e6238c4f3bbe83a672f5ea81590f8eb44a1a490,Epidemiology Unit Weekly Epidemiological Reports -- https://www.epid.gov.lk/storage/post/pdfs/
wer/vol_41_no_16-english.pdf,932461,b1c7084359c29b9197f5c1be0cc3428da1d1a032b2dd20dc0874524de8944ed5,Epidemiology Unit Weekly Epidemiological Reports -- https://www.epid.gov.lk/storage/post/pdfs/
wer/vol_41_no_17-english.pdf,1247895,5f2b30ce7d75a8806c9fa97621967d0978d9b294944184b6963b940ec5848b60,Epidemiology Unit Weekly Epidemiological Reports -- https://www.epid.gov.lk/storage/post/pdfs/
wer/vol_41_no_18-english.pdf,1021996,6cb2d527ce2fea96fed96c16ff1562436645aeee0380fab3854c3c3fe0ef8c45,Epidemiology Unit Weekly Epidemiological Reports -- https://www.epid.gov.lk/storage/post/pdfs/
wer/vol_41_no_19-english.pdf,198989,0c7570ad949dd8e9a9a75c2b2e174d512efb1b18abb98bdb4baf032b101cc069,Epidemiology Unit Weekly Epidemiological Reports -- https://www.epid.gov.lk/storage/post/pdfs/
wer/vol_41_no_20-english.pdf,200334,7aec8e4ebb0816c812410a712512508bd3462f200976d28a24ba4b2cfe6c663b,Epidemiology Unit Weekly Epidemiological Reports -- https://www.epid.gov.lk/storage/post/pdfs/
wer/vol_41_no_21-english.pdf,204554,c9e5f10c662ec5aea14d84fdfb7bcf7401befbad6ceb3e6920172e81e1f77aee,Epidemiology Unit Weekly Epidemiological Reports -- https://www.epid.gov.lk/storage/post/pdfs/
wer/vol_41_no_22-english.pdf,204324,0eba9e7a38807a091714cfe5e06162e0ceee12fe62ef5dba855889644eb6f737,Epidemiology Unit Weekly Epidemiological Reports -- https://www.epid.gov.lk/storage/post/pdfs/
wer/vol_41_no_23-english.pdf,963634,8be61422cbcec3389a145b7526235f886c392e1f52a97f4af912abf540229abd,Epidemiology Unit Weekly Epidemiological Reports -- https://www.epid.gov.lk/storage/post/pdfs/
wer/vol_41_no_24-english.pdf,948196,0c2d9b735e23187da5f0bb574078b45fff4a36afbb445264523b12207fcf3c80,Epidemiology Unit Weekly Epidemiological Reports -- https://www.epid.gov.lk/storage/post/pdfs/
wer/vol_41_no_25-english.pdf,1086711,91d78d439bedce87ddc2d7a72da447024e2357bef76e2834e9711a7fed55b16d,Epidemiology Unit Weekly Epidemiological Reports -- https://www.epid.gov.lk/storage/post/pdfs/
wer/vol_41_no_26-english.pdf,963850,880249753c0e93805abe4d7c3d436c71c081a0d9af4c787e37dcdfa901433794,Epidemiology Unit Weekly Epidemiological Reports -- https://www.epid.gov.lk/storage/post/pdfs/
wer/vol_41_no_27-english.pdf,944483,e10a9142705d13cae4b308c8fd5088019d5c25374747b6215d68d9de73e03046,Epidemiology Unit Weekly Epidemiological Reports -- https://www.epid.gov.lk/storage/post/pdfs/
wer/vol_41_no_28-english.pdf,1432043,43db449d4678de6ce5e7c5898fe3ce191051644ac0f8e306c8b23d6f15974260,Epidemiology Unit Weekly Epidemiological Reports -- https://www.epid.gov.lk/storage/post/pdfs/
wer/vol_41_no_29-english.pdf,1321952,c195d7cebd30ae92bfcb3743cf5caf3077ebc98b60134afaa103b47abd489def,Epidemiology Unit Weekly Epidemiological Reports -- https://www.epid.gov.lk/storage/post/pdfs/
wer/vol_41_no_30-english.pdf,1332578,b38775244d2c5ae9a0034b0732971f63679bb8091f04ea63a1eac377b6de5e20,Epidemiology Unit Weekly Epidemiological Reports -- https://www.epid.gov.lk/storage/post/pdfs/
wer/vol_41_no_31-english.pdf,1046842,c25a8a1a82c9c236570f88fb1307b5bcf86819b9e2f29ce7004142e4e8977734,Epidemiology Unit Weekly Epidemiological Reports -- https://www.epid.gov.lk/storage/post/pdfs/
wer/vol_41_no_32-english.pdf,989277,4f322339d4da81f98a6bd32c79acec8b733dbbce6bb8c1e75ffc8106211971da,Epidemiology Unit Weekly Epidemiological Reports -- https://www.epid.gov.lk/storage/post/pdfs/
wer/vol_41_no_33-english.pdf,956256,519bca11ae026c56888bb31b5e0cb7b752d5553dc3abeba91cf0c8c4e9881718,Epidemiology Unit Weekly Epidemiological Reports -- https://www.epid.gov.lk/storage/post/pdfs/
wer/vol_41_no_34-english.pdf,1259555,f2a7de202312d3dbe23977988b82914f70de2f6d6a68f76d11239bca125dc0c6,Epidemiology Unit Weekly Epidemiological Reports -- https://www.epid.gov.lk/storage/post/pdfs/
wer/vol_41_no_35-english.pdf,994149,c5b21d1febbaf13d3d85f08c67b51a6adfe52954d5b07b5940e1061c85b12f25,Epidemiology Unit Weekly Epidemiological Reports -- https://www.epid.gov.lk/storage/post/pdfs/
wer/vol_41_no_36-english.pdf,957056,415b039759a54d262637f1ec22cce227ab093bf88a1e92af39e3f12805d512cd,Epidemiology Unit Weekly Epidemiological Reports -- https://www.epid.gov.lk/storage/post/pdfs/
wer/vol_41_no_37-english.pdf,968270,71bb09096a0346dddb9d04bec57882285e052f706a2628e28bb7576ff06f8cfd,Epidemiology Unit Weekly Epidemiological Reports -- https://www.epid.gov.lk/storage/post/pdfs/
wer/vol_41_no_38-english.pdf,959631,9c9d89b180249905a402ef7dee6fd5cbce2e581b9a92feb35d5b47081624ebd0,Epidemiology Unit Weekly Epidemiological Reports -- https://www.epid.gov.lk/storage/post/pdfs/
wer/vol_41_no_39-english.pdf,1168553,ef1129e641675a134e559e1cf1d76c46047e487ecb16aa612cad3f342760759a,Epidemiology Unit Weekly Epidemiological Reports -- https://www.epid.gov.lk/storage/post/pdfs/
wer/vol_41_no_40-english.pdf,1288420,489a6a8ca31ea7e35e0c9dad5c4b467f70cf17597f92a0fc3a0e33b337431273,Epidemiology Unit Weekly Epidemiological Reports -- https://www.epid.gov.lk/storage/post/pdfs/
wer/vol_41_no_41-english.pdf,1056202,5d82ebb290f70cd0656e30e85f2140fa89d61b8978ed572b2dff96dffbcbffed,Epidemiology Unit Weekly Epidemiological Reports -- https://www.epid.gov.lk/storage/post/pdfs/
wer/vol_41_no_42-english.pdf,331128,ad364c7093f34e290b725aa19353165305e0bbdd538d2337f7cb672b8f97a196,Epidemiology Unit Weekly Epidemiological Reports -- https://www.epid.gov.lk/storage/post/pdfs/
wer/vol_41_no_43-english.pdf,384062,218184ef904bcd714937b25f8ba2fe03234e3077e132f030574db5074a0b70e5,Epidemiology Unit Weekly Epidemiological Reports -- https://www.epid.gov.lk/storage/post/pdfs/
wer/vol_41_no_44-english.pdf,269524,e944633d28696a6efde9699aa4580019c765cebbe8249b8a7330c430053a5b7e,Epidemiology Unit Weekly Epidemiological Reports -- https://www.epid.gov.lk/storage/post/pdfs/
wer/vol_41_no_45-english.pdf,271166,be1a1eef8f4c4c0f6b45be4cc19e8dd911ab19242e211eddb9ad88815e08c435,Epidemiology Unit Weekly Epidemiological Reports -- https://www.epid.gov.lk/storage/post/pdfs/
wer/vol_41_no_46-english.pdf,279517,cd1ce67334ff4ff02a830c54b4784383ef709590b0c15ddf68e3eb2b12b507e8,Epidemiology Unit Weekly Epidemiological Reports -- https://www.epid.gov.lk/storage/post/pdfs/
wer/vol_41_no_47-english.pdf,385043,23759d8eff1f3f2d60c407b82f05c1a790cccbe3f5e5dce9ae8410a99762ca7c,Epidemiology Unit Weekly Epidemiological Reports -- https://www.epid.gov.lk/storage/post/pdfs/
wer/vol_41_no_48-english.pdf,269234,e405c67e861308d255aa842f260375486946db87dd4a5a3b36bc2d791bc287dc,Epidemiology Unit Weekly Epidemiological Reports -- https://www.epid.gov.lk/storage/post/pdfs/
wer/vol_41_no_49-english.pdf,375840,43bf99fad91563f6fa51f8023ad105d86872f8a2b69e848aa16793145a61689f,Epidemiology Unit Weekly Epidemiological Reports -- https://www.epid.gov.lk/storage/post/pdfs/
wer/vol_41_no_50-english.pdf,269251,8c51b387c01b8794fb38ed5ac61a811f0957b896cbcbb427cf0bc0aad0c97a17,Epidemiology Unit Weekly Epidemiological Reports -- https://www.epid.gov.lk/storage/post/pdfs/
wer/vol_41_no_51-english.pdf,270938,0d0b79888364be9c2bb500352ce2dbaa2c4b1229a1a11c125937228c35820514,Epidemiology Unit Weekly Epidemiological Reports -- https://www.epid.gov.lk/storage/post/pdfs/
wer/vol_41_no_52-english.pdf,432254,04e824b7f207b1bf5461d397d4c0bb021377c0668356e50727484470d95f82df,Epidemiology Unit Weekly Epidemiological Reports -- https://www.epid.gov.lk/storage/post/pdfs/
wer/vol_42_no_01-english.pdf,484164,f05e2d5361e368918e874d348c7f8b36c6bc79335a4d07fbaf23fd506e920433,Epidemiology Unit Weekly Epidemiological Reports -- https://www.epid.gov.lk/storage/post/pdfs/
wer/vol_42_no_02-english.pdf,1693581,fcf5d50cfc504d96a2af3a3ac0dd11c3fc4ecb417d18de668aa2f832a0caf75f,Epidemiology Unit Weekly Epidemiological Reports -- https://www.epid.gov.lk/storage/post/pdfs/
wer/vol_42_no_03-english.pdf,486313,548560ef9cb64a001ae879f6c7a30b58b07b2b6d69b3a24cdac2109482a07196,Epidemiology Unit Weekly Epidemiological Reports -- https://www.epid.gov.lk/storage/post/pdfs/
wer/vol_42_no_04-english.pdf,599857,c8c6e21a39c229eef062a4d8848b3e96d2bc9de4f88e71a47224536d2712a45f,Epidemiology Unit Weekly Epidemiological Reports -- https://www.epid.gov.lk/storage/post/pdfs/
wer/vol_42_no_05-english.pdf,494311,9fa4591150606a85259b351424d8e218bf3a2a6c81d1951924cbff533aeae154,Epidemiology Unit Weekly Epidemiological Reports -- https://www.epid.gov.lk/storage/post/pdfs/
wer/vol_42_no_06-english.pdf,482932,d1b5230523dffe0c70c6274a262a92f58b7b6fd93ab90d8195f8f8aee369c0a3,Epidemiology Unit Weekly Epidemiological Reports -- https://www.epid.gov.lk/storage/post/pdfs/
wer/vol_42_no_07-english.pdf,891119,62475fa08c599fb19105dcf2341728f78e3eee625dbc49afd8c7748420f34785,Epidemiology Unit Weekly Epidemiological Reports -- https://www.epid.gov.lk/storage/post/pdfs/
wer/vol_42_no_08-english.pdf,531471,ac756a80b0cf7c76b49f2eb86402e8cd5d70169ffa0e550e6654a4409fe18845,Epidemiology Unit Weekly Epidemiological Reports -- https://www.epid.gov.lk/storage/post/pdfs/
wer/vol_42_no_09-english.pdf,546291,d7daaa7b25aac30b261e1ea78011c3ad51cc80883e4994c8c8d36e8eb4764ea0,Epidemiology Unit Weekly Epidemiological Reports -- https://www.epid.gov.lk/storage/post/pdfs/
wer/vol_42_no_10-english.pdf,535518,e4e04ada431d7e3c5c3c0c00789a2df9dbf4f6c4767ffe3ad5db2af950854c03,Epidemiology Unit Weekly Epidemiological Reports -- https://www.epid.gov.lk/storage/post/pdfs/
wer/vol_42_no_11-english.pdf,563643,24d11bfc00176ce228d52ee8fd72269e16aa809c66c951baed8314149191be83,Epidemiology Unit Weekly Epidemiological Reports -- https://www.epid.gov.lk/storage/post/pdfs/
wer/vol_42_no_12-english.pdf,524178,7174b7f6fe4f3b99d817c4be3557344b4b7d97bf28c4297581a0230db2da8c17,Epidemiology Unit Weekly Epidemiological Reports -- https://www.epid.gov.lk/storage/post/pdfs/
wer/vol_42_no_13-english.pdf,531527,3465f61343a3bf816b94c63fa432798bbe6e9c8ca7c351060ca0cbd5bb9963cf,Epidemiology Unit Weekly Epidemiological Reports -- https://www.epid.gov.lk/storage/post/pdfs/
wer/vol_42_no_14-english.pdf,484168,1d5f71e6442c5ce0a1a3906725e8cd1653e974768af676b5a73c6c38a9aa87e7,Epidemiology Unit Weekly Epidemiological Reports -- https://www.epid.gov.lk/storage/post/pdfs/
wer/vol_42_no_15-english.pdf,487705,f2fcc787b9221789297da3c191e569343e28d4aef3954d5779a2fa0021522768,Epidemiology Unit Weekly Epidemiological Reports -- https://www.epid.gov.lk/storage/post/pdfs/
wer/vol_42_no_16-english.pdf,486401,78eb939d32ca69b733e13c9b3efd296db699d14861b8c87efef7c346bc1b1131,Epidemiology Unit Weekly Epidemiological Reports -- https://www.epid.gov.lk/storage/post/pdfs/
wer/vol_42_no_17-english.pdf,554680,3971030a43e9f90b306c81940336ec74004379ef05e26fa335f73632a18fe8be,Epidemiology Unit Weekly Epidemiological Reports -- https://www.epid.gov.lk/storage/post/pdfs/
wer/vol_42_no_18-english.pdf,488177,edf3f57a3543b6208a94541a1bf39e194528509bbb3547a396d990c179fefe6c,Epidemiology Unit Weekly Epidemiological Reports -- https://www.epid.gov.lk/storage/post/pdfs/
wer/vol_42_no_19-english.pdf,484658,5a681deeb5f598cf7f4b775f2df6c5a7da56403258b577f253bbe18296232a89,Epidemiology Unit Weekly Epidemiological Reports -- https://www.epid.gov.lk/storage/post/pdfs/
wer/vol_42_no_20-english.pdf,485734,cd443a0c99d52959c5cc051093310254707b2b0033ea8d9f869cb636eee43d25,Epidemiology Unit Weekly Epidemiological Reports -- https://www.epid.gov.lk/storage/post/pdfs/
wer/vol_42_no_21-english.pdf,524366,b3c01cd3edefcc4879ea0d707b718ddef754511202eb8e1af99e3f9bcda94405,Epidemiology Unit Weekly Epidemiological Reports -- https://www.epid.gov.lk/storage/post/pdfs/
wer/vol_42_no_22-english.pdf,486438,f0a6412c7c90a9bf56ee79541d811ebbfc8c1dd32657bf7b657058d0bb9d7838,Epidemiology Unit Weekly Epidemiological Reports -- https://www.epid.gov.lk/storage/post/pdfs/
wer/vol_42_no_23-english.pdf,560998,eca6029ce26ff9a291b4669f628126484f2390cb30c93c02425d1b401eabdbaa,Epidemiology Unit Weekly Epidemiological Reports -- https://www.epid.gov.lk/storage/post/pdfs/
wer/vol_42_no_24-english.pdf,530656,b9d407a32b21cb9b8f3a38fd4fd7c106b76b75d20f0289b97c8d8f98161642a1,Epidemiology Unit Weekly Epidemiological Reports -- https://www.epid.gov.lk/storage/post/pdfs/
wer/vol_42_no_25-english.pdf,538391,07c2963c9cce61d5c3830862f91df45a81480f2976dfe036c19d9e9b3fe7dc6a,Epidemiology Unit Weekly Epidemiological Reports -- https://www.epid.gov.lk/storage/post/pdfs/
wer/vol_42_no_26-english.pdf,530145,f6ad2eff77ec56b4bd852d02b13971b94e99cd648abeb645169405f313e8c195,Epidemiology Unit Weekly Epidemiological Reports -- https://www.epid.gov.lk/storage/post/pdfs/
wer/vol_42_no_27-english.pdf,484530,17e5945157826d3372488569ddaae2a17c7a31bba6b7c0b688d16666a06a3a31,Epidemiology Unit Weekly Epidemiological Reports -- https://www.epid.gov.lk/storage/post/pdfs/
wer/vol_42_no_28-english.pdf,493475,61661397242e31e1c52172abc61d3129d3f6960287c7ec8703ceaf2d974de04a,Epidemiology Unit Weekly Epidemiological Reports -- https://www.epid.gov.lk/storage/post/pdfs/
wer/vol_42_no_29-english.pdf,505048,7a4c49b7298d991dea1c95d38f551d10cac3ee7d80bf959cc26e059f8ee2a1fd,Epidemiology Unit Weekly Epidemiological Reports -- https://www.epid.gov.lk/storage/post/pdfs/
wer/vol_42_no_30-english.pdf,524737,aa42aff7120e7f655ee358e97ecb0df42017c14cf08f4d5f1338419dbc24e239,Epidemiology Unit Weekly Epidemiological Reports -- https://www.epid.gov.lk/storage/post/pdfs/
wer/vol_42_no_32-english.pdf,482333,61b2244c0eb53d8fafa786ac14d588b6c8fbc02b38626ff5d0ae9bc527bb1053,Epidemiology Unit Weekly Epidemiological Reports -- https://www.epid.gov.lk/storage/post/pdfs/
wer/vol_42_no_33-english.pdf,1369263,c38594ba01544a2a924e3ed130b986939fed5b18c93f9be2af84672bd3a767d8,Epidemiology Unit Weekly Epidemiological Reports -- https://www.epid.gov.lk/storage/post/pdfs/
wer/vol_42_no_34-english.pdf,528604,268eefb1f0e6cc4fe61a92c7ff8faed884dac23709697a91663e4b8753f64916,Epidemiology Unit Weekly Epidemiological Reports -- https://www.epid.gov.lk/storage/post/pdfs/
wer/vol_42_no_35-english.pdf,487327,1d4195429f43b8fd00d284c7ce826ae68b868030a149b9bc574e62c040d1ec2f,Epidemiology Unit Weekly Epidemiological Reports -- https://www.epid.gov.lk/storage/post/pdfs/
wer/vol_42_no_36-english.pdf,511603,b80ce36aea37ff9763ae689dfb13ae404d9170ddae1c4ed52829ca7bc1e2ab57,Epidemiology Unit Weekly Epidemiological Reports -- https://www.epid.gov.lk/storage/post/pdfs/
wer/vol_42_no_37-english.pdf,533060,908675e795e5943d5ca23fabf14fe77a461bfd750da23affaee599e6a9b4e2f9,Epidemiology Unit Weekly Epidemiological Reports -- https://www.epid.gov.lk/storage/post/pdfs/
wer/vol_42_no_38-english.pdf,495313,cd2fc1bbc938a25785c36c7ae2a2d38daac9984c4ab9c9eb61ee8c92da3c34f5,Epidemiology Unit Weekly Epidemiological Reports -- https://www.epid.gov.lk/storage/post/pdfs/
wer/vol_42_no_39-english.pdf,527860,021dc154773349333a70a185e761d217a52100e216ab157e8e3b8e907f2f7a2a,Epidemiology Unit Weekly Epidemiological Reports -- https://www.epid.gov.lk/storage/post/pdfs/
wer/vol_42_no_40-english.pdf,482938,9f1e175c10027c83d1245d0ba8ba70e4644453776d49902c79394d2bc2c84116,Epidemiology Unit Weekly Epidemiological Reports -- https://www.epid.gov.lk/storage/post/pdfs/
wer/vol_42_no_41-english.pdf,483684,d1cdcc09f789c7143d52face0d3d0f59a5ccddd65844bc97e399cfee4fa91561,Epidemiology Unit Weekly Epidemiological Reports -- https://www.epid.gov.lk/storage/post/pdfs/
wer/vol_42_no_42-english.pdf,482161,6dceefe2c209c414484c7a2074c0d13ea60e001ccc10c73be67c991d913feaad,Epidemiology Unit Weekly Epidemiological Reports -- https://www.epid.gov.lk/storage/post/pdfs/
wer/vol_42_no_43-english.pdf,519605,aed72983c154a8f6bf1ccbde6c863fd3ec02f915552a14102b4b4d8c165d34d9,Epidemiology Unit Weekly Epidemiological Reports -- https://www.epid.gov.lk/storage/post/pdfs/
wer/vol_42_no_44-english.pdf,479985,3dbf54a4ea7b4475280a6b742e278d08468f70c9db97d17d13f4a4560d4388e1,Epidemiology Unit Weekly Epidemiological Reports -- https://www.epid.gov.lk/storage/post/pdfs/
wer/vol_42_no_45-english.pdf,484661,18ce0c19d667755f7397b7511fde879e55014a9a700ab0fdebd44a844255ddf5,Epidemiology Unit Weekly Epidemiological Reports -- https://www.epid.gov.lk/storage/post/pdfs/
wer/vol_42_no_46-english.pdf,706273,283065accf46cbcc04f621dca8a0109ddb84685e9812b10e25214d45c6c5287a,Epidemiology Unit Weekly Epidemiological Reports -- https://www.epid.gov.lk/storage/post/pdfs/
wer/vol_42_no_47-english.pdf,801090,22cdc670f69a50b7c00f4f1ca1b44b59495a4ac6b5c1468158bd22bac0ae4174,Epidemiology Unit Weekly Epidemiological Reports -- https://www.epid.gov.lk/storage/post/pdfs/
wer/vol_42_no_48-english.pdf,602803,40fbb0be2a47dbfeec51e8e37b0a79e7a54d5d22b2850adf7360c70d253a025f,Epidemiology Unit Weekly Epidemiological Reports -- https://www.epid.gov.lk/storage/post/pdfs/
wer/vol_42_no_49-english.pdf,495827,6974811620c4564e865b4b45f7743b4b2cc117beca915524962c9b3d8c607f0b,Epidemiology Unit Weekly Epidemiological Reports -- https://www.epid.gov.lk/storage/post/pdfs/
wer/vol_42_no_50-english.pdf,486087,9d6570d1991924f66ce97446bb2fec95aaccbca1a6dfb2932968f6f42e73e923,Epidemiology Unit Weekly Epidemiological Reports -- https://www.epid.gov.lk/storage/post/pdfs/
wer/vol_42_no_51-english.pdf,484519,142f72acb7c2906404e5cbf8da265d0eb79ed1dbc919dfd39ffbcf39c1bc5592,Epidemiology Unit Weekly Epidemiological Reports -- https://www.epid.gov.lk/storage/post/pdfs/
wer/vol_42_no_52-english.pdf,518258,effcf12bb5a6441908b685ce3c58fd571a5f7b8250391a6980b348c026357030,Epidemiology Unit Weekly Epidemiological Reports -- https://www.epid.gov.lk/storage/post/pdfs/
wer/vol_43_no_01-english.pdf,524172,39d6f927ebf0c58a1a767c23ed48b8619bcadd4b42ad5cf319e6a089fc8e425a,Epidemiology Unit Weekly Epidemiological Reports -- https://www.epid.gov.lk/storage/post/pdfs/
wer/vol_43_no_02-english.pdf,520523,807366cbb204589654198018bf229121069c2e573fb97dd3fbf2d7b1e2710973,Epidemiology Unit Weekly Epidemiological Reports -- https://www.epid.gov.lk/storage/post/pdfs/
wer/vol_43_no_03-english.pdf,526877,801a0db09ec2c71599610771d8bb9c3c6bb9ba78d5a4ce39d17ec13b90d64c06,Epidemiology Unit Weekly Epidemiological Reports -- https://www.epid.gov.lk/storage/post/pdfs/
wer/vol_43_no_04-english.pdf,566991,81396617b7d7df0bcee96bdfec5b95fd5513f52e70d51801872574bb40f48118,Epidemiology Unit Weekly Epidemiological Reports -- https://www.epid.gov.lk/storage/post/pdfs/
wer/vol_43_no_05-english.pdf,664844,24d1e13255f65d4602bf584e605c2bd20ad7d708192619b05eeee2d8475f79e2,Epidemiology Unit Weekly Epidemiological Reports -- https://www.epid.gov.lk/storage/post/pdfs/
wer/vol_43_no_06-english.pdf,544643,bcc17ca579af900011d4e1009b46e94cc195c4189bfd12855e23926d16bc336e,Epidemiology Unit Weekly Epidemiological Reports -- https://www.epid.gov.lk/storage/post/pdfs/
wer/vol_43_no_07-english.pdf,534030,4858944ff7f76d6b49b81fd9b3c0dc38165f137714dab4e23ecc657fe3c612d4,Epidemiology Unit Weekly Epidemiological Reports -- https://www.epid.gov.lk/storage/post/pdfs/
wer/vol_43_no_08-english.pdf,526248,24f3c68063da8ef7ee9f07019ad1c929f0d20b654e2cac770c0dca020d7508b4,Epidemiology Unit Weekly Epidemiological Reports -- https://www.epid.gov.lk/storage/post/pdfs/
wer/vol_43_no_09-english.pdf,630276,e28b3a53d1217e8ebf881f7639d8b1c7c0eb1cf2ea0ea8a61e11a03f838d69a8,Epidemiology Unit Weekly Epidemiological Reports -- https://www.epid.gov.lk/storage/post/pdfs/
wer/vol_43_no_10-english.pdf,522993,7ba6f740e9d0e97bc74eefd5f56d49f1b5959d212554e5ef0ac305f06876a94c,Epidemiology Unit Weekly Epidemiological Reports -- https://www.epid.gov.lk/storage/post/pdfs/
wer/vol_43_no_11-english.pdf,528588,08a4189e53a3b7809c2e93b429ccd1cffffc0056e48a4600729e68c1c426a0df,Epidemiology Unit Weekly Epidemiological Reports -- https://www.epid.gov.lk/storage/post/pdfs/
wer/vol_43_no_12-english.pdf,525561,2a40c02b50099d825588590b761b87ca4e27904c407ff9374b0953fb071dd842,Epidemiology Unit Weekly Epidemiological Reports -- https://www.epid.gov.lk/storage/post/pdfs/
wer/vol_43_no_13-english.pdf,569051,78234d1ba064d723c094589fb2fccfd41d782fc2414d26b3d345564e71873215,Epidemiology Unit Weekly Epidemiological Reports -- https://www.epid.gov.lk/storage/post/pdfs/
wer/vol_43_no_14-english.pdf,541921,5ce08541b2b613f79c67a3876b50f1df71c9347bd6bed3d504fa217568ae5b7c,Epidemiology Unit Weekly Epidemiological Reports -- https://www.epid.gov.lk/storage/post/pdfs/
wer/vol_43_no_15-english.pdf,640834,794aae90e9855c1593cb5b6dc491d8ebbb33cb4fbe8a995f66df4cd2a0b16c40,Epidemiology Unit Weekly Epidemiological Reports -- https://www.epid.gov.lk/storage/post/pdfs/
wer/vol_43_no_16-english.pdf,528131,d678479988dbedafbfd3e36da299f8ad19eaa62f8436f6ee8bf39aa64be68c26,Epidemiology Unit Weekly Epidemiological Reports -- https://www.epid.gov.lk/storage/post/pdfs/
wer/vol_43_no_17-english.pdf,566251,0fbeea92b9c5887ccb355356de1c486124da3e6df4ff99e292ef694737b6e962,Epidemiology Unit Weekly Epidemiological Reports -- https://www.epid.gov.lk/storage/post/pdfs/
wer/vol_43_no_18-english.pdf,855571,771c4c7d83d8a665897abeec48fedbae7523262f15f60188ed38ac9b8a85beee,Epidemiology Unit Weekly Epidemiological Reports -- https://www.epid.gov.lk/storage/post/pdfs/
wer/vol_43_no_19-english.pdf,524468,c349adfb4f0fb7c8c4625d0bd42a3323bd069d7c791479a526aff9076bc8bf5f,Epidemiology Unit Weekly Epidemiological Reports -- https://www.epid.gov.lk/storage/post/pdfs/
wer/vol_43_no_20-english.pdf,525420,33737b038961e2b9d6db887aaaac1aa7ce0981cb5dc3ab061704cdff9a4c085f,Epidemiology Unit Weekly Epidemiological Reports -- https://www.epid.gov.lk/storage/post/pdfs/
wer/vol_43_no_21-english.pdf,564239,989782eef9e1ab807cab604c3ac60578703101914159a0833f3cd5dbba7c025e,Epidemiology Unit Weekly Epidemiological Reports -- https://www.epid.gov.lk/storage/post/pdfs/
wer/vol_43_no_22-english.pdf,528593,5417474bcd25b060b96a1055949e9bf67fd61b8bd31070f0e59b075923a87b59,Epidemiology Unit Weekly Epidemiological Reports -- https://www.epid.gov.lk/storage/post/pdfs/
wer/vol_43_no_23-english.pdf,524757,cccc7b8b2cd286701cff29b249ddb8d61271dc6a9b12e1dd3e9ce24110a0ab51,Epidemiology Unit Weekly Epidemiological Reports -- https://www.epid.gov.lk/storage/post/pdfs/
wer/vol_43_no_24-english.pdf,180036,cc7afabf7dd9fe47ed161215535c3ae07baa4324ea5434e141005440e331fe22,Epidemiology Unit Weekly Epidemiological Reports -- https://www.epid.gov.lk/storage/post/pdfs/
wer/vol_43_no_25-english.pdf,195786,0f732d9d8f0081f9f22b2700d668db5ee1cdb337b1db9354f630d8f943c869b1,Epidemiology Unit Weekly Epidemiological Reports -- https://www.epid.gov.lk/storage/post/pdfs/
wer/vol_43_no_26-english.pdf,199146,e1e59b2a428f2b389f4b7f0527aac948a5ae04578a79cf2ca1a9aea91f11b23e,Epidemiology Unit Weekly Epidemiological Reports -- https://www.epid.gov.lk/storage/post/pdfs/
wer/vol_43_no_27-english.pdf,158377,3e1ba04f06d877ab52e16fec42d5edb1afadcf237db55c51a53db54e829d9d04,Epidemiology Unit Weekly Epidemiological Reports -- https://www.epid.gov.lk/storage/post/pdfs/
wer/vol_43_no_28-english.pdf,168452,2f4f9d2e8fa5d95aa79d39091333910b3829a27db78e5fe6ee04a179467a1796,Epidemiology Unit Weekly Epidemiological Reports -- https://www.epid.gov.lk/storage/post/pdfs/
wer/vol_43_no_29-english.pdf,158013,90694fda8ac7e6720685ea1707cbad7ff40de59e162bbc5e6a733a25a069f1ca,Epidemiology Unit Weekly Epidemiological Reports -- https://www.epid.gov.lk/storage/post/pdfs/
wer/vol_43_no_30-english.pdf,196938,260fc9c8732711f37da3b114dcd84e2ac1a617ca146c0a12ad95222547ed6a1c,Epidemiology Unit Weekly Epidemiological Reports -- https://www.epid.gov.lk/storage/post/pdfs/
wer/vol_43_no_31-english.pdf,158755,8c41266fb69f1981e0b2e04e451bab01deb68831d8404f033c6d71bfb0b25ecc,Epidemiology Unit Weekly Epidemiological Reports -- https://www.epid.gov.lk/storage/post/pdfs/
wer/vol_43_no_32-english.pdf,156807,6b661736196214f940f58882f8145ae0051cde844700d78dec1a0dbe1eaafb0b,Epidemiology Unit Weekly Epidemiological Reports -- https://www.epid.gov.lk/storage/post/pdfs/
wer/vol_43_no_33-english.pdf,165211,afc22fbc5a2b40f24ebbbfa8a9d737b05bcd293288bcbbf38b73882131e313dc,Epidemiology Unit Weekly Epidemiological Reports -- https://www.epid.gov.lk/storage/post/pdfs/
wer/vol_43_no_34-english.pdf,156273,59e3eb51775a046f76a4e47d41618edad08909a5c74977c16fc7607db220f0e7,Epidemiology Unit Weekly Epidemiological Reports -- https://www.epid.gov.lk/storage/post/pdfs/
wer/vol_43_no_36-english.pdf,156275,21cd488a9826270ff99cffff6a9640d4f008179118df75651df8a7e272a91e52,Epidemiology Unit Weekly Epidemiological Reports -- https://www.epid.gov.lk/storage/post/pdfs/
wer/vol_43_no_37-english.pdf,173557,8ee81a7f38337c17f0e51af11b4b0ed6357124ba3fad4937860274c290f96adb,Epidemiology Unit Weekly Epidemiological Reports -- https://www.epid.gov.lk/storage/post/pdfs/
wer/vol_43_no_38-english.pdf,166312,f7dde1ba907a9c3d79c0737a04f06fbf5687a3f5f83e258ddc7648e7524b1ca7,Epidemiology Unit Weekly Epidemiological Reports -- https://www.epid.gov.lk/storage/post/pdfs/
wer/vol_43_no_39-english.pdf,195943,e59a7dfa45e7a3cbf0feae3273effa56f19c193c0065ea360a36c09273237b7f,Epidemiology Unit Weekly Epidemiological Reports -- https://www.epid.gov.lk/storage/post/pdfs/
wer/vol_43_no_40-english.pdf,156656,8267323297887917b1b2b2d824a8a5d3ba21f5438170eeae066c790ab95a94e0,Epidemiology Unit Weekly Epidemiological Reports -- https://www.epid.gov.lk/storage/post/pdfs/
wer/vol_43_no_41-english.pdf,159594,97de50910f8f00fa50c9e93c5e4bec7afa6a22e65abd8117eaba99232e8d2a7e,Epidemiology Unit Weekly Epidemiological Reports -- https://www.epid.gov.lk/storage/post/pdfs/
wer/vol_43_no_42-english.pdf,157828,e1b94bba5cecdd2c04c3851e69da8f16861a178093d212360aa50cf44ae56b5f,Epidemiology Unit Weekly Epidemiological Reports -- https://www.epid.gov.lk/storage/post/pdfs/
wer/vol_43_no_43-english.pdf,194839,d94ba9dde1eece594978e2ce754a2d268966d307bc579c23e99cf9998f0448d3,Epidemiology Unit Weekly Epidemiological Reports -- https://www.epid.gov.lk/storage/post/pdfs/
wer/vol_43_no_44-english.pdf,158481,3909ea2145e97657befd7eb58e885e8207e1996ed2b2acfbd4184e17785e78a4,Epidemiology Unit Weekly Epidemiological Reports -- https://www.epid.gov.lk/storage/post/pdfs/
wer/vol_43_no_45-english.pdf,158857,b1c943dd09c2f26f5fd1c887f85436ef16cd44ce182f8acad959fb838a6243bd,Epidemiology Unit Weekly Epidemiological Reports -- https://www.epid.gov.lk/storage/post/pdfs/
wer/vol_43_no_46-english.pdf,159546,9b9648c4b550c04b7f2bc0022e13651fe94c4a48b8a9964ac960c8a5444c5c97,Epidemiology Unit Weekly Epidemiological Reports -- https://www.epid.gov.lk/storage/post/pdfs/
wer/vol_43_no_47-english.pdf,156727,a7e8254bf2c5b1b9b1f4fb87bf50891f8710f391c2553837d92094f2836e6478,Epidemiology Unit Weekly Epidemiological Reports -- https://www.epid.gov.lk/storage/post/pdfs/
wer/vol_43_no_48-english.pdf,195568,6d013fbe02f98399336c7e7598f6d5aed1fc437048c5fb3f34f22ce0bf427f88,Epidemiology Unit Weekly Epidemiological Reports -- https://www.epid.gov.lk/storage/post/pdfs/
wer/vol_43_no_49-english.pdf,159114,7602de2ac1f89410415c0c322678acb89acacdc6322043c2f0245309f8a6c7c6,Epidemiology Unit Weekly Epidemiological Reports -- https://www.epid.gov.lk/storage/post/pdfs/
wer/vol_43_no_50-english.pdf,169480,cd373c54b9c752a80b3979c2d03bc59072a88028eacdc16ba3a8f48aac2997df,Epidemiology Unit Weekly Epidemiological Reports -- https://www.epid.gov.lk/storage/post/pdfs/
wer/vol_43_no_51-english.pdf,157951,278ba770130e9d6bef11d21834409897453a2987f96f4269406a31e29771d115,Epidemiology Unit Weekly Epidemiological Reports -- https://www.epid.gov.lk/storage/post/pdfs/
wer/vol_43_no_52-english.pdf,200708,ee7d4daa5f83947fa5a3ea3366500f35ab30c82267cb333e20c4130a1ec7c1a0,Epidemiology Unit Weekly Epidemiological Reports -- https://www.epid.gov.lk/storage/post/pdfs/
wer/vol_43_no_53-english.pdf,158575,421990315ce8ef72ca7822979b1166f1085f253c2d512ab63c37a0565795b3b2,Epidemiology Unit Weekly Epidemiological Reports -- https://www.epid.gov.lk/storage/post/pdfs/
wer/vol_44_no_01-english.pdf,1618156,1cd7f853977d2684f919f154e850520c7b437b430bb2d75b42689e70357a1292,Epidemiology Unit Weekly Epidemiological Reports -- https://www.epid.gov.lk/storage/post/pdfs/
wer/vol_44_no_02-english.pdf,1692585,330a15199fc9b99cac0838750ffbce7ad964f70731a0d739dafb03c5d5eb0bda,Epidemiology Unit Weekly Epidemiological Reports -- https://www.epid.gov.lk/storage/post/pdfs/
wer/vol_44_no_03-english.pdf,1861565,610ffc6a314cfef021819443c4fa51b6fb229a16801f6ca886501bc5629bc4e1,Epidemiology Unit Weekly Epidemiological Reports -- https://www.epid.gov.lk/storage/post/pdfs/
wer/vol_44_no_04-english.pdf,1727793,809daf4d5822f416238d39ebaa4a90de50f22726858dd6c5b976bcbf6560f1c1,Epidemiology Unit Weekly Epidemiological Reports -- https://www.epid.gov.lk/storage/post/pdfs/
wer/vol_44_no_05-english.pdf,1606910,a5b0de84e10e43ffe1728909450b7582cfded239323b95745ea71d3d98a85ddb,Epidemiology Unit Weekly Epidemiological Reports -- https://www.epid.gov.lk/storage/post/pdfs/
wer/vol_44_no_06-english.pdf,1633051,f19d572ab2a3033bc6335674174c58dd842d1b094534ec9f7630e7d76796a133,Epidemiology Unit Weekly Epidemiological Reports -- https://www.epid.gov.lk/storage/post/pdfs/
wer/vol_44_no_07-english.pdf,1674921,e1bb53b1a35f7fd735f35253814e975bfd1eb1134d8bb42e8d6970d57d7aa337,Epidemiology Unit Weekly Epidemiological Reports -- https://www.epid.gov.lk/storage/post/pdfs/
wer/vol_44_no_08-english.pdf,1941377,9b1832662fceb7eef848f2f97d061ec109e3c848f860ae156702774c690c2ce3,Epidemiology Unit Weekly Epidemiological Reports -- https://www.epid.gov.lk/storage/post/pdfs/
wer/vol_44_no_09-english.pdf,1814204,a9dbf349bed0f7004c2decf597f8f2529f53c9630bf20f4046309e7f8e1ae88b,Epidemiology Unit Weekly Epidemiological Reports -- https://www.epid.gov.lk/storage/post/pdfs/
wer/vol_44_no_10-english.pdf,1591369,d964d8c04d66213c05bcddfbaafde878b0673e513a7f0b09f53dfb9b6c78f481,Epidemiology Unit Weekly Epidemiological Reports -- https://www.epid.gov.lk/storage/post/pdfs/
wer/vol_44_no_11-english.pdf,1573421,28cd9d8135d330f1bf847b43ed7e7662cebdccb4b410ee222c86a5019bd372d5,Epidemiology Unit Weekly Epidemiological Reports -- https://www.epid.gov.lk/storage/post/pdfs/
wer/vol_44_no_12-english.pdf,1799202,a04d9a41967ceb9947505adbae82787149bb3e208bb48a26bd9415079259c2b3,Epidemiology Unit Weekly Epidemiological Reports -- https://www.epid.gov.lk/storage/post/pdfs/
wer/vol_44_no_13-english.pdf,2003804,64a26a1fef829fecc615853b41e43d09bb9af4876a31da8ee112ce63cfce9adf,Epidemiology Unit Weekly Epidemiological Reports -- https://www.epid.gov.lk/storage/post/pdfs/
wer/vol_44_no_14-english.pdf,1744117,3861cfe716f3a239f2eb7a8fe4c92bd3007ebc9eef8b082cbf6c6b10c7dde415,Epidemiology Unit Weekly Epidemiological Reports -- https://www.epid.gov.lk/storage/post/pdfs/
wer/vol_44_no_15-english.pdf,1857467,3dca1c99d7d877009730d9ed1c22b46e7631a2993f963f1b6e0bdf1d8bc77f1d,Epidemiology Unit Weekly Epidemiological Reports -- https://www.epid.gov.lk/storage/post/pdfs/
wer/vol_44_no_16-english.pdf,1932111,cc997da3e67b9512b99f9b05e6e053fcca656ad80c53e2b1dc25983e78083dad,Epidemiology Unit Weekly Epidemiological Reports -- https://www.epid.gov.lk/storage/post/pdfs/
wer/vol_44_no_17-english.pdf,2755523,bba9ab306c74984568b23882a74bde6bd7ed8c5ffbbfa2deb75e336687fa2532,Epidemiology Unit Weekly Epidemiological Reports -- https://www.epid.gov.lk/storage/post/pdfs/
wer/vol_44_no_18-english.pdf,1758477,8e3efccae3bb149a00dd511825198a32f97129193f933ff366b76c8bddb59f04,Epidemiology Unit Weekly Epidemiological Reports -- https://www.epid.gov.lk/storage/post/pdfs/
wer/vol_44_no_19-english.pdf,1747405,920c69c19b5121c56d9ac9da53ba21c1e72c277035c9750d8c7a8d1ec1b4534a,Epidemiology Unit Weekly Epidemiological Reports -- https://www.epid.gov.lk/storage/post/pdfs/
wer/vol_44_no_20-english.pdf,1727230,601abf927cd74dc2bc21bc3d3391f0176413197afe7238817b5317cd661ef78c,Epidemiology Unit Weekly Epidemiological Reports -- https://www.epid.gov.lk/storage/post/pdfs/
wer/vol_44_no_21-english.pdf,2529111,92308fac08577bdb3206c11193ff3b51532240d1e95d6afcc46845faba634917,Epidemiology Unit Weekly Epidemiological Reports -- https://www.epid.gov.lk/storage/post/pdfs/
wer/vol_44_no_22-english.pdf,1889004,a8c5d352a75b416b8992b5ca9248086dca4a5f7822672c1b98f114fde28b5182,Epidemiology Unit Weekly Epidemiological Reports -- https://www.epid.gov.lk/storage/post/pdfs/
wer/vol_44_no_23-english.pdf,1988355,99ca336a6a687c0a8ac65b178ce742c65fcbc6f11df0432a06b57b5d38e50013,Epidemiology Unit Weekly Epidemiological Reports -- https://www.epid.gov.lk/storage/post/pdfs/
wer/vol_44_no_24-english.pdf,2062323,b68a516f618221664ff726c7a89d967813a24afdfa5ed1d819958536a4451904,Epidemiology Unit Weekly Epidemiological Reports -- https://www.epid.gov.lk/storage/post/pdfs/
wer/vol_44_no_25-english.pdf,2282184,bc84c270c70ddc69ee9b99ff1c036322770b741d68e0d18cceb52ce754caae21,Epidemiology Unit Weekly Epidemiological Reports -- https://www.epid.gov.lk/storage/post/pdfs/
wer/vol_44_no_26-english.pdf,1586511,4430306a95f2bb0fa212d6316c9dbdca502fddfcaa838fa2dea78811ac86004b,Epidemiology Unit Weekly Epidemiological Reports -- https://www.epid.gov.lk/storage/post/pdfs/
wer/vol_44_no_27-english.pdf,1687757,c8a7e7e0c7f5cd7c8c8db95ee7348653e67f18c11f65e4ffc9ae9ae784b6a00a,Epidemiology Unit Weekly Epidemiological Reports -- https://www.epid.gov.lk/storage/post/pdfs/
wer/vol_44_no_28-english.pdf,1636357,582af5a99361d769ded79325fc89beb54b0cc0b956223d3992880b399fa055a5,Epidemiology Unit Weekly Epidemiological Reports -- https://www.epid.gov.lk/storage/post/pdfs/
wer/vol_44_no_29-english.pdf,2137551,3a820c539cadf72fcd7246846cccd473d41d29d354d28a3deaad8f5c5ffedfcc,Epidemiology Unit Weekly Epidemiological Reports -- https://www.epid.gov.lk/storage/post/pdfs/
wer/vol_44_no_30-english.pdf,1792136,a12385bba05163ba3da886cff058f5b59eb091134de68ecd789a2d72794d1f69,Epidemiology Unit Weekly Epidemiological Reports -- https://www.epid.gov.lk/storage/post/pdfs/
wer/vol_44_no_31-english.pdf,1696244,7cd6eae1a0feacf54ec418b6a0f2eeca861836b27607262871223d807a7c2682,Epidemiology Unit Weekly Epidemiological Reports -- https://www.epid.gov.lk/storage/post/pdfs/
wer/vol_44_no_32-english.pdf,1799693,ec9678c0603126392ca3fe89f65e66f01e1323136d205389a581142b2f8a24b5,Epidemiology Unit Weekly Epidemiological Reports -- https://www.epid.gov.lk/storage/post/pdfs/
wer/vol_44_no_33-english.pdf,1963380,83ee5868658e0ece1272377aa0d022f74138cbe7d0e7cd6d17d47eb8133c644a,Epidemiology Unit Weekly Epidemiological Reports -- https://www.epid.gov.lk/storage/post/pdfs/
wer/vol_44_no_34-english.pdf,2128950,583c26a52dd34143da264a54ad9b8f3da2990c0a9d371950d7eacb97e869116e,Epidemiology Unit Weekly Epidemiological Reports -- https://www.epid.gov.lk/storage/post/pdfs/
wer/vol_44_no_35-english.pdf,1658763,b2ebaaf39c62a6af6a5faac43ccf8c004127f6155756ee69a5ea430c1a272221,Epidemiology Unit Weekly Epidemiological Reports -- https://www.epid.gov.lk/storage/post/pdfs/
wer/vol_44_no_36-english.pdf,1787036,1cdbdd95556590f7b4637c81764c977d52c0ce920322954b245e21fbd3e1962c,Epidemiology Unit Weekly Epidemiological Reports -- https://www.epid.gov.lk/storage/post/pdfs/
wer/vol_44_no_37-english.pdf,1815394,3e03209e0531b6624d98dedada61379c6241ea9134b223c84a69c8e0e4364e62,Epidemiology Unit Weekly Epidemiological Reports -- https://www.epid.gov.lk/storage/post/pdfs/
wer/vol_44_no_38-english.pdf,2166373,8750116a762d3d86cb243af88fa7832506c2538e20cde4b70f747af783b4a038,Epidemiology Unit Weekly Epidemiological Reports -- https://www.epid.gov.lk/storage/post/pdfs/
wer/vol_44_no_39-english.pdf,2089737,62274b51d0f97b0a84ec94c290bf18c753dd4f51d3b69920b58ed50b9b389994,Epidemiology Unit Weekly Epidemiological Reports -- https://www.epid.gov.lk/storage/post/pdfs/
wer/vol_44_no_40-english.pdf,1876257,4910cc63dd3c12f5b23783d4792375de3b5d08fa4dd563f7550fb13ef933120f,Epidemiology Unit Weekly Epidemiological Reports -- https://www.epid.gov.lk/storage/post/pdfs/
wer/vol_44_no_41-english.pdf,1377349,9315c1b103aacc9e3860a5868ab22f24ec4a10205909eb985dfcbfea914106a4,Epidemiology Unit Weekly Epidemiological Reports -- https://www.epid.gov.lk/storage/post/pdfs/
wer/vol_44_no_42-english.pdf,1802948,4f89647e3859c5aa5a5f8038d11d927e4dfdf293bb091debd58d418079bef3ec,Epidemiology Unit Weekly Epidemiological Reports -- https://www.epid.gov.lk/storage/post/pdfs/
wer/vol_44_no_43-english.pdf,1524081,a0e8854c585d45cdd23b7f21ba0e476b0bd27a4de0cec23eb18bf405a588da2c,Epidemiology Unit Weekly Epidemiological Reports -- https://www.epid.gov.lk/storage/post/pdfs/
wer/vol_44_no_44-english.pdf,1452068,8be90dfdce246a2833f556f7feac83002cd505e724193265bea41f865f364a71,Epidemiology Unit Weekly Epidemiological Reports -- https://www.epid.gov.lk/storage/post/pdfs/
wer/vol_44_no_45-english.pdf,1460690,52fff4ac3128990e6f793561079175cd8ee7be2c3d54bd1886a7be8b175492cb,Epidemiology Unit Weekly Epidemiological Reports -- https://www.epid.gov.lk/storage/post/pdfs/
wer/vol_44_no_46-english.pdf,1338933,c0c81ca612802a6d8473d0c49a22b6b01a859f5ca4d2f131247e4aafbf875954,Epidemiology Unit Weekly Epidemiological Reports -- https://www.epid.gov.lk/storage/post/pdfs/
wer/vol_44_no_47-english.pdf,1832982,76c303ac543ff44481f86dd6f1762ac76a97f5aeee88c0a0e5885ccb48bba436,Epidemiology Unit Weekly Epidemiological Reports -- https://www.epid.gov.lk/storage/post/pdfs/
wer/vol_44_no_48-english.pdf,1749261,5cf763757df8157584ff6b70be364e1485718699e90c35331e0839f688425731,Epidemiology Unit Weekly Epidemiological Reports -- https://www.epid.gov.lk/storage/post/pdfs/
wer/vol_44_no_49-english.pdf,1465196,38cd7d731c13840f3c00ca8ac63c7e5f1f0533485602ebebeb91611f5b94f1c2,Epidemiology Unit Weekly Epidemiological Reports -- https://www.epid.gov.lk/storage/post/pdfs/
wer/vol_44_no_50-english.pdf,1516019,fda3676823c1a13a4bd801e95e1ed415197be603b1e186c5e04c9362ed789ca3,Epidemiology Unit Weekly Epidemiological Reports -- https://www.epid.gov.lk/storage/post/pdfs/
wer/vol_44_no_51-english.pdf,1722814,d927394547c97ce15a3757550204aedd1b4d3d9f2d6c484c0c763a0579c19c55,Epidemiology Unit Weekly Epidemiological Reports -- https://www.epid.gov.lk/storage/post/pdfs/
wer/vol_44_no_52-english.pdf,1590881,ca0b608573025d53b184d29d47868347a42e90d43b31cf17216f6216d3a6fefd,Epidemiology Unit Weekly Epidemiological Reports -- https://www.epid.gov.lk/storage/post/pdfs/
wer/vol_45_no_01-english.pdf,1124632,894d2cecbcb725ccf8b3a3dc41d8a2ba619a4b4fad220e2a6d1c0064a099df23,Epidemiology Unit Weekly Epidemiological Reports -- https://www.epid.gov.lk/storage/post/pdfs/
wer/vol_45_no_02-english.pdf,1118688,1b303a2e02dbf311e188213f9960dc38365e5d9fc732b0b749012465da57ddc9,Epidemiology Unit Weekly Epidemiological Reports -- https://www.epid.gov.lk/storage/post/pdfs/
wer/vol_45_no_03-english.pdf,1295583,276edf17d9ebd4990605b500fb66912307d4d0e197cfa2754efca87d6f4786d2,Epidemiology Unit Weekly Epidemiological Reports -- https://www.epid.gov.lk/storage/post/pdfs/
wer/vol_45_no_04-english.pdf,1644516,e283caf8ea9fd48ed3b86fed5b0d005a3c039ca6c93082dc35f1b7d0ce8b9fac,Epidemiology Unit Weekly Epidemiological Reports -- https://www.epid.gov.lk/storage/post/pdfs/
wer/vol_45_no_05-english.pdf,1284628,f8a2f12b39611774dbcda2033ae365b34daf9b6202458d9d6a03282a679e80d4,Epidemiology Unit Weekly Epidemiological Reports -- https://www.epid.gov.lk/storage/post/pdfs/
wer/vol_45_no_06-english.pdf,1335470,c4122943f43994ae4e35c772b6f8821441350802ae6a664400188645b379399f,Epidemiology Unit Weekly Epidemiological Reports -- https://www.epid.gov.lk/storage/post/pdfs/
wer/vol_45_no_07-english.pdf,1323975,58a47ef25d825679c3c672ca05907c95540f812605fdd369620b9b1016d8e1db,Epidemiology Unit Weekly Epidemiological Reports -- https://www.epid.gov.lk/storage/post/pdfs/
wer/vol_45_no_08-english.pdf,1458888,c9d869a1e47c50cd247bea9198ea19510220803d4f1e2b19587593d5bf5cfbfb,Epidemiology Unit Weekly Epidemiological Reports -- https://www.epid.gov.lk/storage/post/pdfs/
wer/vol_45_no_09-english.pdf,1188788,d1fd5e56e30b6c291d50de09885b2065d41a26c587b52f590d462a529882be95,Epidemiology Unit Weekly Epidemiological Reports -- https://www.epid.gov.lk/storage/post/pdfs/
wer/vol_45_no_10-english.pdf,1249047,bfbd1c592d456c1dcd02584075b1a019ab71d429fe0e852e52ccb734e7416922,Epidemiology Unit Weekly Epidemiological Reports -- https://www.epid.gov.lk/storage/post/pdfs/
wer/vol_45_no_11-english.pdf,1118413,8f6e5de6bdff7af5ba41e48f2c8040ed4ea455f3e4e3a039ce21995f2c899885,Epidemiology Unit Weekly Epidemiological Reports -- https://www.epid.gov.lk/storage/post/pdfs/
wer/vol_45_no_12-english.pdf,1469579,ff550840c07ed7c57fa61b30f4175603775a85a106f9659500f69773a9b2ecb3,Epidemiology Unit Weekly Epidemiological Reports -- https://www.epid.gov.lk/storage/post/pdfs/
wer/vol_45_no_13-english.pdf,1281200,3e9ee1c44f158d208a560fd0d011ab0c77e652aaa0c36677e3aca78c1c4ed8d4,Epidemiology Unit Weekly Epidemiological Reports -- https://www.epid.gov.lk/storage/post/pdfs/
wer/vol_45_no_14-english.pdf,1114856,bad9ac9082db6eef582e0254cfa2920705d5aa4fc43eed9f9aef26627731832f,Epidemiology Unit Weekly Epidemiological Reports -- https://www.epid.gov.lk/storage/post/pdfs/
wer/vol_45_no_15-english.pdf,1203193,487a9bd356a5df0761a7c0c57a8a8570d14e5c5b08bf62362aa7f839e030ba09,Epidemiology Unit Weekly Epidemiological Reports -- https://www.epid.gov.lk/storage/post/pdfs/
wer/vol_45_no_16-english.pdf,1521571,c12fb4c57f59ab4b63d9b68701b14f50423ce3a7f2f774ffb04fcc46d4af2eb2,Epidemiology Unit Weekly Epidemiological Reports -- https://www.epid.gov.lk/storage/post/pdfs/
wer/vol_45_no_17-english.pdf,1202780,bd3a173bd9fa429d357d7a973bf9feddc8754a76a532b455a4dbdbaeb3ccfa12,Epidemiology Unit Weekly Epidemiological Reports -- https://www.epid.gov.lk/storage/post/pdfs/
wer/vol_45_no_18-english.pdf,1133436,7f48f77adeebea199631293c22d2a039e4a7211b2611a93580223c3cc3ab7acb,Epidemiology Unit Weekly Epidemiological Reports -- https://www.epid.gov.lk/storage/post/pdfs/
wer/vol_45_no_19-english.pdf,1193082,6b9f4e5ca81ffed2851053b168a52b87159212a711eda64d5cd705d56e1f053a,Epidemiology Unit Weekly Epidemiological Reports -- https://www.epid.gov.lk/storage/post/pdfs/
wer/vol_45_no_20-english.pdf,1482366,91f441291294b3a1d2546a71dcb904acdc1bd3ec796c080162a69a6727eb40ce,Epidemiology Unit Weekly Epidemiological Reports -- https://www.epid.gov.lk/storage/post/pdfs/
wer/vol_45_no_21-english.pdf,1520978,b463ca7af8cb767ee75d16e44f2829c0a4baf28e1e9b6fa40de8e777dbb57a65,Epidemiology Unit Weekly Epidemiological Reports -- https://www.epid.gov.lk/storage/post/pdfs/
wer/vol_45_no_22-english.pdf,1460021,da26e1627427040009c04d10c3a6296d2e7240a9763c7586a9704ec047483b9b,Epidemiology Unit Weekly Epidemiological Reports -- https://www.epid.gov.lk/storage/post/pdfs/
wer/vol_45_no_23-english.pdf,1514044,f247ff2aec2b5b235689b4025085499aa1079226ddc767de92f95030acb96e9c,Epidemiology Unit Weekly Epidemiological Reports -- https://www.epid.gov.lk/storage/post/pdfs/
wer/vol_45_no_24-english.pdf,1388823,5edba0eb20a44df137b725b914c80f2432984f1bce4b1bad3955454d09aaca9f,Epidemiology Unit Weekly Epidemiological Reports -- https://www.epid.gov.lk/storage/post/pdfs/
wer/vol_45_no_25-english.pdf,1665570,5fa4e58349f9a57e5b80ea455410e1e29bd6a462f11e2afb195abbb76537a241,Epidemiology Unit Weekly Epidemiological Reports -- https://www.epid.gov.lk/storage/post/pdfs/
wer/vol_45_no_26-english.pdf,1403459,fadca56385faec5a36a3166da55d09e140c6534ef56780713bd4c9ed2be47991,Epidemiology Unit Weekly Epidemiological Reports -- https://www.epid.gov.lk/storage/post/pdfs/
wer/vol_45_no_27-english.pdf,1820728,7970d4d8377ad231fb6e4fcbc1911b5049ac94a15d8e8daa91e826a9e7afeaf4,Epidemiology Unit Weekly Epidemiological Reports -- https://www.epid.gov.lk/storage/post/pdfs/
wer/vol_45_no_28-english.pdf,1460179,91dd7cc1357b3dee41ae6ff66ce90888180c8c2e6c69cc29b67b3a45343a8ac7,Epidemiology Unit Weekly Epidemiological Reports -- https://www.epid.gov.lk/storage/post/pdfs/
wer/vol_45_no_29-english.pdf,1541789,2861fadc7164594dd72910b15138465b77ea884192949398c894999c6578207c,Epidemiology Unit Weekly Epidemiological Reports -- https://www.epid.gov.lk/storage/post/pdfs/
wer/vol_45_no_30-english.pdf,1467916,22146d6210e7b790c403af01dc821a986083dee8f701bcd52cf7bd2f2dcea302,Epidemiology Unit Weekly Epidemiological Reports -- https://www.epid.gov.lk/storage/post/pdfs/
wer/vol_45_no_31-english.pdf,1456242,34448f32e3e46beab989d1abdce4b8a36131730f2d0210f1713cefba336aaff0,Epidemiology Unit Weekly Epidemiological Reports -- https://www.epid.gov.lk/storage/post/pdfs/
wer/vol_45_no_32-english.pdf,1462725,442e4d38794ce38a92ea0feb05ffde7ed2a7c23b7be8058a7cc140ccb8879868,Epidemiology Unit Weekly Epidemiological Reports -- https://www.epid.gov.lk/storage/post/pdfs/
wer/vol_45_no_33-english.pdf,1374630,af4982d7f574e711094310e522a8ec8bc9821aff4299c578e69e97ee08f1293a,Epidemiology Unit Weekly Epidemiological Reports -- https://www.epid.gov.lk/storage/post/pdfs/
wer/vol_45_no_34-english.pdf,1471621,bcdf0eb28498ae4f59f9302bd537b0d3bdef41aa252798487efc1c27a99f6cb5,Epidemiology Unit Weekly Epidemiological Reports -- https://www.epid.gov.lk/storage/post/pdfs/
wer/vol_45_no_35-english.pdf,1382187,e986aa7406a5c4f6a7beca6cdc05309f2ef653d1798a1709c1d5a9919f26148b,Epidemiology Unit Weekly Epidemiological Reports -- https://www.epid.gov.lk/storage/post/pdfs/
wer/vol_45_no_36-english.pdf,1409190,fff99b889a38130607aac715ab8a87ebbd76f23e780ce1ab3532eaed856c46af,Epidemiology Unit Weekly Epidemiological Reports -- https://www.epid.gov.lk/storage/post/pdfs/
wer/vol_45_no_37-english.pdf,1449843,c9407f19c74133421188bd957cb15be94dae580c012cdd37aadaa1f4898f321a,Epidemiology Unit Weekly Epidemiological Reports -- https://www.epid.gov.lk/storage/post/pdfs/
wer/vol_45_no_38-english.pdf,1448785,28cf1465145b5f8f4329e416de49f9b7b6a623933e8400e5c8b633449f632684,Epidemiology Unit Weekly Epidemiological Reports -- https://www.epid.gov.lk/storage/post/pdfs/
wer/vol_45_no_39-english.pdf,1390316,0868879e84a54daf1ab67ee60b61d3a644339937f5f9d2b2a5f10894985c5af4,Epidemiology Unit Weekly Epidemiological Reports -- https://www.epid.gov.lk/storage/post/pdfs/
wer/vol_45_no_40-english.pdf,1446772,a8e8abd36f6984681da69cd1ce4fc93df99a13829be6b9941ae59c1077d6ab99,Epidemiology Unit Weekly Epidemiological Reports -- https://www.epid.gov.lk/storage/post/pdfs/
wer/vol_45_no_41-english.pdf,1392116,7f3e3a19be6024b5f3ed7a00133ea3d8dfb2578b815db3779932453543e8ae9e,Epidemiology Unit Weekly Epidemiological Reports -- https://www.epid.gov.lk/storage/post/pdfs/
wer/vol_45_no_42-english.pdf,1451438,dcf8c6fa14eed285cb75f0f0bfa77680d7c3790756041e9de0cf36d5bbefa4d1,Epidemiology Unit Weekly Epidemiological Reports -- https://www.epid.gov.lk/storage/post/pdfs/
wer/vol_45_no_43-english.pdf,1787345,ee9e46e4f0e7a87681ae419b17559fd5fd7a1848a3f067e6224bdee6dcc4bf05,Epidemiology Unit Weekly Epidemiological Reports -- https://www.epid.gov.lk/storage/post/pdfs/
wer/vol_45_no_44-english.pdf,1668456,e7477b3024127f01c2b741c7456b2371768905191052ec0e1d98eb600b7a4332,Epidemiology Unit Weekly Epidemiological Reports -- https://www.epid.gov.lk/storage/post/pdfs/
wer/vol_45_no_45-english.pdf,1496334,d66662ada03be689df061691436a65718909fae4cd328d3af86ad943af0555a6,Epidemiology Unit Weekly Epidemiological Reports -- https://www.epid.gov.lk/storage/post/pdfs/
wer/vol_45_no_46-english.pdf,1850387,32d8f4426d933905e8084db11a6fa57947f920db523fb6e11d5266d1cc289072,Epidemiology Unit Weekly Epidemiological Reports -- https://www.epid.gov.lk/storage/post/pdfs/
wer/vol_45_no_47-english.pdf,1890822,5173ef9881a5f571202a6f47d0718c0177f11c11edcead94f405d9b35e20d601,Epidemiology Unit Weekly Epidemiological Reports -- https://www.epid.gov.lk/storage/post/pdfs/
wer/vol_45_no_48-english.pdf,1662416,ce93f0fe2cf9b4fbfa7d54d4cb1117958ba8bd2b966471a91cd40902c6e8c2f6,Epidemiology Unit Weekly Epidemiological Reports -- https://www.epid.gov.lk/storage/post/pdfs/
wer/vol_45_no_49-english.pdf,1610800,dc160abd65ae57db5226e85a375846c0dbb7625e552a8a3d896bcb910a3dcb3e,Epidemiology Unit Weekly Epidemiological Reports -- https://www.epid.gov.lk/storage/post/pdfs/
wer/vol_45_no_50-english.pdf,1394800,3d187fa32331db2ffd0ce650420c248a93217ac6062036ffd24350f154c5e512,Epidemiology Unit Weekly Epidemiological Reports -- https://www.epid.gov.lk/storage/post/pdfs/
wer/vol_45_no_51-english.pdf,1545571,658c13511a6e9d84630cca9feaf5a094b9715eca90b15100fa1ade1fa0aa899c,Epidemiology Unit Weekly Epidemiological Reports -- https://www.epid.gov.lk/storage/post/pdfs/
wer/vol_45_no_52-english.pdf,1615091,26d95b6fab7c3aae1b3e4ea972dcd3b6b5674e9ab824635c4e2c24cfc4f8002d,Epidemiology Unit Weekly Epidemiological Reports -- https://www.epid.gov.lk/storage/post/pdfs/
wer/vol_46_no_01-english.pdf,1376313,1aa2137afeda15678ae4100c086948d0c701cfccf109aea9806f00be228afc5f,Epidemiology Unit Weekly Epidemiological Reports -- https://www.epid.gov.lk/storage/post/pdfs/
wer/vol_46_no_02-english.pdf,1373742,bb5e0033f34152c7edca650f01e1dfc2180e037c3ae8b4d18e1ee73e6fc91a33,Epidemiology Unit Weekly Epidemiological Reports -- https://www.epid.gov.lk/storage/post/pdfs/
wer/vol_46_no_03-english.pdf,1531366,5dc971ea6e0d98503832efbb500a1479bf9fb032364deae499de0ebb9756f019,Epidemiology Unit Weekly Epidemiological Reports -- https://www.epid.gov.lk/storage/post/pdfs/
wer/vol_46_no_04-english.pdf,1473115,4641973d3c57b2e74182e4886be2c89136cea94bab659d8bd6b51266234f69a3,Epidemiology Unit Weekly Epidemiological Reports -- https://www.epid.gov.lk/storage/post/pdfs/
wer/vol_46_no_05-english.pdf,1452593,17d5bfe26983919d4e2717e942be7d07393a832cdf910d29537212dd44d540e6,Epidemiology Unit Weekly Epidemiological Reports -- https://www.epid.gov.lk/storage/post/pdfs/
wer/vol_46_no_06-english.pdf,1362104,55b6d8834088142c4cf73cbf26a268401343cf822d4dd0815b4c64553138998e,Epidemiology Unit Weekly Epidemiological Reports -- https://www.epid.gov.lk/storage/post/pdfs/
wer/vol_46_no_07-english.pdf,1401917,658e1c1d5c00eba7bc0e6a12f06fd959ffe8d263a69fc0f419adb1bcbc1dfe21,Epidemiology Unit Weekly Epidemiological Reports -- https://www.epid.gov.lk/storage/post/pdfs/
wer/vol_46_no_08-english.pdf,1463073,da0afeee1a8a40c67747c92f4210f59d5a4135ff7eb15f74d973c5eefcf37966,Epidemiology Unit Weekly Epidemiological Reports -- https://www.epid.gov.lk/storage/post/pdfs/
wer/vol_46_no_09-english.pdf,1786009,8e6f407a6961efcb223d11b8c954a395ed77de7e693f6f797a1344925bc6c4bb,Epidemiology Unit Weekly Epidemiological Reports -- https://www.epid.gov.lk/storage/post/pdfs/
wer/vol_46_no_10-english.pdf,1542534,ff86e82275d42c0a457b3e8bf336584ecbb27d9e34b2520cd063123427f83341,Epidemiology Unit Weekly Epidemiological Reports -- https://www.epid.gov.lk/storage/post/pdfs/
wer/vol_46_no_11-english.pdf,1406152,fb73971b2ffa05c92b6e368ec723205c72e9af5ce3d279b16a60f20679d3c586,Epidemiology Unit Weekly Epidemiological Reports -- https://www.epid.gov.lk/storage/post/pdfs/
wer/vol_46_no_12-english.pdf,1469855,9df2b64191bc8180901f01847be36ddcfd99b1bd5687783d917b85bf39ae8f54,Epidemiology Unit Weekly Epidemiological Reports -- https://www.epid.gov.lk/storage/post/pdfs/
wer/vol_46_no_13-english.pdf,1576689,6c07ae6d51092fa097601d0751651e46b98b66a00944e5d9fe96b1e08df75321,Epidemiology Unit Weekly Epidemiological Reports -- https://www.epid.gov.lk/storage/post/pdfs/
wer/vol_46_no_14-english.pdf,1569705,8bbfdee66ffadebf632b5e7ebf684d3a5ef5b5f73d00c1a0d4f171fa68c09dcd,Epidemiology Unit Weekly Epidemiological Reports -- https://www.epid.gov.lk/storage/post/pdfs/
wer/vol_46_no_15-english.pdf,1464369,e06f6626dae81dd2361368c264e2353144b222bbfb18ade8da180d301f56648a,Epidemiology Unit Weekly Epidemiological Reports -- https://www.epid.gov.lk/storage/post/pdfs/
wer/vol_46_no_16-english.pdf,1807206,35f187e8ce977b11fae0c351c959103666379958df65dfc69d53d1ee38d3de83,Epidemiology Unit Weekly Epidemiological Reports -- https://www.epid.gov.lk/storage/post/pdfs/
wer/vol_46_no_17-english.pdf,1644261,600c0ea22648f678797310377b78343470c4b9138b27788cb95f5c8905e3323e,Epidemiology Unit Weekly Epidemiological Reports -- https://www.epid.gov.lk/storage/post/pdfs/
wer/vol_46_no_18-english.pdf,1636670,0868a5c39c8a8b41687139b8be3e06fc53f96391d4d893ce79eb41b5c616e4f6,Epidemiology Unit Weekly Epidemiological Reports -- https://www.epid.gov.lk/storage/post/pdfs/
wer/vol_46_no_19-english.pdf,1389938,4edc2fb67e63182efd604b3fc226c1f6e171c70dcbf4234bd02ecff15a894bd8,Epidemiology Unit Weekly Epidemiological Reports -- https://www.epid.gov.lk/storage/post/pdfs/
wer/vol_46_no_20-english.pdf,1555240,31af0803a3deadf941698023dd7874967795f10c79d55b287f802a02a4081f88,Epidemiology Unit Weekly Epidemiological Reports -- https://www.epid.gov.lk/storage/post/pdfs/
wer/vol_46_no_21-english.pdf,1890300,21f574ac349cd1e121901b73cf05f69000c5d9dc5109a64771ca0ab07a77e8fe,Epidemiology Unit Weekly Epidemiological Reports -- https://www.epid.gov.lk/storage/post/pdfs/
wer/vol_46_no_22-english.pdf,2068398,8dc860941f475e38e62ce14b1c3cef7859accf179b1c5f5356855304f43a1ef9,Epidemiology Unit Weekly Epidemiological Reports -- https://www.epid.gov.lk/storage/post/pdfs/
wer/vol_46_no_23-english.pdf,1346788,c7db48bd1a5384b3345c301c2475a76f0dcca7ed6b75fffa7eb2262bea31e285,Epidemiology Unit Weekly Epidemiological Reports -- https://www.epid.gov.lk/storage/post/pdfs/
wer/vol_46_no_24-english.pdf,1778336,e7be4af3c1bdb3f2b7d0a950073d361783e6a2244556cf81e75c204f68868167,Epidemiology Unit Weekly Epidemiological Reports -- https://www.epid.gov.lk/storage/post/pdfs/
wer/vol_46_no_25-english.pdf,1949226,0e7847b9bbe2031d821e516d93cb04cda1ce321966988601e52737a599edae01,Epidemiology Unit Weekly Epidemiological Reports -- https://www.epid.gov.lk/storage/post/pdfs/
wer/vol_46_no_26-english.pdf,1950387,f42a63b90d8ce9abb5c6747054ac992698a3dd8f84fb5a8105c692763ac8379b,Epidemiology Unit Weekly Epidemiological Reports -- https://www.epid.gov.lk/storage/post/pdfs/
wer/vol_46_no_27-english.pdf,1893377,c85a9927ecfa2b1cd0a62f52e3ad17f1b5d0e47733a8f015c0c6fe538cdb1efd,Epidemiology Unit Weekly Epidemiological Reports -- https://www.epid.gov.lk/storage/post/pdfs/
wer/vol_46_no_28-english.pdf,1450575,8b6228862819fa3e2d70aba3f0a437e0e8a25d1ff300f36721fa59c17c0d5448,Epidemiology Unit Weekly Epidemiological Reports -- https://www.epid.gov.lk/storage/post/pdfs/
wer/vol_46_no_29-english.pdf,1539630,cd79ae7f956bba78aab0fedc60aa08dcdc33e15644c1a69d334b294185aa2234,Epidemiology Unit Weekly Epidemiological Reports -- https://www.epid.gov.lk/storage/post/pdfs/
wer/vol_46_no_30-english.pdf,1540804,f194da65c3efab5616759327137345370914cb0e521b76323f8c3e05001789bb,Epidemiology Unit Weekly Epidemiological Reports -- https://www.epid.gov.lk/storage/post/pdfs/
wer/vol_46_no_31-english.pdf,1782932,277b5d98418ce80b63abdb6dc046db3f7672f53814cd14403b8ced47941b99a3,Epidemiology Unit Weekly Epidemiological Reports -- https://www.epid.gov.lk/storage/post/pdfs/
wer/vol_46_no_32-english.pdf,1425813,51f995c601366e0ef06674cfe524738b476152db7d4dd9e35b7992febb47cd38,Epidemiology Unit Weekly Epidemiological Reports -- https://www.epid.gov.lk/storage/post/pdfs/
wer/vol_46_no_33-english.pdf,1628431,af4e88e33ec126a79a7a4a9872ea30798ae4a350cc01c2c96a2a9fc97510936f,Epidemiology Unit Weekly Epidemiological Reports -- https://www.epid.gov.lk/storage/post/pdfs/
wer/vol_46_no_34-english.pdf,1584577,6e0b9f83647943a421ef55620e8303f9f5e70a9adbc9b54b3ae663bb77ef311b,Epidemiology Unit Weekly Epidemiological Reports -- https://www.epid.gov.lk/storage/post/pdfs/
wer/vol_46_no_35-english.pdf,1851515,7ceb75576fb47e292302c58eda1de2022b7286fdf186a4bc4279c90527c26699,Epidemiology Unit Weekly Epidemiological Reports -- https://www.epid.gov.lk/storage/post/pdfs/
wer/vol_46_no_36-english.pdf,1778824,f8a8670c070adadaf047cfa86ae8f1b16c49ad3d8a75eff0a0c1ed45a0027876,Epidemiology Unit Weekly Epidemiological Reports -- https://www.epid.gov.lk/storage/post/pdfs/
wer/vol_46_no_37-english.pdf,1760282,0a2827ee067b53d659ed5586ab88e48b707c5064baf8a2b5cc2a7e322eef8036,Epidemiology Unit Weekly Epidemiological Reports -- https://www.epid.gov.lk/storage/post/pdfs/
wer/vol_46_no_38-english.pdf,1903845,0b8729c76041584fbfc598da6d8dd05942f3700ce0d18269d645ece80dde35ef,Epidemiology Unit Weekly Epidemiological Reports -- https://www.epid.gov.lk/storage/post/pdfs/
wer/vol_46_no_39-english.pdf,1542991,e83dab8e823a311a5590cb5b632be166dd8e35a07fe3fc0332f0f8fb12340475,Epidemiology Unit Weekly Epidemiological Reports -- https://www.epid.gov.lk/storage/post/pdfs/
wer/vol_46_no_40-english.pdf,1390623,7d3bcf2f5939e92cfde44bf05ccda9b1c5bfc109fd95faa702cd92ce605377b3,Epidemiology Unit Weekly Epidemiological Reports -- https://www.epid.gov.lk/storage/post/pdfs/
wer/vol_46_no_41-english.pdf,1506959,fe6e47f6608bd6beaae64a82b7954202091c4db5bc850868ce6da948077ad544,Epidemiology Unit Weekly Epidemiological Reports -- https://www.epid.gov.lk/storage/post/pdfs/
wer/vol_46_no_42-english.pdf,1535319,91946e5c9418385c869aa22bdcd85f8765b84eb5c87b321d6c140aa618ca3aad,Epidemiology Unit Weekly Epidemiological Reports -- https://www.epid.gov.lk/storage/post/pdfs/
wer/vol_46_no_43-english.pdf,1516102,492a2a384742c616957e64475baa63e3cc9bf22e933ddc8bd47fa7bf9a9bfff0,Epidemiology Unit Weekly Epidemiological Reports -- https://www.epid.gov.lk/storage/post/pdfs/
wer/vol_46_no_44-english.pdf,1401652,3ffec393bc85f9d0ffd7149ed63ab87d220dacf546c5e36216076877594a962b,Epidemiology Unit Weekly Epidemiological Reports -- https://www.epid.gov.lk/storage/post/pdfs/
wer/vol_46_no_45-english.pdf,1800569,91d48de732e2a7ac4832112bea25bd138237bf0ce53f39ddb16f09657e878186,Epidemiology Unit Weekly Epidemiological Reports -- https://www.epid.gov.lk/storage/post/pdfs/
wer/vol_46_no_46-english.pdf,1396036,ecbf4137e6cbb16c0a246d955d39679c0a559d0b7ed0254b714248d0a7d19cae,Epidemiology Unit Weekly Epidemiological Reports -- https://www.epid.gov.lk/storage/post/pdfs/
wer/vol_46_no_47-english.pdf,1606707,6a5e0f355c8f89a3f7ef55c1dac36a4fcfc4f8152c0f292e9657740b95d3bcaa,Epidemiology Unit Weekly Epidemiological Reports -- https://www.epid.gov.lk/storage/post/pdfs/
wer/vol_46_no_48-english.pdf,1408693,6272bfc7087f75b924cf4a43af6d3d9c6ad2e2aaa84ba1cd4c17a077efcb72e5,Epidemiology Unit Weekly Epidemiological Reports -- https://www.epid.gov.lk/storage/post/pdfs/
wer/vol_46_no_49-english.pdf,1453904,02f82d79e19ea4abdec4eaf9d866f8a8210a636572de0e73e9d20d9434fbf329,Epidemiology Unit Weekly Epidemiological Reports -- https://www.epid.gov.lk/storage/post/pdfs/
wer/vol_46_no_50-english.pdf,1440219,b30e728f921f623dd047c9d288cf045a90aeaba61334f17f5835cba8cfe55380,Epidemiology Unit Weekly Epidemiological Reports -- https://www.epid.gov.lk/storage/post/pdfs/
wer/vol_46_no_51-english.pdf,1640972,40598a3bf2668f32cdfea03ceb2afdf3b4a23f10344dd7e638e9e999f5cf6dbd,Epidemiology Unit Weekly Epidemiological Reports -- https://www.epid.gov.lk/storage/post/pdfs/
wer/vol_46_no_52-english.pdf,1628134,d9e530af23553bba06ff43967c7b0d9aff893a5d3031c6a5ec57bf72ba7264c1,Epidemiology Unit Weekly Epidemiological Reports -- https://www.epid.gov.lk/storage/post/pdfs/
wer/vol_47_no_01-english.pdf,1389665,636a760f83af398ebe5f209db254f1f2ce05c2d64618c10ac10aa6f26c98ae35,Epidemiology Unit Weekly Epidemiological Reports -- https://www.epid.gov.lk/storage/post/pdfs/
wer/vol_47_no_02-english.pdf,1880512,513ff31d901df4fd8a0d54be749498e0322e5595c0e2a0df09eb68fbae642347,Epidemiology Unit Weekly Epidemiological Reports -- https://www.epid.gov.lk/storage/post/pdfs/
wer/vol_47_no_03-english.pdf,1429463,c1dc1e389787cdabd87bc463ae1d08c4b2ee3d2d95d19ea0db98d86a1c431ceb,Epidemiology Unit Weekly Epidemiological Reports -- https://www.epid.gov.lk/storage/post/pdfs/
wer/vol_47_no_04-english.pdf,1689245,c493f718316a8007dc30bedee4282c331d3f02ebc39ef7666fecd0d55848fb74,Epidemiology Unit Weekly Epidemiological Reports -- https://www.epid.gov.lk/storage/post/pdfs/
wer/vol_47_no_05-english.pdf,1469164,bfd670884c6d2b7255150ac9732ef63ebcf2cb683c3da83ce15c84f9e9985124,Epidemiology Unit Weekly Epidemiological Reports -- https://www.epid.gov.lk/storage/post/pdfs/
wer/vol_47_no_06-english.pdf,1443015,d7910f5325f46bae3ece8a136ff546119a89bb1c399099940fd92fdf006ed09e,Epidemiology Unit Weekly Epidemiological Reports -- https://www.epid.gov.lk/storage/post/pdfs/
wer/vol_47_no_07-english.pdf,1560856,327d5d84a0697789f2333ab290146f43a45d15c4fb30656d33ea78fe0410bc66,Epidemiology Unit Weekly Epidemiological Reports -- https://www.epid.gov.lk/storage/post/pdfs/
wer/vol_47_no_08-english.pdf,1472444,8c35368b53e3ef259a51e9f80128dba1dc5e290e99c5630cd9ee9b70f3460a67,Epidemiology Unit Weekly Epidemiological Reports -- https://www.epid.gov.lk/storage/post/pdfs/
wer/vol_47_no_09-english.pdf,635264,07000f493851f802ab1d8d20bb8433bc43b0c2fed2d1aa49c80b67b9d8952cb1,Epidemiology Unit Weekly Epidemiological Reports -- https://www.epid.gov.lk/storage/post/pdfs/
wer/vol_47_no_10-english_1.pdf,606460,d367b79b180da4abd30bbb7a3dd91013925c2fe2883dd799df31b689c1d1c31c,Epidemiology Unit Weekly Epidemiological Reports -- https://www.epid.gov.lk/storage/post/pdfs/
wer/vol_47_no_11-english_1.pdf,751997,177291bfcc5bc13beadf1e8039ec0d717a9f6ffa8d18eebfe5c6afbff50a8160,Epidemiology Unit Weekly Epidemiological Reports -- https://www.epid.gov.lk/storage/post/pdfs/
wer/vol_47_no_12-english_1.pdf,677256,0a9e0334bb8f0ea1a0f607da777186599c6e6473389d698ceff8c7f91a65d32a,Epidemiology Unit Weekly Epidemiological Reports -- https://www.epid.gov.lk/storage/post/pdfs/
wer/vol_47_no_13-english_1.pdf,733062,9f019cb76a5042dfde0dbbc15eda2a97f443991cd77f2297f738a881bfa8e5e0,Epidemiology Unit Weekly Epidemiological Reports -- https://www.epid.gov.lk/storage/post/pdfs/
wer/vol_47_no_14-english_1.pdf,664532,985213777be340adc6b758f7cf98278346bda4b741bd6d20d0f385bfc614f435,Epidemiology Unit Weekly Epidemiological Reports -- https://www.epid.gov.lk/storage/post/pdfs/
wer/vol_47_no_15-english_1.pdf,693442,d1596f4a35c3386ea4ab5cb5f0ce144968dbfadcf005fec0ca7022bb42bc3866,Epidemiology Unit Weekly Epidemiological Reports -- https://www.epid.gov.lk/storage/post/pdfs/
wer/vol_47_no_16-english_1.pdf,654738,6ae0ed7dfb60287dffd00e452a77279e4d5273c9c0667a9d08a6c68525256e76,Epidemiology Unit Weekly Epidemiological Reports -- https://www.epid.gov.lk/storage/post/pdfs/
wer/vol_47_no_17-english_1.pdf,752561,2e06c3eb19ca54511d82cc3ac836801e5d143f3ba423737992b07322137cf28b,Epidemiology Unit Weekly Epidemiological Reports -- https://www.epid.gov.lk/storage/post/pdfs/
wer/vol_47_no_18-english_1.pdf,705354,626efd22c1192d7bbc755efffe1d879b5db0d0dba1f0b1b40027b1c6b52dd465,Epidemiology Unit Weekly Epidemiological Reports -- https://www.epid.gov.lk/storage/post/pdfs/
wer/vol_47_no_19-english_1.pdf,613718,3068a2f629490d90c934f5d3649d9ee866fdd50a01e0056cf3d0105695412d02,Epidemiology Unit Weekly Epidemiological Reports -- https://www.epid.gov.lk/storage/post/pdfs/
wer/vol_47_no_20-english_1.pdf,613791,04a63bd045202f8e92ae33aecf71496ea41f92964b8308955d445f9e6741bc42,Epidemiology Unit Weekly Epidemiological Reports -- https://www.epid.gov.lk/storage/post/pdfs/
wer/vol_47_no_21-english_1.pdf,676765,530557a145aef88ef6aae6f1fdee93db948aba066e65b07d55777001654263b2,Epidemiology Unit Weekly Epidemiological Reports -- https://www.epid.gov.lk/storage/post/pdfs/
wer/vol_47_no_22-english_1.pdf,767498,1a320354638ea35fbf16ea6269bc586db36a8740b40f9a08868a2489384eabef,Epidemiology Unit Weekly Epidemiological Reports -- https://www.epid.gov.lk/storage/post/pdfs/
wer/vol_47_no_23-english_1.pdf,659351,980073949d9d15eacfe29903df8aaa1537ce5ecd0a8859c0e14f1b6021ab4b64,Epidemiology Unit Weekly Epidemiological Reports -- https://www.epid.gov.lk/storage/post/pdfs/
wer/vol_47_no_24-english_1.pdf,644235,a028cff4e5fd926ac5c662693446507fcdd0a3bddcdf3f745a202e7e226dba4f,Epidemiology Unit Weekly Epidemiological Reports -- https://www.epid.gov.lk/storage/post/pdfs/
wer/vol_47_no_25-english_1.pdf,642469,8cdcd92098e9087a29c063555a3730d855f52fe0b7549d4517d9017beff6fa1a,Epidemiology Unit Weekly Epidemiological Reports -- https://www.epid.gov.lk/storage/post/pdfs/
wer/vol_47_no_26-english_1.pdf,960422,9328a713ba3d8ca23f0ba3492786243e092ac0dec4c06c2e8431bd72376b7c53,Epidemiology Unit Weekly Epidemiological Reports -- https://www.epid.gov.lk/storage/post/pdfs/
wer/vol_47_no_27-english_1.pdf,704112,f5ad3197f71b3e0c380e7e0383a6f2dae659dd210836f85f2e96245087f0a1c6,Epidemiology Unit Weekly Epidemiological Reports -- https://www.epid.gov.lk/storage/post/pdfs/
wer/vol_47_no_28-english_1.pdf,645998,90722dfbdb1257fa219bc74f51197a7d013d669ca45b5104cb02bc17dd968c74,Epidemiology Unit Weekly Epidemiological Reports -- https://www.epid.gov.lk/storage/post/pdfs/
wer/vol_47_no_29-english_1.pdf,668488,c9d111c55eec07fe1e96b6561c86078479a35391642243844c1cbd3fc448ee75,Epidemiology Unit Weekly Epidemiological Reports -- https://www.epid.gov.lk/storage/post/pdfs/
wer/vol_47_no_30-english_1.pdf,833687,4266ae37f5dc333628f6532490147246db800f9aab3930852029e791e01e09db,Epidemiology Unit Weekly Epidemiological Reports -- https://www.epid.gov.lk/storage/post/pdfs/
wer/vol_47_no_31-english_1.pdf,994332,dee43283567b3456ec6a18d647e559653d3c1fce258eb81c8dc70f8e8fb05a9a,Epidemiology Unit Weekly Epidemiological Reports -- https://www.epid.gov.lk/storage/post/pdfs/
wer/vol_47_no_32-english_1.pdf,767027,9d0a519d5caf844d5dc991e0e54e30ddb8358a620d6c8fd1692fd785b72b2035,Epidemiology Unit Weekly Epidemiological Reports -- https://www.epid.gov.lk/storage/post/pdfs/
wer/vol_47_no_33-english_1.pdf,737798,b80d79b6662619d6011b6a7384ae88fc12cfbad1c0df46f94213bade3c62a903,Epidemiology Unit Weekly Epidemiological Reports -- https://www.epid.gov.lk/storage/post/pdfs/
wer/vol_47_no_34-english_1.pdf,850787,45ea540591ffb40bc18c4a74c178799c42fb187b47abf411121d028f4e850a99,Epidemiology Unit Weekly Epidemiological Reports -- https://www.epid.gov.lk/storage/post/pdfs/
wer/vol_47_no_35-english_1.pdf,885403,dd6154810cb7fc780c57e16a1b43d33d129625bf88b03a159e76bd43c1136984,Epidemiology Unit Weekly Epidemiological Reports -- https://www.epid.gov.lk/storage/post/pdfs/
wer/vol_47_no_36-english_2.pdf,958367,cec840c822e47864388fb84b42bea4b8b326446073cda2ac5b1d024babbe5c63,Epidemiology Unit Weekly Epidemiological Reports -- https://www.epid.gov.lk/storage/post/pdfs/
wer/vol_47_no_37-english_1.pdf,661204,f235e7b0e9ccd33bb417b2a488556926b91bfb1fb2eedb5eb5c3e9ca2317ffd4,Epidemiology Unit Weekly Epidemiological Reports -- https://www.epid.gov.lk/storage/post/pdfs/
wer/vol_47_no_38-english_1.pdf,621540,1f446f6a0c4bf0c8dbf359f353433557d1e446b28fc3c6b0271baa9fdb0c6817,Epidemiology Unit Weekly Epidemiological Reports -- https://www.epid.gov.lk/storage/post/pdfs/
wer/vol_47_no_39-english_1.pdf,718858,13b1f43107d874c108f737aaf8d0d01029129c00256d44b622afd840cb276f12,Epidemiology Unit Weekly Epidemiological Reports -- https://www.epid.gov.lk/storage/post/pdfs/
wer/vol_47_no_40-english_1.pdf,647308,ca2d9c752cfa4ff14c4068bc29fe313fb3b2e09c5d3cb870b749adb6eec3cfd2,Epidemiology Unit Weekly Epidemiological Reports -- https://www.epid.gov.lk/storage/post/pdfs/
wer/vol_47_no_41-english.pdf,666809,ff39bea5b886e3f16d8dbb19c32c9d10ba5998d3f6e165a9a7c08ea88c8a3610,Epidemiology Unit Weekly Epidemiological Reports -- https://www.epid.gov.lk/storage/post/pdfs/
wer/vol_47_no_42-english.pdf,634213,06d13f15e4ddae93113dc106e1d2032c2f36bf49f7fae4f516b6759364018924,Epidemiology Unit Weekly Epidemiological Reports -- https://www.epid.gov.lk/storage/post/pdfs/
wer/vol_47_no_43-english.pdf,678821,24ec753c8678b44ff7b52acfb5067893ba0f053a6a2c73a30a609662dc11e731,Epidemiology Unit Weekly Epidemiological Reports -- https://www.epid.gov.lk/storage/post/pdfs/
wer/vol_47_no_44-english_1.pdf,842944,ba888134a020c85462b42099b766f6e0a66156c3c4ff6fd6f2feed77dd7faf57,Epidemiology Unit Weekly Epidemiological Reports -- https://www.epid.gov.lk/storage/post/pdfs/
wer/vol_47_no_45-english_1.pdf,733565,049f98c750744a81a91f1588acd97d8779e55e30deb2ee689c089d3e8def5058,Epidemiology Unit Weekly Epidemiological Reports -- https://www.epid.gov.lk/storage/post/pdfs/
wer/vol_47_no_46-english_1.pdf,647131,444738062dfe08153b6eedad9dc5950568a38f4a3042a50caafe3220d4668823,Epidemiology Unit Weekly Epidemiological Reports -- https://www.epid.gov.lk/storage/post/pdfs/
wer/vol_47_no_47-english_1.pdf,665093,4f9b022368a4d225eff3d96905c6248aa6c9bec48c2c2fb3063ed8530c5d5017,Epidemiology Unit Weekly Epidemiological Reports -- https://www.epid.gov.lk/storage/post/pdfs/
wer/vol_47_no_48-english_1.pdf,692844,2db2339b3b18d6a34f299607964ca8572a5a24a362394e2fa7b6222452ee3152,Epidemiology Unit Weekly Epidemiological Reports -- https://www.epid.gov.lk/storage/post/pdfs/
wer/vol_47_no_49-english.pdf,649490,7b7fd11f59590deef26bc74c922014682ed07fd35fdaa3eea86901005766e013,Epidemiology Unit Weekly Epidemiological Reports -- https://www.epid.gov.lk/storage/post/pdfs/
wer/vol_47_no_50-english.pdf,762714,d636aa7e3369d38e192cf077c282ab9037c363c40a13d8d584c3c1157cf593f1,Epidemiology Unit Weekly Epidemiological Reports -- https://www.epid.gov.lk/storage/post/pdfs/
wer/vol_47_no_51-english.pdf,709079,dc00291060b2bb1cff8740830316cced7164436e8f4a903f468bc8fb54e253ce,Epidemiology Unit Weekly Epidemiological Reports -- https://www.epid.gov.lk/storage/post/pdfs/
wer/vol_47_no_52-english.pdf,685865,3300cdfb7d4740feb4fdc443f1a06943f9c8fe9cba0582f589269c420b583133,Epidemiology Unit Weekly Epidemiological Reports -- https://www.epid.gov.lk/storage/post/pdfs/
wer/vol_48_no_01-english.pdf,866608,cee41e4c1a7b229c736f6227b8fb374efb9341d05782cc0bcdaffea2fa430939,Epidemiology Unit Weekly Epidemiological Reports -- https://www.epid.gov.lk/storage/post/pdfs/
wer/vol_48_no_01.pdf,866608,cee41e4c1a7b229c736f6227b8fb374efb9341d05782cc0bcdaffea2fa430939,Epidemiology Unit Weekly Epidemiological Reports -- https://www.epid.gov.lk/storage/post/pdfs/
wer/vol_48_no_01_dengue_rows.png,86364,ae00026eb72866d059573b6484680a857b1c93220a3bfb50e482fc70ea718bcc,Epidemiology Unit Weekly Epidemiological Reports -- https://www.epid.gov.lk/storage/post/pdfs/
wer/vol_48_no_02-english_1.pdf,1174084,fdf3bd4882b319b4117b922b2449b6a761f07c5e73ed181d9517a78cffcd72ca,Epidemiology Unit Weekly Epidemiological Reports -- https://www.epid.gov.lk/storage/post/pdfs/
wer/vol_48_no_02.pdf,1174084,fdf3bd4882b319b4117b922b2449b6a761f07c5e73ed181d9517a78cffcd72ca,Epidemiology Unit Weekly Epidemiological Reports -- https://www.epid.gov.lk/storage/post/pdfs/
wer/vol_48_no_02_dengue_rows.png,82261,5df634fa638ef94b00a13e0dac971fc64e17a76abad4bbf79949611555bb7d11,Epidemiology Unit Weekly Epidemiological Reports -- https://www.epid.gov.lk/storage/post/pdfs/
wer/vol_48_no_02_p3.png,351063,f526a0037f2a8aafd775ea813ab8d8694b05206f07d0a3f2bfffa876a23c2548,Epidemiology Unit Weekly Epidemiological Reports -- https://www.epid.gov.lk/storage/post/pdfs/
wer/vol_48_no_03-english_2.pdf,1233407,52f755d7df99b0174e920ef6267367f94d06f1a485a3c8622d33a36101395dd3,Epidemiology Unit Weekly Epidemiological Reports -- https://www.epid.gov.lk/storage/post/pdfs/
wer/vol_48_no_04-english_1.pdf,1012892,f397b898eaf2af43a3bfef6bef714744345fd742a659690238fcb8e8c4240a19,Epidemiology Unit Weekly Epidemiological Reports -- https://www.epid.gov.lk/storage/post/pdfs/
wer/vol_48_no_05-english_2.pdf,909266,b3c9e683f96269fdce1dde5395d9bd72762026dec2760fcfe519ff81684b1859,Epidemiology Unit Weekly Epidemiological Reports -- https://www.epid.gov.lk/storage/post/pdfs/
wer/vol_48_no_06-english.pdf,955191,2675ca02505c7eb9bcc0fae97d9843982b3f2e21d07a3d8accfc462132580ed5,Epidemiology Unit Weekly Epidemiological Reports -- https://www.epid.gov.lk/storage/post/pdfs/
wer/vol_48_no_07-english_2.pdf,1123021,3936f08c98e3e2dafbd9d15ce5eaec45455a8784383f86eb5723d8c1bf27acd1,Epidemiology Unit Weekly Epidemiological Reports -- https://www.epid.gov.lk/storage/post/pdfs/
wer/vol_48_no_08-english_2.pdf,1262583,fe2b666e7cb3e646164ff7ce3f35219bbc29a1643310d8771ab5785d6bb46c2e,Epidemiology Unit Weekly Epidemiological Reports -- https://www.epid.gov.lk/storage/post/pdfs/
wer/vol_48_no_09-english_1.pdf,1104665,2497a97a6caceb1e864ad1d1c4846a7785f1fb8a55173e6da63aeed9c0c93583,Epidemiology Unit Weekly Epidemiological Reports -- https://www.epid.gov.lk/storage/post/pdfs/
wer/vol_48_no_10-english.pdf,926761,049523178aef90b810e47cf9e3b2c29a451ae86e14eddefc39a5a5827e570926,Epidemiology Unit Weekly Epidemiological Reports -- https://www.epid.gov.lk/storage/post/pdfs/
wer/vol_48_no_11-english.pdf,988943,d154fdb432845d769bc7177d94835050c9e0d2aa555bade3e93845857f6b4d89,Epidemiology Unit Weekly Epidemiological Reports -- https://www.epid.gov.lk/storage/post/pdfs/
wer/vol_48_no_12-english.pdf,940358,8c54aec99fea5e8cdca3201bcac63d04fad1bc3acf9e75d79f7e3aa98e5853ce,Epidemiology Unit Weekly Epidemiological Reports -- https://www.epid.gov.lk/storage/post/pdfs/
wer/vol_48_no_13-english_1.pdf,1295831,6a4724ff799cfcd69e1acf591672aee70e887e389cbdce339d43c513278cdd29,Epidemiology Unit Weekly Epidemiological Reports -- https://www.epid.gov.lk/storage/post/pdfs/
wer/vol_48_no_14-english_1.pdf,1347211,aa3303f74cd58c938918832dc8f8ef5ff506ff5f88e987a0569226fb79d8a8ab,Epidemiology Unit Weekly Epidemiological Reports -- https://www.epid.gov.lk/storage/post/pdfs/
wer/vol_48_no_15-english_1.pdf,1349508,a78cb197abecaad5d60697620f2aa848dbf34d65f20ec30100919dc95f092b55,Epidemiology Unit Weekly Epidemiological Reports -- https://www.epid.gov.lk/storage/post/pdfs/
wer/vol_48_no_16-english_1.pdf,945588,15f35d91287a7d9f41de8954199b82dea809b1e2c6e8dd1000fca7bab08ddebd,Epidemiology Unit Weekly Epidemiological Reports -- https://www.epid.gov.lk/storage/post/pdfs/
wer/vol_48_no_17-english_2.pdf,1274554,53301b4758b663a0a4db7316848a0e9a4c25f8cc7101e083fce79ae374808eea,Epidemiology Unit Weekly Epidemiological Reports -- https://www.epid.gov.lk/storage/post/pdfs/
wer/vol_48_no_18-english_1.pdf,1236856,fc38e737256153512fbc12967cd19576455f3891aa728c9dffae06f2ebf19b56,Epidemiology Unit Weekly Epidemiological Reports -- https://www.epid.gov.lk/storage/post/pdfs/
wer/vol_48_no_19-english_2.pdf,1261907,781f621fbcc6352f5063a1a1f34f600d103cba0e5b296f2f03ac58b8c6b3bb28,Epidemiology Unit Weekly Epidemiological Reports -- https://www.epid.gov.lk/storage/post/pdfs/
wer/vol_48_no_20-english.pdf,888322,819f9e06f4b7df8f1ead9db613343ada8c2e6a2baa2098aeb9e6436091c42a9d,Epidemiology Unit Weekly Epidemiological Reports -- https://www.epid.gov.lk/storage/post/pdfs/
wer/vol_48_no_21-english.pdf,919860,be3dc6fb6508e736e2b104021d3437dbc76e18f7b5e41d52f9bdfcd9a714ec84,Epidemiology Unit Weekly Epidemiological Reports -- https://www.epid.gov.lk/storage/post/pdfs/
wer/vol_48_no_22-english_1.pdf,1170452,7ec2fc89f4eeb9656547d5638780e03634fb57713879a68e669968ee9d13f206,Epidemiology Unit Weekly Epidemiological Reports -- https://www.epid.gov.lk/storage/post/pdfs/
wer/vol_48_no_23-english_3.pdf,922599,a672ac0f59181564c7205c6b26627fc83d7b320f62b2ef3fffa4c56790c6306d,Epidemiology Unit Weekly Epidemiological Reports -- https://www.epid.gov.lk/storage/post/pdfs/
wer/vol_48_no_24-english_2.pdf,875147,253363cc73b306a955e52c77471788720dee9a7759ac45f0628e04e05d915681,Epidemiology Unit Weekly Epidemiological Reports -- https://www.epid.gov.lk/storage/post/pdfs/
wer/vol_48_no_25-english_3.pdf,1264173,1d1b2247c56be9c9948376dbeaf9792e83d58537a57cdfd8a4f53db2c6153cea,Epidemiology Unit Weekly Epidemiological Reports -- https://www.epid.gov.lk/storage/post/pdfs/
wer/vol_48_no_26-english_3.pdf,1359493,19f913e03d45a455627cb1ccd2151a3624956a5c0519bfdef192be32db9be2c0,Epidemiology Unit Weekly Epidemiological Reports -- https://www.epid.gov.lk/storage/post/pdfs/
wer/vol_48_no_27-english.pdf,870847,e61f4bfbb15c924459ab936efd88b77e6de48021f22901370b69de51dc8a056e,Epidemiology Unit Weekly Epidemiological Reports -- https://www.epid.gov.lk/storage/post/pdfs/
wer/vol_48_no_28-english.pdf,1201528,6069dfcb843995307335223564c0a644099c57840e82abdef20b221288128445,Epidemiology Unit Weekly Epidemiological Reports -- https://www.epid.gov.lk/storage/post/pdfs/
wer/vol_48_no_29-english.pdf,1289117,36c21a6357741044bd090fb12ada568df340ff02cfd9cdded26be42e45cfb0cd,Epidemiology Unit Weekly Epidemiological Reports -- https://www.epid.gov.lk/storage/post/pdfs/
wer/vol_48_no_30-english.pdf,1413687,b8164f770e02c8f186663c7e34e36c276fc73d38f4c9652184f99ee90518309a,Epidemiology Unit Weekly Epidemiological Reports -- https://www.epid.gov.lk/storage/post/pdfs/
wer/vol_48_no_31-english_1.pdf,1364567,46ad83ba2c0772dec9eaf2230a30e8e5d49c9a86782d6b53016416572e0d949f,Epidemiology Unit Weekly Epidemiological Reports -- https://www.epid.gov.lk/storage/post/pdfs/
wer/vol_48_no_32-english_1.pdf,1375017,6c6fb844985d3a0938e42d423ee7a006c856d4a833026b63eaa4b2dab9793982,Epidemiology Unit Weekly Epidemiological Reports -- https://www.epid.gov.lk/storage/post/pdfs/
wer/vol_48_no_33-english_1.pdf,1297577,c66c5fc620694f3674b8ae1c6bd1caec486adfa93ba2735c02ca27bb20724601,Epidemiology Unit Weekly Epidemiological Reports -- https://www.epid.gov.lk/storage/post/pdfs/
wer/vol_48_no_34-english_1.pdf,1344234,4f7f4e9122fbb31f05c7295a467c5a255dff9b664a736681e47ab5df77febe14,Epidemiology Unit Weekly Epidemiological Reports -- https://www.epid.gov.lk/storage/post/pdfs/
wer/vol_48_no_35-english.pdf,1371382,fbb5ae8dd8c97368b29b33add5fd23be3a7b392bda83f5e69d5a0b6d88927a25,Epidemiology Unit Weekly Epidemiological Reports -- https://www.epid.gov.lk/storage/post/pdfs/
wer/vol_48_no_36-english.pdf,1297566,0dee7890523cadcdd64b7c6eb0d780ad12db876e242002c00ab9b83f6efb49a2,Epidemiology Unit Weekly Epidemiological Reports -- https://www.epid.gov.lk/storage/post/pdfs/
wer/vol_48_no_37-english.pdf,1358074,442c1f3dc461fd9e6915e52cafedd4b12f920d5e6b8fe53531fe487c57b04cb1,Epidemiology Unit Weekly Epidemiological Reports -- https://www.epid.gov.lk/storage/post/pdfs/
wer/vol_48_no_38-english.pdf,1308926,99f1e473653a0442f7a12d892caeee5fa8f94afde2b486184461b404cd95e85b,Epidemiology Unit Weekly Epidemiological Reports -- https://www.epid.gov.lk/storage/post/pdfs/
wer/vol_48_no_39-english.pdf,1333880,9004b6052590593f8f7c676030c56a7b618984d5934d199ab4998b6e9752ab03,Epidemiology Unit Weekly Epidemiological Reports -- https://www.epid.gov.lk/storage/post/pdfs/
wer/vol_48_no_40-english.pdf,1257368,4a2037c83a05cd578f5894dddaeb1cb558c1f2fbed0622f93518b3e7fa22bbfe,Epidemiology Unit Weekly Epidemiological Reports -- https://www.epid.gov.lk/storage/post/pdfs/
wer/vol_48_no_42-english.pdf,1285337,e66a4b34e2dd69ce7ebcbeeec274bb9e4b6f35a8a95ed4e0e5c6bd9ad6e173b0,Epidemiology Unit Weekly Epidemiological Reports -- https://www.epid.gov.lk/storage/post/pdfs/
wer/vol_48_no_44-english.pdf,1646107,cc6af4cccd3a47f02e7fe322194f1205797fdf25574af0ce937b2e22244b72f2,Epidemiology Unit Weekly Epidemiological Reports -- https://www.epid.gov.lk/storage/post/pdfs/
wer/vol_48_no_45-english.pdf,1519636,2b16e151e56017def201cc2677394474b8472c808a65e6cce84ad1a51ab0103b,Epidemiology Unit Weekly Epidemiological Reports -- https://www.epid.gov.lk/storage/post/pdfs/
wer/vol_48_no_46-english.pdf,1680377,58ebe901d9c9838a3894d212f94eb93caf68aa83825fac16010d839d801bd066,Epidemiology Unit Weekly Epidemiological Reports -- https://www.epid.gov.lk/storage/post/pdfs/
wer/vol_48_no_47-english.pdf,1296113,6ec8ea8e68b7028d897756e708f1fb1f9ff15083d26ad01760aed3c7c59044f8,Epidemiology Unit Weekly Epidemiological Reports -- https://www.epid.gov.lk/storage/post/pdfs/
wer/vol_48_no_48-english.pdf,1295241,3341e06154e59ac638b9de3ba532c63b92129183db1a1d0a3b3e506cf9fba6dc,Epidemiology Unit Weekly Epidemiological Reports -- https://www.epid.gov.lk/storage/post/pdfs/
wer/vol_48_no_49-english.pdf,1261189,4771468d11a34ef46a53317358000d8742fdd5c1ed9240540d514302e0bd6778,Epidemiology Unit Weekly Epidemiological Reports -- https://www.epid.gov.lk/storage/post/pdfs/
wer/vol_48_no_50-english.pdf,1578071,8571cc5b8dec6c0e0c7fe5a1003ca85f71204222b181f66acb986778cdb9fc83,Epidemiology Unit Weekly Epidemiological Reports -- https://www.epid.gov.lk/storage/post/pdfs/
wer/vol_48_no_51-english.pdf,1373975,d5e3576fbae452cf539e4607596eee6940b676f0855183736d9740c07f9d8bd6,Epidemiology Unit Weekly Epidemiological Reports -- https://www.epid.gov.lk/storage/post/pdfs/
wer/vol_48_no_52-english.pdf,1180246,4ec570e6bc035720a2434fa5a42196569bc449bcda93dfb87ccd9d0112b60e97,Epidemiology Unit Weekly Epidemiological Reports -- https://www.epid.gov.lk/storage/post/pdfs/
wer/vol_48_no_53-english.pdf,1143076,f4141082fb3f590751c16fb423a658fce892710e025ff2a0bc0e34e82e9e1020,Epidemiology Unit Weekly Epidemiological Reports -- https://www.epid.gov.lk/storage/post/pdfs/
wer/vol_49_no_01-english.pdf,1046774,3c69acd6061bfc3bbda006c3ae4845134ab85939b5f04f0d23bcb93ebceaa6a0,Epidemiology Unit Weekly Epidemiological Reports -- https://www.epid.gov.lk/storage/post/pdfs/
wer/vol_49_no_02-english_2.pdf,1297263,4aa8997dcc93875d40d5276edf433166bc0ebf8c3369fa52837e26f03cf1ae1e,Epidemiology Unit Weekly Epidemiological Reports -- https://www.epid.gov.lk/storage/post/pdfs/
wer/vol_49_no_03-english_2.pdf,1186457,fca83a4aac438aab926dd3e762c6677c612b17acaefdef8a7d64645470994037,Epidemiology Unit Weekly Epidemiological Reports -- https://www.epid.gov.lk/storage/post/pdfs/
wer/vol_49_no_04-english_1.pdf,1118223,da33cab5bd049d7fb3e02bd72c74a7556205e4086d5ca725fe8c3f0c3846b517,Epidemiology Unit Weekly Epidemiological Reports -- https://www.epid.gov.lk/storage/post/pdfs/
wer/vol_49_no_05-english_1.pdf,1132508,ae9d3c5b7606a55fe915b679ddb6a278f3cb8c9116babea52525e46222e493ab,Epidemiology Unit Weekly Epidemiological Reports -- https://www.epid.gov.lk/storage/post/pdfs/
wer/vol_49_no_06-english.pdf,1301335,2bcc6a8d032e08bfbb976ec7b82fd0ba13a1a385d7deeffe84d28bad30644bf1,Epidemiology Unit Weekly Epidemiological Reports -- https://www.epid.gov.lk/storage/post/pdfs/
wer/vol_49_no_07-english.pdf,1268139,640a65857b8be9c2eaa8d6a61ebb465efb18a53fce705f4d8b21e8aa377efda9,Epidemiology Unit Weekly Epidemiological Reports -- https://www.epid.gov.lk/storage/post/pdfs/
wer/vol_49_no_08-english_2.pdf,1664191,76f7277cbaba7cf59c92380c0f4118b213d210cffca3f9970bdeffff9a8840e3,Epidemiology Unit Weekly Epidemiological Reports -- https://www.epid.gov.lk/storage/post/pdfs/
wer/vol_49_no_09-english.pdf,1207265,747c91a246f1bb80f0b83999ba615177f51080a66cdeec2723d70d7421557cd4,Epidemiology Unit Weekly Epidemiological Reports -- https://www.epid.gov.lk/storage/post/pdfs/
wer/vol_49_no_10-english.pdf,1534307,51fd210db83a9ef207d4e0f112c636702566f48c3372a29a71c329504b29742b,Epidemiology Unit Weekly Epidemiological Reports -- https://www.epid.gov.lk/storage/post/pdfs/
wer/vol_49_no_11-english.pdf,1614715,7f3ebe7673967e367db51d192c8d5d97fd557ecb5cfa865ecd5d629b226eac81,Epidemiology Unit Weekly Epidemiological Reports -- https://www.epid.gov.lk/storage/post/pdfs/
wer/vol_49_no_12-english.pdf,1336894,06c8c9f72025e5fe93f70f941c4bca9c0b0d95e54b686b5a70691a6daf643e48,Epidemiology Unit Weekly Epidemiological Reports -- https://www.epid.gov.lk/storage/post/pdfs/
wer/vol_49_no_13-english.pdf,1048320,f4ed6ac73bdde0ca4d318b334f878244448fc3852670c8becb6738e6c590d03e,Epidemiology Unit Weekly Epidemiological Reports -- https://www.epid.gov.lk/storage/post/pdfs/
wer/vol_49_no_14-english.pdf,1119617,96d601c6739112bab7d7a078ff26597d72dc3e061f44776da52174fb3510501f,Epidemiology Unit Weekly Epidemiological Reports -- https://www.epid.gov.lk/storage/post/pdfs/
wer/vol_49_no_15-english_1.pdf,1365629,202d33ac80ce41c665376939c54a892ff241fc0a36abba98da643a1421bf21ed,Epidemiology Unit Weekly Epidemiological Reports -- https://www.epid.gov.lk/storage/post/pdfs/
wer/vol_49_no_16-english_1.pdf,1202469,911faea8016668381632ea45d26b6ee062a4df5a197d58e05ec3731e2905c5ea,Epidemiology Unit Weekly Epidemiological Reports -- https://www.epid.gov.lk/storage/post/pdfs/
wer/vol_49_no_17-english_3.pdf,1494034,21bd4e1c7f107957f3b2d0f24b5e377584da239074936056ff439e96e4828f3f,Epidemiology Unit Weekly Epidemiological Reports -- https://www.epid.gov.lk/storage/post/pdfs/
wer/vol_49_no_18-english_2.pdf,1460586,66fcc9072c69a56822c81d2a3549cbb5db4632fbbe15195388eeaa72695f7e9d,Epidemiology Unit Weekly Epidemiological Reports -- https://www.epid.gov.lk/storage/post/pdfs/
wer/vol_49_no_19-english_2.pdf,1233967,2adaa75a28812766f8663a3ea10a5482649974bc260977074a3f73874e73aa88,Epidemiology Unit Weekly Epidemiological Reports -- https://www.epid.gov.lk/storage/post/pdfs/
wer/vol_49_no_20-english_1.pdf,1309828,77e81ca24dd91c3c10d938e81bcf425b0b1c8172f50abbc1145bcc6ec6c1b51d,Epidemiology Unit Weekly Epidemiological Reports -- https://www.epid.gov.lk/storage/post/pdfs/
wer/vol_49_no_21-english_3.pdf,1683382,beb6370cad647cc99263bf144b2fb90e71599bddbe2e5cae6f29f2b83d9bb3e7,Epidemiology Unit Weekly Epidemiological Reports -- https://www.epid.gov.lk/storage/post/pdfs/
wer/vol_49_no_22-english_1.pdf,1307671,9b9edf83b7a0d5ccc2f96989bad80468ea178d3e1f23d815caace434544cacb5,Epidemiology Unit Weekly Epidemiological Reports -- https://www.epid.gov.lk/storage/post/pdfs/
wer/vol_49_no_23-english_2.pdf,1115517,edd577f60ba98e107f3b752b2213ebaacfa80aad9b4fd3f20643472b286e8a2b,Epidemiology Unit Weekly Epidemiological Reports -- https://www.epid.gov.lk/storage/post/pdfs/
wer/vol_49_no_24-english_1.pdf,1522552,3bc51e86de816bf067f729ed295f5b891856f87e70c3ee7d45bd06da5c74f82e,Epidemiology Unit Weekly Epidemiological Reports -- https://www.epid.gov.lk/storage/post/pdfs/
wer/vol_49_no_25-english_2.pdf,1465601,31a6bfe2d75a90f1630eb219f02155284ef286a778dcba0a4568fa66b2aac779,Epidemiology Unit Weekly Epidemiological Reports -- https://www.epid.gov.lk/storage/post/pdfs/
wer/vol_49_no_26-english_2.pdf,1231995,cbadde8feb6baafb044a750738e649f63abd65b2fb2ce125c46b7118b70bdde2,Epidemiology Unit Weekly Epidemiological Reports -- https://www.epid.gov.lk/storage/post/pdfs/
wer/vol_49_no_27-english.pdf,1271673,0072d1b8748cb9257ad852a610147550266262d2d42ca7329362371fa2e892e5,Epidemiology Unit Weekly Epidemiological Reports -- https://www.epid.gov.lk/storage/post/pdfs/
wer/vol_49_no_28-english_2.pdf,1393698,1f7897ddb8eada569f7dd8cfddc09b5bd80bc7bd23392ce3d13f9bc02bc100f8,Epidemiology Unit Weekly Epidemiological Reports -- https://www.epid.gov.lk/storage/post/pdfs/
wer/vol_49_no_29-english_3.pdf,1462775,48e389cecfa06cdde76154a0a27e7f5e3ad0467e1f3c2b9298d0f69bdcc9743a,Epidemiology Unit Weekly Epidemiological Reports -- https://www.epid.gov.lk/storage/post/pdfs/
wer/vol_49_no_30-english.pdf,1388937,635a77e448606cc8e59ac7c2e3d778617b7c88c736631202b47db0fcea17b6b9,Epidemiology Unit Weekly Epidemiological Reports -- https://www.epid.gov.lk/storage/post/pdfs/
wer/vol_49_no_31-english_1.pdf,1143620,291b62b71f8df79251fdf3a871ff07866f1ec9c28580824125043ce65f3fa9b3,Epidemiology Unit Weekly Epidemiological Reports -- https://www.epid.gov.lk/storage/post/pdfs/
wer/vol_49_no_32-english_1.pdf,1255124,f6c79c4d12370eb7d1006e73105edd99fd4641b4e938350400a4a016007a0086,Epidemiology Unit Weekly Epidemiological Reports -- https://www.epid.gov.lk/storage/post/pdfs/
wer/vol_49_no_33-english_2.pdf,1500576,4fb4a3104c371118e0d153513d9e4c72adfcc0a95b40d8f2e680714477909549,Epidemiology Unit Weekly Epidemiological Reports -- https://www.epid.gov.lk/storage/post/pdfs/
wer/vol_49_no_34-english_2.pdf,1432713,b9c87d287f679218f28e08b1331b512fd6062ff092070b9a1b35cc269b60368a,Epidemiology Unit Weekly Epidemiological Reports -- https://www.epid.gov.lk/storage/post/pdfs/
wer/vol_49_no_35-english_3.pdf,1153369,49959985ac1dfc3adc23c2d2ab4e0f3552ff055f93f8c37ae993f9ca2e243c11,Epidemiology Unit Weekly Epidemiological Reports -- https://www.epid.gov.lk/storage/post/pdfs/
wer/vol_49_no_36-english_1.pdf,1056143,884d6cd92069aeedd3288fe7d682bb872b9ca05c3f88559520cc8550ceed326a,Epidemiology Unit Weekly Epidemiological Reports -- https://www.epid.gov.lk/storage/post/pdfs/
wer/vol_49_no_37-english_1.pdf,1191888,166d01a1ab63ab6aaa8de1e45d81ceba7dfef4b4f448dbbb0928f90577834725,Epidemiology Unit Weekly Epidemiological Reports -- https://www.epid.gov.lk/storage/post/pdfs/
wer/vol_49_no_38-english_1.pdf,1335431,3ea20107a49592f0867543fd44e2d93c3e19d55e766e1cf0ffdb37b6005861c6,Epidemiology Unit Weekly Epidemiological Reports -- https://www.epid.gov.lk/storage/post/pdfs/
wer/vol_49_no_39-english_1.pdf,1410311,160c2123af44e0c7f8cd597bf141bafb5c14e88e7c07535edcdc28ca4e6d8bab,Epidemiology Unit Weekly Epidemiological Reports -- https://www.epid.gov.lk/storage/post/pdfs/
wer/vol_49_no_40-english.pdf,1689755,06dbd7ff9759cc3dc5557e6ad7711b238c8da09315da8454f517cef55bddf39a,Epidemiology Unit Weekly Epidemiological Reports -- https://www.epid.gov.lk/storage/post/pdfs/
wer/vol_49_no_41-english.pdf,1501152,6237870dde16e2914372c67dc2d23c4d62057060c255289cb56d23225184386d,Epidemiology Unit Weekly Epidemiological Reports -- https://www.epid.gov.lk/storage/post/pdfs/
wer/vol_49_no_42-english.pdf,1330574,6304abb8e78f651972da4cc2af2740972aa91ce6d9282ed0e21655f5a5213591,Epidemiology Unit Weekly Epidemiological Reports -- https://www.epid.gov.lk/storage/post/pdfs/
wer/vol_49_no_43-english.pdf,1396126,6a934ed30b4597da219ff6c1a7272c488314abe01f7a51e9c1664d42e20ce37f,Epidemiology Unit Weekly Epidemiological Reports -- https://www.epid.gov.lk/storage/post/pdfs/
